"election","type","srprec","totreg_r","dem","rep","aip","paf","msc","lib","nlp","grn","ref","dcl","male","female","hispdem","hisprep","hispdcl","hispoth","jewdem","jewrep","jewdcl","jewoth","kordem","korrep","kordcl","koroth","jpndem","jpnrep","jpndcl","jpnoth","chidem","chirep","chidcl","chioth","inddem","indrep","inddcl","indoth","vietdem","vietrep","vietdcl","vietoth","fildem","filrep","fildcl","filoth","demmunk","demm1824","demm2534","demm3544","demm4554","demm5564","demm65pl","demfunk","demf1824","demf2534","demf3544","demf4554","demf5564","demf65pl","repmunk","repm1824","repm2534","repm3544","repm4554","repm5564","repm65pl","repfunk","repf1824","repf2534","repf3544","repf4554","repf5564","repf65pl","dclmunk","dclm1824","dclm2534","dclm3544","dclm4554","dclm5564","dclm65pl","dclfunk","dclf1824","dclf2534","dclf3544","dclf4554","dclf5564","dclf65pl","othmunk","othm1824","othm2534","othm3544","othm4554","othm5564","othm65pl","othfunk","othf1824","othf2534","othf3544","othf4554","othf5564","othf65pl","dreg1g","dreg2g","dreg3g","dreg4g","dreg5g","dreg6g","dreg7g","dreg8g","dreg9g","rreg1g","rreg2g","rreg3g","rreg4g","rreg5g","rreg6g","rreg7g","rreg8g","rreg9g","ireg1g","ireg2g","ireg3g","ireg4g","ireg5g","ireg6g","ireg7g","ireg8g","ireg9g","oreg1g","oreg2g","oreg3g","oreg4g","oreg5g","oreg6g","oreg7g","oreg8g","oreg9g"
"s25","voters","ALHA101","45","25","10","0","0","0","0","0","1","0","9","19","26","0","0","0","1","1","0","0","0","0","0","0","0","0","0","0","0","0","0","0","0","0","0","0","0","0","0","0","0","0","2","0","0","0","1","0","1","2","1","4","0","1","0","1","2","3","9","0","0","0","0","1","0","3","0","1","0","0","1","3","1","0","1","0","2","0","1","2","0","0","0","0","1","0","2","0","0","0","0","0","0","0","0","0","0","1","0","0","0","14","4","1","2","1","0","0","0","3","4","2","3","1","0","0","0","0","0","3","0","2","2","0","0","2","0","0","1","0","0","0","0","0","0","0","0"
"s25","voters","ALHA102","12","7","4","0","0","0","0","0","0","0","1","6","6","0","0","0","0","0","0","0","0","0","0","0","0","0","0","0","0","0","0","0","0","0","0","0","0","0","0","0","0","0","0","0","0","0","2","0","0","1","0","1","0","0","0","0","2","0","1","0","0","0","0","1","0","1","0","0","0","0","1","0","1","0","0","0","0","0","0","0","0","0","0","0","0","1","0","0","0","0","0","0","0","0","0","0","0","0","0","0","0","3","3","1","0","0","0","0","0","0","1","0","0","0","0","0","1","0","2","1","0","0","0","0","0","0","0","0","0","0","0","0","0","0","0","0","0"
"s25","voters","ALHA103","8","4","2","0","0","0","0","0","0","0","2","4","4","0","1","0","0","0","0","0","0","0","0","0","0","0","0","0","0","0","0","0","0","0","0","0","0","0","0","0","0","0","0","0","0","0","0","0","0","0","0","2","0","1","0","0","0","0","1","0","0","0","0","0","0","1","0","0","0","0","1","0","0","0","0","0","0","1","0","0","0","0","0","0","1","0","0","0","0","0","0","0","0","0","0","0","0","0","0","0","0","2","1","0","1","0","0","0","0","0","1","0","0","0","0","0","0","0","1","2","0","0","0","0","0","0","0","0","0","0","0","0","0","0","0","0","0"
"s25","voters","ALHA104","51","28","10","3","0","1","0","0","0","0","9","27","24","2","0","0","0","0","3","0","0","0","0","0","0","1","0","0","0","0","0","0","0","2","0","0","0","0","0","0","0","0","0","0","0","0","1","0","2","1","3","5","0","0","0","3","2","4","7","0","0","1","1","2","0","1","0","0","1","1","1","1","1","0","0","1","0","1","2","2","0","0","1","0","1","0","1","0","0","1","0","1","1","1","0","0","0","0","0","0","0","12","3","5","3","0","0","0","1","4","5","2","3","0","0","0","0","0","0","4","1","4","0","0","0","0","0","0","3","1","0","0","0","0","0","0","0"
"s25","voters","ALHA105","109","61","29","1","0","0","2","0","2","0","14","46","63","0","2","2","0","4","1","0","0","0","0","0","0","1","0","0","0","0","0","0","0","1","0","0","0","0","0","0","0","0","0","0","0","0","0","2","3","2","2","13","1","0","5","3","4","3","23","1","1","1","2","1","2","5","0","0","0","3","0","3","10","0","1","2","2","0","3","1","0","0","2","0","0","1","2","0","0","2","0","0","0","0","0","0","0","0","0","0","3","30","9","8","2","3","0","0","0","9","14","1","6","0","0","1","0","0","7","6","4","2","1","0","0","0","0","1","5","0","0","0","0","0","0","0","0"
"s25","voters","ALHA106","203","93","73","7","0","0","1","0","2","0","27","102","101","9","7","2","0","2","0","0","1","0","0","0","0","2","0","0","0","0","0","0","0","1","0","0","0","0","0","0","0","1","0","0","0","0","3","3","4","4","12","18","0","1","4","6","8","11","19","1","4","2","4","5","3","17","2","1","3","0","4","9","18","0","2","3","0","2","5","5","0","2","2","1","0","2","3","0","0","0","1","0","3","1","0","0","0","3","0","1","1","48","9","14","3","3","1","3","0","12","42","12","6","1","1","0","0","1","10","13","4","4","4","0","0","0","0","2","5","3","0","0","1","0","0","0","1"
"s25","voters","ALHA107","28","18","6","2","0","0","0","0","0","0","2","13","15","1","0","0","0","0","0","1","0","0","0","0","0","0","1","0","0","0","0","0","0","0","0","0","0","0","0","0","0","0","0","0","0","0","1","0","1","3","1","1","0","0","1","1","3","5","1","0","0","0","1","0","0","2","0","0","0","0","0","2","1","0","0","0","0","0","0","1","0","0","0","0","0","0","1","0","1","0","0","0","1","0","0","0","0","0","0","0","0","7","6","3","0","0","0","1","0","1","4","1","1","0","0","0","0","0","0","1","0","0","0","0","1","0","0","0","0","0","1","1","0","0","0","0","0"
"s25","voters","ALHA108","42","17","17","2","0","0","1","0","0","0","5","21","21","2","2","0","0","0","3","0","0","0","0","0","0","0","0","0","0","0","0","0","0","0","0","0","0","0","0","0","0","0","0","0","0","0","0","0","0","1","1","1","0","1","2","1","2","1","7","0","1","2","1","1","2","5","0","0","0","1","0","1","3","0","0","1","1","1","0","1","0","0","0","1","0","0","0","0","0","0","0","1","0","1","0","0","0","0","0","0","1","11","1","2","1","0","0","0","0","2","11","2","2","0","1","0","0","0","1","2","2","0","1","0","0","0","0","0","2","1","0","0","0","0","0","0","0"
"s25","voters","ALHA109","30","16","8","2","0","0","0","0","0","0","4","16","14","1","0","0","0","0","0","0","0","0","0","0","0","0","0","0","0","1","0","1","0","0","0","0","0","0","0","0","0","0","0","0","0","0","1","2","1","0","0","2","0","1","0","2","1","4","2","0","0","0","0","0","3","3","0","0","0","1","0","0","1","0","0","0","1","1","0","1","0","0","0","0","0","0","1","0","0","0","0","0","0","1","0","0","0","0","0","0","1","8","2","2","1","0","0","0","0","3","5","2","0","0","0","0","0","0","1","0","1","1","0","0","0","1","0","1","2","0","0","0","0","0","0","0","0"
"s25","voters","ALHA110","26","6","12","2","0","0","0","0","0","0","6","13","13","0","1","3","0","0","0","0","0","0","0","0","0","0","0","0","0","0","0","0","0","0","0","0","0","0","0","0","0","2","0","0","0","0","0","0","0","0","0","3","0","0","0","0","0","1","2","0","3","0","0","1","3","0","0","1","0","0","1","3","0","0","1","0","0","0","2","0","0","0","0","1","1","1","0","0","0","0","0","0","0","0","0","1","1","0","0","0","0","4","1","0","0","0","0","0","1","0","7","1","0","1","1","0","0","0","2","0","1","3","0","0","0","0","0","2","2","0","0","0","0","0","0","0","0"
"s25","voters","ALHA111","157","70","51","10","1","0","2","0","0","0","23","74","83","12","1","3","2","1","2","0","0","0","0","0","0","1","0","1","0","0","0","0","0","0","0","0","0","0","0","0","0","1","0","0","0","0","0","2","4","4","4","16","0","1","2","5","4","6","22","0","1","0","1","3","6","16","1","1","1","2","2","3","14","0","1","1","2","3","2","2","0","0","0","3","2","4","3","0","1","1","0","0","2","2","0","0","0","1","0","5","1","35","11","11","1","2","1","0","0","9","26","7","6","2","4","0","0","0","6","10","6","4","0","0","0","0","0","3","4","6","2","0","0","0","1","0","0"
"s25","voters","ALHA112","14","6","4","2","0","0","0","0","0","0","2","5","9","1","0","0","0","0","0","0","0","0","0","0","0","0","0","0","0","0","0","0","0","0","0","0","0","0","0","0","0","0","0","0","0","0","0","0","1","0","0","0","0","1","0","1","1","0","2","0","0","0","0","1","0","1","0","0","0","0","1","1","0","0","0","0","0","0","1","0","0","0","1","0","0","0","0","0","0","0","0","0","0","1","0","0","0","0","0","1","0","3","0","1","0","1","0","0","0","1","4","0","0","0","0","0","0","0","0","2","0","0","0","0","0","0","0","0","1","0","0","1","0","0","0","0","0"
"s25","voters","ALHA802","0","0","0","0","0","0","0","0","0","0","0","0","0","0","0","0","0","0","0","0","0","0","0","0","0","0","0","0","0","0","0","0","0","0","0","0","0","0","0","0","0","0","0","0","0","0","0","0","0","0","0","0","0","0","0","0","0","0","0","0","0","0","0","0","0","0","0","0","0","0","0","0","0","0","0","0","0","0","0","0","0","0","0","0","0","0","0","0","0","0","0","0","0","0","0","0","0","0","0","0","0","0","0","0","0","0","0","0","0","0","0","0","0","0","0","0","0","0","0","0","0","0","0","0","0","0","0","0","0","0","0","0","0","0","0","0","0"
"s25","voters","ALHA803","1","0","1","0","0","0","0","0","0","0","0","1","0","0","0","0","0","0","0","0","0","0","0","0","0","0","0","0","0","0","0","0","0","0","0","0","0","0","0","0","0","0","0","0","0","0","0","0","0","0","0","0","0","0","0","0","0","0","0","0","0","0","0","0","0","1","0","0","0","0","0","0","0","0","0","0","0","0","0","0","0","0","0","0","0","0","0","0","0","0","0","0","0","0","0","0","0","0","0","0","0","0","0","0","0","0","0","0","0","0","0","1","0","0","0","0","0","0","0","0","0","0","0","0","0","0","0","0","0","0","0","0","0","0","0","0","0"
"s25","voters","ALHA804","3","2","0","1","0","0","0","0","0","0","0","1","2","0","0","0","0","0","0","0","0","0","0","0","0","0","0","0","0","0","0","0","0","0","0","0","0","0","0","0","0","0","0","0","0","0","0","0","0","0","0","1","0","0","0","1","0","0","0","0","0","0","0","0","0","0","0","0","0","0","0","0","0","0","0","0","0","0","0","0","0","0","0","0","0","0","0","0","0","0","0","0","0","0","0","0","0","0","0","0","1","2","0","0","0","0","0","0","0","0","0","0","0","0","0","0","0","0","0","0","0","0","0","0","0","0","0","0","0","1","0","0","0","0","0","0","0"
"s25","voters","ALHA805","8","8","0","0","0","0","0","0","0","0","0","4","4","0","0","0","0","0","0","0","0","0","0","0","0","0","0","0","0","0","0","0","0","1","0","0","0","0","0","0","0","0","0","0","0","0","0","1","1","0","1","1","0","0","1","0","0","0","3","0","0","0","0","0","0","0","0","0","0","0","0","0","0","0","0","0","0","0","0","0","0","0","0","0","0","0","0","0","0","0","0","0","0","0","0","0","0","0","0","0","0","6","0","0","0","0","0","0","0","2","0","0","0","0","0","0","0","0","0","0","0","0","0","0","0","0","0","0","0","0","0","0","0","0","0","0","0"
"s25","voters","ALHA807","3","1","2","0","0","0","0","0","0","0","0","2","1","0","0","0","0","0","0","0","0","0","0","0","0","0","0","0","0","0","0","0","0","0","0","0","0","0","0","0","0","0","0","0","0","0","0","0","0","0","1","0","0","0","0","0","0","0","0","0","0","0","0","0","0","1","0","0","0","0","0","0","1","0","0","0","0","0","0","0","0","0","0","0","0","0","0","0","0","0","0","0","0","0","0","0","0","0","0","0","0","1","0","0","0","0","0","0","0","0","0","2","0","0","0","0","0","0","0","0","0","0","0","0","0","0","0","0","0","0","0","0","0","0","0","0","0"
"s25","voters","ALHA808","6","1","2","0","0","0","2","0","0","0","1","3","3","0","0","0","0","0","0","0","0","0","0","0","0","0","0","0","0","0","0","0","0","0","0","0","0","0","0","0","0","0","0","0","0","0","0","1","0","0","0","0","0","0","0","0","0","0","0","0","0","0","0","0","0","1","0","0","0","0","0","1","0","0","0","0","0","0","0","0","0","0","0","1","0","0","0","0","0","0","1","0","0","0","0","0","1","0","0","0","0","1","0","0","0","0","0","0","0","0","1","0","0","0","0","0","0","0","1","0","0","0","0","1","0","0","0","0","1","1","0","0","0","0","0","0","0"
"s25","voters","ALHA809","3","0","3","0","0","0","0","0","0","0","0","2","1","0","0","0","0","0","0","0","0","0","0","0","0","0","0","0","0","0","0","0","0","0","0","0","0","0","0","0","0","0","0","0","0","0","0","0","0","0","0","0","0","0","0","0","0","0","0","0","0","1","0","0","0","1","0","0","0","0","0","1","0","0","0","0","0","0","0","0","0","0","0","0","0","0","0","0","0","0","0","0","0","0","0","0","0","0","0","0","0","0","0","0","0","0","0","0","0","0","3","0","0","0","0","0","0","0","0","0","0","0","0","0","0","0","0","0","0","0","0","0","0","0","0","0","0"
"s25","voters","ALHA810","2","2","0","0","0","0","0","0","0","0","0","1","1","0","0","0","0","0","0","0","0","0","0","0","0","0","0","0","0","0","0","0","0","0","0","0","0","0","0","0","0","0","0","0","0","0","0","0","0","0","0","1","0","0","0","0","0","0","1","0","0","0","0","0","0","0","0","0","0","0","0","0","0","0","0","0","0","0","0","0","0","0","0","0","0","0","0","0","0","0","0","0","0","0","0","0","0","0","0","0","0","1","0","0","1","0","0","0","0","0","0","0","0","0","0","0","0","0","0","0","0","0","0","0","0","0","0","0","0","0","0","0","0","0","0","0","0"
"s25","voters","ALHA811","4","2","0","0","0","0","1","0","0","0","1","3","1","0","0","0","0","0","0","0","0","0","0","0","0","0","0","0","0","0","0","0","0","0","0","0","0","0","0","0","0","0","0","0","0","0","1","0","0","0","0","0","0","0","0","0","0","1","0","0","0","0","0","0","0","0","0","0","0","0","0","0","0","0","0","0","0","0","1","0","0","0","0","0","0","0","0","0","1","0","0","0","0","0","0","0","0","0","0","0","0","0","1","0","0","0","0","0","0","1","0","0","0","0","0","0","0","0","0","0","0","1","0","0","0","0","0","0","1","0","0","0","0","0","0","0","0"
"s25","voters","ALHA813","10","4","2","0","0","0","1","0","0","0","3","6","4","0","0","0","0","0","0","0","0","1","0","0","0","0","0","0","0","0","0","0","0","0","0","0","0","0","0","0","0","0","0","0","0","0","0","0","0","0","0","2","0","0","0","0","0","1","1","0","0","0","0","0","1","0","0","0","0","0","0","1","0","0","0","0","0","0","0","2","0","0","0","0","0","1","0","0","0","0","0","0","1","0","0","0","0","0","0","0","0","0","1","0","0","0","0","0","0","3","0","0","0","0","0","0","0","0","2","1","0","1","1","0","0","0","0","0","1","0","0","0","0","0","0","0","0"
"s25","voters","ALMO101","47","22","11","3","0","1","1","0","0","0","9","23","24","0","0","0","0","0","0","0","0","0","3","0","0","0","0","0","0","3","2","0","1","1","0","2","0","0","0","0","0","0","0","0","0","0","0","0","2","1","3","4","0","1","1","3","2","1","4","0","2","1","0","1","0","2","0","1","0","0","1","0","3","0","0","0","1","1","1","2","0","0","0","0","1","0","3","1","1","0","0","0","0","0","0","1","0","0","2","0","0","14","0","4","0","3","0","0","0","1","7","0","2","0","0","0","1","0","1","4","2","2","0","0","0","0","0","1","5","0","0","0","0","0","0","0","0"
"s25","voters","ALMO102","820","329","303","43","0","2","5","0","0","0","138","392","428","7","14","3","0","38","15","15","5","0","0","2","0","11","4","1","1","9","5","10","1","6","0","1","3","1","1","1","0","3","0","3","0","0","7","4","12","23","17","68","0","9","6","23","29","40","91","1","6","6","13","12","30","94","0","3","3","13","11","26","85","1","5","2","8","10","15","33","1","8","2","6","10","11","26","0","1","1","2","1","7","13","0","2","0","4","4","3","12","193","48","44","11","3","3","1","2","24","143","47","26","9","5","1","1","3","68","87","19","10","7","3","2","1","0","9","28","13","4","1","0","0","1","1","2"
"s25","voters","ALMO103","49","15","25","2","0","0","0","0","0","0","7","25","24","0","0","0","0","0","0","1","0","0","0","0","0","0","0","0","0","1","0","1","0","0","0","2","0","0","0","1","0","0","0","0","0","0","0","1","0","2","0","5","0","0","0","1","1","2","3","0","0","1","1","0","1","9","0","0","0","1","0","2","10","1","0","0","0","1","1","1","0","0","0","1","1","0","1","0","0","0","0","0","0","1","0","0","0","0","0","0","1","8","5","2","0","0","0","0","0","0","14","3","0","0","0","1","0","0","7","6","1","0","0","0","0","0","0","0","1","0","0","1","0","0","0","0","0"
"s25","voters","ALMO104","605","318","145","30","0","4","8","0","4","0","96","282","323","22","5","4","2","32","8","5","3","0","0","1","0","1","1","1","0","3","4","3","1","8","3","3","0","1","0","0","0","3","0","0","0","2","8","11","11","19","20","53","2","12","12","19","38","40","71","0","1","0","9","10","12","40","0","2","3","10","9","18","31","1","5","2","11","13","9","21","1","2","1","7","9","4","10","0","3","0","6","4","4","7","0","2","0","2","1","7","10","172","49","29","11","11","1","3","4","38","73","27","13","0","6","0","2","0","24","51","17","6","9","0","1","3","1","8","28","6","4","2","0","0","3","0","3"
"s25","voters","ALMO105","948","342","385","57","0","2","5","0","0","0","157","463","485","14","12","4","4","26","23","4","3","0","1","0","0","1","2","0","0","28","12","20","2","10","1","10","3","3","0","1","0","2","2","2","0","0","12","13","9","20","34","58","1","10","11","19","24","36","95","0","13","6","10","22","43","96","0","8","7","14","27","43","96","1","10","6","7","19","15","36","0","4","2","6","12","9","30","0","1","3","1","2","13","13","0","3","2","1","2","9","14","195","58","35","8","6","2","2","3","33","191","55","42","19","7","5","2","4","60","88","19","22","11","0","0","3","2","12","37","11","11","1","0","2","2","0","0"
"s25","voters","ALMO106","385","149","134","13","0","4","2","0","1","0","82","195","190","7","8","2","3","13","9","4","1","2","3","0","1","0","0","1","0","9","5","2","0","8","1","8","1","1","0","1","0","0","0","0","0","0","2","5","8","6","13","25","1","6","6","8","19","21","29","0","4","1","5","11","18","36","0","4","1","7","11","13","23","0","5","7","2","10","8","21","0","1","4","1","4","8","11","0","1","3","0","0","3","1","1","1","0","1","1","3","5","85","22","15","4","2","1","5","1","14","57","26","21","4","2","0","2","0","22","32","18","15","5","2","0","2","1","7","14","0","2","1","0","0","1","0","2"
"s25","voters","ALMO107","540","284","150","13","0","1","5","0","1","1","85","263","277","22","4","4","1","14","10","5","2","2","0","0","0","2","0","1","0","6","4","5","0","7","1","2","0","0","1","0","0","5","0","0","0","0","4","7","18","18","24","49","1","10","14","24","22","24","69","0","5","5","5","8","19","41","0","0","1","4","8","20","34","0","2","3","7","13","7","15","0","5","0","6","11","6","10","0","2","1","3","2","2","3","0","0","1","2","1","1","3","151","56","28","10","4","3","2","1","29","77","18","18","5","2","0","0","4","26","38","17","14","7","2","0","1","3","3","11","4","2","2","0","0","0","0","2"
"s25","voters","ALMO108","2023","802","713","83","3","4","15","0","3","1","399","1020","1003","45","33","23","3","46","50","16","7","9","8","4","1","9","0","0","0","48","32","50","1","21","8","14","1","9","0","1","0","9","10","2","0","2","19","28","40","53","52","145","6","25","25","64","70","89","184","3","21","17","35","57","87","164","1","19","16","27","51","85","130","3","20","15","30","29","56","88","3","5","16","15","32","39","48","0","3","5","8","8","7","25","2","3","4","6","7","13","18","428","138","100","23","19","7","6","2","79","365","97","79","23","16","6","6","6","115","229","46","54","23","10","3","6","5","23","69","18","10","2","1","0","2","2","5"
"s25","voters","ALMO109","715","269","251","52","0","0","6","0","0","0","137","356","359","5","11","5","2","28","11","6","1","0","1","2","0","6","3","2","1","6","8","8","1","10","10","8","2","1","0","0","0","0","1","1","1","0","6","10","14","14","24","40","1","11","9","20","26","33","61","0","6","9","11","27","33","53","2","1","5","8","16","32","48","2","10","0","6","20","18","23","2","8","3","4","9","15","17","0","0","2","2","3","8","15","2","1","1","2","6","2","14","148","49","35","7","6","1","0","1","22","129","37","24","11","9","0","2","0","39","81","12","18","11","2","1","0","2","10","35","11","6","1","1","1","0","0","3"
"s25","voters","ALMO110","1840","773","654","79","0","7","16","0","3","0","308","892","948","43","15","12","2","53","42","12","1","5","2","1","1","5","1","2","0","29","7","14","0","16","5","3","0","3","0","4","1","4","3","3","1","1","25","28","38","34","59","125","2","32","37","49","63","99","181","2","37","16","17","49","90","144","1","14","14","26","52","79","113","2","20","9","21","45","33","46","0","11","10","9","33","35","34","0","1","6","8","4","13","19","3","4","5","10","9","10","13","428","129","95","20","16","5","12","8","60","342","108","57","21","15","6","7","7","91","160","48","38","16","11","1","5","1","28","65","26","12","0","0","0","2","0","0"
"s25","voters","ALMO111","525","222","185","24","0","2","4","0","1","0","87","256","269","11","5","3","3","13","5","2","3","2","0","1","0","1","0","1","0","7","9","7","0","1","1","0","0","0","0","1","0","1","0","3","0","0","5","4","12","13","14","37","1","13","3","16","23","30","51","0","8","6","10","12","19","41","0","6","8","8","13","21","33","0","3","3","6","11","15","17","1","5","2","4","4","9","7","0","4","1","3","5","4","3","0","0","0","1","4","4","2","117","41","33","5","2","0","2","1","21","92","29","18","10","4","5","0","2","25","54","10","10","4","0","0","2","1","6","22","2","4","0","0","1","0","0","2"
"s25","voters","ALMO801","2","1","1","0","0","0","0","0","0","0","0","1","1","1","0","0","0","0","0","0","0","0","0","0","0","0","0","0","0","0","0","0","0","0","0","0","0","0","0","0","0","0","0","0","0","0","0","0","0","0","0","0","0","0","0","1","0","0","0","0","0","0","1","0","0","0","0","0","0","0","0","0","0","0","0","0","0","0","0","0","0","0","0","0","0","0","0","0","0","0","0","0","0","0","0","0","0","0","0","0","0","1","0","0","0","0","0","0","0","0","1","0","0","0","0","0","0","0","0","0","0","0","0","0","0","0","0","0","0","0","0","0","0","0","0","0","0"
"s25","voters","ALMO802","3","2","1","0","0","0","0","0","0","0","0","2","1","0","0","0","0","0","0","0","0","0","0","0","0","0","0","0","0","0","0","0","0","0","0","0","0","0","0","0","0","0","0","0","0","0","0","0","0","0","1","0","0","0","0","0","0","0","1","0","0","0","0","0","0","1","0","0","0","0","0","0","0","0","0","0","0","0","0","0","0","0","0","0","0","0","0","0","0","0","0","0","0","0","0","0","0","0","0","0","0","2","0","0","0","0","0","0","0","0","0","0","0","1","0","0","0","0","0","0","0","0","0","0","0","0","0","0","0","0","0","0","0","0","0","0","0"
"s25","voters","ALMO803","4","0","2","0","0","0","0","0","0","0","2","2","2","0","0","0","0","0","0","0","0","0","0","0","0","0","0","0","0","0","0","0","0","0","0","0","0","0","0","0","0","0","0","0","0","0","0","0","0","0","0","0","0","0","0","0","0","0","0","0","0","0","0","0","0","1","0","0","0","0","0","0","1","0","0","0","0","0","0","1","0","0","0","0","0","0","1","0","0","0","0","0","0","0","0","0","0","0","0","0","0","0","0","0","0","0","0","0","0","0","1","1","0","0","0","0","0","0","0","0","1","1","0","0","0","0","0","0","0","0","0","0","0","0","0","0","0"
"s25","voters","ALMO804","5","0","3","2","0","0","0","0","0","0","0","2","3","0","0","0","0","0","0","0","0","0","0","0","0","0","0","0","0","0","0","0","0","0","0","0","0","0","0","0","0","0","0","0","0","0","0","0","0","0","0","0","0","0","0","0","0","0","0","0","0","0","0","0","0","2","0","0","0","0","0","0","1","0","0","0","0","0","0","0","0","0","0","0","0","0","0","0","0","0","0","0","0","0","0","0","0","0","1","0","1","0","0","0","0","0","0","0","0","0","0","0","0","0","0","0","2","0","1","0","0","0","0","0","0","0","0","0","0","0","0","1","0","0","0","0","1"
"s25","voters","ALMO805","6","3","2","0","0","0","0","0","0","0","1","3","3","1","0","1","0","1","0","0","0","0","0","0","0","0","0","0","0","0","0","0","0","0","0","0","0","0","0","0","0","0","0","0","0","0","0","0","1","0","0","0","0","0","0","2","0","0","0","0","0","0","0","1","0","0","0","0","0","0","1","0","0","0","0","0","0","1","0","0","0","0","0","0","0","0","0","0","0","0","0","0","0","0","0","0","0","0","0","0","0","3","0","0","0","0","0","0","0","0","2","0","0","0","0","0","0","0","0","0","1","0","0","0","0","0","0","0","0","0","0","0","0","0","0","0","0"
"s25","voters","ALMO806","0","0","0","0","0","0","0","0","0","0","0","0","0","0","0","0","0","0","0","0","0","0","0","0","0","0","0","0","0","0","0","0","0","0","0","0","0","0","0","0","0","0","0","0","0","0","0","0","0","0","0","0","0","0","0","0","0","0","0","0","0","0","0","0","0","0","0","0","0","0","0","0","0","0","0","0","0","0","0","0","0","0","0","0","0","0","0","0","0","0","0","0","0","0","0","0","0","0","0","0","0","0","0","0","0","0","0","0","0","0","0","0","0","0","0","0","0","0","0","0","0","0","0","0","0","0","0","0","0","0","0","0","0","0","0","0","0"
"s25","voters","ANTI101","604","340","155","27","1","1","3","0","2","0","75","262","342","88","22","29","7","6","10","1","1","1","0","0","0","0","0","0","0","5","0","2","0","0","0","0","0","1","0","2","0","7","1","0","2","1","11","15","15","19","18","45","0","22","21","29","26","34","84","0","1","4","10","12","20","37","0","2","3","5","11","18","32","0","4","7","2","3","7","12","1","1","9","8","10","6","5","1","1","2","7","1","3","4","0","0","3","3","1","0","8","191","59","44","7","4","1","5","2","27","76","25","25","4","1","0","2","1","21","43","11","4","4","4","1","0","2","6","24","3","3","2","0","2","0","0","0"
"s25","voters","ANTI102","51","28","10","2","0","0","0","0","1","0","10","16","35","3","2","0","0","2","0","2","0","0","0","0","0","0","0","0","0","0","0","0","0","0","0","0","0","0","0","0","0","0","1","0","0","0","0","2","1","2","0","2","0","2","3","3","3","4","6","0","0","0","0","1","2","1","0","0","1","3","0","0","2","0","0","0","2","1","0","1","0","0","1","1","3","0","1","0","0","0","1","0","0","0","0","0","1","0","1","0","0","18","7","1","1","0","0","1","0","0","7","1","1","0","0","0","0","0","1","6","1","1","1","0","0","0","0","1","3","0","0","0","0","0","0","0","0"
"s25","voters","ANTI103","434","247","73","22","5","4","1","1","2","0","79","206","228","77","9","23","7","4","0","1","0","0","0","0","0","0","0","0","2","0","2","2","0","11","2","4","0","4","2","1","0","8","5","7","0","2","10","9","9","16","30","36","4","9","16","16","16","34","40","0","2","1","3","6","13","15","1","0","0","6","7","5","14","0","4","2","2","9","9","10","1","7","6","1","8","10","10","1","3","2","1","0","6","5","0","2","1","3","5","5","1","150","38","29","7","3","1","3","2","14","42","9","10","3","1","0","1","0","7","45","8","7","7","0","0","2","0","10","26","8","0","1","0","0","0","0","0"
"s25","voters","ANTI104","100","46","32","5","0","0","1","0","0","0","16","44","56","14","3","6","0","1","0","1","1","0","0","0","0","0","0","0","0","0","0","0","0","0","0","0","0","0","0","0","0","3","0","1","0","1","1","3","0","6","3","4","0","5","3","0","3","9","8","0","0","2","2","1","1","11","0","1","1","1","2","1","9","0","1","0","2","2","2","0","1","1","1","2","2","2","0","0","0","0","0","0","0","2","0","0","1","1","0","0","2","25","4","4","3","1","1","1","0","7","17","4","7","0","1","0","0","0","3","7","2","3","0","1","0","1","1","1","3","1","1","1","0","0","0","0","0"
"s25","voters","ANTI105","53","34","13","2","0","0","0","0","0","0","4","24","29","13","3","1","1","0","3","0","0","0","0","0","0","0","0","0","0","0","0","0","0","0","0","0","0","0","0","0","0","1","0","0","0","0","0","0","1","2","2","8","0","2","2","2","2","3","10","0","0","0","0","1","2","5","0","0","0","0","1","1","3","0","0","0","1","1","0","0","0","0","1","0","0","1","0","0","0","0","0","0","1","0","0","0","0","0","1","0","0","17","4","3","0","1","0","2","0","7","7","3","2","1","0","0","0","0","0","2","1","1","0","0","0","0","0","0","2","0","0","0","0","0","0","0","0"
"s25","voters","ANTI106","31","27","1","0","0","0","0","0","0","0","3","13","18","2","0","0","0","0","0","1","0","0","0","0","0","0","0","0","0","0","0","0","0","0","0","0","0","0","0","0","0","0","0","0","0","0","0","0","0","0","0","11","0","0","0","0","1","4","11","0","0","0","0","0","1","0","0","0","0","0","0","0","0","0","0","0","0","0","0","1","0","0","0","0","0","2","0","0","0","0","0","0","0","0","0","0","0","0","0","0","0","17","5","2","3","0","0","0","0","0","1","0","0","0","0","0","0","0","0","2","0","0","1","0","0","0","0","0","0","0","0","0","0","0","0","0","0"
"s25","voters","ANTI107","138","79","33","7","0","2","1","0","0","0","16","62","76","17","7","4","0","1","0","0","0","0","0","0","0","1","0","0","0","2","2","1","0","1","0","0","0","0","0","0","0","0","0","0","0","0","0","5","4","4","6","12","0","2","6","9","7","8","16","0","1","0","1","4","1","8","0","2","1","1","2","4","8","0","1","1","0","1","4","1","0","1","2","1","1","1","2","0","0","2","0","0","0","6","0","0","1","0","0","0","1","34","16","11","6","5","0","1","0","6","23","3","1","0","0","0","0","0","6","12","0","1","1","1","0","0","0","1","7","2","1","0","0","0","0","0","0"
"s25","voters","ANTI108","512","285","106","23","3","6","1","0","2","0","86","204","308","110","16","34","12","1","2","0","0","0","0","0","0","0","0","0","0","7","2","0","0","3","0","0","0","0","0","1","1","3","1","2","1","0","9","8","8","17","20","39","3","31","24","20","25","27","54","0","2","10","4","7","11","21","0","4","1","5","7","9","25","0","12","2","6","3","6","4","1","11","9","8","11","7","6","0","2","2","2","1","6","2","3","1","4","2","4","4","2","147","46","49","10","6","0","0","1","26","59","18","14","2","1","0","2","0","10","58","13","4","3","2","0","0","0","6","22","7","1","2","1","0","1","0","1"
"s25","voters","ANTI109","193","101","46","14","0","1","2","0","0","0","29","87","106","21","10","0","2","5","2","2","0","0","0","0","0","0","0","0","0","0","0","0","0","0","1","2","1","0","1","0","0","5","1","2","0","0","4","5","6","3","4","19","1","1","7","8","5","7","31","1","0","0","0","4","4","12","0","1","1","3","5","1","14","0","2","2","2","5","2","3","0","1","3","1","3","1","4","0","1","1","2","0","0","5","0","2","1","0","0","2","3","46","16","19","3","2","2","1","1","11","25","7","4","1","3","0","0","0","6","19","4","2","2","0","0","0","1","1","10","3","2","0","2","0","0","0","0"
"s25","voters","ANTI110","529","300","109","28","0","1","2","0","6","0","83","230","299","66","32","22","5","3","0","0","0","0","0","0","0","2","1","0","0","8","1","5","1","2","0","1","1","1","2","3","0","29","6","9","2","1","10","8","16","26","20","36","4","21","24","28","39","30","37","2","2","2","10","11","12","15","0","1","3","8","14","12","17","1","4","6","8","9","5","9","0","1","7","10","8","8","7","0","2","3","3","5","2","2","2","3","1","6","4","1","3","173","57","29","10","6","2","4","9","10","64","15","11","5","4","1","1","3","5","40","14","13","1","4","0","1","0","10","24","6","4","2","1","0","0","0","0"
"s25","voters","ANTI111","5","0","4","1","0","0","0","0","0","0","0","2","3","0","1","0","0","0","0","0","0","0","0","0","0","0","0","0","0","0","0","0","0","0","0","0","0","0","0","0","0","0","0","0","0","0","0","0","0","0","0","0","0","0","0","0","0","0","0","0","0","0","0","0","1","0","0","0","1","0","0","1","1","0","0","0","0","0","0","0","0","0","0","0","0","0","0","0","0","0","0","0","0","1","0","0","0","0","0","0","0","0","0","0","0","0","0","0","0","0","2","0","1","0","0","0","0","0","1","0","0","0","0","0","0","0","0","0","1","0","0","0","0","0","0","0","0"
"s25","voters","ANTI112","694","410","129","29","1","3","7","0","4","0","111","298","396","115","24","30","7","8","3","5","0","1","0","0","0","0","1","0","0","1","0","1","0","4","2","5","0","1","7","2","0","20","12","7","0","0","16","21","17","22","38","40","4","20","42","33","35","62","60","0","4","10","4","8","15","28","1","3","5","6","5","19","21","1","3","5","21","6","13","5","2","7","9","10","10","11","8","0","1","4","1","5","6","4","0","6","4","4","2","4","3","219","77","51","14","12","1","4","2","30","66","23","15","4","6","1","0","2","12","58","15","11","4","3","1","1","1","17","28","11","2","1","2","0","0","0","0"
"s25","voters","ANTI113","906","575","172","34","4","8","3","1","2","0","107","398","508","156","26","31","7","13","3","1","1","2","0","0","0","3","3","0","0","7","3","1","0","7","2","0","2","5","0","0","0","14","5","4","3","1","21","25","27","34","48","86","2","38","33","34","56","74","96","1","4","3","4","14","29","36","0","1","5","4","10","21","40","2","5","7","6","6","5","9","0","8","13","11","15","14","6","1","5","4","1","3","4","7","0","3","6","2","6","5","5","295","100","75","29","16","1","5","1","53","94","17","21","5","4","0","2","2","27","59","16","15","3","4","2","2","0","6","35","8","3","3","0","0","1","2","0"
"s25","voters","ANTI114","352","210","68","14","1","2","3","0","0","0","54","155","197","52","7","14","7","4","2","3","2","0","1","0","0","3","0","0","0","4","1","2","1","1","2","1","0","0","4","2","1","12","3","0","0","1","12","4","10","12","17","26","0","17","19","10","18","32","32","0","0","4","6","4","13","11","0","0","3","3","1","16","7","0","5","1","5","2","5","7","1","3","6","4","4","6","5","0","0","0","0","5","1","4","0","2","1","5","1","1","0","123","43","13","2","6","0","4","1","18","32","12","10","3","2","0","1","0","8","27","6","7","5","4","2","1","0","2","11","6","3","0","0","0","0","0","0"
"s25","voters","ANTI115","502","264","141","18","2","2","1","1","1","0","72","224","278","65","16","13","3","3","2","1","0","0","0","0","0","0","0","1","1","2","0","0","0","0","2","0","0","1","0","0","0","10","5","1","1","1","5","11","13","19","20","39","0","10","11","16","20","29","70","0","2","7","9","13","15","28","1","2","5","5","9","14","31","1","3","5","2","7","1","13","0","5","4","7","6","7","11","0","1","0","3","3","1","2","0","0","4","3","1","3","4","130","52","31","10","2","5","2","1","31","77","15","20","4","3","0","2","3","17","41","8","12","1","3","0","0","2","5","13","4","6","1","0","0","0","0","1"
"s25","voters","ANTI116","1025","626","203","41","6","7","6","0","5","0","131","452","573","200","38","45","22","12","7","3","1","0","0","0","0","0","0","3","1","1","3","0","0","4","0","1","1","4","0","0","0","6","4","5","1","2","22","33","36","29","57","74","8","36","37","38","48","68","138","1","3","11","9","11","25","41","0","4","4","7","11","25","51","1","5","17","12","9","9","10","0","6","15","12","16","9","10","2","3","5","4","3","7","11","0","5","4","4","3","5","9","355","119","64","22","14","1","5","5","41","111","27","20","7","5","0","3","1","29","71","16","18","3","4","3","1","3","12","37","10","9","3","1","1","1","1","2"
"s25","voters","ANTI117","851","470","211","50","5","5","5","0","3","0","102","366","485","119","23","20","12","9","7","2","1","0","0","0","0","0","0","0","0","2","0","3","0","5","0","0","0","0","1","0","0","12","1","1","3","2","10","18","22","15","37","66","1","34","30","39","38","39","119","0","8","7","14","9","29","44","1","2","6","14","9","30","38","1","4","8","9","6","7","14","1","7","7","9","8","7","14","1","3","4","8","6","4","10","0","4","2","5","3","7","11","258","75","56","13","9","2","4","3","50","114","36","25","7","5","1","3","0","20","54","12","17","5","5","0","0","1","8","41","15","7","2","1","0","0","1","1"
"s25","voters","ANTI118","933","549","186","40","4","7","6","0","4","0","137","384","549","150","27","35","7","9","3","2","1","0","0","0","0","1","2","0","0","0","1","0","1","2","0","0","1","0","2","0","0","4","8","2","1","0","13","25","21","28","41","69","6","40","43","46","54","58","105","0","3","6","9","16","25","37","0","0","5","14","15","18","38","1","5","7","7","9","11","19","0","15","12","10","8","18","15","0","0","7","8","3","4","10","0","5","4","4","4","7","5","315","81","63","21","13","4","5","3","44","106","31","15","1","8","0","0","0","25","69","21","19","10","3","1","1","0","13","37","11","6","1","1","1","0","1","3"
"s25","voters","ANTI119","627","358","121","32","6","2","14","1","4","0","89","267","360","126","23","33","15","2","1","1","0","0","0","0","0","0","0","0","0","2","2","2","0","2","0","1","0","3","2","1","0","8","9","6","0","0","8","12","17","15","25","52","1","20","34","27","37","44","66","0","2","8","13","12","10","17","0","6","2","13","4","15","19","0","5","10","7","6","6","12","1","12","8","8","3","6","5","0","5","4","9","2","7","3","1","3","4","6","6","6","3","199","51","36","13","13","4","5","2","35","74","13","17","3","3","0","0","3","8","57","11","5","5","1","1","1","2","6","37","5","9","1","0","0","2","1","4"
"s25","voters","ANTI120","508","362","50","25","8","2","3","0","2","0","56","189","319","86","11","12","9","3","0","0","0","0","0","0","0","1","0","0","0","2","1","1","0","0","0","0","0","2","0","0","0","6","0","3","0","2","15","18","19","16","21","32","7","23","24","44","36","43","62","0","1","5","0","5","7","8","0","1","2","2","6","4","9","0","4","3","2","2","6","3","2","6","12","7","5","3","1","0","3","3","3","3","2","6","1","5","3","2","3","4","2","228","56","38","12","7","1","1","3","16","34","8","7","0","0","0","0","0","1","36","10","6","2","0","0","0","0","2","29","10","0","0","0","0","0","1","0"
"s25","voters","ANTI121","465","281","90","19","0","1","2","0","1","0","71","211","254","49","20","11","5","3","0","0","0","3","0","1","0","0","0","1","0","7","1","5","0","3","0","4","0","1","0","1","0","9","6","2","1","1","8","20","13","14","34","27","0","14","23","20","18","39","50","0","1","3","8","7","13","13","0","0","4","6","8","12","15","1","6","7","3","5","10","6","2","5","5","4","3","9","5","0","0","2","1","1","1","6","0","4","1","1","0","1","5","134","55","52","10","6","0","3","0","21","47","17","16","4","1","0","2","0","3","39","4","5","7","3","2","2","1","8","15","3","4","1","0","0","0","0","0"
"s25","voters","ANTI122","227","153","28","2","2","0","0","0","1","0","41","98","129","34","10","15","2","2","1","1","0","1","0","0","0","1","0","0","0","1","0","0","0","0","2","1","0","2","0","0","0","11","1","3","0","1","2","6","11","8","15","20","2","5","9","16","12","21","25","0","1","4","0","3","5","3","0","1","0","3","1","3","4","0","2","2","2","4","6","0","0","2","3","5","10","3","2","0","0","1","0","0","2","0","1","0","0","1","0","0","0","84","23","17","8","4","0","4","1","12","11","9","4","0","2","0","0","0","2","24","5","8","2","1","0","0","0","1","3","1","1","0","0","0","0","0","0"
"s25","voters","ANTI123","801","511","127","29","4","7","1","0","3","0","119","350","451","110","29","30","6","8","3","2","0","1","0","1","0","3","0","1","0","8","6","8","0","8","0","2","0","4","4","0","4","20","6","5","1","0","22","27","19","21","48","65","1","23","47","31","49","69","89","0","2","7","7","6","19","24","0","3","2","6","7","20","24","1","2","12","10","8","13","12","0","5","11","8","12","9","16","0","2","6","5","2","5","5","0","5","1","1","3","7","2","289","80","62","18","6","5","6","6","39","72","13","21","4","2","0","2","0","13","65","19","12","9","4","0","1","0","9","27","9","4","1","0","2","0","0","1"
"s25","voters","ANTI124","385","189","118","19","1","3","1","0","4","0","50","184","201","62","25","13","4","2","2","1","2","0","0","0","0","0","0","0","0","0","1","0","1","1","3","0","0","3","1","0","0","6","1","2","0","0","4","12","8","10","17","36","0","13","8","10","13","29","29","1","3","4","9","6","20","18","1","3","3","8","5","14","23","0","1","7","5","1","2","7","0","0","7","6","1","6","7","1","1","1","1","2","1","6","0","1","2","2","3","4","3","97","29","32","4","10","1","4","1","11","60","26","13","2","3","1","0","0","13","24","5","6","7","2","1","2","0","3","14","4","5","0","0","0","1","1","3"
"s25","voters","ANTI125","665","426","97","32","4","1","2","0","1","0","102","286","379","96","26","25","13","13","3","3","0","1","0","0","0","3","1","1","0","3","1","2","1","0","0","1","0","2","0","0","0","13","1","5","5","0","11","29","19","27","41","45","3","23","38","28","47","57","58","1","5","8","5","7","9","16","0","1","3","7","9","13","13","2","3","4","4","7","17","8","2","7","11","4","10","11","12","0","1","4","4","4","3","2","0","2","10","2","4","3","1","204","85","63","19","15","1","5","1","33","57","11","13","3","3","0","3","0","7","61","14","6","5","1","0","1","0","14","25","5","5","1","4","0","0","0","0"
"s25","voters","ANTI126","59","40","9","3","0","1","2","0","0","0","4","22","37","5","1","0","1","1","0","0","0","0","0","0","0","0","1","0","0","0","0","0","0","0","0","2","1","0","0","0","0","1","0","0","0","0","0","0","0","2","2","10","0","0","0","1","0","1","24","0","0","0","0","0","0","5","0","0","0","0","0","0","4","0","0","0","0","0","0","3","0","0","0","0","0","0","1","0","0","0","0","0","0","0","0","0","0","1","0","1","4","34","3","1","0","0","0","0","0","2","5","2","0","1","1","0","0","0","0","4","0","0","0","0","0","0","0","0","6","0","0","0","0","0","0","0","0"
"s25","voters","ANTI127","272","158","62","5","0","0","2","0","0","0","45","113","159","25","17","12","1","4","1","1","0","3","0","0","0","0","0","0","0","4","1","4","0","2","0","0","0","1","0","2","0","10","8","3","1","1","1","6","7","6","14","21","0","5","13","12","15","30","27","0","4","3","10","4","4","4","2","2","7","4","5","5","8","0","3","2","3","7","4","6","0","5","5","1","4","4","1","0","0","0","3","0","0","0","0","1","2","0","0","1","0","74","24","28","8","5","2","2","2","13","37","9","5","1","0","0","0","0","10","24","7","0","6","1","0","0","3","4","3","3","1","0","0","0","0","0","0"
"s25","voters","ANTI128","635","363","133","26","2","0","5","0","3","0","103","282","353","90","28","28","10","4","7","1","3","0","0","0","0","0","0","0","0","0","7","2","2","8","1","5","0","1","2","2","0","16","8","2","1","0","15","18","12","15","44","45","3","23","25","27","38","41","57","1","3","3","7","10","16","29","0","2","10","9","6","15","22","1","3","9","10","9","6","6","0","8","10","13","11","8","9","0","5","0","0","6","4","5","0","1","3","5","2","3","2","187","62","48","5","15","2","9","4","31","72","23","17","1","1","0","2","2","15","53","11","11","9","3","0","3","1","12","25","3","5","0","1","0","1","0","1"
"s25","voters","ANTI129","720","423","171","23","3","0","3","0","1","0","96","341","379","85","37","27","7","7","4","2","0","1","0","1","0","4","0","0","1","6","4","5","0","21","2","2","1","10","8","1","0","10","10","5","1","0","19","14","11","20","48","78","0","13","22","30","37","62","69","0","4","1","8","7","34","33","1","8","4","3","10","30","28","0","7","7","4","5","10","14","1","8","8","3","3","15","11","0","4","0","0","4","7","2","0","1","1","1","0","5","5","250","68","40","13","12","1","7","2","30","94","17","26","8","5","1","3","1","16","48","17","12","5","1","1","1","2","9","20","6","2","0","2","0","0","0","0"
"s25","voters","ANTI130","106","64","26","3","1","2","0","0","1","0","9","33","73","20","6","3","2","0","0","0","0","0","0","0","0","0","0","0","0","0","0","1","1","0","0","0","0","0","0","0","0","2","0","2","0","1","3","1","5","2","1","7","0","7","7","1","10","10","9","0","0","1","1","3","1","4","0","0","4","1","2","2","7","0","0","0","0","1","0","0","0","1","0","3","0","3","1","0","0","1","0","0","1","0","1","0","1","0","1","2","0","45","3","6","4","2","0","0","0","4","17","1","5","1","1","0","0","0","1","7","2","0","0","0","0","0","0","0","6","1","0","0","0","0","0","0","0"
"s25","voters","ANTI131","1134","668","197","49","11","13","9","0","6","0","181","471","663","205","28","53","14","10","2","1","1","0","0","0","0","4","0","0","0","1","3","3","0","9","1","0","0","0","3","0","0","7","4","3","1","4","28","28","34","26","44","84","3","52","49","55","47","76","138","0","2","11","10","17","30","29","0","1","9","12","9","22","45","0","9","18","17","13","13","16","4","12","19","19","15","13","13","1","1","8","6","6","6","10","0","8","8","5","4","8","17","365","132","66","22","22","2","9","2","48","118","36","17","6","2","0","2","4","12","98","31","18","10","9","1","3","1","10","64","10","8","2","0","0","1","0","3"
"s25","voters","ANTI132","408","251","87","18","1","0","2","0","2","0","47","185","223","73","19","22","4","2","5","1","1","0","0","0","0","0","0","0","0","2","0","0","0","1","0","0","0","2","2","0","1","10","3","2","0","0","6","20","9","10","27","37","2","14","14","16","27","27","42","0","3","3","7","10","10","10","1","0","7","6","5","10","15","0","2","4","3","3","3","8","2","1","2","1","6","6","6","0","1","3","0","0","1","5","0","2","4","1","0","3","3","145","44","22","5","7","3","3","1","21","54","13","11","2","0","0","1","0","6","21","10","6","3","1","0","1","0","5","11","4","3","1","3","0","0","0","1"
"s25","voters","ANTI133","1555","958","247","66","7","9","12","0","3","0","253","652","903","260","43","56","24","10","6","3","1","2","0","0","0","3","1","0","0","9","6","11","0","9","11","12","1","7","7","3","1","31","16","13","6","2","24","40","42","55","78","117","7","43","72","84","80","125","189","0","6","11","18","20","31","42","0","2","15","10","15","37","40","3","10","21","20","17","25","28","1","15","27","22","13","23","28","0","3","7","6","8","7","11","0","7","5","9","16","15","3","490","183","129","39","36","3","10","7","61","140","36","29","2","9","1","2","1","27","133","44","26","17","6","5","1","2","19","58","24","9","1","4","0","0","0","1"
"s25","voters","ANTI134","1258","789","235","49","7","7","8","0","5","0","158","545","713","234","46","48","14","10","0","1","1","2","0","0","0","2","0","0","1","5","3","2","0","5","0","1","0","2","4","0","0","22","3","12","2","1","23","35","37","43","55","110","3","54","51","52","74","87","164","0","4","6","15","19","29","44","0","4","4","11","19","28","52","2","12","14","16","11","9","18","1","20","11","13","6","8","17","1","4","13","9","1","8","6","0","2","3","9","4","7","9","420","146","95","26","20","2","11","4","65","132","35","30","9","4","1","2","4","18","90","27","19","5","4","1","2","0","10","49","11","8","1","1","1","2","3","0"
"s25","voters","ANTI135","278","166","50","4","1","0","1","0","0","0","56","132","146","32","14","11","0","1","0","0","0","0","0","0","0","0","0","0","0","2","0","5","0","5","0","0","0","7","0","2","0","9","4","2","0","0","9","8","5","12","21","20","2","10","8","11","20","26","14","0","1","1","3","8","8","6","0","3","2","2","5","8","3","0","3","2","4","5","7","7","0","3","5","6","8","3","3","0","0","1","0","0","1","0","0","1","1","0","0","2","0","88","29","23","3","5","0","7","0","11","40","2","3","0","1","0","2","1","1","35","10","3","2","1","2","2","0","1","5","0","0","1","0","0","0","0","0"
"s25","voters","ANTI136","140","88","21","8","0","1","1","0","0","0","21","61","79","21","6","2","3","0","1","0","1","0","1","1","0","0","0","0","0","1","0","1","0","4","0","0","0","0","0","0","0","7","1","4","1","0","5","5","4","1","7","8","2","3","4","10","11","12","16","0","0","2","4","2","1","5","0","0","1","4","1","0","1","1","1","1","3","3","3","1","0","1","2","1","2","1","1","0","0","0","2","0","2","0","0","0","1","0","1","2","2","48","14","9","3","4","1","5","0","4","13","3","2","0","1","0","0","0","2","12","4","2","0","1","0","0","1","1","8","1","1","0","0","0","0","0","0"
"s25","voters","ANTI137","998","557","240","51","1","6","3","0","3","1","136","438","560","139","39","41","9","14","4","2","2","0","1","0","0","0","3","0","0","1","2","3","0","10","0","1","0","0","2","0","0","15","8","3","1","1","13","23","18","29","47","78","2","19","33","38","50","72","134","0","4","8","12","16","37","56","0","4","10","13","19","20","41","3","6","12","13","8","10","15","0","5","13","17","9","11","14","0","2","5","5","5","6","6","0","2","3","7","3","8","13","338","83","72","17","4","0","4","1","38","151","32","23","9","7","1","1","1","15","76","21","18","7","5","1","1","0","7","43","8","5","2","2","1","0","0","4"
"s25","voters","ANTI138","965","632","132","28","3","5","6","0","3","0","156","407","558","124","19","38","7","4","3","0","0","3","0","0","0","3","0","1","0","7","9","6","1","11","4","9","1","9","8","5","1","13","7","8","0","2","18","31","16","34","63","72","3","61","63","28","66","96","79","0","4","4","6","8","23","21","1","3","1","9","11","24","17","1","8","10","8","17","22","19","1","10","15","6","13","13","13","0","3","4","3","3","1","6","0","1","4","4","2","8","6","356","99","83","9","18","2","5","6","54","82","19","13","2","0","2","0","2","12","75","23","18","11","9","2","4","1","13","28","5","6","2","2","0","0","0","2"
"s25","voters","ANTI139","42","23","5","8","0","0","0","0","0","0","6","20","22","6","1","4","2","1","0","0","0","0","0","0","0","0","0","0","0","0","0","1","0","3","0","1","0","0","0","0","0","0","0","0","0","0","1","1","0","2","2","4","0","0","1","2","5","2","3","0","0","0","0","0","1","2","0","0","0","0","0","1","1","0","0","0","0","0","1","1","0","0","1","0","1","1","1","0","0","3","0","0","2","0","0","0","0","0","0","2","1","11","4","1","3","0","1","0","0","3","1","1","1","0","0","0","0","0","2","3","1","0","0","0","0","0","2","0","6","1","1","0","0","0","0","0","0"
"s25","voters","ANTI140","451","261","72","8","2","2","3","0","3","0","100","192","259","44","17","22","2","2","0","1","0","0","0","0","0","1","0","1","1","6","3","8","0","11","0","7","1","2","0","1","0","30","8","10","1","0","4","12","32","23","19","12","1","9","33","48","30","18","20","0","3","3","11","4","5","3","0","3","8","17","4","4","7","1","7","4","17","8","7","5","1","6","7","14","16","5","2","0","0","2","4","3","3","0","0","0","1","3","2","0","0","182","70","8","0","0","0","0","0","1","55","15","2","0","0","0","0","0","0","76","17","6","1","0","0","0","0","0","13","4","1","0","0","0","0","0","0"
"s25","voters","ANTI141","885","534","148","40","2","5","6","0","1","0","149","376","509","116","23","33","7","8","2","1","1","1","1","2","0","3","0","0","0","15","1","3","1","16","3","8","2","2","1","1","0","32","11","12","4","1","18","24","27","31","52","42","2","35","48","51","57","80","66","0","4","7","16","5","23","25","0","1","7","10","10","24","16","1","3","11","19","13","20","12","0","4","20","17","12","9","8","0","0","3","5","7","3","4","0","4","6","6","6","6","4","379","87","19","10","5","2","4","2","26","104","23","9","1","2","0","2","0","7","103","16","10","6","1","2","3","1","7","38","13","0","0","0","0","0","0","3"
"s25","voters","ANTI142","1301","824","216","55","9","4","5","1","4","0","183","566","735","246","51","56","18","7","4","1","1","0","0","0","0","1","0","0","1","7","6","5","0","17","9","7","1","2","4","4","0","42","6","10","1","2","20","42","35","43","83","85","4","49","62","74","85","122","118","1","7","14","13","19","39","26","0","3","8","18","18","28","22","1","20","16","11","18","23","14","1","16","10","12","14","15","12","0","6","7","2","6","5","8","1","5","6","4","9","10","9","464","134","105","28","16","6","11","5","55","135","31","23","2","4","1","3","0","17","108","25","20","8","8","0","2","3","9","58","7","6","0","1","0","1","2","3"
"s25","voters","ANTI143","1137","718","184","34","4","9","6","0","5","0","177","482","655","153","27","42","12","16","5","2","1","1","3","2","0","2","1","0","0","4","11","10","2","13","2","10","0","4","5","3","0","31","4","11","3","1","22","28","28","41","61","89","4","49","55","66","67","88","119","1","4","8","12","14","33","27","0","7","9","8","11","17","33","1","8","14","9","12","19","21","1","8","16","22","17","19","10","0","1","9","4","3","6","6","0","3","2","2","10","6","6","465","122","64","14","10","3","4","3","33","120","29","15","5","3","0","1","0","11","116","25","14","10","3","2","2","0","5","45","10","2","1","0","0","0","0","0"
"s25","voters","ANTI144","1041","682","152","33","3","4","5","0","1","0","161","474","567","177","39","32","9","2","4","3","0","2","1","2","0","1","0","0","0","10","5","12","1","12","2","4","1","14","0","1","0","23","15","13","1","0","23","41","27","55","62","74","6","41","54","53","69","95","82","0","4","12","12","13","28","17","0","0","7","8","18","17","16","4","11","14","12","16","22","14","1","4","11","14","20","11","7","0","1","1","2","3","5","1","0","7","2","6","5","9","4","383","143","71","21","17","4","11","4","28","108","23","11","0","4","0","0","1","5","97","19","16","11","5","2","2","3","6","38","4","3","0","0","1","0","0","0"
"s25","voters","ANTI145","1238","730","248","65","4","5","12","0","3","0","171","542","696","183","49","40","21","9","5","5","2","2","0","1","0","0","2","0","0","10","4","6","4","14","0","0","0","5","2","1","0","21","11","10","3","2","15","32","37","28","64","103","3","28","51","64","67","84","152","1","7","4","13","24","36","40","0","4","9","13","23","35","39","1","12","7","22","18","7","22","1","9","18","16","11","12","15","0","5","7","6","3","9","17","1","5","9","4","5","10","8","388","146","77","23","15","4","11","3","63","141","38","26","3","9","1","1","2","27","80","27","26","9","7","3","5","2","12","67","16","2","1","2","0","0","0","1"
"s25","voters","ANTI146","1286","814","224","49","4","8","10","0","6","0","171","522","764","270","45","59","20","15","8","1","2","1","0","0","0","0","0","0","0","6","2","4","0","9","1","3","2","3","0","0","0","14","8","5","3","0","17","32","32","51","67","99","1","43","66","68","80","99","159","0","9","6","13","12","25","45","1","1","6","12","17","31","46","1","10","15","14","13","13","10","1","16","15","20","10","10","23","0","5","2","10","2","9","10","0","7","2","11","4","4","11","486","134","84","27","12","1","7","5","58","122","38","34","5","2","0","3","3","17","113","15","20","12","1","2","1","0","7","46","15","7","1","1","0","1","2","4"
"s25","voters","ANTI147","1145","702","178","44","6","7","5","0","5","1","197","497","648","180","60","56","10","6","0","3","2","0","0","2","0","3","0","0","1","13","8","4","1","10","7","6","1","2","2","1","3","37","14","10","3","5","29","45","23","35","76","75","4","48","53","47","70","89","103","0","2","14","8","16","24","28","1","3","10","8","11","26","27","2","11","15","9","17","16","18","2","17","16","20","13","26","15","0","7","2","4","4","8","4","0","4","7","7","9","6","6","398","115","85","22","21","3","14","3","41","100","31","17","4","6","1","0","2","17","108","26","25","14","7","0","2","1","14","41","15","6","2","2","0","0","0","2"
"s25","voters","ANTI148","1066","593","271","50","3","9","2","0","4","0","134","451","615","161","52","46","19","12","2","1","0","0","1","2","0","1","0","0","0","3","1","2","1","10","1","1","1","0","3","0","0","14","6","9","1","1","15","18","21","32","38","89","3","33","42","51","44","70","136","1","8","15","11","17","35","49","1","5","6","21","22","27","53","1","9","15","13","14","7","12","0","10","11","10","12","10","10","0","3","6","6","0","7","8","0","5","7","4","4","7","11","321","107","66","20","14","5","7","2","51","155","32","34","9","8","0","3","1","29","65","24","15","15","5","1","1","1","7","41","13","7","2","4","0","0","0","1"
"s25","voters","ANTI149","1025","548","207","58","5","5","7","0","4","0","191","440","585","194","42","55","26","9","6","5","1","0","0","0","0","1","0","0","0","1","1","0","0","2","2","0","0","2","0","3","0","7","6","4","0","0","25","21","21","22","47","59","7","38","52","42","45","67","102","2","5","8","15","18","20","52","0","1","4","11","8","28","35","2","11","13","9","14","18","23","2","14","16","27","14","13","15","0","2","6","5","5","10","7","2","8","4","6","5","9","10","276","95","73","25","12","3","7","6","51","113","28","24","6","9","1","3","1","22","112","29","19","8","11","1","1","0","10","41","20","12","2","2","1","0","1","0"
"s25","voters","ANTI150","93","58","13","5","0","0","0","0","0","0","17","33","60","24","5","8","1","0","0","1","0","0","0","0","0","0","0","0","0","1","0","0","0","1","1","0","0","0","0","0","0","0","0","0","0","0","1","5","2","5","2","3","0","3","9","4","6","5","13","0","0","1","0","1","1","2","0","1","0","0","1","2","4","0","2","0","1","2","1","0","0","1","2","3","1","3","1","0","0","0","1","2","0","1","0","0","0","0","0","1","0","33","11","6","0","1","1","1","0","5","10","2","0","0","1","0","0","0","0","10","3","3","1","0","0","0","0","0","3","1","1","0","0","0","0","0","0"
"s25","voters","ANTI151","102","77","8","5","1","2","1","0","0","0","8","41","61","8","1","2","1","1","0","0","0","0","0","0","0","0","0","0","0","0","0","0","0","0","0","0","0","0","1","0","0","3","1","1","0","0","0","0","4","5","8","8","0","5","4","7","13","9","14","0","0","1","1","0","1","1","0","1","0","1","0","0","2","0","0","1","1","2","2","0","1","0","0","1","0","0","0","0","0","0","0","3","3","0","0","0","0","1","0","1","1","44","16","8","4","1","0","0","1","3","4","1","2","0","0","0","0","0","1","4","1","1","1","0","1","0","0","0","6","2","1","0","0","0","0","0","0"
"s25","voters","ANTI152","110","62","28","4","0","0","0","0","1","0","15","51","59","14","2","1","1","0","0","0","0","0","1","0","0","0","0","0","0","2","0","2","0","4","0","0","0","0","0","0","0","2","3","3","0","0","5","3","2","2","7","9","0","4","4","4","1","8","13","0","1","0","0","4","2","4","1","2","0","1","3","5","5","0","0","2","4","0","1","3","0","0","3","0","2","0","0","0","0","0","0","1","0","1","0","0","1","0","0","0","2","34","11","7","4","1","1","0","0","4","17","3","3","0","0","0","0","1","4","9","0","3","0","0","0","0","1","2","3","0","2","0","0","0","0","0","0"
"s25","voters","ANTI153","199","117","41","8","0","2","4","0","1","0","26","90","109","52","3","11","2","0","0","0","0","0","0","0","0","1","0","0","0","2","0","0","0","0","0","0","0","0","1","0","0","0","2","1","2","0","5","5","6","4","7","15","1","4","9","9","13","13","26","0","0","1","5","3","3","12","0","0","0","2","2","1","12","1","3","4","2","2","1","2","0","3","1","2","1","2","2","0","0","1","1","4","2","1","0","0","1","1","1","1","2","52","24","22","6","4","0","0","2","7","21","6","6","1","2","0","2","0","3","19","2","3","2","0","0","0","0","0","12","2","0","1","0","0","0","0","0"
"s25","voters","ANTI154","188","79","69","10","2","1","2","0","1","0","24","76","112","17","12","5","5","0","1","0","1","0","0","0","0","0","0","0","0","0","0","0","0","1","0","1","1","0","0","1","0","2","2","1","0","0","2","1","0","3","4","10","1","6","6","7","13","10","16","0","1","2","3","4","6","19","0","3","2","3","5","2","19","0","1","0","1","1","4","5","0","2","3","1","2","1","3","0","0","2","3","1","2","1","0","0","2","2","0","1","2","50","13","9","0","3","0","1","0","3","39","2","13","1","1","1","2","0","10","13","4","4","0","0","0","0","0","3","7","5","3","0","0","0","1","0","0"
"s25","voters","ANTI155","56","35","12","2","0","0","0","0","1","0","6","23","33","8","5","2","1","0","2","0","0","0","0","0","0","0","0","0","0","1","0","1","0","2","0","1","0","0","0","0","0","0","0","0","0","0","2","0","2","0","5","7","0","2","0","5","1","3","8","0","0","0","1","0","1","1","0","0","1","1","0","2","5","0","0","1","0","0","0","0","0","0","0","0","2","1","2","0","0","1","1","0","0","1","0","0","0","0","0","0","0","21","2","7","1","0","0","1","0","3","7","3","0","0","0","0","0","0","2","3","1","2","0","0","0","0","0","0","3","0","0","0","0","0","0","0","0"
"s25","voters","ANTI803","0","0","0","0","0","0","0","0","0","0","0","0","0","0","0","0","0","0","0","0","0","0","0","0","0","0","0","0","0","0","0","0","0","0","0","0","0","0","0","0","0","0","0","0","0","0","0","0","0","0","0","0","0","0","0","0","0","0","0","0","0","0","0","0","0","0","0","0","0","0","0","0","0","0","0","0","0","0","0","0","0","0","0","0","0","0","0","0","0","0","0","0","0","0","0","0","0","0","0","0","0","0","0","0","0","0","0","0","0","0","0","0","0","0","0","0","0","0","0","0","0","0","0","0","0","0","0","0","0","0","0","0","0","0","0","0","0"
"s25","voters","ANTI806","4","1","2","0","0","0","0","0","0","0","1","0","4","0","0","0","0","0","0","0","0","0","0","0","0","0","0","0","0","0","0","0","0","0","0","0","0","0","0","0","0","0","0","0","0","0","0","0","0","0","0","0","0","0","0","0","1","0","0","0","0","0","0","0","0","0","0","0","1","1","0","0","0","0","0","0","0","0","0","0","0","0","1","0","0","0","0","0","0","0","0","0","0","0","0","0","0","0","0","0","0","1","0","0","0","0","0","0","0","0","2","0","0","0","0","0","0","0","0","1","0","0","0","0","0","0","0","0","0","0","0","0","0","0","0","0","0"
"s25","voters","AYER101","351","136","127","25","0","2","2","0","5","0","54","178","173","20","9","9","3","1","11","0","0","1","0","0","1","2","0","0","0","0","2","5","0","0","1","0","0","1","0","0","0","0","1","0","2","0","1","6","5","9","14","27","0","8","8","5","8","15","30","1","4","3","14","6","18","24","0","1","0","9","13","12","22","1","1","4","6","3","3","9","0","3","5","4","4","4","7","0","0","5","1","2","6","5","0","2","1","1","3","5","3","65","26","18","4","3","0","1","1","18","67","24","10","4","7","1","1","2","11","22","9","7","4","3","0","2","0","7","18","10","2","1","0","0","1","1","1"
"s25","voters","BAPO101","202","139","22","4","6","2","3","0","3","0","23","85","117","60","3","11","11","1","3","1","0","0","0","0","0","0","0","0","0","1","0","0","0","0","0","0","0","0","0","0","0","4","2","0","0","2","2","8","8","3","12","13","1","14","10","5","15","15","31","0","1","3","1","2","2","3","0","2","0","0","0","2","6","0","2","2","1","3","4","3","1","2","2","2","1","0","0","2","0","4","0","1","0","3","0","4","2","1","0","1","0","84","20","19","4","4","0","2","1","5","13","2","4","0","1","0","0","0","2","12","3","1","1","2","0","0","0","4","12","3","2","0","1","0","0","0","0"
"s25","voters","BAPO102","581","347","98","33","4","1","5","0","3","0","90","262","319","103","28","22","7","8","0","0","1","3","1","0","0","3","0","1","0","7","2","0","0","10","2","3","0","3","1","1","3","15","3","3","0","1","7","13","23","26","29","47","1","12","31","28","30","37","62","0","2","9","8","3","13","15","0","1","6","6","9","13","13","1","6","9","4","5","10","9","0","3","9","11","6","7","10","0","0","1","5","5","4","7","0","4","3","3","3","4","7","201","66","25","12","6","1","3","0","33","65","10","12","0","4","0","1","1","5","53","9","12","4","0","1","2","2","7","26","11","2","1","2","0","0","1","3"
"s25","voters","BAPO103","1023","664","138","37","5","7","7","0","2","0","163","395","628","257","41","53","13","4","2","1","0","1","0","0","0","0","1","1","1","6","1","3","0","7","0","0","1","12","9","4","2","23","1","4","6","5","26","28","25","32","42","69","3","57","60","67","63","71","116","0","4","7","13","8","14","22","0","5","5","14","16","11","19","2","14","11","14","10","13","12","3","16","11","17","17","10","13","0","0","8","4","5","4","3","0","8","6","3","5","7","5","386","102","84","9","20","2","10","5","46","84","26","16","4","2","0","3","0","3","100","26","13","10","4","1","1","0","8","37","6","9","2","2","0","1","0","1"
"s25","voters","BAPO104","1248","756","178","50","8","13","9","0","8","0","226","522","726","395","47","116","37","10","0","6","5","2","0","0","0","4","0","1","0","6","1","1","1","9","1","3","0","6","9","5","1","16","6","4","1","2","31","42","28","51","50","83","9","88","80","62","55","61","114","1","6","15","11","13","21","26","0","5","11","11","5","25","28","3","21","21","11","13","11","17","4","31","22","20","18","10","24","1","7","7","4","4","8","14","0","15","5","6","4","8","5","416","131","88","25","26","3","5","1","61","109","26","18","2","3","2","4","2","12","138","23","24","18","8","0","2","1","12","55","19","8","2","1","0","1","0","2"
"s25","voters","BAPO105","1029","636","151","29","11","3","7","0","7","0","185","428","601","272","46","73","20","5","4","2","1","0","1","0","0","0","0","0","0","4","3","3","0","7","4","3","0","7","4","1","0","13","5","5","3","3","27","24","33","25","61","68","9","54","58","57","48","66","103","0","4","7","15","7","17","22","0","5","8","7","14","17","28","2","12","21","13","13","13","19","4","18","18","14","13","12","13","1","4","5","3","4","3","2","0","8","4","6","9","3","5","345","125","68","21","11","1","8","3","54","79","28","17","4","3","0","1","1","18","108","30","14","10","5","1","4","2","11","36","12","4","0","2","0","1","0","2"
"s25","voters","BAPO106","240","149","31","4","0","0","5","0","1","0","50","110","130","53","7","12","1","2","0","0","0","1","0","0","0","0","0","0","0","1","0","4","2","3","1","1","0","0","4","0","0","16","2","4","1","0","5","7","5","10","10","22","1","9","9","14","15","11","31","0","1","3","4","0","4","5","1","0","1","1","0","1","10","0","0","4","2","6","5","10","0","2","1","3","3","7","7","0","0","0","2","1","2","2","0","1","1","0","1","0","0","77","27","18","6","2","1","2","1","15","18","4","0","1","0","0","0","1","7","31","2","6","2","0","1","1","1","6","5","2","1","1","1","0","0","0","0"
"s25","voters","BAPO801","1","0","1","0","0","0","0","0","0","0","0","1","0","0","1","0","0","0","0","0","0","0","0","0","0","0","0","0","0","0","0","0","0","0","0","0","0","0","0","0","0","0","0","0","0","0","0","0","0","0","0","0","0","0","0","0","0","0","0","0","0","0","0","0","1","0","0","0","0","0","0","0","0","0","0","0","0","0","0","0","0","0","0","0","0","0","0","0","0","0","0","0","0","0","0","0","0","0","0","0","0","0","0","0","0","0","0","0","0","0","0","0","1","0","0","0","0","0","0","0","0","0","0","0","0","0","0","0","0","0","0","0","0","0","0","0","0"
"s25","voters","BAPO802","2","1","0","1","0","0","0","0","0","0","0","1","1","0","0","0","0","1","0","0","1","0","0","0","0","0","0","0","0","0","0","0","0","0","0","0","0","0","0","0","0","0","0","0","0","0","0","0","0","0","0","1","0","0","0","0","0","0","0","0","0","0","0","0","0","0","0","0","0","0","0","0","0","0","0","0","0","0","0","0","0","0","0","0","0","0","0","0","0","0","0","0","0","0","0","0","0","0","0","0","1","1","0","0","0","0","0","0","0","0","0","0","0","0","0","0","0","0","0","0","0","0","0","0","0","0","0","0","1","0","0","0","0","0","0","0","0"
"s25","voters","BAPO803","1","0","0","0","0","0","0","0","0","0","1","0","1","0","0","0","0","0","0","0","0","0","0","0","0","0","0","0","0","0","0","0","0","0","0","0","0","0","0","0","0","0","0","0","0","0","0","0","0","0","0","0","0","0","0","0","0","0","0","0","0","0","0","0","0","0","0","0","0","0","0","0","0","0","0","0","0","0","0","0","0","0","0","0","0","1","0","0","0","0","0","0","0","0","0","0","0","0","0","0","0","0","0","0","0","0","0","0","0","0","0","0","0","0","0","0","0","0","0","1","0","0","0","0","0","0","0","0","0","0","0","0","0","0","0","0","0"
"s25","voters","BETH101","67","32","24","3","0","1","0","0","0","0","7","30","37","2","1","2","0","3","1","1","0","0","0","0","0","0","0","0","0","0","0","0","0","0","0","0","0","0","0","0","0","0","2","0","0","0","2","2","1","1","2","3","0","2","5","5","1","4","4","0","0","2","5","1","3","3","0","0","1","1","3","2","3","0","0","1","0","1","0","1","0","0","1","1","2","0","0","0","0","0","0","1","0","1","0","1","0","1","0","0","0","21","2","4","1","1","0","0","0","3","18","2","2","1","0","0","0","0","1","3","2","0","0","1","0","0","0","1","2","1","1","0","0","0","0","0","0"
"s25","voters","BETH102","615","191","269","42","2","2","10","0","3","0","96","313","302","25","21","13","7","6","7","4","4","0","0","0","1","0","0","0","0","3","2","1","0","0","1","0","0","0","2","0","0","2","4","1","0","2","0","5","2","6","14","51","0","6","6","8","9","26","56","1","3","6","9","11","33","81","1","2","6","16","8","32","60","0","4","3","6","8","15","20","0","2","5","7","4","9","13","0","0","2","3","6","6","16","0","0","0","1","4","10","11","114","24","20","1","4","2","3","3","20","162","33","32","7","7","4","3","1","20","54","10","9","6","2","0","3","1","11","39","9","6","0","2","2","0","0","1"
"s25","voters","BETH103","203","111","53","6","0","2","2","0","0","0","29","102","101","16","3","2","3","1","3","0","0","0","1","2","0","0","0","1","0","0","2","7","0","3","0","0","0","2","1","0","0","5","5","1","0","0","3","1","3","12","11","20","1","5","1","10","12","13","19","0","1","1","6","6","8","10","0","0","0","4","5","8","4","0","1","0","2","4","4","3","0","0","0","7","2","3","3","0","0","0","1","1","1","3","0","0","1","0","0","2","1","96","4","4","2","2","0","0","1","2","41","7","2","0","1","1","0","1","0","25","4","0","0","0","0","0","0","0","3","6","0","0","0","0","1","0","0"
"s25","voters","BETH104","186","67","79","7","3","3","2","0","0","0","25","84","102","23","7","1","3","0","0","0","0","0","0","0","0","0","0","0","0","2","1","2","0","0","0","0","0","0","0","0","0","0","0","0","0","0","1","3","4","4","6","13","1","4","2","4","3","10","12","0","1","5","3","7","7","16","0","1","2","7","7","4","19","0","0","1","3","3","1","0","0","3","4","5","1","3","1","0","0","0","2","2","0","2","1","2","1","0","0","2","3","43","7","7","3","1","0","0","0","6","47","17","6","1","1","0","1","1","5","14","5","2","2","0","0","0","1","1","8","3","1","2","1","0","0","0","0"
"s25","voters","BETH802","0","0","0","0","0","0","0","0","0","0","0","0","0","0","0","0","0","0","0","0","0","0","0","0","0","0","0","0","0","0","0","0","0","0","0","0","0","0","0","0","0","0","0","0","0","0","0","0","0","0","0","0","0","0","0","0","0","0","0","0","0","0","0","0","0","0","0","0","0","0","0","0","0","0","0","0","0","0","0","0","0","0","0","0","0","0","0","0","0","0","0","0","0","0","0","0","0","0","0","0","0","0","0","0","0","0","0","0","0","0","0","0","0","0","0","0","0","0","0","0","0","0","0","0","0","0","0","0","0","0","0","0","0","0","0","0","0"
"s25","voters","BKDI101","203","77","76","15","2","1","5","0","2","0","25","87","116","12","11","4","1","3","1","1","0","2","1","0","0","0","0","0","0","0","1","0","0","0","0","0","0","0","0","0","0","1","3","0","0","0","1","2","1","4","5","9","0","1","6","4","8","13","23","1","4","2","5","5","8","13","0","0","2","7","5","13","11","0","1","1","0","3","4","4","0","0","0","5","2","1","4","0","0","3","0","3","5","3","0","2","2","0","1","1","5","40","11","9","1","1","0","1","0","14","41","14","9","2","4","0","0","1","5","14","6","0","1","0","1","1","1","1","18","0","3","0","1","0","0","0","3"
"s25","voters","BKDI102","12","4","7","1","0","0","0","0","0","0","0","5","7","0","0","0","0","0","1","0","0","0","0","0","0","0","0","0","0","0","0","0","0","0","0","0","0","0","0","0","0","0","0","0","0","0","0","0","1","0","0","0","0","0","1","1","1","0","0","0","0","0","0","1","1","2","0","0","0","0","0","1","2","0","0","0","0","0","0","0","0","0","0","0","0","0","0","0","0","0","0","0","0","0","0","0","0","0","0","0","1","4","0","0","0","0","0","0","0","0","3","2","0","0","1","0","0","0","1","0","0","0","0","0","0","0","0","0","1","0","0","0","0","0","0","0","0"
"s25","voters","BKDI103","9","1","3","1","0","1","1","0","0","0","2","4","5","0","0","1","0","0","0","0","0","0","0","0","0","0","0","0","0","0","0","0","0","0","0","0","0","0","0","0","0","0","0","0","0","0","0","0","0","0","0","0","0","0","0","0","0","1","0","0","0","0","0","0","1","0","0","0","0","0","1","1","0","0","1","0","0","0","0","0","0","1","0","0","0","0","0","0","0","1","0","0","1","0","0","1","0","0","0","0","0","0","0","0","0","0","0","0","0","1","2","1","0","0","0","0","0","0","0","2","0","0","0","0","0","0","0","0","1","1","1","0","0","0","0","0","0"
"s25","voters","BKHW101","1397","510","558","62","1","4","11","0","0","1","250","667","730","19","20","10","6","27","12","14","4","5","1","4","0","2","4","2","0","22","27","25","3","34","9","15","2","0","0","0","0","4","2","2","1","1","12","12","10","35","28","101","1","26","15","28","46","52","143","3","11","7","20","31","66","162","1","10","7","14","20","65","141","3","11","2","10","24","25","55","1","6","7","10","19","28","49","0","1","5","2","3","3","24","0","4","1","3","6","10","17","285","98","58","15","9","1","3","2","39","305","88","59","18","8","1","2","5","72","143","52","26","7","0","0","7","1","14","59","14","4","2","0","0","0","0","0"
"s25","voters","BKHW102","1565","733","321","46","2","6","4","0","8","0","445","710","855","40","16","24","5","18","6","2","4","19","9","9","1","15","1","1","0","93","64","123","5","130","16","63","2","4","10","11","0","15","8","6","0","3","25","24","34","94","60","60","5","67","27","64","133","55","82","2","15","3","15","47","48","39","0","8","3","21","43","38","39","2","20","5","22","61","67","34","4","31","6","31","81","45","36","2","7","2","0","6","9","4","1","4","2","1","12","9","7","406","152","86","22","19","8","5","6","29","202","47","36","14","2","2","4","0","14","250","79","52","31","7","3","5","2","16","50","10","4","0","1","0","0","0","1"
"s25","voters","BKHW103","479","220","139","13","0","2","4","0","0","0","101","219","260","18","9","9","1","6","1","1","0","3","2","2","0","2","0","1","0","26","14","21","1","19","5","7","0","1","1","0","0","9","4","9","1","0","5","5","11","10","21","31","1","14","10","17","31","27","37","0","2","4","7","17","20","26","0","1","2","7","11","17","25","1","4","4","5","11","10","15","0","6","2","6","13","12","12","1","1","2","1","0","3","2","0","1","1","0","3","1","3","125","34","33","6","3","1","1","2","15","76","15","14","8","2","0","0","1","23","55","19","9","5","2","0","1","1","9","15","0","3","0","0","1","0","0","0"
"s25","voters","BKHW104","351","139","127","14","1","3","4","0","3","0","60","168","183","4","8","2","0","8","10","1","2","0","0","1","2","1","1","0","0","5","6","7","0","3","0","2","0","0","0","2","0","0","1","0","0","0","1","2","6","7","11","28","1","3","5","7","9","15","44","0","7","3","1","12","15","29","0","1","2","7","9","13","28","0","0","2","1","6","7","16","1","3","3","1","4","7","9","0","0","3","0","3","1","7","1","0","0","2","2","1","5","79","21","15","7","0","0","0","0","17","68","23","13","0","1","0","2","2","18","34","7","7","4","1","2","0","0","5","18","2","3","0","0","0","1","0","1"
"s25","voters","BKHW105","1095","350","469","47","1","1","7","0","4","0","216","542","553","8","29","7","2","11","29","7","5","2","6","3","1","9","2","0","0","25","25","31","2","45","9","19","5","1","0","2","0","7","4","3","0","0","11","9","10","29","29","57","2","11","16","14","35","44","83","1","11","9","13","19","60","129","0","11","8","14","22","58","114","0","7","3","7","22","27","56","1","5","6","5","20","19","38","0","0","2","2","6","9","14","0","2","1","1","3","7","13","201","64","48","5","5","2","1","1","23","244","79","42","15","10","1","7","4","67","118","39","26","11","2","1","1","1","17","39","8","9","2","0","1","0","0","1"
"s25","voters","BKHW106","966","435","284","42","1","5","5","0","1","0","193","472","494","37","13","8","5","15","17","10","2","11","2","2","0","9","4","1","1","54","21","20","3","39","9","29","2","2","4","4","2","11","4","6","0","2","17","11","24","35","26","71","1","18","22","33","46","50","79","0","6","7","13","21","55","59","0","3","8","8","18","42","44","1","8","8","12","17","24","32","0","8","6","11","9","24","33","0","3","4","4","1","4","7","0","4","3","5","1","11","7","236","77","53","10","12","1","6","0","40","144","41","39","2","7","2","6","1","42","100","27","17","8","7","2","3","3","26","34","8","8","2","0","0","0","0","2"
"s25","voters","BREN101","30","17","6","1","1","0","0","0","0","0","5","11","19","5","0","2","1","0","0","0","0","0","0","0","0","0","0","0","0","0","0","0","0","0","0","0","0","0","0","0","0","1","0","0","0","0","0","2","0","1","0","2","0","3","1","2","2","0","4","0","0","0","1","0","2","1","0","0","1","0","0","1","0","0","0","0","0","0","2","0","0","1","0","1","1","0","0","0","0","0","0","0","0","0","0","0","1","0","1","0","0","9","3","4","0","0","0","0","0","1","2","0","2","0","1","0","0","0","1","2","1","1","0","0","0","1","0","0","1","1","0","0","0","0","0","0","0"
"s25","voters","BREN102","1170","542","365","60","1","3","13","0","2","0","184","531","639","141","56","40","11","7","5","3","2","0","0","0","0","1","0","0","0","9","3","7","0","11","2","4","1","4","2","2","1","14","20","8","5","0","12","21","43","37","35","56","7","31","48","71","65","46","70","1","14","20","35","39","39","43","0","12","17","38","43","30","34","2","5","14","20","20","14","14","3","8","10","24","23","14","13","2","2","10","8","12","6","7","0","3","3","10","7","3","6","305","93","63","22","7","3","3","8","38","212","60","44","7","8","1","2","2","29","109","24","21","10","5","2","2","0","11","51","18","8","0","1","0","0","0","1"
"s25","voters","BREN103","1554","715","474","74","5","11","11","0","6","0","258","715","839","161","69","43","19","26","15","9","3","0","1","0","0","2","1","1","0","16","9","2","2","18","8","14","3","1","6","4","0","32","14","10","4","3","32","29","38","56","67","56","7","53","47","57","90","109","71","4","20","12","34","56","71","46","3","11","15","34","67","45","56","3","17","17","22","32","24","22","0","15","19","20","28","23","16","0","6","7","9","11","15","6","1","7","3","11","14","10","7","425","120","77","18","13","3","4","6","49","268","67","64","18","10","1","7","3","36","132","44","23","17","15","0","5","3","19","78","10","9","3","2","0","2","1","2"
"s25","voters","BREN104","1163","491","412","63","2","4","16","0","2","0","173","524","639","127","66","40","23","12","23","6","2","0","0","0","1","2","2","0","0","8","1","3","2","5","3","2","3","5","0","2","1","10","5","4","0","2","14","19","30","35","38","49","4","35","30","52","48","71","64","0","9","18","37","39","62","45","3","12","13","37","38","56","43","3","9","8","16","15","16","14","2","12","14","19","22","12","11","0","4","7","5","7","15","8","0","8","0","10","5","8","10","276","89","57","9","13","1","4","4","38","239","54","51","14","10","1","4","2","37","98","33","15","5","5","2","2","4","9","54","18","8","1","2","1","1","1","1"
"s25","voters","BREN105","419","202","124","11","0","1","5","0","0","0","76","196","223","46","28","18","2","0","2","2","0","0","0","0","0","0","0","0","0","7","5","5","0","6","0","1","0","2","0","6","0","8","2","2","1","4","7","7","7","11","19","25","0","15","11","10","26","28","32","2","9","3","10","17","7","19","0","3","6","5","19","11","13","1","4","5","5","8","7","10","0","4","7","3","11","2","9","0","1","2","1","3","2","0","0","3","1","1","1","1","1","114","38","23","3","6","1","1","1","15","71","18","10","1","6","0","3","2","13","45","10","3","7","5","0","1","1","4","10","2","4","1","0","0","0","0","0"
"s25","voters","BREN106","179","80","49","11","0","0","2","0","1","0","36","88","91","26","12","4","1","4","0","0","1","0","0","0","0","0","0","0","0","0","0","0","0","0","0","0","0","2","0","0","0","0","2","1","0","1","8","5","5","6","6","4","0","7","2","8","17","6","5","1","3","1","9","5","5","1","0","2","1","7","8","3","3","0","4","5","6","4","2","1","1","4","1","2","3","2","1","0","0","0","0","3","1","2","1","2","0","1","3","1","0","42","20","11","0","2","0","1","0","4","27","6","10","1","0","0","1","0","4","19","7","4","1","2","0","2","0","1","9","2","0","1","0","0","1","0","1"
"s25","voters","BREN107","924","451","290","49","6","6","6","0","4","0","112","393","531","158","53","29","18","8","8","2","0","0","2","0","0","5","1","0","0","2","1","2","0","7","5","2","1","0","0","3","1","9","9","2","2","1","10","21","23","33","29","37","8","21","32","75","45","52","64","2","8","13","31","31","37","31","0","8","8","35","32","25","29","1","4","7","12","11","6","12","2","6","5","13","19","5","9","0","8","3","6","9","4","3","0","6","4","7","10","7","4","260","72","58","18","6","3","4","4","26","157","48","36","10","11","2","3","1","22","56","22","16","5","4","2","2","1","4","41","17","8","2","0","0","1","1","1"
"s25","voters","BREN108","78","33","24","3","1","0","2","0","0","0","15","38","40","18","2","3","1","0","1","0","0","0","0","0","0","0","0","0","0","0","0","1","0","0","0","0","0","0","0","0","0","1","2","1","0","0","3","0","1","2","7","2","0","3","2","1","2","4","6","1","1","3","0","3","2","2","0","2","0","2","5","2","1","2","0","1","0","2","2","0","0","1","2","1","2","1","1","0","0","0","3","1","0","0","0","1","0","0","1","0","0","20","5","1","1","1","0","0","1","4","14","2","5","1","0","0","0","0","2","4","5","4","0","0","0","0","0","2","3","1","2","0","0","0","0","0","0"
"s25","voters","BREN109","118","64","22","5","0","0","0","0","0","0","27","47","71","17","9","3","0","0","1","0","0","1","0","0","0","0","0","0","0","1","1","4","0","8","0","4","0","2","1","0","0","1","1","2","0","0","3","1","10","5","2","1","1","4","5","14","10","4","4","0","0","1","3","3","3","0","0","0","1","5","3","1","2","0","0","1","4","4","2","0","1","2","5","2","2","4","0","0","0","2","1","1","0","0","0","0","0","1","0","0","0","51","10","3","0","0","0","0","0","0","15","5","2","0","0","0","0","0","0","24","2","1","0","0","0","0","0","0","5","0","0","0","0","0","0","0","0"
"s25","voters","BREN110","1236","594","338","50","0","5","10","0","2","0","237","565","671","151","54","53","16","18","9","8","0","2","0","1","0","1","4","2","0","7","7","16","0","15","5","5","0","4","5","1","0","29","10","8","1","3","21","20","31","46","45","57","5","38","48","48","75","70","87","1","9","11","26","50","32","53","0","5","12","26","32","38","43","3","16","16","22","25","26","17","2","14","15","20","25","19","17","1","4","3","2","13","6","6","4","3","3","4","6","9","3","347","104","66","19","9","5","8","6","30","207","41","34","14","11","3","2","1","25","130","41","26","16","11","2","4","0","7","47","8","6","2","1","0","2","0","1"
"s25","voters","BREN111","244","128","61","20","1","1","2","0","1","0","30","106","138","22","14","12","5","8","4","0","1","1","0","0","0","0","0","0","0","1","1","1","0","0","0","0","0","0","0","0","0","7","0","5","1","2","4","6","15","8","4","9","0","9","13","22","14","10","12","0","3","2","7","5","12","5","0","0","2","4","8","7","6","0","2","2","5","1","4","3","0","0","2","3","2","1","5","0","0","1","1","2","3","0","0","1","5","2","6","2","2","74","31","13","1","1","1","2","1","4","43","7","3","1","3","0","0","0","4","12","9","4","1","3","0","0","1","0","22","2","1","0","0","0","0","0","0"
"s25","voters","BREN112","148","60","50","6","0","0","2","0","0","0","30","77","71","35","13","12","1","2","1","0","1","0","1","0","0","0","0","0","0","2","1","1","0","0","0","2","0","2","0","1","0","0","1","0","0","1","2","6","5","3","7","6","0","0","9","5","4","7","5","1","2","2","5","8","6","3","0","0","2","5","6","5","5","0","2","2","2","5","2","3","2","2","2","2","3","0","3","0","0","1","0","0","2","1","0","0","1","0","1","1","1","31","7","6","4","3","0","3","1","5","31","6","8","1","0","1","0","1","2","14","6","6","2","1","0","0","0","1","6","0","0","0","1","0","0","0","1"
"s25","voters","BREN113","14","10","3","1","0","0","0","0","0","0","0","4","10","5","1","0","1","0","0","0","0","0","0","0","0","0","0","0","0","0","0","0","0","0","0","0","0","0","0","0","0","0","0","0","0","0","0","0","0","1","0","1","0","0","1","0","0","0","7","0","0","1","0","0","1","0","0","0","0","1","0","0","0","0","0","0","0","0","0","0","0","0","0","0","0","0","0","0","0","0","0","0","0","0","0","1","0","0","0","0","0","5","2","3","0","0","0","0","0","0","3","0","0","0","0","0","0","0","0","0","0","0","0","0","0","0","0","0","1","0","0","0","0","0","0","0","0"
"s25","voters","BREN114","156","73","50","7","0","1","1","0","2","0","22","72","84","31","13","6","3","5","1","0","0","0","0","0","0","0","0","0","0","0","0","0","0","0","0","0","0","0","0","0","0","1","0","5","0","1","1","1","7","6","8","6","0","7","5","6","15","4","6","0","4","6","5","7","3","3","0","1","3","6","2","7","3","0","2","1","1","2","2","0","0","1","2","8","2","1","0","0","0","0","2","2","0","2","0","1","0","1","0","2","1","35","13","9","3","0","0","0","0","13","25","7","8","2","0","0","3","1","4","11","3","3","2","0","0","0","0","3","10","0","1","0","0","0","0","0","0"
"s25","voters","BREN115","697","301","241","43","0","1","3","0","4","0","104","342","355","52","23","21","9","3","7","1","0","0","5","0","0","1","0","0","0","1","4","2","1","6","6","11","0","2","1","2","0","15","8","4","1","0","13","8","16","19","25","48","0","14","17","23","26","30","62","0","6","4","9","32","26","46","0","8","4","18","28","32","28","0","6","1","14","19","12","11","0","5","5","11","6","5","9","0","5","2","0","5","8","7","0","3","3","3","6","2","7","153","67","38","16","6","0","3","3","15","147","38","26","7","3","2","1","1","16","62","11","14","5","3","1","1","1","6","33","7","6","2","0","1","0","1","1"
"s25","voters","BREN116","96","36","41","3","0","0","2","0","0","0","14","49","47","3","7","2","0","0","3","0","0","0","0","0","0","0","0","0","0","0","0","0","0","0","0","0","0","0","0","0","0","0","5","0","0","0","1","1","1","3","2","6","1","3","3","2","4","4","5","0","1","2","2","3","11","4","1","3","1","1","2","8","2","1","0","1","1","3","2","2","0","0","1","0","0","3","0","0","2","0","0","0","0","0","0","0","0","2","0","1","0","18","6","4","0","1","1","0","0","6","25","7","3","1","2","0","0","1","2","8","2","0","2","0","0","0","1","1","2","1","2","0","0","0","0","0","0"
"s25","voters","BREN117","158","104","23","9","0","3","0","0","1","0","18","52","106","12","1","0","4","1","1","0","0","0","0","0","0","0","0","0","0","2","0","1","0","5","0","0","1","0","0","0","0","9","0","3","1","1","3","1","2","10","6","6","3","5","7","14","23","11","12","0","0","0","1","4","0","3","0","0","4","4","3","0","4","0","2","0","2","4","1","1","0","2","3","1","1","1","0","0","0","0","0","2","1","2","0","2","1","0","2","2","1","76","15","7","3","3","0","0","0","0","11","6","2","2","1","1","0","0","0","10","5","3","0","0","0","0","0","0","11","0","1","0","0","0","0","0","1"
"s25","voters","BREN118","732","305","263","41","1","1","9","0","2","0","110","340","392","64","23","14","8","6","7","2","2","0","1","0","0","3","0","0","0","9","4","6","0","4","2","2","0","2","1","0","0","9","4","5","1","0","10","8","14","22","32","33","3","29","12","22","31","47","42","0","10","14","10","52","24","26","0","6","10","15","33","26","37","1","4","6","6","9","14","17","0","6","4","8","9","12","14","1","4","1","3","7","5","7","2","8","1","4","5","3","3","169","58","30","14","7","3","3","1","20","134","44","39","9","4","0","0","3","30","52","18","13","8","3","0","1","4","11","36","11","2","1","3","0","0","0","1"
"s25","voters","BREN119","407","169","152","17","0","1","4","0","3","0","61","182","225","22","20","12","4","5","8","1","1","2","0","0","0","1","0","0","0","3","1","2","0","8","0","4","1","0","0","0","0","6","1","4","1","0","1","2","7","17","15","26","0","10","8","13","19","21","30","2","4","2","10","19","13","25","1","5","2","14","17","16","22","0","1","2","8","10","2","6","3","4","2","7","6","4","6","0","1","1","1","3","3","1","0","2","4","2","1","2","4","86","41","17","5","6","1","0","0","13","77","25","25","3","2","1","2","0","17","34","7","4","3","3","0","2","1","7","17","4","4","0","0","0","0","0","0"
"s25","voters","BREN120","1110","431","407","57","4","6","12","0","4","0","189","549","561","100","61","25","8","10","8","4","0","0","1","0","0","9","0","0","2","7","5","1","0","2","2","1","1","0","4","2","0","11","4","3","3","2","18","9","24","39","47","52","3","23","18","39","46","48","63","3","23","13","21","58","58","37","1","15","14","31","47","52","34","0","9","6","14","22","25","23","1","9","8","22","18","16","16","1","5","4","8","10","7","11","0","4","1","10","2","10","10","240","62","63","15","8","2","4","2","35","209","66","55","16","17","0","3","5","36","86","38","26","8","9","3","6","1","12","49","19","6","3","3","0","1","0","2"
"s25","voters","BREN121","282","157","69","7","0","1","4","0","0","0","44","136","146","35","7","4","2","5","2","1","1","0","0","0","0","0","0","0","0","8","2","3","0","4","0","3","1","1","0","1","0","3","1","3","2","2","8","6","5","16","8","18","1","9","7","17","23","14","23","0","6","1","5","10","11","10","1","1","1","6","9","5","3","1","2","4","1","6","8","2","0","2","3","1","6","6","2","0","1","1","1","2","1","0","0","1","1","1","2","0","1","91","25","17","5","5","0","0","0","14","38","11","11","0","5","1","0","0","3","18","11","6","2","3","1","0","0","3","6","3","2","1","0","0","0","0","0"
"s25","voters","BREN122","11","2","6","0","0","0","0","0","0","0","3","5","6","0","0","0","0","0","0","0","0","0","0","0","0","0","0","0","0","0","0","0","0","0","0","0","0","0","0","0","0","0","0","0","0","0","0","0","0","0","0","1","0","0","0","0","0","0","1","0","0","0","0","0","0","3","0","0","0","0","1","0","2","0","0","0","0","0","0","1","0","0","0","0","0","0","2","0","0","0","0","0","0","0","0","0","0","0","0","0","0","1","0","0","0","0","0","0","0","1","1","3","1","0","0","0","0","0","1","1","2","0","0","0","0","0","0","0","0","0","0","0","0","0","0","0","0"
"s25","voters","BREN123","407","233","77","8","2","2","3","0","4","0","78","163","244","80","11","26","5","3","2","1","0","0","0","0","0","1","0","1","0","5","0","2","0","2","0","0","0","0","0","0","0","10","0","5","1","0","9","9","12","20","13","17","4","20","17","22","17","23","50","0","3","10","12","9","7","4","2","2","5","7","3","5","8","0","7","8","5","4","6","3","0","7","6","6","11","7","8","0","1","0","0","1","2","1","0","1","4","2","3","2","2","148","34","25","4","5","2","1","5","9","48","17","9","0","1","1","0","0","1","41","16","7","2","5","0","0","0","7","13","3","2","1","0","0","0","0","0"
"s25","voters","BREN124","30","18","8","2","0","0","0","0","0","0","2","15","15","5","0","2","0","0","1","0","0","0","0","0","0","0","0","0","0","2","0","0","0","0","0","0","0","0","0","0","0","0","0","0","0","0","2","0","3","1","2","1","0","0","1","4","1","1","2","0","0","0","0","0","0","3","0","0","1","0","1","1","2","0","0","0","1","0","0","0","0","0","0","1","0","0","0","0","0","0","0","0","0","2","0","0","0","0","0","0","0","7","4","4","2","0","0","0","0","1","1","5","0","0","1","0","0","0","1","2","0","0","0","0","0","0","0","0","2","0","0","0","0","0","0","0","0"
"s25","voters","BREN125","132","68","33","10","0","0","0","0","0","0","21","45","87","8","5","1","1","1","2","0","0","0","0","0","0","0","0","0","0","0","0","2","0","1","0","2","0","0","0","0","0","2","0","3","0","0","2","1","3","2","2","8","0","1","4","6","3","3","33","0","0","1","0","2","1","8","0","1","0","0","2","4","14","1","1","2","0","4","0","2","0","1","2","0","1","1","6","0","2","1","0","0","0","2","0","1","0","0","1","0","3","52","9","3","2","2","0","0","0","0","23","5","1","2","1","0","0","0","1","14","2","1","0","2","0","0","0","2","7","2","1","0","0","0","0","0","0"
"s25","voters","BREN126","289","142","82","21","0","2","1","0","0","0","41","139","150","35","18","7","2","9","3","0","3","1","0","0","0","0","0","0","0","8","2","2","0","0","0","0","0","0","0","0","0","4","2","5","0","2","5","5","11","14","13","12","0","8","6","28","14","10","14","0","2","2","9","12","11","5","1","2","3","12","12","4","7","2","4","2","3","7","3","2","1","2","2","2","5","4","2","0","1","0","4","4","3","1","0","3","0","1","4","3","0","82","25","18","6","4","1","1","0","5","49","11","10","1","5","1","2","2","1","23","9","5","3","0","0","0","0","1","11","6","5","0","1","0","1","0","0"
"s25","voters","BREN127","1529","818","394","48","4","5","20","0","4","0","236","635","894","228","69","62","18","9","13","3","0","5","1","0","0","3","3","0","1","9","8","8","1","12","4","8","0","9","5","6","0","56","8","19","1","2","19","22","64","61","48","78","4","51","58","118","87","69","137","1","3","18","49","49","27","45","1","10","24","58","34","26","49","2","11","12","33","21","15","25","2","12","15","28","29","10","21","1","6","3","5","8","1","6","0","6","4","14","14","5","8","445","184","84","23","28","3","5","15","31","240","68","43","17","16","0","1","1","8","131","43","23","20","6","1","3","1","8","49","16","7","2","4","1","1","1","0"
"s25","voters","BREN128","1178","532","335","65","2","5","12","0","3","0","224","554","624","85","33","35","16","12","10","6","2","0","0","0","0","5","2","1","0","10","7","12","2","15","4","6","1","2","2","0","0","14","9","8","1","5","27","25","26","43","55","40","8","38","30","40","87","55","53","3","18","11","20","51","43","43","2","10","9","18","35","44","28","4","18","11","10","23","30","8","1","15","14","13","36","28","13","1","7","3","1","11","11","6","0","6","5","8","13","11","4","321","93","52","18","8","3","4","3","30","184","53","44","9","12","1","0","2","30","121","34","28","18","4","2","4","2","11","58","12","10","2","1","0","1","1","2"
"s25","voters","BREN129","1812","829","631","134","3","6","10","0","4","0","195","750","1062","95","42","14","15","26","12","7","7","0","1","1","0","6","3","3","0","6","2","4","1","7","6","1","2","0","1","0","0","15","13","4","1","0","10","16","16","16","33","221","3","14","20","20","26","70","364","1","8","11","15","21","47","164","1","4","5","17","20","68","249","0","4","8","8","12","16","46","2","6","2","9","5","12","65","1","3","4","3","3","17","46","0","1","3","0","4","18","54","485","146","89","22","16","4","9","4","54","358","80","76","20","14","8","10","4","61","110","28","21","13","4","1","4","3","11","109","27","7","6","5","0","1","0","2"
"s25","voters","BREN130","572","267","167","31","2","2","4","0","1","0","98","269","303","42","23","14","5","8","4","4","2","1","1","1","0","3","3","1","0","7","5","12","1","6","2","1","1","2","2","0","1","10","15","7","0","1","11","13","14","23","25","23","1","22","12","24","35","31","32","0","7","6","13","18","25","17","0","4","8","12","19","17","21","1","7","1","5","15","12","12","1","5","4","7","14","6","8","0","6","1","4","5","1","3","1","3","3","3","5","3","2","150","51","33","10","6","2","2","0","13","94","27","14","4","7","0","1","1","19","40","24","13","8","2","2","2","1","6","22","11","3","2","0","0","0","0","2"
"s25","voters","BREN131","1354","588","523","70","1","2","8","0","3","0","159","602","752","87","49","25","5","29","20","2","0","2","2","1","0","3","0","1","0","1","7","2","0","0","8","3","1","3","0","0","0","10","11","1","0","2","13","5","20","16","39","122","1","18","20","24","44","65","199","0","11","14","15","36","67","119","0","11","10","21","21","51","147","0","7","8","7","10","23","30","1","6","5","10","10","14","28","0","1","1","4","6","8","18","0","1","1","4","8","9","23","348","95","66","16","7","6","2","1","47","282","67","65","20","12","5","8","1","63","88","25","16","16","3","1","2","0","8","50","15","9","0","1","1","0","1","7"
"s25","voters","BREN132","766","348","214","37","1","2","8","0","1","0","155","349","417","50","23","21","8","10","7","4","3","3","1","2","0","0","0","0","0","4","4","9","0","2","3","8","1","1","0","2","0","17","8","5","0","1","13","9","17","32","32","38","5","27","15","18","44","39","58","1","9","5","7","20","32","29","0","7","4","14","26","22","38","1","14","3","6","18","14","21","0","13","6","9","20","16","14","0","3","2","4","7","5","6","0","1","1","3","8","3","6","197","59","41","8","8","3","5","0","27","123","35","20","9","1","4","3","2","17","85","29","13","13","1","0","2","1","11","32","13","2","1","0","0","0","0","1"
"s25","voters","BREN133","1796","989","498","96","0","5","7","0","1","0","200","811","985","73","21","8","4","83","22","9","7","4","1","0","0","3","1","2","0","19","3","15","1","10","4","5","1","3","0","2","0","5","6","2","3","0","5","6","8","12","34","351","1","9","10","8","20","65","460","0","3","1","9","8","25","192","1","1","2","9","7","34","206","0","0","0","3","2","12","93","1","1","2","7","3","10","66","0","0","3","0","0","2","42","0","0","0","3","2","13","44","578","216","105","46","15","9","4","1","15","285","95","51","31","16","6","0","1","13","122","44","17","7","6","1","1","0","2","81","16","6","3","1","2","0","0","0"
"s25","voters","BREN134","590","302","189","35","1","2","3","0","0","0","58","215","375","33","10","2","1","10","6","3","3","0","0","0","0","4","1","0","0","2","3","3","0","1","0","1","0","1","0","1","0","3","4","2","0","0","0","1","0","0","8","88","0","0","1","1","1","15","187","0","0","0","0","0","9","70","0","0","0","0","0","14","96","0","0","0","0","1","4","16","0","0","0","0","0","9","28","0","0","0","0","1","0","17","0","0","0","0","0","1","22","200","43","30","5","3","2","0","2","17","122","32","13","6","1","1","0","4","10","40","7","4","4","0","0","0","0","3","26","8","4","0","0","0","0","2","1"
"s25","voters","BREN135","1049","484","317","62","1","3","6","0","1","0","175","447","602","141","47","38","13","6","5","5","1","0","0","0","0","0","0","0","0","10","2","4","0","5","7","2","1","0","1","1","0","20","18","10","1","2","8","16","40","33","35","42","3","25","36","60","65","42","77","2","9","10","37","32","27","36","0","5","18","40","29","33","39","2","12","9","19","18","6","13","2","17","10","20","18","15","14","0","1","10","7","8","8","5","0","4","5","6","9","8","2","260","95","63","24","12","1","4","3","22","179","56","37","14","6","0","1","1","23","112","25","12","10","6","0","1","1","8","46","15","7","3","1","0","0","1","0"
"s25","voters","BREN136","1031","512","288","52","3","1","8","0","2","0","165","439","592","125","48","33","13","8","1","1","2","0","0","0","0","2","0","3","0","3","3","5","0","10","4","11","2","1","0","0","4","10","11","3","0","2","12","14","40","42","35","47","2","28","26","61","54","49","100","1","7","19","23","22","36","30","0","5","14","30","25","27","49","1","6","5","16","19","10","19","2","7","10","15","22","19","14","0","3","3","6","7","8","6","0","2","7","6","8","7","3","284","92","64","28","11","1","3","1","28","167","45","38","18","5","1","3","0","11","83","28","27","11","7","2","0","1","6","39","16","7","3","0","0","0","0","1"
"s25","voters","BREN137","607","268","217","33","1","1","12","0","1","0","74","289","318","64","32","16","1","11","9","1","3","2","0","0","0","1","1","1","0","2","2","3","0","3","0","1","2","1","0","0","0","6","0","0","1","0","15","12","13","15","20","33","2","15","14","19","28","33","49","1","9","6","12","19","40","27","0","3","11","15","22","35","17","0","5","2","7","11","8","9","0","3","6","6","5","9","3","0","1","2","7","6","7","2","0","1","3","5","1","8","5","156","47","29","7","8","2","0","2","17","114","30","35","7","7","0","3","0","21","36","15","7","2","2","5","0","1","6","25","13","6","1","1","0","0","0","2"
"s25","voters","BREN138","199","94","66","10","0","2","0","0","1","0","26","93","106","16","3","3","2","3","8","0","0","0","0","0","0","0","0","0","1","0","0","0","0","0","1","0","0","0","0","0","0","5","3","4","0","1","3","5","6","7","6","10","0","6","10","9","10","8","13","0","4","7","1","3","9","10","1","2","5","3","5","10","6","0","5","5","1","1","2","1","0","3","2","2","1","3","0","0","0","0","1","3","0","2","0","2","0","1","1","2","1","49","13","16","6","1","1","0","0","8","34","13","11","2","2","0","0","1","3","15","4","5","0","0","0","0","0","2","7","4","2","0","0","0","0","0","0"
"s25","voters","BREN139","215","109","48","15","2","0","1","0","0","0","40","102","113","18","7","4","1","1","1","1","0","1","0","1","0","0","0","0","0","1","0","0","1","1","0","0","0","0","0","1","0","2","1","4","1","0","5","11","3","5","12","10","0","7","8","10","16","9","13","0","1","3","4","4","9","4","1","2","2","2","6","7","3","0","4","1","3","8","4","0","0","3","2","7","5","2","1","0","4","0","1","3","1","2","0","1","1","1","2","1","1","60","22","13","1","0","0","0","0","13","22","7","9","3","0","0","1","1","5","25","8","6","0","0","0","0","0","1","12","5","0","0","0","0","0","0","1"
"s25","voters","BREN802","4","1","1","0","0","0","0","0","0","0","2","4","0","1","0","0","0","0","0","0","0","0","0","0","0","0","0","0","0","0","0","0","0","0","0","0","0","0","0","0","0","0","0","0","0","0","0","0","0","0","0","1","0","0","0","0","0","0","0","0","0","0","0","0","0","1","0","0","0","0","0","0","0","0","0","0","0","1","0","1","0","0","0","0","0","0","0","0","0","0","0","0","0","0","0","0","0","0","0","0","0","1","0","0","0","0","0","0","0","0","0","0","1","0","0","0","0","0","0","1","0","0","1","0","0","0","0","0","0","0","0","0","0","0","0","0","0"
"s25","voters","BREN803","4","3","0","0","0","0","0","0","0","0","1","1","3","1","0","0","0","0","0","0","0","0","0","0","0","0","0","0","0","0","0","0","0","0","0","0","0","0","0","0","0","0","0","0","0","0","0","1","0","0","0","0","0","1","0","0","1","0","0","0","0","0","0","0","0","0","0","0","0","0","0","0","0","0","0","0","0","0","0","0","0","1","0","0","0","0","0","0","0","0","0","0","0","0","0","0","0","0","0","0","0","3","0","0","0","0","0","0","0","0","0","0","0","0","0","0","0","0","0","1","0","0","0","0","0","0","0","0","0","0","0","0","0","0","0","0","0"
"s25","voters","BREN804","4","4","0","0","0","0","0","0","0","0","0","2","2","4","0","0","0","0","0","0","0","0","0","0","0","0","0","0","0","0","0","0","0","0","0","0","0","0","0","0","0","0","0","0","0","0","2","0","0","0","0","0","0","0","2","0","0","0","0","0","0","0","0","0","0","0","0","0","0","0","0","0","0","0","0","0","0","0","0","0","0","0","0","0","0","0","0","0","0","0","0","0","0","0","0","0","0","0","0","0","0","1","2","1","0","0","0","0","0","0","0","0","0","0","0","0","0","0","0","0","0","0","0","0","0","0","0","0","0","0","0","0","0","0","0","0","0"
"s25","voters","BREN805","3","3","0","0","0","0","0","0","0","0","0","2","1","0","0","0","0","0","0","0","0","0","0","0","0","0","0","0","0","0","0","0","0","3","0","0","0","0","0","0","0","0","0","0","0","0","0","1","0","0","0","1","0","0","0","0","0","0","1","0","0","0","0","0","0","0","0","0","0","0","0","0","0","0","0","0","0","0","0","0","0","0","0","0","0","0","0","0","0","0","0","0","0","0","0","0","0","0","0","0","0","1","0","2","0","0","0","0","0","0","0","0","0","0","0","0","0","0","0","0","0","0","0","0","0","0","0","0","0","0","0","0","0","0","0","0","0"
"s25","voters","BREN806","1","0","1","0","0","0","0","0","0","0","0","1","0","0","0","0","0","0","0","0","0","0","0","0","0","0","0","0","0","0","0","0","0","0","0","0","0","0","0","0","0","0","0","0","0","0","0","0","0","0","0","0","0","0","0","0","0","0","0","0","0","0","0","0","0","1","0","0","0","0","0","0","0","0","0","0","0","0","0","0","0","0","0","0","0","0","0","0","0","0","0","0","0","0","0","0","0","0","0","0","0","0","0","0","0","0","0","0","0","0","1","0","0","0","0","0","0","0","0","0","0","0","0","0","0","0","0","0","0","0","0","0","0","0","0","0","0"
"s25","voters","BREN807","1","1","0","0","0","0","0","0","0","0","0","0","1","0","0","0","0","0","0","0","0","0","0","0","0","0","0","0","0","0","0","0","0","0","0","0","0","0","0","0","0","0","0","0","0","0","0","0","0","0","0","0","0","0","1","0","0","0","0","0","0","0","0","0","0","0","0","0","0","0","0","0","0","0","0","0","0","0","0","0","0","0","0","0","0","0","0","0","0","0","0","0","0","0","0","0","0","0","0","0","0","1","0","0","0","0","0","0","0","0","0","0","0","0","0","0","0","0","0","0","0","0","0","0","0","0","0","0","0","0","0","0","0","0","0","0","0"
"s25","voters","BREN808","3","0","0","0","1","0","0","0","0","0","2","2","1","0","0","0","0","0","0","0","0","0","0","0","0","0","0","0","0","0","0","0","0","0","0","0","0","0","0","0","0","0","0","0","0","0","0","0","0","0","0","0","0","0","0","0","0","0","0","0","0","0","0","0","0","0","0","0","0","0","0","0","0","0","0","0","0","0","1","1","0","0","0","0","0","0","0","0","0","0","0","0","0","0","0","0","0","0","0","1","0","0","0","0","0","0","0","0","0","0","0","0","0","0","0","0","0","0","0","0","1","0","0","0","0","0","0","1","1","0","0","0","0","0","0","0","0"
"s25","voters","BREN809","4","1","3","0","0","0","0","0","0","0","0","1","3","0","0","0","0","0","3","0","0","0","0","0","0","0","0","0","0","0","0","0","0","0","0","0","0","0","0","0","0","0","0","0","0","0","0","0","0","0","0","0","0","0","0","0","0","0","1","0","0","0","0","0","0","1","0","0","0","0","1","0","1","0","0","0","0","0","0","0","0","0","0","0","0","0","0","0","0","0","0","0","0","0","0","0","0","0","0","0","0","1","0","0","0","0","0","0","0","0","1","0","1","0","0","0","0","0","1","0","0","0","0","0","0","0","0","0","0","0","0","0","0","0","0","0","0"
"s25","voters","BRHL101","80","46","21","1","0","0","2","0","0","0","10","34","46","0","0","0","0","6","1","1","1","0","0","1","0","0","0","0","0","3","0","0","0","0","0","0","0","3","0","1","0","0","0","0","0","0","2","2","2","4","2","6","0","1","2","8","2","7","8","0","0","1","1","1","1","6","0","0","1","2","1","0","7","0","1","0","1","0","2","0","0","0","0","2","2","0","2","0","0","0","0","0","0","2","0","0","0","0","0","0","1","28","6","2","1","1","1","0","1","6","9","2","3","0","1","0","0","0","6","5","2","0","1","1","0","0","0","1","2","0","0","0","0","1","0","0","0"
"s25","voters","BRHL102","72","32","21","0","0","0","1","0","0","0","18","45","27","1","2","0","0","2","1","0","0","2","0","0","0","2","0","0","0","1","4","7","0","0","0","0","0","1","0","0","0","0","2","1","0","0","1","2","4","4","0","9","0","0","0","2","1","2","7","1","1","0","2","3","1","5","0","0","0","1","1","1","5","0","1","0","2","1","1","6","0","0","0","1","1","1","4","0","0","0","1","0","0","0","0","0","0","0","0","0","0","22","2","5","0","0","0","0","0","3","8","7","1","0","1","0","2","0","2","12","1","3","0","0","1","0","0","1","0","0","0","1","0","0","0","0","0"
"s25","voters","BRHL103","463","248","129","17","1","4","2","0","2","0","60","214","249","14","7","0","5","15","6","3","0","1","1","1","0","1","0","0","0","6","2","1","0","4","2","1","1","3","1","0","0","2","2","1","0","0","0","13","12","10","22","36","1","4","7","19","18","32","74","0","3","2","4","17","16","30","0","2","0","4","9","13","29","1","2","1","3","7","6","16","0","2","1","1","7","5","8","2","1","1","0","1","4","4","0","0","1","0","3","3","6","140","32","34","11","8","2","2","1","18","68","16","16","4","2","1","2","1","19","30","8","8","6","3","0","1","0","4","20","2","2","0","0","0","1","0","1"
"s25","voters","BRHL104","8","5","1","0","0","0","1","0","0","0","1","4","4","1","0","0","0","0","0","0","0","0","0","0","0","0","0","0","0","0","0","0","0","0","0","0","0","0","0","0","0","0","0","0","0","0","0","0","0","2","0","0","0","0","0","1","0","0","2","0","0","0","0","0","0","1","0","0","0","0","0","0","0","0","0","0","0","0","0","0","0","0","0","0","1","0","0","0","0","0","0","0","1","0","0","0","0","0","0","0","0","4","0","1","0","0","0","0","0","0","1","0","0","0","0","0","0","0","0","1","0","0","0","0","0","0","0","0","1","0","0","0","0","0","0","0","0"
"s25","voters","BRHL105","189","122","27","4","0","0","3","0","1","0","32","90","99","11","2","3","1","5","1","1","0","3","0","2","0","3","0","1","0","6","0","1","0","0","0","0","0","0","0","0","0","2","0","1","0","1","0","3","5","6","8","23","0","1","7","9","6","6","47","0","0","1","3","1","3","8","0","0","1","2","3","0","5","0","3","1","5","3","4","6","0","1","2","2","2","2","1","0","0","1","1","0","0","4","0","0","0","0","1","0","1","48","32","20","3","3","0","1","1","14","16","1","3","2","1","0","0","0","4","18","3","4","1","1","0","0","0","5","5","3","0","0","0","0","0","0","0"
"s25","voters","BRHL106","38","19","12","1","0","0","1","0","0","0","5","16","22","3","1","1","0","0","0","0","0","0","0","0","0","0","0","0","0","1","1","0","0","0","0","0","0","0","0","0","0","2","0","0","1","0","0","0","0","1","0","5","0","2","1","1","3","2","4","0","0","1","1","0","0","4","0","1","0","0","0","1","4","0","0","1","0","0","0","2","0","0","0","0","0","0","2","0","0","1","0","0","0","0","0","0","1","0","0","0","0","12","2","2","0","0","0","0","0","3","4","2","4","0","0","0","1","0","1","4","0","1","0","0","0","0","0","0","1","1","0","0","0","0","0","0","0"
"s25","voters","BRHL107","63","29","25","3","0","0","0","0","0","0","6","32","31","3","1","1","1","6","1","0","0","0","0","0","0","0","0","0","0","0","0","0","0","0","0","0","0","0","0","0","0","0","0","0","0","1","1","0","0","2","5","3","0","0","2","2","2","7","4","1","1","0","0","2","3","7","0","0","0","0","1","3","7","0","1","0","0","1","1","2","0","0","0","0","0","1","0","0","1","0","0","0","0","0","0","0","0","0","0","1","1","17","3","4","0","1","0","0","1","3","11","3","3","1","0","0","0","0","7","3","0","0","0","0","0","0","0","3","1","1","1","0","0","0","0","0","0"
"s25","voters","BRHL108","531","307","115","12","1","0","3","0","1","0","92","258","273","5","9","2","2","26","2","3","0","5","3","1","0","0","1","0","0","9","1","4","1","9","2","2","0","0","3","0","0","3","0","1","0","1","10","2","15","24","29","49","2","7","4","23","41","34","66","0","6","2","6","15","12","30","0","3","1","2","7","11","20","0","2","2","10","13","13","10","1","1","2","7","9","9","13","0","0","0","2","2","1","2","0","0","0","3","1","2","4","158","60","31","8","5","5","8","1","31","64","21","10","1","1","1","0","0","17","37","23","15","7","3","0","1","0","6","11","4","1","0","1","0","0","0","0"
"s25","voters","BRHL109","343","167","84","17","1","1","2","0","0","0","71","157","186","9","4","4","2","12","1","1","1","0","0","0","0","2","2","0","0","2","2","1","1","7","0","2","0","2","0","1","0","0","0","1","0","0","0","5","10","5","17","26","0","1","12","19","12","19","41","0","4","1","3","6","7","26","0","1","0","1","3","8","24","0","2","1","5","6","10","13","0","2","2","7","4","6","13","1","1","0","0","2","0","6","0","0","0","0","1","3","7","89","20","25","8","6","3","0","2","14","39","15","6","4","0","0","1","0","19","30","12","10","3","5","0","0","1","10","14","4","1","1","0","0","0","0","1"
"s25","voters","BRHL802","0","0","0","0","0","0","0","0","0","0","0","0","0","0","0","0","0","0","0","0","0","0","0","0","0","0","0","0","0","0","0","0","0","0","0","0","0","0","0","0","0","0","0","0","0","0","0","0","0","0","0","0","0","0","0","0","0","0","0","0","0","0","0","0","0","0","0","0","0","0","0","0","0","0","0","0","0","0","0","0","0","0","0","0","0","0","0","0","0","0","0","0","0","0","0","0","0","0","0","0","0","0","0","0","0","0","0","0","0","0","0","0","0","0","0","0","0","0","0","0","0","0","0","0","0","0","0","0","0","0","0","0","0","0","0","0","0"
"s25","voters","BRVL101","26","11","13","1","0","0","0","0","0","0","1","14","12","0","0","0","0","0","0","0","0","0","0","0","0","0","0","0","0","0","0","0","0","0","0","0","0","0","0","0","0","0","0","0","0","0","0","0","0","0","1","5","0","0","0","0","0","2","3","0","1","1","0","2","0","4","0","0","0","1","1","1","2","0","0","0","0","0","0","0","0","0","0","0","0","0","1","0","0","0","0","0","0","0","0","1","0","0","0","0","0","3","2","2","1","0","0","0","0","3","7","3","1","0","0","0","0","0","2","1","0","0","0","0","0","0","0","0","1","0","0","0","0","0","0","0","0"
"s25","voters","BRVL102","6","2","4","0","0","0","0","0","0","0","0","3","3","0","0","0","0","1","1","0","0","0","0","0","0","0","0","0","0","0","0","0","0","0","0","0","0","0","0","0","0","0","0","0","0","0","0","0","0","0","1","0","0","0","0","0","0","0","1","0","0","1","0","0","1","0","0","0","0","0","0","2","0","0","0","0","0","0","0","0","0","0","0","0","0","0","0","0","0","0","0","0","0","0","0","0","0","0","0","0","0","1","0","1","0","0","0","0","0","0","2","2","0","0","0","0","0","0","0","0","0","0","0","0","0","0","0","0","0","0","0","0","0","0","0","0","0"
"s25","voters","BRVL103","115","32","58","8","0","1","1","0","0","0","15","59","56","3","3","2","1","3","3","1","0","0","0","0","0","0","0","0","0","0","0","0","0","0","0","0","0","0","0","0","0","1","0","1","0","0","0","1","1","2","3","6","0","0","2","1","1","3","12","1","2","2","4","3","7","14","0","2","1","3","2","7","10","0","1","2","1","0","1","4","0","0","1","0","1","1","3","0","1","0","1","0","1","1","0","0","0","1","1","0","4","19","6","2","0","0","1","0","0","4","30","10","4","1","3","0","1","1","8","8","1","4","0","1","0","0","0","1","5","2","2","0","1","0","0","0","0"
"s25","voters","BRVL104","31","8","15","3","0","0","2","0","0","0","3","15","16","0","1","0","0","2","0","0","0","0","0","0","0","0","0","0","0","0","0","0","0","0","0","0","0","0","0","0","0","0","0","0","0","0","0","0","0","0","0","3","0","0","0","0","0","1","4","0","0","0","1","3","2","3","0","0","0","1","2","1","2","0","0","0","0","1","0","1","0","0","1","0","0","0","0","0","0","0","0","0","0","1","0","0","0","1","1","1","1","3","1","1","1","0","0","0","0","2","9","1","2","1","1","0","0","0","1","1","0","0","0","0","0","0","0","2","1","3","0","0","0","0","0","0","1"
"s25","voters","BRVL105","200","60","98","11","0","0","2","0","0","0","29","100","100","2","12","3","1","3","5","2","1","0","0","0","0","0","0","0","0","0","0","0","0","0","0","0","0","0","0","0","0","3","0","0","1","1","1","3","2","3","3","14","0","1","1","1","5","5","20","2","0","4","1","14","14","14","0","6","1","4","11","11","16","0","1","1","0","4","3","8","0","1","2","1","2","2","4","0","1","0","0","1","1","4","0","1","0","1","0","0","4","34","7","4","0","2","0","2","0","11","51","15","11","2","3","0","0","1","15","12","6","4","0","1","0","0","0","6","9","0","3","1","0","0","0","0","0"
"s25","voters","BRVL106","68","30","26","4","0","0","1","0","0","0","7","34","34","0","4","2","0","0","0","0","0","0","0","0","0","0","0","0","0","1","2","0","0","0","0","0","0","0","0","0","0","1","0","0","0","1","0","3","0","3","2","6","0","1","1","0","4","4","5","0","1","1","2","5","0","6","0","0","1","0","3","1","6","0","0","0","1","1","1","1","0","1","0","1","1","0","0","0","0","0","0","0","0","0","0","1","0","1","2","0","1","16","5","4","0","0","0","0","1","4","16","1","4","1","0","0","1","1","2","5","0","1","1","0","0","0","0","0","2","1","2","0","0","0","0","0","0"
"s25","voters","BRVL801","4","0","3","0","0","0","0","0","0","0","1","3","1","0","0","0","0","0","0","0","0","0","0","0","0","0","0","0","0","0","0","0","0","0","0","0","0","0","0","0","0","0","0","0","0","0","0","0","0","0","0","0","0","0","0","0","0","0","0","1","1","0","0","1","0","0","0","0","0","0","0","0","0","0","0","0","0","0","0","0","0","0","0","0","1","0","0","0","0","0","0","0","0","0","0","0","0","0","0","0","0","0","0","0","0","0","0","0","0","0","2","1","0","0","0","0","0","0","0","1","0","0","0","0","0","0","0","0","0","0","0","0","0","0","0","0","0"
"s25","voters","BRVL802","2","0","1","0","0","0","1","0","0","0","0","1","1","0","0","0","0","0","0","0","0","0","0","0","0","0","0","0","0","0","0","0","0","0","0","0","0","0","0","0","0","0","0","0","0","0","0","0","0","0","0","0","0","0","0","0","0","0","0","0","0","0","0","0","0","0","0","0","0","0","0","0","1","0","0","0","0","0","0","0","0","0","0","0","0","0","0","0","0","0","0","0","0","1","0","0","0","0","0","0","0","0","0","0","0","0","0","0","0","0","0","0","0","1","0","0","0","0","0","0","0","0","0","0","0","0","0","0","1","0","0","0","0","0","0","0","0"
"s25","voters","BRVL803","6","0","4","0","0","0","0","0","0","0","2","4","2","0","0","0","0","0","0","0","0","0","0","0","0","0","0","0","0","0","0","0","0","0","0","0","0","0","0","0","0","0","0","0","0","0","0","0","0","0","0","0","0","0","0","0","0","0","0","0","1","0","0","2","0","0","0","0","0","0","0","1","0","0","0","0","0","0","0","1","0","0","0","0","0","0","1","0","0","0","0","0","0","0","0","0","0","0","0","0","0","0","0","0","0","0","0","0","0","0","3","0","1","0","0","0","0","0","0","1","0","0","0","0","0","0","0","1","0","0","0","0","0","0","0","0","0"
"s25","voters","BRVL804","5","1","3","0","0","0","0","0","0","0","1","2","3","1","2","0","0","0","0","0","0","0","0","0","0","0","0","0","0","0","0","0","0","0","0","0","0","0","0","0","0","0","0","0","0","0","0","0","0","0","0","0","0","0","0","0","0","0","1","0","0","0","1","0","0","1","0","0","0","1","0","0","0","0","0","0","0","0","0","0","0","0","0","0","0","0","1","0","0","0","0","0","0","0","0","0","0","0","0","0","0","1","0","0","0","0","0","0","0","0","2","0","1","0","0","0","0","0","0","1","0","0","0","0","0","0","0","0","0","0","0","0","0","0","0","0","0"
"s25","voters","BRVL805","5","3","2","0","0","0","0","0","0","0","0","3","2","0","0","0","0","0","0","0","0","0","0","0","0","0","0","0","0","0","0","0","0","0","0","0","0","0","0","0","0","0","0","0","0","0","0","0","0","0","0","1","0","0","0","0","2","0","0","0","0","0","0","2","0","0","0","0","0","0","0","0","0","0","0","0","0","0","0","0","0","0","0","0","0","0","0","0","0","0","0","0","0","0","0","0","0","0","0","0","0","2","1","0","0","0","0","0","0","0","1","1","0","0","0","0","0","0","0","0","0","0","0","0","0","0","0","0","0","0","0","0","0","0","0","0","0"
"s25","voters","BYRN101","10","3","7","0","0","0","0","0","0","0","0","7","3","0","5","0","0","0","0","0","0","0","0","0","0","0","0","0","0","0","0","0","0","0","0","0","0","0","0","0","0","0","0","0","0","0","0","0","0","1","0","1","0","0","0","0","0","0","1","0","1","0","1","2","0","1","0","0","0","0","1","0","1","0","0","0","0","0","0","0","0","0","0","0","0","0","0","0","0","0","0","0","0","0","0","0","0","0","0","0","0","2","1","0","0","0","0","0","0","0","5","0","0","0","0","0","0","0","2","0","0","0","0","0","0","0","0","0","0","0","0","0","0","0","0","0","0"
"s25","voters","BYRN102","10","1","9","0","0","0","0","0","0","0","0","7","3","1","3","0","0","0","0","0","0","0","0","0","0","0","0","0","0","0","0","0","0","0","0","0","0","0","0","0","0","0","0","0","0","0","0","0","0","0","0","0","0","0","0","0","0","1","0","0","0","0","4","1","1","1","0","0","0","1","0","1","0","0","0","0","0","0","0","0","0","0","0","0","0","0","0","0","0","0","0","0","0","0","0","0","0","0","0","0","0","0","0","0","0","0","0","0","0","1","7","2","0","0","0","0","0","0","0","0","0","0","0","0","0","0","0","0","0","0","0","0","0","0","0","0","0"
"s25","voters","BYRN103","20","2","15","1","0","0","0","0","0","0","2","9","11","0","4","1","0","0","0","1","0","0","0","0","0","0","0","0","0","0","0","0","0","0","0","0","0","0","0","0","0","0","0","0","0","0","0","1","0","0","0","0","0","0","0","1","0","0","0","1","0","2","1","0","4","0","0","0","3","2","0","0","2","0","0","0","0","0","0","0","0","0","0","1","0","0","1","0","0","0","0","0","0","0","0","0","0","0","0","1","0","2","0","0","0","0","0","0","0","0","9","1","2","0","1","0","1","0","1","0","2","0","0","0","0","0","0","0","0","0","0","0","0","0","0","0","1"
"s25","voters","BYRN104","114","34","61","3","1","1","1","0","0","0","13","59","55","6","2","1","1","1","3","0","0","0","0","0","0","0","0","0","0","0","0","0","0","1","1","0","0","0","0","0","0","0","1","1","0","0","2","2","2","1","2","5","0","1","3","2","1","5","8","1","3","1","4","6","4","15","0","0","0","5","7","5","10","0","0","1","0","1","3","3","0","0","1","1","0","1","2","0","2","0","0","1","0","0","0","1","0","0","0","0","2","17","6","1","1","3","0","0","0","6","41","9","7","1","0","0","0","0","3","5","2","3","1","0","0","1","0","1","6","0","0","0","0","0","0","0","0"
"s25","voters","BYRN105","136","55","60","7","0","0","2","0","0","0","12","65","71","22","8","4","2","1","1","1","1","0","0","0","0","0","0","0","1","0","0","0","0","0","2","0","0","0","0","0","0","0","4","0","1","0","3","1","1","3","1","13","2","5","4","6","2","3","11","0","1","3","1","6","8","11","1","0","5","3","5","6","10","2","0","0","2","3","0","2","0","1","0","0","2","0","0","0","1","0","2","0","1","0","0","0","0","2","1","0","2","26","4","13","4","3","0","0","1","4","31","7","11","0","2","0","0","2","7","7","2","2","0","0","0","0","0","1","6","2","0","1","0","0","0","0","0"
"s25","voters","BYRN106","144","37","82","8","0","2","1","0","0","0","14","72","72","14","5","3","2","1","1","0","0","0","0","0","0","0","0","0","0","0","0","0","1","1","1","0","0","0","0","0","0","3","3","1","0","0","1","2","1","4","1","7","0","1","2","5","2","2","9","0","0","3","5","2","15","19","0","2","5","6","4","8","13","0","1","0","0","0","2","3","0","1","1","1","0","1","4","0","1","1","0","1","1","2","0","1","0","0","2","0","2","20","3","6","2","3","0","0","0","3","51","14","6","0","1","2","1","0","7","5","2","4","1","0","0","1","0","1","9","1","1","0","0","0","0","0","0"
"s25","voters","BYRN107","48","19","14","0","0","0","0","0","1","0","14","20","28","12","4","10","1","0","0","0","0","0","0","0","0","0","0","0","0","0","0","0","0","1","0","0","0","0","0","0","0","0","0","0","0","0","0","0","0","2","2","1","1","5","1","1","4","2","0","0","2","2","2","1","2","1","1","1","0","0","0","2","0","0","1","0","1","1","1","0","1","3","0","1","3","2","0","0","0","0","1","0","0","0","0","0","0","0","0","0","0","9","3","1","1","3","0","0","0","2","9","0","2","1","1","0","0","0","1","9","2","3","0","0","0","0","0","0","0","1","0","0","0","0","0","0","0"
"s25","voters","BYRN801","2","1","0","0","0","0","0","0","0","0","1","1","1","0","0","0","0","0","0","0","0","0","0","0","0","0","0","0","0","0","0","0","0","0","0","0","0","0","0","0","0","0","0","0","0","0","0","0","0","0","0","0","0","0","0","0","1","0","0","0","0","0","0","0","0","0","0","0","0","0","0","0","0","0","0","0","0","1","0","0","0","0","0","0","0","0","0","0","0","0","0","0","0","0","0","0","0","0","0","0","0","1","0","0","0","0","0","0","0","0","0","0","0","0","0","0","0","0","0","1","0","0","0","0","0","0","0","0","0","0","0","0","0","0","0","0","0"
"s25","voters","BYRN806","7","1","6","0","0","0","0","0","0","0","0","4","3","1","2","0","0","0","2","0","0","0","0","0","0","0","0","0","0","0","0","0","0","0","0","0","0","0","0","0","0","0","0","0","0","0","0","0","0","0","0","0","0","0","0","1","0","0","0","0","1","0","0","2","1","0","0","0","0","1","0","1","0","0","0","0","0","0","0","0","0","0","0","0","0","0","0","0","0","0","0","0","0","0","0","0","0","0","0","0","0","1","0","0","0","0","0","0","0","0","4","0","1","0","0","0","0","0","1","0","0","0","0","0","0","0","0","0","0","0","0","0","0","0","0","0","0"
"s25","voters","BYRN807","0","0","0","0","0","0","0","0","0","0","0","0","0","0","0","0","0","0","0","0","0","0","0","0","0","0","0","0","0","0","0","0","0","0","0","0","0","0","0","0","0","0","0","0","0","0","0","0","0","0","0","0","0","0","0","0","0","0","0","0","0","0","0","0","0","0","0","0","0","0","0","0","0","0","0","0","0","0","0","0","0","0","0","0","0","0","0","0","0","0","0","0","0","0","0","0","0","0","0","0","0","0","0","0","0","0","0","0","0","0","0","0","0","0","0","0","0","0","0","0","0","0","0","0","0","0","0","0","0","0","0","0","0","0","0","0","0"
"s25","voters","BYRN808","0","0","0","0","0","0","0","0","0","0","0","0","0","0","0","0","0","0","0","0","0","0","0","0","0","0","0","0","0","0","0","0","0","0","0","0","0","0","0","0","0","0","0","0","0","0","0","0","0","0","0","0","0","0","0","0","0","0","0","0","0","0","0","0","0","0","0","0","0","0","0","0","0","0","0","0","0","0","0","0","0","0","0","0","0","0","0","0","0","0","0","0","0","0","0","0","0","0","0","0","0","0","0","0","0","0","0","0","0","0","0","0","0","0","0","0","0","0","0","0","0","0","0","0","0","0","0","0","0","0","0","0","0","0","0","0","0"
"s25","voters","BYRN809","6","2","1","0","0","0","0","0","0","0","3","2","4","1","0","2","0","0","0","0","0","0","0","0","0","0","0","0","0","0","0","0","0","0","0","0","0","0","0","0","0","0","0","0","0","0","0","0","0","0","0","1","0","0","0","0","0","1","0","0","0","0","0","0","1","0","0","0","0","0","0","0","0","0","0","0","0","0","0","0","0","1","0","1","0","0","1","0","0","0","0","0","0","0","0","0","0","0","0","0","0","2","0","0","0","0","0","0","0","0","1","0","0","0","0","0","0","0","0","1","1","0","1","0","0","0","0","0","0","0","0","0","0","0","0","0","0"
"s25","voters","BYRN810","4","1","0","0","0","1","0","0","0","0","2","2","2","0","0","2","1","0","0","0","0","0","0","0","0","0","0","0","0","0","0","0","0","0","0","0","0","0","0","0","0","0","0","0","0","0","0","0","0","0","0","0","0","0","0","0","0","0","1","0","0","0","0","0","0","0","0","0","0","0","0","0","0","0","0","1","0","0","0","0","0","0","0","0","0","1","0","0","0","0","0","0","0","1","0","0","0","0","0","0","0","0","0","0","0","0","0","1","0","0","0","0","0","0","0","0","0","0","0","1","0","1","0","0","0","0","0","0","1","0","0","0","0","0","0","0","0"
"s25","voters","BYRN811","0","0","0","0","0","0","0","0","0","0","0","0","0","0","0","0","0","0","0","0","0","0","0","0","0","0","0","0","0","0","0","0","0","0","0","0","0","0","0","0","0","0","0","0","0","0","0","0","0","0","0","0","0","0","0","0","0","0","0","0","0","0","0","0","0","0","0","0","0","0","0","0","0","0","0","0","0","0","0","0","0","0","0","0","0","0","0","0","0","0","0","0","0","0","0","0","0","0","0","0","0","0","0","0","0","0","0","0","0","0","0","0","0","0","0","0","0","0","0","0","0","0","0","0","0","0","0","0","0","0","0","0","0","0","0","0","0"
"s25","voters","BYRN812","12","2","9","1","0","0","0","0","0","0","0","6","6","1","0","0","0","0","0","0","0","0","0","0","0","0","0","0","0","0","0","0","0","0","0","0","0","0","0","0","0","0","0","0","0","0","0","1","0","0","0","1","0","0","0","0","0","0","0","0","0","0","1","0","0","3","1","0","0","2","0","1","1","0","0","0","0","0","0","0","0","0","0","0","0","0","0","0","0","0","0","0","0","0","0","0","0","1","0","0","0","0","0","0","0","0","0","0","0","2","5","1","1","1","0","1","0","0","0","0","0","0","0","0","0","0","0","0","0","1","0","0","0","0","0","0","0"
"s25","voters","BYRN816","4","0","3","0","0","0","0","0","0","0","1","2","2","0","0","0","0","0","0","0","0","0","0","0","0","0","0","0","0","0","0","0","0","0","0","0","0","0","0","0","0","0","0","0","0","0","0","0","0","0","0","0","0","0","0","0","0","0","0","0","0","0","0","0","1","0","0","0","1","0","0","1","0","0","0","1","0","0","0","0","0","0","0","0","0","0","0","0","0","0","0","0","0","0","0","0","0","0","0","0","0","0","0","0","0","0","0","0","0","0","1","2","0","0","0","0","0","0","0","1","0","0","0","0","0","0","0","0","0","0","0","0","0","0","0","0","0"
"s25","voters","BYRN818","1","0","1","0","0","0","0","0","0","0","0","0","1","0","0","0","0","0","0","0","0","0","0","0","0","0","0","0","0","0","0","0","0","0","0","0","0","0","0","0","0","0","0","0","0","0","0","0","0","0","0","0","0","0","0","0","0","0","0","0","0","0","0","0","0","0","0","0","0","0","0","0","1","0","0","0","0","0","0","0","0","0","0","0","0","0","0","0","0","0","0","0","0","0","0","0","0","0","0","0","0","0","0","0","0","0","0","0","0","0","0","0","1","0","0","0","0","0","0","0","0","0","0","0","0","0","0","0","0","0","0","0","0","0","0","0","0"
"s25","voters","BYRN819","2","0","1","0","0","0","0","0","0","0","1","1","1","0","0","0","0","0","0","0","0","0","0","0","0","0","0","0","0","0","0","0","0","0","0","0","0","0","0","0","0","0","0","0","0","0","0","0","0","0","0","0","0","0","0","0","0","0","0","0","0","0","0","1","0","0","0","0","0","0","0","0","0","0","0","0","0","0","0","0","0","0","0","0","1","0","0","0","0","0","0","0","0","0","0","0","0","0","0","0","0","0","0","0","0","0","0","0","0","0","1","0","0","0","0","0","0","0","0","0","1","0","0","0","0","0","0","0","0","0","0","0","0","0","0","0","0"
"s25","voters","BYRN822","7","3","4","0","0","0","0","0","0","0","0","3","4","2","3","0","0","0","0","0","0","0","0","0","0","0","0","0","0","0","0","0","0","0","0","0","0","0","0","0","0","0","0","0","0","0","0","0","0","0","0","1","0","0","1","0","0","1","0","0","1","1","0","0","0","0","0","1","0","0","1","0","0","0","0","0","0","0","0","0","0","0","0","0","0","0","0","0","0","0","0","0","0","0","0","0","0","0","0","0","0","2","0","0","0","1","0","0","0","0","3","0","1","0","0","0","0","0","0","0","0","0","0","0","0","0","0","0","0","0","0","0","0","0","0","0","0"
"s25","voters","BYRN823","6","4","2","0","0","0","0","0","0","0","0","3","3","0","0","0","0","0","0","0","0","0","0","0","0","0","0","0","0","0","0","0","0","0","0","0","0","0","0","0","0","0","0","0","0","0","0","0","0","0","0","2","0","0","0","0","1","0","1","0","0","0","0","0","1","0","0","0","0","0","0","0","1","0","0","0","0","0","0","0","0","0","0","0","0","0","0","0","0","0","0","0","0","0","0","0","0","0","0","0","0","3","1","0","0","0","0","0","0","0","1","0","0","0","0","0","0","0","1","0","0","0","0","0","0","0","0","0","0","0","0","0","0","0","0","0","0"
"s25","voters","CALD801","5","4","0","0","0","0","0","0","1","0","0","3","2","0","0","0","0","0","0","0","0","0","0","0","0","0","0","0","0","0","0","0","0","0","0","0","0","0","0","0","0","0","0","0","0","0","0","0","1","0","0","1","0","0","0","1","1","0","0","0","0","0","0","0","0","0","0","0","0","0","0","0","0","0","0","0","0","0","0","0","0","0","0","0","0","0","0","0","0","0","0","0","0","1","0","0","0","0","0","0","0","3","0","0","0","0","0","0","0","1","0","0","0","0","0","0","0","0","0","0","0","0","0","0","0","0","0","0","1","0","0","0","0","0","0","0","0"
"s25","voters","CALD802","2","0","2","0","0","0","0","0","0","0","0","1","1","0","0","0","0","0","0","0","0","0","0","0","0","0","0","0","0","0","0","0","0","0","0","0","0","0","0","0","0","0","0","0","0","0","0","0","0","0","0","0","0","0","0","0","0","0","0","0","0","0","0","0","0","1","0","0","0","0","0","0","1","0","0","0","0","0","0","0","0","0","0","0","0","0","0","0","0","0","0","0","0","0","0","0","0","0","0","0","0","0","0","0","0","0","0","0","0","0","2","0","0","0","0","0","0","0","0","0","0","0","0","0","0","0","0","0","0","0","0","0","0","0","0","0","0"
"s25","voters","CALD803","4","1","3","0","0","0","0","0","0","0","0","2","2","0","0","0","0","0","0","0","0","0","0","0","0","0","0","0","0","0","0","0","0","0","0","0","0","0","0","0","0","0","0","0","0","0","0","0","0","0","0","0","0","0","0","0","0","1","0","0","0","0","0","0","1","1","0","0","0","0","0","0","1","0","0","0","0","0","0","0","0","0","0","0","0","0","0","0","0","0","0","0","0","0","0","0","0","0","0","0","0","0","0","0","0","0","0","0","0","1","2","0","0","1","0","0","0","0","0","0","0","0","0","0","0","0","0","0","0","0","0","0","0","0","0","0","0"
"s25","voters","CANY101","107","76","5","1","1","0","0","0","4","0","20","48","59","1","0","1","0","5","0","1","1","0","0","0","0","1","0","0","0","0","0","0","0","1","0","0","0","0","0","0","0","0","0","0","0","0","1","4","3","6","2","14","0","2","2","5","8","8","21","0","0","0","0","1","0","2","0","0","0","0","0","0","2","0","1","2","1","2","2","5","0","0","1","3","1","1","1","0","0","0","0","0","2","0","0","0","0","0","2","0","2","29","13","14","1","8","2","0","0","9","3","0","0","0","0","0","1","0","1","9","4","1","2","0","0","0","0","4","3","1","0","0","0","0","0","0","2"
"s25","voters","CANY804","1","0","0","0","0","0","0","0","0","0","1","1","0","0","0","0","0","0","0","0","0","0","0","0","0","0","0","0","0","0","0","0","0","0","0","0","0","0","0","0","0","0","0","0","0","0","0","0","0","0","0","0","0","0","0","0","0","0","0","0","0","0","0","0","0","0","0","0","0","0","0","0","0","0","0","0","0","0","0","1","0","0","0","0","0","0","0","0","0","0","0","0","0","0","0","0","0","0","0","0","0","0","0","0","0","0","0","0","0","0","0","0","0","0","0","0","0","0","0","0","1","0","0","0","0","0","0","0","0","0","0","0","0","0","0","0","0"
"s25","voters","CASR101","72","38","23","1","0","0","1","0","0","0","9","33","39","2","3","1","0","1","0","0","0","0","0","0","0","0","0","0","0","5","0","0","0","0","0","0","0","0","1","0","0","0","0","0","0","0","0","0","3","2","3","8","0","1","1","5","2","4","9","0","0","1","1","0","6","3","0","1","0","1","0","3","7","0","0","1","1","1","0","2","0","0","0","1","0","3","0","0","0","0","0","0","0","1","0","0","0","0","0","0","1","22","7","6","1","1","0","0","0","1","11","2","4","0","0","0","0","0","6","6","2","1","0","0","0","0","0","0","0","0","0","2","0","0","0","0","0"
"s25","voters","CASR102","5","1","3","0","0","0","0","0","0","0","1","3","2","0","0","0","0","1","0","1","0","0","0","0","0","0","0","0","0","0","0","0","0","0","0","0","0","0","0","0","0","0","0","0","0","0","0","0","0","0","0","1","0","0","0","0","0","0","0","0","0","0","0","0","2","0","0","0","0","0","0","1","0","0","0","0","0","0","0","0","0","0","0","0","0","1","0","0","0","0","0","0","0","0","0","0","0","0","0","0","0","1","0","0","0","0","0","0","0","0","2","0","0","0","0","0","0","0","1","1","0","0","0","0","0","0","0","0","0","0","0","0","0","0","0","0","0"
"s25","voters","CASR103","10","3","5","0","0","0","0","0","1","0","1","5","5","0","0","0","0","0","0","0","0","0","0","0","0","0","0","0","0","0","3","0","0","0","1","0","0","0","0","0","0","0","0","0","0","0","1","0","0","0","0","0","0","0","0","0","0","2","0","0","0","0","0","1","1","0","0","1","0","0","1","1","0","0","0","0","0","0","1","0","0","0","0","0","0","0","0","0","0","0","0","0","0","1","0","0","0","0","0","0","0","2","0","0","0","1","0","0","0","0","4","0","1","0","0","0","0","0","0","0","1","0","0","0","0","0","0","0","1","0","0","0","0","0","0","0","0"
"s25","voters","CASR104","268","130","77","11","0","0","3","0","1","0","46","122","146","13","4","8","1","17","9","3","1","1","0","0","0","1","2","0","0","2","0","2","0","1","2","6","3","0","0","0","0","0","0","0","0","0","3","3","5","10","10","23","0","5","5","7","11","15","33","1","0","5","2","5","5","20","0","1","4","2","5","15","12","0","3","1","3","8","4","5","1","2","1","3","2","6","7","0","2","1","0","0","0","3","0","1","0","0","3","0","5","70","34","10","2","3","0","3","1","7","45","12","10","2","1","0","0","0","7","26","9","2","2","2","1","0","0","4","11","2","0","0","0","0","0","2","0"
"s25","voters","CASR802","3","0","3","0","0","0","0","0","0","0","0","2","1","0","0","0","0","0","0","0","0","0","0","0","0","0","0","0","0","0","0","0","0","0","0","0","0","0","0","0","0","0","0","0","0","0","0","0","0","0","0","0","0","0","0","0","0","0","0","0","0","1","0","0","0","1","0","0","0","0","0","0","1","0","0","0","0","0","0","0","0","0","0","0","0","0","0","0","0","0","0","0","0","0","0","0","0","0","0","0","0","0","0","0","0","0","0","0","0","0","0","2","0","1","0","0","0","0","0","0","0","0","0","0","0","0","0","0","0","0","0","0","0","0","0","0","0"
"s25","voters","CLAY101","159","74","47","6","0","0","2","0","1","0","29","72","87","11","6","0","0","0","0","0","0","1","0","0","0","2","0","2","0","3","0","2","0","0","0","0","0","0","0","0","0","0","0","0","0","0","1","3","3","5","4","14","0","3","2","5","10","5","19","0","2","0","2","4","7","7","0","0","0","1","3","9","12","0","1","2","4","5","2","3","1","0","1","2","1","1","6","0","0","1","0","0","2","0","0","0","2","1","1","1","1","41","10","10","0","2","0","0","3","8","24","7","6","2","0","0","1","0","7","20","4","2","1","0","0","0","1","1","8","1","0","0","0","0","0","0","0"
"s25","voters","CLAY102","1650","720","557","78","1","1","15","0","4","0","274","774","876","52","40","21","8","26","14","13","1","2","0","2","0","4","2","2","0","13","11","10","2","23","2","3","1","0","0","1","0","8","5","2","0","2","13","23","30","44","50","115","0","35","35","50","59","104","160","0","18","15","20","53","90","108","0","16","7","24","45","60","101","0","14","6","19","23","31","51","2","9","11","24","19","24","41","0","4","5","9","10","11","10","1","8","5","4","7","12","13","371","130","87","27","16","4","10","3","72","316","69","54","17","13","3","3","5","77","143","54","27","15","7","0","3","0","25","61","23","6","3","0","1","1","1","3"
"s25","voters","CLAY103","1209","552","368","76","3","3","12","0","3","1","191","568","641","59","11","17","3","28","24","4","1","1","2","2","0","1","1","2","0","7","6","3","1","9","3","1","0","1","0","1","0","13","5","0","2","0","10","14","28","41","41","85","0","25","27","47","51","55","128","2","14","9","30","35","44","59","1","7","10","18","21","48","70","1","11","8","19","23","22","26","1","2","9","12","21","18","18","1","5","4","7","7","12","10","0","7","2","3","8","17","15","269","101","70","24","13","3","9","4","59","197","50","42","10","7","0","2","4","56","85","43","24","10","4","3","1","2","19","59","21","10","3","1","0","0","1","3"
"s25","voters","CLAY104","1483","706","441","67","2","1","14","0","5","1","246","643","840","54","35","14","8","34","17","10","8","3","0","0","0","6","1","1","1","21","13","11","0","6","4","3","2","2","0","1","0","8","4","10","0","1","16","18","31","36","47","98","1","35","27","45","63","81","207","2","9","8","21","34","58","83","1","4","7","22","24","55","113","1","3","15","28","18","29","38","1","16","13","16","10","25","33","1","4","3","9","4","13","15","0","3","3","9","6","8","12","389","116","84","16","15","4","5","10","67","242","66","41","12","10","2","3","3","62","127","38","27","13","9","2","2","0","28","55","15","7","3","1","1","1","2","5"
"s25","voters","CLAY105","1188","531","377","51","0","7","15","0","2","0","205","551","637","40","18","21","10","38","10","9","2","1","0","0","0","6","3","2","0","13","7","4","2","3","1","3","2","0","3","0","0","4","1","2","1","3","15","13","11","36","45","85","1","19","22","41","46","62","132","0","8","5","15","28","45","89","0","9","6","12","36","38","86","1","13","4","18","20","19","39","2","7","2","14","22","18","26","2","2","3","4","7","7","14","1","4","4","2","4","8","13","281","83","74","14","11","3","5","3","57","182","63","32","14","5","1","3","3","74","113","29","25","10","1","1","2","3","21","42","16","12","1","1","1","0","1","1"
"s25","voters","CLYD101","315","168","85","13","0","3","3","0","2","0","41","152","163","18","8","1","4","7","1","3","1","0","0","0","0","0","0","0","0","9","0","4","0","0","0","0","0","4","4","4","0","2","1","1","0","0","4","13","11","6","12","24","1","1","12","18","12","24","30","0","1","4","5","10","10","14","0","0","1","5","5","10","20","0","1","2","10","3","6","4","0","0","4","1","2","5","3","0","0","3","2","2","2","3","1","0","2","3","1","1","1","84","37","20","3","5","0","1","1","17","44","11","17","1","1","0","2","0","9","18","5","8","1","3","1","0","1","4","12","6","1","0","1","1","0","0","0"
"s25","voters","CLYD801","0","0","0","0","0","0","0","0","0","0","0","0","0","0","0","0","0","0","0","0","0","0","0","0","0","0","0","0","0","0","0","0","0","0","0","0","0","0","0","0","0","0","0","0","0","0","0","0","0","0","0","0","0","0","0","0","0","0","0","0","0","0","0","0","0","0","0","0","0","0","0","0","0","0","0","0","0","0","0","0","0","0","0","0","0","0","0","0","0","0","0","0","0","0","0","0","0","0","0","0","0","0","0","0","0","0","0","0","0","0","0","0","0","0","0","0","0","0","0","0","0","0","0","0","0","0","0","0","0","0","0","0","0","0","0","0","0"
"s25","voters","CONC101","765","451","151","30","4","3","6","0","2","0","118","334","431","74","17","18","2","17","12","4","0","1","0","0","0","2","0","0","0","6","2","8","0","10","1","3","0","0","0","0","0","7","1","1","0","1","9","20","28","28","36","56","1","20","33","41","41","41","96","1","3","2","8","16","19","28","1","0","3","4","16","15","35","1","5","2","10","10","9","24","0","5","6","7","9","11","19","0","1","2","2","3","5","5","0","3","3","2","6","8","5","253","75","46","21","13","1","3","2","37","78","25","22","4","5","0","2","2","13","57","21","9","10","7","2","1","0","11","25","7","7","2","0","1","1","1","1"
"s25","voters","CONC102","669","416","115","24","4","2","7","0","3","0","98","320","349","88","11","21","6","8","6","0","2","0","0","0","0","1","0","1","0","15","3","4","0","9","0","3","1","6","0","0","0","11","3","3","1","0","10","27","49","17","40","42","0","12","27","51","34","43","64","0","2","11","11","9","11","16","0","1","9","8","3","14","20","1","6","5","14","10","10","7","1","5","4","14","7","8","6","0","0","4","5","1","7","5","0","3","2","3","1","4","5","216","58","62","13","16","7","3","7","34","53","21","11","5","6","0","1","0","18","57","13","17","2","2","0","1","0","6","22","7","5","2","1","1","0","0","2"
"s25","voters","CONC103","133","66","27","8","0","0","1","0","1","0","30","57","76","21","7","10","1","2","0","0","1","1","0","0","0","2","1","1","0","1","1","1","0","0","0","0","0","0","0","2","0","0","1","2","0","0","0","1","4","2","5","10","0","3","5","7","6","9","14","0","0","1","2","1","6","3","0","0","0","0","4","4","6","0","0","1","7","3","2","3","0","4","2","2","0","1","5","0","0","0","0","0","3","3","0","1","0","0","1","0","2","36","8","12","3","2","0","0","2","3","15","2","5","2","1","0","0","1","1","15","6","4","1","1","1","0","0","2","5","4","0","0","0","0","0","0","1"
"s25","voters","CONC104","601","330","97","18","3","2","6","0","5","0","140","267","334","57","18","31","7","4","3","1","1","4","0","0","0","0","0","1","1","16","2","16","2","5","0","2","0","8","2","1","0","8","3","2","1","1","8","12","34","21","23","25","2","17","35","33","37","36","46","2","1","1","6","11","16","14","0","1","2","7","8","16","12","1","9","12","16","16","5","15","3","10","6","16","11","5","15","0","1","2","0","4","8","3","0","2","1","5","5","1","2","200","53","35","6","7","0","3","1","25","48","19","11","2","2","0","1","2","12","82","29","13","3","1","0","4","1","7","20","7","5","0","2","0","0","0","0"
"s25","voters","CONC105","1262","751","225","54","3","11","10","0","7","0","201","556","706","172","29","40","11","27","13","3","4","1","0","0","0","1","1","1","0","11","5","7","0","9","1","0","1","6","1","2","0","17","5","7","2","2","10","34","55","52","50","81","3","31","62","97","58","66","150","0","4","15","24","16","29","35","0","3","6","18","20","19","36","0","14","11","35","19","14","14","3","7","11","26","16","13","18","0","4","3","10","1","11","13","1","5","8","8","3","10","8","408","144","83","24","15","4","6","2","65","117","38","29","4","7","2","1","0","27","114","22","22","11","8","3","1","2","18","51","15","9","2","3","0","1","0","4"
"s25","voters","CONC106","503","275","133","13","2","2","4","0","1","0","73","237","266","45","15","8","3","6","2","3","1","0","0","0","0","1","0","0","0","3","1","3","0","2","0","0","0","0","2","0","0","10","1","1","0","0","2","20","12","24","21","37","0","4","21","22","24","33","55","0","7","3","9","5","20","22","1","4","2","5","9","18","28","0","5","5","6","5","8","14","0","2","1","4","6","6","11","0","0","1","4","0","4","3","1","1","1","2","1","1","3","152","39","35","13","11","1","6","2","16","76","17","19","4","0","0","2","0","15","38","10","7","6","0","1","3","0","8","12","6","1","0","2","0","0","0","1"
"s25","voters","CONC107","243","139","50","8","1","0","2","0","2","0","41","102","141","24","7","9","2","2","4","2","3","1","0","0","0","2","1","2","0","2","2","4","0","1","0","0","0","0","0","0","0","1","0","0","0","2","3","6","7","5","12","13","3","6","15","15","14","14","24","1","1","1","2","5","8","8","0","1","0","4","3","8","8","0","1","1","6","2","5","5","1","3","4","5","1","5","2","0","2","3","0","1","0","2","0","0","1","2","0","2","0","85","20","10","7","3","0","0","0","14","29","4","4","1","3","1","0","0","8","22","7","6","0","2","0","0","0","4","9","1","1","0","0","0","1","1","0"
"s25","voters","CONC108","1025","572","244","38","5","3","6","0","0","0","157","501","524","71","24","21","8","27","11","6","4","0","0","0","0","3","2","0","1","21","4","6","0","6","1","1","0","2","0","1","1","7","4","1","2","4","12","25","35","34","53","91","0","16","31","52","42","61","116","0","8","6","22","13","41","47","0","3","5","12","12","32","43","1","8","5","18","13","17","23","3","3","7","12","13","14","20","1","3","2","4","4","4","7","0","6","1","4","1","3","12","326","91","71","17","8","2","7","0","50","124","35","37","4","11","2","3","2","26","88","17","21","12","5","2","2","0","10","32","9","3","3","1","0","0","1","3"
"s25","voters","CONC109","307","195","46","12","1","0","3","0","6","0","44","115","192","41","6","11","2","11","0","0","1","0","0","0","0","2","0","0","0","11","1","0","0","0","0","0","0","1","2","0","0","9","8","2","2","0","1","13","7","6","11","30","0","2","17","18","8","17","65","0","0","1","2","3","2","11","0","0","1","1","2","5","18","0","0","2","2","3","1","10","1","1","3","3","1","2","15","0","1","3","0","0","2","4","0","0","1","0","1","1","9","137","22","16","6","5","0","4","0","5","32","5","5","1","0","0","0","1","2","25","4","4","2","2","2","0","3","2","17","0","4","0","1","0","0","0","0"
"s25","voters","CONC110","1343","750","331","65","3","3","6","0","1","0","184","598","745","140","24","31","7","13","8","7","2","4","2","2","0","6","1","1","1","19","10","10","0","10","3","2","1","1","1","0","0","21","9","5","3","0","16","40","34","43","61","102","6","31","52","69","72","86","138","0","7","9","15","29","48","54","0","7","13","20","20","45","64","1","7","11","19","19","20","18","1","6","5","22","21","12","22","0","3","3","9","9","11","10","1","2","1","1","6","8","14","414","134","81","28","14","2","8","7","62","187","44","40","7","6","2","1","0","44","87","33","20","14","5","4","5","0","16","45","14","6","3","4","2","2","0","2"
"s25","voters","CONC111","434","288","56","13","2","2","3","0","2","0","68","178","256","58","14","16","4","11","0","1","1","0","1","1","0","0","2","0","1","8","0","2","1","2","0","2","0","2","1","0","0","8","2","7","0","0","3","26","17","24","18","25","1","11","42","22","18","16","65","0","2","2","2","2","4","14","0","0","2","2","5","3","18","0","2","8","11","1","4","4","0","2","7","8","8","5","8","0","0","2","0","1","3","3","0","0","3","4","2","2","2","200","41","15","11","5","4","0","2","10","39","6","4","1","2","0","0","0","4","54","7","4","3","0","0","0","0","0","17","2","2","1","0","0","0","0","0"
"s25","voters","CONC112","1300","783","214","43","4","9","13","0","7","0","227","576","724","292","50","76","24","16","7","3","3","1","4","3","0","0","2","0","0","23","7","21","0","7","3","6","2","8","13","5","1","30","7","13","3","4","37","45","43","49","59","76","10","80","77","59","71","65","108","1","10","8","11","16","20","49","1","2","9","12","14","23","38","0","18","15","19","18","17","19","1","17","21","17","22","17","26","1","4","9","8","7","8","5","0","10","3","5","5","3","8","476","131","83","19","19","3","9","4","39","134","24","24","8","6","2","0","1","15","121","51","25","10","6","2","2","1","9","48","13","9","1","0","0","0","2","3"
"s25","voters","CONC113","904","539","174","40","3","3","10","0","6","0","129","431","473","149","22","26","14","11","7","2","3","1","1","1","1","2","0","0","1","6","1","2","0","6","1","2","1","1","0","0","0","7","5","4","3","1","6","36","51","33","46","65","2","19","58","47","31","52","92","0","6","13","12","8","26","24","0","4","9","12","12","20","28","0","4","9","20","10","10","15","0","5","9","14","7","9","17","0","1","6","8","5","6","10","0","2","4","4","7","2","7","302","85","61","14","19","0","5","5","48","104","23","21","4","2","4","2","0","14","72","18","21","5","4","0","0","2","7","36","9","7","1","1","1","1","0","6"
"s25","voters","CONC114","46","24","14","0","0","0","1","0","0","0","7","15","31","9","1","0","0","0","0","0","0","0","0","0","0","0","0","0","0","0","0","0","0","1","1","0","0","0","0","0","0","0","0","0","0","0","1","0","3","0","3","3","0","0","4","1","1","3","5","0","0","0","0","0","3","1","0","2","0","1","0","3","4","0","0","0","0","0","1","0","0","1","0","0","0","1","4","0","0","0","0","0","0","0","0","0","0","0","0","0","1","12","5","4","0","0","0","0","0","3","8","1","2","1","0","0","0","0","2","5","0","0","1","0","0","0","0","1","1","0","0","0","0","0","0","0","0"
"s25","voters","CONC115","1169","657","256","50","4","5","6","0","5","1","185","551","618","93","14","17","6","29","12","13","2","4","1","0","0","10","1","0","0","16","4","9","1","7","3","2","1","2","0","0","0","10","2","6","1","0","15","28","41","48","46","106","2","21","34","62","56","64","134","0","5","15","8","15","28","64","1","2","5","19","12","38","44","1","8","10","17","14","19","22","0","5","8","14","12","22","33","0","5","6","8","4","7","11","0","2","4","4","6","3","11","370","117","66","12","17","0","3","4","68","132","29","27","3","7","1","3","4","50","95","26","15","11","2","2","1","1","32","48","16","3","0","0","0","2","0","2"
"s25","voters","CONC116","358","208","80","8","0","0","2","0","2","0","58","169","189","23","4","6","1","10","3","3","1","0","0","0","0","2","2","1","0","5","0","2","0","6","0","2","0","3","0","1","0","1","1","1","1","0","3","15","17","6","12","32","1","6","17","24","10","27","38","0","2","2","9","3","7","19","0","1","3","7","5","7","15","0","2","6","11","7","7","4","0","2","4","3","7","1","4","0","0","0","2","1","0","2","0","1","1","0","0","4","1","122","35","24","6","2","0","3","0","16","43","13","4","2","1","0","0","2","15","32","9","8","3","0","0","1","1","4","5","4","2","1","0","0","0","0","0"
"s25","voters","CONC117","1902","1082","403","80","1","4","14","0","15","1","302","889","1013","168","48","34","11","39","8","10","8","3","0","1","0","16","0","2","1","37","19","12","0","12","4","6","1","6","3","3","2","24","11","6","2","3","18","60","81","74","71","142","5","29","86","99","94","115","205","0","16","16","27","22","64","73","1","7","11","18","30","54","64","1","9","17","49","31","31","28","3","10","18","21","18","29","37","0","7","7","9","9","9","15","0","5","5","12","4","14","19","603","178","129","36","24","4","8","1","99","217","63","40","17","13","0","4","3","46","165","38","27","13","17","1","7","3","31","69","23","11","4","4","0","0","0","4"
"s25","voters","CONC118","763","379","227","35","1","1","6","0","2","0","112","348","415","51","20","9","4","18","11","4","1","2","2","0","0","2","0","3","0","9","2","4","2","6","0","2","0","8","1","0","0","3","10","1","0","1","9","10","22","15","30","61","0","14","19","31","31","46","90","0","7","7","9","9","32","52","0","4","7","15","20","23","42","0","5","1","11","11","13","22","1","5","4","6","11","9","13","0","1","2","2","7","5","4","0","0","3","5","3","5","8","184","84","47","17","6","1","1","3","36","131","31","27","6","2","2","3","0","25","57","19","15","8","6","0","1","2","4","27","5","7","0","3","0","1","1","1"
"s25","voters","CONC119","4","1","2","0","0","0","0","0","0","0","1","3","1","0","0","0","0","0","0","0","0","0","0","0","0","0","0","0","0","0","0","0","0","0","0","0","0","0","0","0","0","0","0","0","0","0","0","0","0","0","0","0","0","0","0","0","1","0","0","0","0","0","1","0","0","1","0","0","0","0","0","0","0","0","0","0","0","0","1","0","0","0","0","0","0","0","0","0","0","0","0","0","0","0","0","0","0","0","0","0","0","1","0","0","0","0","0","0","0","0","1","0","0","0","0","0","0","0","1","1","0","0","0","0","0","0","0","0","0","0","0","0","0","0","0","0","0"
"s25","voters","CONC120","1338","736","314","54","5","6","9","0","9","0","205","591","747","127","39","31","13","15","18","8","3","1","0","0","1","6","0","0","1","20","6","10","0","6","1","2","0","4","1","0","0","17","8","7","0","1","18","41","53","40","58","79","7","26","65","88","51","76","133","3","3","8","25","27","37","46","0","4","11","19","26","39","66","0","15","11","28","23","18","27","0","4","10","23","16","12","18","0","3","6","6","8","4","3","0","7","9","9","10","10","8","401","127","80","26","10","9","8","5","70","165","48","24","8","9","2","1","4","53","114","28","15","17","9","1","4","0","17","46","18","9","2","1","2","1","0","4"
"s25","voters","CONC121","468","280","96","14","1","1","4","0","2","0","70","201","267","34","4","4","2","10","4","1","0","2","1","2","0","4","0","1","0","8","9","3","0","5","1","3","0","1","0","0","0","12","0","3","1","0","6","13","21","21","13","41","3","7","26","20","19","28","62","0","0","4","3","2","11","22","0","1","3","3","8","13","26","0","2","4","8","4","8","9","0","3","4","6","5","7","10","0","1","1","3","1","2","1","0","1","1","2","3","3","3","157","46","30","9","7","1","5","0","25","47","12","9","6","3","0","1","0","18","36","6","12","7","0","0","0","1","8","12","8","0","0","0","0","0","0","2"
"s25","voters","CONC122","188","104","40","6","0","1","2","0","1","0","34","88","100","20","2","3","2","4","5","1","0","1","1","0","0","0","0","0","0","1","0","0","0","2","0","0","0","0","1","1","0","0","1","2","0","1","2","4","7","7","6","16","0","6","2","8","17","6","22","1","1","0","3","1","6","9","0","0","1","4","0","4","10","0","1","4","2","3","4","5","2","1","1","4","2","1","4","0","1","0","1","0","1","2","0","0","3","0","0","1","1","56","17","16","2","1","0","1","1","10","19","8","3","1","2","0","0","0","7","17","4","3","5","1","1","1","0","2","7","2","1","0","0","0","0","0","0"
"s25","voters","CONC123","384","205","94","12","1","3","2","0","0","0","67","185","199","36","8","9","2","10","1","0","1","0","0","0","0","1","0","0","0","1","2","3","0","2","0","0","1","1","0","1","1","9","0","7","1","1","8","7","18","17","14","29","0","6","13","21","19","14","38","0","3","2","3","7","8","22","0","5","2","4","6","11","21","0","3","8","6","7","3","12","0","2","7","4","4","4","7","0","0","0","1","4","1","1","0","2","1","2","1","4","1","99","26","36","10","3","1","2","1","27","49","8","17","4","0","0","1","4","11","36","9","11","2","1","0","0","2","6","6","3","7","1","0","0","0","0","1"
"s25","voters","CONC124","775","463","152","31","7","3","9","0","4","0","106","328","447","95","16","11","7","14","2","2","2","2","0","1","0","5","4","2","0","20","6","8","0","1","1","2","0","3","2","3","0","13","3","2","0","2","6","20","34","25","33","52","3","15","49","47","43","50","84","0","0","2","16","12","17","28","0","1","3","10","12","26","25","0","3","8","13","6","7","14","0","3","9","9","8","9","17","0","2","3","10","2","6","7","0","3","3","2","4","5","7","285","72","43","20","12","2","3","2","24","82","23","18","5","5","0","0","0","19","56","13","16","9","1","0","2","1","8","28","13","6","2","1","0","0","2","2"
"s25","voters","CONC125","1782","959","397","106","3","8","14","0","10","2","283","828","954","211","60","50","19","19","12","4","6","4","0","1","0","6","1","0","0","12","6","7","0","6","0","1","0","4","2","7","1","30","5","11","2","1","20","36","64","62","70","131","4","25","61","93","90","117","185","2","9","16","32","37","38","87","1","5","16","19","29","39","67","0","12","21","27","21","34","30","6","10","14","27","15","31","35","0","5","14","8","18","17","16","1","4","5","8","9","16","22","507","162","129","31","15","5","11","7","92","214","60","33","12","11","2","1","0","64","145","40","31","22","9","1","6","4","25","89","22","13","2","2","2","3","2","8"
"s25","voters","CONC126","1535","942","285","45","6","9","5","0","9","0","234","641","894","266","48","58","19","19","11","4","2","3","1","2","0","4","0","0","0","22","6","7","2","12","0","4","2","4","1","1","0","28","7","4","0","1","22","43","54","44","59","112","2","42","103","89","74","101","196","1","3","12","23","20","30","51","3","5","11","16","16","30","64","4","14","21","23","9","24","34","3","12","16","18","16","21","19","0","1","5","5","8","8","10","0","4","6","2","7","4","14","536","158","103","27","23","4","15","10","66","155","42","38","8","7","4","5","1","25","129","40","21","12","7","0","8","0","17","50","11","2","3","4","1","0","1","2"
"s25","voters","CONC127","1237","714","283","46","2","3","5","0","8","0","176","572","665","109","22","21","9","30","14","13","3","1","0","0","0","6","1","2","0","16","7","3","1","15","1","6","1","7","5","0","0","16","0","2","0","2","15","31","36","43","44","114","1","21","41","71","63","91","141","0","5","13","19","20","31","72","1","3","11","19","7","29","53","1","9","7","22","12","24","20","0","11","11","12","11","18","18","0","3","4","2","5","9","9","0","3","3","5","7","4","10","374","134","78","20","16","0","3","3","86","130","41","32","11","10","1","2","0","56","93","30","21","7","6","3","4","0","12","31","11","13","2","0","1","2","0","4"
"s25","voters","CONC128","89","55","12","0","3","0","0","0","1","0","18","33","56","14","3","4","1","1","0","0","0","0","0","2","0","0","0","0","0","1","0","0","0","5","0","0","0","0","0","0","0","0","0","0","0","0","1","4","1","1","5","5","1","5","6","10","5","6","5","0","1","1","0","2","2","1","0","0","2","0","2","0","1","0","1","0","2","0","1","4","1","1","1","1","1","0","5","0","0","0","1","0","0","0","0","1","1","1","0","0","0","33","8","6","1","1","0","0","0","6","8","3","0","1","0","0","0","0","0","12","2","2","0","0","0","0","0","2","3","1","0","0","0","0","0","0","0"
"s25","voters","CONC129","1316","660","323","61","1","12","11","0","2","0","246","620","696","97","27","22","7","41","13","8","3","2","0","2","0","11","4","4","1","30","17","21","1","16","6","10","1","7","3","3","1","13","7","8","1","2","19","14","36","34","49","115","0","38","40","32","59","70","152","0","12","5","16","29","46","62","0","7","4","12","21","40","69","0","12","7","21","25","26","43","3","11","8","19","18","26","27","1","4","8","3","8","9","14","1","2","3","2","7","13","12","350","129","63","22","20","4","5","3","64","171","32","33","15","5","1","3","5","58","127","48","22","17","6","3","0","1","22","56","9","14","2","1","0","0","0","5"
"s25","voters","CONC130","27","14","11","1","0","0","0","0","0","0","1","11","16","1","0","0","0","1","0","0","1","0","0","0","0","0","0","0","0","0","0","0","0","0","0","0","0","0","0","0","0","0","2","0","0","0","0","0","0","0","0","4","0","0","0","0","0","0","10","0","0","0","1","0","1","4","0","0","0","0","0","0","5","0","0","0","0","0","0","1","0","0","0","0","0","0","0","0","0","0","0","0","0","0","0","0","0","0","0","0","1","11","3","0","0","0","0","0","0","0","9","1","0","1","0","0","0","0","0","0","0","1","0","0","0","0","0","0","1","0","0","0","0","0","0","0","0"
"s25","voters","CONC131","1097","735","112","24","11","10","5","0","8","0","192","456","641","251","26","68","18","14","3","1","1","1","0","2","0","1","5","0","0","9","4","11","0","1","0","4","0","8","1","1","3","29","2","5","1","2","39","45","42","45","59","54","2","60","107","62","56","65","97","0","2","9","9","10","19","14","0","0","6","6","12","8","17","0","14","21","11","10","12","18","2","23","20","18","13","13","17","0","4","1","5","2","6","3","0","8","9","8","4","3","5","455","119","88","18","19","5","7","1","23","73","14","12","3","1","1","0","1","7","125","34","17","5","3","1","0","1","6","47","7","1","1","0","1","1","0","0"
"s25","voters","CONC132","1175","694","198","35","12","6","7","0","5","0","218","519","656","214","36","69","19","21","3","7","4","2","3","1","0","3","0","0","0","16","6","11","3","2","1","4","0","4","6","2","0","21","4","8","1","2","25","43","32","46","61","76","6","58","49","56","46","49","145","1","5","6","11","12","18","43","0","1","3","12","13","21","52","1","13","23","25","12","10","21","3","10","15","16","17","10","42","1","3","4","7","1","10","7","0","7","7","3","5","4","6","414","113","77","22","13","5","4","4","42","109","26","19","7","5","2","0","1","29","118","28","29","15","9","4","1","1","13","47","11","4","0","2","0","0","1","0"
"s25","voters","CONC133","1789","995","387","65","3","6","8","0","5","0","320","807","982","109","25","35","7","32","14","10","5","6","0","2","1","20","4","9","3","42","25","33","3","41","5","16","3","3","1","0","0","32","9","9","3","2","24","32","65","64","63","151","3","48","54","87","93","97","212","0","13","9","18","33","48","80","1","9","7","24","29","43","73","4","13","17","31","38","30","31","2","13","13","29","26","30","43","2","4","1","8","5","7","14","0","3","5","5","10","12","11","553","162","101","36","25","4","9","6","99","200","48","43","10","10","1","5","1","69","156","45","40","21","12","4","7","4","31","58","16","3","1","2","1","1","2","3"
"s25","voters","CONC134","1247","733","265","55","5","6","13","0","5","0","165","589","658","199","37","32","20","20","9","5","4","6","0","3","0","5","2","0","0","15","5","3","1","10","0","1","0","2","2","1","0","29","5","3","1","1","15","38","40","43","65","99","7","26","72","62","55","81","129","0","8","15","22","23","26","51","1","2","11","16","11","27","52","0","3","16","24","20","14","18","0","7","9","9","14","15","16","0","0","5","11","6","10","16","0","3","5","4","4","11","9","423","107","66","18","18","3","14","3","81","150","36","26","12","6","0","0","2","33","78","26","24","10","7","1","4","0","15","57","19","4","1","0","1","0","0","2"
"s25","voters","CONC135","731","430","144","24","2","7","5","0","1","1","117","341","390","110","19","34","6","12","5","4","1","0","0","0","0","1","1","0","0","9","0","2","1","5","0","0","0","8","2","1","1","16","2","3","1","1","15","26","28","32","32","51","2","14","31","49","45","41","63","0","0","5","14","21","21","20","0","6","4","9","14","11","19","1","1","11","13","8","8","13","1","4","11","9","5","14","18","0","2","3","5","4","4","2","1","1","1","6","5","1","5","225","83","38","16","9","2","4","1","52","75","28","15","4","6","0","1","2","13","52","15","14","4","8","1","6","1","16","22","7","5","0","0","0","1","0","5"
"s25","voters","CONC136","1657","895","379","82","4","8","11","1","9","0","268","771","886","150","28","41","14","40","14","9","8","3","0","5","0","8","2","1","3","26","3","10","2","6","4","1","1","3","6","0","1","19","3","9","2","2","14","27","67","54","59","150","1","35","59","80","64","96","187","0","9","12","21","27","43","86","0","4","14","21","24","38","80","1","9","14","33","21","32","37","1","14","17","28","16","12","33","0","1","9","8","10","10","15","1","6","5","11","9","14","16","494","153","81","25","25","7","9","6","95","202","54","44","13","7","5","2","1","51","136","42","30","18","4","4","7","3","24","68","24","13","4","2","1","0","0","3"
"s25","voters","CONC137","247","119","55","11","1","1","3","0","1","0","56","113","134","12","3","13","2","3","4","1","0","1","1","0","0","1","0","0","0","15","2","4","1","7","1","2","0","3","2","5","0","2","4","6","0","0","4","3","6","12","10","14","0","7","7","9","13","19","15","0","2","0","3","9","11","5","0","2","0","1","14","4","4","0","3","2","3","5","13","2","0","1","3","4","6","5","9","0","1","0","1","2","2","0","1","1","0","1","5","2","1","59","25","17","4","3","1","2","0","8","36","7","3","2","2","0","1","0","4","31","10","3","5","0","1","1","0","5","12","4","0","0","0","0","1","0","0"
"s25","voters","CONC138","1900","1003","501","95","6","7","17","0","6","0","265","850","1050","135","40","29","23","32","20","12","6","10","1","8","1","3","2","1","1","22","3","5","0","11","3","2","0","2","0","1","1","21","10","2","2","6","32","40","56","63","60","132","2","47","55","100","96","100","214","1","17","15","38","37","67","92","4","11","15","29","34","50","91","1","10","14","26","24","28","36","1","14","12","22","18","21","38","2","3","5","10","11","11","13","2","13","9","7","13","18","14","533","171","130","30","21","3","5","6","104","243","73","65","20","12","0","4","3","81","151","28","33","19","5","4","2","3","20","88","17","9","6","4","1","1","0","5"
"s25","voters","CONC139","384","218","96","14","1","1","6","0","0","0","48","170","214","35","5","1","2","8","2","4","3","0","0","0","0","4","0","0","0","1","0","0","0","4","0","0","0","0","0","0","0","9","0","0","0","0","4","10","7","17","14","31","1","6","17","17","22","20","52","0","1","2","10","6","14","14","0","4","2","5","4","10","24","1","1","1","3","5","7","7","0","2","0","7","4","4","6","0","2","2","4","2","3","2","0","1","0","1","2","2","1","108","32","26","10","8","4","1","1","28","47","10","15","6","1","0","3","0","14","23","5","7","2","1","1","0","1","8","16","4","1","1","0","0","0","0","0"
"s25","voters","CONC140","945","520","219","28","3","3","4","0","6","0","162","448","497","83","18","31","4","15","9","11","2","1","1","1","0","4","0","1","1","12","6","7","1","4","0","2","0","4","0","2","1","17","3","2","0","1","13","31","38","30","37","72","2","20","42","49","39","45","101","1","0","8","17","16","29","36","0","4","10","14","12","30","42","2","9","10","26","14","15","25","1","3","9","18","10","7","13","1","0","2","7","1","4","3","2","1","2","7","4","6","4","285","97","51","14","9","4","4","4","52","133","25","16","7","10","3","0","1","24","80","32","18","11","5","1","1","0","14","28","9","3","0","1","0","1","0","2"
"s25","voters","CONC141","543","282","135","23","2","5","5","0","1","0","90","254","289","42","13","9","6","11","5","7","1","1","0","1","1","0","0","5","1","3","0","1","2","2","1","0","0","3","0","0","0","7","1","0","0","1","11","13","18","13","23","31","1","11","18","29","21","37","55","0","5","4","8","10","24","28","0","2","2","8","8","13","23","1","5","8","11","8","10","7","0","4","4","9","8","8","7","0","0","1","2","3","3","6","1","1","1","5","2","2","9","151","38","38","13","6","2","2","2","30","73","23","10","8","6","1","1","1","12","45","15","10","5","3","2","2","1","7","24","5","4","1","0","1","0","0","1"
"s25","voters","CONC142","1479","881","275","52","3","5","12","0","16","0","235","619","860","159","23","39","7","35","15","7","2","6","3","3","0","5","1","3","0","25","5","10","2","12","1","9","1","6","3","2","0","20","8","7","4","1","17","37","60","48","53","103","0","29","42","86","79","106","220","2","5","9","11","20","32","59","0","2","4","14","18","30","69","5","8","10","33","21","12","34","2","12","12","21","16","19","30","0","2","4","9","9","6","9","2","2","6","14","5","8","12","493","163","87","30","27","4","4","6","67","163","32","24","8","10","0","3","1","34","135","44","26","12","0","2","2","0","14","56","17","10","1","2","1","0","0","1"
"s25","voters","CONC143","631","373","142","22","2","4","2","0","1","0","85","263","368","77","18","19","4","16","6","3","1","2","0","0","0","0","0","0","0","5","0","4","0","2","0","1","0","2","0","0","0","11","5","3","0","1","10","16","20","17","20","58","2","19","24","27","30","45","84","0","4","5","4","8","9","40","0","0","4","4","10","18","36","2","3","3","6","8","6","7","2","2","5","6","8","8","19","0","4","2","4","3","1","2","0","1","4","2","0","2","6","216","67","37","8","5","1","7","3","29","81","20","13","8","4","1","1","1","13","44","13","8","11","3","0","2","0","4","20","10","1","0","0","0","0","0","0"
"s25","voters","CONC144","1210","593","337","63","1","5","9","0","4","0","198","543","667","69","22","25","11","21","8","4","3","5","3","2","1","7","1","1","0","32","6","10","1","14","2","4","3","2","5","1","1","20","2","10","1","2","10","15","35","28","49","87","3","29","37","34","62","65","137","0","4","13","17","13","44","80","0","7","8","12","16","45","78","0","9","12","16","22","20","23","2","9","13","15","14","19","24","0","4","5","0","8","15","12","0","3","4","3","6","11","11","332","96","55","23","13","5","5","1","63","175","54","28","8","9","0","6","3","54","105","30","23","10","8","3","2","1","16","49","17","7","2","0","0","0","1","6"
"s25","voters","CONC145","375","200","91","20","0","1","2","0","0","0","61","182","193","11","2","4","3","15","1","4","1","0","2","0","0","4","0","1","0","14","6","5","1","14","4","1","0","2","1","2","1","8","0","1","1","0","7","6","13","17","12","34","0","10","7","19","25","15","35","0","3","5","5","8","7","18","0","6","3","1","7","6","22","0","3","3","5","9","4","9","2","0","1","5","9","4","7","1","1","1","1","3","2","5","0","0","0","0","2","5","2","98","35","25","8","2","1","2","0","29","39","14","10","5","1","0","0","1","21","30","9","4","6","6","1","0","1","4","16","5","2","0","0","0","0","0","0"
"s25","voters","CONC146","1262","698","286","51","2","3","14","0","2","0","206","585","677","108","25","27","11","19","18","10","1","5","1","2","0","13","2","0","0","19","11","5","0","7","1","1","0","2","0","1","1","14","11","3","0","3","9","35","44","38","47","96","2","17","42","85","62","73","145","3","6","14","15","20","40","57","0","4","11","13","17","22","64","1","8","12","28","15","21","34","2","7","7","14","14","17","26","0","4","10","3","7","7","8","0","3","7","6","3","5","9","393","123","72","15","10","3","8","3","71","167","43","28","7","4","3","1","2","31","83","32","27","17","8","2","5","2","30","38","26","4","1","1","0","0","0","2"
"s25","voters","CONC147","1481","829","326","57","5","7","10","0","6","0","241","650","831","171","39","35","9","18","11","5","5","2","0","0","0","8","0","2","1","14","10","9","1","8","2","7","2","1","0","2","1","16","3","5","1","1","23","31","47","58","64","96","2","35","56","86","86","88","156","0","5","16","26","18","35","59","1","6","11","20","19","44","66","3","11","21","23","26","21","25","1","12","9","25","19","20","25","0","5","6","9","5","2","14","0","4","7","4","3","9","17","484","141","85","24","26","4","4","5","56","177","50","47","11","7","1","0","0","33","135","36","20","10","18","1","4","3","14","52","17","9","0","3","1","0","1","2"
"s25","voters","CONC148","482","277","98","20","2","1","3","0","0","0","81","224","258","48","8","14","3","14","5","8","1","0","0","1","0","3","1","0","0","7","3","5","2","0","0","1","0","1","2","0","1","7","2","0","0","1","6","7","15","24","21","40","0","14","17","21","27","20","64","0","3","2","6","10","12","16","0","3","3","8","1","18","16","0","4","7","8","8","8","10","0","1","4","8","7","7","9","0","1","3","2","1","2","7","0","1","2","2","1","3","1","155","42","23","12","4","3","4","2","32","36","23","18","6","1","1","2","1","10","36","8","14","5","5","1","1","0","11","17","4","2","1","0","0","0","0","2"
"s25","voters","CONC802","1","0","0","0","0","0","0","0","0","0","1","1","0","0","0","0","0","0","0","0","0","0","0","0","0","0","0","0","0","0","0","1","0","0","0","0","0","0","0","0","0","0","0","0","0","0","0","0","0","0","0","0","0","0","0","0","0","0","0","0","0","0","0","0","0","0","0","0","0","0","0","0","0","0","0","0","0","1","0","0","0","0","0","0","0","0","0","0","0","0","0","0","0","0","0","0","0","0","0","0","0","0","0","0","0","0","0","0","0","0","0","0","0","0","0","0","0","0","0","0","0","1","0","0","0","0","0","0","0","0","0","0","0","0","0","0","0"
"s25","voters","CONC803","2","0","0","0","0","0","0","0","0","0","2","1","1","0","0","0","0","0","0","0","0","0","0","0","0","0","0","0","0","0","0","0","0","0","0","0","0","0","0","0","0","0","0","0","0","0","0","0","0","0","0","0","0","0","0","0","0","0","0","0","0","0","0","0","0","0","0","0","0","0","0","0","0","0","0","0","0","1","0","0","0","0","0","0","1","0","0","0","0","0","0","0","0","0","0","0","0","0","0","0","0","0","0","0","0","0","0","0","0","0","0","0","0","0","0","0","0","0","0","1","0","0","0","1","0","0","0","0","0","0","0","0","0","0","0","0","0"
"s25","voters","CONC804","0","0","0","0","0","0","0","0","0","0","0","0","0","0","0","0","0","0","0","0","0","0","0","0","0","0","0","0","0","0","0","0","0","0","0","0","0","0","0","0","0","0","0","0","0","0","0","0","0","0","0","0","0","0","0","0","0","0","0","0","0","0","0","0","0","0","0","0","0","0","0","0","0","0","0","0","0","0","0","0","0","0","0","0","0","0","0","0","0","0","0","0","0","0","0","0","0","0","0","0","0","0","0","0","0","0","0","0","0","0","0","0","0","0","0","0","0","0","0","0","0","0","0","0","0","0","0","0","0","0","0","0","0","0","0","0","0"
"s25","voters","CONC805","2","0","2","0","0","0","0","0","0","0","0","2","0","0","0","0","0","0","0","0","0","0","0","0","0","0","0","0","0","0","0","0","0","0","0","0","0","0","0","0","0","0","0","0","0","0","0","0","0","0","0","0","0","0","0","0","0","0","0","0","0","0","0","0","1","1","0","0","0","0","0","0","0","0","0","0","0","0","0","0","0","0","0","0","0","0","0","0","0","0","0","0","0","0","0","0","0","0","0","0","0","0","0","0","0","0","0","0","0","0","0","1","1","0","0","0","0","0","0","0","0","0","0","0","0","0","0","0","0","0","0","0","0","0","0","0","0"
"s25","voters","CONC807","0","0","0","0","0","0","0","0","0","0","0","0","0","0","0","0","0","0","0","0","0","0","0","0","0","0","0","0","0","0","0","0","0","0","0","0","0","0","0","0","0","0","0","0","0","0","0","0","0","0","0","0","0","0","0","0","0","0","0","0","0","0","0","0","0","0","0","0","0","0","0","0","0","0","0","0","0","0","0","0","0","0","0","0","0","0","0","0","0","0","0","0","0","0","0","0","0","0","0","0","0","0","0","0","0","0","0","0","0","0","0","0","0","0","0","0","0","0","0","0","0","0","0","0","0","0","0","0","0","0","0","0","0","0","0","0","0"
"s25","voters","CROC101","1425","885","227","65","6","9","16","0","17","0","200","665","760","118","27","16","8","33","5","5","3","1","1","0","0","4","0","1","0","9","0","1","3","6","0","1","0","0","0","0","0","16","8","3","6","0","13","26","59","51","74","137","2","16","40","76","79","102","210","1","6","13","14","14","32","53","1","0","4","15","9","29","36","2","6","11","23","15","23","31","1","2","11","15","19","16","25","0","7","5","12","13","13","11","0","2","9","7","6","14","14","477","153","83","31","28","6","7","5","95","134","36","21","3","10","0","1","3","19","106","31","18","14","7","1","3","1","19","82","19","6","2","1","0","1","0","2"
"s25","voters","CROC801","2","1","0","0","0","1","0","0","0","0","0","1","1","0","0","0","0","0","0","0","0","0","0","0","0","0","0","0","0","0","0","0","0","0","0","0","0","0","0","0","0","0","0","0","0","0","0","0","0","0","0","0","0","0","0","0","0","0","1","0","0","0","0","0","0","0","0","0","0","0","0","0","0","0","0","0","0","0","0","0","0","0","0","0","0","0","0","0","0","0","0","0","0","1","0","0","0","0","0","0","0","1","0","0","0","0","0","0","0","0","0","0","0","0","0","0","0","0","0","0","0","0","0","0","0","0","0","0","1","0","0","0","0","0","0","0","0"
"s25","voters","CROC802","1","0","0","0","0","0","0","0","0","0","1","1","0","0","0","0","0","0","0","0","0","0","0","0","0","0","0","0","0","0","0","0","0","0","0","0","0","0","0","0","0","0","0","0","0","0","0","0","0","0","0","0","0","0","0","0","0","0","0","0","0","0","0","0","0","0","0","0","0","0","0","0","0","0","1","0","0","0","0","0","0","0","0","0","0","0","0","0","0","0","0","0","0","0","0","0","0","0","0","0","0","0","0","0","0","0","0","0","0","0","0","0","0","0","0","0","0","0","0","1","0","0","0","0","0","0","0","0","0","0","0","0","0","0","0","0","0"
"s25","voters","DANV101","996","440","278","38","1","2","7","0","4","0","226","483","513","22","18","9","5","16","12","3","1","12","6","7","1","7","2","4","0","47","26","31","3","38","1","19","1","7","4","4","4","9","1","3","1","1","16","19","28","37","41","51","3","15","13","38","47","63","68","1","16","8","10","23","50","43","0","10","3","13","25","40","36","1","11","9","12","25","25","28","1","13","10","10","28","29","24","0","4","1","1","3","13","6","0","2","0","3","3","11","5","246","84","56","13","7","2","3","0","29","140","45","34","9","9","1","6","0","34","119","38","28","7","10","1","3","0","20","35","9","4","1","1","0","0","0","2"
"s25","voters","DANV102","596","300","160","18","1","2","8","0","0","0","107","285","311","12","5","6","0","23","6","10","1","4","2","0","0","2","3","1","0","6","1","2","0","3","0","3","0","1","0","0","1","3","3","0","0","0","6","13","12","22","27","35","1","13","16","26","34","36","59","1","8","8","10","17","24","22","0","5","8","10","17","15","15","1","1","10","7","8","12","24","0","5","6","7","8","11","7","1","1","1","4","1","2","7","0","0","0","3","2","4","3","152","39","40","9","12","1","2","3","42","73","20","22","9","4","1","5","3","23","58","16","14","6","4","0","2","0","7","15","6","3","2","1","0","0","1","1"
"s25","voters","DANV103","2076","914","656","102","1","6","21","1","3","0","372","983","1093","74","28","24","4","66","26","20","8","7","3","2","1","13","4","2","0","36","20","23","2","46","5","18","1","2","1","2","0","14","9","5","2","5","20","22","52","58","66","139","3","28","30","72","98","110","211","1","32","12","38","63","91","108","1","15","13","37","58","63","124","2","18","17","33","40","52","52","1","12","9","23","25","34","54","0","5","5","10","12","11","19","0","11","4","6","14","17","20","507","152","114","27","8","5","15","4","82","309","117","71","20","13","6","10","5","105","193","67","30","23","10","4","4","5","36","86","24","13","3","1","1","1","0","5"
"s25","voters","DANV104","98","58","25","2","0","0","1","0","0","0","12","45","53","0","0","1","0","5","0","2","0","0","0","0","0","0","0","0","0","0","0","0","0","0","0","0","0","1","0","0","0","0","0","0","0","0","0","0","1","2","7","10","1","2","4","2","2","9","18","0","0","1","1","2","2","7","0","1","1","0","0","5","5","0","0","1","1","2","4","2","0","0","1","0","1","0","0","0","0","1","0","1","0","0","0","0","0","0","0","0","1","39","5","9","0","1","0","0","0","4","13","3","4","1","0","0","0","0","4","6","1","1","2","0","0","0","1","1","1","0","1","1","0","0","0","0","0"
"s25","voters","DANV105","1977","821","681","108","1","6","16","0","8","0","336","942","1035","49","40","11","7","41","28","18","3","7","1","5","0","4","3","1","0","16","9","17","1","12","5","12","1","1","1","0","0","9","6","1","0","3","31","19","39","47","62","116","2","24","43","67","93","96","179","2","33","17","31","49","109","133","2","12","19","28","47","89","110","3","15","7","25","45","38","49","2","14","13","27","26","31","41","0","3","5","7","12","19","23","0","8","5","7","13","16","21","475","147","72","26","11","8","4","2","76","354","100","75","28","16","2","7","4","95","179","52","38","9","13","6","5","5","29","91","22","16","3","2","1","1","0","3"
"s25","voters","DANV106","1262","570","347","54","2","0","7","0","5","0","277","601","661","32","31","6","1","22","23","5","1","7","4","0","0","15","3","2","0","45","41","37","5","20","5","24","1","13","4","2","0","14","3","6","2","0","24","15","39","44","48","67","2","25","30","53","80","69","74","0","18","8","19","28","56","60","0","9","5","8","34","52","50","0","12","11","22","36","35","30","5","9","13","15","29","33","27","0","1","5","5","4","7","7","0","3","3","7","3","11","12","314","100","67","19","15","2","5","6","42","181","64","28","11","5","1","3","1","53","152","40","36","12","9","2","3","0","23","44","13","5","2","1","0","1","0","2"
"s25","voters","DANV107","1835","845","563","81","1","8","7","0","2","0","328","870","965","54","23","15","8","38","21","11","4","7","5","4","0","17","5","2","0","62","20","38","3","46","7","11","2","1","2","1","0","5","6","3","1","3","22","27","38","66","54","122","2","48","31","59","85","99","189","2","19","16","21","48","79","113","1","9","14","28","39","66","108","1","17","12","27","38","41","55","0","12","12","19","26","25","43","0","2","6","3","13","13","12","1","7","3","2","15","11","11","463","146","106","31","15","7","7","2","68","284","79","56","16","13","1","4","13","97","166","57","48","16","8","0","8","3","22","61","20","11","4","1","1","1","0","0"
"s25","voters","DANV108","1432","643","452","84","1","6","12","0","2","0","232","626","806","25","17","10","2","44","23","10","5","7","1","2","1","11","1","0","0","30","13","14","3","12","3","5","1","4","0","0","0","5","1","1","0","0","10","7","20","28","22","155","0","13","20","35","27","54","252","0","4","6","9","20","40","147","1","1","2","6","14","30","172","1","10","8","12","10","14","57","0","4","6","11","7","27","65","0","0","0","7","6","8","25","0","3","0","2","8","10","36","377","102","82","8","14","3","9","3","45","261","81","33","6","11","2","3","1","54","136","43","18","14","1","2","1","0","17","78","17","5","2","0","0","0","1","2"
"s25","voters","DANV109","983","469","279","39","2","12","6","0","5","0","171","481","502","30","22","8","3","23","10","4","4","1","0","2","1","7","0","4","0","24","6","9","0","11","2","2","1","1","0","0","0","2","3","0","1","1","6","14","22","46","30","71","2","18","14","46","46","56","97","0","8","9","16","19","41","55","2","8","7","15","13","33","53","1","14","6","20","21","21","28","1","3","3","14","11","10","18","0","5","1","6","6","8","6","0","6","2","5","5","6","8","250","67","59","15","14","5","4","2","53","152","40","19","6","2","1","3","1","55","92","24","23","8","2","1","2","4","15","37","13","9","0","0","1","0","0","4"
"s25","voters","DANV110","1712","847","439","80","1","9","8","0","2","0","326","799","913","73","31","19","11","51","8","16","5","2","1","0","0","4","1","2","0","28","13","23","2","26","7","14","1","6","0","4","0","17","6","11","1","1","19","30","65","72","62","90","4","35","40","82","93","114","140","4","25","12","12","50","56","71","0","10","9","21","47","47","75","6","13","11","28","43","36","43","0","11","15","25","37","30","28","0","3","3","8","8","15","13","1","6","6","5","9","14","9","443","150","100","29","21","3","9","4","88","231","52","44","14","9","5","3","4","77","172","45","47","21","4","0","7","0","30","65","14","9","2","3","1","0","1","5"
"s25","voters","DANV111","1777","844","530","67","2","7","16","1","0","0","310","827","950","58","27","14","2","51","12","11","8","2","3","2","0","3","3","2","0","53","10","15","3","16","6","9","0","0","1","0","0","10","5","4","0","1","17","19","61","66","53","115","2","24","38","73","106","92","177","4","8","14","31","53","67","102","0","8","12","29","50","53","99","1","17","4","32","44","33","39","4","20","7","28","28","19","34","1","3","7","3","11","10","11","0","1","4","7","6","13","16","455","160","96","28","19","5","5","2","74","255","79","63","15","12","4","4","1","97","158","56","28","18","9","3","5","1","32","53","18","11","6","2","0","1","0","2"
"s25","voters","DANV112","666","273","231","36","1","1","6","0","2","0","116","332","334","11","2","5","4","2","7","2","3","3","0","1","0","7","2","2","0","18","5","12","2","13","1","6","0","4","0","0","0","3","1","1","0","1","11","7","8","26","27","36","1","16","12","13","31","39","45","0","9","5","9","14","33","51","0","8","0","6","24","24","48","0","5","5","5","17","14","21","0","4","6","1","7","16","15","0","6","2","2","7","2","9","1","1","0","4","2","5","5","146","60","35","7","6","0","1","0","18","118","32","22","6","6","0","0","1","46","72","15","12","7","2","0","2","1","5","31","6","5","1","0","0","1","0","2"
"s25","voters","DANV113","2287","1027","717","99","0","8","24","0","5","0","407","1089","1198","57","38","24","7","58","39","17","9","8","2","7","0","17","2","3","1","47","36","34","3","27","4","9","2","4","4","2","0","23","3","4","1","2","36","22","66","51","79","158","4","53","34","74","102","113","233","3","25","16","31","51","84","155","1","21","8","35","51","100","136","2","18","27","32","39","57","65","2","10","11","27","24","42","51","1","6","3","9","8","20","23","0","8","3","6","11","13","25","554","179","122","28","18","10","9","7","100","355","112","82","21","21","0","10","5","111","200","75","44","27","14","3","6","2","36","85","24","16","3","0","0","1","0","7"
"s25","voters","DANV114","1299","554","433","64","2","3","11","0","5","0","227","618","681","37","28","6","7","47","16","21","4","2","1","0","1","5","8","2","1","30","9","21","3","21","3","11","0","2","5","5","1","11","5","1","0","2","18","12","31","40","47","82","1","33","18","45","52","65","108","1","6","6","19","44","56","92","0","8","10","20","32","49","90","1","18","9","13","15","24","41","3","10","4","19","14","24","32","1","6","3","4","8","8","11","0","5","2","3","8","16","10","284","109","59","26","5","5","6","3","57","219","61","48","14","16","5","0","3","67","122","33","28","9","10","2","3","1","19","62","10","5","3","1","0","1","1","2"
"s25","voters","DANV115","456","213","119","15","0","0","4","0","1","0","104","218","238","16","2","10","2","7","11","8","0","6","0","1","1","4","0","1","0","21","10","12","1","8","3","10","0","4","4","1","0","7","4","2","0","0","5","7","17","18","15","26","1","8","14","27","22","19","34","0","2","3","11","10","14","21","0","0","4","9","12","18","15","1","4","6","11","25","6","8","2","4","0","9","12","11","5","0","1","2","1","0","4","0","0","2","0","4","2","4","0","114","46","27","6","6","3","1","0","10","75","16","7","7","5","0","0","0","9","61","20","11","0","4","1","1","0","6","13","2","2","0","1","0","0","0","2"
"s25","voters","DANV116","1421","653","450","80","2","3","15","0","1","0","217","646","775","36","20","4","7","20","20","13","6","6","2","0","0","2","2","0","0","20","12","19","0","11","3","4","0","1","0","1","0","9","5","3","0","1","11","11","39","39","46","96","5","24","20","45","53","90","173","0","12","21","12","31","54","99","0","13","11","16","33","49","99","1","14","12","13","24","19","30","0","7","11","13","23","22","28","0","3","6","3","14","17","18","0","1","3","4","8","11","13","370","116","55","26","15","2","2","4","63","234","73","46","16","4","3","7","6","61","129","26","20","16","8","1","0","2","15","61","20","9","4","2","0","0","1","4"
"s25","voters","DANV801","0","0","0","0","0","0","0","0","0","0","0","0","0","0","0","0","0","0","0","0","0","0","0","0","0","0","0","0","0","0","0","0","0","0","0","0","0","0","0","0","0","0","0","0","0","0","0","0","0","0","0","0","0","0","0","0","0","0","0","0","0","0","0","0","0","0","0","0","0","0","0","0","0","0","0","0","0","0","0","0","0","0","0","0","0","0","0","0","0","0","0","0","0","0","0","0","0","0","0","0","0","0","0","0","0","0","0","0","0","0","0","0","0","0","0","0","0","0","0","0","0","0","0","0","0","0","0","0","0","0","0","0","0","0","0","0","0"
"s25","voters","DBAY101","17","0","16","1","0","0","0","0","0","0","0","9","8","0","5","0","0","0","2","0","0","0","0","0","0","0","0","0","0","0","0","0","0","0","0","0","0","0","0","0","0","0","0","0","0","0","0","0","0","0","0","0","0","0","0","0","0","0","0","0","0","2","1","1","1","3","0","0","1","1","0","2","4","0","0","0","0","0","0","0","0","0","0","0","0","0","0","0","0","0","0","0","0","1","0","0","0","0","0","0","0","0","0","0","0","0","0","0","0","0","7","0","5","3","0","0","0","0","1","0","0","0","0","0","0","0","0","0","0","1","0","0","0","0","0","0","0"
"s25","voters","DBAY102","21","5","15","1","0","0","0","0","0","0","0","11","10","3","2","0","0","0","0","0","0","0","0","0","0","0","0","0","0","0","0","0","0","0","0","0","0","0","0","0","0","0","0","0","0","0","1","1","0","0","1","1","0","0","0","0","0","0","1","0","0","0","0","1","1","5","0","0","0","2","1","2","3","0","0","0","0","0","0","0","0","0","0","0","0","0","0","0","0","0","0","0","0","0","0","0","0","0","0","1","0","3","1","1","0","0","0","0","0","0","8","2","0","0","0","0","3","0","2","0","0","0","0","0","0","0","0","0","1","0","0","0","0","0","0","0","0"
"s25","voters","DBAY103","36","9","19","4","0","0","1","0","0","0","3","18","18","0","1","0","0","0","1","0","2","0","0","0","0","0","0","0","0","0","0","0","0","0","0","0","0","0","0","0","0","0","0","0","0","0","0","2","1","0","0","1","0","0","0","0","2","1","2","0","1","0","0","1","6","1","0","0","0","1","2","2","5","0","1","0","0","0","0","0","0","0","1","0","0","1","0","0","0","0","2","2","0","0","0","0","0","1","0","0","0","3","2","2","0","0","0","0","0","2","13","2","1","1","0","0","0","0","2","1","0","0","2","0","0","0","0","0","3","2","0","0","0","0","0","0","0"
"s25","voters","DBAY104","719","309","267","38","0","3","6","0","1","0","95","338","381","50","44","20","11","22","12","1","1","0","0","0","0","0","0","0","0","1","1","5","0","3","0","0","0","0","1","0","0","2","11","1","0","2","7","11","18","21","15","52","1","12","19","27","25","40","59","0","6","11","37","20","32","28","1","3","18","25","21","31","34","1","5","1","11","9","10","10","1","5","4","11","10","6","11","1","3","4","5","5","8","5","0","0","1","4","3","4","5","167","64","39","26","7","1","2","1","2","146","43","46","17","7","1","2","0","5","59","23","6","5","2","0","0","0","0","31","8","5","4","0","0","0","0","0"
"s25","voters","DBAY105","15","3","10","0","0","0","0","0","0","0","2","8","7","3","2","0","0","0","0","0","0","0","0","0","0","0","0","0","0","0","0","0","0","0","0","0","0","0","0","0","0","0","0","0","0","0","0","0","0","0","1","0","0","0","1","0","0","0","1","0","0","2","0","1","2","1","0","1","1","0","0","2","0","0","0","0","0","1","0","0","0","0","0","1","0","0","0","0","0","0","0","0","0","0","0","0","0","0","0","0","0","1","1","0","1","0","0","0","0","0","5","1","2","0","0","0","0","0","2","1","1","0","0","0","0","0","0","0","0","0","0","0","0","0","0","0","0"
"s25","voters","DBAY106","9","0","9","0","0","0","0","0","0","0","0","4","5","0","0","0","0","0","0","0","0","0","0","0","0","0","0","0","0","0","0","0","0","0","0","0","0","0","0","0","0","0","0","0","0","0","0","0","0","0","0","0","0","0","0","0","0","0","0","0","0","0","0","0","4","0","0","0","0","0","0","4","1","0","0","0","0","0","0","0","0","0","0","0","0","0","0","0","0","0","0","0","0","0","0","0","0","0","0","0","0","0","0","0","0","0","0","0","0","0","5","2","0","0","0","1","0","1","0","0","0","0","0","0","0","0","0","0","0","0","0","0","0","0","0","0","0"
"s25","voters","DBAY107","7","3","4","0","0","0","0","0","0","0","0","2","5","1","0","0","0","0","0","0","0","0","0","0","0","0","0","0","0","0","0","0","0","0","0","0","0","0","0","0","0","0","0","0","0","0","0","0","0","0","0","0","0","1","1","0","0","0","1","0","0","0","0","0","0","2","0","0","0","0","0","0","2","0","0","0","0","0","0","0","0","0","0","0","0","0","0","0","0","0","0","0","0","0","0","0","0","0","0","0","0","1","1","0","0","0","0","1","0","0","3","0","0","0","0","0","0","0","1","0","0","0","0","0","0","0","0","0","0","0","0","0","0","0","0","0","0"
"s25","voters","DBAY108","363","162","121","16","2","3","3","0","0","0","56","168","195","43","25","17","6","2","3","1","1","0","0","0","0","0","0","0","0","0","0","0","0","6","3","0","0","0","0","0","0","9","4","3","1","0","8","10","10","15","8","12","0","10","12","14","26","14","23","1","3","10","15","13","16","7","1","2","10","13","10","13","7","0","4","6","6","7","6","1","0","2","2","8","9","4","1","0","0","1","4","4","0","1","0","4","2","3","1","2","2","88","30","18","1","7","0","4","1","13","72","15","16","3","6","0","0","0","9","24","11","9","3","2","0","1","2","4","13","9","2","0","0","0","0","0","0"
"s25","voters","DBAY109","12","3","9","0","0","0","0","0","0","0","0","3","9","0","1","0","0","0","0","0","0","0","0","0","0","0","0","0","0","0","0","0","0","0","0","0","0","0","0","0","0","0","0","0","0","0","0","0","0","0","0","0","0","2","0","0","1","0","0","0","0","0","0","1","1","1","0","0","1","0","1","2","2","0","0","0","0","0","0","0","0","0","0","0","0","0","0","0","0","0","0","0","0","0","0","0","0","0","0","0","0","1","1","0","0","0","0","0","0","1","5","1","2","0","1","0","0","0","0","0","0","0","0","0","0","0","0","0","0","0","0","0","0","0","0","0","0"
"s25","voters","DBAY110","1161","322","580","91","0","4","7","0","3","1","153","576","585","40","30","10","2","11","20","5","6","0","0","0","0","3","3","1","0","3","2","4","0","10","2","5","0","1","3","1","0","3","5","3","3","2","5","5","11","14","20","74","2","8","11","16","20","41","93","3","11","20","18","45","82","129","0","11","14","23","39","76","109","0","8","5","10","13","20","32","0","6","3","8","9","16","23","0","1","2","7","8","11","20","1","4","8","1","9","16","18","177","57","41","11","5","6","2","1","22","323","99","69","19","11","3","4","4","48","78","23","23","5","6","1","5","0","12","72","17","12","2","2","0","0","0","1"
"s25","voters","DBAY111","558","244","198","30","2","3","3","0","3","0","75","249","309","33","18","12","6","7","5","2","0","0","0","0","0","0","0","0","0","0","0","0","0","0","4","2","1","1","1","0","0","9","4","3","0","1","7","7","11","13","15","35","1","14","8","30","33","30","39","1","2","9","12","20","25","26","1","7","9","11","28","24","23","0","6","0","9","13","7","7","0","3","8","9","7","5","1","0","3","2","6","3","4","5","1","1","3","3","3","5","2","136","46","31","6","6","2","4","1","12","129","19","31","1","6","1","0","1","10","42","15","10","2","2","0","0","1","3","27","8","2","2","0","0","1","0","1"
"s25","voters","DBAY112","786","257","372","47","1","5","7","0","0","0","97","380","406","30","37","12","4","6","13","4","4","0","0","0","0","0","1","0","1","2","6","0","2","1","0","0","0","0","0","0","0","8","2","0","2","0","2","6","11","8","17","51","1","10","12","11","9","40","79","3","6","13","24","20","39","88","1","4","12","17","21","46","78","0","2","8","5","7","14","23","0","1","4","5","3","9","16","0","3","2","4","3","7","14","1","1","2","2","2","6","13","153","47","32","4","1","3","3","0","14","214","73","35","12","10","3","1","0","24","52","13","12","9","3","1","1","1","5","35","7","12","1","1","0","2","1","1"
"s25","voters","DBAY113","903","278","425","71","0","3","11","0","1","0","114","438","465","21","15","7","8","13","12","2","1","1","0","0","0","0","0","0","0","4","1","2","0","2","3","1","0","1","0","0","0","4","7","1","0","0","5","8","4","10","28","59","0","4","7","14","15","51","73","1","10","15","17","20","51","102","0","4","17","19","29","55","85","1","1","7","8","10","14","24","1","7","3","6","7","12","13","1","4","1","4","4","14","15","0","3","3","2","10","15","10","164","41","32","13","10","0","1","3","14","240","56","53","12","5","1","6","6","46","62","19","14","4","5","0","4","0","6","49","19","11","1","3","0","0","0","3"
"s25","voters","DBAY114","1043","394","424","56","1","6","7","0","1","0","154","472","571","86","37","21","10","8","17","9","2","0","0","0","0","0","0","0","0","6","8","4","1","3","4","0","0","4","5","3","0","9","7","4","0","3","13","12","22","36","38","28","5","30","13","41","61","39","53","2","20","8","37","51","56","34","1","18","16","43","49","45","44","1","6","8","16","20","14","11","2","7","8","18","16","13","14","1","7","2","4","14","6","2","0","9","2","6","9","3","6","225","59","35","19","16","3","5","8","24","255","62","57","12","10","0","2","1","25","90","22","14","8","3","4","2","4","7","45","14","8","1","0","0","0","1","2"
"s25","voters","DBAY115","569","166","286","44","1","3","5","0","0","0","64","268","301","18","19","7","4","3","7","3","1","1","0","0","1","0","0","0","0","1","5","0","0","2","0","0","0","0","2","0","0","0","1","0","2","0","4","3","2","5","9","41","0","7","7","9","11","26","42","0","3","7","14","16","45","60","0","4","5","10","14","51","57","0","4","1","3","1","10","15","0","3","1","4","7","6","9","0","2","2","0","2","6","13","1","0","2","4","1","7","13","100","23","22","5","1","1","2","1","11","170","43","33","4","8","3","3","2","20","35","13","8","1","0","0","2","1","4","39","10","1","2","0","0","0","0","1"
"s25","voters","DBAY116","31","6","19","1","0","0","1","0","0","0","4","14","17","2","3","1","0","0","0","0","0","0","0","0","0","0","0","0","0","0","0","0","0","0","0","0","0","0","0","0","0","1","0","0","0","0","0","0","0","0","0","2","0","0","0","1","1","0","2","0","0","0","3","1","2","3","0","1","1","3","0","2","3","0","0","0","1","0","0","0","0","0","1","1","1","0","0","0","0","1","0","0","1","0","0","0","0","0","0","0","0","3","2","0","0","1","0","0","0","0","15","2","1","1","0","0","0","0","0","2","1","1","0","0","0","0","0","0","1","0","1","0","0","0","0","0","0"
"s25","voters","DBAY801","0","0","0","0","0","0","0","0","0","0","0","0","0","0","0","0","0","0","0","0","0","0","0","0","0","0","0","0","0","0","0","0","0","0","0","0","0","0","0","0","0","0","0","0","0","0","0","0","0","0","0","0","0","0","0","0","0","0","0","0","0","0","0","0","0","0","0","0","0","0","0","0","0","0","0","0","0","0","0","0","0","0","0","0","0","0","0","0","0","0","0","0","0","0","0","0","0","0","0","0","0","0","0","0","0","0","0","0","0","0","0","0","0","0","0","0","0","0","0","0","0","0","0","0","0","0","0","0","0","0","0","0","0","0","0","0","0"
"s25","voters","DIAB101","521","145","251","27","0","3","5","0","1","0","89","257","264","4","12","0","0","7","11","6","1","0","0","1","0","0","2","1","0","0","5","2","2","2","1","1","1","0","0","0","0","0","1","0","0","0","5","4","7","8","15","23","0","8","3","7","13","18","34","0","9","6","6","23","29","58","2","2","6","12","18","24","56","0","4","5","7","9","9","14","0","4","1","6","6","8","16","0","1","2","2","0","3","8","0","1","1","0","4","6","8","80","25","22","3","1","0","1","0","13","108","54","26","12","5","0","3","1","42","57","9","9","3","3","0","0","0","8","21","9","4","0","0","0","0","0","2"
"s25","voters","DIAB102","56","30","13","4","0","0","0","0","2","0","7","22","34","3","0","1","2","0","4","0","0","0","0","0","0","0","0","0","0","1","1","1","0","0","0","0","0","0","0","0","0","0","0","0","0","0","0","0","5","2","1","2","1","1","0","4","6","5","3","0","0","0","0","2","1","3","0","0","0","1","3","0","3","0","0","1","0","1","0","1","0","1","0","0","1","1","1","0","0","0","0","1","1","1","0","0","0","0","1","1","1","14","9","4","0","1","2","0","0","0","9","2","0","1","0","0","0","0","1","3","2","0","0","1","0","0","0","1","4","1","0","0","0","0","0","0","1"
"s25","voters","ELCR101","1511","1123","93","26","3","8","6","0","21","0","231","677","834","91","9","14","7","56","1","10","4","16","1","2","0","54","0","3","1","95","20","48","6","17","0","6","2","4","1","6","1","20","6","1","2","6","26","36","87","96","75","152","4","39","66","129","124","105","178","0","3","3","6","3","16","14","0","1","1","4","9","6","27","2","3","9","29","27","23","24","2","8","11","17","16","25","35","0","3","2","6","6","7","13","0","1","2","2","9","9","4","612","210","118","38","27","11","11","7","89","56","12","7","2","1","0","2","0","13","131","23","29","13","7","4","2","3","19","38","12","4","4","0","0","1","1","4"
"s25","voters","ELCR102","43","32","2","0","0","0","0","0","1","0","8","19","24","7","1","3","0","1","0","0","0","0","0","0","0","0","0","0","0","1","0","0","0","1","0","0","0","0","0","0","0","0","0","0","0","0","0","2","1","3","1","6","0","2","1","1","3","3","9","0","0","0","0","0","0","0","0","0","1","0","0","0","1","0","0","0","3","1","0","2","0","0","0","0","1","0","1","0","0","0","0","0","0","0","0","0","0","0","1","0","0","16","5","2","2","0","2","1","1","3","1","0","0","0","0","0","0","0","1","5","0","1","1","0","0","0","0","1","0","0","0","0","0","0","0","0","1"
"s25","voters","ELCR103","1845","1493","70","15","4","6","3","0","7","0","247","840","1005","67","6","11","2","128","2","12","3","9","1","1","0","40","3","3","0","71","18","40","3","20","0","3","0","8","2","4","0","11","0","3","0","5","31","73","120","103","97","203","7","34","70","127","152","166","305","0","0","2","4","2","6","22","0","0","1","2","4","8","19","2","3","8","29","38","29","41","1","4","5","20","30","11","26","0","3","4","2","5","2","6","0","0","3","2","2","1","5","787","222","179","54","46","8","20","18","159","37","13","5","0","4","1","1","0","9","110","30","26","17","5","4","10","5","40","26","5","2","0","0","0","1","0","1"
"s25","voters","ELCR104","1087","786","50","13","8","6","4","0","9","0","211","481","606","93","6","21","4","40","0","1","4","5","0","3","0","18","1","2","0","48","15","28","1","17","2","3","0","10","1","1","1","13","1","7","1","1","13","59","91","39","40","79","1","32","94","110","62","60","105","0","2","3","3","5","4","10","0","0","4","5","2","5","7","0","6","23","29","20","17","16","0","7","21","23","14","17","18","0","3","4","4","2","2","6","0","2","1","2","6","2","6","482","141","76","16","14","5","13","2","37","36","6","4","0","0","0","1","1","2","123","36","17","11","10","3","1","2","8","29","6","0","1","1","0","0","0","3"
"s25","voters","ELCR105","2020","1505","133","35","6","11","9","0","10","0","311","953","1067","96","5","16","6","108","2","11","6","16","2","5","1","40","3","7","0","91","17","45","0","41","1","10","1","9","4","3","1","27","3","2","2","1","33","59","118","103","97","249","2","43","69","153","129","136","313","0","1","1","7","7","15","35","0","2","2","4","10","10","39","1","12","11","51","29","33","54","4","7","8","20","26","22","33","0","3","3","3","7","6","14","0","4","4","6","9","4","8","813","265","169","62","33","9","8","10","136","74","20","12","5","1","0","1","1","19","165","54","29","13","10","2","4","3","31","47","11","9","0","1","0","3","0","0"
"s25","voters","ELCR106","2033","1520","132","32","9","7","5","0","19","0","309","914","1119","99","8","15","3","121","5","20","3","10","1","0","1","46","6","4","4","89","12","39","6","33","0","11","1","17","1","5","1","18","0","3","1","4","33","48","107","104","119","219","6","45","77","139","142","161","316","0","1","2","0","13","14","47","0","2","5","4","3","10","31","2","8","12","28","35","35","44","2","10","10","18","33","25","47","0","1","4","9","5","5","15","0","2","5","3","4","6","13","799","239","178","63","44","6","15","15","161","71","12","10","5","6","0","1","0","27","149","53","28","21","7","8","8","2","33","46","11","8","2","1","0","0","0","4"
"s25","voters","ELCR107","1461","1069","85","25","8","14","10","0","18","0","232","633","828","112","13","25","11","64","0","5","0","12","3","2","1","23","0","3","1","56","7","36","3","16","2","4","0","11","4","13","2","17","3","7","1","2","24","60","87","71","74","106","7","35","87","117","106","107","186","0","1","2","10","10","8","13","0","1","1","8","8","6","17","0","9","12","34","20","21","30","0","10","13","18","18","13","34","0","0","11","8","5","7","8","0","3","8","6","8","6","5","634","156","118","27","38","7","18","2","69","54","10","7","4","2","1","0","2","5","128","41","20","11","16","0","3","1","12","49","13","6","0","2","0","1","1","3"
"s25","voters","ELCR108","962","721","57","15","0","3","7","0","9","0","150","444","518","57","4","11","3","44","0","10","0","10","3","1","2","19","0","2","1","46","6","35","2","9","0","2","2","8","0","0","0","19","0","3","1","3","11","24","47","64","48","98","2","16","34","80","79","69","146","0","0","1","4","2","8","21","0","0","1","1","2","3","14","0","3","6","31","15","18","22","2","2","7","7","12","11","14","0","1","0","2","6","5","4","0","1","2","4","1","4","4","368","135","84","25","19","4","5","7","74","30","8","6","2","2","0","0","0","9","77","24","18","7","4","0","2","3","15","24","6","2","1","1","0","0","0","0"
"s25","voters","ELCR109","1107","877","35","24","2","4","3","0","7","0","155","503","604","48","1","4","3","81","2","14","2","5","1","5","0","23","0","2","1","42","8","14","4","13","0","4","0","1","0","0","0","6","1","0","2","3","22","22","49","61","86","136","3","37","36","62","85","87","188","0","0","0","0","0","4","13","0","0","1","0","0","6","11","0","8","5","10","22","18","23","0","7","1","12","17","17","15","0","1","1","0","3","10","6","0","0","2","0","4","2","11","458","149","99","39","33","9","12","4","74","16","7","3","2","1","0","0","0","6","88","18","14","11","0","1","2","2","19","21","7","1","3","1","0","1","3","3"
"s25","voters","ELCR802","1","0","0","0","0","0","0","0","0","0","1","1","0","0","0","0","0","0","0","0","0","0","0","0","0","0","0","0","0","0","0","0","0","0","0","1","0","0","0","0","0","0","0","0","0","0","0","0","0","0","0","0","0","0","0","0","0","0","0","0","0","0","0","0","0","0","0","0","0","0","0","0","0","0","0","1","0","0","0","0","0","0","0","0","0","0","0","0","0","0","0","0","0","0","0","0","0","0","0","0","0","0","0","0","0","0","0","0","0","0","0","0","0","0","0","0","0","0","0","1","0","0","0","0","0","0","0","0","0","0","0","0","0","0","0","0","0"
"s25","voters","ELSO101","18","8","7","2","0","0","0","0","0","0","1","8","10","0","0","0","0","0","0","0","0","0","0","0","0","0","0","0","0","0","0","0","0","0","2","0","0","1","0","0","0","0","0","0","0","0","0","0","0","0","3","0","0","0","1","1","0","2","1","1","0","0","1","0","0","1","0","0","0","0","0","3","1","0","0","1","0","0","0","0","0","0","0","0","0","0","0","0","0","0","0","0","1","0","0","0","0","0","1","0","0","5","1","1","0","0","0","1","0","0","4","1","0","0","0","0","1","0","1","0","0","0","0","0","0","1","0","0","0","1","0","0","1","0","0","0","0"
"s25","voters","ELSO102","160","98","37","3","1","1","1","0","1","0","18","69","91","10","3","2","0","5","0","1","1","2","0","0","0","0","0","0","0","3","0","1","0","3","0","0","0","0","2","0","0","2","4","2","1","0","2","3","5","7","8","15","0","4","2","8","15","7","22","1","0","0","1","3","5","8","0","1","2","1","1","6","8","0","0","1","3","1","4","0","0","0","2","2","2","3","0","0","0","0","1","1","0","0","0","2","1","0","0","1","1","56","23","5","2","2","0","0","1","9","23","3","2","0","1","0","0","0","8","13","1","1","0","1","0","0","0","2","4","2","0","0","0","0","0","0","1"
"s25","voters","ELSO103","1552","1033","185","54","6","9","2","0","9","1","253","687","865","212","35","54","17","33","10","2","0","1","0","4","0","4","0","0","0","30","6","13","1","27","9","12","4","5","1","2","0","15","7","7","1","4","25","42","61","53","83","154","6","49","68","97","93","122","176","0","2","8","10","15","23","47","0","3","8","6","4","22","37","1","11","10","26","18","30","30","3","8","20","29","16","22","29","1","2","3","5","7","3","13","1","3","4","13","8","10","8","534","174","138","37","31","8","19","8","84","97","21","19","7","6","2","3","2","28","120","51","30","9","16","4","6","1","16","52","15","7","0","2","1","0","1","3"
"s25","voters","ELSO104","1077","682","167","38","4","5","6","0","12","0","163","468","609","128","21","22","13","29","9","5","1","1","1","2","0","3","0","1","0","8","9","12","3","16","2","9","1","4","7","2","1","16","2","7","2","0","17","37","34","42","37","93","3","23","45","60","59","82","150","0","5","8","7","11","23","30","1","1","4","8","9","23","37","0","7","6","16","17","19","25","0","4","6","13","17","12","21","0","2","2","5","8","4","13","0","3","4","6","7","6","5","373","118","88","24","22","2","3","2","50","95","22","17","6","8","1","1","0","17","88","20","18","16","6","0","1","0","14","41","9","7","1","1","0","3","0","3"
"s25","voters","ELSO105","72","49","10","2","0","0","0","0","1","0","10","36","36","4","0","2","1","3","0","0","0","0","0","0","0","0","0","0","0","1","0","1","0","0","0","0","0","0","0","0","0","0","0","0","0","0","2","2","2","2","6","8","0","2","2","5","2","5","11","0","0","0","0","2","1","3","0","0","0","0","1","1","2","0","0","1","0","2","2","2","0","0","0","1","2","0","0","0","0","0","0","0","0","1","0","0","0","0","0","2","0","28","7","6","2","2","0","0","0","4","7","0","0","1","1","0","0","0","1","5","1","1","1","1","0","0","0","1","2","0","1","0","0","0","0","0","0"
"s25","voters","ELSO106","622","373","117","24","3","3","7","0","11","0","84","295","327","79","13","23","8","10","3","4","0","3","0","1","0","2","0","0","1","7","6","2","2","9","4","2","3","1","0","2","0","9","6","1","1","1","9","11","33","28","33","46","1","17","24","34","24","36","76","0","4","8","5","7","17","23","0","3","5","4","8","17","16","0","5","6","12","9","8","6","0","7","4","3","8","6","10","1","0","4","4","6","3","6","0","0","6","4","7","2","5","199","62","40","7","20","3","1","2","39","55","21","14","3","5","2","1","2","14","45","8","10","5","3","1","1","3","8","34","7","6","0","0","1","0","0","0"
"s25","voters","ELSO107","6","6","0","0","0","0","0","0","0","0","0","2","4","0","0","0","0","0","0","0","0","0","0","0","0","0","0","0","0","0","0","0","0","0","0","0","0","0","0","0","0","0","0","0","0","0","0","1","0","0","1","0","0","0","1","0","1","1","1","0","0","0","0","0","0","0","0","0","0","0","0","0","0","0","0","0","0","0","0","0","0","0","0","0","0","0","0","0","0","0","0","0","0","0","0","0","0","0","0","0","0","2","1","2","0","0","0","0","0","1","0","0","0","0","0","0","0","0","0","0","0","0","0","0","0","0","0","0","0","0","0","0","0","0","0","0","0"
"s25","voters","ELSO108","427","291","42","14","3","1","2","0","2","0","72","187","240","41","14","14","1","14","0","6","2","0","0","0","0","2","0","0","1","7","0","4","0","10","0","2","0","0","0","1","3","7","0","3","0","0","5","13","20","14","26","44","2","13","11","21","20","34","68","0","2","1","2","1","3","11","0","0","2","3","3","9","5","2","1","7","8","3","4","8","0","4","7","6","5","7","10","0","1","1","0","0","5","5","0","1","1","2","0","5","1","158","52","31","9","8","2","1","3","27","25","5","6","4","0","0","0","0","2","38","12","8","6","3","0","0","0","5","16","2","3","0","0","0","0","0","1"
"s25","voters","ELSO109","880","594","97","30","8","1","7","0","9","0","134","395","485","124","21","22","8","20","4","4","3","0","1","0","0","5","0","1","1","8","2","8","0","9","5","3","1","3","0","1","0","15","3","0","2","2","12","29","30","37","50","80","2","21","38","62","43","69","119","0","2","5","7","7","9","25","0","1","1","3","6","10","21","1","4","8","12","17","11","20","1","4","6","18","18","7","7","0","2","5","4","7","5","4","0","5","2","4","8","4","5","328","102","74","18","24","4","4","4","36","62","16","5","2","2","0","0","3","7","81","16","12","6","3","2","1","3","10","33","13","7","1","0","0","1","0","0"
"s25","voters","ELSO110","18","14","3","0","0","0","0","0","0","0","1","9","9","9","0","0","0","0","0","0","0","0","0","0","0","0","0","0","0","0","0","0","0","1","0","0","0","0","0","0","0","0","0","0","0","0","1","2","0","0","2","3","0","1","1","0","0","2","2","0","0","0","0","0","0","1","0","0","0","0","0","2","0","0","0","0","0","0","0","0","0","0","0","0","0","0","1","0","0","0","0","0","0","0","0","0","0","0","0","0","0","6","2","5","0","0","0","0","0","1","3","0","0","0","0","0","0","0","0","0","0","0","0","0","0","0","0","1","0","0","0","0","0","0","0","0","0"
"s25","voters","ELSO801","0","0","0","0","0","0","0","0","0","0","0","0","0","0","0","0","0","0","0","0","0","0","0","0","0","0","0","0","0","0","0","0","0","0","0","0","0","0","0","0","0","0","0","0","0","0","0","0","0","0","0","0","0","0","0","0","0","0","0","0","0","0","0","0","0","0","0","0","0","0","0","0","0","0","0","0","0","0","0","0","0","0","0","0","0","0","0","0","0","0","0","0","0","0","0","0","0","0","0","0","0","0","0","0","0","0","0","0","0","0","0","0","0","0","0","0","0","0","0","0","0","0","0","0","0","0","0","0","0","0","0","0","0","0","0","0","0"
"s25","voters","ELSO802","2","0","2","0","0","0","0","0","0","0","0","1","1","0","0","0","0","0","0","0","0","0","0","0","0","0","0","0","0","0","1","0","0","0","0","0","0","0","0","0","0","0","0","0","0","0","0","0","0","0","0","0","0","0","0","0","0","0","0","0","0","0","0","0","1","0","0","0","0","0","0","0","1","0","0","0","0","0","0","0","0","0","0","0","0","0","0","0","0","0","0","0","0","0","0","0","0","0","0","0","0","0","0","0","0","0","0","0","0","0","1","0","1","0","0","0","0","0","0","0","0","0","0","0","0","0","0","0","0","0","0","0","0","0","0","0","0"
"s25","voters","ELSO803","2","1","0","1","0","0","0","0","0","0","0","2","0","0","0","0","0","0","0","0","0","0","0","0","0","0","0","0","0","0","0","0","1","0","0","0","0","0","0","0","0","0","0","0","0","0","0","0","0","0","0","1","0","0","0","0","0","0","0","0","0","0","0","0","0","0","0","0","0","0","0","0","0","0","0","0","0","0","0","0","0","0","0","0","0","0","0","0","0","0","0","0","0","1","0","0","0","0","0","0","0","0","0","1","0","0","0","0","0","0","0","0","0","0","0","0","0","0","0","0","0","0","0","0","0","0","0","0","1","0","0","0","0","0","0","0","0"
"s25","voters","ELSO804","0","0","0","0","0","0","0","0","0","0","0","0","0","0","0","0","0","0","0","0","0","0","0","0","0","0","0","0","0","0","0","0","0","0","0","0","0","0","0","0","0","0","0","0","0","0","0","0","0","0","0","0","0","0","0","0","0","0","0","0","0","0","0","0","0","0","0","0","0","0","0","0","0","0","0","0","0","0","0","0","0","0","0","0","0","0","0","0","0","0","0","0","0","0","0","0","0","0","0","0","0","0","0","0","0","0","0","0","0","0","0","0","0","0","0","0","0","0","0","0","0","0","0","0","0","0","0","0","0","0","0","0","0","0","0","0","0"
"s25","voters","ELSO806","1","0","0","0","0","0","0","0","0","0","1","0","1","0","0","0","0","0","0","0","0","0","0","0","0","0","0","0","0","0","0","0","0","0","0","0","0","0","0","0","0","0","0","0","0","0","0","0","0","0","0","0","0","0","0","0","0","0","0","0","0","0","0","0","0","0","0","0","0","0","0","0","0","0","0","0","0","0","0","0","0","0","0","0","1","0","0","0","0","0","0","0","0","0","0","0","0","0","0","0","0","0","0","0","0","0","0","0","0","0","0","0","0","0","0","0","0","0","0","1","0","0","0","0","0","0","0","0","0","0","0","0","0","0","0","0","0"
"s25","voters","ELSO807","2","0","2","0","0","0","0","0","0","0","0","1","1","0","0","0","0","0","0","0","0","0","0","0","0","0","0","0","0","0","0","0","0","0","0","0","0","0","0","0","0","0","0","0","0","0","0","0","0","0","0","0","0","0","0","0","0","0","0","0","0","0","0","0","0","1","0","0","0","0","0","0","1","0","0","0","0","0","0","0","0","0","0","0","0","0","0","0","0","0","0","0","0","0","0","0","0","0","0","0","0","0","0","0","0","0","0","0","0","0","1","0","1","0","0","0","0","0","0","0","0","0","0","0","0","0","0","0","0","0","0","0","0","0","0","0","0"
"s25","voters","ELSO809","2","1","1","0","0","0","0","0","0","0","0","1","1","0","0","0","0","0","0","0","0","0","0","0","0","0","0","0","0","0","0","0","0","0","0","0","0","0","0","0","0","0","0","0","0","0","0","0","0","0","0","1","0","0","0","0","0","0","0","0","0","0","0","0","0","0","0","0","0","0","0","1","0","0","0","0","0","0","0","0","0","0","0","0","0","0","0","0","0","0","0","0","0","0","0","0","0","0","0","0","0","0","0","1","0","0","0","0","0","0","1","0","0","0","0","0","0","0","0","0","0","0","0","0","0","0","0","0","0","0","0","0","0","0","0","0","0"
"s25","voters","ELSO810","5","2","0","1","0","0","0","0","0","0","2","3","2","2","0","0","0","0","0","0","0","0","0","0","0","0","0","0","0","0","0","0","0","0","0","0","0","0","0","0","0","0","0","0","0","0","0","0","0","0","0","1","0","0","0","0","0","0","1","0","0","0","0","0","0","0","0","0","0","0","0","0","0","0","0","0","0","0","1","1","0","0","0","0","0","0","0","0","0","0","0","0","0","0","0","0","0","0","0","1","0","1","0","1","0","0","0","0","0","0","0","0","0","0","0","0","0","0","0","1","1","0","0","0","0","0","0","0","1","0","0","0","0","0","0","0","0"
"s25","voters","ELSO811","2","2","0","0","0","0","0","0","0","0","0","0","2","0","0","0","0","0","0","0","0","0","0","0","0","0","0","0","0","0","0","0","0","0","0","0","0","0","0","0","0","0","0","0","0","0","0","0","0","0","0","0","0","0","0","0","0","1","1","0","0","0","0","0","0","0","0","0","0","0","0","0","0","0","0","0","0","0","0","0","0","0","0","0","0","0","0","0","0","0","0","0","0","0","0","0","0","0","0","0","0","0","1","0","0","0","0","0","0","1","0","0","0","0","0","0","0","0","0","0","0","0","0","0","0","0","0","0","0","0","0","0","0","0","0","0","0"
"s25","voters","ELSO813","6","6","0","0","0","0","0","0","0","0","0","3","3","2","0","0","0","0","0","0","0","0","0","0","0","0","0","0","0","0","0","0","0","0","0","0","0","0","0","0","0","0","0","0","0","0","0","0","3","0","0","0","0","0","1","1","0","0","1","0","0","0","0","0","0","0","0","0","0","0","0","0","0","0","0","0","0","0","0","0","0","0","0","0","0","0","0","0","0","0","0","0","0","0","0","0","0","0","0","0","0","5","0","1","0","0","0","0","0","0","0","0","0","0","0","0","0","0","0","0","0","0","0","0","0","0","0","0","0","0","0","0","0","0","0","0","0"
"s25","voters","ERIC101","370","262","21","7","2","2","5","0","2","1","68","161","209","38","2","12","2","17","1","3","2","1","0","0","0","0","0","0","0","6","1","4","0","5","0","3","0","2","0","0","0","3","0","1","0","0","5","8","20","16","23","39","0","10","23","23","25","18","52","0","0","1","2","1","3","5","0","0","0","2","1","2","4","0","0","4","7","5","6","7","0","7","1","6","6","7","12","0","0","2","1","3","0","3","0","1","2","3","1","2","1","135","60","30","5","8","0","0","5","19","12","5","1","1","0","0","0","0","2","41","13","6","1","3","0","0","0","4","12","2","3","0","0","0","0","0","2"
"s25","voters","ERIC102","1849","1390","95","40","18","5","10","0","19","0","272","840","1009","129","10","18","12","98","2","9","0","5","0","0","0","22","2","1","1","46","1","13","0","20","0","9","4","9","0","4","0","14","0","1","1","3","28","39","105","102","98","211","5","39","54","128","119","154","305","1","3","3","4","7","19","16","0","1","3","5","6","6","21","3","9","11","27","40","24","42","1","13","10","19","26","27","20","0","3","2","8","6","15","11","0","5","4","10","7","14","7","717","226","156","52","56","7","8","11","157","57","14","7","6","2","0","0","0","9","146","31","30","16","7","5","5","3","29","63","14","7","2","1","0","1","0","4"
"s25","voters","ERIC103","28","23","2","0","1","0","0","0","0","0","2","14","14","0","0","0","0","0","0","0","0","0","0","0","0","0","0","0","0","0","0","0","0","0","0","1","0","0","0","0","0","0","0","0","0","0","0","1","1","1","1","7","0","0","0","2","2","2","6","0","0","0","0","0","0","1","0","0","0","0","0","0","1","0","0","0","0","2","0","0","0","0","0","0","0","0","0","0","0","0","0","0","0","0","0","0","0","1","0","0","0","11","3","3","1","0","0","1","0","4","1","0","0","1","0","0","0","0","0","0","0","0","1","0","0","0","0","1","1","0","0","0","0","0","0","0","0"
"s25","voters","GIAN101","527","347","82","13","0","1","6","0","4","0","74","227","300","79","15","16","2","7","0","1","0","1","1","0","0","4","1","3","0","6","0","3","0","15","1","2","0","4","4","1","2","8","7","1","0","1","14","9","15","13","24","59","0","16","18","25","23","51","79","0","0","3","2","10","14","18","0","1","1","1","2","9","21","0","2","5","12","6","3","9","0","4","4","4","8","9","8","0","0","0","2","1","2","3","0","2","1","2","3","3","5","184","52","44","7","8","1","6","1","44","43","10","17","1","4","0","1","1","5","33","15","8","5","2","2","1","0","8","14","5","4","0","0","0","0","0","1"
"s25","voters","GIAN102","1612","1042","244","55","3","4","10","0","5","1","248","697","915","373","45","90","24","22","9","1","1","2","1","1","0","10","1","0","0","21","6","18","2","18","3","4","1","12","13","5","1","37","10","6","2","4","21","59","55","52","82","129","5","55","79","106","75","126","194","0","8","7","18","9","31","60","0","3","6","9","19","22","52","1","14","13","24","23","22","22","1","17","22","26","23","25","15","0","6","7","6","7","9","8","0","5","4","4","3","9","10","546","184","114","36","29","5","16","3","109","134","41","30","1","10","0","1","3","24","139","31","23","18","9","3","4","2","19","46","13","9","2","3","0","2","1","2"
"s25","voters","GIAN103","840","556","107","23","6","5","4","0","4","0","135","341","499","246","39","68","14","11","1","5","2","2","0","0","0","0","1","1","0","2","3","4","1","4","0","3","0","8","4","2","1","21","4","6","0","1","16","27","26","19","51","79","5","36","47","26","39","56","128","0","3","3","5","6","8","25","0","3","2","12","6","10","24","1","9","6","10","8","8","13","1","11","12","16","12","14","14","1","0","2","4","2","6","2","1","4","5","3","3","3","6","267","104","66","22","24","4","17","4","48","71","12","10","1","6","1","3","1","2","75","17","14","9","10","2","4","1","3","28","4","6","2","1","0","1","0","0"
"s25","voters","HERC101","673","463","67","17","4","1","9","0","1","0","111","279","394","117","14","30","9","2","1","0","1","6","0","0","2","3","0","0","0","11","1","10","0","15","3","9","0","7","0","3","0","30","6","11","3","1","7","23","27","23","33","63","2","22","29","41","38","59","95","0","0","1","4","4","7","20","0","0","0","10","3","8","10","0","0","5","10","6","12","15","0","12","8","7","12","9","15","0","2","4","3","4","0","5","0","2","1","4","1","3","3","242","92","55","13","6","5","9","1","40","34","12","9","1","1","1","1","0","8","59","17","16","5","1","0","1","2","10","23","4","3","1","0","0","1","0","0"
"s25","voters","HERC102","1866","1250","196","57","7","5","7","0","6","0","338","787","1079","264","37","69","12","22","5","7","0","13","2","5","2","6","1","3","1","77","23","34","8","32","2","8","3","14","3","5","0","113","19","34","3","2","28","56","75","96","87","140","3","52","106","116","161","139","189","0","3","5","10","19","24","36","1","5","4","17","14","20","38","0","15","17","24","32","36","41","3","19","17","32","29","37","36","1","2","6","6","10","7","9","0","5","8","1","5","11","11","749","209","126","30","22","4","14","12","84","122","32","16","7","3","0","1","0","15","195","53","33","10","9","3","10","3","22","57","13","5","2","1","0","2","0","2"
"s25","voters","HERC103","218","131","35","9","2","0","0","0","1","0","40","90","128","22","9","12","3","0","1","1","0","0","0","0","0","0","2","1","0","9","3","5","1","3","1","4","0","0","1","3","0","8","4","3","0","0","1","1","5","5","10","26","0","4","11","4","7","13","44","0","0","0","2","1","0","14","0","1","0","0","2","3","12","0","1","4","0","1","3","13","0","0","4","2","0","2","10","0","0","0","0","1","0","2","0","0","0","3","1","2","3","69","25","18","2","5","1","1","0","10","14","8","9","0","1","0","0","0","3","14","10","3","2","4","0","1","0","6","8","3","0","1","0","0","0","0","0"
"s25","voters","HERC104","1317","885","169","47","1","3","6","0","8","1","197","581","736","182","42","47","12","17","4","1","2","5","1","0","0","11","0","4","1","64","15","24","7","25","3","7","1","15","6","7","3","84","20","14","7","1","25","45","41","45","64","140","4","39","41","75","75","93","197","0","3","3","9","11","19","34","0","3","4","7","11","24","41","2","7","13","23","16","16","28","0","4","13","16","14","20","25","0","1","6","3","3","13","10","0","6","1","5","3","8","7","485","138","101","23","21","3","10","6","98","106","18","19","4","2","0","3","2","15","108","24","17","15","9","0","2","2","20","44","8","8","3","0","0","2","0","1"
"s25","voters","HERC105","50","38","9","0","0","0","0","0","1","0","2","22","28","5","0","0","0","0","0","0","0","0","0","0","0","0","0","0","0","0","1","0","0","2","2","0","0","5","0","0","0","0","2","0","1","0","0","4","0","2","2","9","0","0","1","6","2","3","9","0","0","0","0","0","2","2","0","0","1","0","0","2","2","0","0","0","0","0","1","0","0","0","0","0","0","1","0","0","0","0","0","0","0","0","0","0","1","0","0","0","0","22","7","5","0","1","0","0","0","3","5","1","2","0","0","0","1","0","0","0","0","1","1","0","0","0","0","0","1","0","0","0","0","0","0","0","0"
"s25","voters","HERC106","863","603","91","23","3","3","6","0","4","0","130","341","522","119","19","30","5","10","3","1","0","1","1","4","0","10","3","3","1","26","8","11","2","4","1","0","1","8","2","0","0","35","9","15","3","0","11","23","36","36","47","58","0","16","45","64","61","69","137","0","1","6","5","8","11","14","0","2","2","4","6","12","20","1","2","14","8","10","11","20","0","4","12","8","14","11","15","1","1","4","4","4","3","2","0","1","5","3","3","4","4","336","119","59","15","14","4","10","5","41","52","12","14","2","2","0","1","0","8","58","24","18","12","5","1","0","0","12","29","6","1","0","0","0","1","0","2"
"s25","voters","HERC107","1353","890","156","40","2","11","3","0","2","0","249","596","757","190","43","53","13","9","3","4","1","3","0","3","0","6","2","1","0","45","18","29","1","43","6","24","1","17","11","12","3","72","25","29","0","3","32","54","54","67","68","80","3","42","85","79","107","114","102","0","3","10","7","16","24","32","0","0","7","11","10","14","22","2","12","18","16","21","25","23","1","14","19","18","28","33","19","1","5","2","9","3","2","7","0","6","6","3","5","4","5","486","186","113","17","18","3","4","4","59","94","32","15","2","5","0","0","1","7","135","32","35","14","9","1","1","4","18","37","8","8","1","1","1","1","0","1"
"s25","voters","HERC108","1084","727","146","38","3","4","5","0","9","0","152","446","638","154","26","30","12","17","1","1","2","5","0","1","1","8","1","0","0","52","15","22","3","33","1","7","3","5","6","2","1","81","10","12","3","3","16","28","40","44","43","97","1","46","31","72","61","64","181","1","4","3","9","13","18","31","0","2","3","6","9","18","29","0","7","4","10","17","14","13","1","8","11","9","15","17","26","0","2","1","10","4","6","8","1","5","2","3","2","5","10","393","115","84","22","28","4","8","5","68","84","15","16","4","7","1","2","0","17","88","23","18","8","4","1","0","0","10","34","13","8","1","1","0","0","0","2"
"s25","voters","HERC109","1350","867","195","52","9","3","6","0","5","0","213","576","774","211","41","46","16","17","4","5","1","8","4","1","2","10","2","1","0","33","15","16","2","39","8","11","7","10","10","4","0","60","13","22","6","3","17","29","50","50","67","122","2","26","48","93","73","86","201","2","2","5","12","11","17","43","0","3","6","10","14","26","44","0","8","10","20","16","18","37","0","10","15","11","20","14","34","0","4","2","4","4","6","17","1","4","4","2","12","5","10","460","147","94","30","16","4","9","2","105","103","32","31","3","5","1","2","2","16","108","35","17","10","4","2","6","2","29","47","18","3","0","2","1","1","0","3"
"s25","voters","HERC110","984","619","172","24","2","3","7","0","3","2","152","459","525","137","31","28","8","8","2","0","0","1","2","1","0","6","0","2","1","56","20","15","4","25","8","12","3","13","9","3","2","59","23","18","0","3","7","21","38","20","43","117","2","12","51","48","42","56","159","0","1","6","11","11","15","55","0","0","2","10","3","12","46","2","6","8","18","12","12","28","0","4","7","12","8","12","23","0","0","4","5","2","3","11","0","3","3","4","1","1","4","328","107","86","14","13","5","8","2","56","101","22","13","11","2","1","1","1","20","73","23","15","8","6","1","3","1","22","23","14","0","0","0","0","0","1","3"
"s25","voters","KENS101","1638","1321","72","21","3","8","4","0","17","0","192","757","881","50","4","12","1","126","4","12","6","5","1","2","0","18","1","0","0","54","1","17","2","13","3","1","0","5","0","0","0","7","0","0","2","3","38","41","68","88","96","237","2","42","56","94","97","144","315","0","0","2","4","3","5","27","0","0","1","4","2","3","21","1","7","4","20","21","20","39","1","2","3","18","16","14","26","0","2","1","3","5","12","10","0","1","0","5","4","8","2","729","214","133","41","29","7","12","11","145","40","5","3","1","4","0","3","0","16","102","28","18","15","7","1","4","1","16","30","6","6","2","0","0","2","2","5"
"s25","voters","KENS102","1594","1286","57","22","2","3","9","0","8","0","207","714","880","46","0","9","1","99","4","20","1","4","1","1","0","30","2","4","1","46","4","11","1","19","0","5","1","7","0","0","0","11","0","1","0","5","22","45","69","75","108","203","2","35","62","106","107","139","308","0","1","0","3","4","3","22","0","0","0","1","1","2","20","2","11","14","18","24","24","36","0","7","5","13","16","13","24","0","2","1","0","5","6","11","0","0","0","2","4","6","7","687","220","121","35","37","6","25","10","145","34","8","2","3","1","0","0","0","9","108","26","24","10","7","2","3","2","25","28","9","3","0","3","0","0","0","1"
"s25","voters","KENS802","3","2","1","0","0","0","0","0","0","0","0","1","2","0","0","0","0","0","0","0","0","0","0","0","0","0","0","0","0","0","0","0","0","0","0","0","0","0","0","0","0","0","0","0","0","0","0","0","0","0","0","0","0","0","0","0","2","0","0","0","0","0","0","0","0","1","0","0","0","0","0","0","0","0","0","0","0","0","0","0","0","0","0","0","0","0","0","0","0","0","0","0","0","0","0","0","0","0","0","0","0","2","0","0","0","0","0","0","0","0","1","0","0","0","0","0","0","0","0","0","0","0","0","0","0","0","0","0","0","0","0","0","0","0","0","0","0"
"s25","voters","KENS803","4","3","0","0","0","0","0","0","0","0","1","1","3","0","0","0","0","1","0","1","0","0","0","0","0","0","0","0","0","0","0","0","0","0","0","0","0","0","0","0","0","0","0","0","0","0","0","0","0","1","0","0","0","1","0","0","0","1","0","0","0","0","0","0","0","0","0","0","0","0","0","0","0","0","0","0","0","0","0","0","0","0","0","0","0","0","1","0","0","0","0","0","0","0","0","0","0","0","0","0","0","2","0","0","0","1","0","0","0","0","0","0","0","0","0","0","0","0","0","1","0","0","0","0","0","0","0","0","0","0","0","0","0","0","0","0","0"
"s25","voters","KNGT101","29","2","20","2","0","0","0","0","0","0","5","14","15","1","4","2","2","0","0","0","0","0","0","0","0","0","0","0","0","0","0","0","0","0","0","0","0","0","0","0","0","0","0","0","0","0","1","0","0","0","0","0","0","0","0","0","0","0","1","0","1","2","0","0","4","5","0","0","0","0","1","4","3","0","0","0","0","0","0","0","0","2","0","0","0","1","2","0","0","1","0","0","0","0","0","0","1","0","0","0","0","1","0","0","0","0","0","0","0","1","12","3","1","1","0","0","1","1","1","2","0","2","0","0","0","0","0","1","0","1","0","0","0","0","1","0","0"
"s25","voters","KNGT102","33","14","10","1","0","0","1","0","0","0","7","18","15","8","2","2","1","0","0","0","0","0","0","0","0","0","0","0","0","0","0","0","0","0","0","0","0","0","0","0","0","0","0","0","0","0","1","3","0","0","2","2","1","2","0","1","0","2","0","0","0","1","0","2","0","2","0","1","1","0","1","1","1","0","0","2","0","1","0","1","0","0","1","0","0","0","2","0","0","1","0","0","0","0","0","0","0","0","0","1","0","6","4","2","0","0","0","0","0","2","5","0","4","0","0","0","0","0","1","4","2","0","1","0","0","0","0","0","1","1","0","0","0","0","0","0","0"
"s25","voters","KNGT103","4","1","3","0","0","0","0","0","0","0","0","1","3","0","0","0","0","0","0","0","0","0","0","0","0","0","0","0","0","0","0","0","0","0","0","0","0","0","0","0","0","0","0","0","0","0","0","0","0","0","0","0","0","0","0","0","0","0","1","0","0","0","0","0","0","1","0","0","0","0","0","0","2","0","0","0","0","0","0","0","0","0","0","0","0","0","0","0","0","0","0","0","0","0","0","0","0","0","0","0","0","1","0","0","0","0","0","0","0","0","0","0","0","0","0","0","0","1","2","0","0","0","0","0","0","0","0","0","0","0","0","0","0","0","0","0","0"
"s25","voters","KNGT104","64","31","23","1","0","0","0","0","1","0","8","33","31","15","8","2","0","0","0","0","0","0","0","0","0","0","0","0","0","0","0","0","0","0","0","0","0","0","0","0","0","0","0","0","0","0","0","3","3","3","2","5","1","4","0","2","3","2","3","0","3","1","3","5","1","0","0","2","1","1","4","1","1","0","1","0","0","0","1","0","0","2","0","1","0","2","1","0","0","0","1","0","0","1","0","0","0","0","0","0","0","15","6","3","4","2","0","0","0","1","10","8","5","0","0","0","0","0","0","2","1","4","0","0","1","0","0","0","2","0","0","0","0","0","0","0","0"
"s25","voters","KNGT105","222","70","101","21","0","2","2","0","2","0","24","109","113","21","12","5","6","3","6","0","0","0","0","0","0","0","0","0","0","0","0","0","1","0","2","0","1","0","0","0","0","2","0","2","0","0","1","2","2","6","5","11","0","2","6","3","4","8","20","0","4","4","9","6","14","14","1","2","2","8","9","13","15","0","1","2","2","2","5","4","0","2","1","1","0","1","3","0","3","1","2","2","2","5","0","0","0","2","4","2","4","39","6","9","4","2","2","0","0","8","51","19","10","3","6","0","5","1","6","11","4","3","2","2","0","0","0","2","20","5","0","1","1","0","0","0","0"
"s25","voters","KNGT106","58","21","22","4","0","0","0","0","0","0","11","33","25","12","5","2","2","0","0","0","0","0","0","0","0","0","0","0","0","0","0","0","0","0","0","0","0","0","0","0","0","0","0","0","0","0","1","0","0","1","1","3","0","1","2","1","1","3","7","0","2","1","0","2","5","6","0","0","0","1","1","2","2","0","1","2","1","1","1","3","0","0","0","0","0","1","1","0","0","0","1","0","1","0","0","0","0","0","0","0","2","9","5","3","1","0","0","0","0","3","18","0","1","0","1","1","1","0","0","6","0","0","1","2","0","0","0","2","3","0","1","0","0","0","0","0","0"
"s25","voters","KNGT107","58","15","29","7","0","0","1","0","0","0","6","26","32","5","8","3","5","2","2","0","0","0","0","0","0","0","0","0","0","0","0","0","0","0","0","0","0","0","0","0","0","0","0","0","0","0","0","0","0","0","3","2","0","0","0","0","1","4","5","0","1","3","2","3","4","4","0","1","0","1","3","4","3","0","0","0","0","1","0","0","0","2","2","1","0","0","0","0","0","0","0","2","0","1","0","1","2","0","1","1","0","7","2","1","0","1","0","0","0","4","19","3","2","0","0","0","2","1","2","2","2","1","0","0","0","0","1","0","5","1","0","0","0","1","1","0","0"
"s25","voters","KNGT108","27","5","12","4","0","0","1","0","0","0","5","11","16","0","0","0","1","0","0","2","0","0","0","0","0","0","0","0","0","0","0","0","0","0","0","0","0","0","0","0","0","0","0","0","0","0","0","0","1","0","0","1","0","1","0","0","0","0","2","0","0","2","0","0","2","2","0","0","0","1","0","3","2","0","0","0","0","0","0","0","0","0","2","0","1","1","1","0","0","0","0","0","2","1","0","0","0","1","0","1","0","2","0","0","1","0","0","0","0","2","6","3","2","0","0","1","0","0","0","4","1","0","0","0","0","0","0","0","0","1","3","0","0","0","0","0","1"
"s25","voters","KNGT109","6","0","3","0","0","0","0","0","0","0","3","2","4","0","1","0","0","0","0","0","0","0","0","0","0","0","0","0","0","0","0","0","0","0","0","0","0","0","0","0","0","0","0","0","0","0","0","0","0","0","0","0","0","0","0","0","0","0","0","0","0","0","0","0","0","1","0","0","0","0","1","0","1","0","0","0","0","1","0","0","0","1","0","0","1","0","0","0","0","0","0","0","0","0","0","0","0","0","0","0","0","0","0","0","0","0","0","0","0","0","1","0","1","0","0","0","0","0","1","1","1","0","1","0","0","0","0","0","0","0","0","0","0","0","0","0","0"
"s25","voters","KNGT110","49","12","29","1","0","1","0","0","0","0","6","27","22","4","3","0","1","1","2","0","0","0","0","0","0","0","0","0","0","0","0","0","0","0","0","0","0","0","0","0","0","0","0","0","0","0","0","2","0","1","3","2","0","0","1","1","0","0","2","0","0","2","3","4","4","3","0","0","0","1","3","5","4","0","0","0","0","0","1","1","0","0","0","3","0","1","0","0","0","0","0","0","0","1","0","0","1","0","0","0","0","6","1","0","1","0","0","0","0","4","11","8","3","1","0","0","0","0","6","2","0","1","0","1","0","0","1","1","2","0","0","0","0","0","0","0","0"
"s25","voters","KNGT111","29","7","19","0","0","0","0","0","0","0","3","13","16","2","0","0","0","0","0","1","0","0","0","0","0","0","0","0","0","0","0","0","0","0","0","0","0","0","0","0","0","0","0","0","0","0","0","1","0","0","0","2","0","0","0","0","1","0","3","0","0","0","2","1","1","5","0","0","0","4","0","0","6","0","0","0","0","0","1","0","0","0","0","1","1","0","0","0","0","0","0","0","0","0","0","0","0","0","0","0","0","3","1","0","0","0","0","0","0","3","9","4","2","1","0","0","0","0","3","1","2","0","0","0","0","0","0","0","0","0","0","0","0","0","0","0","0"
"s25","voters","KNGT112","18","3","8","2","0","0","0","0","0","0","5","8","10","0","2","1","0","0","0","0","0","0","0","0","0","0","0","0","0","0","0","0","0","0","0","0","0","0","0","0","0","0","0","0","0","0","0","0","0","0","0","1","0","0","0","0","1","0","1","0","0","0","0","0","0","2","0","0","0","0","0","2","4","0","0","1","0","1","0","1","0","0","0","0","0","0","2","0","0","0","0","0","0","2","0","0","0","0","0","0","0","1","1","1","0","0","0","0","0","0","4","0","2","0","0","0","0","0","2","4","0","0","0","0","0","0","0","1","2","0","0","0","0","0","0","0","0"
"s25","voters","KNGT113","11","3","2","1","0","0","1","0","0","0","4","5","6","1","1","2","1","0","0","0","0","0","0","0","0","0","0","0","0","0","0","0","0","0","0","0","0","0","0","0","0","0","0","0","0","0","0","0","0","0","0","0","0","0","1","0","1","1","0","0","0","0","0","0","0","2","0","0","0","0","0","0","0","0","0","1","0","1","0","1","0","0","0","1","0","0","0","0","0","0","0","0","0","0","0","0","0","0","0","0","2","2","0","0","1","0","0","0","0","0","2","0","0","0","0","0","0","0","0","2","2","0","0","0","0","0","0","0","2","0","0","0","0","0","0","0","0"
"s25","voters","KNGT114","30","12","10","4","0","0","0","0","0","0","4","15","15","7","4","1","2","0","1","0","0","0","0","0","0","0","0","0","0","0","0","0","0","0","0","0","0","0","0","0","0","0","0","0","0","0","0","1","2","1","0","2","0","1","0","1","2","1","1","0","0","1","0","2","0","2","0","0","0","1","1","2","1","0","0","1","0","0","0","0","0","0","1","1","0","0","1","0","0","0","0","0","3","0","0","0","0","0","0","0","1","8","1","2","0","0","0","0","0","1","6","1","2","0","0","0","0","0","1","3","0","0","0","0","0","1","0","0","2","1","1","0","0","0","0","0","0"
"s25","voters","KNGT115","15","0","11","2","0","0","0","0","0","0","2","7","8","0","2","1","0","0","0","0","0","0","0","0","0","0","0","0","0","0","0","0","0","0","0","0","0","0","0","0","0","0","0","0","0","0","0","0","0","0","0","0","0","0","0","0","0","0","0","0","1","0","2","1","0","2","0","0","0","1","2","1","1","0","0","0","0","1","0","0","0","0","0","0","0","0","1","0","0","0","0","0","0","0","0","0","0","0","1","1","0","0","0","0","0","0","0","0","0","0","6","5","0","0","0","0","0","0","0","2","0","0","0","0","0","0","0","0","1","0","1","0","0","0","0","0","0"
"s25","voters","KNGT116","15","1","10","1","0","0","0","0","0","0","3","7","8","1","6","2","0","0","0","0","0","0","0","0","0","0","0","0","0","0","0","0","0","0","0","0","0","0","0","0","0","0","0","0","0","0","0","0","0","0","0","0","0","0","0","1","0","0","0","0","0","1","1","1","1","1","0","1","1","1","0","0","2","0","0","0","0","0","1","1","0","0","0","0","0","0","1","0","0","0","0","0","0","0","0","0","0","0","0","0","1","0","1","0","0","0","0","0","0","0","6","2","1","0","1","0","0","0","0","1","1","1","0","0","0","0","0","0","0","0","0","0","0","0","0","0","1"
"s25","voters","KNGT117","9","2","5","1","0","0","0","0","0","0","1","6","3","0","2","0","0","0","1","0","0","0","0","0","0","1","0","0","0","0","0","0","0","0","0","0","0","0","0","0","0","1","0","0","0","0","0","0","0","0","1","0","0","0","0","1","0","0","0","0","0","0","1","0","0","2","0","0","0","0","2","0","0","0","0","0","0","0","1","0","0","0","0","0","0","0","0","0","0","0","1","0","0","0","0","0","0","0","0","0","0","1","0","0","0","0","0","0","0","1","3","0","1","0","1","0","0","0","0","0","1","0","0","0","0","0","0","0","1","0","0","0","0","0","0","0","0"
"s25","voters","KNGT118","6","2","3","0","0","0","0","0","0","0","1","5","1","0","0","0","0","0","0","1","0","0","0","0","0","0","0","0","0","0","0","0","0","0","0","0","0","0","0","0","0","0","0","0","0","0","0","0","0","0","0","2","0","0","0","0","0","0","0","0","0","0","0","0","0","2","0","0","0","0","0","0","1","0","0","0","0","0","1","0","0","0","0","0","0","0","0","0","0","0","0","0","0","0","0","0","0","0","0","0","0","0","1","1","0","0","0","0","0","0","0","0","2","1","0","0","0","0","0","1","0","0","0","0","0","0","0","0","0","0","0","0","0","0","0","0","0"
"s25","voters","KNGT119","14","6","6","0","0","0","0","0","0","0","2","2","12","4","0","2","0","0","0","0","0","0","0","0","0","0","0","0","0","0","0","0","0","0","0","0","0","0","0","0","0","0","0","0","0","0","0","0","0","0","0","1","0","4","0","0","0","0","1","0","0","0","1","0","0","0","0","1","1","0","2","0","1","0","0","0","0","0","0","0","0","0","0","1","0","0","1","0","0","0","0","0","0","0","0","0","0","0","0","0","0","4","0","1","0","0","0","0","0","1","6","0","0","0","0","0","0","0","0","0","0","0","1","1","0","0","0","0","0","0","0","0","0","0","0","0","0"
"s25","voters","KNGT120","42","7","24","4","0","1","0","0","0","0","6","21","21","0","4","2","3","1","2","0","0","0","0","0","0","0","0","0","0","0","1","1","1","0","0","0","0","0","0","0","0","2","2","1","0","0","1","0","0","0","0","3","0","0","0","0","0","1","2","0","0","1","1","1","1","6","0","1","1","2","3","3","4","0","1","1","0","0","1","0","0","0","1","1","1","0","0","0","0","1","1","1","0","1","0","0","0","0","0","1","0","4","0","1","0","0","0","0","0","2","15","4","2","0","1","0","0","0","2","3","2","1","0","0","0","0","0","0","1","2","0","0","0","2","0","0","0"
"s25","voters","KNGT801","4","2","2","0","0","0","0","0","0","0","0","2","2","1","2","0","0","0","0","0","0","0","0","0","0","0","0","0","0","0","0","0","0","0","0","0","0","0","0","0","0","0","0","0","0","0","0","0","0","0","0","1","0","0","0","0","0","0","1","0","0","0","0","1","0","0","0","0","0","1","0","0","0","0","0","0","0","0","0","0","0","0","0","0","0","0","0","0","0","0","0","0","0","0","0","0","0","0","0","0","0","2","0","0","0","0","0","0","0","0","1","1","0","0","0","0","0","0","0","0","0","0","0","0","0","0","0","0","0","0","0","0","0","0","0","0","0"
"s25","voters","KNGT803","0","0","0","0","0","0","0","0","0","0","0","0","0","0","0","0","0","0","0","0","0","0","0","0","0","0","0","0","0","0","0","0","0","0","0","0","0","0","0","0","0","0","0","0","0","0","0","0","0","0","0","0","0","0","0","0","0","0","0","0","0","0","0","0","0","0","0","0","0","0","0","0","0","0","0","0","0","0","0","0","0","0","0","0","0","0","0","0","0","0","0","0","0","0","0","0","0","0","0","0","0","0","0","0","0","0","0","0","0","0","0","0","0","0","0","0","0","0","0","0","0","0","0","0","0","0","0","0","0","0","0","0","0","0","0","0","0"
"s25","voters","KNGT804","4","1","3","0","0","0","0","0","0","0","0","2","2","1","0","0","0","0","0","0","0","0","0","0","0","0","0","0","0","0","0","0","0","0","0","0","0","0","0","0","0","0","0","0","0","0","0","0","0","0","0","0","0","0","0","0","0","0","1","0","1","0","0","0","1","0","0","0","0","0","1","0","0","0","0","0","0","0","0","0","0","0","0","0","0","0","0","0","0","0","0","0","0","0","0","0","0","0","0","0","0","1","0","0","0","0","0","0","0","0","3","0","0","0","0","0","0","0","0","0","0","0","0","0","0","0","0","0","0","0","0","0","0","0","0","0","0"
"s25","voters","KNGT807","2","0","2","0","0","0","0","0","0","0","0","2","0","0","0","0","0","0","0","0","0","0","0","0","0","0","0","0","0","0","0","0","0","0","0","0","0","0","0","0","0","0","1","0","0","0","0","0","0","0","0","0","0","0","0","0","0","0","0","0","0","0","0","1","0","1","0","0","0","0","0","0","0","0","0","0","0","0","0","0","0","0","0","0","0","0","0","0","0","0","0","0","0","0","0","0","0","0","0","0","0","0","0","0","0","0","0","0","0","0","2","0","0","0","0","0","0","0","0","0","0","0","0","0","0","0","0","0","0","0","0","0","0","0","0","0","0"
"s25","voters","KNGT809","4","3","0","0","0","0","0","0","0","0","1","1","3","0","0","0","0","0","0","0","0","0","0","0","0","0","0","0","0","0","0","0","0","0","0","0","0","0","0","0","0","0","0","0","0","0","0","0","0","0","0","1","0","0","0","0","0","1","1","0","0","0","0","0","0","0","0","0","0","0","0","0","0","0","0","0","0","0","0","0","0","0","0","0","1","0","0","0","0","0","0","0","0","0","0","0","0","0","0","0","0","1","1","1","0","0","0","0","0","0","0","0","0","0","0","0","0","0","0","1","0","0","0","0","0","0","0","0","0","0","0","0","0","0","0","0","0"
"s25","voters","KNGT810","5","1","2","2","0","0","0","0","0","0","0","3","2","0","0","0","1","0","0","0","0","0","0","0","0","0","0","0","0","0","0","0","0","0","0","0","0","0","0","0","0","0","0","0","0","0","0","0","0","0","1","0","0","0","0","0","0","0","0","0","0","0","0","0","0","1","0","0","0","0","1","0","0","0","0","0","0","0","0","0","0","0","0","0","0","0","0","0","0","0","0","0","0","1","0","1","0","0","0","0","0","1","0","0","0","0","0","0","0","0","1","0","1","0","0","0","0","0","0","0","0","0","0","0","0","0","0","0","2","0","0","0","0","0","0","0","0"
"s25","voters","KNGT811","0","0","0","0","0","0","0","0","0","0","0","0","0","0","0","0","0","0","0","0","0","0","0","0","0","0","0","0","0","0","0","0","0","0","0","0","0","0","0","0","0","0","0","0","0","0","0","0","0","0","0","0","0","0","0","0","0","0","0","0","0","0","0","0","0","0","0","0","0","0","0","0","0","0","0","0","0","0","0","0","0","0","0","0","0","0","0","0","0","0","0","0","0","0","0","0","0","0","0","0","0","0","0","0","0","0","0","0","0","0","0","0","0","0","0","0","0","0","0","0","0","0","0","0","0","0","0","0","0","0","0","0","0","0","0","0","0"
"s25","voters","KNGT812","1","0","1","0","0","0","0","0","0","0","0","0","1","0","0","0","0","0","0","0","0","0","0","0","0","0","0","0","0","0","0","0","0","0","0","0","0","0","0","0","0","0","0","0","0","0","0","0","0","0","0","0","0","0","0","0","0","0","0","0","0","0","0","0","0","0","0","0","0","0","0","0","1","0","0","0","0","0","0","0","0","0","0","0","0","0","0","0","0","0","0","0","0","0","0","0","0","0","0","0","0","0","0","0","0","0","0","0","0","0","1","0","0","0","0","0","0","0","0","0","0","0","0","0","0","0","0","0","0","0","0","0","0","0","0","0","0"
"s25","voters","KNGT813","0","0","0","0","0","0","0","0","0","0","0","0","0","0","0","0","0","0","0","0","0","0","0","0","0","0","0","0","0","0","0","0","0","0","0","0","0","0","0","0","0","0","0","0","0","0","0","0","0","0","0","0","0","0","0","0","0","0","0","0","0","0","0","0","0","0","0","0","0","0","0","0","0","0","0","0","0","0","0","0","0","0","0","0","0","0","0","0","0","0","0","0","0","0","0","0","0","0","0","0","0","0","0","0","0","0","0","0","0","0","0","0","0","0","0","0","0","0","0","0","0","0","0","0","0","0","0","0","0","0","0","0","0","0","0","0","0"
"s25","voters","KNGT814","6","4","1","0","0","0","0","0","0","0","1","4","2","0","0","0","0","0","0","0","0","0","0","0","0","0","0","0","0","0","0","0","0","0","0","0","0","0","0","0","0","0","0","0","0","0","0","1","0","0","0","1","0","0","0","2","0","0","0","0","0","0","0","0","0","1","0","0","0","0","0","0","0","0","0","0","0","1","0","0","0","0","0","0","0","0","0","0","0","0","0","0","0","0","0","0","0","0","0","0","0","3","0","1","0","0","0","0","0","0","1","0","0","0","0","0","0","0","0","1","0","0","0","0","0","0","0","0","0","0","0","0","0","0","0","0","0"
"s25","voters","LAST101","5","2","3","0","0","0","0","0","0","0","0","3","2","0","0","0","0","0","0","0","0","0","0","0","0","0","0","0","0","0","0","0","0","0","0","0","0","0","0","0","0","0","0","0","0","0","0","0","0","0","0","1","0","0","0","0","0","0","1","0","0","0","0","1","0","1","0","0","0","0","1","0","0","0","0","0","0","0","0","0","0","0","0","0","0","0","0","0","0","0","0","0","0","0","0","0","0","0","0","0","0","1","0","1","0","0","0","0","0","0","2","0","0","0","0","0","0","0","1","0","0","0","0","0","0","0","0","0","0","0","0","0","0","0","0","0","0"
"s25","voters","LAST102","43","12","18","1","0","0","1","0","0","0","11","21","22","2","0","0","0","0","1","0","1","0","0","0","0","0","0","0","0","0","1","0","0","0","0","0","0","0","0","0","0","2","0","0","0","0","2","1","0","0","2","0","0","0","1","0","3","0","3","0","1","0","0","1","4","4","0","0","0","1","0","4","3","0","0","0","1","0","2","3","0","0","0","2","0","2","1","0","0","0","0","0","0","0","0","0","0","0","0","2","0","7","1","1","1","0","0","2","0","0","12","2","1","0","0","0","0","0","3","5","2","2","1","0","0","0","1","0","1","1","0","0","0","0","0","0","0"
"s25","voters","LAST801","9","0","6","0","0","0","0","0","0","0","3","4","5","0","0","0","0","0","0","0","0","0","0","0","0","0","0","0","0","0","2","1","0","0","0","0","0","0","0","0","0","0","0","0","0","0","0","0","0","0","0","0","0","0","0","0","0","0","0","0","0","0","0","0","1","1","0","0","0","0","2","2","0","0","0","1","0","0","1","0","0","1","0","0","0","0","0","0","0","0","0","0","0","0","0","0","0","0","0","0","0","0","0","0","0","0","0","0","0","0","2","2","1","1","0","0","0","0","0","3","0","0","0","0","0","0","0","0","0","0","0","0","0","0","0","0","0"
"s25","voters","LAST802","2","2","0","0","0","0","0","0","0","0","0","1","1","0","0","0","0","0","0","0","0","0","0","0","0","0","0","0","0","0","0","0","0","0","0","0","0","0","0","0","0","0","0","0","0","0","0","0","0","0","0","1","0","0","0","0","0","0","1","0","0","0","0","0","0","0","0","0","0","0","0","0","0","0","0","0","0","0","0","0","0","0","0","0","0","0","0","0","0","0","0","0","0","0","0","0","0","0","0","0","0","2","0","0","0","0","0","0","0","0","0","0","0","0","0","0","0","0","0","0","0","0","0","0","0","0","0","0","0","0","0","0","0","0","0","0","0"
"s25","voters","LFET101","22","13","6","0","0","0","0","0","0","0","3","10","12","0","0","0","0","0","0","0","0","0","0","0","0","0","0","0","0","3","2","0","0","0","0","0","0","0","0","0","0","0","0","0","0","0","0","0","1","1","2","2","0","1","0","1","3","1","1","0","0","0","0","0","0","2","0","0","0","0","0","1","3","0","1","0","0","0","0","1","0","0","1","0","0","0","0","0","0","0","0","0","0","0","0","0","0","0","0","0","0","6","3","2","0","1","0","0","1","0","4","1","1","0","0","0","0","0","0","3","0","0","0","0","0","0","0","0","0","0","0","0","0","0","0","0","0"
"s25","voters","LFET102","167","103","26","7","0","0","0","0","1","0","30","75","92","4","2","3","0","2","2","0","0","1","0","0","1","1","0","0","0","7","2","4","1","3","0","1","1","1","0","0","0","0","0","0","0","0","3","2","9","7","5","11","3","2","4","10","13","15","19","0","1","0","1","1","5","8","0","0","0","0","2","3","5","0","3","1","3","4","1","5","0","0","2","1","3","2","5","0","1","0","0","0","1","3","0","0","0","0","1","2","0","60","15","11","2","1","0","1","0","13","14","2","2","0","0","0","2","0","6","14","4","6","2","1","0","0","0","3","4","1","3","0","0","0","0","0","0"
"s25","voters","LFET103","5","3","1","1","0","0","0","0","0","0","0","2","3","0","0","0","0","0","0","0","0","0","0","0","0","0","0","0","0","0","0","0","0","0","0","0","0","0","0","0","0","0","0","0","0","0","0","0","0","0","0","1","0","0","0","1","0","1","0","0","0","0","0","0","0","0","0","0","0","0","1","0","0","0","0","0","0","0","0","0","0","0","0","0","0","0","0","0","0","0","0","1","0","0","0","0","0","0","0","0","0","3","0","0","0","0","0","0","0","0","1","0","0","0","0","0","0","0","0","0","0","0","0","0","0","0","0","0","0","1","0","0","0","0","0","0","0"
"s25","voters","LFET104","33","19","4","3","0","2","0","0","0","0","5","15","18","3","1","1","4","2","0","0","0","0","0","0","0","0","0","0","0","0","0","0","0","0","0","0","0","0","0","0","0","0","0","0","0","0","0","0","0","2","2","4","1","1","2","0","1","1","5","0","0","1","0","0","1","1","0","0","0","0","0","0","1","0","0","0","0","1","1","0","0","0","1","0","0","1","1","0","1","0","0","1","0","0","0","0","0","0","0","2","1","14","0","2","1","0","0","0","1","1","2","0","1","0","0","0","0","0","1","0","1","0","0","0","0","1","0","3","2","2","0","0","0","0","0","0","1"
"s25","voters","LFET105","1402","767","309","42","2","6","10","0","1","0","265","682","720","23","6","9","1","59","17","17","3","2","2","3","0","8","0","1","1","34","11","17","3","22","2","8","0","0","1","0","0","4","4","0","0","1","22","21","39","61","63","110","4","39","28","61","80","91","147","0","10","8","14","25","35","81","1","5","5","6","16","28","75","2","14","10","20","39","30","44","5","9","6","13","25","21","27","0","5","1","6","6","5","10","0","2","0","3","4","9","10","420","133","88","22","23","5","5","6","65","159","43","20","9","7","3","2","6","60","139","51","27","15","4","2","3","4","20","47","7","5","2","0","0","0","0","0"
"s25","voters","LFET106","1962","1181","342","70","1","9","15","1","7","2","334","946","1016","57","13","10","6","73","19","14","6","11","2","7","0","18","4","4","1","56","10","28","4","19","1","4","0","1","0","0","0","5","1","3","0","5","35","25","65","95","92","169","4","37","41","115","152","128","218","1","15","3","22","23","47","85","0","11","2","11","16","35","71","3","12","12","35","58","49","43","2","9","13","20","29","14","35","0","4","2","9","7","15","15","0","3","6","4","10","10","20","614","204","138","31","25","10","8","12","139","166","43","24","10","8","1","9","8","73","172","43","48","20","5","2","3","8","33","67","17","10","1","0","0","2","1","7"
"s25","voters","LFET107","1769","1022","327","85","1","9","12","0","4","0","309","840","929","32","7","3","2","84","18","22","8","7","0","2","0","11","1","1","0","21","7","12","1","18","1","8","4","3","0","2","0","6","0","2","0","1","33","28","59","83","56","151","4","61","39","85","114","104","204","3","6","7","14","15","50","91","1","9","6","5","20","33","67","3","16","7","22","44","37","48","2","14","7","23","27","26","33","2","7","2","9","12","13","21","0","8","2","3","7","10","15","558","172","104","40","30","4","12","8","94","161","43","29","13","5","1","2","6","67","160","45","36","18","9","4","6","1","30","72","16","14","3","0","0","1","2","3"
"s25","voters","LFET108","1312","828","220","36","2","6","10","0","4","0","206","626","686","30","4","6","4","55","16","6","0","4","0","5","0","17","2","3","0","43","12","16","2","12","0","7","0","8","1","0","1","9","1","1","0","1","16","24","68","63","58","125","8","29","32","71","77","75","181","0","5","5","9","21","21","52","1","3","4","7","17","27","48","3","7","14","17","28","24","38","1","4","6","13","16","16","19","0","3","1","2","5","6","10","0","1","3","6","3","5","13","454","155","87","15","22","5","4","2","84","119","27","15","7","5","0","1","5","41","111","30","28","10","5","3","3","1","15","35","6","10","3","1","0","0","0","3"
"s25","voters","LFET109","2039","1339","272","60","4","5","17","0","6","1","335","895","1144","71","10","23","5","99","10","15","2","12","8","5","0","10","1","1","0","50","9","15","3","16","2","5","0","3","0","3","1","14","0","3","2","4","27","38","90","90","105","168","7","43","79","132","149","126","281","0","12","12","11","28","40","48","0","2","4","8","17","35","55","3","13","17","42","26","28","46","1","14","20","29","23","28","45","0","4","8","0","9","12","14","0","3","11","6","7","7","12","779","213","133","46","34","4","6","12","112","156","38","29","6","4","1","6","0","32","215","43","29","13","15","0","2","2","16","62","16","9","0","2","1","0","1","2"
"s25","voters","LFET110","1335","804","233","41","2","4","8","0","6","1","236","628","707","31","5","7","5","66","4","18","6","8","2","5","0","16","1","2","1","27","7","13","2","8","1","3","0","7","2","1","0","7","1","0","0","0","16","26","47","50","55","122","4","28","47","80","83","81","165","0","8","7","7","15","31","62","0","5","6","3","5","28","56","1","9","13","21","27","30","46","2","6","3","16","23","14","25","0","1","2","6","6","9","11","0","0","3","3","7","6","8","473","123","78","27","19","4","6","4","70","127","28","21","6","2","3","5","1","40","140","35","20","9","8","1","6","1","16","51","7","3","0","0","0","0","0","1"
"s25","voters","LFET111","2005","1186","381","63","0","6","18","0","12","0","339","988","1017","53","16","13","3","118","23","15","6","7","2","2","0","30","1","4","0","52","13","29","2","22","7","11","2","4","0","1","0","3","4","3","1","7","33","28","76","70","88","201","8","40","55","87","122","121","250","1","15","11","18","27","54","104","0","5","2","9","22","36","77","8","10","7","32","34","31","77","2","10","9","21","23","27","48","1","3","3","9","15","9","16","0","2","6","6","7","7","15","656","202","135","40","19","7","12","6","109","215","39","33","11","4","2","2","2","73","185","56","33","18","12","3","2","5","25","59","16","14","4","1","2","0","1","2"
"s25","voters","LFET112","875","493","182","21","1","6","7","0","1","1","163","431","444","20","5","7","1","38","8","15","1","1","0","1","0","2","5","1","0","25","10","12","0","11","2","4","2","2","0","0","0","6","0","0","0","1","21","20","34","28","40","78","1","22","20","22","45","55","106","0","6","5","7","16","17","45","0","2","3","10","11","16","44","1","5","6","17","20","14","31","2","5","4","13","20","9","16","0","3","1","1","5","4","5","0","1","0","0","4","6","7","260","73","63","22","10","2","6","8","49","101","23","17","2","3","1","3","1","31","87","30","16","8","4","1","2","5","10","19","7","5","2","0","0","0","0","4"
"s25","voters","LFET801","3","1","2","0","0","0","0","0","0","0","0","1","2","0","0","0","0","0","0","0","0","0","0","0","0","0","0","0","0","0","0","0","0","0","0","0","0","0","0","0","0","0","0","0","0","0","0","0","0","0","0","0","0","0","0","0","0","0","1","0","0","0","0","0","1","0","0","0","0","0","0","1","0","0","0","0","0","0","0","0","0","0","0","0","0","0","0","0","0","0","0","0","0","0","0","0","0","0","0","0","0","0","0","0","0","0","0","0","0","1","1","1","0","0","0","0","0","0","0","0","0","0","0","0","0","0","0","0","0","0","0","0","0","0","0","0","0"
"s25","voters","MARC101","13","2","9","1","0","0","0","0","0","0","1","5","8","0","0","0","0","0","1","0","0","0","0","0","0","0","0","0","0","0","0","0","0","0","0","0","0","0","0","0","0","0","0","0","0","0","0","0","0","0","0","0","0","0","0","0","0","0","2","0","0","0","1","2","0","2","0","0","0","1","1","2","0","0","0","0","0","0","0","0","0","0","0","0","0","1","0","0","0","0","0","0","0","0","0","0","0","0","0","0","1","1","0","0","0","0","0","0","0","1","5","2","1","0","1","0","0","0","0","1","0","0","0","0","0","0","0","0","0","0","1","0","0","0","0","0","0"
"s25","voters","MARC102","26","9","14","1","1","0","0","0","0","0","1","13","13","5","0","0","1","0","0","0","0","0","0","0","0","0","0","0","0","0","0","0","0","0","0","0","0","0","0","0","0","0","0","0","0","0","0","0","1","0","1","2","0","1","1","0","0","1","2","0","0","0","1","1","2","2","0","0","0","0","2","2","4","0","0","0","0","1","0","0","0","0","0","0","0","0","0","0","0","0","1","0","1","0","0","0","0","0","0","0","0","2","6","1","0","0","0","0","0","0","5","5","1","1","1","0","0","0","1","1","0","0","0","0","0","0","0","0","2","0","0","0","0","0","0","0","0"
"s25","voters","MARC103","78","28","39","5","0","0","0","0","1","0","5","42","36","13","9","0","2","1","2","0","0","0","0","0","0","0","0","0","0","0","0","0","0","1","5","0","0","0","0","0","0","2","0","0","0","0","1","0","1","0","3","6","0","1","0","0","2","2","12","0","4","2","4","1","7","7","0","0","0","4","2","4","4","0","0","1","1","0","0","1","0","0","1","1","0","0","0","0","0","0","1","1","1","0","0","2","0","1","0","0","0","15","4","4","1","1","0","0","0","3","21","8","6","1","2","0","0","0","1","5","0","0","0","0","0","0","0","0","3","2","0","0","1","0","0","0","0"
"s25","voters","MARC104","7","3","4","0","0","0","0","0","0","0","0","4","3","2","0","0","0","0","0","0","0","0","0","0","0","0","0","0","0","0","0","0","0","0","0","0","0","0","0","0","0","0","0","0","0","0","0","0","0","0","0","2","0","0","0","0","0","0","1","0","0","0","0","0","1","1","0","0","0","0","0","1","1","0","0","0","0","0","0","0","0","0","0","0","0","0","0","0","0","0","0","0","0","0","0","0","0","0","0","0","0","1","1","1","0","0","0","0","0","0","3","0","1","0","0","0","0","0","0","0","0","0","0","0","0","0","0","0","0","0","0","0","0","0","0","0","0"
"s25","voters","MARC105","60","12","37","3","1","0","0","0","0","0","7","26","34","7","11","3","1","0","0","0","0","0","0","0","0","0","0","0","0","0","0","0","0","0","0","0","0","0","0","0","0","1","0","0","0","0","1","0","0","0","1","2","0","1","1","1","0","2","3","0","1","0","2","0","4","11","0","1","1","2","2","4","9","0","0","0","1","2","0","0","0","0","1","2","0","0","1","0","1","0","0","0","0","0","0","0","0","0","0","0","3","7","0","2","1","0","1","0","0","1","15","8","5","1","2","0","0","0","6","6","1","0","0","0","0","0","0","0","2","1","1","0","0","0","0","0","0"
"s25","voters","MARC803","2","0","2","0","0","0","0","0","0","0","0","1","1","0","0","0","0","0","0","0","0","0","0","0","0","0","0","0","0","0","0","0","0","0","0","0","0","0","0","0","0","0","0","0","0","0","0","0","0","0","0","0","0","0","0","0","0","0","0","0","0","0","0","1","0","0","0","0","0","1","0","0","0","0","0","0","0","0","0","0","0","0","0","0","0","0","0","0","0","0","0","0","0","0","0","0","0","0","0","0","0","0","0","0","0","0","0","0","0","0","1","1","0","0","0","0","0","0","0","0","0","0","0","0","0","0","0","0","0","0","0","0","0","0","0","0","0"
"s25","voters","MARC804","3","1","2","0","0","0","0","0","0","0","0","2","1","1","2","0","0","0","0","0","0","0","0","0","0","0","0","0","0","0","0","0","0","0","0","0","0","0","0","0","0","0","0","0","0","0","0","0","0","1","0","0","0","0","0","0","0","0","0","0","0","0","0","0","0","1","0","0","0","0","0","0","1","0","0","0","0","0","0","0","0","0","0","0","0","0","0","0","0","0","0","0","0","0","0","0","0","0","0","0","0","0","0","0","1","0","0","0","0","0","0","0","2","0","0","0","0","0","0","0","0","0","0","0","0","0","0","0","0","0","0","0","0","0","0","0","0"
"s25","voters","MART101","16","11","4","0","0","0","0","0","0","0","1","8","8","2","0","0","0","2","0","0","0","0","0","0","0","0","0","0","0","0","0","0","0","0","0","0","0","0","0","0","0","0","0","0","0","0","0","0","0","0","1","4","0","0","0","0","0","1","5","0","0","0","0","0","0","2","0","0","0","0","0","0","2","0","0","0","0","0","0","1","0","0","0","0","0","0","0","0","0","0","0","0","0","0","0","0","0","0","0","0","0","8","1","0","0","0","0","1","0","1","2","0","0","0","1","0","1","0","0","1","0","0","0","0","0","0","0","0","0","0","0","0","0","0","0","0","0"
"s25","voters","MART102","44","28","7","2","0","0","1","0","0","0","6","21","23","6","2","0","1","2","0","0","0","0","0","0","0","2","0","0","0","0","0","0","0","2","0","1","0","0","0","0","0","1","0","0","0","0","1","0","3","1","2","5","0","1","1","4","0","3","7","0","0","0","1","0","1","3","0","0","0","0","0","1","1","0","0","0","0","0","1","2","0","0","0","1","1","0","1","0","0","0","0","1","0","0","0","1","0","0","1","0","0","16","6","2","0","0","0","1","0","3","4","1","1","0","0","0","0","0","1","1","1","1","1","0","0","0","0","2","3","0","0","0","0","0","0","0","0"
"s25","voters","MART103","298","179","50","11","0","1","2","0","2","0","53","124","174","25","7","3","3","6","5","3","0","0","0","0","0","1","0","0","0","0","0","0","0","3","0","2","1","1","0","0","0","4","0","1","0","0","1","8","16","15","5","16","0","4","23","21","14","18","38","0","2","1","1","6","3","12","0","0","0","4","2","9","10","0","3","4","4","10","2","6","0","3","5","4","5","3","4","1","0","3","1","2","1","1","0","0","1","1","0","4","1","111","30","11","7","5","1","2","0","12","37","3","6","1","1","0","0","0","2","38","6","6","0","0","0","1","0","2","10","2","2","0","1","0","0","0","1"
"s25","voters","MART104","110","56","25","3","1","1","0","0","1","0","23","51","59","10","2","1","2","1","0","1","0","0","0","0","0","0","0","0","0","0","2","1","0","0","0","0","0","1","0","0","1","4","1","2","0","0","2","2","2","2","10","3","1","2","6","6","5","7","8","0","2","0","2","2","1","6","0","1","1","2","4","1","3","0","1","3","3","3","3","1","1","1","1","1","2","2","1","0","0","0","2","0","1","0","0","0","0","1","1","1","0","30","10","5","1","6","0","2","0","2","17","2","3","2","0","0","0","1","0","12","4","2","1","1","0","1","0","2","4","0","0","1","0","0","0","0","1"
"s25","voters","MART105","1235","671","289","44","6","3","17","0","2","0","203","573","662","94","26","13","3","18","9","7","2","3","0","1","0","13","0","2","1","15","6","18","6","14","3","2","1","2","0","3","0","11","3","4","2","1","10","29","45","52","50","66","2","22","28","72","75","95","124","1","6","12","21","18","50","49","0","1","9","21","14","40","47","0","6","11","19","29","25","31","2","6","5","17","17","22","13","1","2","4","9","10","8","8","0","4","1","6","3","9","7","348","126","72","21","21","6","6","4","67","147","51","38","11","8","1","1","2","30","104","32","21","11","8","4","4","2","17","42","17","7","1","1","0","2","0","2"
"s25","voters","MART106","223","112","68","10","0","1","3","0","0","0","29","112","111","12","6","1","1","0","3","0","0","0","0","0","0","0","0","0","0","3","0","1","0","0","0","0","0","0","0","0","0","3","0","0","1","1","2","4","9","8","8","12","1","8","7","13","9","13","17","0","3","3","8","5","11","13","1","0","3","6","3","8","4","0","1","2","3","3","2","4","0","0","1","5","2","4","2","0","0","1","3","1","2","3","0","0","3","0","1","0","0","63","24","12","0","1","0","1","0","11","34","5","7","2","5","0","1","0","14","14","5","2","3","0","0","1","0","4","8","4","1","0","0","0","1","0","0"
"s25","voters","MART107","94","53","23","3","0","0","3","0","0","0","12","39","55","8","0","3","2","1","0","0","1","1","0","0","0","0","0","0","0","1","3","1","0","0","0","0","0","0","0","0","0","1","1","0","0","0","0","2","3","2","3","6","0","0","3","3","4","8","19","0","1","0","1","4","2","3","0","0","0","1","2","6","3","0","0","2","1","2","2","2","1","0","0","0","2","0","0","0","0","1","0","0","0","2","0","0","0","2","0","0","1","26","11","4","3","0","1","0","0","8","12","1","5","0","1","0","0","0","4","10","1","0","0","1","0","0","0","0","4","1","0","0","1","0","0","0","0"
"s25","voters","MART108","1029","600","208","40","3","6","3","0","4","2","163","476","553","56","16","15","5","18","7","4","3","4","0","0","0","9","0","1","0","21","7","6","0","6","0","1","0","1","0","0","0","14","5","1","2","2","15","20","41","37","48","84","0","16","41","61","53","59","123","0","1","8","11","18","23","52","0","3","1","10","13","14","54","0","4","14","18","16","18","21","0","6","10","13","11","11","21","0","2","5","2","3","5","8","0","2","6","3","4","8","10","333","103","63","14","17","4","7","4","55","105","25","19","8","4","0","2","4","41","82","20","19","13","6","4","2","2","15","38","11","3","1","0","0","1","0","4"
"s25","voters","MART109","1102","669","193","50","3","2","9","0","6","1","169","480","622","86","16","22","7","28","4","10","3","4","0","0","0","8","1","3","2","18","5","7","0","8","0","0","0","4","1","1","0","12","9","2","3","1","15","17","41","38","50","86","0","25","33","66","57","73","167","0","4","12","16","16","23","36","0","2","5","8","10","20","41","1","6","9","19","11","17","24","0","4","13","12","13","17","23","2","3","1","4","8","6","14","0","2","1","3","6","11","10","377","109","72","28","20","0","7","5","51","106","22","21","9","8","0","2","1","24","83","28","17","9","5","3","5","3","16","47","10","8","0","1","0","0","0","5"
"s25","voters","MART110","5","0","2","1","0","0","1","0","0","0","1","3","2","0","0","0","0","0","0","0","0","0","0","0","0","0","0","0","0","0","0","0","0","0","0","0","0","0","0","0","0","0","0","0","0","0","0","0","0","0","0","0","0","0","0","0","0","0","0","0","0","0","0","0","1","0","0","0","0","0","0","1","0","0","0","0","0","0","0","0","0","0","0","0","0","1","0","0","0","0","0","0","2","0","0","0","0","0","0","0","0","0","0","0","0","0","0","0","0","0","1","0","0","1","0","0","0","0","0","0","0","1","0","0","0","0","0","0","1","0","0","0","0","0","0","0","1"
"s25","voters","MART111","18","9","7","1","1","0","0","0","0","0","0","8","10","1","0","0","0","0","3","0","0","0","0","0","0","0","0","0","0","0","0","0","0","0","0","0","0","0","0","0","0","0","0","0","0","0","0","0","1","0","0","2","0","1","0","0","0","1","4","0","0","0","1","0","0","3","0","0","0","2","0","0","1","0","0","0","0","0","0","0","0","0","0","0","0","0","0","0","0","0","0","0","1","0","0","0","0","1","0","0","0","4","2","1","2","0","0","0","0","0","4","1","0","0","2","0","0","0","0","0","0","0","0","0","0","0","0","0","1","0","0","0","0","0","0","0","1"
"s25","voters","MART112","727","372","198","36","3","4","10","0","2","0","102","336","391","33","18","6","7","13","7","6","0","0","0","0","0","3","0","0","0","2","0","0","0","4","1","1","1","2","1","0","0","1","2","0","0","1","5","9","17","16","23","60","2","10","18","36","41","37","97","0","16","6","18","20","21","36","0","5","6","10","15","17","28","2","7","8","9","12","11","18","0","3","6","4","6","8","8","0","3","2","2","4","4","6","1","3","7","3","5","5","10","194","65","37","10","8","4","2","4","48","106","28","24","6","1","1","4","4","24","45","20","9","5","4","0","3","1","15","34","13","2","3","1","1","0","0","1"
"s25","voters","MART113","126","47","45","7","1","0","0","0","0","0","26","61","65","7","1","1","3","7","0","3","0","0","0","0","0","2","0","0","0","0","0","0","0","1","0","0","0","0","1","0","0","0","0","0","0","0","0","3","0","0","8","14","0","1","1","1","2","8","9","0","2","0","0","2","7","11","0","3","2","1","1","6","10","0","0","0","0","1","3","5","0","2","2","3","1","4","5","0","0","0","1","1","1","2","0","0","0","0","0","2","1","27","10","6","1","0","0","0","0","3","18","6","10","0","0","3","1","0","7","9","6","3","1","1","0","1","1","4","3","3","2","0","0","0","0","0","0"
"s25","voters","MART114","1327","754","281","50","2","6","15","1","4","0","214","593","734","107","35","25","10","29","5","4","2","4","0","1","0","3","2","0","0","15","9","14","0","11","0","4","1","8","3","3","0","21","7","11","0","1","18","28","42","39","45","113","0","27","52","67","69","100","153","1","1","11","13","27","51","52","1","2","15","11","14","32","50","2","15","11","16","13","25","30","2","9","9","27","14","19","22","1","4","4","7","9","4","10","1","4","3","2","7","10","12","397","161","71","25","17","7","9","4","63","151","47","25","6","12","0","1","3","36","90","45","27","20","8","1","2","1","20","48","14","5","3","0","0","2","1","5"
"s25","voters","MART115","44","12","19","3","0","0","0","0","0","0","10","18","26","2","3","3","1","0","2","0","0","0","0","0","0","0","0","0","0","0","0","0","0","0","0","0","0","0","0","0","0","0","0","0","0","0","0","0","0","0","1","2","0","1","0","0","0","2","6","0","1","1","0","2","4","1","0","2","0","1","1","5","1","0","3","1","0","0","0","0","0","0","2","1","0","1","2","0","0","0","0","0","0","2","0","0","0","0","0","1","0","5","1","3","2","0","0","0","0","1","13","3","1","0","0","0","0","0","2","6","2","0","0","1","0","0","0","1","1","1","0","0","1","0","0","0","0"
"s25","voters","MART116","405","222","98","21","1","3","2","0","2","0","56","198","207","31","9","8","2","10","0","2","1","1","0","0","1","2","0","0","0","7","0","0","0","6","1","1","0","4","1","1","0","0","5","2","3","0","5","5","16","11","16","46","0","9","4","20","15","28","47","0","4","3","8","7","9","22","0","3","1","8","6","7","20","0","4","2","8","3","2","10","0","2","1","6","7","4","7","0","5","0","2","3","3","4","0","0","0","1","5","2","4","111","34","23","15","3","1","3","1","31","54","8","13","3","1","1","0","0","18","24","9","11","3","0","1","1","1","6","17","8","1","0","0","0","0","0","3"
"s25","voters","MART117","270","171","51","6","1","1","0","0","1","0","39","127","143","13","6","4","1","2","2","2","0","2","0","0","0","2","1","0","0","2","0","0","0","7","0","1","0","0","0","0","0","1","0","1","0","1","7","2","21","6","10","22","0","7","8","22","10","23","32","0","2","2","4","5","7","8","0","2","2","3","4","5","7","1","0","0","5","10","7","2","0","3","1","0","2","3","5","0","0","0","2","0","2","1","0","2","0","0","1","0","1","86","30","19","3","9","2","0","0","22","27","6","5","2","1","1","1","2","6","14","9","6","3","1","0","0","0","6","6","1","1","0","0","0","0","0","1"
"s25","voters","MART118","795","441","171","29","2","0","8","0","2","0","142","364","431","44","13","10","3","16","5","5","1","0","1","0","0","3","0","3","0","6","3","3","1","10","1","4","0","2","1","4","1","12","10","5","0","2","9","20","24","23","26","61","5","13","37","42","33","45","101","1","5","5","17","14","21","27","1","2","4","13","10","19","32","2","8","6","21","15","12","19","2","5","4","14","7","11","16","0","1","1","6","5","7","6","0","0","4","4","3","1","3","259","57","48","13","8","1","1","1","53","106","23","19","0","1","1","0","1","20","76","27","16","7","3","0","0","2","11","21","8","7","1","0","1","1","0","2"
"s25","voters","MART119","250","134","57","15","0","2","3","1","0","0","38","112","138","15","4","3","2","9","0","2","2","0","0","0","0","0","0","0","0","1","0","1","0","0","0","0","0","0","1","0","0","5","1","3","0","0","3","3","9","8","7","20","0","3","8","15","12","14","32","0","2","1","4","7","7","8","0","2","1","3","5","7","10","1","1","2","4","4","4","6","0","0","1","5","3","2","5","0","1","2","4","1","3","0","0","1","0","1","1","4","3","67","13","17","4","5","1","1","0","26","31","9","4","5","1","0","0","1","6","15","9","4","3","2","0","1","0","4","12","4","2","1","1","0","0","0","1"
"s25","voters","MART120","390","219","93","17","0","2","1","0","1","0","57","172","218","35","8","7","2","5","2","3","1","0","0","0","0","2","0","0","0","4","1","0","0","3","1","0","1","1","0","0","0","12","3","3","1","1","4","10","16","8","13","31","2","9","18","27","23","18","39","0","3","2","9","7","13","13","1","0","3","6","4","17","15","0","5","2","6","8","6","7","1","1","2","6","4","5","4","0","0","0","1","1","1","5","0","1","0","4","1","3","4","137","30","25","6","2","2","3","1","13","46","7","17","3","2","1","1","2","14","30","10","4","3","1","1","1","1","6","17","3","0","0","0","0","0","0","1"
"s25","voters","MART121","127","54","37","6","1","0","1","0","3","0","25","59","68","6","3","2","1","0","0","2","1","0","0","0","0","0","0","0","0","2","0","1","0","0","0","0","0","0","0","3","0","0","0","0","0","0","0","5","2","5","4","8","0","1","3","3","4","6","13","0","1","0","3","1","5","9","0","1","0","2","2","6","7","1","1","0","3","1","2","3","2","1","2","2","1","2","4","0","0","0","1","0","0","4","0","1","1","1","1","1","1","25","10","6","2","3","0","0","0","8","21","3","4","1","1","0","0","1","6","8","5","5","1","0","2","0","0","4","8","1","1","0","0","0","0","0","1"
"s25","voters","MART122","309","152","74","18","0","5","5","0","0","0","55","143","166","16","1","3","2","8","6","2","1","3","0","0","0","0","0","0","0","3","1","3","0","4","0","2","1","2","1","0","0","3","2","0","0","0","2","11","10","3","8","22","0","10","20","10","7","14","35","1","1","3","7","8","8","12","0","1","3","5","6","4","15","0","1","1","6","5","7","7","0","1","6","2","6","7","6","0","2","2","3","7","2","4","0","3","0","1","1","2","1","93","22","14","5","2","1","0","0","15","36","11","11","0","4","0","1","0","11","34","7","5","1","1","0","0","1","6","17","6","4","0","1","0","0","0","0"
"s25","voters","MART123","16","9","5","0","0","0","0","0","0","0","2","6","10","0","0","0","0","0","1","0","0","0","0","0","0","0","0","0","0","0","0","0","0","0","0","0","0","0","0","0","0","0","0","0","0","0","0","0","0","0","0","3","0","1","1","1","0","2","1","0","0","0","0","2","0","1","0","0","0","0","0","1","1","0","0","0","0","0","0","0","0","0","0","0","0","1","1","0","0","0","0","0","0","0","0","0","0","0","0","0","0","4","3","0","1","0","0","0","0","1","1","0","0","0","1","1","0","0","2","0","1","1","0","0","0","0","0","0","0","0","0","0","0","0","0","0","0"
"s25","voters","MART124","158","93","36","9","0","0","1","0","1","0","18","67","91","5","2","3","1","1","3","0","0","1","0","0","0","0","0","0","0","3","0","0","0","0","0","0","0","0","1","0","0","1","1","1","0","0","2","5","7","6","7","13","0","2","4","4","8","10","25","0","1","1","0","2","4","5","0","1","0","0","3","8","11","0","1","2","2","0","1","4","0","1","0","2","1","1","3","0","0","0","0","1","2","1","0","0","0","4","0","1","2","50","19","9","2","2","1","2","0","8","22","6","2","1","0","0","0","0","5","12","1","3","0","1","0","0","0","1","7","3","1","0","0","0","0","0","0"
"s25","voters","MART125","242","159","37","8","2","1","1","0","0","0","34","97","145","34","2","8","2","5","1","2","0","0","0","0","0","1","0","1","0","1","0","0","0","2","1","0","0","1","0","0","0","4","1","2","0","0","1","9","14","7","12","9","1","5","15","15","18","18","35","0","0","1","3","4","5","10","0","0","0","2","2","4","6","0","1","5","4","2","4","2","0","2","0","5","3","4","2","0","0","0","1","1","1","1","0","2","1","2","1","0","2","103","24","10","5","3","0","0","1","13","23","7","4","0","1","0","0","0","2","17","4","5","3","1","0","2","0","2","10","1","0","0","0","0","0","0","1"
"s25","voters","MART126","104","54","28","4","0","0","1","0","1","0","16","42","62","6","5","4","0","4","3","3","0","0","0","0","0","0","0","0","0","0","0","0","0","2","0","0","0","0","1","0","0","1","0","2","1","0","1","1","4","2","1","12","0","0","2","5","3","6","17","0","0","2","1","2","4","5","1","0","0","1","2","4","6","0","0","1","1","1","0","2","0","0","2","5","1","1","2","0","0","0","1","1","0","0","0","0","1","0","0","0","3","24","9","5","2","0","0","0","1","13","16","3","4","1","0","2","0","0","2","10","1","2","1","0","0","0","1","1","4","0","1","0","0","0","0","0","1"
"s25","voters","MART127","7","5","2","0","0","0","0","0","0","0","0","5","2","0","0","0","0","1","1","0","0","0","0","0","0","0","0","0","0","0","0","0","0","0","0","0","0","0","0","0","0","0","0","0","0","0","0","0","0","0","3","0","0","0","1","0","0","1","0","0","0","0","0","0","1","1","0","0","0","0","0","0","0","0","0","0","0","0","0","0","0","0","0","0","0","0","0","0","0","0","0","0","0","0","0","0","0","0","0","0","0","4","1","0","0","0","0","0","0","0","0","1","0","0","0","0","0","0","1","0","0","0","0","0","0","0","0","0","0","0","0","0","0","0","0","0","0"
"s25","voters","MART128","333","216","60","5","1","2","6","0","1","0","42","140","193","28","8","5","2","2","0","0","2","1","0","0","1","1","1","0","0","3","0","0","0","0","0","0","1","2","0","0","0","2","5","1","1","0","2","9","18","7","9","36","0","4","16","19","16","36","44","0","1","2","6","3","7","9","1","1","2","5","6","4","13","0","0","1","7","5","3","4","2","0","2","8","3","2","5","0","1","2","5","0","2","1","0","1","0","0","1","0","2","106","46","26","6","4","0","3","2","23","30","9","4","4","1","0","1","1","10","15","7","6","3","2","2","0","1","6","7","6","0","0","1","0","0","0","1"
"s25","voters","MART129","744","442","148","31","0","2","9","0","1","0","111","322","422","66","4","13","4","15","4","1","1","0","0","1","0","0","0","1","0","3","1","5","1","2","1","0","0","0","0","0","0","7","5","6","2","1","13","16","30","32","29","52","1","20","29","52","43","47","77","0","5","2","13","12","17","22","0","3","1","12","10","25","26","0","2","5","20","14","8","12","0","5","7","11","9","9","9","0","1","2","2","4","6","2","0","2","4","8","2","6","4","254","59","45","8","15","3","1","3","54","80","17","19","3","5","1","1","0","22","67","22","3","6","4","1","2","1","5","24","6","6","3","0","1","0","0","3"
"s25","voters","MART130","873","554","126","35","1","6","6","0","9","0","136","379","494","64","11","13","7","23","4","5","2","1","0","0","0","4","1","0","0","5","1","3","0","4","0","0","1","1","0","0","0","9","2","0","0","2","5","28","39","27","37","71","1","24","51","49","40","65","115","1","2","6","14","8","11","23","0","1","6","8","5","10","31","0","3","12","24","11","11","15","0","6","7","11","15","11","10","0","3","3","4","4","6","9","0","2","6","6","4","4","6","327","97","50","21","10","3","6","2","38","68","17","16","3","6","0","1","4","11","70","27","17","8","6","1","2","1","4","41","4","6","0","1","0","1","1","3"
"s25","voters","MART131","418","248","93","21","0","4","3","0","4","0","45","204","214","30","6","5","3","4","2","1","0","0","0","0","0","2","0","1","0","4","0","0","0","3","0","0","0","2","0","0","0","3","5","1","0","0","1","8","25","14","20","35","1","6","23","20","22","27","46","1","2","7","8","15","14","9","0","2","4","3","6","11","11","0","3","6","4","6","4","3","0","4","1","3","3","3","5","0","3","0","4","3","6","3","0","0","4","4","0","4","1","140","41","24","7","4","1","0","2","29","50","17","6","3","1","0","4","1","11","25","7","4","3","2","1","1","0","2","17","6","2","1","2","0","1","0","3"
"s25","voters","MART132","805","498","130","45","1","3","13","0","10","0","105","363","442","48","10","14","8","25","8","6","1","0","0","1","0","3","0","0","0","5","1","0","0","1","0","0","0","0","0","2","1","9","4","2","2","3","6","21","29","28","44","64","0","18","39","39","50","53","104","0","3","11","12","11","16","20","1","3","1","2","15","13","22","0","5","10","13","12","10","10","1","5","4","8","7","10","10","0","3","4","7","7","8","6","0","4","3","11","3","8","8","281","84","47","16","14","2","0","2","52","71","18","18","4","2","1","1","1","14","53","13","18","10","3","1","2","2","3","48","13","5","2","0","1","1","0","2"
"s25","voters","MART133","331","209","48","11","4","4","7","0","2","0","46","150","181","19","5","6","1","6","4","1","0","0","0","0","0","0","0","0","0","3","0","0","0","0","0","0","0","0","0","0","0","0","0","2","0","0","3","8","16","12","12","29","0","8","17","21","19","25","39","0","0","1","4","3","10","5","0","0","4","2","2","11","6","0","1","3","5","3","10","7","0","1","1","11","2","0","2","0","0","2","4","4","4","4","0","0","1","1","6","1","1","119","29","17","11","5","0","1","0","27","24","6","6","0","5","0","3","0","4","24","5","9","4","2","1","0","0","1","18","5","1","1","1","1","1","0","0"
"s25","voters","MART134","41","21","12","3","0","0","0","0","0","0","5","17","24","1","1","2","0","2","1","0","0","0","0","0","0","0","0","0","0","0","0","0","0","0","0","0","0","1","0","0","0","1","0","1","0","0","1","0","0","0","1","2","0","1","1","1","1","4","9","0","0","0","3","0","3","1","0","0","0","2","2","0","1","0","0","1","0","0","1","2","0","0","0","0","1","0","0","0","0","2","0","0","0","0","0","0","0","0","0","0","1","11","8","1","0","0","0","0","0","1","7","3","2","0","0","0","0","0","0","3","1","0","0","1","0","0","0","0","3","0","0","0","0","0","0","0","0"
"s25","voters","MART135","1020","590","233","32","0","4","8","0","3","1","149","448","572","75","30","24","5","14","3","3","1","0","1","0","0","9","1","0","0","13","8","3","1","10","0","0","0","3","2","1","0","15","6","2","1","1","10","25","39","37","34","73","6","15","34","58","58","63","137","0","2","10","21","21","24","43","1","1","1","19","12","29","49","1","6","7","18","14","17","17","0","4","7","20","10","10","18","0","3","4","4","4","4","9","1","4","0","4","2","5","4","300","93","77","28","16","2","4","6","64","112","34","29","8","9","0","3","1","37","72","26","15","16","3","2","3","0","12","33","7","5","0","0","0","0","0","3"
"s25","voters","MART136","589","368","107","17","1","2","6","0","6","0","82","271","318","37","6","10","1","11","8","4","1","0","0","0","0","0","0","0","0","2","0","2","0","1","2","0","0","1","0","0","0","10","0","2","0","0","6","10","22","30","31","47","0","10","19","33","34","46","80","0","3","5","10","7","10","21","0","0","7","13","5","9","17","0","5","6","9","9","7","15","0","1","7","5","9","4","5","0","0","2","1","5","6","4","1","2","1","3","1","3","3","213","50","36","11","10","3","6","0","39","65","17","11","3","3","0","2","0","6","49","8","9","3","6","0","1","0","6","25","1","2","0","1","0","0","0","3"
"s25","voters","MART137","292","157","84","16","0","0","5","0","0","0","30","141","151","31","7","6","4","2","5","2","1","1","0","0","0","7","2","0","0","0","0","0","0","0","0","0","0","0","0","0","0","1","1","0","0","0","6","3","6","11","11","25","1","8","9","15","14","19","29","0","4","7","4","10","9","14","0","2","3","2","6","7","16","0","3","1","4","2","1","6","0","2","1","3","3","1","3","0","2","0","4","1","4","3","0","1","1","1","1","2","1","86","28","15","2","2","3","2","0","19","35","21","10","3","2","0","1","0","12","12","7","6","2","0","1","0","0","2","11","5","0","3","0","0","0","1","1"
"s25","voters","MART138","458","246","132","21","1","0","5","0","1","0","52","222","236","10","3","2","1","15","3","8","0","1","0","0","0","4","0","0","0","3","4","4","0","5","0","1","0","0","0","0","0","1","0","0","1","1","3","7","11","11","13","59","0","5","2","19","13","30","72","1","3","5","6","5","13","39","0","2","4","9","4","11","30","0","5","1","3","5","6","12","0","0","1","6","3","3","7","1","0","2","2","4","1","3","0","1","2","3","2","1","6","137","45","22","6","5","1","1","1","28","63","22","13","5","1","0","1","1","26","28","7","5","1","0","0","0","1","10","18","5","1","1","0","1","0","1","1"
"s25","voters","MART139","212","122","51","8","0","0","0","0","3","0","28","94","118","12","6","2","1","6","5","2","0","0","0","0","0","0","0","0","0","0","0","0","0","0","0","0","0","0","0","0","0","4","0","0","0","0","3","3","9","8","3","24","1","2","8","9","8","9","35","0","2","1","5","1","6","9","0","0","1","3","2","6","15","0","1","2","1","3","2","6","0","1","2","3","0","4","3","0","1","0","0","2","1","1","0","1","0","0","1","3","1","63","26","15","3","3","0","0","1","11","28","9","7","0","2","0","0","0","5","12","5","3","2","3","0","0","0","3","6","1","0","2","0","0","0","0","2"
"s25","voters","MART140","270","159","57","12","0","0","1","0","2","0","39","134","136","24","6","3","3","15","0","0","0","0","1","0","0","4","3","1","0","3","0","0","0","0","0","0","0","0","0","0","0","1","2","0","2","1","5","9","5","10","13","30","1","4","3","10","11","20","37","0","0","1","1","2","4","18","0","1","4","1","3","6","16","0","1","2","8","1","5","10","0","1","0","3","0","3","5","0","0","1","0","1","2","4","0","0","2","0","1","3","1","90","30","11","6","5","1","1","1","14","30","8","3","4","4","0","1","0","7","13","7","2","3","4","1","0","0","9","7","1","4","1","0","1","0","0","1"
"s25","voters","MART141","196","115","31","13","1","1","3","0","1","0","31","79","117","7","2","1","1","1","0","0","2","1","0","1","0","1","0","0","0","6","0","2","0","0","0","0","0","1","1","0","0","7","1","0","1","0","1","1","6","5","9","17","0","4","6","17","8","10","31","0","0","1","1","5","1","7","0","0","0","3","3","2","8","0","1","1","2","2","0","7","1","1","0","5","2","4","5","0","1","2","2","0","2","5","0","0","0","0","3","1","3","61","29","11","3","2","0","0","0","9","14","5","5","0","1","0","0","0","6","14","8","4","0","2","0","0","0","3","14","1","2","1","0","0","1","0","0"
"s25","voters","MART142","17","5","7","2","0","0","0","0","0","0","3","10","7","0","0","0","0","0","0","0","0","0","0","0","0","0","0","0","0","0","0","0","0","0","0","0","0","0","0","0","0","0","2","0","0","0","0","1","0","0","1","1","0","0","0","0","0","0","2","1","1","0","1","0","0","2","0","1","0","0","0","0","1","0","0","0","0","2","0","0","0","0","0","0","1","0","0","0","0","0","0","0","0","0","0","1","0","1","0","0","0","4","0","1","0","0","0","0","0","0","4","0","2","0","0","0","0","0","1","1","0","0","0","1","0","0","1","0","2","0","0","0","0","0","0","0","0"
"s25","voters","MART143","158","93","31","7","0","0","2","0","1","0","24","75","83","18","8","5","4","2","2","0","0","0","0","0","0","0","0","0","0","2","2","1","0","1","0","1","0","1","0","0","0","5","3","2","0","1","7","11","11","2","4","7","1","4","15","10","5","8","7","0","1","2","4","3","2","3","0","0","2","5","3","3","3","0","4","2","2","2","1","0","0","4","4","1","2","2","0","0","0","1","1","3","0","1","0","0","1","2","1","0","0","59","13","12","4","2","0","0","0","3","21","4","2","1","0","0","0","1","2","17","3","4","0","0","0","0","0","0","7","1","2","0","0","0","0","0","0"
"s25","voters","MART144","289","163","71","10","1","1","2","0","1","0","40","139","150","19","7","2","1","6","3","1","2","0","0","0","0","2","0","0","0","2","2","0","0","0","0","0","0","1","0","0","0","2","4","0","2","0","2","3","9","7","21","20","3","5","4","12","10","30","37","0","2","4","5","5","11","15","0","0","2","4","4","11","8","0","1","1","3","6","5","10","0","0","2","4","5","2","1","0","0","0","1","5","2","1","1","3","0","1","1","0","0","90","24","21","1","3","0","0","3","21","35","9","10","3","1","0","1","0","12","20","4","5","4","1","0","1","1","4","13","0","1","0","0","0","0","0","1"
"s25","voters","MART145","101","60","17","6","0","1","1","0","3","0","13","44","57","9","1","1","0","3","1","0","0","0","0","0","0","0","0","0","0","3","1","1","0","0","0","0","0","1","0","0","0","4","0","1","0","1","0","2","2","1","2","11","0","0","9","3","6","10","13","0","0","2","1","1","3","2","0","0","1","1","0","4","2","0","0","1","2","3","4","0","0","0","0","1","1","0","1","0","1","1","0","1","1","2","0","0","0","3","1","0","1","32","8","9","1","3","0","0","0","7","9","5","1","1","0","0","0","1","0","6","2","0","1","1","0","1","0","2","7","2","0","1","0","0","0","0","1"
"s25","voters","MART146","24","9","6","4","0","0","0","0","0","0","5","11","13","0","0","0","0","0","0","0","0","0","0","0","0","0","0","0","0","1","0","1","0","0","0","0","0","0","0","0","0","2","0","0","0","0","1","0","0","2","1","1","0","0","0","2","0","1","1","0","1","0","0","1","0","2","0","0","0","1","0","1","0","0","0","0","1","0","0","0","0","1","1","0","0","2","0","0","0","0","0","0","1","0","0","0","1","0","0","1","1","5","2","0","2","0","0","0","0","0","4","1","1","0","0","0","0","0","0","5","0","0","0","0","0","0","0","0","0","3","1","0","0","0","0","0","0"
"s25","voters","MART802","7","5","1","0","0","0","0","0","0","0","1","3","4","0","1","0","0","0","0","0","0","0","0","0","0","0","0","0","0","0","0","0","0","0","0","0","0","0","0","0","0","0","0","0","0","0","0","1","0","1","0","0","0","0","1","0","2","0","0","0","0","0","1","0","0","0","0","0","0","0","0","0","0","0","0","0","0","0","0","0","0","0","1","0","0","0","0","0","0","0","0","0","0","0","0","0","0","0","0","0","0","1","3","1","0","0","0","0","0","0","1","0","0","0","0","0","0","0","0","0","0","0","0","0","0","0","1","0","0","0","0","0","0","0","0","0","0"
"s25","voters","MART803","0","0","0","0","0","0","0","0","0","0","0","0","0","0","0","0","0","0","0","0","0","0","0","0","0","0","0","0","0","0","0","0","0","0","0","0","0","0","0","0","0","0","0","0","0","0","0","0","0","0","0","0","0","0","0","0","0","0","0","0","0","0","0","0","0","0","0","0","0","0","0","0","0","0","0","0","0","0","0","0","0","0","0","0","0","0","0","0","0","0","0","0","0","0","0","0","0","0","0","0","0","0","0","0","0","0","0","0","0","0","0","0","0","0","0","0","0","0","0","0","0","0","0","0","0","0","0","0","0","0","0","0","0","0","0","0","0"
"s25","voters","MART805","1","1","0","0","0","0","0","0","0","0","0","0","1","0","0","0","0","0","0","0","0","0","0","0","0","0","0","0","0","0","0","0","0","0","0","0","0","0","0","0","0","0","0","0","0","0","0","0","0","0","0","0","0","0","0","0","1","0","0","0","0","0","0","0","0","0","0","0","0","0","0","0","0","0","0","0","0","0","0","0","0","0","0","0","0","0","0","0","0","0","0","0","0","0","0","0","0","0","0","0","0","1","0","0","0","0","0","0","0","0","0","0","0","0","0","0","0","0","0","0","0","0","0","0","0","0","0","0","0","0","0","0","0","0","0","0","0"
"s25","voters","MART806","1","0","1","0","0","0","0","0","0","0","0","0","1","0","0","0","0","0","0","0","0","0","0","0","0","0","0","0","0","0","0","0","0","0","0","0","0","0","0","0","0","0","0","0","0","0","0","0","0","0","0","0","0","0","0","0","0","0","0","0","0","0","0","0","0","0","0","0","0","0","0","1","0","0","0","0","0","0","0","0","0","0","0","0","0","0","0","0","0","0","0","0","0","0","0","0","0","0","0","0","0","0","0","0","0","0","0","0","0","0","1","0","0","0","0","0","0","0","0","0","0","0","0","0","0","0","0","0","0","0","0","0","0","0","0","0","0"
"s25","voters","MART808","6","3","2","0","0","0","0","0","0","0","1","3","3","0","0","0","0","1","0","0","0","0","0","0","0","0","0","0","0","0","0","0","0","0","0","0","0","0","0","0","0","0","0","0","0","0","0","0","0","0","1","0","0","0","0","0","0","1","1","0","0","0","0","0","0","1","0","0","0","0","0","0","1","0","0","1","0","0","0","0","0","0","0","0","0","0","0","0","0","0","0","0","0","0","0","0","0","0","0","0","0","2","1","0","0","0","0","0","0","0","1","0","0","0","0","0","0","1","0","0","0","0","1","0","0","0","0","0","0","0","0","0","0","0","0","0","0"
"s25","voters","MART809","1","0","0","0","0","0","1","0","0","0","0","1","0","0","0","0","0","0","0","0","0","0","0","0","0","0","0","0","0","0","0","0","0","0","0","0","0","0","0","0","0","0","0","0","0","0","0","0","0","0","0","0","0","0","0","0","0","0","0","0","0","0","0","0","0","0","0","0","0","0","0","0","0","0","0","0","0","0","0","0","0","0","0","0","0","0","0","0","0","0","0","0","0","1","0","0","0","0","0","0","0","0","0","0","0","0","0","0","0","0","0","0","0","0","0","0","0","0","0","0","0","0","0","0","0","0","0","0","1","0","0","0","0","0","0","0","0"
"s25","voters","MART810","1","0","1","0","0","0","0","0","0","0","0","1","0","0","1","0","0","0","0","0","0","0","0","0","0","0","0","0","0","0","0","0","0","0","0","0","0","0","0","0","0","0","0","0","0","0","0","0","0","0","0","0","0","0","0","0","0","0","0","0","0","0","0","0","0","1","0","0","0","0","0","0","0","0","0","0","0","0","0","0","0","0","0","0","0","0","0","0","0","0","0","0","0","0","0","0","0","0","0","0","0","0","0","0","0","0","0","0","0","0","1","0","0","0","0","0","0","0","0","0","0","0","0","0","0","0","0","0","0","0","0","0","0","0","0","0","0"
"s25","voters","MART811","0","0","0","0","0","0","0","0","0","0","0","0","0","0","0","0","0","0","0","0","0","0","0","0","0","0","0","0","0","0","0","0","0","0","0","0","0","0","0","0","0","0","0","0","0","0","0","0","0","0","0","0","0","0","0","0","0","0","0","0","0","0","0","0","0","0","0","0","0","0","0","0","0","0","0","0","0","0","0","0","0","0","0","0","0","0","0","0","0","0","0","0","0","0","0","0","0","0","0","0","0","0","0","0","0","0","0","0","0","0","0","0","0","0","0","0","0","0","0","0","0","0","0","0","0","0","0","0","0","0","0","0","0","0","0","0","0"
"s25","voters","MDIA802","5","2","3","0","0","0","0","0","0","0","0","2","3","0","0","0","0","0","0","0","0","0","0","0","0","0","0","0","0","0","0","0","0","0","0","0","0","0","0","0","0","0","0","0","0","0","0","0","0","0","0","1","0","0","0","0","0","0","1","0","0","0","0","0","1","0","0","0","0","0","0","2","0","0","0","0","0","0","0","0","0","0","0","0","0","0","0","0","0","0","0","0","0","0","0","0","0","0","0","0","0","1","0","0","0","0","0","0","0","1","1","1","1","0","0","0","0","0","0","0","0","0","0","0","0","0","0","0","0","0","0","0","0","0","0","0","0"
"s25","voters","MDIA803","2","2","0","0","0","0","0","0","0","0","0","1","1","0","0","0","0","0","0","0","0","0","0","0","0","0","0","0","0","0","0","0","0","0","0","0","0","0","0","0","0","0","0","0","0","0","0","0","0","0","1","0","0","0","0","0","0","1","0","0","0","0","0","0","0","0","0","0","0","0","0","0","0","0","0","0","0","0","0","0","0","0","0","0","0","0","0","0","0","0","0","0","0","0","0","0","0","0","0","0","0","1","1","0","0","0","0","0","0","0","0","0","0","0","0","0","0","0","0","0","0","0","0","0","0","0","0","0","0","0","0","0","0","0","0","0","0"
"s25","voters","MORG101","2087","1198","364","61","1","7","15","0","2","1","438","987","1100","54","12","15","4","87","28","26","5","16","1","5","1","21","3","9","1","91","30","59","4","28","2","19","2","11","5","0","1","2","3","2","0","7","38","28","65","104","77","183","6","46","42","100","135","123","244","0","7","5","8","24","52","90","0","8","5","8","26","34","97","3","16","19","40","49","40","91","4","16","8","23","37","40","52","0","2","1","7","10","10","11","0","6","3","8","8","14","7","639","214","125","37","20","9","17","6","131","182","57","35","15","5","2","2","2","64","222","70","37","25","9","9","14","2","50","58","16","11","0","1","0","0","0","1"
"s25","voters","MORG102","19","13","3","0","0","0","0","0","0","0","3","10","9","2","0","1","0","3","0","0","0","0","0","0","0","0","0","0","0","1","1","1","0","1","0","0","0","0","0","0","0","0","0","0","0","0","1","0","4","2","1","0","0","0","0","4","1","0","0","0","0","0","0","0","0","1","0","0","0","0","0","0","2","0","0","0","0","1","0","0","0","0","0","0","2","0","0","0","0","0","0","0","0","0","0","0","0","0","0","0","0","4","6","2","1","0","0","0","0","0","2","0","0","0","1","0","0","0","0","0","0","1","2","0","0","0","0","0","0","0","0","0","0","0","0","0","0"
"s25","voters","MORG103","1849","1018","361","56","2","6","11","0","6","0","389","903","946","56","9","8","2","55","12","30","3","20","7","2","0","19","5","8","3","65","27","56","2","21","1","8","0","9","4","3","0","7","5","0","0","4","29","29","62","88","79","145","7","48","29","76","126","112","184","1","7","7","12","24","46","92","0","5","4","12","17","40","94","6","24","18","27","53","39","66","4","15","13","14","29","29","52","1","1","1","6","4","10","22","2","4","0","3","6","6","15","571","175","103","25","27","6","10","2","99","166","50","46","6","10","3","6","2","72","205","66","42","25","6","1","7","4","33","58","7","7","1","2","1","1","0","4"
"s25","voters","MORG104","764","408","153","34","2","2","4","0","1","0","160","344","420","21","2","4","2","46","6","9","0","3","0","1","0","2","0","2","0","18","11","24","0","7","0","2","0","2","0","0","0","3","1","0","1","1","10","5","28","33","22","57","1","16","12","34","50","42","97","0","6","2","8","5","26","43","0","1","2","4","9","12","35","2","6","5","7","16","17","26","2","6","4","11","14","13","31","0","5","3","1","1","5","4","0","0","1","1","4","3","15","234","67","49","10","15","1","6","2","24","92","17","17","7","0","1","1","1","17","93","28","14","11","3","3","0","2","6","29","7","2","2","2","0","0","0","1"
"s25","voters","MORG105","1329","768","239","57","4","4","13","0","5","0","239","632","697","59","11","12","7","63","9","12","9","7","1","4","2","12","3","0","2","42","20","29","3","10","0","7","0","3","0","0","1","8","2","2","0","6","20","27","47","67","50","94","5","32","34","71","90","86","139","1","8","9","8","16","35","57","1","2","6","10","18","24","44","2","12","11","26","28","35","32","3","6","8","13","25","18","20","0","4","3","5","10","8","11","0","2","3","5","8","9","15","442","131","85","25","14","4","10","3","54","117","29","27","10","2","3","3","3","45","134","38","20","16","6","4","2","6","13","58","15","7","1","0","0","0","1","1"
"s25","voters","MORG106","1236","695","232","42","0","7","3","0","7","0","250","582","654","34","4","4","1","54","11","9","1","2","0","3","0","13","0","7","0","36","9","25","4","10","4","9","4","1","0","1","1","6","1","2","0","1","21","15","32","64","49","119","3","30","22","54","62","68","155","0","8","10","7","11","24","59","0","4","5","2","12","25","65","0","12","9","22","23","24","48","2","9","5","17","18","18","43","0","4","1","3","2","7","7","1","5","2","5","5","8","9","386","108","75","24","17","6","5","7","67","104","41","22","5","6","0","4","1","49","136","39","17","17","6","0","5","1","29","41","12","2","2","0","0","0","1","1"
"s25","voters","MORG107","370","204","68","12","0","1","2","0","1","0","82","176","194","2","0","1","0","18","3","7","0","3","2","2","0","12","1","0","0","12","13","22","2","3","0","1","1","0","0","1","0","1","0","0","0","1","7","3","8","16","18","27","3","10","5","16","30","25","35","0","2","0","5","5","15","13","0","0","1","3","5","5","14","0","7","0","5","15","12","11","0","3","0","3","6","12","8","0","0","0","2","1","2","1","0","3","0","0","1","0","6","112","35","21","6","4","1","2","1","22","34","11","8","1","0","1","0","1","12","46","4","12","2","4","4","2","0","8","12","3","1","0","0","0","0","0","0"
"s25","voters","MORG802","49","31","6","0","1","1","1","0","0","0","9","26","23","9","0","2","1","1","1","0","1","0","0","0","0","1","0","0","0","0","0","0","0","0","0","0","1","0","0","1","0","0","0","0","0","0","2","1","1","2","2","9","3","8","1","0","1","1","0","0","0","0","0","1","0","2","1","2","0","0","0","0","0","0","3","1","1","0","0","0","1","1","1","0","0","1","0","0","1","0","0","0","0","0","0","1","0","0","1","0","0","24","2","3","0","0","0","0","0","2","5","0","0","0","0","0","0","0","1","9","0","0","0","0","0","0","0","0","3","0","0","0","0","0","0","0","0"
"s25","voters","MVIE101","894","480","193","55","5","5","9","0","9","0","138","410","484","79","12","23","9","9","3","5","1","0","0","0","0","2","0","0","0","1","0","3","2","0","0","2","0","0","0","0","1","4","5","1","1","1","8","25","35","30","37","49","1","25","35","58","39","50","87","0","4","7","20","24","27","28","0","2","7","11","16","23","24","2","2","11","21","11","10","15","0","8","12","15","18","8","5","0","6","6","8","6","7","10","2","4","8","8","5","9","4","265","69","60","22","16","1","8","2","37","105","30","22","2","10","1","2","2","19","69","26","17","9","3","3","3","1","7","49","17","11","2","2","0","1","1","0"
"s25","voters","MVIE102","5","2","1","1","0","0","0","0","0","0","1","2","3","0","0","0","0","0","0","0","0","0","0","0","0","0","0","0","0","0","0","0","0","0","0","0","0","0","0","0","0","0","0","0","0","0","0","0","0","0","0","0","0","0","0","2","0","0","0","0","0","0","0","0","0","0","0","0","1","0","0","0","0","0","0","0","0","0","1","0","0","0","0","0","0","0","0","0","0","0","1","0","0","0","0","0","0","0","0","0","0","1","1","0","0","0","0","0","0","0","1","0","0","0","0","0","0","0","0","0","1","0","0","0","0","0","0","0","0","0","0","1","0","0","0","0","0"
"s25","voters","MVIE103","22","13","4","1","0","0","0","0","0","0","4","14","8","2","0","2","0","0","0","0","0","0","0","0","0","0","0","0","0","0","0","0","0","0","0","0","0","0","0","0","0","0","0","0","0","1","0","2","0","1","1","2","0","0","1","3","0","2","0","0","0","0","0","0","0","3","0","0","0","0","0","0","1","0","1","0","1","0","1","0","0","0","0","0","1","0","0","0","0","0","1","0","0","0","0","0","0","0","0","0","0","7","1","2","0","1","0","0","0","2","3","0","0","1","0","0","0","0","0","3","0","0","0","0","0","0","1","0","1","0","0","0","0","0","0","0","0"
"s25","voters","MVIE801","1","0","1","0","0","0","0","0","0","0","0","1","0","0","0","0","0","0","0","0","0","0","0","0","0","0","0","0","0","0","0","0","0","0","0","0","0","0","0","0","0","0","0","0","0","0","0","0","0","0","0","0","0","0","0","0","0","0","0","0","0","0","0","0","0","1","0","0","0","0","0","0","0","0","0","0","0","0","0","0","0","0","0","0","0","0","0","0","0","0","0","0","0","0","0","0","0","0","0","0","0","0","0","0","0","0","0","0","0","0","0","0","1","0","0","0","0","0","0","0","0","0","0","0","0","0","0","0","0","0","0","0","0","0","0","0","0"
"s25","voters","NCYN101","411","159","112","10","1","0","4","0","2","0","123","203","208","10","6","6","0","2","2","1","0","1","2","0","0","0","2","3","0","15","24","24","2","49","15","38","3","4","7","1","2","2","3","0","0","0","10","6","6","16","13","20","0","13","3","14","15","22","21","0","5","5","7","11","18","16","0","5","2","4","16","13","10","0","10","3","2","10","25","9","0","5","3","6","25","17","8","0","1","1","0","5","3","1","0","1","1","0","2","2","0","86","35","23","2","3","1","3","1","5","68","13","16","1","3","2","1","1","7","63","24","15","4","7","2","2","1","5","11","3","0","0","0","1","1","0","1"
"s25","voters","NCYN801","2","2","0","0","0","0","0","0","0","0","0","1","1","0","0","0","0","0","0","0","0","0","0","0","0","0","0","0","0","0","0","0","0","2","0","0","0","0","0","0","0","0","0","0","0","0","0","0","1","0","0","0","0","0","0","1","0","0","0","0","0","0","0","0","0","0","0","0","0","0","0","0","0","0","0","0","0","0","0","0","0","0","0","0","0","0","0","0","0","0","0","0","0","0","0","0","0","0","0","0","0","2","0","0","0","0","0","0","0","0","0","0","0","0","0","0","0","0","0","0","0","0","0","0","0","0","0","0","0","0","0","0","0","0","0","0","0"
"s25","voters","NCYN802","0","0","0","0","0","0","0","0","0","0","0","0","0","0","0","0","0","0","0","0","0","0","0","0","0","0","0","0","0","0","0","0","0","0","0","0","0","0","0","0","0","0","0","0","0","0","0","0","0","0","0","0","0","0","0","0","0","0","0","0","0","0","0","0","0","0","0","0","0","0","0","0","0","0","0","0","0","0","0","0","0","0","0","0","0","0","0","0","0","0","0","0","0","0","0","0","0","0","0","0","0","0","0","0","0","0","0","0","0","0","0","0","0","0","0","0","0","0","0","0","0","0","0","0","0","0","0","0","0","0","0","0","0","0","0","0","0"
"s25","voters","NCYN803","4","2","0","1","0","0","0","0","0","0","1","2","2","0","0","0","0","0","0","0","0","0","0","0","0","0","0","0","0","0","0","0","0","0","0","0","0","0","0","0","0","0","0","0","0","0","0","0","0","1","0","0","0","0","0","1","0","0","0","0","0","0","0","0","0","0","0","0","0","0","0","0","0","0","0","0","0","0","0","0","0","0","0","1","0","0","0","0","0","0","1","0","0","0","0","0","0","0","0","0","0","0","0","1","0","0","1","0","0","0","0","0","0","0","0","0","0","0","0","1","0","0","0","0","0","0","0","0","0","1","0","0","0","0","0","0","0"
"s25","voters","NCYN805","2","0","1","0","0","0","0","0","0","0","1","1","1","0","0","0","0","0","0","0","0","0","0","0","0","0","0","0","0","0","0","0","0","0","0","0","0","0","0","0","0","0","0","0","0","0","0","0","0","0","0","0","0","0","0","0","0","0","0","0","0","0","0","0","0","0","0","0","0","0","0","0","1","0","0","0","0","0","0","1","0","0","0","0","0","0","0","0","0","0","0","0","0","0","0","0","0","0","0","0","0","0","0","0","0","0","0","0","0","0","1","0","0","0","0","0","0","0","0","0","0","1","0","0","0","0","0","0","0","0","0","0","0","0","0","0","0"
"s25","voters","NCYN806","0","0","0","0","0","0","0","0","0","0","0","0","0","0","0","0","0","0","0","0","0","0","0","0","0","0","0","0","0","0","0","0","0","0","0","0","0","0","0","0","0","0","0","0","0","0","0","0","0","0","0","0","0","0","0","0","0","0","0","0","0","0","0","0","0","0","0","0","0","0","0","0","0","0","0","0","0","0","0","0","0","0","0","0","0","0","0","0","0","0","0","0","0","0","0","0","0","0","0","0","0","0","0","0","0","0","0","0","0","0","0","0","0","0","0","0","0","0","0","0","0","0","0","0","0","0","0","0","0","0","0","0","0","0","0","0","0"
"s25","voters","NICH801","2","1","1","0","0","0","0","0","0","0","0","1","1","1","1","0","0","0","0","0","0","0","0","0","0","0","0","0","0","0","0","0","0","0","0","0","0","0","0","0","0","0","0","0","0","0","0","0","0","0","0","0","0","0","0","0","0","0","1","0","0","0","0","0","0","1","0","0","0","0","0","0","0","0","0","0","0","0","0","0","0","0","0","0","0","0","0","0","0","0","0","0","0","0","0","0","0","0","0","0","0","0","0","0","0","0","0","0","0","1","0","1","0","0","0","0","0","0","0","0","0","0","0","0","0","0","0","0","0","0","0","0","0","0","0","0","0"
"s25","voters","NRIC101","87","60","7","2","1","0","0","0","1","0","16","30","57","32","5","12","2","0","0","0","0","0","0","0","0","0","0","0","0","0","0","0","0","0","0","0","1","1","0","0","0","0","0","0","0","1","3","2","4","1","4","3","2","7","14","5","3","6","5","0","0","2","2","0","0","0","0","1","1","0","1","0","0","0","0","2","3","1","1","0","1","2","2","2","0","2","0","0","0","0","0","1","0","0","0","1","0","0","1","0","1","36","9","7","2","3","0","0","0","3","6","1","0","0","0","0","0","0","0","12","2","0","1","0","0","0","0","1","3","1","0","0","0","0","0","0","0"
"s25","voters","NRIC102","281","200","33","10","1","1","1","0","0","0","35","123","158","56","14","11","5","1","0","0","0","1","2","0","0","0","0","0","0","0","3","2","0","0","0","1","0","2","6","1","0","6","0","1","0","1","13","10","6","15","21","22","0","14","14","10","24","24","26","0","1","1","3","3","3","3","0","2","2","1","5","3","6","0","1","3","6","2","3","0","0","4","4","1","6","5","0","0","1","1","2","0","2","0","0","2","1","1","1","1","1","99","37","23","16","6","1","3","3","12","23","6","1","0","0","0","0","2","1","20","4","3","2","3","1","0","0","2","7","3","1","1","0","1","0","0","0"
"s25","voters","NRIC103","265","196","24","8","0","0","2","1","1","0","33","107","158","90","7","21","7","2","0","0","0","0","0","0","0","0","0","0","0","0","0","1","0","0","0","0","0","0","4","0","1","3","2","1","0","1","9","12","7","10","10","23","3","25","21","12","10","14","39","0","0","1","3","1","4","4","0","0","1","2","2","2","4","0","4","4","2","1","3","1","0","3","2","4","3","4","2","1","0","1","1","1","1","2","0","2","2","0","0","1","0","105","45","19","9","6","2","1","0","9","15","3","2","1","0","0","0","2","1","25","3","3","0","0","0","1","0","1","7","2","2","0","0","0","1","0","0"
"s25","voters","NRIC804","3","1","2","0","0","0","0","0","0","0","0","1","2","1","2","0","0","0","0","0","0","0","0","0","0","0","0","0","0","0","0","0","0","0","0","0","0","0","0","0","0","0","0","0","0","0","0","0","0","0","0","0","0","0","1","0","0","0","0","0","0","0","0","0","0","1","0","1","0","0","0","0","0","0","0","0","0","0","0","0","0","0","0","0","0","0","0","0","0","0","0","0","0","0","0","0","0","0","0","0","0","0","1","0","0","0","0","0","0","0","1","0","0","1","0","0","0","0","0","0","0","0","0","0","0","0","0","0","0","0","0","0","0","0","0","0","0"
"s25","voters","NRTV101","7","0","4","2","0","1","0","0","0","0","0","4","3","0","0","0","0","0","0","0","0","0","0","0","0","0","0","0","0","0","0","0","0","0","0","0","0","0","0","0","0","0","0","0","0","0","0","0","0","0","0","0","0","0","0","0","0","0","0","0","0","1","0","0","1","0","0","0","0","1","0","0","1","0","0","0","0","0","0","0","0","0","0","0","0","0","0","0","1","0","0","1","0","0","0","0","0","0","0","1","0","0","0","0","0","0","0","0","0","0","0","2","1","0","0","0","0","0","1","0","0","0","0","0","0","0","0","0","2","1","0","0","0","0","0","0","0"
"s25","voters","NRTV801","3","0","3","0","0","0","0","0","0","0","0","1","2","0","0","0","0","0","0","0","0","0","0","0","0","0","0","0","0","0","0","0","0","0","0","0","0","0","0","0","0","0","0","0","0","0","0","0","0","0","0","0","0","0","0","0","0","0","0","0","0","0","0","0","1","0","0","0","0","0","0","1","1","0","0","0","0","0","0","0","0","0","0","0","0","0","0","0","0","0","0","0","0","0","0","0","0","0","0","0","0","0","0","0","0","0","0","0","0","0","1","0","0","1","0","0","0","0","1","0","0","0","0","0","0","0","0","0","0","0","0","0","0","0","0","0","0"
"s25","voters","NRTV802","7","2","4","0","0","0","0","0","0","0","1","3","4","0","1","0","0","0","0","0","0","0","0","0","0","0","0","0","0","0","0","0","0","0","0","0","0","0","0","0","0","0","0","0","0","0","0","0","0","0","0","0","0","0","0","0","1","1","0","0","1","1","0","0","0","0","0","0","0","0","0","0","2","0","0","0","0","1","0","0","0","0","0","0","0","0","0","0","0","0","0","0","0","0","0","0","0","0","0","0","0","0","0","0","1","0","0","0","0","1","4","0","0","0","0","0","0","0","0","1","0","0","0","0","0","0","0","0","0","0","0","0","0","0","0","0","0"
"s25","voters","OKLY101","165","77","47","3","0","1","3","0","2","0","32","81","84","21","6","8","0","1","4","0","1","0","0","0","0","0","0","0","0","0","0","1","0","1","0","0","0","0","0","0","0","9","2","2","0","0","3","2","4","6","9","8","1","7","5","5","10","7","10","0","5","1","3","7","3","5","0","0","0","7","5","7","4","1","2","2","4","6","4","2","1","2","1","1","4","1","1","0","0","0","1","3","0","0","0","1","1","2","1","0","0","37","19","12","2","0","0","1","2","4","32","2","5","1","1","0","1","0","5","14","8","3","2","3","1","0","0","1","4","2","1","0","0","0","1","0","1"
"s25","voters","OKLY102","221","98","83","9","1","2","7","0","0","0","21","97","124","26","7","5","5","1","2","1","0","0","0","0","0","0","0","0","0","0","0","0","0","0","3","0","0","0","0","0","0","5","2","0","0","0","0","3","5","3","9","15","0","7","6","7","8","19","16","0","2","1","6","9","12","13","0","3","6","6","7","9","9","0","0","2","2","2","3","1","1","2","1","4","0","2","1","0","1","3","1","1","1","2","0","1","3","0","0","4","2","52","24","7","0","1","0","1","5","8","49","16","8","5","0","1","0","0","4","9","4","2","2","1","1","1","0","1","9","6","3","0","0","0","0","0","1"
"s25","voters","OKLY103","242","136","55","8","1","2","2","0","0","0","38","122","120","36","12","8","3","3","1","1","2","0","0","0","0","0","0","0","0","2","0","1","0","3","0","1","0","0","1","0","0","0","2","3","0","1","7","7","11","13","14","13","3","5","5","11","14","13","19","0","3","3","7","7","4","3","1","0","3","13","4","4","3","0","1","4","3","7","5","2","0","6","3","3","0","2","2","0","1","4","1","1","0","0","0","1","0","4","1","0","0","69","23","20","9","3","1","3","4","4","37","9","7","0","1","0","0","0","1","19","5","5","5","1","0","2","0","1","9","2","1","0","0","1","0","0","0"
"s25","voters","OKLY104","613","348","157","24","5","1","1","0","1","0","76","257","356","94","30","15","5","6","4","4","1","1","1","0","0","0","0","0","0","2","2","0","0","9","3","2","0","2","0","0","1","9","1","3","0","0","13","15","20","16","20","39","2","23","28","26","27","28","91","1","8","8","10","8","15","33","0","3","5","14","5","17","30","0","2","7","9","3","4","11","2","5","5","5","5","5","13","0","0","1","3","3","4","4","0","1","1","1","4","5","5","231","51","35","1","11","1","3","3","12","98","25","15","5","8","0","2","0","4","39","15","9","6","3","0","1","1","2","22","6","1","0","2","0","0","0","1"
"s25","voters","OKLY105","288","135","106","10","0","2","7","0","1","0","27","127","161","32","12","5","5","3","3","1","1","1","0","0","0","0","0","0","0","3","3","0","0","2","0","0","0","0","0","0","0","10","8","1","1","0","5","6","18","3","7","10","1","10","17","12","14","15","17","0","4","6","7","12","10","15","1","1","8","7","13","11","11","0","1","5","4","0","3","0","0","1","6","4","1","1","1","0","0","1","2","3","4","1","0","2","3","2","0","1","1","90","25","5","6","2","0","1","1","5","60","22","13","2","2","0","0","0","7","20","3","0","0","2","0","0","0","2","15","3","1","1","0","0","0","0","0"
"s25","voters","OKLY106","400","192","115","24","1","1","1","0","2","0","64","181","219","65","21","17","6","2","5","1","1","0","0","0","0","0","0","0","0","1","4","7","0","4","0","1","0","0","1","0","0","1","0","3","0","0","3","6","19","11","19","19","0","11","11","24","14","23","32","0","5","8","11","5","16","9","0","4","8","12","12","9","16","0","5","1","5","8","8","6","0","3","4","4","7","4","9","1","2","0","6","2","3","3","0","2","1","5","1","2","1","123","26","20","9","3","2","0","0","9","76","20","11","2","2","0","2","0","2","33","18","2","5","2","0","1","1","2","25","3","1","0","0","0","0","0","0"
"s25","voters","OKLY107","612","276","208","33","0","3","4","0","2","0","86","296","316","84","28","18","4","9","4","1","0","0","0","0","0","0","0","0","0","4","3","2","0","7","5","1","0","1","1","2","1","4","3","2","0","1","12","7","5","19","43","35","1","17","18","14","28","33","43","0","10","8","12","16","37","31","0","5","10","12","18","29","20","0","6","2","3","15","8","3","0","8","2","9","15","9","6","0","1","6","3","3","7","3","0","2","3","2","5","4","3","136","50","40","7","4","2","3","5","29","104","30","32","7","6","0","1","4","24","41","15","19","2","2","0","0","0","7","19","10","9","2","0","0","2","0","0"
"s25","voters","OKLY108","183","67","73","10","2","1","2","0","1","0","27","85","98","20","10","4","5","3","1","0","1","1","0","0","0","0","0","0","0","0","0","0","0","0","3","0","0","0","0","0","0","0","1","0","0","0","2","3","5","5","1","13","0","3","1","5","9","12","8","0","2","3","6","3","13","8","0","3","1","4","4","14","12","1","4","4","2","1","2","1","0","3","2","3","3","0","1","0","0","1","1","3","1","0","1","1","0","3","1","1","3","35","8","4","5","3","1","0","2","9","41","5","13","4","3","0","0","1","6","20","2","0","1","0","0","2","0","2","10","3","2","0","0","0","0","0","1"
"s25","voters","OKLY109","829","460","160","33","0","4","6","0","5","0","161","351","478","91","36","39","12","9","1","5","2","4","0","1","0","2","0","0","0","6","4","5","1","6","1","10","2","7","1","0","0","41","20","17","0","1","17","21","32","37","44","20","2","24","43","83","52","47","37","0","3","8","32","17","8","7","2","3","21","28","17","7","7","2","4","14","23","16","12","8","2","8","18","25","13","8","8","1","1","7","8","5","1","2","0","4","6","4","4","0","5","286","139","26","6","1","0","1","0","1","114","35","9","1","1","0","0","0","0","107","42","11","0","0","0","1","0","0","30","11","5","1","1","0","0","0","0"
"s25","voters","OKLY110","649","345","152","35","5","4","5","0","4","0","99","290","359","155","30","36","12","7","3","2","3","1","0","0","0","0","1","1","0","0","0","0","0","6","2","2","0","3","1","0","0","14","7","5","0","1","8","28","22","15","29","33","2","24","25","33","32","39","54","0","9","15","11","11","11","22","0","4","8","17","13","6","25","0","6","10","15","6","9","5","1","7","13","9","7","5","6","0","1","2","4","8","4","5","0","4","4","9","2","4","6","177","74","40","6","5","2","7","15","19","95","12","26","3","6","0","0","0","10","48","18","19","4","2","0","3","1","4","37","9","3","1","1","0","1","1","0"
"s25","voters","OKLY111","831","382","292","33","3","6","3","0","4","0","108","406","425","101","36","28","13","8","8","2","0","0","0","0","0","0","0","0","0","2","1","0","2","4","0","0","0","0","0","3","0","2","3","0","0","2","9","16","28","18","28","62","0","19","20","22","30","54","74","3","9","20","19","29","35","39","0","3","7","24","22","39","43","0","8","7","7","7","9","21","1","2","7","11","11","8","9","0","2","7","3","2","7","9","0","3","0","5","3","3","5","196","61","45","13","6","2","6","5","48","164","56","40","6","8","0","0","1","17","55","15","19","5","2","1","0","0","11","26","9","8","2","2","1","1","0","0"
"s25","voters","OKLY112","433","253","112","16","1","1","3","0","1","0","46","174","259","92","26","11","6","8","3","1","0","0","0","0","0","0","0","0","0","0","0","0","0","0","0","0","0","0","1","0","0","1","4","1","3","0","9","14","11","6","16","41","1","5","8","14","15","26","87","1","4","4","10","5","9","14","1","3","2","8","5","16","30","0","0","2","4","5","5","8","0","1","3","2","3","5","8","0","1","1","1","1","1","1","0","1","3","3","1","3","5","142","48","27","9","7","0","3","5","12","59","29","10","2","0","0","3","1","8","29","6","4","1","0","0","0","0","6","17","4","0","1","0","0","0","0","0"
"s25","voters","OKLY113","179","88","53","11","1","0","4","0","2","0","20","80","99","34","1","3","5","0","1","0","2","0","0","0","0","1","0","0","0","0","0","0","0","0","0","0","0","0","0","0","0","0","0","0","0","0","2","5","5","4","7","11","0","4","10","6","6","11","17","0","3","3","1","5","10","4","0","2","0","4","9","7","5","0","1","2","2","2","0","4","0","1","1","3","2","1","1","0","3","3","2","0","1","0","0","1","2","1","1","0","4","37","21","12","2","1","0","1","4","10","31","6","8","2","0","0","0","0","6","10","4","3","0","0","1","0","0","2","12","0","6","0","0","0","0","0","0"
"s25","voters","OKLY114","457","205","145","29","1","2","6","0","1","0","68","207","250","70","18","29","8","5","8","2","3","0","0","0","0","0","0","0","0","2","1","0","0","2","0","0","0","1","0","0","1","11","4","2","1","1","4","6","19","7","20","27","1","17","14","21","16","19","33","0","2","12","10","10","26","17","0","1","7","11","8","21","20","1","4","0","10","4","1","6","1","7","9","8","8","4","5","0","1","2","3","7","4","3","0","1","2","6","5","3","2","109","41","20","6","7","1","2","3","16","79","22","24","3","4","1","0","2","10","38","10","3","7","2","1","2","0","5","26","5","4","1","1","1","0","0","1"
"s25","voters","OKLY115","86","44","25","2","0","1","0","0","0","0","14","37","49","18","5","2","0","1","1","1","0","0","1","0","0","0","0","0","0","1","0","0","0","0","0","0","0","1","1","2","0","2","0","1","0","0","0","6","1","2","2","5","0","0","11","2","4","5","6","0","1","0","2","3","2","5","0","1","1","2","1","5","2","0","1","2","1","0","0","3","0","0","2","3","0","0","2","0","0","1","0","0","0","0","0","0","1","0","0","1","0","42","1","1","0","0","0","0","0","0","23","0","1","0","0","0","0","0","1","14","0","0","0","0","0","0","0","0","2","0","0","1","0","0","0","0","0"
"s25","voters","OKLY116","710","351","222","32","2","1","4","0","2","0","96","328","382","103","39","26","9","4","3","3","0","4","0","0","0","1","2","0","0","3","1","0","0","4","0","2","0","5","0","0","0","16","17","4","1","1","11","16","28","36","25","24","2","26","28","36","48","26","44","2","8","9","24","32","25","17","0","4","13","26","25","17","20","0","7","8","8","6","8","7","0","10","8","12","7","9","6","1","4","2","6","8","2","3","0","2","1","6","2","2","2","202","56","42","14","8","0","6","4","19","138","53","15","3","3","0","0","1","9","43","21","14","5","1","1","1","0","10","24","10","4","0","1","0","1","0","1"
"s25","voters","OKLY117","41","22","14","0","0","0","0","0","0","0","5","19","22","2","0","0","0","0","0","0","0","0","0","0","0","0","0","0","0","0","0","0","0","2","0","0","0","0","1","0","0","0","0","0","0","2","0","2","0","2","2","1","0","2","0","1","3","3","4","0","0","2","0","1","2","2","0","1","0","0","1","2","3","0","2","0","0","1","0","0","0","0","0","0","1","1","0","0","0","0","0","0","0","0","0","0","0","0","0","0","0","11","1","1","3","0","1","0","1","4","8","0","2","0","1","0","1","0","2","3","0","0","1","0","0","0","0","1","0","0","0","0","0","0","0","0","0"
"s25","voters","OKLY118","40","13","20","4","0","0","0","0","0","0","3","17","23","5","3","1","0","0","0","0","0","0","0","0","0","0","0","0","0","0","0","0","0","0","0","0","0","0","0","0","0","0","0","0","0","0","0","0","0","2","0","2","0","1","2","1","1","3","1","0","0","1","1","0","3","6","0","1","0","1","0","3","4","0","0","0","0","0","1","0","0","0","0","1","1","0","0","0","0","0","0","0","1","0","0","0","0","0","1","0","2","4","1","2","0","0","0","0","0","6","12","2","2","1","0","1","0","0","2","0","2","0","1","0","0","0","0","0","1","2","1","0","0","0","0","0","0"
"s25","voters","OKLY119","23","11","8","1","0","0","0","0","1","0","2","11","12","2","0","0","0","0","0","0","0","0","0","0","0","0","0","0","0","0","0","0","0","0","0","0","0","0","0","0","0","1","1","1","0","0","0","1","0","1","1","2","0","1","0","0","4","0","1","0","0","0","0","1","0","2","0","0","0","2","0","1","2","0","1","0","1","0","0","0","0","0","0","0","0","0","0","0","0","0","0","0","0","1","0","0","0","0","0","1","0","9","2","0","0","0","0","0","0","0","7","1","0","0","0","0","0","0","0","2","0","0","0","0","0","0","0","0","2","0","0","0","0","0","0","0","0"
"s25","voters","OKLY120","268","155","41","12","1","0","2","0","2","0","55","109","159","38","8","11","2","3","0","3","1","0","0","4","0","0","0","0","0","1","0","1","0","2","0","1","0","0","0","2","0","5","4","9","1","0","3","4","11","16","12","7","0","8","19","25","20","17","13","0","0","4","3","8","1","2","0","2","5","4","3","5","4","1","3","3","5","6","3","6","2","2","1","5","6","8","4","0","2","1","4","1","2","1","0","0","0","2","2","1","1","92","25","25","11","2","0","0","0","0","24","11","4","2","0","0","0","0","0","34","8","7","6","0","0","0","0","0","5","9","3","0","0","0","0","0","0"
"s25","voters","OKLY121","286","137","92","14","0","0","1","0","1","0","41","128","158","49","11","8","3","3","4","2","0","0","0","0","0","0","0","0","0","0","0","0","0","0","0","0","0","0","0","0","0","0","2","0","1","1","6","6","5","9","11","15","0","11","12","14","7","17","23","0","1","3","8","4","13","19","1","1","3","7","8","12","12","0","0","3","5","6","2","5","0","4","1","7","4","2","2","0","0","0","0","3","1","2","0","2","1","1","1","3","2","78","23","16","4","3","0","2","2","9","53","12","15","0","4","0","1","0","7","28","5","5","0","2","0","0","0","1","12","3","0","0","1","0","0","0","0"
"s25","voters","OKLY122","193","91","64","8","0","2","2","0","0","0","26","93","100","25","12","7","2","4","3","0","2","0","0","0","0","0","0","0","0","0","0","0","0","0","0","0","0","0","1","0","0","4","0","0","0","0","3","4","2","8","5","12","0","1","11","8","8","15","14","0","1","5","11","5","13","6","0","0","2","6","4","5","6","0","2","1","4","0","1","4","0","1","4","4","1","2","2","0","0","2","2","0","1","1","0","0","1","1","1","2","1","44","16","12","3","4","1","0","2","9","32","14","7","2","0","0","0","0","9","16","3","3","1","1","0","0","1","1","8","2","2","0","0","0","0","0","0"
"s25","voters","OKLY123","338","160","98","21","1","2","3","0","3","0","50","145","193","47","21","9","6","7","1","0","0","0","0","0","0","2","0","0","0","4","0","1","0","0","0","0","0","0","0","0","0","5","1","6","0","0","5","9","9","7","7","19","0","8","11","17","17","24","27","1","2","4","9","9","17","6","0","3","5","8","7","18","9","0","5","6","4","7","4","4","1","4","3","6","2","4","0","0","1","0","3","1","2","4","1","3","3","2","1","4","5","80","30","22","2","2","1","2","4","17","57","13","10","4","1","1","0","1","11","23","6","8","5","2","0","0","1","5","24","4","2","0","0","0","0","0","0"
"s25","voters","OKLY124","385","182","107","26","1","1","5","0","2","0","61","174","211","65","16","13","5","1","3","0","0","0","0","0","0","0","1","0","0","2","2","0","0","0","1","0","1","0","0","0","0","3","0","0","0","0","7","8","10","10","10","29","4","16","14","23","12","17","22","0","2","8","6","10","15","12","0","4","8","8","8","13","13","1","0","1","10","3","7","7","1","6","4","6","7","4","4","0","2","2","4","2","5","3","0","1","2","4","5","1","4","111","27","17","2","4","0","1","9","11","59","14","23","2","1","0","0","0","8","28","6","12","6","3","1","0","1","4","20","8","6","0","1","0","0","0","0"
"s25","voters","OKLY125","79","40","22","5","1","0","2","0","0","0","9","38","41","16","4","2","2","0","2","0","0","0","0","0","0","0","0","0","0","0","0","0","0","0","0","0","0","0","0","0","0","0","0","0","0","0","2","1","5","2","4","5","0","1","4","5","2","4","5","0","0","2","1","1","2","3","0","1","3","0","2","3","4","0","1","1","1","0","2","0","0","2","0","0","1","1","0","0","1","0","0","1","1","2","0","1","1","0","0","0","1","23","5","7","1","0","0","0","0","4","13","3","3","0","1","0","0","0","2","6","0","0","0","0","1","0","0","2","5","2","1","0","0","0","0","0","0"
"s25","voters","OKLY126","444","233","130","19","2","1","6","0","1","0","52","206","238","106","30","17","9","8","1","0","0","0","0","0","0","0","0","0","0","2","0","0","0","2","0","0","0","2","0","0","0","6","2","2","0","0","8","9","9","15","18","28","2","14","15","23","30","21","41","1","5","3","13","19","13","15","1","2","8","15","8","12","15","0","4","7","11","6","2","6","0","3","3","2","3","2","3","0","1","2","4","3","2","2","0","1","2","2","2","6","2","129","36","30","7","5","0","0","5","21","80","15","21","4","3","0","1","0","6","26","9","7","3","3","0","0","0","4","16","7","3","2","1","0","0","0","0"
"s25","voters","OKLY127","633","297","178","29","1","2","4","0","3","0","119","281","352","91","35","32","4","4","4","0","2","1","2","1","0","1","1","0","1","3","3","3","0","9","1","0","0","2","2","3","1","11","5","10","2","0","12","8","13","29","29","22","2","22","14","27","43","35","41","0","7","6","13","21","18","25","0","3","6","13","27","15","24","2","3","8","11","19","12","5","1","7","9","8","15","9","10","1","1","2","4","5","4","1","0","2","1","3","8","4","3","152","51","48","9","11","4","2","5","15","99","28","32","3","5","0","3","3","5","75","16","12","5","3","2","3","1","2","24","7","5","1","2","0","0","0","0"
"s25","voters","OKLY128","30","21","6","1","0","0","0","0","0","0","2","13","17","8","0","0","0","0","1","0","0","0","0","0","0","0","0","0","0","0","0","0","0","0","0","0","0","0","0","0","0","0","0","0","0","0","0","0","1","2","2","3","0","2","3","1","3","0","4","0","0","2","0","0","0","1","0","0","0","1","0","1","1","0","0","0","0","0","0","1","0","0","1","0","0","0","0","0","0","0","1","0","0","0","0","0","0","0","0","0","0","7","5","1","1","2","0","0","0","5","3","2","0","1","0","0","0","0","0","1","0","1","0","0","0","0","0","0","0","0","0","0","0","0","0","0","1"
"s25","voters","OKLY129","359","168","103","12","0","1","5","0","1","0","69","166","193","76","23","26","5","1","3","2","1","0","0","0","0","0","0","1","0","1","1","0","0","0","2","1","0","0","0","0","0","7","1","4","0","0","5","5","7","15","19","15","1","17","15","10","16","23","20","2","4","3","6","12","19","11","0","6","5","3","11","15","6","0","7","5","9","5","5","3","1","7","6","6","8","5","2","0","4","1","1","1","2","0","0","3","0","2","3","1","1","86","16","35","4","3","2","1","2","19","71","12","10","1","5","0","0","0","4","36","10","6","7","4","0","2","0","4","8","4","4","0","1","0","0","0","2"
"s25","voters","OKLY130","505","210","178","28","3","2","8","0","0","0","76","232","273","66","18","21","8","4","6","1","0","0","0","0","0","2","0","0","0","1","1","1","0","1","0","0","0","0","2","0","0","0","3","2","0","0","9","5","13","10","10","32","0","13","18","23","14","22","41","0","8","5","11","15","19","35","0","6","3","7","13","28","28","0","4","7","9","9","6","7","1","4","7","10","3","2","7","0","0","3","6","2","3","4","0","1","2","4","3","6","7","108","37","30","8","6","1","1","4","15","94","26","31","4","3","0","2","2","16","36","14","14","4","2","1","2","1","2","24","7","7","1","2","0","0","0","0"
"s25","voters","OKLY131","637","329","157","34","1","6","6","0","1","0","103","287","350","58","33","16","7","10","0","0","2","1","1","0","0","2","4","0","0","1","1","2","0","7","3","1","4","0","3","1","0","17","2","8","0","0","2","13","21","26","30","36","1","14","14","40","36","35","61","0","6","3","25","17","17","17","1","1","7","27","18","9","9","1","4","6","12","12","7","8","0","9","4","14","13","8","5","0","2","2","4","6","8","2","2","3","2","4","4","4","5","179","64","30","9","16","6","10","1","14","87","29","23","3","4","3","1","1","6","58","18","13","4","4","3","1","1","1","33","9","3","3","0","0","0","0","0"
"s25","voters","OKLY132","19","9","5","4","0","0","0","0","0","0","1","10","9","3","0","0","0","0","0","0","0","0","0","0","0","0","0","0","0","0","0","0","0","0","0","0","0","0","0","0","0","0","0","0","0","0","0","0","0","1","0","4","0","0","0","3","0","0","1","0","0","0","1","0","1","1","0","0","0","0","0","1","1","0","0","0","0","0","0","0","0","0","0","0","1","0","0","0","0","0","0","0","1","1","0","0","0","0","0","1","1","4","2","2","0","0","0","1","0","0","2","0","1","0","0","0","0","0","2","0","0","1","0","0","0","0","0","0","2","0","2","0","0","0","0","0","0"
"s25","voters","OKLY133","338","161","91","23","2","0","4","0","1","0","56","151","187","59","14","9","6","0","3","1","0","0","0","0","0","0","0","0","0","0","1","2","0","0","0","1","0","0","0","0","0","2","1","3","2","0","1","8","10","5","10","20","1","7","21","24","12","21","21","1","1","5","5","8","14","13","0","1","2","11","8","14","8","0","2","3","8","9","4","5","0","3","4","6","4","6","2","0","3","4","4","4","1","3","0","2","1","1","3","2","2","80","39","15","4","8","0","1","4","10","49","10","11","3","4","0","1","2","11","30","8","9","3","1","2","0","0","3","15","5","8","0","0","1","0","0","1"
"s25","voters","OKLY134","273","142","72","9","3","1","2","0","1","0","43","134","139","43","10","11","3","0","3","0","1","1","0","0","0","0","0","0","0","1","2","3","1","6","6","6","0","0","7","0","0","11","2","2","0","3","12","8","5","9","17","9","0","11","8","16","12","16","16","1","2","5","9","8","10","5","0","3","2","9","7","7","4","0","2","5","4","7","4","3","0","2","5","5","4","0","2","0","2","1","0","3","0","0","0","2","2","4","1","0","1","70","27","13","3","6","1","5","6","11","37","18","5","1","2","1","2","1","5","19","11","6","4","1","1","0","0","1","14","1","1","0","0","0","0","0","0"
"s25","voters","OKLY135","846","351","319","52","1","3","7","0","1","0","112","401","445","96","49","35","16","2","11","2","1","0","1","0","0","3","2","0","0","7","2","1","0","3","1","0","0","0","0","0","0","6","3","1","2","1","4","14","10","18","41","63","2","13","20","20","22","39","84","1","8","13","25","31","46","49","0","5","10","23","19","41","48","0","5","7","11","8","8","10","0","8","5","13","14","10","13","0","4","2","5","4","9","4","0","6","6","5","4","4","11","201","52","39","9","8","2","1","5","34","181","51","39","9","9","0","3","3","24","53","13","17","10","10","0","2","1","6","43","8","7","1","1","0","3","0","1"
"s25","voters","OKLY136","592","286","187","33","3","0","8","0","1","0","74","275","317","49","39","18","8","10","10","0","0","0","0","0","0","0","0","0","0","5","2","1","1","2","1","1","1","2","0","1","0","12","5","5","2","1","11","10","10","23","27","32","0","21","22","19","26","42","42","2","12","5","13","18","23","23","0","10","11","14","15","23","18","2","3","9","9","6","6","7","0","3","3","9","3","7","7","0","3","3","4","4","4","5","0","2","3","2","6","2","7","162","59","27","5","6","0","3","3","21","118","28","15","5","3","0","1","3","14","41","15","8","6","0","0","0","2","2","28","6","4","1","0","0","0","0","6"
"s25","voters","OKLY137","721","412","151","27","2","4","4","0","4","0","117","308","413","134","28","24","12","8","1","2","0","0","0","1","0","1","0","1","0","1","0","0","0","1","0","1","0","1","2","0","0","13","3","3","0","1","11","16","25","31","33","40","3","29","29","46","56","54","38","0","6","9","18","16","16","13","1","4","4","17","10","20","17","2","7","7","11","11","12","5","0","15","7","16","10","8","6","0","1","2","5","4","4","2","0","4","3","6","2","5","3","180","95","63","17","20","0","8","10","19","83","21","22","13","4","1","0","1","6","60","22","16","9","3","0","2","0","5","23","13","2","1","1","0","0","1","0"
"s25","voters","OKLY138","130","78","22","4","1","2","0","0","1","0","22","54","76","26","5","6","2","0","0","0","0","0","0","0","0","0","0","0","0","0","0","0","0","5","1","1","0","1","1","0","0","0","2","3","0","0","9","3","4","6","6","4","1","12","2","9","8","3","11","0","0","4","0","3","2","3","1","0","1","3","2","1","2","1","1","1","4","1","0","0","1","0","2","5","2","2","2","0","0","0","1","0","1","0","0","2","1","2","0","1","0","52","6","7","3","6","0","0","2","2","15","3","3","0","1","0","0","0","0","12","1","3","2","0","0","0","1","3","7","0","0","0","1","0","0","0","0"
"s25","voters","OKLY801","4","2","2","0","0","0","0","0","0","0","0","1","3","2","0","0","0","0","0","0","0","0","0","0","0","0","0","0","0","0","0","0","0","0","0","0","0","0","0","0","0","0","0","0","0","0","0","0","0","0","0","0","0","0","1","1","0","0","0","0","0","0","0","1","0","0","0","0","0","0","1","0","0","0","0","0","0","0","0","0","0","0","0","0","0","0","0","0","0","0","0","0","0","0","0","0","0","0","0","0","0","0","0","2","0","0","0","0","0","0","0","0","0","1","0","0","0","0","1","0","0","0","0","0","0","0","0","0","0","0","0","0","0","0","0","0","0"
"s25","voters","OKLY803","0","0","0","0","0","0","0","0","0","0","0","0","0","0","0","0","0","0","0","0","0","0","0","0","0","0","0","0","0","0","0","0","0","0","0","0","0","0","0","0","0","0","0","0","0","0","0","0","0","0","0","0","0","0","0","0","0","0","0","0","0","0","0","0","0","0","0","0","0","0","0","0","0","0","0","0","0","0","0","0","0","0","0","0","0","0","0","0","0","0","0","0","0","0","0","0","0","0","0","0","0","0","0","0","0","0","0","0","0","0","0","0","0","0","0","0","0","0","0","0","0","0","0","0","0","0","0","0","0","0","0","0","0","0","0","0","0"
"s25","voters","OKLY804","2","2","0","0","0","0","0","0","0","0","0","1","1","0","0","0","0","1","0","0","0","0","0","0","0","0","0","0","0","0","0","0","0","0","0","0","0","0","0","0","0","0","0","0","0","0","0","0","0","0","1","0","0","0","0","1","0","0","0","0","0","0","0","0","0","0","0","0","0","0","0","0","0","0","0","0","0","0","0","0","0","0","0","0","0","0","0","0","0","0","0","0","0","0","0","0","0","0","0","0","0","2","0","0","0","0","0","0","0","0","0","0","0","0","0","0","0","0","0","0","0","0","0","0","0","0","0","0","0","0","0","0","0","0","0","0","0"
"s25","voters","OKLY805","4","4","0","0","0","0","0","0","0","0","0","2","2","0","0","0","0","0","0","0","0","0","0","0","0","0","0","0","0","0","0","0","0","0","0","0","0","0","0","0","0","0","0","0","0","0","0","0","0","0","1","1","0","0","1","0","0","0","1","0","0","0","0","0","0","0","0","0","0","0","0","0","0","0","0","0","0","0","0","0","0","0","0","0","0","0","0","0","0","0","0","0","0","0","0","0","0","0","0","0","0","2","0","1","0","0","0","0","0","1","0","0","0","0","0","0","0","0","0","0","0","0","0","0","0","0","0","0","0","0","0","0","0","0","0","0","0"
"s25","voters","OLEU101","24","9","13","0","0","0","0","0","0","0","2","13","11","0","3","0","0","2","0","0","0","0","0","0","0","0","0","0","0","0","0","0","0","0","0","0","0","0","0","0","0","0","0","0","0","0","0","0","0","0","0","4","0","0","0","0","0","1","4","0","1","0","1","1","2","2","0","0","0","1","0","1","4","0","0","0","0","1","0","1","0","0","0","0","0","0","0","0","0","0","0","0","0","0","0","0","0","0","0","0","0","4","2","0","0","1","0","0","0","2","8","4","1","0","0","0","0","0","0","1","0","0","1","0","0","0","0","0","0","0","0","0","0","0","0","0","0"
"s25","voters","OLEU802","1","0","1","0","0","0","0","0","0","0","0","0","1","0","0","0","0","0","0","0","0","0","0","0","0","0","0","0","0","0","0","0","0","0","0","0","0","0","0","0","0","0","0","0","0","0","0","0","0","0","0","0","0","0","0","0","0","0","0","0","0","0","0","0","0","0","0","0","0","0","0","0","1","0","0","0","0","0","0","0","0","0","0","0","0","0","0","0","0","0","0","0","0","0","0","0","0","0","0","0","0","0","0","0","0","0","0","0","0","0","1","0","0","0","0","0","0","0","0","0","0","0","0","0","0","0","0","0","0","0","0","0","0","0","0","0","0"
"s25","voters","OLEU803","3","1","0","0","0","0","0","0","0","0","2","1","2","0","0","0","0","0","0","0","0","0","0","0","0","0","0","0","0","0","0","0","0","0","0","0","0","0","0","0","0","0","0","0","0","0","0","0","0","0","0","0","0","0","0","0","0","0","1","0","0","0","0","0","0","0","0","0","0","0","0","0","0","0","0","0","0","0","0","1","0","0","0","1","0","0","0","0","0","0","0","0","0","0","0","0","0","0","0","0","0","0","0","1","0","0","0","0","0","0","0","0","0","0","0","0","0","0","0","2","0","0","0","0","0","0","0","0","0","0","0","0","0","0","0","0","0"
"s25","voters","ORDA101","1983","1200","321","60","3","8","14","0","2","0","375","964","1019","42","5","9","3","103","15","23","7","14","1","3","0","14","3","6","0","78","30","46","2","23","0","7","0","2","1","5","1","14","1","1","0","7","20","34","86","108","77","189","7","33","34","120","128","107","250","0","5","12","13","28","40","87","0","5","5","13","16","28","69","2","15","15","24","64","44","52","3","7","5","23","35","35","51","1","2","2","4","8","11","14","2","1","4","5","6","11","16","647","214","146","30","23","7","9","2","122","155","45","26","11","7","3","4","4","66","179","48","46","33","11","5","6","5","42","55","11","4","4","4","2","0","0","7"
"s25","voters","ORDA102","1380","891","179","36","1","4","8","0","4","0","257","673","707","40","4","7","1","42","8","17","2","18","5","5","0","14","3","2","1","73","17","31","6","38","3","5","1","12","0","1","1","6","0","6","0","0","15","23","80","85","70","125","8","33","30","119","116","72","115","1","3","2","9","25","27","33","0","1","2","9","14","13","40","2","8","7","34","36","32","29","3","7","4","28","18","21","28","1","3","0","1","8","6","8","0","2","2","5","4","6","7","500","165","108","24","22","2","3","8","59","96","28","18","5","4","1","1","1","25","131","50","35","15","7","0","3","2","14","31","11","6","2","1","0","0","0","2"
"s25","voters","ORDA103","50","32","8","0","0","0","0","1","0","0","9","25","25","0","0","0","0","3","0","0","1","1","0","0","0","0","0","0","0","0","1","0","0","0","0","0","0","0","0","0","0","0","0","0","0","1","2","0","1","2","3","5","1","0","0","2","6","4","5","0","0","0","0","1","2","0","0","1","0","1","1","2","0","0","1","0","3","1","1","1","1","0","0","0","1","0","0","0","0","0","0","0","0","1","0","0","0","0","0","0","0","20","6","2","0","0","0","1","0","3","6","1","1","0","0","0","0","0","0","3","2","3","1","0","0","0","0","0","0","0","0","0","0","0","0","0","1"
"s25","voters","ORDA104","38","21","5","3","0","0","1","0","0","0","8","22","16","0","0","0","0","1","1","4","0","0","0","0","0","0","0","0","0","0","0","0","0","0","0","0","0","0","0","0","0","0","0","0","0","0","0","1","1","1","0","7","0","0","0","1","2","1","7","0","0","0","2","0","0","2","0","0","0","0","0","1","0","1","0","0","1","2","1","0","0","1","0","1","0","1","0","0","0","0","0","0","1","2","0","0","0","0","0","0","1","8","5","2","0","2","0","1","0","3","3","0","0","0","0","0","1","0","1","4","2","1","0","0","0","0","0","1","2","2","0","0","0","0","0","0","0"
"s25","voters","ORDA105","2346","1429","396","74","1","14","17","0","5","0","410","1108","1238","53","16","24","1","106","16","24","2","10","1","6","0","6","2","3","0","59","13","25","6","32","4","10","5","15","1","1","1","4","1","2","0","2","25","34","85","113","121","228","4","54","47","127","142","164","283","1","12","8","21","27","52","90","1","8","7","13","18","54","84","1","13","13","36","56","56","64","4","6","12","31","46","33","39","0","4","4","5","12","11","14","0","3","2","11","9","16","20","800","237","157","36","38","8","13","8","132","205","56","43","11","6","5","1","3","66","236","56","46","14","21","3","5","4","25","76","23","8","0","1","0","0","0","3"
"s25","voters","ORDA106","675","379","148","23","0","1","2","0","3","0","119","284","391","15","5","4","2","32","8","9","1","6","0","6","0","0","0","0","0","34","10","21","0","11","4","1","0","0","3","2","0","6","1","2","1","2","8","6","15","20","25","73","1","20","9","22","37","29","112","2","3","4","2","4","6","40","0","1","3","1","8","10","64","0","1","1","6","7","12","30","0","3","1","5","7","11","35","1","1","1","1","0","4","9","0","2","0","0","3","1","6","224","67","32","12","12","5","5","1","21","85","24","13","6","1","0","0","1","18","57","17","12","6","3","2","1","1","20","24","2","2","0","0","0","0","0","1"
"s25","voters","ORDA107","1188","719","186","26","2","3","12","0","3","0","237","569","619","26","0","5","1","59","6","11","5","8","2","1","0","9","1","2","0","48","6","30","3","9","0","11","0","4","2","2","0","3","1","3","0","3","22","25","42","56","46","112","4","27","26","63","82","76","135","2","4","2","5","11","27","45","0","2","0","9","13","21","45","0","15","9","20","26","35","37","2","6","8","16","21","11","31","1","0","3","3","8","5","5","0","3","2","0","7","5","4","378","110","87","31","15","7","8","7","76","78","32","12","5","4","1","3","2","49","138","38","19","11","8","4","2","0","17","33","6","3","3","1","0","0","0","0"
"s25","voters","ORDA108","1377","765","294","34","1","10","13","0","3","1","256","653","724","29","4","8","1","76","15","19","5","2","0","5","0","14","1","2","0","18","8","21","2","22","0","12","3","0","0","3","0","6","1","2","2","4","19","16","42","52","59","118","8","29","26","48","80","85","179","0","11","5","11","16","34","84","1","4","2","9","18","28","71","1","13","2","17","36","36","44","0","11","5","19","27","18","27","0","2","0","1","7","9","14","0","3","2","3","6","5","10","416","148","91","25","15","3","7","5","55","145","29","30","9","9","2","9","2","59","129","41","32","9","12","0","4","3","26","32","10","11","2","2","0","1","0","4"
"s25","voters","ORDA109","1067","693","162","21","1","1","3","0","3","0","183","497","570","36","4","4","0","73","6","6","3","10","0","1","0","15","1","1","1","58","15","26","1","6","0","2","1","6","0","0","1","7","0","1","0","1","19","20","34","54","43","113","3","31","23","50","76","80","146","1","10","3","9","13","13","35","0","1","1","3","14","15","44","1","8","5","18","26","24","31","2","2","3","16","17","7","23","0","1","2","0","5","4","4","0","4","3","0","2","1","3","359","126","76","19","15","3","7","8","80","87","18","10","2","2","2","3","2","36","100","20","19","15","5","2","2","3","17","17","5","3","2","0","0","2","0","0"
"s25","voters","ORDA801","3","0","2","0","0","0","0","0","0","0","1","1","2","0","0","0","0","0","0","0","0","0","0","0","0","0","0","0","0","0","0","0","0","0","0","0","0","0","0","0","0","0","0","0","0","0","0","0","0","0","0","0","0","0","0","0","0","0","0","0","0","0","0","0","0","1","0","0","0","0","0","0","1","0","0","0","0","0","0","0","0","0","0","0","1","0","0","0","0","0","0","0","0","0","0","0","0","0","0","0","0","0","0","0","0","0","0","0","0","0","0","1","0","1","0","0","0","0","0","1","0","0","0","0","0","0","0","0","0","0","0","0","0","0","0","0","0"
"s25","voters","PACH101","89","38","22","5","2","0","2","0","1","0","19","43","46","3","0","0","1","4","1","0","1","0","0","0","0","1","0","0","0","0","0","0","0","2","0","0","0","0","0","1","0","0","1","0","0","0","0","0","4","4","0","5","0","1","3","4","6","4","7","1","0","0","1","1","3","5","0","0","0","2","2","3","4","0","0","1","1","4","3","3","0","0","0","0","2","4","1","0","0","0","2","2","1","2","0","0","0","1","1","1","0","18","9","5","1","0","0","0","0","5","11","5","2","0","0","0","0","0","4","7","6","2","0","2","0","0","0","2","7","2","1","0","0","0","0","0","0"
"s25","voters","PACH102","800","448","154","29","1","9","11","0","6","1","141","370","430","67","25","25","7","8","4","5","1","1","1","1","0","6","0","2","0","12","2","8","0","4","3","1","0","5","1","2","0","5","3","3","2","1","15","23","35","29","29","50","1","13","39","46","49","55","63","0","6","8","11","9","25","28","0","0","2","7","10","23","25","0","3","13","16","16","17","4","2","7","8","8","16","19","12","1","4","4","5","8","6","4","0","1","5","4","8","2","5","257","72","48","22","8","0","3","3","35","84","20","19","7","3","0","1","1","19","70","16","23","12","4","0","3","0","13","30","10","6","4","0","1","0","1","5"
"s25","voters","PACH103","155","86","37","9","0","0","1","0","0","0","22","73","82","13","7","1","1","4","0","1","1","0","0","0","0","3","0","0","0","0","1","0","2","1","0","0","0","1","0","0","0","1","0","0","0","0","1","9","7","1","7","10","0","1","8","10","5","12","15","0","1","2","2","2","9","9","0","0","0","1","1","1","9","0","0","1","3","1","0","3","0","4","0","4","1","5","0","0","0","1","1","0","1","2","0","0","0","0","2","1","2","38","21","11","4","1","1","1","1","8","19","8","3","2","0","1","0","2","2","12","4","2","2","0","0","0","0","2","7","2","0","0","1","0","0","0","0"
"s25","voters","PACH104","502","297","113","21","2","4","3","0","1","0","61","183","319","77","10","17","4","8","1","0","1","0","0","0","0","0","0","0","0","3","0","1","1","3","2","0","0","2","0","0","0","2","2","1","0","1","9","8","5","12","13","51","3","17","11","10","22","44","91","0","1","0","5","6","14","24","0","1","2","6","6","17","31","0","6","4","2","2","12","4","0","3","7","5","4","5","7","0","1","0","0","1","0","2","0","2","2","2","2","5","14","169","53","30","9","5","1","2","0","28","70","16","11","4","0","1","0","1","10","39","5","7","5","1","0","0","0","4","19","5","4","0","1","0","0","1","1"
"s25","voters","PACH801","3","0","2","1","0","0","0","0","0","0","0","1","2","0","0","0","0","0","0","0","0","0","0","0","0","0","0","0","0","0","0","0","0","0","0","0","0","0","0","0","0","0","0","0","0","0","0","0","0","0","0","0","0","0","0","0","0","0","0","0","0","0","0","0","0","0","0","1","0","0","0","1","0","0","0","0","0","0","0","0","0","0","0","0","0","0","0","0","0","0","0","0","1","0","0","0","0","0","0","0","0","0","0","0","0","0","0","0","0","0","1","1","0","0","0","0","0","0","0","0","0","0","0","0","0","0","0","0","1","0","0","0","0","0","0","0","0"
"s25","voters","PACH802","0","0","0","0","0","0","0","0","0","0","0","0","0","0","0","0","0","0","0","0","0","0","0","0","0","0","0","0","0","0","0","0","0","0","0","0","0","0","0","0","0","0","0","0","0","0","0","0","0","0","0","0","0","0","0","0","0","0","0","0","0","0","0","0","0","0","0","0","0","0","0","0","0","0","0","0","0","0","0","0","0","0","0","0","0","0","0","0","0","0","0","0","0","0","0","0","0","0","0","0","0","0","0","0","0","0","0","0","0","0","0","0","0","0","0","0","0","0","0","0","0","0","0","0","0","0","0","0","0","0","0","0","0","0","0","0","0"
"s25","voters","PINL101","3","1","0","1","0","0","0","0","0","0","1","2","1","0","0","0","0","0","0","0","0","0","0","0","0","0","0","0","0","0","0","0","0","0","0","0","0","0","0","0","0","0","0","0","0","0","0","0","0","0","0","0","0","0","0","0","0","0","1","0","0","0","0","0","0","0","0","0","0","0","0","0","0","0","0","0","0","0","0","1","0","0","0","0","0","0","0","0","0","0","0","0","0","1","0","0","0","0","0","0","0","1","0","0","0","0","0","0","0","0","0","0","0","0","0","0","0","0","0","1","0","0","0","0","0","0","0","0","1","0","0","0","0","0","0","0","0"
"s25","voters","PINL102","1455","898","249","51","2","5","8","0","7","0","235","650","805","169","30","35","14","26","4","1","2","2","0","5","2","11","1","2","1","28","11","20","2","14","1","10","0","4","1","0","2","18","2","7","0","4","14","29","44","54","55","161","3","35","42","58","88","85","226","0","6","7","11","17","29","61","2","0","4","5","15","24","68","1","10","10","10","23","19","51","1","13","5","18","19","24","31","1","2","3","4","5","4","15","0","5","4","4","5","6","15","417","156","128","36","29","6","11","10","105","117","34","36","10","8","1","3","3","37","129","36","28","9","11","1","3","1","17","44","13","6","3","0","3","1","0","3"
"s25","voters","PINL103","572","351","97","23","2","3","5","0","7","0","84","235","337","78","17","22","9","13","5","0","0","1","1","0","0","4","8","1","0","12","7","6","2","9","3","5","1","3","3","2","0","8","2","3","0","1","6","9","17","18","17","59","4","11","23","28","31","37","90","0","0","4","3","6","12","24","0","1","2","5","4","7","29","0","4","3","11","7","4","11","0","2","4","6","10","9","13","0","2","2","4","3","1","7","0","2","2","3","3","5","6","183","65","47","5","4","0","3","3","41","62","10","8","2","1","0","3","0","11","41","9","14","9","4","1","0","1","5","24","8","4","0","0","0","0","0","4"
"s25","voters","PINL104","13","6","2","1","0","0","0","0","0","0","4","8","5","0","0","0","0","0","0","0","0","0","0","0","0","2","0","0","0","1","1","1","0","0","0","0","0","0","0","0","0","0","0","1","1","0","0","0","0","0","1","3","0","0","0","0","0","0","2","0","0","0","0","0","0","1","0","0","0","1","0","0","0","0","0","0","0","2","0","0","0","0","0","1","0","1","0","0","0","0","0","0","1","0","0","0","0","0","0","0","0","1","3","0","1","0","0","0","0","1","1","1","0","0","0","0","0","0","0","1","1","0","0","0","2","0","0","0","1","0","0","0","0","0","0","0","0"
"s25","voters","PINL105","1692","1134","243","55","6","10","7","0","8","0","229","722","970","243","41","29","14","28","5","6","3","4","0","0","2","9","0","1","2","34","10","18","2","19","2","5","1","20","7","8","2","34","10","9","2","2","22","59","59","65","84","156","1","38","81","91","97","113","266","0","1","10","23","13","24","53","0","5","8","9","15","28","54","1","9","14","18","16","19","30","4","9","20","19","25","17","28","1","1","6","8","4","6","18","0","3","2","6","8","7","16","629","204","126","38","31","7","12","8","79","154","32","25","6","5","1","1","0","19","132","23","21","15","7","6","1","3","21","64","9","3","2","1","0","2","0","5"
"s25","voters","PINL106","25","11","4","2","0","0","0","0","0","0","8","9","16","2","1","4","1","1","0","0","0","0","0","0","0","0","0","0","0","1","0","0","0","0","0","0","0","0","0","0","0","1","0","1","0","0","0","0","0","1","1","3","0","0","0","1","1","2","2","0","0","0","0","0","0","2","0","0","0","0","1","0","1","0","0","0","0","0","2","0","0","1","1","0","1","2","1","0","0","0","0","0","0","0","0","0","0","0","1","0","1","5","2","2","0","1","1","0","0","0","2","0","1","0","0","0","0","0","1","7","0","1","0","0","0","0","0","0","1","1","0","0","0","0","0","0","0"
"s25","voters","PINL107","12","11","1","0","0","0","0","0","0","0","0","5","7","6","0","0","0","0","0","0","0","0","0","0","0","0","0","0","0","0","0","0","0","0","0","0","0","0","0","0","0","1","0","0","0","0","0","1","1","0","2","0","0","1","2","1","2","0","1","0","0","0","0","0","0","1","0","0","0","0","0","0","0","0","0","0","0","0","0","0","0","0","0","0","0","0","0","0","0","0","0","0","0","0","0","0","0","0","0","0","0","7","2","1","0","0","0","0","0","1","0","0","0","1","0","0","0","0","0","0","0","0","0","0","0","0","0","0","0","0","0","0","0","0","0","0","0"
"s25","voters","PINL108","746","486","115","18","1","6","0","0","2","0","118","332","414","126","24","35","14","12","4","2","0","1","1","1","0","7","0","0","0","15","6","9","1","5","0","0","1","6","0","5","0","13","2","3","0","0","10","20","31","24","40","77","2","16","31","40","37","62","96","0","4","5","4","6","10","25","1","2","3","5","10","13","27","2","6","6","11","11","9","18","0","4","4","5","11","9","22","0","0","1","5","1","4","2","0","1","1","6","4","1","1","262","79","65","12","14","1","6","1","46","66","19","6","3","2","1","1","1","16","66","14","7","11","2","0","2","1","15","19","2","3","2","0","0","1","0","0"
"s25","voters","PINL109","1378","899","192","37","11","14","5","0","9","0","211","613","765","214","36","45","13","16","6","8","2","4","2","2","0","4","2","1","0","26","7","17","1","15","1","4","1","5","8","6","0","46","11","14","5","1","26","37","63","57","50","138","2","28","52","96","84","103","162","0","0","9","13","14","24","39","0","3","6","11","11","19","43","3","6","8","21","21","19","30","0","9","11","20","12","20","31","1","1","8","5","6","7","6","0","5","8","8","4","7","10","471","169","107","22","19","2","14","5","90","106","22","24","8","1","0","3","0","28","116","37","23","6","5","1","5","0","18","54","7","6","4","0","0","2","0","3"
"s25","voters","PINL110","1291","809","217","39","3","5","5","0","12","0","201","576","715","181","29","43","14","28","5","4","3","8","2","1","0","8","3","1","0","37","14","13","0","17","3","1","2","6","4","5","0","18","5","9","2","4","25","21","51","44","60","118","6","27","40","73","58","88","194","1","8","7","3","19","21","53","0","0","7","5","12","25","56","1","5","10","22","17","19","36","0","7","10","15","14","13","32","0","2","6","3","8","6","6","0","3","4","5","6","9","6","451","131","92","24","27","2","9","4","69","106","30","23","6","6","2","1","3","40","106","19","29","9","11","4","1","1","21","41","11","7","1","0","0","0","0","4"
"s25","voters","PINL801","8","8","0","0","0","0","0","0","0","0","0","4","4","2","0","0","0","0","0","0","0","0","0","0","0","0","0","0","0","0","0","0","0","2","0","0","0","0","0","0","0","0","0","0","0","0","0","2","0","0","1","1","0","0","0","0","1","0","3","0","0","0","0","0","0","0","0","0","0","0","0","0","0","0","0","0","0","0","0","0","0","0","0","0","0","0","0","0","0","0","0","0","0","0","0","0","0","0","0","0","0","4","4","0","0","0","0","0","0","0","0","0","0","0","0","0","0","0","0","0","0","0","0","0","0","0","0","0","0","0","0","0","0","0","0","0","0"
"s25","voters","PINL802","5","3","0","0","0","0","0","0","0","0","2","3","2","2","0","2","0","0","0","0","0","0","0","0","0","0","0","0","0","0","0","0","0","0","0","0","0","0","0","0","0","0","0","0","0","0","0","0","0","1","0","1","0","0","0","0","1","0","0","0","0","0","0","0","0","0","0","0","0","0","0","0","0","0","1","0","0","0","0","0","0","1","0","0","0","0","0","0","0","0","0","0","0","0","0","0","0","0","0","0","0","1","1","0","0","0","0","0","1","0","0","0","0","0","0","0","0","0","0","2","0","0","0","0","0","0","0","0","0","0","0","0","0","0","0","0","0"
"s25","voters","PLHL101","90","55","16","5","0","0","0","0","2","0","12","43","47","3","0","1","0","2","2","0","0","0","0","0","0","0","0","0","0","4","1","2","0","0","0","0","0","0","1","2","0","3","0","0","0","1","0","2","3","5","3","9","2","2","3","6","4","5","10","0","0","0","0","1","2","4","0","0","0","0","2","5","2","0","0","1","4","1","0","2","0","1","0","1","1","0","1","0","0","2","1","0","1","1","0","0","0","0","0","0","2","35","8","5","1","0","1","0","1","4","10","3","2","0","0","0","0","0","1","4","2","1","3","0","0","0","0","2","1","4","0","1","0","0","1","0","0"
"s25","voters","PLHL102","591","334","123","17","0","1","5","0","5","0","106","283","308","31","2","9","1","9","3","3","2","2","0","1","0","8","0","2","2","8","6","6","1","2","0","4","0","1","0","2","0","2","3","0","0","0","7","7","21","16","25","59","0","9","12","27","32","34","85","0","2","2","5","6","17","34","0","1","4","6","5","10","31","0","7","6","10","10","17","15","0","2","1","7","6","6","19","0","1","1","6","3","2","4","0","0","0","2","2","4","3","176","47","46","22","6","0","1","1","35","72","14","15","2","2","1","1","2","14","47","16","13","9","3","0","3","2","13","16","5","4","0","2","0","0","0","1"
"s25","voters","PLHL103","691","441","97","23","2","0","3","0","6","0","119","290","401","60","12","9","7","18","3","7","1","3","1","0","0","2","0","1","0","11","2","3","0","3","1","2","1","2","2","4","0","15","4","6","0","1","4","35","28","19","28","42","1","16","55","42","46","37","87","0","0","14","3","7","10","16","0","1","4","8","10","9","15","0","5","9","13","14","5","19","0","3","12","12","8","6","13","0","0","3","5","2","3","5","1","2","2","2","4","1","4","286","56","38","16","10","2","5","0","28","68","12","6","2","2","0","0","1","6","75","15","13","4","3","1","1","0","7","26","7","0","1","0","0","0","0","0"
"s25","voters","PLHL104","406","231","76","19","1","1","4","0","2","0","72","181","225","28","2","4","3","8","3","0","0","0","0","0","0","4","0","0","0","3","0","0","1","2","0","1","1","0","0","0","0","0","0","4","0","0","5","15","12","19","12","30","0","4","9","19","18","29","59","0","0","2","5","2","12","15","0","2","0","4","5","8","21","0","1","3","9","10","9","10","0","4","1","6","7","5","7","0","1","0","2","2","3","2","0","5","0","1","3","5","3","112","44","25","16","4","2","0","1","27","38","4","11","2","2","1","0","4","14","39","8","7","2","2","0","1","1","12","15","6","3","1","2","0","0","0","0"
"s25","voters","PLHL105","114","63","19","9","0","0","0","0","0","0","23","51","63","5","1","0","0","1","3","1","1","0","0","0","0","0","0","1","0","1","0","1","0","0","0","0","0","0","0","0","0","2","0","0","0","0","4","0","6","4","4","9","0","6","5","4","2","10","9","0","0","1","1","1","1","3","0","2","1","1","2","2","4","1","0","0","2","2","5","1","0","0","1","3","4","2","2","0","0","0","0","1","2","3","0","0","0","0","1","1","1","36","8","4","5","1","0","1","0","8","11","2","1","3","1","0","0","0","1","14","0","4","1","0","0","0","0","4","8","1","0","0","0","0","0","0","0"
"s25","voters","PLHL106","483","313","78","11","1","2","1","1","5","0","71","202","281","43","8","9","2","31","0","4","1","2","0","1","1","4","0","1","0","15","1","5","0","3","1","0","0","2","2","0","0","9","1","2","1","1","2","21","24","17","22","23","0","13","44","38","27","29","52","0","6","3","5","6","14","12","0","0","1","3","6","11","11","0","1","12","8","2","9","4","0","2","10","3","2","8","10","0","2","2","2","2","2","0","0","3","3","1","1","2","1","193","54","31","9","7","1","2","0","16","53","7","8","2","1","0","1","0","6","42","11","5","5","3","2","0","0","3","14","3","3","0","0","0","0","0","1"
"s25","voters","PLHL107","1411","811","295","49","1","2","10","0","5","0","238","637","774","62","24","14","5","39","12","13","6","6","2","1","0","15","5","3","0","24","4","16","4","14","0","7","1","4","2","1","0","11","10","4","1","2","16","27","49","45","59","128","2","23","30","62","70","80","218","0","4","10","16","18","44","64","0","4","2","15","15","35","68","3","4","7","14","20","17","53","0","13","9","19","17","25","37","0","2","2","6","5","6","16","1","2","3","6","4","4","10","431","148","98","23","12","3","9","1","86","143","47","24","17","7","4","1","2","50","115","35","22","18","7","1","4","4","32","43","11","6","2","2","0","0","0","3"
"s25","voters","PLHL108","812","531","98","33","5","4","4","0","5","0","132","360","452","80","12","18","4","11","5","6","0","1","5","6","0","2","1","1","0","30","6","7","3","13","2","0","0","3","0","0","0","19","3","1","3","0","13","46","40","34","29","57","0","17","61","54","47","47","86","0","1","6","9","4","10","19","0","3","3","9","6","8","20","1","3","7","21","9","15","11","1","11","6","14","7","15","11","0","5","3","6","1","4","6","0","5","3","5","5","3","5","313","108","40","19","16","2","5","2","26","72","10","5","2","4","0","0","0","5","78","25","10","3","4","0","2","0","10","29","7","10","2","1","0","1","0","1"
"s25","voters","PLHL109","1266","729","241","61","2","3","8","0","5","0","217","595","671","46","17","21","8","49","11","16","6","1","0","0","0","9","3","2","1","16","4","11","3","7","0","4","0","1","0","1","0","2","5","1","0","2","13","34","53","43","61","101","1","19","33","91","48","70","160","0","9","13","12","16","28","53","1","5","7","8","14","24","51","1","16","12","25","14","16","36","1","6","4","18","27","13","28","0","3","0","7","3","14","10","0","4","4","4","6","9","15","390","121","83","23","23","1","4","6","78","130","32","22","10","3","0","1","3","40","108","37","17","18","10","3","3","2","19","38","23","10","4","1","0","2","1","0"
"s25","voters","PLHL110","1617","1011","304","50","2","4","6","0","9","0","231","750","867","81","11","18","8","47","12","9","2","8","4","1","0","8","0","1","0","30","6","9","1","9","1","0","2","8","0","1","0","11","2","4","3","1","16","37","71","70","68","156","3","34","56","110","89","96","204","2","7","18","19","16","48","63","0","6","5","13","19","35","53","2","5","10","34","28","23","26","1","9","12","18","18","20","25","0","3","2","5","3","5","12","0","7","8","6","5","6","9","550","166","98","42","25","5","7","7","111","147","40","42","11","5","0","4","2","53","117","49","15","17","8","1","5","1","18","45","12","7","1","2","1","0","1","2"
"s25","voters","PLHL111","209","111","43","14","0","1","2","0","1","0","37","98","111","34","2","8","2","3","2","0","2","0","0","0","0","2","0","0","0","1","1","0","0","2","0","1","0","1","1","0","0","3","5","1","2","0","5","5","4","9","9","13","1","5","6","7","19","12","16","0","0","0","3","4","9","6","0","0","2","4","3","4","8","0","0","2","5","4","4","7","1","3","1","3","2","1","4","0","0","4","3","1","0","1","0","1","0","0","1","2","5","65","17","10","6","0","0","0","1","12","24","5","3","3","1","0","1","0","6","16","8","5","4","1","0","1","0","2","11","4","2","1","0","0","0","0","0"
"s25","voters","PLHL112","716","456","98","29","1","5","6","0","7","0","114","327","389","57","14","8","6","20","1","14","3","5","0","2","0","7","0","0","0","19","1","6","1","5","1","2","0","5","0","1","0","9","0","6","1","1","13","23","42","33","25","44","4","16","26","64","51","46","68","0","3","3","8","7","17","17","1","2","3","6","4","12","15","0","3","7","14","18","15","9","0","4","4","12","10","9","9","1","1","5","2","8","3","5","1","6","3","1","5","2","5","258","83","50","18","10","1","2","5","29","45","15","11","3","3","1","1","2","17","60","14","17","6","6","1","1","1","8","29","10","3","3","1","0","0","1","1"
"s25","voters","PLHL113","1393","846","263","48","1","6","7","0","6","0","216","626","767","59","9","14","5","51","6","8","3","6","0","0","0","11","2","3","1","20","12","11","2","8","1","2","0","21","2","2","0","12","0","0","0","2","17","29","58","61","47","128","4","20","54","96","81","82","167","2","6","16","14","21","32","45","1","1","7","18","16","30","54","2","5","14","27","19","23","20","0","9","14","19","21","23","20","1","4","4","7","6","10","6","0","2","3","3","4","12","6","459","155","88","23","15","2","5","7","92","134","42","30","8","2","4","2","2","39","102","39","18","18","9","3","2","3","22","41","11","5","2","1","1","2","1","4"
"s25","voters","PLHL114","1301","736","261","56","2","8","11","0","3","0","224","609","692","58","16","13","5","28","5","7","3","9","1","2","0","9","1","1","0","21","6","15","2","7","0","4","1","9","4","1","0","17","6","6","2","2","19","23","52","57","49","91","7","20","45","83","66","86","136","0","8","12","23","18","39","40","0","4","6","14","16","33","48","1","14","13","31","21","25","30","2","11","9","19","14","18","16","2","3","6","6","6","6","12","1","4","5","9","5","8","7","411","113","81","22","18","3","10","3","75","118","48","30","7","11","1","4","3","39","109","26","37","13","8","0","5","5","21","50","16","10","2","0","0","0","1","1"
"s25","voters","PLHL115","1002","548","224","38","1","6","8","0","6","3","168","457","545","62","26","16","9","24","5","5","3","3","2","4","1","1","3","0","0","26","14","19","1","8","1","3","0","11","11","8","1","10","2","8","2","4","18","19","40","48","39","54","6","25","28","55","68","68","76","0","6","9","17","17","23","41","0","2","4","13","14","23","55","0","10","5","25","19","10","16","0","7","5","20","14","9","28","1","4","6","5","12","1","8","1","4","2","3","3","6","6","302","95","59","25","8","8","3","4","44","126","26","30","9","6","0","3","2","22","83","23","19","13","7","3","1","3","16","39","10","2","3","2","0","1","0","5"
"s25","voters","PLHL116","1123","638","237","48","0","4","4","0","3","0","189","522","601","44","16","16","7","18","5","4","0","2","0","0","0","11","0","2","2","20","5","10","1","11","1","1","2","1","1","0","0","9","2","2","1","1","15","19","30","29","58","108","2","31","26","63","49","80","127","1","5","4","11","17","30","62","1","6","7","6","10","19","58","0","9","9","28","20","19","21","0","12","4","13","14","15","25","0","4","1","3","3","8","7","0","2","4","5","2","5","15","315","139","70","20","15","4","8","3","64","121","45","15","6","4","0","2","1","43","99","34","17","11","4","0","0","1","23","39","9","2","3","0","1","1","0","4"
"s25","voters","PLHL117","33","21","2","3","0","0","2","0","1","0","4","11","22","2","0","1","2","0","0","0","0","0","0","1","0","0","0","0","0","1","0","0","0","0","0","0","0","0","0","0","0","1","0","0","0","0","2","1","0","2","0","0","0","1","4","2","2","5","2","0","0","2","0","0","0","0","0","0","0","0","0","0","0","0","0","1","0","0","0","0","0","1","2","0","0","0","0","0","0","1","2","0","0","0","0","1","2","0","0","0","0","13","2","4","1","1","0","0","0","0","2","0","0","0","0","0","0","0","0","4","0","0","0","0","0","0","0","0","6","0","0","0","0","0","0","0","0"
"s25","voters","PLHL118","209","140","30","8","0","0","3","0","1","0","27","105","104","21","0","2","1","2","0","1","1","0","0","0","0","3","0","0","0","3","2","1","0","0","0","1","0","1","0","2","0","3","0","0","1","0","4","5","10","19","8","17","0","1","10","15","16","8","27","0","0","2","2","2","4","9","0","1","2","0","1","1","6","0","1","3","7","4","0","2","0","1","1","2","2","2","2","0","1","1","0","1","2","1","0","1","0","2","1","0","2","80","23","16","5","5","0","1","2","8","18","3","0","0","1","0","0","0","8","14","6","5","2","0","0","0","0","0","8","1","1","1","0","0","0","0","1"
"s25","voters","PLHL119","370","222","65","13","0","2","2","0","1","0","65","155","215","37","11","6","0","7","1","0","0","0","1","0","0","3","0","0","0","6","0","8","0","2","0","2","0","3","0","1","0","6","2","5","0","0","0","13","15","12","12","23","2","8","20","16","19","18","64","0","2","2","6","5","8","10","1","1","2","3","6","5","14","0","1","5","8","7","4","12","0","2","3","6","7","4","6","0","0","3","0","2","2","3","0","1","1","1","0","0","5","145","32","24","8","4","0","3","1","5","42","10","5","2","1","0","0","0","5","42","8","6","2","1","0","0","0","6","13","2","1","1","1","0","0","0","0"
"s25","voters","PLHL120","295","192","43","11","0","2","2","0","1","0","44","141","154","19","3","4","1","10","3","1","1","1","0","1","0","0","1","0","0","10","1","2","1","3","0","0","0","0","0","0","0","3","1","1","0","0","2","6","15","16","12","38","0","3","5","15","16","18","46","0","2","0","1","3","5","12","0","0","0","2","3","3","12","0","0","2","8","3","4","6","1","3","2","4","2","2","7","0","0","0","0","1","3","2","0","1","0","1","3","2","3","109","32","18","2","9","1","0","0","21","18","5","8","4","2","0","0","1","5","28","6","5","0","0","0","1","0","4","12","2","2","0","0","0","0","0","0"
"s25","voters","PLHL121","22","15","1","1","1","0","1","0","0","0","3","10","12","0","0","0","0","2","0","0","0","0","0","0","0","0","0","0","0","1","0","0","0","1","0","1","0","0","0","0","0","0","1","0","0","0","0","0","3","0","1","2","0","0","1","3","1","1","3","0","0","0","1","0","0","0","0","0","0","0","0","0","0","0","0","0","1","0","0","0","0","0","0","1","0","1","0","0","0","0","1","0","0","1","0","0","0","1","0","0","0","7","4","0","0","1","0","0","0","3","1","0","0","0","0","0","0","0","0","1","0","0","2","0","0","0","0","0","2","1","0","0","0","0","0","0","0"
"s25","voters","PLHL122","170","95","41","7","0","0","1","0","1","0","25","79","91","9","2","5","1","1","0","0","0","0","0","0","0","0","0","0","0","4","0","0","0","1","3","0","0","0","0","0","0","0","1","0","0","0","0","4","14","6","5","10","0","1","12","9","8","5","21","0","1","1","3","2","5","10","0","0","0","2","3","1","13","0","0","1","1","3","2","6","0","0","3","1","4","4","0","0","1","1","0","0","2","1","0","1","0","0","1","1","1","44","19","11","6","4","0","3","0","8","20","8","6","0","1","0","0","0","6","11","5","3","2","1","0","1","0","2","6","3","0","0","0","0","0","0","0"
"s25","voters","PLHL123","311","176","63","10","0","3","3","0","4","0","52","134","177","17","4","8","3","5","2","0","0","2","0","0","0","2","0","2","0","6","1","1","0","1","2","4","0","1","0","0","0","2","3","2","1","0","3","12","18","10","7","17","0","3","12","22","19","15","38","0","1","2","9","9","10","10","0","2","1","2","2","7","8","0","3","5","4","4","2","2","0","6","4","5","8","3","6","0","0","1","0","1","4","0","0","1","2","0","5","3","3","96","34","12","8","4","1","4","3","14","34","7","10","1","3","0","2","1","5","29","4","2","8","2","1","1","0","5","16","2","1","0","1","0","0","0","0"
"s25","voters","PLHL124","118","71","25","3","0","0","2","0","1","0","16","60","58","5","0","1","0","3","0","0","0","0","0","0","0","0","0","0","0","2","0","0","0","2","0","0","1","0","0","1","0","0","0","0","0","0","1","3","8","5","6","10","0","2","5","6","6","5","14","0","1","0","2","2","4","7","1","0","0","2","2","1","3","0","0","3","1","0","3","1","0","0","0","3","2","1","2","0","0","0","1","1","0","1","0","0","0","0","1","1","1","39","13","5","3","3","0","1","0","7","17","2","1","0","1","0","0","0","4","6","6","1","1","1","0","0","0","1","5","1","0","0","0","0","0","0","0"
"s25","voters","PLHL125","65","38","14","3","0","0","0","0","0","0","10","28","37","6","1","1","0","3","0","1","0","1","0","0","0","0","0","0","0","0","0","0","0","0","0","0","0","0","0","0","0","1","0","0","0","0","1","2","0","0","4","6","0","3","3","3","2","6","8","0","0","0","4","2","1","1","0","0","0","1","4","0","1","0","0","2","1","0","1","1","0","1","0","3","1","0","0","0","0","0","1","0","0","1","0","0","0","0","0","0","1","21","11","4","1","0","0","0","0","1","10","1","1","0","1","0","0","0","1","8","0","1","1","0","0","0","0","0","3","0","0","0","0","0","0","0","0"
"s25","voters","PLHL126","195","112","39","7","0","0","2","0","1","0","34","90","105","11","2","0","0","3","4","2","0","0","0","1","0","1","0","0","2","2","2","3","1","3","1","0","0","1","0","0","0","4","0","0","0","0","1","2","9","2","9","19","1","0","8","12","5","7","37","0","2","0","3","1","4","12","0","1","1","0","1","5","9","0","2","1","8","2","4","5","0","0","0","1","3","3","5","0","0","0","1","1","1","1","0","0","0","2","0","2","2","67","16","15","1","1","1","0","0","11","20","7","5","1","1","0","0","0","5","17","4","6","2","0","1","1","2","1","5","2","2","0","1","0","0","0","0"
"s25","voters","PRCO101","105","70","11","4","0","0","0","0","2","0","18","47","58","4","1","1","0","4","0","1","0","0","0","0","0","0","0","0","0","3","0","0","0","0","0","0","0","0","0","0","0","0","0","0","0","0","0","3","4","5","6","10","0","0","4","9","6","10","13","0","1","0","0","1","1","4","0","0","0","0","0","3","1","0","1","0","2","1","2","3","0","0","2","0","0","2","5","0","0","0","0","0","2","1","0","0","1","1","0","0","1","36","11","8","3","3","0","1","1","7","7","1","2","0","0","0","0","0","1","10","1","1","0","3","0","0","1","2","4","0","1","1","0","0","0","0","0"
"s25","voters","PTTS101","23","18","4","0","0","0","0","0","0","0","1","10","13","8","1","0","0","1","0","0","0","0","0","0","0","0","0","0","0","0","0","0","0","0","0","0","0","0","0","0","0","3","0","0","0","0","0","1","1","0","1","4","0","0","2","0","2","2","5","0","0","0","0","2","0","0","0","0","0","0","1","1","0","0","0","0","1","0","0","0","0","0","0","0","0","0","0","0","0","0","0","0","0","0","0","0","0","0","0","0","0","11","3","3","0","0","0","0","0","1","0","2","1","0","1","0","0","0","0","1","0","0","0","0","0","0","0","0","0","0","0","0","0","0","0","0","0"
"s25","voters","PTTS102","909","596","167","29","3","2","7","0","1","0","104","371","538","168","29","31","8","15","0","6","2","1","0","0","0","2","0","0","0","6","2","1","0","6","1","6","0","2","4","1","0","14","8","1","0","1","9","25","23","24","40","93","2","34","42","43","49","83","128","0","4","8","11","12","13","38","0","4","5","11","8","17","36","0","9","6","11","13","2","9","4","5","5","16","7","4","13","0","0","2","6","1","2","9","0","2","5","4","1","1","9","339","95","65","14","11","4","10","5","53","99","32","15","0","4","1","2","1","13","74","7","8","4","4","0","1","1","5","30","6","4","0","2","0","0","0","0"
"s25","voters","PTTS103","139","92","32","1","0","1","1","0","0","0","12","56","83","45","3","3","1","5","0","0","0","0","0","0","0","0","0","0","0","0","3","0","0","0","1","0","0","0","0","0","0","0","0","0","0","1","1","2","3","1","7","17","2","3","7","3","11","10","24","0","0","0","0","4","3","11","0","0","0","0","3","1","10","0","0","0","1","1","0","2","0","3","0","1","0","0","4","0","0","0","1","1","0","0","0","0","1","0","0","0","0","50","14","13","1","3","0","0","0","11","17","4","3","1","1","0","2","0","4","5","4","0","1","2","0","0","0","0","3","0","0","0","0","0","0","0","0"
"s25","voters","PTTS104","815","511","122","23","2","5","2","0","4","0","146","339","476","217","30","63","7","3","2","0","1","0","2","0","0","0","0","0","0","3","2","3","0","3","1","2","1","6","0","3","0","25","15","11","0","5","24","24","13","33","47","45","5","49","44","39","45","63","75","0","2","6","5","12","13","26","0","2","4","6","6","19","21","1","10","11","6","17","12","8","3","16","18","10","9","11","14","0","1","3","1","4","6","4","0","5","4","1","3","2","2","288","80","67","12","18","4","6","2","34","69","22","13","3","0","1","2","0","12","83","19","12","14","6","4","3","0","5","21","6","5","1","1","0","0","1","1"
"s25","voters","PTTS105","1339","784","239","50","5","8","6","0","1","0","246","607","732","186","57","57","12","8","2","5","2","10","2","2","1","1","1","0","0","40","9","16","3","51","8","23","3","13","14","5","3","62","38","22","8","5","23","41","43","67","71","68","4","44","82","74","91","78","93","0","11","7","20","33","33","23","0","3","8","10","31","37","23","1","9","22","25","26","23","17","1","11","17","28","28","25","13","1","3","5","4","10","10","6","0","8","3","4","8","2","6","488","143","74","17","18","3","12","2","27","147","44","22","5","5","0","3","1","12","145","43","28","7","9","1","4","0","9","51","9","6","2","1","1","0","0","0"
"s25","voters","PTTS106","5","5","0","0","0","0","0","0","0","0","0","1","4","3","0","0","0","0","0","0","0","0","0","0","0","0","0","0","0","0","0","0","0","0","0","0","0","0","0","0","0","0","0","0","0","0","0","0","0","0","0","1","0","0","0","0","0","1","3","0","0","0","0","0","0","0","0","0","0","0","0","0","0","0","0","0","0","0","0","0","0","0","0","0","0","0","0","0","0","0","0","0","0","0","0","0","0","0","0","0","0","3","0","0","1","0","0","0","0","1","0","0","0","0","0","0","0","0","0","0","0","0","0","0","0","0","0","0","0","0","0","0","0","0","0","0","0"
"s25","voters","PTTS107","1006","574","177","42","5","3","7","0","1","0","197","439","567","114","46","39","9","8","2","0","0","7","5","4","1","2","1","1","0","20","5","17","2","30","9","13","1","9","18","4","2","57","10","35","8","0","15","33","35","40","45","46","3","45","51","65","70","61","65","0","7","7","23","30","17","17","0","7","6","15","22","11","15","1","9","12","17","21","13","23","2","9","9","24","27","13","17","0","3","5","3","7","9","1","0","7","3","5","4","8","3","363","118","45","24","7","2","7","1","7","124","27","16","6","1","0","1","0","2","113","37","18","10","4","1","4","3","7","43","11","1","2","0","1","0","0","0"
"s25","voters","PTTS108","1293","778","246","39","6","4","7","0","3","0","210","556","737","310","57","70","22","9","3","0","2","0","0","0","0","6","1","1","0","11","1","6","1","20","3","11","0","2","1","1","0","45","25","11","2","2","25","36","39","37","57","92","5","61","69","83","53","82","137","0","4","10","14","20","27","54","0","4","8","19","10","32","44","2","18","18","21","12","21","22","3","12","12","19","17","15","18","1","0","4","6","3","7","4","0","2","4","4","8","2","14","386","159","89","22","19","4","5","5","89","142","29","30","5","7","1","2","4","26","105","31","22","15","7","3","4","2","21","34","15","5","3","1","0","1","0","0"
"s25","voters","PTTS109","841","602","75","36","6","7","6","0","2","0","107","313","528","122","16","24","13","18","0","1","1","2","2","0","0","3","0","0","0","4","2","2","1","7","0","0","3","5","0","1","0","21","5","6","1","2","15","29","25","29","48","47","1","31","66","65","79","86","79","0","2","3","8","7","8","12","0","1","3","6","8","11","6","0","4","9","14","5","14","7","1","10","5","14","5","10","9","0","6","3","5","4","3","4","2","6","3","5","4","7","5","349","108","76","18","12","2","7","1","29","48","13","8","1","0","0","1","0","4","68","16","7","3","4","2","2","2","3","38","11","5","1","1","1","0","0","0"
"s25","voters","PTTS110","534","333","60","20","5","5","5","0","2","0","104","212","322","161","15","54","13","3","1","1","1","0","0","0","0","0","0","0","0","1","1","0","0","6","3","4","1","0","3","0","0","5","2","3","0","0","14","26","15","12","23","28","0","33","36","26","36","30","54","0","0","3","4","7","6","10","1","1","3","4","4","6","11","0","9","8","7","5","12","6","1","12","14","9","10","8","3","1","1","2","3","3","3","4","0","2","5","3","3","2","5","162","67","57","7","7","3","4","0","26","37","7","9","4","0","0","0","0","3","63","16","11","4","3","0","3","0","4","20","9","4","1","1","0","1","0","1"
"s25","voters","PTTS111","910","632","93","25","7","5","3","0","6","0","139","335","575","214","31","47","15","4","1","1","0","0","0","1","0","2","1","0","0","6","3","2","1","2","0","2","0","1","1","0","0","20","8","13","3","2","10","23","31","29","46","68","5","48","64","54","59","71","122","0","3","5","15","6","6","14","0","1","5","10","8","6","14","1","10","9","13","8","9","9","3","10","16","17","9","9","16","0","2","3","6","2","2","3","0","3","6","6","5","3","5","346","96","69","26","17","5","8","3","62","55","16","13","1","2","0","2","3","1","69","21","14","14","6","0","2","4","9","32","8","4","0","0","0","0","0","2"
"s25","voters","PTTS112","794","548","95","26","3","4","4","0","6","0","108","327","467","149","29","42","9","6","1","4","2","0","0","0","0","0","0","0","0","5","2","2","1","2","0","1","1","1","0","0","0","19","4","6","1","1","21","27","24","31","48","65","4","35","40","49","53","65","85","0","1","4","8","5","10","20","0","2","5","11","6","4","19","2","5","5","7","6","7","8","0","16","8","12","9","9","14","0","4","2","3","6","2","5","3","3","2","3","5","2","3","308","111","57","12","11","1","12","4","32","55","22","6","3","2","0","0","2","5","52","28","10","3","5","1","1","0","8","33","6","3","0","0","0","0","0","1"
"s25","voters","PTTS113","868","568","102","27","4","11","2","0","2","0","152","353","515","233","36","60","16","2","2","1","1","2","0","0","0","1","0","0","1","8","1","2","0","11","0","3","0","2","5","0","3","29","13","10","2","3","21","32","24","26","35","70","6","51","55","59","39","63","84","0","3","3","4","9","11","20","0","3","4","10","12","14","9","1","14","10","18","10","10","10","4","9","20","18","9","10","9","0","0","4","3","5","4","3","1","5","3","4","3","3","8","308","102","77","18","14","0","9","2","38","51","14","23","3","1","0","1","2","7","86","19","22","6","4","1","4","1","9","27","13","5","0","0","0","1","0","0"
"s25","voters","PTTS114","854","552","118","27","4","4","3","0","5","0","141","350","504","236","49","64","16","8","3","2","0","0","0","0","1","0","0","0","0","1","1","2","0","3","0","2","0","3","4","3","1","26","7","14","2","3","20","21","25","23","33","68","6","41","61","51","54","58","88","0","6","4","13","5","19","22","0","2","4","5","9","13","16","1","6","12","7","17","6","19","0","14","15","12","9","9","14","1","2","6","6","1","2","2","1","3","2","2","2","5","8","301","82","63","25","17","0","6","5","53","65","17","21","5","2","0","0","0","8","71","19","15","9","8","3","2","1","13","28","8","2","2","0","0","0","0","3"
"s25","voters","PTTS115","1235","829","161","43","5","7","4","0","8","0","178","533","702","244","52","49","14","6","10","0","2","0","1","1","0","3","1","0","0","0","1","1","2","7","4","6","0","0","3","1","0","23","3","5","5","3","30","45","36","52","69","90","4","48","61","70","80","91","150","1","3","8","14","8","24","28","0","4","5","10","14","20","22","0","10","12","11","15","23","14","2","12","14","17","13","19","16","0","1","4","4","11","8","9","0","0","7","6","4","5","8","457","154","98","33","23","1","5","3","55","109","22","15","4","0","0","1","2","8","97","26","18","16","7","0","4","1","9","43","12","3","2","3","0","2","0","2"
"s25","voters","PTTS116","1005","627","187","41","3","7","12","0","6","0","122","420","585","194","40","40","17","11","3","3","1","1","0","0","0","4","0","0","0","3","3","2","1","0","2","1","1","4","0","1","0","13","6","9","2","3","16","19","30","29","40","98","4","28","47","58","43","68","144","0","3","5","17","13","12","42","0","2","8","12","10","17","46","2","4","7","16","8","10","12","2","7","10","14","7","9","14","0","2","6","5","3","8","10","0","3","7","4","7","3","11","321","117","71","14","13","1","4","5","81","91","35","18","5","7","1","3","1","26","80","9","15","4","5","0","3","2","4","43","11","6","1","5","0","2","0","1"
"s25","voters","PTTS117","1468","946","256","50","5","10","10","0","4","0","187","625","843","294","56","64","20","16","7","2","5","0","0","0","0","1","1","0","0","3","4","1","1","5","2","1","0","5","3","2","0","36","5","6","1","3","24","34","40","42","62","160","6","53","59","66","60","110","227","0","5","9","13","13","25","58","0","5","7","14","8","28","71","1","11","9","17","18","17","23","1","13","13","20","7","16","21","0","1","3","4","5","7","21","0","5","1","5","5","5","17","509","171","104","33","23","4","13","4","85","145","39","41","7","5","0","2","1","16","107","20","25","14","7","1","1","3","9","52","10","6","1","1","1","0","0","8"
"s25","voters","PTTS118","1463","999","187","51","3","12","4","0","2","0","205","552","911","366","43","69","21","5","1","1","0","0","0","1","0","0","0","0","0","3","5","6","3","13","3","0","0","0","4","0","0","25","16","15","5","5","24","44","33","43","65","120","5","62","90","65","81","104","258","0","1","9","10","8","20","31","2","1","8","11","12","25","49","1","11","12","21","16","12","27","5","8","17","23","7","14","31","0","3","7","7","7","4","11","1","6","2","5","3","7","9","543","155","133","32","28","9","13","1","85","116","25","19","4","5","1","0","0","17","110","35","20","16","7","5","2","3","7","51","12","5","0","1","0","0","1","2"
"s25","voters","PTTS119","912","594","122","29","4","6","3","0","5","0","149","407","505","154","38","31","10","10","0","5","0","0","0","0","0","4","0","0","0","1","0","1","0","30","5","34","3","5","2","2","0","32","7","9","4","1","22","32","24","44","54","73","5","39","39","39","60","63","99","0","6","3","9","12","11","18","0","4","5","5","14","14","21","1","4","7","7","14","17","21","1","12","9","12","14","15","15","0","4","2","4","10","4","3","1","5","2","3","3","2","4","314","90","69","25","10","5","16","7","58","76","13","12","5","0","1","2","0","13","84","11","22","12","10","1","1","3","5","26","11","6","1","1","0","2","0","0"
"s25","voters","PTTS120","848","535","130","36","4","7","11","0","2","0","123","359","489","196","35","52","18","5","2","1","0","2","0","0","0","3","0","0","0","2","1","0","0","6","3","3","0","2","1","0","0","11","3","5","4","3","22","22","20","22","36","81","3","42","25","48","41","74","96","1","4","4","7","15","22","20","0","2","2","8","4","17","24","2","9","9","10","7","7","8","6","10","13","13","10","12","7","0","1","7","2","3","4","11","0","6","4","3","4","10","5","289","97","56","21","10","4","5","2","51","74","20","13","2","5","0","1","0","15","60","25","18","7","3","0","0","1","9","39","9","6","2","1","0","1","0","2"
"s25","voters","PTTS121","332","196","57","18","1","1","3","0","1","0","55","161","171","52","7","12","2","2","1","2","1","1","2","0","0","0","0","0","0","3","4","5","2","13","5","5","0","6","2","1","0","21","0","4","1","0","8","13","5","15","25","20","2","12","14","12","22","24","24","0","1","4","6","7","11","7","0","1","1","1","6","6","6","2","3","2","4","7","4","8","1","3","3","1","3","6","8","0","2","1","2","0","4","0","0","2","0","2","6","2","3","104","41","16","4","6","1","5","2","17","32","12","4","0","2","0","0","1","6","31","8","6","6","1","0","0","0","3","16","6","1","0","1","0","0","0","0"
"s25","voters","PTTS122","46","35","5","1","0","1","0","0","0","0","4","21","25","8","1","0","1","0","0","0","0","0","0","0","0","2","0","0","0","1","0","0","0","0","0","1","0","0","0","0","0","1","0","0","0","0","0","0","4","4","6","2","0","3","2","3","5","2","4","0","0","0","0","0","1","1","0","1","0","0","2","0","0","0","0","0","0","0","1","0","0","0","0","2","1","0","0","0","0","0","0","0","1","1","0","0","0","0","0","0","0","23","7","1","0","0","1","2","0","1","4","1","0","0","0","0","0","0","0","3","1","0","0","0","0","0","0","0","2","0","0","0","0","0","0","0","0"
"s25","voters","PTTS123","1223","754","187","45","9","4","10","0","4","0","210","546","677","207","49","56","23","17","5","2","2","3","0","0","1","6","2","0","2","16","10","14","0","32","6","14","1","19","7","5","3","51","20","19","3","1","25","33","36","46","58","110","5","52","59","54","63","86","126","0","1","6","16","20","22","37","0","1","3","7","15","26","33","0","11","13","15","18","18","25","2","9","12","16","21","24","26","0","1","2","7","7","8","10","0","6","11","4","7","7","2","400","141","81","30","15","4","9","3","71","102","34","20","6","5","1","3","2","14","113","36","18","8","4","3","4","3","21","47","13","7","0","0","0","2","0","3"
"s25","voters","PTTS801","3","1","1","1","0","0","0","0","0","0","0","2","1","0","0","0","0","0","0","0","0","0","0","0","0","0","0","0","0","0","0","0","0","0","0","0","0","1","0","0","0","0","0","0","0","0","0","0","0","1","0","0","0","0","0","0","0","0","0","0","0","0","0","0","0","0","0","0","0","0","0","0","1","0","0","0","0","0","0","0","0","0","0","0","0","0","0","0","0","0","0","0","0","1","0","0","0","0","0","0","0","1","0","0","0","0","0","0","0","0","1","0","0","0","0","0","0","0","0","0","0","0","0","0","0","0","0","0","1","0","0","0","0","0","0","0","0"
"s25","voters","PTTS802","2","1","0","1","0","0","0","0","0","0","0","1","1","0","0","0","0","0","0","0","0","0","0","0","0","0","0","0","0","0","0","0","0","0","0","0","0","0","0","0","0","0","0","0","0","0","0","0","0","0","0","0","0","0","0","0","0","1","0","0","0","0","0","0","0","0","0","0","0","0","0","0","0","0","0","0","0","0","0","0","0","0","0","0","0","0","0","0","0","0","0","0","0","1","0","0","0","0","0","0","0","1","0","0","0","0","0","0","0","0","0","0","0","0","0","0","0","0","0","0","0","0","0","0","0","0","0","0","0","0","0","0","1","0","0","0","0"
"s25","voters","RICH101","880","649","66","29","2","4","3","0","7","0","120","354","526","82","24","18","10","12","0","2","0","2","0","1","0","0","0","0","0","14","1","12","1","13","1","2","0","11","0","0","0","16","4","8","1","2","24","36","29","34","52","64","0","26","47","51","75","72","137","0","1","2","11","4","10","9","0","1","2","5","3","9","9","1","7","8","8","9","13","10","1","10","20","13","6","10","4","0","5","4","3","4","2","2","0","2","6","3","2","6","6","430","88","67","12","15","9","5","2","21","49","5","8","0","1","0","1","0","2","92","10","9","3","3","2","0","0","1","36","5","3","0","1","0","0","0","0"
"s25","voters","RICH102","148","114","8","4","1","0","2","0","0","0","19","64","84","37","1","5","3","1","0","1","0","0","0","0","0","2","0","0","0","4","0","1","0","2","0","0","0","0","0","0","0","1","0","0","0","0","4","6","4","10","6","16","1","7","10","14","8","9","19","0","0","0","2","0","1","2","0","0","0","0","1","0","2","0","0","1","3","2","3","3","0","1","1","2","1","1","1","0","0","0","1","0","0","0","0","1","1","2","1","1","0","63","24","8","4","3","0","2","2","8","4","1","3","0","0","0","0","0","0","7","4","3","1","0","0","2","0","2","5","1","1","0","0","0","0","0","0"
"s25","voters","RICH103","170","122","10","5","0","2","0","0","1","0","30","70","100","34","3","6","0","3","0","2","1","0","0","0","0","3","0","1","0","1","0","0","0","9","0","0","0","1","0","0","0","4","0","0","0","0","1","7","9","4","6","16","0","11","7","11","14","17","19","0","0","1","1","0","0","5","0","0","1","0","0","0","2","0","0","2","1","3","3","5","0","1","2","7","2","3","1","1","2","0","1","0","1","1","0","0","0","1","0","1","0","61","25","16","4","1","0","0","0","15","5","1","1","2","0","0","0","0","1","14","4","4","0","3","1","0","0","4","4","2","2","0","0","0","0","0","0"
"s25","voters","RICH104","97","77","3","4","0","0","0","0","1","0","12","37","60","26","1","6","0","0","0","0","0","0","0","0","0","1","0","0","0","1","1","0","0","0","0","0","0","1","0","0","1","0","0","0","0","0","2","5","3","3","11","3","1","7","6","12","6","8","10","0","0","1","0","1","0","1","0","0","0","0","0","0","0","0","0","2","2","0","0","0","0","0","0","4","1","2","1","0","0","0","0","2","0","1","0","0","0","2","0","0","0","45","11","9","2","3","1","0","0","6","2","1","0","0","0","0","0","0","0","8","2","1","1","0","0","0","0","0","5","0","0","0","0","0","0","0","0"
"s25","voters","RICH105","211","156","17","5","4","5","0","0","1","0","23","81","130","35","4","6","2","4","0","1","0","0","0","0","0","0","0","0","0","5","0","0","1","2","2","0","0","1","0","0","0","5","5","4","2","0","4","10","7","8","13","14","0","12","14","13","14","21","26","1","1","1","0","2","1","2","0","0","1","1","2","2","3","0","1","3","2","2","2","2","0","1","4","1","1","2","2","0","0","1","3","0","0","1","0","1","3","1","0","2","3","81","26","19","7","7","2","2","1","11","11","3","3","0","0","0","0","0","0","15","4","1","0","0","1","0","0","2","13","0","2","0","0","0","0","0","0"
"s25","voters","RICH106","6","2","1","0","0","0","0","0","0","0","3","5","1","0","0","1","0","0","0","0","0","0","0","0","0","0","0","0","0","0","0","0","0","0","0","0","0","0","0","1","0","0","0","0","0","0","0","0","0","0","1","0","0","0","0","0","0","0","1","0","0","1","0","0","0","0","0","0","0","0","0","0","0","0","0","0","1","1","1","0","0","0","0","0","0","0","0","0","0","0","0","0","0","0","0","0","0","0","0","0","0","1","0","1","0","0","0","0","0","0","1","0","0","0","0","0","0","0","0","1","2","0","0","0","0","0","0","0","0","0","0","0","0","0","0","0","0"
"s25","voters","RICH107","19","9","2","1","0","0","1","0","0","0","6","11","8","2","0","0","0","1","0","0","0","0","0","0","0","0","0","0","0","0","0","0","0","2","0","2","1","0","0","0","0","0","0","1","0","0","0","0","0","1","1","2","0","0","0","0","0","3","2","0","0","0","0","0","0","1","0","0","0","0","0","0","1","0","1","0","0","1","1","1","0","0","0","0","1","0","1","0","1","0","0","0","1","0","0","0","0","0","0","0","0","4","1","0","2","0","0","0","0","2","1","0","0","0","0","0","0","0","1","4","0","1","0","0","0","0","0","1","1","0","0","1","0","0","0","0","0"
"s25","voters","RICH108","234","160","20","8","1","1","1","0","0","0","43","111","123","25","2","10","3","4","1","0","0","0","0","0","0","4","0","0","0","16","0","13","0","4","0","2","0","1","0","0","0","15","0","2","0","0","6","6","10","4","15","30","0","4","9","11","8","23","34","0","0","0","0","0","2","8","0","0","0","1","0","0","9","1","1","0","6","2","4","9","0","0","3","2","2","4","9","0","1","0","3","0","0","3","0","0","1","1","0","0","2","83","27","17","8","4","3","0","1","17","11","1","2","2","1","0","0","0","3","25","5","2","4","2","1","0","0","4","4","1","3","2","0","0","0","0","1"
"s25","voters","RICH109","96","72","8","3","0","1","0","0","0","0","12","46","50","16","1","1","2","4","0","0","0","1","0","0","0","1","0","0","0","0","0","0","0","2","0","1","0","0","0","0","0","0","0","0","0","0","1","2","1","4","7","16","0","0","3","4","7","7","20","0","0","0","0","0","1","5","0","0","1","0","0","0","1","0","0","1","2","1","1","1","0","0","1","1","1","2","1","0","0","2","0","0","0","1","0","0","0","0","0","0","1","36","11","9","2","4","0","1","1","8","1","0","2","1","1","0","0","0","3","5","2","0","1","2","0","1","1","0","4","0","0","0","0","0","0","0","0"
"s25","voters","RICH110","67","42","9","2","0","0","1","0","1","0","12","28","39","0","0","1","1","0","0","0","0","0","0","0","0","1","0","0","0","2","0","0","0","3","0","0","0","0","0","0","0","0","0","2","0","0","1","0","4","4","1","5","0","1","0","6","3","6","11","0","0","0","0","0","0","4","0","0","0","0","1","1","3","0","0","1","1","3","1","2","0","0","1","1","1","1","0","0","0","0","0","0","0","1","0","0","0","2","0","0","1","24","10","5","0","0","0","0","0","3","6","2","0","1","0","0","0","0","0","5","2","2","1","2","0","0","0","0","3","1","0","0","0","0","0","0","0"
"s25","voters","RICH111","65","50","5","1","0","0","0","0","0","0","9","28","37","3","0","3","0","0","0","0","0","0","0","0","0","0","0","0","0","1","0","0","0","0","0","0","0","0","0","0","0","0","1","0","0","0","0","1","3","4","4","9","0","1","3","6","3","1","15","0","0","0","0","0","1","0","0","0","0","2","1","0","1","0","0","1","2","0","0","2","0","0","1","2","0","0","1","0","0","0","0","0","0","1","0","0","0","0","0","0","0","25","8","8","2","1","0","0","0","6","1","2","1","0","0","0","0","0","1","5","1","2","0","1","0","0","0","0","1","0","0","0","0","0","0","0","0"
"s25","voters","RICH112","399","278","37","13","0","4","2","0","0","0","65","165","234","43","8","8","5","10","0","0","0","6","0","1","0","6","2","0","0","14","9","3","1","16","0","4","0","2","0","0","0","12","2","8","1","1","2","13","13","11","19","50","0","8","22","27","20","28","64","0","3","1","1","2","2","9","1","1","1","0","2","4","10","0","2","5","2","3","7","9","1","2","6","2","4","9","13","0","0","1","1","1","3","4","0","1","0","1","2","1","4","150","51","35","7","4","0","3","0","28","28","0","3","2","0","0","0","0","4","42","7","7","0","1","0","0","0","8","11","4","2","0","0","0","0","0","2"
"s25","voters","RICH113","1241","925","83","38","8","8","8","0","3","1","167","485","756","104","17","25","12","11","2","6","2","5","2","1","0","3","0","1","0","21","8","14","1","19","1","5","1","6","6","2","0","17","3","3","0","0","19","27","46","40","67","127","0","25","69","57","88","115","245","1","2","5","3","5","12","13","0","4","7","6","3","10","12","0","6","9","17","13","18","23","2","9","14","7","15","16","18","0","3","9","5","7","3","5","2","4","5","7","7","3","6","491","148","106","22","28","5","12","7","106","53","12","10","1","1","1","0","0","5","87","25","18","6","12","2","4","2","11","45","11","7","1","0","1","0","0","1"
"s25","voters","RICH114","944","653","100","28","3","1","4","0","9","0","146","425","519","112","8","27","4","25","1","3","0","0","1","1","1","4","4","2","0","15","3","10","1","5","1","1","1","2","0","0","0","11","0","6","0","0","9","22","40","55","53","91","4","19","45","53","52","70","140","0","0","3","4","8","14","27","0","0","3","6","7","9","19","0","8","7","15","13","15","21","2","4","8","12","11","13","17","0","3","3","2","2","5","5","1","3","3","3","1","5","9","341","113","89","21","15","2","6","6","60","55","9","9","5","4","1","2","1","14","60","25","17","12","8","1","1","1","21","21","9","5","3","1","1","1","1","3"
"s25","voters","RICH115","178","121","22","6","2","1","0","0","0","0","26","87","91","14","6","6","1","2","1","0","2","0","0","1","0","2","0","0","0","13","2","5","3","4","2","2","1","1","0","1","0","6","0","1","0","0","1","7","7","6","14","19","2","5","7","10","5","18","20","0","0","1","1","1","4","4","1","2","0","0","1","4","3","0","2","1","1","2","4","6","0","0","1","2","1","2","4","0","0","1","0","1","2","2","0","0","0","0","0","1","2","60","26","13","3","4","0","0","1","14","12","3","4","1","0","0","0","0","2","13","6","2","4","1","0","0","0","0","7","2","0","0","0","0","0","0","0"
"s25","voters","RICH116","930","591","125","24","3","6","5","0","2","0","174","393","537","111","25","27","7","7","1","2","0","8","3","0","0","3","2","0","0","42","26","44","3","28","5","6","1","15","15","13","0","38","5","9","3","1","22","29","34","43","62","50","4","37","38","54","64","82","71","1","1","1","9","17","11","20","1","4","5","8","8","12","27","0","6","8","12","16","19","15","0","10","9","22","16","24","17","0","1","0","3","4","7","1","1","4","2","6","3","6","2","313","123","81","14","18","1","7","4","30","87","18","10","2","2","0","0","2","4","94","26","29","5","3","3","5","1","8","25","9","5","0","1","0","0","0","0"
"s25","voters","RICH117","248","183","18","5","0","0","1","0","3","0","38","96","152","66","11","18","3","5","2","1","0","0","0","0","0","0","0","0","0","0","0","0","0","1","0","0","0","0","0","0","0","1","1","0","0","1","8","8","6","5","16","20","1","20","15","15","16","23","29","1","0","2","2","3","2","1","0","0","2","1","0","2","2","0","5","2","2","4","0","2","2","5","6","4","2","2","2","0","0","1","0","4","1","0","0","1","0","0","1","0","1","100","28","18","7","6","1","3","1","19","11","2","4","0","0","0","0","1","0","18","4","6","2","6","0","0","0","2","6","3","0","0","0","0","0","0","0"
"s25","voters","RICH118","1914","1423","131","46","2","14","7","0","11","0","280","854","1060","94","7","16","4","97","8","25","4","3","0","0","1","17","1","5","3","14","4","6","0","10","0","3","0","4","0","2","0","10","1","2","1","1","13","34","50","55","107","324","5","26","54","78","106","155","415","0","4","0","6","9","18","40","0","0","3","5","8","8","30","0","4","9","15","33","29","67","1","10","10","17","20","20","45","0","0","4","1","3","10","18","0","1","3","5","3","12","20","827","234","123","50","43","13","17","15","101","76","21","12","5","4","0","1","2","10","163","39","21","14","10","3","11","4","15","60","10","3","1","2","0","1","0","3"
"s25","voters","RICH119","1556","1052","206","45","4","6","6","0","6","0","231","718","838","136","20","35","11","32","3","5","0","6","2","1","0","23","5","3","2","51","20","26","3","30","3","9","4","4","3","2","1","24","6","3","0","1","18","31","52","66","77","205","1","35","48","95","89","89","245","0","2","12","13","14","21","47","0","2","3","10","14","17","51","2","11","16","23","18","27","31","0","12","11","16","15","19","30","0","1","2","3","5","10","10","0","2","3","6","3","9","13","565","172","127","39","36","5","10","6","92","113","22","24","6","2","1","3","5","30","117","34","32","13","9","1","3","1","21","42","13","7","2","1","0","0","0","2"
"s25","voters","RICH120","195","138","16","6","3","3","1","0","1","0","27","73","122","65","10","13","5","0","0","0","0","0","0","0","0","0","0","0","0","0","1","2","0","1","0","1","0","0","0","0","0","3","0","0","0","1","10","9","2","4","10","13","4","18","18","11","12","11","15","0","1","1","5","1","1","0","0","1","1","2","2","1","0","0","0","1","2","0","4","1","0","4","5","6","1","1","2","0","2","2","0","2","0","1","0","3","1","1","1","0","1","72","24","17","2","9","1","1","3","9","8","2","5","0","0","0","0","1","0","14","5","4","1","3","0","0","0","0","11","1","2","0","0","0","0","0","0"
"s25","voters","RICH121","1296","925","87","21","10","8","7","0","9","0","229","519","777","495","45","133","33","8","1","3","0","3","0","1","1","2","0","0","0","4","0","6","0","6","0","4","0","6","0","0","2","16","3","3","2","5","32","62","47","50","53","99","11","72","104","87","79","81","143","1","2","5","6","7","8","8","1","6","5","8","6","9","15","0","17","19","24","18","13","18","4","15","21","24","18","18","20","1","3","8","4","2","5","2","1","9","5","4","4","3","4","490","150","121","37","29","8","15","5","70","59","11","10","1","1","0","1","1","3","112","35","36","7","15","5","3","3","13","42","5","6","0","1","0","1","0","0"
"s25","voters","RICH122","18","15","1","0","0","0","0","0","0","0","2","10","8","0","0","1","0","2","0","0","0","0","0","0","0","0","0","0","0","0","0","0","0","0","0","0","0","0","0","0","0","1","0","0","0","0","0","2","0","1","1","4","0","0","0","1","1","3","2","0","0","0","0","0","0","1","0","0","0","0","0","0","0","0","0","0","0","0","0","1","0","0","0","0","0","0","1","0","0","0","0","0","0","0","0","0","0","0","0","0","0","5","6","3","1","0","0","0","0","0","0","1","0","0","0","0","0","0","0","1","0","0","0","1","0","0","0","0","0","0","0","0","0","0","0","0","0"
"s25","voters","RICH123","1299","967","74","23","12","7","5","0","10","0","201","535","764","252","24","57","6","35","1","7","2","3","0","1","2","6","0","2","0","23","5","15","2","11","1","7","1","12","2","3","2","14","2","1","1","3","28","49","65","57","59","105","5","43","67","100","101","106","179","0","1","4","5","4","12","16","0","0","2","4","1","6","19","1","9","24","20","17","18","15","2","10","14","20","20","10","21","0","1","3","3","1","7","8","0","2","7","7","5","5","8","506","164","117","32","36","1","14","6","91","46","9","6","1","3","0","1","1","7","108","32","26","12","4","3","3","2","11","33","10","6","0","2","0","0","1","5"
"s25","voters","RICH124","1334","995","73","24","8","2","3","1","13","0","215","584","750","138","8","29","8","73","2","8","1","4","1","1","0","9","0","3","0","24","3","12","1","14","3","4","0","3","2","5","1","10","0","0","1","3","26","31","83","71","85","118","4","36","53","100","88","107","190","0","2","2","4","4","5","23","0","2","1","4","3","7","16","2","6","9","26","16","20","26","1","11","12","18","19","22","27","0","0","2","2","5","5","8","1","2","4","8","1","6","7","520","192","118","26","36","4","8","6","85","37","13","7","1","0","0","0","0","15","97","29","20","24","12","2","9","2","20","35","7","5","1","1","0","1","0","1"
"s25","voters","RICH125","995","755","39","25","5","11","3","1","4","0","152","379","616","180","15","68","7","7","0","0","0","0","0","0","0","1","0","0","0","0","0","0","0","6","1","1","1","0","0","0","0","9","1","3","1","1","25","35","33","43","62","74","5","53","69","60","68","79","148","0","1","3","6","1","5","3","0","0","2","4","1","3","10","2","15","11","11","5","10","10","1","14","18","17","14","11","13","0","1","3","4","5","5","5","1","4","9","5","2","3","2","385","138","72","24","26","5","7","13","85","28","7","0","0","0","0","0","2","2","78","30","13","13","8","2","3","1","4","27","8","6","2","3","0","0","0","3"
"s25","voters","RICH126","792","616","32","12","2","6","0","1","6","0","117","304","488","94","7","28","5","12","0","1","0","0","0","0","0","0","0","0","0","4","0","1","0","4","0","0","0","1","3","2","0","5","0","0","0","0","14","21","32","35","42","79","4","30","50","53","42","72","142","0","1","0","6","2","1","3","0","0","3","4","3","4","5","2","9","6","12","12","10","6","0","7","10","15","10","10","8","0","1","1","3","0","6","0","1","3","2","4","1","2","3","312","86","79","23","30","3","9","7","67","17","7","6","1","1","0","0","0","0","72","15","12","9","4","1","0","0","4","18","5","0","1","0","0","0","0","3"
"s25","voters","RICH127","2130","1567","122","53","3","8","6","0","20","0","351","897","1233","151","15","32","10","102","7","18","8","12","3","4","0","18","1","6","0","67","18","46","8","25","2","5","0","15","3","8","1","25","7","7","2","1","23","73","115","103","91","201","3","23","107","175","148","167","337","0","0","5","7","16","18","23","1","3","2","6","8","15","18","0","3","19","46","37","27","50","0","4","23","32","44","36","30","0","1","2","6","12","4","14","0","1","5","9","16","9","11","908","299","162","58","37","9","11","4","79","81","13","16","3","4","0","1","0","4","210","53","30","15","10","2","5","4","22","66","16","3","3","0","0","1","0","1"
"s25","voters","RICH128","969","764","39","13","4","5","4","0","9","0","131","415","554","63","9","13","5","46","3","5","0","2","0","0","0","18","0","1","0","37","5","15","3","10","0","3","0","6","2","1","0","7","0","5","1","1","16","30","54","51","57","93","2","25","41","67","76","79","172","0","0","1","2","5","7","5","0","1","1","1","0","4","12","0","4","7","19","18","10","15","0","5","8","14","6","14","11","0","4","2","2","2","6","4","0","0","2","3","2","3","5","392","129","93","26","26","6","4","3","85","21","4","5","3","0","0","0","0","6","61","22","16","8","2","4","2","5","11","22","6","3","2","1","0","0","0","1"
"s25","voters","RICH129","477","347","30","15","1","5","2","0","8","0","69","204","273","40","5","12","5","12","1","2","1","3","2","0","0","15","2","0","0","12","4","8","0","3","0","2","1","8","2","1","0","14","2","3","0","2","4","19","31","27","22","35","2","7","23","53","30","30","62","0","0","1","7","4","3","5","0","0","1","5","0","1","3","0","0","4","9","5","2","10","0","2","6","11","10","4","6","0","1","3","3","2","1","4","0","1","2","3","0","5","6","192","62","42","7","10","0","2","3","29","23","5","1","0","0","0","0","0","1","43","9","7","2","1","2","0","0","5","21","4","4","0","0","1","0","0","1"
"s25","voters","RICH130","143","109","5","4","1","0","0","0","0","0","24","40","103","9","0","6","0","2","0","0","0","0","0","1","0","0","0","0","0","0","0","0","0","6","1","2","0","0","0","0","0","2","0","0","0","0","2","8","2","5","4","7","3","13","6","19","9","12","19","0","0","0","0","1","0","0","0","0","1","1","0","2","0","0","2","1","0","1","3","1","1","3","4","1","2","3","2","0","0","1","0","0","1","1","0","0","0","0","1","0","1","60","19","13","3","6","0","2","1","5","3","1","1","0","0","0","0","0","0","17","3","2","1","0","0","0","1","0","3","1","0","0","1","0","0","0","0"
"s25","voters","RICH131","261","201","14","7","2","0","0","0","3","0","34","113","148","71","6","15","2","4","0","0","0","0","0","0","0","0","0","0","0","4","2","0","0","0","0","0","0","1","1","0","0","0","0","0","0","0","4","7","11","14","22","23","0","10","21","18","18","25","28","0","2","0","0","2","2","1","0","0","1","1","3","1","1","0","2","5","1","4","5","1","0","1","2","3","5","1","4","0","0","1","0","0","2","4","0","1","1","1","0","0","2","110","29","22","7","10","0","3","2","18","10","2","2","0","0","0","0","0","0","19","4","2","1","3","2","1","0","2","9","2","0","0","0","0","0","0","1"
"s25","voters","RICH132","1144","853","68","28","8","9","2","1","5","0","170","460","684","196","22","61","15","8","0","2","0","1","0","1","0","5","1","0","0","7","2","4","1","8","1","3","1","3","0","1","0","6","1","2","0","1","30","38","33","55","59","103","5","54","67","60","58","83","207","0","3","3","7","3","9","8","0","0","10","6","9","3","7","3","8","19","19","11","15","8","1","7","18","19","17","12","13","0","3","6","4","5","3","4","0","5","6","5","2","4","6","445","136","101","29","32","6","12","5","87","43","7","7","2","2","0","2","2","3","92","26","24","9","7","2","3","1","6","33","14","5","0","0","0","0","0","1"
"s25","voters","RICH133","622","461","40","9","5","4","4","1","5","0","93","239","383","190","10","48","12","3","0","2","0","0","0","0","0","2","0","0","1","4","3","1","1","1","0","3","0","7","2","3","0","2","0","1","0","6","12","19","25","28","39","40","4","45","43","37","33","45","85","0","2","2","3","1","5","7","0","1","0","4","3","3","9","2","10","4","3","7","5","8","1","16","8","5","7","5","12","0","0","1","1","2","2","5","0","2","4","3","6","0","2","237","85","57","15","17","4","5","4","37","26","3","8","1","0","0","0","0","2","53","8","9","2","6","2","4","1","8","20","4","2","0","1","0","0","0","1"
"s25","voters","RICH134","513","371","34","8","6","2","3","0","11","0","78","204","309","135","11","28","9","10","0","1","1","0","0","0","0","4","0","0","1","1","2","5","1","0","0","1","0","0","0","0","0","1","0","0","0","0","7","10","15","19","36","50","2","22","33","26","21","29","101","1","1","3","4","4","4","8","0","0","1","1","1","1","5","0","5","2","7","2","9","7","0","4","7","5","8","8","14","0","1","2","1","1","1","4","0","3","4","4","0","1","8","189","71","46","14","12","3","3","4","29","26","4","2","0","0","0","0","0","2","41","9","10","6","7","2","1","1","1","26","3","1","0","0","0","0","0","0"
"s25","voters","RICH135","1352","995","97","23","6","4","4","0","10","0","213","554","798","289","26","75","10","38","1","1","1","1","0","0","0","6","0","1","1","19","2","7","1","19","2","13","0","7","1","1","0","17","4","4","1","0","21","43","60","73","75","106","8","51","88","107","103","90","170","0","4","6","7","4","12","21","0","4","5","9","2","9","14","2","10","15","27","24","10","11","4","15","14","27","14","13","27","0","0","4","4","7","5","3","0","2","1","6","6","5","4","493","183","127","33","31","14","10","7","97","64","11","12","1","0","1","1","0","7","123","32","15","10","13","6","3","0","11","32","7","2","1","0","2","0","0","3"
"s25","voters","RICH136","1500","1161","74","30","18","11","6","0","10","0","190","613","887","322","26","65","30","33","1","4","2","1","0","1","0","4","0","0","0","18","0","5","1","7","0","0","0","4","1","2","1","12","0","1","0","3","26","52","65","66","88","138","9","64","91","114","92","115","238","1","2","4","11","6","10","8","0","1","0","7","5","5","14","1","8","13","26","9","18","25","0","8","14","16","17","16","19","1","2","3","6","7","7","7","1","3","7","6","10","5","10","620","189","148","36","35","10","22","8","93","50","8","5","0","2","1","1","1","6","99","28","22","8","12","2","1","1","17","49","12","5","1","2","0","0","1","5"
"s25","voters","RICH137","268","205","10","3","1","4","2","1","1","0","41","110","158","77","7","22","6","1","0","0","0","0","0","0","0","0","0","0","0","2","0","0","0","0","0","0","0","0","0","0","0","1","0","1","0","2","7","5","12","15","14","24","4","21","25","30","15","12","19","0","1","4","1","0","1","1","0","0","0","1","0","1","0","0","5","2","1","3","2","1","1","6","7","3","3","5","2","0","0","1","4","2","0","2","0","1","0","0","0","0","2","115","30","31","7","9","1","2","2","8","7","1","1","0","0","0","0","0","1","25","8","1","2","4","0","0","0","1","7","0","2","0","2","0","0","0","1"
"s25","voters","RICH138","404","291","27","10","5","6","4","0","2","0","59","149","255","128","18","29","9","7","0","1","1","0","0","0","0","0","0","0","0","0","0","3","1","0","0","0","0","0","0","0","0","2","1","0","1","2","18","13","9","13","19","29","5","33","37","26","20","31","36","0","5","3","1","0","1","2","0","1","3","5","2","0","4","0","7","2","2","6","3","2","2","6","10","7","3","3","6","0","2","2","3","1","1","3","1","6","2","1","1","3","1","143","55","44","12","3","0","5","3","26","21","1","4","1","0","0","0","0","0","35","6","7","1","4","1","1","0","4","18","4","0","1","1","1","0","1","1"
"s25","voters","RICH139","681","497","37","14","3","2","4","0","5","0","119","261","420","261","20","71","9","3","1","1","0","0","0","0","0","0","0","0","0","3","0","0","1","0","0","0","0","3","1","1","0","8","0","0","0","2","15","33","23","16","33","52","6","55","59","50","40","41","72","1","2","5","2","4","4","7","1","0","3","2","1","2","3","0","8","12","8","5","5","11","6","11","17","8","6","9","13","0","2","5","1","2","1","2","0","4","2","4","1","1","3","262","101","66","13","11","4","5","5","30","28","5","2","0","0","0","1","0","1","74","18","8","7","3","2","1","1","5","20","6","0","0","1","0","0","0","1"
"s25","voters","RICH140","570","420","51","8","1","2","1","0","2","0","85","246","324","75","9","19","1","6","0","1","0","2","0","2","0","4","0","1","0","11","3","8","1","12","0","4","2","2","4","2","1","23","4","6","0","0","7","11","23","24","25","67","2","11","27","40","33","35","115","0","2","5","2","8","3","11","0","0","2","3","5","4","6","0","4","8","9","10","9","9","0","2","4","5","5","9","11","0","1","1","1","3","1","2","1","0","1","0","2","1","0","205","61","48","15","10","0","8","2","71","35","6","4","1","2","0","0","0","3","36","15","8","6","5","1","0","2","12","10","1","3","0","0","0","0","0","0"
"s25","voters","RICH141","855","633","54","18","5","6","6","0","3","0","130","334","521","153","18","45","11","13","1","1","1","0","0","0","0","5","1","1","0","8","0","3","0","11","0","1","0","5","2","0","0","6","4","3","0","1","13","31","29","41","42","76","2","28","49","57","57","64","143","0","5","3","2","8","10","4","0","3","1","1","5","8","4","0","5","8","11","10","6","10","0","9","17","18","18","8","10","0","1","2","2","4","3","7","0","3","2","3","3","4","4","303","110","88","32","20","3","12","9","56","35","7","4","0","1","0","0","1","6","74","17","14","7","7","1","1","1","8","20","6","6","3","0","0","2","0","1"
"s25","voters","RICH142","185","123","21","13","0","0","1","0","5","0","22","60","125","16","4","9","2","1","0","0","0","1","0","0","0","2","0","0","0","4","3","0","3","2","3","0","2","0","1","1","1","2","0","0","1","0","3","2","5","4","11","10","3","4","7","15","20","17","22","0","0","1","3","1","3","2","0","0","1","1","2","3","4","0","1","1","2","0","1","4","0","1","4","3","1","1","3","0","0","3","0","0","1","2","0","3","1","2","3","2","2","83","15","14","4","1","0","0","0","6","16","2","1","1","0","0","0","0","1","13","5","0","1","1","0","1","0","1","16","2","0","1","0","0","0","0","0"
"s25","voters","RICH143","556","391","37","16","4","4","4","0","6","0","94","244","312","75","11","20","6","6","0","3","1","4","0","0","0","2","0","1","0","19","6","10","1","5","0","1","0","2","0","2","0","3","0","2","0","1","5","37","25","20","34","41","4","17","29","42","38","31","67","0","2","2","3","4","5","10","1","0","1","0","2","2","5","0","3","8","12","9","6","7","0","8","13","13","3","7","5","0","2","1","3","0","3","1","0","6","6","6","3","2","1","229","64","39","13","14","1","3","2","26","23","5","5","1","0","1","0","0","2","55","15","9","4","4","0","1","0","6","20","7","4","2","1","0","0","0","0"
"s25","voters","RICH144","682","534","22","15","2","3","3","0","7","0","96","311","371","66","1","11","5","29","2","2","1","2","1","1","1","13","0","3","0","23","1","12","0","9","1","4","0","1","1","0","0","10","1","2","3","1","11","17","38","38","32","90","2","10","25","62","54","47","107","0","0","1","5","0","4","6","0","0","1","1","0","4","0","0","3","7","11","12","6","9","0","5","4","4","10","8","17","0","0","1","4","5","3","7","0","2","2","2","0","1","3","260","89","60","18","20","3","11","2","71","13","2","3","0","1","0","0","0","3","50","15","9","6","1","0","3","1","11","20","4","2","0","1","0","0","2","1"
"s25","voters","RICH145","611","420","64","19","0","2","3","0","3","0","100","282","329","59","7","13","4","9","1","8","1","2","2","4","0","3","0","1","0","26","5","8","1","28","0","6","2","6","4","3","3","16","3","6","0","1","4","9","23","21","33","82","0","8","22","33","35","45","104","0","1","1","2","2","7","25","0","1","0","3","4","6","12","1","7","5","7","6","8","24","0","3","2","5","7","10","15","0","0","0","0","5","1","7","0","0","0","2","2","2","8","206","75","42","12","10","5","5","2","63","37","8","11","0","1","0","0","0","7","56","13","12","4","3","1","1","2","8","13","5","5","0","1","1","2","0","0"
"s25","voters","RICH146","256","214","7","1","3","3","1","0","1","0","26","98","158","22","0","6","2","1","0","0","0","2","0","0","0","1","0","0","0","4","0","0","1","1","2","0","0","0","1","1","0","0","0","0","0","3","3","13","7","12","21","22","2","13","20","13","20","20","45","0","0","0","2","0","0","1","0","0","1","1","1","0","1","0","1","0","1","1","4","2","1","2","3","6","1","1","3","0","0","1","0","2","1","1","0","0","2","2","0","0","0","110","31","28","6","7","2","5","0","25","2","1","3","0","0","0","0","0","1","12","1","6","2","2","0","1","1","1","4","5","0","0","0","0","0","0","0"
"s25","voters","RICH147","277","211","17","2","2","2","0","0","3","0","40","95","182","34","4","12","1","3","0","0","0","0","0","1","0","0","0","0","0","7","1","0","0","0","0","0","0","1","2","0","0","7","0","1","0","1","5","11","10","10","14","18","3","7","27","25","26","33","21","0","0","0","2","1","5","1","0","0","1","0","3","2","2","1","1","5","3","1","3","0","0","2","2","11","8","0","3","0","0","1","0","0","2","0","0","2","1","2","1","0","0","116","40","22","6","10","3","3","1","10","13","1","2","0","0","0","0","1","0","25","4","5","3","0","0","1","0","2","7","1","0","1","0","0","0","0","0"
"s25","voters","RICH148","42","28","7","3","0","0","0","0","0","0","4","13","29","3","1","0","1","0","2","0","0","0","0","0","0","1","0","0","0","0","1","0","0","4","1","2","1","2","0","0","0","2","0","0","0","0","1","1","0","1","0","4","0","0","3","5","1","5","7","0","0","0","1","0","2","0","0","0","0","1","1","1","1","0","0","0","2","0","0","0","0","0","0","0","2","0","0","0","0","1","0","0","0","0","0","1","1","0","0","0","0","12","7","5","0","4","0","0","0","0","3","2","2","0","0","0","0","0","0","2","1","1","0","0","0","0","0","0","0","3","0","0","0","0","0","0","0"
"s25","voters","RICH149","313","219","21","9","3","4","5","0","2","0","50","118","195","82","10","22","12","2","0","0","0","1","0","0","0","0","0","1","0","0","0","0","0","0","1","0","0","1","0","0","0","1","1","2","0","2","15","13","14","7","14","17","4","27","22","18","17","24","25","0","0","2","3","1","2","2","0","0","4","1","4","0","2","0","1","3","4","2","3","5","0","5","9","4","4","6","4","0","0","4","1","0","2","1","0","4","4","1","1","5","0","122","37","24","8","4","5","5","1","13","17","0","2","1","0","0","0","1","0","32","7","2","1","3","1","0","1","3","16","2","3","0","1","0","0","0","1"
"s25","voters","RICH150","168","122","9","2","0","0","0","0","3","0","32","70","98","37","4","12","1","2","0","0","0","0","0","0","0","0","0","0","0","3","0","2","0","0","0","0","0","0","0","0","0","4","0","1","0","0","4","5","2","2","6","29","0","8","6","7","8","11","34","0","0","0","1","0","1","1","0","0","0","0","1","4","1","0","2","3","4","5","0","3","0","2","4","0","3","1","5","0","0","0","1","0","0","1","0","1","0","0","0","0","2","71","16","13","2","5","2","4","2","7","7","2","0","0","0","0","0","0","0","20","2","3","0","3","1","0","1","2","4","0","1","0","0","0","0","0","0"
"s25","voters","RICH151","38","25","2","1","0","2","0","0","0","0","8","13","25","5","1","2","2","0","0","0","0","0","0","0","0","0","0","0","0","0","1","0","0","0","0","0","0","0","0","0","0","0","0","0","0","0","2","3","0","2","1","1","0","3","3","2","1","3","4","0","0","0","0","0","0","0","0","1","1","0","0","0","0","0","0","1","0","0","1","1","0","1","4","0","0","0","0","0","0","0","0","1","0","0","0","0","0","0","1","1","0","14","4","5","0","1","0","0","0","1","2","0","0","0","0","0","0","0","0","5","2","1","0","0","0","0","0","0","2","0","0","1","0","0","0","0","0"
"s25","voters","RICH152","79","57","3","2","2","0","0","0","5","0","10","30","49","1","0","0","0","5","2","1","1","0","0","0","0","2","0","0","0","0","0","0","0","0","0","0","0","1","0","1","0","0","0","0","0","0","0","2","3","7","5","5","0","2","4","4","4","10","11","0","0","0","0","0","1","2","0","0","0","0","0","0","0","0","0","0","0","2","0","1","0","0","0","1","1","1","4","0","0","0","0","1","0","1","0","1","0","3","1","1","1","28","10","8","4","2","0","1","0","4","2","0","0","0","0","0","0","0","1","7","1","0","0","0","0","0","0","2","6","1","0","0","0","0","1","1","0"
"s25","voters","RICH804","4","2","2","0","0","0","0","0","0","0","0","1","3","0","0","0","0","0","0","0","0","0","0","0","0","0","0","0","0","0","0","0","0","0","0","0","0","0","0","0","0","0","0","0","0","0","0","0","0","0","0","0","0","0","0","0","2","0","0","0","0","0","0","0","0","1","0","0","0","0","0","0","1","0","0","0","0","0","0","0","0","0","0","0","0","0","0","0","0","0","0","0","0","0","0","0","0","0","0","0","0","1","0","1","0","0","0","0","0","0","0","0","0","0","0","0","0","0","2","0","0","0","0","0","0","0","0","0","0","0","0","0","0","0","0","0","0"
"s25","voters","RICH805","3","2","0","0","0","0","0","0","0","0","1","1","2","0","0","0","0","1","0","1","0","0","0","0","0","0","0","0","0","0","0","0","0","0","0","0","0","0","0","0","0","0","0","0","0","0","0","0","0","0","0","0","1","0","0","0","0","1","0","0","0","0","0","0","0","0","0","0","0","0","0","0","0","0","0","0","0","0","0","1","0","0","0","0","0","0","0","0","0","0","0","0","0","0","0","0","0","0","0","0","0","1","0","1","0","0","0","0","0","0","0","0","0","0","0","0","0","0","0","1","0","0","0","0","0","0","0","0","0","0","0","0","0","0","0","0","0"
"s25","voters","RICH808","1","0","1","0","0","0","0","0","0","0","0","1","0","0","1","0","0","0","0","0","0","0","0","0","0","0","0","0","0","0","0","0","0","0","0","0","0","0","0","0","0","0","0","0","0","0","0","0","0","0","0","0","0","0","0","0","0","0","0","0","0","0","0","0","1","0","0","0","0","0","0","0","0","0","0","0","0","0","0","0","0","0","0","0","0","0","0","0","0","0","0","0","0","0","0","0","0","0","0","0","0","0","0","0","0","0","0","0","0","0","1","0","0","0","0","0","0","0","0","0","0","0","0","0","0","0","0","0","0","0","0","0","0","0","0","0","0"
"s25","voters","RICH810","0","0","0","0","0","0","0","0","0","0","0","0","0","0","0","0","0","0","0","0","0","0","0","0","0","0","0","0","0","0","0","0","0","0","0","0","0","0","0","0","0","0","0","0","0","0","0","0","0","0","0","0","0","0","0","0","0","0","0","0","0","0","0","0","0","0","0","0","0","0","0","0","0","0","0","0","0","0","0","0","0","0","0","0","0","0","0","0","0","0","0","0","0","0","0","0","0","0","0","0","0","0","0","0","0","0","0","0","0","0","0","0","0","0","0","0","0","0","0","0","0","0","0","0","0","0","0","0","0","0","0","0","0","0","0","0","0"
"s25","voters","RICH811","1","0","1","0","0","0","0","0","0","0","0","0","1","0","0","0","0","0","0","0","0","0","0","0","0","0","0","0","0","0","0","0","0","0","0","0","0","0","0","0","0","0","0","0","0","0","0","0","0","0","0","0","0","0","0","0","0","0","0","0","0","0","0","0","0","0","0","0","0","0","0","0","1","0","0","0","0","0","0","0","0","0","0","0","0","0","0","0","0","0","0","0","0","0","0","0","0","0","0","0","0","0","0","0","0","0","0","0","0","0","1","0","0","0","0","0","0","0","0","0","0","0","0","0","0","0","0","0","0","0","0","0","0","0","0","0","0"
"s25","voters","RICH814","2","2","0","0","0","0","0","0","0","0","0","1","1","0","0","0","0","0","0","0","0","0","0","0","0","0","0","0","0","0","0","0","0","0","0","0","0","0","0","0","0","0","0","0","0","0","0","0","0","0","0","1","0","0","0","0","0","0","1","0","0","0","0","0","0","0","0","0","0","0","0","0","0","0","0","0","0","0","0","0","0","0","0","0","0","0","0","0","0","0","0","0","0","0","0","0","0","0","0","0","0","2","0","0","0","0","0","0","0","0","0","0","0","0","0","0","0","0","0","0","0","0","0","0","0","0","0","0","0","0","0","0","0","0","0","0","0"
"s25","voters","RICH817","0","0","0","0","0","0","0","0","0","0","0","0","0","0","0","0","0","0","0","0","0","0","0","0","0","0","0","0","0","0","0","0","0","0","0","0","0","0","0","0","0","0","0","0","0","0","0","0","0","0","0","0","0","0","0","0","0","0","0","0","0","0","0","0","0","0","0","0","0","0","0","0","0","0","0","0","0","0","0","0","0","0","0","0","0","0","0","0","0","0","0","0","0","0","0","0","0","0","0","0","0","0","0","0","0","0","0","0","0","0","0","0","0","0","0","0","0","0","0","0","0","0","0","0","0","0","0","0","0","0","0","0","0","0","0","0","0"
"s25","voters","RODO101","90","66","7","3","1","1","0","0","0","0","12","27","63","7","0","2","1","1","1","0","0","0","0","0","0","0","0","0","0","2","0","0","0","0","0","0","0","0","0","0","0","0","0","1","0","0","1","1","2","3","3","6","0","4","9","10","8","12","7","0","0","2","0","0","1","1","0","0","0","1","0","1","1","0","0","0","2","1","2","0","0","2","0","2","0","3","0","0","0","1","1","0","0","0","0","0","1","1","0","1","0","39","7","7","3","1","1","2","1","5","4","2","0","0","0","0","1","0","0","7","0","1","2","0","0","0","1","1","4","1","0","0","0","0","0","0","0"
"s25","voters","RODO102","1408","878","246","52","15","7","7","0","1","0","202","634","774","206","40","55","16","13","1","4","2","2","1","0","0","2","0","1","0","10","3","5","2","16","4","6","1","4","2","1","0","41","9","8","1","0","24","46","47","50","80","106","4","39","62","87","84","96","153","2","6","13","16","17","35","46","0","5","9","12","19","23","43","3","8","10","22","14","16","23","3","14","18","17","16","17","21","1","4","5","8","6","13","13","0","4","1","6","10","7","4","470","157","95","24","26","6","14","5","81","148","34","28","6","8","0","0","0","22","110","35","17","11","7","3","0","1","18","52","10","9","4","1","0","1","2","3"
"s25","voters","RODO103","1358","828","202","46","8","4","8","0","12","0","250","611","747","240","45","66","18","12","3","2","0","3","0","1","2","14","0","6","0","14","3","0","0","54","13","32","3","5","0","7","0","39","11","17","1","2","19","29","31","46","65","146","1","43","54","49","76","85","182","0","3","8","8","22","16","45","1","3","8","5","19","15","49","0","7","19","18","17","21","42","3","11","10","22","26","16","38","0","1","8","7","7","13","11","0","4","4","4","5","7","7","431","129","93","21","22","3","13","5","111","116","31","19","4","6","0","0","3","23","127","45","26","9","6","0","5","3","29","52","11","5","0","2","1","1","0","6"
"s25","voters","RODO801","4","3","0","1","0","0","0","0","0","0","0","3","1","1","0","0","0","0","0","0","0","0","0","0","0","0","0","0","0","0","0","0","0","0","0","0","0","0","0","0","0","0","0","0","0","0","0","0","0","0","1","1","0","0","0","0","0","0","1","0","0","0","0","0","0","0","0","0","0","0","0","0","0","0","0","0","0","0","0","0","0","0","0","0","0","0","0","0","0","0","0","0","0","1","0","0","0","0","0","0","0","1","0","1","0","0","1","0","0","0","0","0","0","0","0","0","0","0","0","0","0","0","0","0","0","0","0","0","0","0","0","0","0","0","0","0","1"
"s25","voters","ROLL101","593","442","50","13","1","4","1","0","5","0","77","257","336","239","14","44","14","6","1","0","0","0","0","0","0","1","1","0","0","6","1","2","1","5","4","1","0","8","2","6","0","18","2","1","2","3","22","26","22","20","41","41","3","38","46","35","38","46","61","0","1","2","8","3","7","12","0","0","3","4","2","2","6","1","7","5","7","8","5","6","0","5","7","5","4","8","9","1","1","1","0","2","3","2","0","1","2","4","3","2","2","228","83","56","13","16","1","4","2","39","38","6","2","1","0","0","0","0","3","38","11","8","4","3","1","2","2","8","17","3","3","0","0","0","1","0","0"
"s25","voters","ROLL102","62","37","15","0","1","0","0","0","0","0","9","31","31","13","2","0","0","1","0","0","0","0","0","0","0","0","0","0","0","2","0","0","0","1","0","3","0","0","0","0","0","0","0","0","0","0","1","4","3","1","2","5","0","3","2","6","2","4","4","0","0","1","3","0","0","4","0","0","1","1","1","1","3","0","1","0","1","2","1","1","0","0","1","0","1","1","0","0","0","0","0","1","0","0","0","0","0","0","0","0","0","27","4","0","3","1","1","0","0","1","6","3","3","0","0","0","0","0","3","5","0","2","1","0","0","1","0","0","0","0","1","0","0","0","0","0","0"
"s25","voters","SARA101","151","84","18","5","0","0","3","0","1","0","40","75","76","2","1","0","0","5","1","4","0","0","0","0","0","0","0","0","0","2","0","6","0","2","0","1","0","2","0","0","0","0","0","0","0","0","2","0","6","7","9","19","1","3","2","7","9","4","15","0","1","1","0","1","2","5","0","1","0","1","1","1","4","1","1","0","3","6","1","7","0","1","0","1","7","4","8","0","0","0","1","1","0","1","0","0","0","2","0","1","3","49","16","8","1","2","1","0","0","7","9","0","3","0","2","0","1","0","3","23","2","6","3","2","1","0","1","2","2","7","0","0","0","0","0","0","0"
"s25","voters","SARA102","660","419","100","18","0","1","2","0","2","0","118","306","354","22","6","5","4","30","4","8","1","4","0","2","0","7","4","0","0","8","2","5","0","5","0","2","0","2","0","2","0","1","4","0","0","2","8","8","25","34","28","60","3","21","15","41","44","49","81","1","3","1","6","13","10","26","0","2","2","6","1","8","21","3","5","4","15","18","14","11","1","2","1","11","18","10","5","0","1","0","2","2","2","4","0","2","0","3","3","2","2","219","79","40","15","8","1","4","4","49","54","15","8","0","1","0","1","0","21","51","21","11","5","6","1","4","4","15","16","2","3","0","0","0","0","1","1"
"s25","voters","SARA103","465","281","79","11","0","0","4","1","7","0","82","221","244","7","4","6","3","13","1","2","0","1","1","0","0","4","2","0","0","17","4","10","1","4","0","2","1","1","0","0","0","2","0","1","0","1","12","8","11","15","26","47","2","14","12","15","28","32","58","2","1","1","6","9","5","19","0","1","1","2","3","6","23","0","2","3","4","8","13","18","1","3","0","6","5","7","12","0","1","0","0","3","4","2","0","0","0","1","4","0","8","140","48","37","9","2","1","3","2","39","37","10","5","2","1","0","1","0","23","51","6","9","3","2","1","0","1","9","9","7","4","0","0","1","0","1","1"
"s25","voters","SARA104","2136","1336","310","83","7","7","16","0","5","0","372","1002","1134","80","23","19","4","87","21","19","5","2","0","0","1","9","1","3","3","34","10","20","0","19","2","12","1","4","0","1","1","28","5","8","3","8","29","56","95","92","86","183","5","48","73","130","136","130","265","0","6","11","21","26","42","69","0","6","11","16","15","28","59","5","12","16","46","40","36","63","1","10","17","27","36","30","33","0","10","10","11","10","7","12","2","2","4","7","13","7","23","739","224","143","35","29","7","11","15","133","176","43","25","6","5","1","2","5","47","193","60","38","21","11","2","5","2","40","75","20","10","3","0","1","2","0","7"
"s25","voters","SARA801","1","1","0","0","0","0","0","0","0","0","0","0","1","0","0","0","0","0","0","0","0","0","0","0","0","0","0","0","0","0","0","0","0","0","0","0","0","0","0","0","0","0","0","0","0","0","0","0","0","0","0","0","0","0","0","1","0","0","0","0","0","0","0","0","0","0","0","0","0","0","0","0","0","0","0","0","0","0","0","0","0","0","0","0","0","0","0","0","0","0","0","0","0","0","0","0","0","0","0","0","0","1","0","0","0","0","0","0","0","0","0","0","0","0","0","0","0","0","0","0","0","0","0","0","0","0","0","0","0","0","0","0","0","0","0","0","0"
"s25","voters","SHEL101","391","240","79","13","0","0","2","0","0","0","57","185","206","9","6","3","5","10","2","2","0","0","1","0","0","1","0","0","0","7","1","2","2","2","0","2","1","0","0","0","0","2","1","1","0","0","8","8","20","15","20","33","1","12","11","14","24","32","42","0","4","3","3","5","15","18","0","1","0","1","6","7","16","1","2","2","2","5","7","10","2","1","3","5","5","3","9","0","0","0","3","1","0","0","1","2","0","1","1","2","4","125","48","20","6","4","1","2","0","34","42","11","5","3","2","0","4","0","12","32","9","7","2","0","3","0","1","3","10","5","0","0","0","0","0","0","0"
"s25","voters","SHEL102","154","78","45","4","0","1","2","0","1","0","23","76","78","9","3","0","0","1","5","0","0","1","0","0","1","2","0","0","0","2","1","5","0","2","0","0","0","1","0","0","0","0","0","0","0","0","2","3","6","6","5","12","0","2","2","8","5","12","15","0","3","1","2","2","9","8","1","2","0","3","3","3","8","0","1","1","0","3","3","4","0","0","1","1","1","4","4","0","0","0","0","1","1","3","0","0","1","0","0","0","2","52","9","9","2","0","0","1","0","5","25","8","4","2","2","0","0","0","4","9","4","6","1","1","0","0","0","2","6","1","0","0","0","0","0","0","1"
"s25","voters","SPAB101","126","93","14","2","1","1","0","0","1","0","14","48","78","15","2","1","1","1","0","0","0","0","1","0","0","0","0","0","0","1","0","1","0","1","0","1","0","5","1","0","0","3","0","0","0","0","4","4","7","4","6","9","0","4","4","6","6","11","28","0","1","0","0","0","1","6","0","0","1","0","4","1","0","0","0","1","1","2","0","0","0","2","4","1","2","1","0","0","0","0","1","0","0","1","0","0","0","1","2","0","0","52","16","14","1","6","0","1","1","2","8","2","3","0","1","0","0","0","0","4","3","3","1","1","0","0","0","2","4","1","0","0","0","0","0","0","0"
"s25","voters","SPAB102","531","394","38","14","6","3","3","0","4","0","69","192","339","83","10","9","7","9","1","1","0","1","0","1","0","0","0","0","0","5","3","1","0","5","0","0","0","2","0","3","0","33","3","7","3","0","7","12","17","14","22","50","3","15","21","37","30","44","122","0","0","1","2","3","5","8","0","0","0","3","4","1","11","0","3","8","5","5","6","9","0","4","2","7","6","4","10","0","3","4","2","0","4","2","0","2","0","3","0","3","7","209","58","54","11","17","4","7","1","33","25","4","3","2","1","0","1","0","2","33","12","8","2","5","0","1","1","7","23","1","2","2","0","0","0","1","1"
"s25","voters","SPAB103","231","150","26","3","2","0","3","0","1","0","46","93","138","40","7","17","1","4","1","0","0","0","0","0","0","0","1","0","0","0","1","1","0","6","3","6","0","3","1","0","0","4","1","2","0","1","3","11","9","5","13","14","0","16","16","12","13","14","23","0","1","3","0","2","4","3","1","1","2","0","2","1","6","0","1","2","4","4","6","1","1","6","5","4","7","3","2","0","0","2","1","1","2","0","0","1","1","1","0","0","0","104","22","10","2","0","1","2","1","8","19","4","0","0","0","0","0","1","2","33","3","4","2","2","0","1","1","0","6","2","1","0","0","0","0","0","0"
"s25","voters","SPAB104","876","582","94","26","2","6","5","0","2","0","159","355","521","254","37","87","14","1","1","1","1","0","0","0","0","0","0","0","1","8","2","2","0","8","1","1","0","5","8","3","3","31","5","4","1","6","16","35","27","32","38","66","1","51","65","51","51","58","85","0","1","4","3","10","9","17","0","2","3","6","7","8","24","3","4","10","13","14","14","12","0","8","23","12","18","11","17","0","4","3","3","4","3","4","1","2","4","5","3","1","4","296","108","83","24","15","3","3","2","48","57","18","7","3","2","0","0","1","6","96","7","18","15","2","2","1","2","16","22","12","4","0","2","0","0","0","1"
"s25","voters","SPAB105","390","278","39","10","2","1","0","0","3","0","57","176","214","55","9","15","2","5","3","1","0","2","1","0","0","3","0","2","0","4","3","4","0","0","0","3","1","3","0","0","1","0","0","0","1","0","10","14","16","18","17","37","0","10","10","24","25","35","62","1","0","3","2","0","7","12","0","0","0","3","3","4","4","0","3","2","6","3","13","5","0","2","5","7","5","2","4","0","1","1","0","0","3","2","0","1","1","0","3","1","3","163","51","19","7","3","1","3","4","27","22","7","4","0","2","0","1","0","3","32","7","7","5","3","1","0","0","2","12","2","0","0","1","0","0","1","0"
"s25","voters","SPAB106","772","540","67","20","2","7","3","0","4","0","129","318","454","249","30","69","12","2","2","1","0","1","0","0","0","3","0","0","0","7","1","3","0","14","2","2","1","12","2","2","2","14","6","5","0","2","26","24","24","28","49","57","5","47","55","47","44","46","86","1","1","6","4","6","6","11","0","1","4","5","4","8","10","1","13","7","10","9","5","9","0","11","15","11","11","18","9","0","1","1","2","7","2","6","0","5","1","1","1","3","6","309","88","66","19","11","6","6","4","31","40","9","13","0","2","0","1","1","1","73","21","12","8","4","0","1","1","9","28","3","5","0","0","0","0","0","0"
"s25","voters","SPAB107","722","515","53","19","1","6","1","0","3","0","124","289","433","299","31","67","16","4","0","0","1","0","0","0","0","0","0","1","0","1","1","0","0","6","2","2","0","7","2","6","0","7","0","1","1","5","26","32","24","21","41","33","5","61","68","51","37","46","65","0","8","2","6","5","4","4","0","4","2","4","2","5","7","3","9","10","6","6","14","12","2","11","11","17","11","6","6","0","5","1","3","3","2","4","1","2","3","0","1","3","2","285","96","57","13","20","2","8","3","31","43","6","2","1","1","0","0","0","0","74","18","13","4","3","2","2","1","7","20","7","2","1","0","0","0","0","0"
"s25","voters","SPAB108","774","513","72","25","6","7","1","0","5","0","145","303","471","190","26","57","12","3","0","1","0","3","1","1","0","5","0","0","0","11","7","23","2","10","4","2","0","14","4","4","1","20","9","4","7","3","17","23","22","27","39","50","4","46","53","43","54","64","68","0","2","6","5","4","10","10","1","0","2","5","5","6","16","4","13","4","8","13","10","13","3","12","12","8","18","13","14","0","2","4","1","2","6","5","0","3","4","3","5","3","6","301","92","52","17","15","1","4","4","27","45","13","9","0","1","1","1","2","0","87","18","10","6","8","1","4","2","9","26","7","6","1","3","0","0","0","1"
"s25","voters","SPAB109","511","354","38","12","5","6","2","0","0","0","94","210","301","165","12","48","13","3","1","0","0","0","0","0","0","0","0","0","0","3","0","5","0","1","0","1","1","2","5","1","0","7","0","3","0","0","12","17","19","18","16","46","1","26","39","32","28","36","64","0","0","1","2","3","5","8","0","1","1","2","2","8","5","0","6","7","15","3","13","6","0","7","10","8","4","8","7","1","2","2","3","0","2","3","0","3","1","1","2","2","3","190","62","43","10","7","1","5","1","35","25","3","7","0","0","0","1","0","2","51","17","12","5","2","1","0","0","6","13","6","3","1","0","0","0","0","2"
"s25","voters","SPAB110","663","459","53","17","4","2","2","0","5","0","121","262","401","308","30","75","16","4","0","1","0","0","0","0","0","1","0","1","0","4","1","4","0","3","0","0","1","3","2","1","0","4","0","0","0","2","22","21","21","19","28","45","7","54","62","44","31","32","71","0","4","8","4","5","7","6","0","1","1","1","6","5","5","1","10","8","10","6","10","11","2","13","10","13","8","7","12","0","1","1","3","3","3","3","1","4","1","6","1","3","0","245","89","50","15","15","1","7","0","37","32","6","8","2","1","0","1","1","2","62","19","16","4","4","3","3","4","6","23","4","1","0","0","1","0","0","1"
"s25","voters","SRAM101","22","8","7","2","0","0","0","0","0","0","5","10","12","0","0","1","0","0","1","0","0","0","0","0","0","0","0","0","0","0","0","0","0","2","0","1","0","0","0","0","0","0","0","0","0","0","0","0","1","0","0","0","0","1","2","0","1","1","2","0","0","1","2","1","1","0","0","0","0","0","0","1","1","0","0","0","1","1","1","0","0","0","0","0","1","0","1","0","0","1","0","0","0","0","0","0","0","1","0","0","0","5","0","1","1","0","0","0","0","1","2","3","0","0","0","0","0","0","2","0","3","0","0","0","0","0","0","2","0","1","0","0","0","1","0","0","0"
"s25","voters","SRAM102","332","183","60","16","1","1","1","0","1","0","69","156","176","16","4","1","2","4","2","2","1","1","2","2","0","9","0","1","0","25","16","19","2","14","2","8","1","5","0","1","0","3","1","1","0","0","3","8","12","17","19","17","0","7","7","14","30","17","32","0","0","1","3","6","12","9","0","0","0","3","5","6","15","1","0","3","5","10","6","12","0","1","1","3","14","7","6","0","1","0","1","4","4","2","0","0","0","1","0","2","5","110","28","26","5","6","0","2","0","6","39","8","8","2","0","0","0","0","3","40","9","6","8","3","0","0","0","3","12","4","3","0","0","1","0","0","0"
"s25","voters","SRAM103","372","193","44","5","0","0","0","0","1","0","129","162","210","7","4","7","0","1","0","3","0","6","2","2","0","3","0","0","0","25","16","25","0","58","5","32","1","1","0","0","0","3","0","1","2","0","9","1","4","31","18","5","6","27","10","13","48","16","5","1","3","1","3","10","7","2","0","2","0","6","5","3","1","2","8","2","3","27","18","4","2","8","1","9","30","10","5","0","0","0","2","0","1","0","0","0","0","0","2","1","0","105","38","22","9","6","0","4","4","5","25","9","4","4","0","2","0","0","0","64","23","19","7","1","2","5","1","7","5","1","0","0","0","0","0","0","0"
"s25","voters","SRAM104","180","96","36","10","0","3","1","0","0","0","34","87","93","10","6","4","1","0","1","0","1","0","0","0","0","3","0","0","0","5","2","5","0","7","0","2","2","1","0","1","0","3","0","0","1","0","4","5","7","5","11","10","0","2","10","6","17","8","11","0","0","1","1","2","6","7","0","0","2","3","3","6","5","0","1","2","4","7","8","1","0","1","2","1","5","2","0","0","1","0","0","2","1","1","0","1","0","1","0","4","3","60","16","14","1","3","0","0","1","1","23","4","4","0","1","0","0","0","4","18","7","2","0","3","0","0","0","4","12","2","0","0","0","0","0","0","0"
"s25","voters","SRAM105","320","170","61","8","0","1","1","0","1","0","78","142","178","21","4","2","1","6","6","3","1","2","0","3","0","1","0","1","0","8","8","11","1","23","1","9","0","1","0","1","0","2","0","1","0","3","9","9","10","9","11","10","0","9","18","13","27","26","16","1","2","1","0","9","13","3","0","0","1","5","10","7","9","2","2","2","6","13","16","5","0","2","2","8","9","7","4","0","2","0","0","2","1","1","0","0","1","0","3","1","0","116","23","12","8","2","1","2","1","5","31","9","7","1","1","0","1","0","11","43","11","12","2","1","0","3","2","4","7","2","0","1","1","0","0","0","0"
"s25","voters","SRAM106","185","96","50","8","0","0","2","0","0","0","29","87","98","7","2","2","1","3","0","2","0","0","0","1","0","2","1","1","0","4","4","5","0","6","1","2","0","0","0","0","0","2","0","0","0","0","3","2","5","14","6","8","0","6","3","10","16","7","16","1","1","0","2","4","8","12","1","0","0","1","2","7","11","0","2","0","3","6","3","1","0","1","0","4","4","1","4","1","2","0","1","1","0","1","1","1","0","0","0","1","1","51","17","12","3","1","3","0","1","8","29","6","3","1","1","0","0","0","10","15","7","2","1","1","0","1","0","2","5","4","0","0","1","0","0","0","0"
"s25","voters","SRAM107","1463","769","168","26","2","2","6","0","7","0","483","666","797","43","11","16","1","13","3","4","0","20","7","5","0","7","3","3","1","114","37","121","6","180","17","101","6","18","3","1","2","28","6","13","2","3","59","27","20","107","68","30","11","76","35","39","174","83","37","1","6","3","10","37","32","8","1","4","2","5","34","18","7","7","26","8","11","91","70","22","6","31","13","33","92","52","21","1","4","3","1","7","4","0","0","4","1","4","9","5","0","438","139","110","30","13","4","8","10","17","110","34","7","3","3","0","2","2","7","232","101","58","30","12","7","15","12","16","27","10","4","1","0","0","0","1","0"
"s25","voters","SRAM108","776","352","177","31","1","2","3","0","6","0","204","372","404","45","20","11","3","8","7","2","1","4","1","2","0","4","0","0","0","32","21","29","0","37","7","38","3","9","5","6","3","12","0","8","1","0","15","10","13","42","29","26","2","30","16","26","44","39","60","1","11","4","2","15","33","29","0","1","7","3","17","28","26","2","15","7","14","25","34","20","1","11","8","9","21","23","14","0","5","2","0","7","4","7","1","3","0","0","4","6","4","181","68","46","12","10","4","7","1","23","98","20","17","5","6","3","5","1","22","106","44","25","4","7","3","3","1","11","27","13","2","0","1","0","0","0","0"
"s25","voters","SRAM109","68","32","13","1","0","1","0","0","0","0","21","33","35","1","1","0","1","0","0","0","0","1","1","0","0","0","0","0","0","5","3","4","0","4","0","2","0","1","0","0","0","1","0","0","0","1","1","2","2","5","3","1","0","5","0","2","3","3","4","0","0","0","0","1","1","3","0","1","0","0","2","3","2","0","0","1","1","3","3","4","0","0","0","2","2","1","4","0","0","0","0","1","0","0","0","0","0","1","0","0","0","16","11","2","2","0","0","0","0","1","8","0","1","0","4","0","0","0","0","10","4","5","0","0","0","0","0","2","1","0","1","0","0","0","0","0","0"
"s25","voters","SRAM110","713","356","188","30","1","3","5","0","1","0","129","334","379","29","16","5","6","20","18","9","2","0","0","0","0","7","3","3","0","27","7","6","2","21","2","11","0","2","2","3","0","9","2","3","0","1","18","13","20","30","18","46","1","15","7","31","34","35","87","3","8","3","3","18","21","45","2","5","0","7","11","18","44","0","6","2","8","16","15","24","2","3","2","4","13","17","17","0","1","0","0","2","5","8","1","5","1","2","2","5","8","200","52","39","11","6","1","3","1","43","87","28","25","5","3","0","0","2","38","67","15","21","8","4","2","0","2","10","30","7","1","0","0","0","2","0","0"
"s25","voters","SRAM111","254","113","81","12","0","0","0","0","0","0","48","126","128","6","4","1","0","7","4","3","0","0","2","0","0","1","0","0","0","13","5","7","1","3","0","6","0","0","0","0","0","0","2","1","0","0","3","3","2","8","13","21","0","4","1","6","11","15","26","0","2","1","3","2","12","23","0","5","1","0","5","9","18","0","2","1","0","7","7","8","0","2","1","4","4","8","4","0","1","1","1","2","2","1","0","0","0","1","1","1","1","60","18","15","4","2","0","1","0","13","39","6","14","5","0","0","0","2","15","26","8","5","4","0","0","0","2","3","7","2","1","1","0","1","0","0","0"
"s25","voters","SRAM112","57","28","10","0","0","0","0","1","0","0","18","28","29","0","0","0","0","0","0","0","0","0","0","1","0","0","0","0","0","5","4","4","1","12","2","6","0","0","0","1","0","0","0","0","0","0","1","3","1","9","1","0","1","1","0","1","5","4","1","0","1","0","0","1","1","2","0","0","0","1","2","1","1","0","3","0","0","1","2","2","0","2","1","1","2","3","1","0","0","0","0","0","0","0","0","0","0","0","0","0","1","16","6","4","0","0","0","0","0","2","7","1","0","0","0","0","0","0","2","8","5","2","1","1","0","0","0","1","0","0","0","0","0","0","0","0","1"
"s25","voters","SRAM113","66","40","6","0","0","0","0","0","0","0","20","29","37","2","0","0","0","0","0","0","0","2","0","1","0","2","1","1","0","3","0","8","0","9","0","5","0","1","0","0","0","0","0","0","0","0","2","1","1","8","2","2","1","7","1","2","10","2","1","0","1","0","0","1","0","1","0","1","0","1","0","1","0","1","3","0","1","2","3","0","0","1","2","0","6","1","0","0","0","0","0","0","0","0","0","0","0","0","0","0","0","23","7","4","4","0","0","0","0","2","4","1","0","0","0","0","0","0","1","11","7","2","0","0","0","0","0","0","0","0","0","0","0","0","0","0","0"
"s25","voters","SRAM114","477","238","45","10","0","2","2","0","0","0","180","223","254","13","5","7","1","2","2","0","0","3","0","3","2","1","0","1","0","34","19","37","0","66","7","50","4","2","0","3","0","4","0","3","0","0","17","13","2","30","24","13","3","26","17","9","49","23","12","0","1","2","0","7","5","4","0","0","0","2","8","10","6","5","14","3","2","36","29","6","3","10","4","7","36","21","4","0","3","3","0","1","1","2","0","0","1","0","3","0","0","135","48","27","7","8","4","2","4","3","18","4","11","3","2","2","2","0","3","89","31","20","7","9","2","3","10","9","9","3","0","0","0","0","0","1","1"
"s25","voters","SRAM115","285","148","43","12","0","1","0","0","0","0","81","126","159","10","3","9","3","2","0","0","0","2","0","5","0","5","0","0","0","20","9","16","0","21","1","10","0","0","3","1","0","3","2","0","0","0","2","4","9","11","18","16","0","10","6","15","12","19","26","0","2","3","0","3","9","9","0","1","1","0","5","3","7","0","3","2","6","5","12","6","1","2","2","4","10","12","16","0","1","0","1","1","1","2","0","0","1","0","2","1","3","85","26","22","4","4","0","0","1","6","28","3","3","0","0","0","1","1","7","44","8","7","6","4","0","1","0","11","11","1","0","0","0","0","0","0","1"
"s25","voters","SRAM116","145","80","26","2","0","1","1","0","1","0","34","71","74","11","8","8","1","4","1","1","0","4","1","6","0","0","0","0","0","11","2","9","2","1","0","0","0","4","0","0","0","7","0","1","0","1","2","4","9","8","6","4","0","7","6","14","8","7","4","0","0","1","1","4","2","5","0","1","1","2","4","3","2","0","0","2","5","9","4","0","0","1","2","3","4","2","2","0","0","1","0","0","2","1","0","0","0","0","0","0","1","64","12","3","0","1","0","0","0","0","22","0","4","0","0","0","0","0","0","28","2","1","2","1","0","0","0","0","3","0","2","0","0","0","0","0","0"
"s25","voters","SRAM117","1051","505","135","14","0","3","4","0","3","0","387","490","561","36","12","16","2","8","3","9","0","10","11","8","0","6","0","0","0","56","33","86","2","132","23","88","7","10","5","6","1","19","4","11","2","2","41","19","20","61","59","15","10","65","22","25","107","50","9","2","9","3","5","30","23","5","1","0","2","5","19","25","6","3","24","8","7","81","50","13","5","28","4","19","82","45","18","0","5","0","0","3","2","0","0","3","1","0","6","3","1","264","101","78","12","20","3","7","3","17","71","27","21","3","4","1","2","0","6","196","72","51","22","11","2","9","7","17","10","7","3","0","2","0","1","0","1"
"s25","voters","SRAM118","1262","631","330","48","3","6","10","0","3","0","231","564","698","71","16","21","3","31","16","9","4","3","5","1","0","8","2","2","0","35","12","17","4","18","2","11","0","4","2","0","0","11","5","4","1","3","18","25","29","54","35","69","1","15","30","62","79","81","130","0","11","9","13","22","36","77","0","4","7","12","22","41","76","1","13","9","15","25","29","29","4","11","9","12","24","18","32","1","3","3","5","4","8","18","0","0","4","4","3","6","11","386","89","59","22","12","7","8","5","43","181","52","37","5","3","1","2","4","45","134","39","19","9","7","4","2","1","16","44","15","8","1","1","0","0","0","1"
"s25","voters","SRAM119","562","275","131","11","0","0","0","0","1","0","144","264","298","18","4","5","1","3","8","5","0","7","2","3","0","8","0","3","0","31","4","31","2","22","7","19","0","4","3","2","0","4","1","2","0","0","7","11","9","16","25","44","0","13","17","21","31","27","54","0","5","2","2","7","20","38","0","1","2","3","11","20","20","0","6","7","6","15","19","19","0","6","4","6","19","14","23","0","1","1","0","1","0","3","0","0","1","1","1","2","1","147","40","32","8","10","2","4","4","28","62","17","21","3","2","1","0","0","25","71","26","18","14","4","1","3","0","7","6","4","0","0","0","0","1","0","1"
"s25","voters","SRAM120","321","150","42","9","0","1","1","0","6","0","112","155","166","7","3","1","0","3","4","0","0","4","0","0","0","0","0","1","0","13","9","24","2","50","11","32","2","8","1","4","1","3","1","1","0","3","8","3","11","24","10","4","1","12","4","26","28","11","5","0","0","0","9","14","2","6","0","0","0","2","6","2","1","1","2","1","13","25","9","5","3","8","0","14","25","5","1","0","0","0","0","3","0","2","1","3","0","2","2","2","2","80","43","23","4","0","0","0","0","0","29","7","5","0","1","0","0","0","0","70","23","17","2","0","0","0","0","0","10","7","0","0","0","0","0","0","0"
"s25","voters","SRAM121","175","74","34","8","0","1","1","0","0","0","57","91","84","12","2","1","0","0","3","4","0","1","2","6","0","5","0","1","0","5","4","15","4","10","3","6","2","0","0","0","0","3","3","1","1","1","6","1","4","2","13","4","0","7","2","6","9","10","9","0","1","1","0","3","10","5","0","0","0","2","2","6","4","0","6","3","2","7","14","2","1","1","0","0","8","11","2","0","2","0","0","0","2","2","0","1","0","0","0","2","1","35","17","8","3","1","2","1","0","7","21","2","6","1","0","0","0","1","3","33","5","10","2","2","0","4","0","1","6","2","1","0","1","0","0","0","0"
"s25","voters","SRAM122","1345","710","167","25","2","4","4","0","5","0","428","581","764","40","15","22","5","14","7","5","2","7","4","6","0","6","2","3","0","85","34","72","4","142","15","100","5","15","5","8","0","17","4","3","2","4","33","26","30","92","65","32","6","74","30","65","154","58","41","1","6","7","5","25","29","9","1","3","7","14","25","27","8","2","22","6","14","81","56","17","5","29","14","37","96","31","18","0","2","4","1","3","7","2","0","5","3","4","4","3","2","416","130","93","25","19","2","14","6","5","105","21","21","7","8","0","2","2","1","235","79","60","24","11","2","8","4","5","33","3","2","1","1","0","0","0","0"
"s25","voters","SRAM123","1643","763","433","78","3","5","17","0","3","0","341","782","861","54","28","11","12","23","18","5","3","6","0","4","0","11","3","1","1","50","22","36","3","43","5","21","2","17","0","3","1","19","7","12","4","4","29","22","29","68","52","100","5","29","27","60","81","98","159","1","19","9","23","36","60","88","1","9","10","18","29","42","88","3","15","12","24","41","39","46","2","17","17","24","35","34","32","0","5","5","4","8","22","18","0","6","5","5","7","9","12","420","111","86","27","21","7","5","3","83","214","62","44","12","9","2","7","4","79","166","53","43","27","15","4","5","1","27","63","21","13","3","4","0","1","0","1"
"s25","voters","SRAM124","1137","637","203","27","3","5","5","0","4","0","253","519","618","56","11","16","8","19","12","8","0","13","10","8","0","7","6","2","1","63","22","35","3","55","3","33","3","15","4","4","0","16","1","2","2","1","16","40","81","43","42","37","4","38","55","102","65","56","57","0","6","15","21","25","24","20","0","4","8","12","23","25","20","2","6","12","36","38","22","11","3","8","10","32","34","21","18","0","2","4","3","7","4","1","0","0","6","4","5","3","5","423","123","52","11","6","2","2","3","15","130","33","17","6","3","2","1","2","9","164","45","23","8","2","1","1","2","7","35","5","2","1","1","0","0","0","0"
"s25","voters","SRAM125","909","434","238","40","1","3","5","0","2","0","186","450","459","39","10","14","1","11","8","7","3","5","1","0","1","11","1","3","2","33","12","24","4","12","10","17","2","8","2","5","1","16","4","4","1","0","15","23","24","32","40","65","2","20","25","23","43","51","71","0","10","3","10","21","28","48","0","0","6","11","20","29","52","2","12","10","10","27","19","23","2","5","9","9","22","16","20","0","4","2","0","7","7","8","0","3","1","1","1","6","11","238","64","47","17","12","0","5","2","49","111","32","32","10","6","1","4","3","39","105","28","21","8","3","1","6","0","14","32","9","5","2","0","0","1","0","2"
"s25","voters","SRAM126","1887","949","483","74","3","6","11","0","4","1","356","900","987","105","31","26","12","32","15","16","12","10","4","2","0","10","4","4","0","51","21","42","3","22","5","26","2","5","9","10","1","20","8","14","4","2","34","20","48","89","83","104","4","42","33","80","121","123","166","1","15","19","27","52","69","89","0","7","12","21","34","60","77","1","23","18","31","49","40","33","4","19","11","34","42","25","26","2","8","6","4","8","12","13","0","8","1","1","9","9","18","475","173","113","29","28","1","10","8","112","248","64","42","12","20","3","10","1","83","171","62","46","19","18","1","5","3","31","67","15","7","3","1","0","0","1","5"
"s25","voters","SRAM127","1218","617","281","52","4","6","10","0","6","0","242","509","709","99","22","20","10","16","12","3","2","10","7","3","0","6","1","2","0","50","12","48","7","31","4","17","1","8","2","5","2","16","1","4","2","1","10","23","28","35","28","78","5","30","36","37","58","76","172","1","9","6","12","18","46","49","0","3","4","4","13","32","84","2","14","8","14","37","26","29","0","10","8","9","30","23","32","0","1","5","3","7","6","13","0","4","4","5","3","12","15","352","107","82","14","7","3","4","5","43","159","39","24","7","5","4","2","3","38","140","37","22","14","6","1","2","1","19","49","19","5","0","1","0","1","1","2"
"s25","voters","SRAM128","986","489","219","28","3","6","10","0","1","0","230","502","484","42","10","10","1","18","7","14","1","3","4","0","0","15","1","4","0","42","32","38","2","47","7","32","7","7","2","2","1","15","1","5","0","1","21","28","15","38","59","65","1","28","24","16","44","78","71","2","5","12","6","22","34","40","2","4","3","8","10","41","30","1","15","12","13","18","38","34","0","4","8","12","23","31","21","0","1","3","0","3","9","7","1","3","1","5","4","6","5","255","86","59","19","13","2","1","4","50","103","23","32","10","3","1","2","3","42","138","26","32","11","6","1","5","1","10","30","10","6","1","1","0","0","0","0"
"s25","voters","SRAM129","2105","1051","521","97","1","7","15","0","8","1","404","1007","1098","85","29","30","8","33","16","11","4","5","4","11","0","13","7","3","6","60","28","46","2","46","12","27","5","9","2","4","2","23","8","8","0","2","30","33","58","81","83","137","6","55","45","78","128","116","199","3","15","10","21","48","76","115","0","9","10","20","45","50","99","4","20","17","29","61","44","49","3","21","15","35","39","33","34","1","10","5","4","11","13","27","0","10","5","4","7","20","12","565","148","150","42","21","7","8","6","104","255","71","63","18","15","0","5","4","90","213","59","46","20","13","2","8","3","40","89","16","14","1","0","1","1","2","5"
"s25","voters","SRAM130","1664","832","400","69","2","4","11","0","7","0","339","774","890","85","35","34","7","27","10","12","1","4","2","5","0","8","5","4","2","49","19","23","2","36","7","21","1","8","1","4","1","10","1","0","0","1","30","29","48","68","65","99","6","25","53","75","100","79","154","3","15","16","14","39","52","80","0","10","9","18","38","43","63","0","15","17","30","37","36","32","3","19","19","33","33","38","27","1","5","5","2","15","9","11","0","4","3","6","7","12","13","470","132","99","23","14","3","8","4","79","215","57","52","9","6","2","3","0","56","179","50","42","23","11","2","4","2","26","62","8","10","4","4","0","0","0","5"
"s25","voters","SRAM131","240","129","31","5","1","1","2","0","0","0","71","107","133","9","0","0","1","1","2","0","1","1","0","2","0","0","0","0","0","16","7","12","1","27","8","9","0","2","0","1","0","7","0","2","1","0","5","1","10","21","8","3","2","10","5","26","27","8","3","1","1","1","0","8","1","1","0","1","1","2","9","3","2","0","4","0","9","17","7","5","1","1","0","6","16","4","1","0","1","0","1","1","1","0","0","1","0","4","0","0","0","67","39","18","3","2","0","0","0","0","20","5","3","3","0","0","0","0","0","33","19","10","8","1","0","0","0","0","6","2","1","0","0","0","0","0","0"
"s25","voters","SRAM132","892","455","129","18","2","4","3","0","2","0","279","391","501","46","10","18","3","4","0","2","1","17","5","5","0","2","1","0","0","67","39","62","6","64","7","43","1","9","6","3","1","17","1","5","0","1","27","13","14","65","37","20","7","47","22","43","90","46","23","1","1","6","2","22","25","11","1","4","6","3","20","18","9","2","8","10","10","51","38","12","1","21","4","30","46","31","15","0","3","0","2","6","3","1","1","2","2","1","3","3","2","248","100","61","12","12","1","1","4","16","76","19","12","3","2","0","3","0","14","157","28","42","12","14","6","8","4","8","19","4","6","0","0","0","0","0","0"
"s25","voters","SRAM133","776","494","119","23","2","2","3","0","2","0","131","297","479","76","19","7","4","17","2","1","0","13","5","4","0","11","0","2","0","19","12","13","2","27","4","12","1","2","3","1","0","5","3","2","0","1","18","27","22","25","39","32","2","33","45","40","52","60","98","0","2","4","7","9","16","19","0","1","6","8","18","15","14","0","6","5","10","16","14","8","2","6","9","14","20","9","12","0","0","6","0","4","4","3","0","1","3","1","4","2","4","376","64","38","5","2","0","3","3","3","87","12","13","1","2","0","0","2","2","92","16","13","2","3","1","1","0","3","24","6","2","0","0","0","0","0","0"
"s25","voters","SRAM134","561","265","89","8","0","3","0","0","0","0","196","276","285","17","6","5","0","3","2","2","0","11","1","4","0","1","1","1","0","29","20","36","2","66","12","36","3","3","2","2","0","5","3","7","1","0","17","10","7","31","32","14","3","29","7","16","60","32","7","0","6","0","2","15","20","6","0","1","0","1","18","14","6","2","20","8","7","32","31","9","1","5","5","6","39","25","6","0","2","0","0","2","3","0","0","1","0","0","1","2","0","129","50","50","13","6","6","1","2","8","48","15","13","3","3","1","3","0","3","91","43","21","13","11","4","0","1","12","4","5","2","0","0","0","0","0","0"
"s25","voters","SRAM135","468","225","120","14","2","2","4","0","2","0","99","210","258","20","12","6","0","14","2","2","2","2","1","1","0","2","0","0","0","14","5","14","0","10","2","7","1","1","1","1","0","7","1","0","0","0","10","14","6","13","20","28","0","8","10","17","22","30","47","0","2","4","5","8","5","33","0","1","4","8","9","8","33","0","4","4","6","14","4","21","0","3","5","5","13","6","14","0","1","1","1","2","0","4","0","0","1","4","1","4","5","147","34","19","2","2","0","4","0","17","67","18","12","4","2","0","3","0","14","59","17","11","4","3","1","0","0","4","16","5","1","1","0","0","0","1","0"
"s25","voters","SRAM136","623","315","107","24","0","4","1","0","3","0","169","291","332","21","5","5","1","6","2","4","2","16","1","4","0","4","0","1","0","36","23","45","4","41","9","32","4","16","4","5","2","4","4","1","0","0","28","9","8","24","43","30","3","20","13","9","33","50","45","0","5","4","3","8","19","21","0","2","2","3","13","20","7","0","10","4","5","23","25","9","3","8","3","5","40","25","9","0","2","1","0","6","1","3","0","4","1","1","2","6","5","186","60","38","6","5","1","2","0","17","61","14","10","3","1","1","2","0","15","94","32","22","6","3","1","1","1","9","20","10","1","0","0","0","0","0","1"
"s25","voters","SRAM137","368","188","53","8","0","2","2","0","1","0","114","169","199","8","3","0","0","2","2","2","0","1","0","3","0","1","0","0","0","14","13","18","1","55","9","27","6","0","0","0","0","2","1","0","0","0","8","7","1","31","20","7","2","19","3","17","44","18","11","0","1","0","2","13","6","4","0","1","0","1","14","5","6","1","13","0","2","25","15","6","1","4","3","4","25","10","5","0","0","1","0","4","2","0","0","1","0","0","1","4","0","92","46","33","9","4","0","0","0","4","36","9","4","1","0","0","1","0","2","65","19","9","9","5","1","0","2","4","10","2","0","1","0","0","0","0","0"
"s25","voters","SRAM138","1162","632","219","31","3","6","11","0","2","0","258","514","648","82","21","27","6","14","8","2","3","9","2","6","1","17","0","2","0","55","18","38","3","21","3","25","1","5","0","3","2","15","8","6","1","0","17","39","32","40","44","71","2","28","57","43","78","75","106","0","5","10","18","13","20","45","0","5","7","7","16","30","43","1","9","12","28","27","24","38","1","9","15","19","31","21","23","0","3","3","3","4","4","4","1","5","5","7","3","6","5","388","89","67","22","13","2","7","10","34","119","46","24","7","4","0","3","2","14","154","40","27","13","5","0","4","2","13","42","7","2","0","1","0","0","1","0"
"s25","voters","SRAM139","497","233","132","25","0","1","4","0","2","0","100","236","261","41","9","4","3","5","5","2","2","2","1","0","0","0","2","0","0","11","2","5","0","9","0","7","0","5","0","5","0","6","5","1","0","0","8","3","12","26","16","26","1","13","7","23","34","25","39","0","4","5","4","15","17","29","0","2","1","6","3","18","28","2","6","6","10","9","8","11","3","3","4","9","7","9","13","0","1","1","3","7","3","4","0","0","0","4","4","0","5","119","40","25","6","3","2","1","3","34","63","20","16","3","4","0","0","0","26","52","17","12","2","5","0","2","0","10","19","5","3","1","1","0","0","0","3"
"s25","voters","SRAM140","73","31","8","1","1","0","0","0","0","0","32","31","42","0","0","2","0","0","0","0","0","0","0","1","0","0","1","0","0","2","4","8","0","11","1","10","0","0","0","0","0","4","0","0","1","0","2","2","0","7","0","0","1","1","0","2","11","3","2","0","0","1","1","1","1","1","1","0","0","1","1","0","0","0","0","0","2","8","4","0","0","1","1","4","9","2","1","0","0","0","0","0","1","0","0","1","0","0","0","0","0","17","11","2","0","1","0","0","0","0","7","0","1","0","0","0","0","0","0","18","5","5","4","0","0","0","0","0","1","0","1","0","0","0","0","0","0"
"s25","voters","SRAM141","47","27","10","1","0","0","0","0","0","0","9","21","26","1","1","0","0","0","0","1","0","1","0","0","0","0","0","0","0","1","0","1","0","5","0","0","0","0","0","0","0","0","0","0","0","0","0","0","0","1","5","5","1","1","1","0","1","2","10","0","0","0","0","0","2","3","1","0","0","0","0","1","3","0","0","0","1","0","1","2","0","0","0","1","1","1","2","0","0","0","0","0","0","1","0","0","0","0","0","0","0","11","2","7","2","0","0","0","0","5","6","1","1","0","1","0","0","0","1","4","0","3","0","1","0","0","0","1","1","0","0","0","0","0","0","0","0"
"s25","voters","SRAM142","58","31","14","2","0","0","0","0","0","0","11","24","34","0","0","0","0","0","0","0","0","1","0","0","0","1","0","0","0","3","0","3","0","7","0","0","0","0","0","0","0","1","0","1","0","0","1","0","1","2","2","8","0","1","1","4","2","4","5","0","1","0","0","0","0","3","0","1","0","1","1","1","6","0","0","1","1","1","1","1","0","1","0","1","0","1","3","0","0","0","0","0","1","0","0","0","0","0","0","1","0","24","4","2","1","0","0","0","0","0","9","3","0","0","0","0","0","0","2","4","2","1","1","1","0","0","0","2","2","0","0","0","0","0","0","0","0"
"s25","voters","SRAM143","10","7","1","0","0","0","0","0","0","0","2","4","6","0","0","0","0","1","1","0","0","0","0","0","0","0","0","0","0","0","0","0","0","2","0","2","0","0","0","0","0","0","0","0","0","0","0","0","0","1","0","2","0","1","0","0","2","0","1","0","0","0","0","0","0","0","0","0","0","0","0","0","1","0","0","0","0","1","0","0","1","0","0","0","0","0","0","0","0","0","0","0","0","0","0","0","0","0","0","0","0","6","1","0","0","0","0","0","0","0","1","0","0","0","0","0","0","0","0","2","0","0","0","0","0","0","0","0","0","0","0","0","0","0","0","0","0"
"s25","voters","STMY101","16","8","7","0","0","0","0","0","0","0","1","7","9","0","0","0","0","0","0","0","0","0","0","0","0","0","0","0","0","4","0","0","0","1","1","1","0","0","0","0","0","0","0","0","0","0","0","1","0","0","1","2","0","1","0","0","0","1","2","0","0","1","0","0","1","1","0","0","1","0","0","1","2","0","0","0","0","0","0","0","0","0","1","0","0","0","0","0","0","0","0","0","0","0","0","0","0","0","0","0","0","2","2","2","0","0","0","0","0","2","4","0","1","0","0","0","0","0","2","1","0","0","0","0","0","0","0","0","0","0","0","0","0","0","0","0","0"
"s25","voters","STMY102","36","16","9","2","0","0","2","0","0","0","7","20","16","1","0","0","0","3","0","0","0","0","0","0","0","0","0","0","0","0","0","2","1","0","0","0","0","0","0","0","0","0","0","0","0","0","1","1","0","1","3","4","0","0","0","0","2","0","4","0","0","0","0","3","0","1","0","0","0","1","1","2","1","0","1","1","0","0","1","1","0","0","0","0","1","0","2","0","0","0","1","0","0","1","0","0","0","0","1","0","1","14","0","0","0","0","0","0","1","1","5","2","2","0","0","0","0","0","0","3","1","1","1","0","0","0","0","1","2","0","0","0","0","0","0","0","2"
"s25","voters","STMY103","8","3","4","0","0","0","0","0","0","0","1","6","2","0","0","0","0","1","0","0","0","0","0","0","0","0","0","0","0","0","0","0","0","0","0","0","0","0","0","0","0","0","0","0","0","0","0","0","0","0","1","1","0","0","0","0","0","0","1","0","0","0","0","0","1","2","0","0","0","0","1","0","0","0","0","0","0","0","0","1","0","0","0","0","0","0","0","0","0","0","0","0","0","0","0","0","0","0","0","0","0","1","0","1","0","0","0","0","0","1","2","1","0","0","0","0","0","1","0","1","0","0","0","0","0","0","0","0","0","0","0","0","0","0","0","0","0"
"s25","voters","STMY104","4","4","0","0","0","0","0","0","0","0","0","1","3","0","0","0","0","0","0","0","0","0","0","0","0","0","0","0","0","0","0","0","0","0","0","0","0","0","0","0","0","0","0","0","0","0","0","0","0","0","0","1","0","0","0","0","0","1","2","0","0","0","0","0","0","0","0","0","0","0","0","0","0","0","0","0","0","0","0","0","0","0","0","0","0","0","0","0","0","0","0","0","0","0","0","0","0","0","0","0","0","0","2","1","0","0","0","0","0","1","0","0","0","0","0","0","0","0","0","0","0","0","0","0","0","0","0","0","0","0","0","0","0","0","0","0","0"
"s25","voters","STMY105","10","6","1","2","0","0","0","0","0","0","1","5","5","0","0","0","0","0","0","0","0","0","0","0","0","0","0","0","0","0","0","0","0","0","0","0","0","0","0","0","0","0","0","0","0","0","0","0","1","0","0","1","0","0","0","1","0","0","3","0","0","0","0","1","0","0","0","0","0","0","0","0","0","0","0","0","0","0","0","0","0","0","0","0","0","0","1","0","0","0","0","0","0","2","0","0","0","0","0","0","0","0","1","2","0","2","0","0","0","1","1","0","0","0","0","0","0","0","0","0","0","0","1","0","0","0","0","0","2","0","0","0","0","0","0","0","0"
"s25","voters","STMY106","6","2","4","0","0","0","0","0","0","0","0","2","4","0","0","0","0","0","0","0","0","0","0","0","0","0","0","0","0","0","0","0","0","0","0","0","0","0","0","0","0","0","0","0","0","0","0","0","0","0","0","0","0","0","0","1","0","1","0","0","0","0","1","0","0","1","0","0","0","1","0","0","1","0","0","0","0","0","0","0","0","0","0","0","0","0","0","0","0","0","0","0","0","0","0","0","0","0","0","0","0","1","0","0","1","0","0","0","0","0","2","0","2","0","0","0","0","0","0","0","0","0","0","0","0","0","0","0","0","0","0","0","0","0","0","0","0"
"s25","voters","STMY107","9","1","7","1","0","0","0","0","0","0","0","5","4","0","0","0","0","0","0","0","0","0","0","0","0","0","0","0","0","0","0","0","0","0","0","0","0","0","0","0","0","0","0","0","0","0","0","0","0","0","0","1","0","0","0","0","0","0","0","0","0","0","0","1","0","2","0","0","0","1","1","0","2","0","0","0","0","0","0","0","0","0","0","0","0","0","0","0","0","0","0","1","0","0","0","0","0","0","0","0","0","1","0","0","0","0","0","0","0","0","3","2","1","0","0","0","0","0","1","0","0","0","0","0","0","0","0","0","0","0","1","0","0","0","0","0","0"
"s25","voters","STMY801","5","2","2","0","0","0","0","0","0","0","1","3","2","0","0","0","0","0","0","0","0","0","0","0","0","0","0","0","0","0","0","0","0","0","0","0","0","0","0","0","0","0","0","0","0","0","0","0","0","0","0","1","0","0","0","0","0","0","1","0","1","0","0","0","0","0","0","0","0","0","0","1","0","0","0","0","0","0","1","0","0","0","0","0","0","0","0","0","0","0","0","0","0","0","0","0","0","0","0","0","0","0","1","0","0","1","0","0","0","0","2","0","0","0","0","0","0","0","0","1","0","0","0","0","0","0","0","0","0","0","0","0","0","0","0","0","0"
"s25","voters","STMY803","8","6","0","0","0","0","0","0","0","0","2","4","4","0","0","0","0","0","0","0","0","0","0","0","0","0","0","0","0","0","0","0","0","0","0","0","0","0","0","0","0","0","0","0","0","0","1","0","0","0","1","0","0","0","1","1","0","1","1","0","0","0","0","0","0","0","0","0","0","0","0","0","0","0","0","1","1","0","0","0","0","0","0","0","0","0","0","0","0","0","0","0","0","0","0","0","0","0","0","0","0","2","2","0","0","0","0","0","0","2","0","0","0","0","0","0","0","0","0","1","0","1","0","0","0","0","0","0","0","0","0","0","0","0","0","0","0"
"s25","voters","TASJ101","100","28","46","7","0","0","2","0","0","0","17","53","47","0","1","0","0","2","0","1","0","0","0","0","0","0","0","0","0","0","1","0","0","0","0","0","0","0","0","0","0","0","0","0","0","0","0","0","0","1","1","10","0","0","0","0","4","3","9","0","2","3","0","5","8","9","0","0","2","2","4","5","6","0","0","1","1","2","1","5","0","0","0","1","1","1","4","0","1","1","0","0","1","1","0","0","0","0","1","3","1","14","2","4","0","1","0","2","0","5","24","5","4","2","1","1","0","0","9","7","3","2","1","1","1","0","1","1","6","1","1","1","0","0","0","0","0"
"s25","voters","TASJ102","21","2","12","0","0","2","0","0","1","0","4","11","10","0","0","0","2","2","1","0","0","0","0","0","0","0","0","0","0","0","0","0","0","0","0","0","0","0","0","0","0","0","2","0","0","0","0","0","0","0","0","1","0","0","0","1","0","0","0","0","0","0","0","2","1","2","0","0","1","0","1","3","2","0","0","0","1","1","0","1","0","0","0","0","1","0","0","0","0","0","0","0","1","1","0","0","0","1","0","0","0","0","2","0","0","0","0","0","0","0","4","3","1","1","1","0","0","0","2","4","0","0","0","0","0","0","0","0","1","1","1","0","0","0","0","0","0"
"s25","voters","TASJ103","21","8","9","2","0","0","1","0","0","0","1","11","10","0","0","0","0","0","1","0","0","0","0","0","0","0","0","0","0","0","0","0","0","0","0","0","0","0","0","0","0","0","0","0","0","0","0","1","0","1","1","2","0","1","0","0","1","0","1","0","0","0","1","1","0","2","0","0","0","1","1","0","3","0","0","0","0","0","0","0","0","0","0","1","0","0","0","0","0","0","1","1","0","0","0","0","0","1","0","0","0","7","1","0","0","0","0","0","0","0","6","1","0","1","0","0","0","0","1","1","0","0","0","0","0","0","0","0","2","1","0","0","0","0","0","0","0"
"s25","voters","TASJ104","271","85","130","15","0","0","2","0","0","0","39","140","131","10","3","0","1","0","13","0","0","0","0","1","0","1","0","0","0","1","1","0","0","9","3","5","1","3","0","1","0","1","2","0","0","1","1","1","4","7","6","18","0","3","1","3","10","13","17","0","3","5","7","8","16","33","0","5","10","2","7","15","19","0","0","3","5","1","1","8","0","3","1","1","4","6","6","0","0","1","1","0","3","7","0","1","1","0","0","0","3","49","16","10","3","0","1","2","0","4","86","11","16","1","3","0","1","0","12","15","11","7","2","1","0","0","0","3","7","5","2","1","1","1","0","0","0"
"s25","voters","TASJ803","6","2","4","0","0","0","0","0","0","0","0","3","3","0","1","0","0","0","0","0","0","0","0","0","0","0","0","0","0","0","0","0","0","0","0","0","0","0","0","0","0","0","0","0","0","0","0","0","0","0","0","2","0","0","0","0","0","0","0","0","0","0","0","0","1","0","0","0","1","0","0","2","0","0","0","0","0","0","0","0","0","0","0","0","0","0","0","0","0","0","0","0","0","0","0","0","0","0","0","0","0","2","0","0","0","0","0","0","0","0","3","0","1","0","0","0","0","0","0","0","0","0","0","0","0","0","0","0","0","0","0","0","0","0","0","0","0"
"s25","voters","TASJ804","6","6","0","0","0","0","0","0","0","0","0","3","3","0","0","0","0","0","0","0","0","0","0","0","0","0","0","0","0","0","0","0","0","0","0","0","0","0","0","0","0","0","0","0","0","0","0","0","0","0","0","3","0","0","0","0","0","0","3","0","0","0","0","0","0","0","0","0","0","0","0","0","0","0","0","0","0","0","0","0","0","0","0","0","0","0","0","0","0","0","0","0","0","0","0","0","0","0","0","0","0","5","0","0","0","0","0","0","0","1","0","0","0","0","0","0","0","0","0","0","0","0","0","0","0","0","0","0","0","0","0","0","0","0","0","0","0"
"s25","voters","TASJ805","1","0","1","0","0","0","0","0","0","0","0","1","0","0","0","0","0","0","0","0","0","0","0","0","0","0","0","0","0","0","0","0","0","0","0","0","0","0","0","0","0","0","0","0","0","0","0","0","0","0","0","0","0","0","0","0","0","0","0","0","0","0","0","0","1","0","0","0","0","0","0","0","0","0","0","0","0","0","0","0","0","0","0","0","0","0","0","0","0","0","0","0","0","0","0","0","0","0","0","0","0","0","0","0","0","0","0","0","0","0","0","0","0","0","0","0","0","0","1","0","0","0","0","0","0","0","0","0","0","0","0","0","0","0","0","0","0"
"s25","voters","TASJ806","2","1","1","0","0","0","0","0","0","0","0","1","1","0","0","0","0","0","0","0","0","0","0","0","0","0","0","0","0","0","0","0","0","0","0","0","0","0","0","0","0","0","0","0","0","0","0","0","0","0","0","0","0","0","0","0","0","0","1","0","0","0","0","0","0","1","0","0","0","0","0","0","0","0","0","0","0","0","0","0","0","0","0","0","0","0","0","0","0","0","0","0","0","0","0","0","0","0","0","0","0","1","0","0","0","0","0","0","0","0","1","0","0","0","0","0","0","0","0","0","0","0","0","0","0","0","0","0","0","0","0","0","0","0","0","0","0"
"s25","voters","TASJ807","4","0","3","0","0","0","0","0","0","0","1","2","2","0","0","0","0","0","0","0","0","0","0","0","0","0","0","0","0","0","0","0","0","0","0","0","0","0","0","0","0","0","0","0","0","0","0","0","0","0","0","0","0","0","0","0","0","0","0","0","0","0","0","0","1","0","0","0","0","0","0","1","1","0","0","0","0","0","0","1","0","0","0","0","0","0","0","0","0","0","0","0","0","0","0","0","0","0","0","0","0","0","0","0","0","0","0","0","0","0","0","0","0","1","0","0","0","0","2","0","0","0","1","0","0","0","0","0","0","0","0","0","0","0","0","0","0"
"s25","voters","TESO801","0","0","0","0","0","0","0","0","0","0","0","0","0","0","0","0","0","0","0","0","0","0","0","0","0","0","0","0","0","0","0","0","0","0","0","0","0","0","0","0","0","0","0","0","0","0","0","0","0","0","0","0","0","0","0","0","0","0","0","0","0","0","0","0","0","0","0","0","0","0","0","0","0","0","0","0","0","0","0","0","0","0","0","0","0","0","0","0","0","0","0","0","0","0","0","0","0","0","0","0","0","0","0","0","0","0","0","0","0","0","0","0","0","0","0","0","0","0","0","0","0","0","0","0","0","0","0","0","0","0","0","0","0","0","0","0","0"
"s25","voters","VIER101","12","4","5","1","0","0","1","0","0","0","1","8","4","1","0","0","0","1","0","0","0","0","0","0","0","0","0","0","0","0","0","0","0","0","0","0","0","0","0","0","0","0","0","0","0","0","0","0","0","0","0","3","0","0","0","0","1","0","0","0","0","0","1","0","1","1","0","0","0","0","0","1","1","0","0","0","0","0","0","0","0","0","0","0","1","0","0","0","0","1","0","0","1","0","0","0","0","0","0","0","0","1","0","2","0","0","1","0","0","0","1","0","1","1","2","0","0","0","0","0","0","0","0","1","0","0","0","0","2","0","0","0","0","0","0","0","0"
"s25","voters","VINE101","93","50","25","5","0","0","2","0","0","0","11","40","53","7","0","1","1","0","2","2","0","0","0","0","0","1","1","0","0","0","0","0","0","0","0","0","0","0","0","0","0","0","0","0","0","0","2","4","1","3","1","10","0","2","4","5","2","6","10","0","1","1","2","1","4","3","0","0","1","4","1","2","5","0","0","1","2","0","0","1","1","1","2","1","0","0","2","0","0","1","0","0","1","1","0","0","1","1","0","0","2","30","5","5","2","1","0","0","0","7","14","1","4","2","0","0","0","0","4","8","1","1","0","0","0","0","0","1","6","1","0","0","0","0","0","0","0"
"s25","voters","VINE102","376","174","102","21","2","1","2","0","6","0","68","168","208","55","16","24","9","2","5","0","1","0","1","0","0","0","0","0","0","2","0","0","1","3","0","0","0","1","0","1","0","0","0","1","0","1","5","9","13","11","14","10","2","6","12","24","17","19","31","0","3","8","11","11","19","9","0","1","7","10","4","8","11","1","3","3","6","7","6","5","0","1","6","6","9","8","7","0","1","0","4","1","3","4","0","1","6","5","0","4","3","93","27","16","8","8","3","2","0","17","66","15","10","3","1","0","1","1","5","35","8","9","6","2","0","1","1","6","20","9","3","0","0","0","0","0","0"
"s25","voters","VINE103","7","3","2","1","0","0","0","0","0","0","1","4","3","0","0","0","1","0","0","0","0","0","0","0","0","0","0","0","0","0","0","0","0","0","0","0","0","0","0","0","0","0","0","0","0","0","0","0","0","0","0","1","0","0","0","0","0","1","1","0","0","0","0","0","1","1","0","0","0","0","0","0","0","0","0","0","0","0","0","0","0","0","0","0","0","0","1","0","0","0","0","0","1","0","0","0","0","0","0","0","0","2","1","0","0","0","0","0","0","0","1","0","0","0","0","0","0","0","1","0","0","1","0","0","0","0","0","0","1","0","0","0","0","0","0","0","0"
"s25","voters","VINE104","106","47","34","4","0","0","3","0","0","0","18","57","49","7","3","2","0","2","0","1","0","0","0","0","0","0","0","0","0","0","0","0","0","1","0","0","0","0","2","0","0","3","1","0","1","0","3","1","1","8","3","9","1","0","0","5","3","5","8","1","2","2","2","9","2","1","0","0","0","2","7","2","4","0","0","1","1","4","3","0","0","2","1","2","1","1","2","0","1","0","1","0","0","2","0","1","1","1","0","0","0","31","5","5","0","1","0","0","0","5","22","8","2","1","0","0","0","0","1","6","5","3","1","0","0","0","0","3","4","2","0","0","0","0","0","0","1"
"s25","voters","VINE105","68","35","15","5","0","1","0","0","0","0","12","31","37","1","0","1","1","2","0","2","0","0","0","0","0","1","1","0","0","0","0","0","0","0","0","0","0","0","0","1","0","0","1","0","0","1","0","3","2","3","0","6","0","0","3","2","7","4","4","0","0","1","1","0","0","5","0","0","0","1","0","1","6","0","0","1","1","0","2","0","0","0","1","2","1","2","2","0","0","0","0","4","0","1","0","0","0","0","0","0","1","20","7","3","1","1","0","0","0","3","8","0","3","0","0","0","0","0","4","6","1","1","3","0","0","0","0","1","5","0","1","0","0","0","0","0","0"
"s25","voters","VINE106","275","170","50","12","0","2","1","0","1","0","39","123","152","33","8","6","2","8","0","1","0","0","1","0","0","0","0","1","0","6","3","0","0","1","3","0","0","0","0","0","0","13","2","3","1","0","2","7","24","10","9","9","2","5","15","32","24","13","18","0","0","2","6","9","7","5","0","0","5","4","6","2","4","1","2","5","6","3","6","1","0","1","3","4","0","2","5","0","0","1","1","2","1","4","0","0","1","4","1","1","0","96","34","19","3","8","1","0","2","7","38","5","2","2","0","1","2","0","0","20","7","5","4","0","1","1","0","1","8","2","4","1","0","0","0","0","1"
"s25","voters","VINE107","41","21","12","0","0","0","0","0","0","0","8","23","18","0","0","0","0","0","1","1","0","0","0","0","0","0","0","0","0","0","0","0","0","0","0","0","0","0","0","1","0","0","0","0","0","0","2","1","2","1","1","2","0","0","2","3","4","2","1","0","1","0","2","2","1","3","0","0","0","0","0","1","2","0","0","0","1","1","0","3","0","0","1","0","0","1","1","0","0","0","0","0","0","0","0","0","0","0","0","0","0","13","1","4","1","0","0","0","0","2","6","1","1","0","1","0","0","0","3","6","1","0","0","0","0","0","0","1","0","0","0","0","0","0","0","0","0"
"s25","voters","VINE108","372","189","113","15","0","2","4","0","5","0","44","167","205","53","5","7","2","4","2","0","0","0","0","0","0","1","0","0","0","1","1","1","0","9","1","1","2","0","0","0","0","5","4","4","1","1","2","6","12","17","16","22","2","7","11","19","20","17","37","0","2","5","4","13","15","18","0","1","1","11","7","15","21","1","1","3","5","4","1","4","1","4","4","6","5","4","1","0","1","2","3","3","3","3","0","1","1","4","1","1","3","108","19","24","8","7","3","1","0","19","59","15","18","2","3","2","0","1","13","22","6","7","4","2","1","0","0","2","15","4","1","2","0","0","0","2","2"
"s25","voters","VINE801","3","0","3","0","0","0","0","0","0","0","0","1","2","0","0","0","0","0","0","0","0","0","0","0","0","0","0","0","0","0","0","0","0","0","0","0","0","0","0","0","0","0","0","0","0","0","0","0","0","0","0","0","0","0","0","0","0","0","0","0","0","0","1","0","0","0","0","0","0","1","0","0","1","0","0","0","0","0","0","0","0","0","0","0","0","0","0","0","0","0","0","0","0","0","0","0","0","0","0","0","0","0","0","0","0","0","0","0","0","0","1","0","0","0","2","0","0","0","0","0","0","0","0","0","0","0","0","0","0","0","0","0","0","0","0","0","0"
"s25","voters","WALD101","5","4","1","0","0","0","0","0","0","0","0","3","2","0","0","0","0","0","0","0","0","0","0","0","0","0","0","0","0","4","1","0","0","0","0","0","0","0","0","0","0","0","0","0","0","0","0","1","0","0","1","0","0","0","0","1","0","1","0","0","0","0","1","0","0","0","0","0","0","0","0","0","0","0","0","0","0","0","0","0","0","0","0","0","0","0","0","0","0","0","0","0","0","0","0","0","0","0","0","0","0","1","2","0","0","1","0","0","0","0","1","0","0","0","0","0","0","0","0","0","0","0","0","0","0","0","0","0","0","0","0","0","0","0","0","0","0"
"s25","voters","WALD102","78","51","12","3","0","0","0","0","2","0","10","35","43","6","0","2","0","1","0","1","1","1","0","0","0","0","0","0","0","2","2","0","0","0","0","0","0","0","0","0","0","0","0","0","0","0","0","2","6","3","2","4","0","1","8","8","4","3","10","0","0","2","1","3","0","3","0","0","0","1","2","0","0","0","3","2","0","1","0","1","0","1","2","0","0","0","0","1","0","0","0","1","0","0","0","0","1","0","0","1","1","35","9","3","2","1","0","0","1","0","3","4","3","0","0","0","1","0","1","5","1","1","2","1","0","0","0","0","5","0","0","0","0","0","0","0","0"
"s25","voters","WALD103","322","190","67","11","0","2","2","0","4","0","46","132","190","17","6","2","1","13","4","0","0","0","0","0","0","3","2","1","0","2","1","1","0","2","0","0","1","0","0","2","0","6","1","1","0","0","1","4","7","3","14","39","0","2","7","4","1","17","91","0","0","2","1","2","5","20","0","0","0","0","1","6","30","0","3","2","2","2","0","15","0","0","3","3","1","7","8","0","0","0","0","0","3","7","0","0","0","0","0","2","7","111","32","17","5","9","2","2","2","10","30","11","9","4","4","1","0","4","4","27","8","5","3","1","1","0","1","0","13","2","3","0","0","0","0","0","1"
"s25","voters","WALD104","214","150","21","7","1","1","2","0","1","0","31","86","128","21","1","4","0","4","0","1","0","1","0","0","0","3","0","0","0","3","2","1","1","2","0","0","1","1","0","0","0","2","0","0","0","0","2","21","13","5","13","6","0","5","38","19","8","14","6","0","1","2","3","0","1","1","0","2","1","2","1","2","5","0","1","7","3","1","0","3","0","0","4","4","3","3","2","0","0","0","3","0","0","0","0","1","7","0","0","1","0","122","21","6","0","1","0","0","0","0","17","3","1","0","0","0","0","0","0","27","2","0","1","1","0","0","0","0","11","1","0","0","0","0","0","0","0"
"s25","voters","WALD105","1128","695","157","40","2","5","10","0","3","0","216","517","611","79","11","22","10","35","3","7","5","6","0","3","0","11","2","1","1","31","2","10","4","13","1","2","0","5","0","1","0","10","1","4","0","2","7","53","54","43","54","71","1","17","94","76","72","51","100","0","2","12","10","15","19","33","1","2","5","11","10","14","23","0","4","22","26","21","24","22","1","9","24","20","14","12","17","0","1","9","5","1","3","4","0","5","8","4","5","7","8","452","102","61","20","11","2","5","4","38","93","16","15","5","4","0","2","0","22","148","34","14","5","6","1","5","0","3","43","11","4","0","0","2","0","0","0"
"s25","voters","WALD106","466","297","53","17","3","3","3","0","7","0","83","202","264","48","9","9","3","12","3","2","1","2","0","0","0","7","0","1","0","11","1","4","0","4","0","2","0","3","0","4","0","6","2","0","1","0","4","34","19","9","11","33","0","10","46","42","19","28","42","0","0","3","9","4","9","9","0","0","4","0","2","8","5","0","1","7","8","10","10","8","0","4","5","9","9","3","9","0","1","4","1","3","3","2","0","2","6","3","2","2","4","204","53","18","7","2","2","2","1","8","37","3","6","0","3","0","1","0","3","57","11","5","2","3","2","0","1","2","22","5","5","0","1","0","0","0","0"
"s25","voters","WLCR101","200","79","65","2","1","1","2","0","0","0","50","97","103","5","5","1","0","3","3","2","0","0","0","1","0","1","0","0","0","8","12","4","1","0","0","0","0","0","2","1","0","0","0","1","0","0","2","3","4","4","5","16","1","2","3","4","9","11","15","0","1","2","3","2","5","23","0","0","3","3","3","6","14","0","2","1","2","5","7","8","0","4","1","4","4","5","7","0","0","0","0","0","0","2","0","0","0","1","0","2","1","36","17","8","2","6","0","2","1","7","25","9","5","4","1","0","1","1","19","24","8","4","6","2","0","0","0","6","4","0","1","0","0","0","0","0","1"
"s25","voters","WLCR102","559","309","123","25","0","3","5","0","0","0","94","264","295","4","1","2","1","21","6","6","1","0","0","1","0","1","1","1","0","15","6","3","1","2","0","4","0","2","0","2","0","1","0","1","0","2","9","12","17","16","17","54","0","11","16","33","34","28","60","0","6","3","5","7","17","30","0","0","2","6","8","5","34","1","0","3","9","14","13","14","0","3","1","3","7","9","17","0","0","1","3","4","5","2","0","2","1","3","2","1","9","149","61","34","19","5","4","3","2","32","52","24","13","1","3","0","3","0","27","47","20","11","3","1","1","1","2","8","17","8","3","3","1","0","0","0","1"
"s25","voters","WLCR103","1951","1135","368","75","1","7","12","0","6","0","347","830","1121","101","24","23","6","69","24","23","6","12","3","5","0","9","5","6","0","46","13","34","5","26","1","13","4","1","0","0","0","21","6","3","0","2","14","38","62","59","71","182","1","31","60","99","88","93","335","0","5","13","12","22","35","84","0","4","7","14","23","36","113","0","14","12","38","33","32","53","1","4","14","22","25","33","66","0","2","4","6","11","10","16","1","2","5","6","4","11","23","628","224","115","36","26","4","5","11","86","183","61","36","9","11","2","3","4","59","193","62","34","13","8","0","4","3","30","63","20","9","4","1","0","0","0","4"
"s25","voters","WLCR104","198","113","43","4","0","1","0","0","3","0","34","93","105","8","8","0","3","2","2","1","1","0","0","0","0","1","0","0","0","3","2","2","0","0","0","0","0","0","0","0","0","3","3","1","0","0","2","1","4","10","13","17","0","3","5","11","13","10","24","0","0","0","2","3","5","11","0","4","2","3","3","3","7","0","0","1","3","4","3","10","0","2","1","1","0","3","6","0","0","0","0","2","1","1","0","0","0","0","2","2","0","71","15","14","2","4","0","1","1","5","21","6","2","2","1","0","2","0","9","20","8","3","1","1","0","0","0","1","6","0","1","0","0","0","0","0","1"
"s25","voters","WLCR105","1520","933","222","48","4","5","10","0","9","0","289","711","809","97","16","31","7","58","10","16","3","9","2","0","0","7","1","0","1","23","2","15","2","16","0","3","0","8","0","1","0","17","3","8","1","0","19","101","84","42","59","88","1","22","128","104","54","61","170","1","8","14","18","14","16","40","0","1","14","13","16","17","50","0","6","35","33","34","26","37","0","10","28","23","20","10","27","0","2","4","10","6","7","7","0","6","9","5","7","5","8","715","105","48","18","14","1","4","3","25","163","27","9","3","3","0","0","0","17","221","29","15","8","4","0","0","1","11","54","13","5","2","1","0","0","0","1"
"s25","voters","WLCR106","320","214","51","7","0","0","1","1","0","0","46","141","179","8","4","2","1","24","1","4","0","8","1","0","0","2","0","0","0","4","1","0","1","1","1","0","0","1","0","0","0","0","0","0","0","0","2","6","16","16","12","35","1","8","5","23","18","22","50","0","0","0","1","4","6","17","0","0","0","0","2","4","17","0","1","2","1","3","6","9","0","2","2","2","5","4","9","0","1","1","0","0","1","1","0","0","0","0","1","2","2","136","39","15","5","4","1","1","1","12","24","11","2","4","0","0","1","1","8","25","10","6","1","1","0","1","0","2","6","0","2","0","0","0","1","0","0"
"s25","voters","WLCR107","1228","692","242","39","1","6","9","0","9","0","230","588","640","50","7","10","2","37","13","8","7","6","0","2","0","13","4","2","1","25","6","19","2","30","2","6","1","7","3","2","0","9","0","2","0","2","26","22","61","53","43","103","6","31","27","74","71","59","114","1","5","7","9","12","38","52","0","1","12","8","17","25","55","0","7","8","16","33","26","34","1","5","10","21","24","25","20","1","2","3","5","3","6","10","0","3","0","1","2","12","16","352","113","83","31","18","2","10","2","81","118","37","19","9","5","1","1","1","51","112","39","29","16","7","2","2","1","22","43","11","4","2","0","0","1","3","0"
"s25","voters","WLCR108","174","112","24","6","1","3","2","0","0","0","26","68","106","4","2","2","0","5","1","2","0","2","0","0","1","2","0","1","0","4","1","1","0","2","0","1","0","3","0","0","0","2","1","1","0","0","1","5","6","5","5","14","0","4","7","9","8","13","35","0","0","3","2","2","3","3","0","0","0","0","1","6","4","0","0","3","2","2","2","4","0","1","2","2","2","2","4","0","0","2","0","3","1","0","0","0","0","1","0","1","4","63","18","18","3","3","1","1","0","5","16","2","1","1","0","0","0","0","4","17","4","2","0","0","0","0","1","2","11","0","1","0","0","0","0","0","0"
"s25","voters","WLCR109","648","411","72","21","1","7","9","0","1","0","126","275","373","55","3","13","4","21","1","3","2","4","0","3","0","8","0","1","2","21","4","15","0","4","0","1","1","3","0","0","0","9","0","0","0","0","3","23","38","31","24","37","1","15","48","46","45","33","67","0","3","4","5","4","4","16","0","0","4","3","5","12","12","2","5","13","14","9","8","13","0","3","5","14","14","13","13","0","1","3","2","3","4","6","0","1","4","5","2","3","5","245","78","33","11","12","1","3","1","27","45","10","9","2","2","0","0","1","3","80","21","9","6","1","0","1","1","7","25","11","0","2","0","0","0","0","1"
"s25","voters","WLCR110","1673","1039","272","41","6","5","11","0","3","0","296","761","912","78","8","13","5","91","18","19","3","8","4","3","0","13","1","3","0","48","8","24","0","18","1","5","2","5","2","4","0","10","8","4","1","1","17","47","73","71","74","143","0","26","55","98","105","91","238","0","9","4","12","18","33","58","1","6","3","10","14","30","74","1","7","11","31","29","35","50","3","6","12","17","21","30","43","1","2","1","5","3","4","21","1","3","1","2","7","5","10","544","203","110","26","27","7","18","10","94","139","37","29","11","9","1","2","1","43","153","46","30","21","11","3","0","6","26","35","18","3","1","2","1","0","1","5"
"s25","voters","WLCR111","239","148","38","7","0","0","1","0","1","0","44","104","135","11","2","3","1","8","5","4","0","3","1","0","0","7","1","0","0","10","2","6","0","1","0","0","0","1","0","0","0","1","4","1","0","0","1","6","15","5","9","18","1","4","8","23","9","17","32","0","1","5","3","2","3","5","0","0","3","0","3","5","8","0","1","3","2","2","10","10","0","0","1","1","2","4","8","0","0","0","0","0","2","1","0","0","0","3","1","1","1","95","23","14","1","3","1","3","1","7","18","9","4","1","0","1","0","0","5","25","10","1","1","0","0","0","1","6","8","1","0","0","0","0","0","0","0"
"s25","voters","WLCR112","690","419","114","18","2","1","8","0","3","0","125","284","406","42","13","12","5","25","3","5","0","6","0","1","0","6","1","0","0","23","4","5","2","5","0","7","0","1","0","3","0","4","3","3","0","3","6","25","20","14","31","49","0","10","35","42","46","38","100","0","4","6","4","5","14","27","1","0","5","4","7","7","30","0","1","8","11","11","9","19","0","5","7","12","11","10","21","0","0","2","2","4","1","8","0","1","1","1","3","2","7","260","68","35","13","6","0","2","4","31","76","13","8","0","2","0","1","0","14","79","20","8","4","2","0","0","1","11","16","10","4","1","0","0","0","1","0"
"s25","voters","WLCR113","56","31","16","1","0","0","0","0","0","0","8","25","31","3","0","1","0","4","3","1","0","0","0","0","0","0","0","0","0","2","2","1","0","1","0","0","0","0","0","0","0","2","0","0","0","0","1","0","2","4","2","2","0","2","1","3","3","5","6","0","1","0","0","1","1","5","0","0","2","1","0","0","5","0","2","0","1","0","1","1","0","1","0","0","1","0","1","0","0","0","0","0","0","1","0","0","0","0","0","0","0","17","6","4","1","0","0","0","0","3","8","4","0","0","0","0","0","1","3","8","0","0","0","0","0","0","0","0","1","0","0","0","0","0","0","0","0"
"s25","voters","WLCR114","1736","1055","297","53","2","9","12","0","9","0","299","814","922","95","18","25","4","59","13","16","5","9","0","3","0","10","4","0","3","32","10","22","3","15","2","2","0","8","3","0","1","17","2","8","2","0","24","55","96","51","74","142","5","25","82","126","62","110","203","1","7","11","20","20","38","55","0","2","10","19","16","35","63","1","13","22","36","21","33","45","1","9","15","26","19","24","34","0","3","6","7","8","8","17","0","2","5","4","5","6","14","589","177","132","29","24","5","8","4","87","155","44","20","10","5","1","5","2","55","163","50","35","14","8","1","1","2","25","58","11","4","3","3","0","2","1","3"
"s25","voters","WLCR115","922","544","184","39","0","2","10","0","2","0","141","426","496","58","8","11","3","38","3","5","1","4","3","1","0","3","0","5","0","15","3","9","1","3","1","1","0","0","3","0","0","6","4","4","1","1","14","21","42","36","31","74","3","18","42","67","46","47","102","1","8","11","14","15","11","38","1","3","7","17","9","8","41","0","8","6","11","20","12","22","0","3","10","12","10","15","12","0","3","4","4","6","6","7","0","1","2","2","6","2","10","328","83","58","15","10","3","3","4","40","109","23","16","2","2","2","3","1","26","76","19","19","6","2","0","3","0","16","35","8","9","1","0","0","0","0","0"
"s25","voters","WLCR116","1223","726","211","57","3","6","9","0","0","1","210","571","652","45","5","15","3","48","12","10","3","1","2","3","0","8","1","0","1","29","11","21","0","18","3","2","0","3","1","1","1","13","4","4","1","7","17","21","56","36","58","95","6","25","42","65","90","82","126","0","5","7","18","14","22","53","0","1","4","6","11","18","52","0","7","11","23","30","28","26","4","12","7","13","13","14","22","0","2","5","6","9","6","9","0","8","2","6","6","6","11","422","109","62","22","18","5","6","6","76","107","32","15","7","8","1","1","2","38","128","29","16","7","5","5","4","4","12","48","13","9","0","0","0","2","2","2"
"s25","voters","WLCR117","2278","1506","373","70","3","5","5","0","6","0","310","788","1490","35","7","1","1","172","18","20","7","11","4","4","2","12","2","5","0","50","17","59","7","15","5","5","0","5","1","2","0","4","2","2","0","0","1","0","5","6","29","441","2","4","3","10","7","50","948","0","1","2","2","3","4","134","0","1","2","1","3","11","209","0","1","1","4","0","9","118","1","0","0","1","4","11","160","0","0","0","0","2","1","24","0","1","0","0","4","8","49","898","287","132","61","35","11","19","11","52","214","61","39","16","11","2","5","4","21","174","55","24","17","7","6","8","1","18","60","17","5","0","3","1","0","1","2"
"s25","voters","WLCR118","1583","879","324","75","2","6","12","0","6","0","279","741","842","33","10","9","5","60","22","13","5","3","1","2","0","11","5","4","1","36","16","26","2","19","1","3","1","2","1","1","0","9","2","3","1","2","22","31","42","59","57","142","2","23","44","79","66","87","223","1","9","9","15","25","41","91","0","3","6","8","18","25","73","3","8","11","20","29","25","47","2","14","11","21","23","23","42","0","1","7","10","5","8","21","1","5","3","5","4","13","18","498","148","87","21","13","8","8","3","93","175","47","25","9","7","3","2","0","56","141","38","39","15","8","6","3","1","28","68","13","7","5","0","1","3","1","3"
"s25","voters","WLCR119","838","507","136","33","3","1","10","0","5","0","143","371","467","70","10","20","11","18","10","9","3","3","1","0","1","3","0","2","0","11","5","3","1","6","0","0","0","7","1","2","0","8","3","2","0","0","5","44","35","26","32","51","3","12","76","62","44","39","78","1","1","10","12","10","19","21","0","2","8","10","7","14","21","1","6","14","21","9","12","11","1","7","21","11","13","10","6","0","2","5","4","9","7","3","0","4","1","2","5","3","7","338","82","40","8","12","2","1","2","22","94","18","11","7","3","1","0","0","2","87","28","17","7","1","0","1","0","2","38","9","4","0","1","0","0","0","0"
"s25","voters","WLCR120","807","474","151","31","0","5","3","0","3","0","140","381","426","21","9","9","3","34","7","7","2","6","0","1","0","9","0","1","0","15","1","5","1","11","2","3","0","1","0","1","0","0","3","1","0","2","9","11","26","39","26","82","1","10","20","42","50","40","116","0","4","3","8","12","20","27","0","4","5","7","14","20","27","1","6","6","10","17","22","31","0","5","3","7","7","9","16","1","1","2","5","4","4","2","0","2","1","3","3","4","10","265","73","58","14","10","0","2","3","49","74","24","9","7","6","1","1","1","28","69","17","20","7","8","1","1","3","14","28","6","3","0","2","1","0","0","2"
"s25","voters","WLCR121","1254","752","185","40","4","7","5","0","4","0","257","560","694","74","14","22","2","46","10","20","3","3","1","3","0","13","0","1","0","40","5","16","5","19","3","8","0","4","0","0","0","14","6","3","3","4","10","44","55","48","57","88","3","25","62","61","86","78","131","0","5","6","8","16","24","39","0","1","6","12","14","16","38","2","11","14","31","22","27","32","0","5","19","31","14","22","27","1","0","3","4","1","1","7","0","5","4","11","4","5","14","462","119","77","22","12","3","5","6","46","108","21","21","5","6","3","1","2","18","148","40","25","8","10","3","5","0","18","47","6","4","2","1","0","0","0","0"
"s25","voters","WLCR122","1395","858","246","46","2","6","12","0","9","0","216","616","779","64","20","16","3","50","12","14","1","3","0","0","0","4","1","1","2","35","4","12","0","10","3","4","1","2","0","1","0","13","2","4","1","1","21","50","64","52","36","112","3","31","69","91","90","70","168","1","6","10","13","15","30","59","0","3","5","8","20","30","46","2","10","13","19","22","19","25","2","10","17","16","23","18","20","1","5","5","10","3","7","5","0","4","4","8","5","7","11","514","153","76","23","18","4","2","1","67","128","45","26","6","9","0","1","2","29","119","41","15","13","4","3","4","2","15","47","13","4","2","3","2","1","0","3"
"s25","voters","WLCR123","1551","804","367","57","1","4","11","0","4","1","302","727","824","40","8","11","2","41","19","6","7","6","0","3","0","16","4","3","1","69","19","36","3","24","3","18","0","4","2","1","0","16","3","4","2","0","25","22","37","61","50","131","1","36","30","68","68","78","197","0","10","10","18","28","44","84","1","5","7","18","20","41","81","1","10","13","24","36","32","51","3","8","7","17","33","32","35","1","7","4","2","5","6","15","0","3","3","6","7","5","14","427","145","99","29","17","4","4","6","73","194","42","40","9","8","2","2","2","68","147","56","42","14","7","5","3","3","25","56","14","3","2","0","1","0","0","2"
"s25","voters","WLCR124","1668","880","418","55","0","8","6","0","5","0","296","797","871","44","10","6","6","60","14","10","6","9","3","5","0","9","5","4","1","28","16","25","1","23","2","9","0","7","2","1","0","21","6","6","1","4","28","29","55","66","55","129","3","36","30","81","87","85","192","1","10","8","16","19","64","101","2","13","5","19","21","42","97","1","13","7","23","27","35","60","3","3","3","17","34","18","52","1","4","2","4","9","15","11","0","2","1","4","5","8","8","444","157","121","33","20","7","8","4","86","206","59","36","19","10","1","7","5","75","155","44","32","15","9","3","1","2","35","46","16","3","3","1","0","2","0","3"
"s25","voters","WLCR125","1504","848","328","46","1","7","11","0","5","0","258","708","796","61","13","15","0","59","19","15","9","12","5","2","0","6","3","1","0","55","13","20","4","26","2","7","0","3","0","0","0","22","7","2","2","7","28","26","48","69","65","115","1","39","30","82","86","90","162","2","6","6","7","26","43","75","0","2","8","14","19","42","78","1","7","8","30","28","26","50","3","9","8","19","25","11","33","0","3","0","5","7","14","6","0","1","3","3","8","9","11","454","162","93","28","16","1","8","2","84","160","38","33","7","4","5","2","4","75","127","35","36","14","9","2","4","2","29","46","11","9","1","2","0","0","0","1"
"s25","voters","WLCR126","866","488","179","44","1","4","6","0","0","0","144","373","493","44","10","5","7","16","9","4","1","2","1","1","0","11","2","2","1","26","4","10","2","9","1","6","1","2","1","2","1","11","6","6","2","0","7","21","45","24","21","68","3","19","26","63","47","43","101","1","3","4","9","14","25","36","0","1","1","4","16","17","48","1","3","8","13","8","13","17","2","3","9","18","11","14","24","0","2","1","8","2","8","11","0","1","3","4","4","2","9","263","97","60","16","9","3","3","2","35","88","24","20","6","3","1","1","7","29","83","24","19","2","4","0","2","3","7","40","4","9","1","1","0","0","0","0"
"s25","voters","WLCR127","45","30","3","1","0","1","1","0","0","0","9","21","24","0","0","1","0","1","0","0","0","0","0","0","0","0","0","0","0","1","0","0","0","0","0","0","0","0","0","0","0","0","0","0","0","0","1","1","2","4","2","3","0","1","1","3","4","3","5","0","0","0","1","0","1","0","0","0","0","0","0","0","1","0","0","0","2","1","0","1","0","0","2","1","1","0","1","1","0","0","0","1","0","0","0","0","0","0","0","1","0","14","5","7","1","0","0","1","1","1","1","2","0","0","0","0","0","0","0","5","1","1","0","2","0","0","0","0","2","0","0","0","1","0","0","0","0"
"s25","voters","WLCR128","584","354","127","20","2","0","5","0","0","0","76","269","315","14","1","1","1","34","5","8","2","0","0","0","0","2","1","0","0","15","2","3","0","2","0","1","0","3","0","2","0","4","2","2","0","0","6","9","19","22","25","58","2","19","20","28","34","40","72","0","2","3","5","10","21","32","0","0","0","7","6","13","28","3","3","0","9","9","7","14","0","1","0","5","7","8","10","0","0","0","0","3","3","6","0","1","2","2","3","3","4","194","57","39","13","8","6","2","2","33","59","24","9","4","1","1","0","5","24","36","6","8","6","4","1","3","2","10","10","8","6","0","1","0","0","0","2"
"s25","voters","WLCR129","334","209","68","7","0","3","2","0","1","0","44","105","229","5","2","1","0","29","2","3","2","2","0","1","1","4","0","0","0","7","3","4","0","4","2","1","0","1","1","0","0","0","1","1","0","1","0","1","7","3","4","42","0","2","4","9","6","11","119","0","0","0","3","0","6","14","0","0","0","1","1","8","35","0","0","0","3","1","2","14","0","2","0","2","2","1","17","0","0","0","0","2","1","1","0","1","0","1","1","0","6","150","23","17","5","2","2","0","0","10","44","15","3","3","0","0","0","0","3","22","6","10","1","0","1","2","0","2","9","3","1","0","0","0","0","0","0"
"s25","voters","WLCR130","1834","1252","313","48","1","6","5","0","1","0","208","566","1268","35","4","3","1","139","16","19","1","19","3","4","0","10","7","4","1","37","13","20","1","7","1","2","1","3","0","0","0","10","0","0","0","0","1","3","2","4","20","306","0","2","2","0","8","68","836","0","0","0","1","3","6","110","0","0","0","0","1","7","185","0","0","1","4","4","8","72","0","0","0","2","3","12","102","0","0","0","0","1","4","16","0","0","0","0","1","4","35","765","235","94","34","26","17","14","9","58","193","43","23","15","5","1","1","6","26","124","32","17","9","10","2","3","2","9","45","10","2","3","0","0","1","0","0"
"s25","voters","WLCR131","2358","1594","405","65","1","4","10","0","7","1","271","842","1516","37","8","3","5","174","24","18","4","12","8","2","1","17","2","1","1","75","23","33","4","17","2","3","0","1","0","0","0","11","3","0","0","0","1","2","3","3","27","484","0","0","3","4","3","63","1001","0","0","0","0","0","11","149","0","1","0","0","1","12","231","0","0","0","2","1","4","116","0","1","0","2","2","6","137","0","0","0","1","1","1","36","0","0","0","0","0","3","46","941","249","145","70","53","20","28","17","71","214","74","36","8","8","3","8","8","46","146","43","18","16","5","8","12","1","22","63","14","6","2","0","1","1","0","1"
"s25","voters","WLCR132","141","81","32","4","0","0","0","0","1","0","23","69","72","5","0","0","0","4","0","1","0","0","0","0","0","0","0","0","0","1","1","0","0","1","0","0","0","0","0","0","0","0","1","0","0","1","5","1","4","7","5","11","1","4","4","6","8","4","20","0","2","2","1","2","3","8","0","0","1","0","2","4","7","0","2","1","2","2","2","6","0","0","1","1","1","1","4","0","0","0","0","1","0","1","0","0","0","1","1","1","0","41","14","7","3","1","0","0","1","14","17","6","0","0","0","1","0","0","8","12","5","1","3","0","0","0","0","2","2","2","1","0","0","0","0","0","0"
"s25","voters","WLCR133","262","156","43","12","0","0","1","0","3","0","47","124","138","14","5","6","1","7","0","0","1","3","0","0","0","0","0","0","0","0","4","2","1","8","0","0","0","1","1","1","0","3","1","1","0","0","7","8","11","20","12","11","1","4","9","19","17","14","23","1","0","1","2","5","2","8","0","0","1","3","5","4","11","0","1","3","2","11","5","5","0","0","5","6","4","2","3","0","0","3","1","2","0","3","0","1","1","2","1","1","1","97","25","19","2","4","1","0","1","7","25","3","5","3","1","0","0","0","6","28","7","6","5","0","0","0","0","1","11","2","1","1","0","0","0","0","1"
"s25","voters","WLCR801","2","1","0","0","0","0","0","0","0","0","1","1","1","0","0","1","0","0","0","0","0","0","0","0","0","0","0","0","0","0","0","0","0","0","0","0","0","0","0","0","0","0","0","0","0","0","0","0","1","0","0","0","0","0","0","0","0","0","0","0","0","0","0","0","0","0","0","0","0","0","0","0","0","0","0","0","0","0","0","0","0","0","0","1","0","0","0","0","0","0","0","0","0","0","0","0","0","0","0","0","0","0","1","0","0","0","0","0","0","0","0","0","0","0","0","0","0","0","0","1","0","0","0","0","0","0","0","0","0","0","0","0","0","0","0","0","0"
"s25","voters","WLCR802","3","1","0","1","0","0","0","0","1","0","0","1","2","1","0","0","2","0","0","0","0","0","0","0","0","0","0","0","0","0","0","0","0","0","0","0","0","0","0","0","0","0","0","0","0","0","0","0","0","0","0","0","0","0","0","0","0","1","0","0","0","0","0","0","0","0","0","0","0","0","0","0","0","0","0","0","0","0","0","0","0","0","0","0","0","0","0","0","0","0","0","0","1","0","0","1","0","0","0","0","0","0","1","0","0","0","0","0","0","0","0","0","0","0","0","0","0","0","0","0","0","0","0","0","0","0","0","0","1","1","0","0","0","0","0","0","0"
"s25","voters","WLCR803","0","0","0","0","0","0","0","0","0","0","0","0","0","0","0","0","0","0","0","0","0","0","0","0","0","0","0","0","0","0","0","0","0","0","0","0","0","0","0","0","0","0","0","0","0","0","0","0","0","0","0","0","0","0","0","0","0","0","0","0","0","0","0","0","0","0","0","0","0","0","0","0","0","0","0","0","0","0","0","0","0","0","0","0","0","0","0","0","0","0","0","0","0","0","0","0","0","0","0","0","0","0","0","0","0","0","0","0","0","0","0","0","0","0","0","0","0","0","0","0","0","0","0","0","0","0","0","0","0","0","0","0","0","0","0","0","0"
"s25","voters","WLCR804","6","2","1","0","0","0","0","0","0","0","3","3","3","1","0","1","0","0","0","0","0","0","0","0","0","0","0","0","0","0","0","0","0","0","0","0","0","0","0","0","0","0","0","0","0","0","0","0","0","0","0","0","0","0","0","1","0","0","1","0","0","0","1","0","0","0","0","0","0","0","0","0","0","0","0","1","0","0","0","1","0","0","0","0","0","1","0","0","0","0","0","0","0","0","0","0","0","0","0","0","0","1","0","0","0","1","0","0","0","0","1","0","0","0","0","0","0","0","0","0","1","1","0","0","0","1","0","0","0","0","0","0","0","0","0","0","0"
"s25","voters","WLKN101","2005","1128","430","82","2","4","18","0","5","0","336","986","1019","58","13","13","3","81","23","15","4","3","2","0","0","10","4","3","0","24","5","17","4","13","3","5","0","3","0","2","0","14","9","2","2","0","32","34","53","78","93","188","7","41","41","85","119","116","241","3","17","14","16","39","62","96","1","4","6","11","29","45","87","5","20","7","26","55","40","48","2","19","10","18","24","26","36","0","6","4","4","14","8","24","0","4","6","4","9","8","20","630","181","111","39","20","2","13","9","123","216","54","35","13","13","3","4","0","92","180","50","41","18","15","0","4","3","25","75","18","10","3","0","1","0","0","4"
"s25","voters","WLKN102","131","78","25","3","0","1","3","0","1","0","20","67","64","1","0","0","0","1","0","0","0","1","1","0","0","2","0","0","0","4","3","2","0","3","0","0","0","0","0","0","0","0","0","0","0","0","4","3","6","4","4","19","0","3","4","1","8","6","16","0","1","1","2","2","1","4","0","0","3","2","2","1","6","0","0","0","1","3","6","3","0","0","0","0","0","4","3","0","0","0","1","1","0","1","0","0","1","1","1","0","2","41","13","9","2","1","1","0","0","11","12","7","1","1","0","0","0","0","4","10","2","2","4","0","1","0","1","0","6","0","1","0","0","0","0","0","1"
