"county","srprec","addist","cddist","sddist","bedist","TOTREG","DEMREG","REPREG","AIPREG","GRNREG","LIBREG","NLPREG","REFREG","DCLREG","MSCREG","TOTVOTE","DEMVOTE","REPVOTE","AIPVOTE","GRNVOTE","LIBVOTE","NLPVOTE","REFVOTE","DCLVOTE","MSCVOTE","PRCVOTE","ABSVOTE","PR_50_N","PR_50_Y"
"7","ALHA101","15","10","9","2","72","0","0","0","0","0","0","0","0","0","46","0","0","0","0","0","0","0","0","0","0","0","13","33"
"7","ALHA102","15","10","9","2","17","0","0","0","0","0","0","0","0","0","12","0","0","0","0","0","0","0","0","0","0","0","4","8"
"7","ALHA103","15","10","9","2","9","0","0","0","0","0","0","0","0","0","8","0","0","0","0","0","0","0","0","0","0","0","***","***"
"7","ALHA104","15","10","9","2","71","0","0","0","0","0","0","0","0","0","51","0","0","0","0","0","0","0","0","0","0","0","18","33"
"7","ALHA105","15","10","9","2","157","0","0","0","0","0","0","0","0","0","110","0","0","0","0","0","0","0","0","0","0","0","37","72"
"7","ALHA106","15","10","9","2","290","0","0","0","0","0","0","0","0","0","204","0","0","0","0","0","0","0","0","0","0","0","100","104"
"7","ALHA107","15","10","9","2","36","0","0","0","0","0","0","0","0","0","28","0","0","0","0","0","0","0","0","0","0","0","11","17"
"7","ALHA108","15","8","9","2","62","0","0","0","0","0","0","0","0","0","43","0","0","0","0","0","0","0","0","0","0","0","24","19"
"7","ALHA109","15","10","9","2","47","0","0","0","0","0","0","0","0","0","30","0","0","0","0","0","0","0","0","0","0","0","10","20"
"7","ALHA110","15","10","9","2","35","0","0","0","0","0","0","0","0","0","26","0","0","0","0","0","0","0","0","0","0","0","14","12"
"7","ALHA111","15","10","9","2","236","0","0","0","0","0","0","0","0","0","155","0","0","0","0","0","0","0","0","0","0","0","73","82"
"7","ALHA112","15","10","9","2","25","0","0","0","0","0","0","0","0","0","12","0","0","0","0","0","0","0","0","0","0","0","6","6"
"7","ALHA801","15","10","9","2","0","0","0","0","0","0","0","0","0","0","0","0","0","0","0","0","0","0","0","0","0","0","0","0"
"7","ALHA802","15","10","9","2","2","0","0","0","0","0","0","0","0","0","0","0","0","0","0","0","0","0","0","0","0","0","0","0"
"7","ALHA803","15","10","9","2","2","0","0","0","0","0","0","0","0","0","1","0","0","0","0","0","0","0","0","0","0","0","***","***"
"7","ALHA804","15","10","9","2","3","0","0","0","0","0","0","0","0","0","3","0","0","0","0","0","0","0","0","0","0","0","***","***"
"7","ALHA805","15","10","9","2","8","0","0","0","0","0","0","0","0","0","8","0","0","0","0","0","0","0","0","0","0","0","***","***"
"7","ALHA806","15","10","9","2","0","0","0","0","0","0","0","0","0","0","0","0","0","0","0","0","0","0","0","0","0","0","0","0"
"7","ALHA807","15","10","9","2","4","0","0","0","0","0","0","0","0","0","3","0","0","0","0","0","0","0","0","0","0","0","***","***"
"7","ALHA808","15","8","9","2","6","0","0","0","0","0","0","0","0","0","6","0","0","0","0","0","0","0","0","0","0","0","***","***"
"7","ALHA809","15","10","9","2","3","0","0","0","0","0","0","0","0","0","3","0","0","0","0","0","0","0","0","0","0","0","***","***"
"7","ALHA810","15","10","9","2","4","0","0","0","0","0","0","0","0","0","2","0","0","0","0","0","0","0","0","0","0","0","***","***"
"7","ALHA811","15","10","9","2","4","0","0","0","0","0","0","0","0","0","4","0","0","0","0","0","0","0","0","0","0","0","***","***"
"7","ALHA812","15","8","9","2","0","0","0","0","0","0","0","0","0","0","0","0","0","0","0","0","0","0","0","0","0","0","0","0"
"7","ALHA813","15","10","9","2","10","0","0","0","0","0","0","0","0","0","10","0","0","0","0","0","0","0","0","0","0","0","6","4"
"7","ALMO101","16","10","9","2","82","0","0","0","0","0","0","0","0","0","48","0","0","0","0","0","0","0","0","0","0","0","17","31"
"7","ALMO102","16","10","9","2","1194","0","0","0","0","0","0","0","0","0","832","0","0","0","0","0","0","0","0","0","0","0","364","468"
"7","ALMO103","16","10","9","2","84","0","0","0","0","0","0","0","0","0","50","0","0","0","0","0","0","0","0","0","0","0","29","21"
"7","ALMO104","16","10","9","2","908","0","0","0","0","0","0","0","0","0","611","0","0","0","0","0","0","0","0","0","0","0","188","422"
"7","ALMO105","16","10","9","2","1457","0","0","0","0","0","0","0","0","0","965","0","0","0","0","0","0","0","0","0","0","0","529","433"
"7","ALMO106","16","10","9","2","602","0","0","0","0","0","0","0","0","0","388","0","0","0","0","0","0","0","0","0","0","0","177","211"
"7","ALMO107","16","10","9","2","859","0","0","0","0","0","0","0","0","0","542","0","0","0","0","0","0","0","0","0","0","0","189","353"
"7","ALMO108","16","10","9","2","3147","0","0","0","0","0","0","0","0","0","2030","0","0","0","0","0","0","0","0","0","0","0","912","1115"
"7","ALMO109","16","10","9","2","1139","0","0","0","0","0","0","0","0","0","717","0","0","0","0","0","0","0","0","0","0","0","342","373"
"7","ALMO110","16","10","9","2","2806","0","0","0","0","0","0","0","0","0","1859","0","0","0","0","0","0","0","0","0","0","0","839","1017"
"7","ALMO111","16","10","9","2","809","0","0","0","0","0","0","0","0","0","533","0","0","0","0","0","0","0","0","0","0","0","242","290"
"7","ALMO801","16","10","9","2","3","0","0","0","0","0","0","0","0","0","2","0","0","0","0","0","0","0","0","0","0","0","***","***"
"7","ALMO802","16","10","9","2","6","0","0","0","0","0","0","0","0","0","3","0","0","0","0","0","0","0","0","0","0","0","***","***"
"7","ALMO803","16","10","9","2","5","0","0","0","0","0","0","0","0","0","4","0","0","0","0","0","0","0","0","0","0","0","***","***"
"7","ALMO804","16","10","9","2","8","0","0","0","0","0","0","0","0","0","5","0","0","0","0","0","0","0","0","0","0","0","***","***"
"7","ALMO805","16","10","9","2","8","0","0","0","0","0","0","0","0","0","6","0","0","0","0","0","0","0","0","0","0","0","***","***"
"7","ALMO806","16","10","9","2","1","0","0","0","0","0","0","0","0","0","1","0","0","0","0","0","0","0","0","0","0","0","***","***"
"7","ANTI101","15","8","9","2","1258","0","0","0","0","0","0","0","0","0","602","0","0","0","0","0","0","0","0","0","0","0","205","396"
"7","ANTI102","15","8","9","2","165","0","0","0","0","0","0","0","0","0","49","0","0","0","0","0","0","0","0","0","0","0","12","37"
"7","ANTI103","15","8","9","2","955","0","0","0","0","0","0","0","0","0","433","0","0","0","0","0","0","0","0","0","0","0","113","320"
"7","ANTI104","15","8","9","2","173","0","0","0","0","0","0","0","0","0","102","0","0","0","0","0","0","0","0","0","0","0","43","59"
"7","ANTI105","15","8","9","2","101","0","0","0","0","0","0","0","0","0","51","0","0","0","0","0","0","0","0","0","0","0","15","36"
"7","ANTI106","15","10","9","2","62","0","0","0","0","0","0","0","0","0","30","0","0","0","0","0","0","0","0","0","0","0","4","26"
"7","ANTI107","15","8","9","2","275","0","0","0","0","0","0","0","0","0","139","0","0","0","0","0","0","0","0","0","0","0","49","90"
"7","ANTI108","15","8","9","2","1276","0","0","0","0","0","0","0","0","0","533","0","0","0","0","0","0","0","0","0","0","0","164","369"
"7","ANTI109","15","8","9","2","383","0","0","0","0","0","0","0","0","0","191","0","0","0","0","0","0","0","0","0","0","0","80","111"
"7","ANTI110","15","10","9","2","1135","0","0","0","0","0","0","0","0","0","532","0","0","0","0","0","0","0","0","0","0","0","157","374"
"7","ANTI111","15","10","9","2","16","0","0","0","0","0","0","0","0","0","5","0","0","0","0","0","0","0","0","0","0","0","***","***"
"7","ANTI112","15","10","9","2","1533","0","0","0","0","0","0","0","0","0","694","0","0","0","0","0","0","0","0","0","0","0","213","481"
"7","ANTI113","15","10","9","2","1767","0","0","0","0","0","0","0","0","0","926","0","0","0","0","0","0","0","0","0","0","0","236","690"
"7","ANTI114","15","10","9","2","714","0","0","0","0","0","0","0","0","0","358","0","0","0","0","0","0","0","0","0","0","0","103","254"
"7","ANTI115","15","8","9","2","949","0","0","0","0","0","0","0","0","0","505","0","0","0","0","0","0","0","0","0","0","0","205","299"
"7","ANTI116","15","8","9","2","2198","0","0","0","0","0","0","0","0","0","1022","0","0","0","0","0","0","0","0","0","0","0","301","719"
"7","ANTI117","15","8","9","2","1671","0","0","0","0","0","0","0","0","0","852","0","0","0","0","0","0","0","0","0","0","0","276","576"
"7","ANTI118","15","8","9","2","2111","0","0","0","0","0","0","0","0","0","921","0","0","0","0","0","0","0","0","0","0","0","269","651"
"7","ANTI119","15","8","9","2","1581","0","0","0","0","0","0","0","0","0","642","0","0","0","0","0","0","0","0","0","0","0","202","440"
"7","ANTI120","15","8","9","2","1556","0","0","0","0","0","0","0","0","0","552","0","0","0","0","0","0","0","0","0","0","0","82","468"
"7","ANTI121","15","10","9","2","899","0","0","0","0","0","0","0","0","0","467","0","0","0","0","0","0","0","0","0","0","0","120","347"
"7","ANTI122","15","10","9","2","490","0","0","0","0","0","0","0","0","0","228","0","0","0","0","0","0","0","0","0","0","0","38","190"
"7","ANTI123","15","10","9","2","1675","0","0","0","0","0","0","0","0","0","804","0","0","0","0","0","0","0","0","0","0","0","191","613"
"7","ANTI124","15","8","9","2","804","0","0","0","0","0","0","0","0","0","390","0","0","0","0","0","0","0","0","0","0","0","164","226"
"7","ANTI125","15","10","9","2","1317","0","0","0","0","0","0","0","0","0","668","0","0","0","0","0","0","0","0","0","0","0","143","524"
"7","ANTI126","15","10","9","2","88","0","0","0","0","0","0","0","0","0","58","0","0","0","0","0","0","0","0","0","0","0","16","42"
"7","ANTI127","15","10","9","2","622","0","0","0","0","0","0","0","0","0","274","0","0","0","0","0","0","0","0","0","0","0","85","189"
"7","ANTI128","15","10","9","2","1291","0","0","0","0","0","0","0","0","0","637","0","0","0","0","0","0","0","0","0","0","0","178","459"
"7","ANTI129","15","10","9","2","1340","0","0","0","0","0","0","0","0","0","726","0","0","0","0","0","0","0","0","0","0","0","231","495"
"7","ANTI130","15","8","9","2","287","0","0","0","0","0","0","0","0","0","98","0","0","0","0","0","0","0","0","0","0","0","35","63"
"7","ANTI131","15","8","9","2","2673","0","0","0","0","0","0","0","0","0","1171","0","0","0","0","0","0","0","0","0","0","0","305","865"
"7","ANTI132","15","10","9","2","766","0","0","0","0","0","0","0","0","0","405","0","0","0","0","0","0","0","0","0","0","0","129","276"
"7","ANTI133","15","10","9","2","3156","0","0","0","0","0","0","0","0","0","1585","0","0","0","0","0","0","0","0","0","0","0","373","1209"
"7","ANTI134","15","8","9","2","2697","0","0","0","0","0","0","0","0","0","1258","0","0","0","0","0","0","0","0","0","0","0","337","918"
"7","ANTI135","15","8","9","2","689","0","0","0","0","0","0","0","0","0","281","0","0","0","0","0","0","0","0","0","0","0","92","189"
"7","ANTI136","15","10","9","2","285","0","0","0","0","0","0","0","0","0","144","0","0","0","0","0","0","0","0","0","0","0","47","97"
"7","ANTI137","15","8","9","2","2050","0","0","0","0","0","0","0","0","0","990","0","0","0","0","0","0","0","0","0","0","0","338","652"
"7","ANTI138","15","10","9","2","2097","0","0","0","0","0","0","0","0","0","974","0","0","0","0","0","0","0","0","0","0","0","219","754"
"7","ANTI139","15","10","9","2","105","0","0","0","0","0","0","0","0","0","44","0","0","0","0","0","0","0","0","0","0","0","9","35"
"7","ANTI140","15","10","9","2","923","0","0","0","0","0","0","0","0","0","454","0","0","0","0","0","0","0","0","0","0","0","123","330"
"7","ANTI141","15","10","9","2","1839","0","0","0","0","0","0","0","0","0","884","0","0","0","0","0","0","0","0","0","0","0","214","669"
"7","ANTI142","15","10","9","2","2939","0","0","0","0","0","0","0","0","0","1320","0","0","0","0","0","0","0","0","0","0","0","317","1003"
"7","ANTI143","15","10","9","2","2376","0","0","0","0","0","0","0","0","0","1148","0","0","0","0","0","0","0","0","0","0","0","274","871"
"7","ANTI144","15","10","9","2","2236","0","0","0","0","0","0","0","0","0","1052","0","0","0","0","0","0","0","0","0","0","0","239","813"
"7","ANTI145","15","10","9","2","2501","0","0","0","0","0","0","0","0","0","1227","0","0","0","0","0","0","0","0","0","0","0","359","864"
"7","ANTI146","15","8","9","2","2871","0","0","0","0","0","0","0","0","0","1281","0","0","0","0","0","0","0","0","0","0","0","349","932"
"7","ANTI147","15","10","9","2","2340","0","0","0","0","0","0","0","0","0","1141","0","0","0","0","0","0","0","0","0","0","0","274","865"
"7","ANTI148","15","8","9","2","2175","0","0","0","0","0","0","0","0","0","1065","0","0","0","0","0","0","0","0","0","0","0","367","697"
"7","ANTI149","15","8","9","2","2257","0","0","0","0","0","0","0","0","0","1036","0","0","0","0","0","0","0","0","0","0","0","332","702"
"7","ANTI150","15","8","9","2","247","0","0","0","0","0","0","0","0","0","105","0","0","0","0","0","0","0","0","0","0","0","22","83"
"7","ANTI151","15","10","9","2","208","0","0","0","0","0","0","0","0","0","99","0","0","0","0","0","0","0","0","0","0","0","17","82"
"7","ANTI152","15","10","9","2","184","0","0","0","0","0","0","0","0","0","110","0","0","0","0","0","0","0","0","0","0","0","34","76"
"7","ANTI153","15","8","9","2","557","0","0","0","0","0","0","0","0","0","210","0","0","0","0","0","0","0","0","0","0","0","66","144"
"7","ANTI154","15","10","9","2","333","0","0","0","0","0","0","0","0","0","189","0","0","0","0","0","0","0","0","0","0","0","92","97"
"7","ANTI155","15","10","9","2","101","0","0","0","0","0","0","0","0","0","55","0","0","0","0","0","0","0","0","0","0","0","13","42"
"7","ANTI801","15","8","9","2","0","0","0","0","0","0","0","0","0","0","1","0","0","0","0","0","0","0","0","0","0","0","***","***"
"7","ANTI802","15","10","9","2","0","0","0","0","0","0","0","0","0","0","0","0","0","0","0","0","0","0","0","0","0","0","0","0"
"7","ANTI803","15","10","9","2","2","0","0","0","0","0","0","0","0","0","0","0","0","0","0","0","0","0","0","0","0","0","0","0"
"7","ANTI804","15","8","9","2","0","0","0","0","0","0","0","0","0","0","0","0","0","0","0","0","0","0","0","0","0","0","0","0"
"7","ANTI805","15","8","9","2","0","0","0","0","0","0","0","0","0","0","0","0","0","0","0","0","0","0","0","0","0","0","0","0"
"7","ANTI806","15","10","9","2","12","0","0","0","0","0","0","0","0","0","1","0","0","0","0","0","0","0","0","0","0","0","***","***"
"7","AYER101","15","10","9","2","625","0","0","0","0","0","0","0","0","0","360","0","0","0","0","0","0","0","0","0","0","0","181","179"
"7","BAPO101","15","8","9","2","583","0","0","0","0","0","0","0","0","0","241","0","0","0","0","0","0","0","0","0","0","0","37","204"
"7","BAPO102","15","8","9","2","1200","0","0","0","0","0","0","0","0","0","597","0","0","0","0","0","0","0","0","0","0","0","160","436"
"7","BAPO103","15","8","9","2","2687","0","0","0","0","0","0","0","0","0","1019","0","0","0","0","0","0","0","0","0","0","0","194","825"
"7","BAPO104","15","8","9","2","3042","0","0","0","0","0","0","0","0","0","1230","0","0","0","0","0","0","0","0","0","0","0","255","974"
"7","BAPO105","15","8","9","2","2457","0","0","0","0","0","0","0","0","0","1015","0","0","0","0","0","0","0","0","0","0","0","211","803"
"7","BAPO106","15","8","9","2","504","0","0","0","0","0","0","0","0","0","245","0","0","0","0","0","0","0","0","0","0","0","60","185"
"7","BAPO801","15","8","9","2","1","0","0","0","0","0","0","0","0","0","1","0","0","0","0","0","0","0","0","0","0","0","***","***"
"7","BAPO802","15","8","9","2","8","0","0","0","0","0","0","0","0","0","2","0","0","0","0","0","0","0","0","0","0","0","***","***"
"7","BAPO803","15","8","9","2","2","0","0","0","0","0","0","0","0","0","1","0","0","0","0","0","0","0","0","0","0","0","***","***"
"7","BETH101","11","10","3","2","195","0","0","0","0","0","0","0","0","0","67","0","0","0","0","0","0","0","0","0","0","0","32","35"
"7","BETH102","11","10","3","2","999","0","0","0","0","0","0","0","0","0","619","0","0","0","0","0","0","0","0","0","0","0","362","255"
"7","BETH103","11","10","3","2","333","0","0","0","0","0","0","0","0","0","202","0","0","0","0","0","0","0","0","0","0","0","71","131"
"7","BETH104","11","10","3","2","385","0","0","0","0","0","0","0","0","0","191","0","0","0","0","0","0","0","0","0","0","0","95","96"
"7","BETH801","11","10","3","2","0","0","0","0","0","0","0","0","0","0","0","0","0","0","0","0","0","0","0","0","0","0","0","0"
"7","BETH802","11","10","3","2","3","0","0","0","0","0","0","0","0","0","0","0","0","0","0","0","0","0","0","0","0","0","0","0"
"7","BETH803","11","10","3","2","0","0","0","0","0","0","0","0","0","0","0","0","0","0","0","0","0","0","0","0","0","0","0","0"
"7","BETH804","11","10","3","2","0","0","0","0","0","0","0","0","0","0","0","0","0","0","0","0","0","0","0","0","0","0","0","0"
"7","BETH805","11","10","3","2","0","0","0","0","0","0","0","0","0","0","0","0","0","0","0","0","0","0","0","0","0","0","0","0"
"7","BKDI101","15","10","9","2","398","0","0","0","0","0","0","0","0","0","203","0","0","0","0","0","0","0","0","0","0","0","112","91"
"7","BKDI102","15","10","9","2","21","0","0","0","0","0","0","0","0","0","12","0","0","0","0","0","0","0","0","0","0","0","7","5"
"7","BKDI103","15","10","9","2","15","0","0","0","0","0","0","0","0","0","9","0","0","0","0","0","0","0","0","0","0","0","***","***"
"7","BKDI801","15","10","9","2","0","0","0","0","0","0","0","0","0","0","0","0","0","0","0","0","0","0","0","0","0","0","0","0"
"7","BKDI802","16","10","9","2","0","0","0","0","0","0","0","0","0","0","0","0","0","0","0","0","0","0","0","0","0","0","0","0"
"7","BKHW101","16","10","9","2","2180","0","0","0","0","0","0","0","0","0","1410","0","0","0","0","0","0","0","0","0","0","0","700","708"
"7","BKHW102","16","10","9","2","3159","0","0","0","0","0","0","0","0","0","1585","0","0","0","0","0","0","0","0","0","0","0","538","1045"
"7","BKHW103","16","10","9","2","814","0","0","0","0","0","0","0","0","0","478","0","0","0","0","0","0","0","0","0","0","0","202","276"
"7","BKHW104","16","10","9","2","637","0","0","0","0","0","0","0","0","0","354","0","0","0","0","0","0","0","0","0","0","0","151","203"
"7","BKHW105","16","10","9","2","1920","0","0","0","0","0","0","0","0","0","1109","0","0","0","0","0","0","0","0","0","0","0","580","529"
"7","BKHW106","16","10","9","2","1636","0","0","0","0","0","0","0","0","0","978","0","0","0","0","0","0","0","0","0","0","0","389","587"
"7","BREN101","15","10","3","2","77","0","0","0","0","0","0","0","0","0","31","0","0","0","0","0","0","0","0","0","0","0","11","20"
"7","BREN102","15","10","3","2","2331","0","0","0","0","0","0","0","0","0","1177","0","0","0","0","0","0","0","0","0","0","0","492","683"
"7","BREN103","15","10","3","2","3035","0","0","0","0","0","0","0","0","0","1566","0","0","0","0","0","0","0","0","0","0","0","641","923"
"7","BREN104","15","10","3","2","2144","0","0","0","0","0","0","0","0","0","1174","0","0","0","0","0","0","0","0","0","0","0","558","616"
"7","BREN105","15","10","3","2","765","0","0","0","0","0","0","0","0","0","423","0","0","0","0","0","0","0","0","0","0","0","164","259"
"7","BREN106","15","10","3","2","353","0","0","0","0","0","0","0","0","0","184","0","0","0","0","0","0","0","0","0","0","0","77","107"
"7","BREN107","15","10","3","2","1994","0","0","0","0","0","0","0","0","0","952","0","0","0","0","0","0","0","0","0","0","0","372","580"
"7","BREN108","15","10","3","2","159","0","0","0","0","0","0","0","0","0","80","0","0","0","0","0","0","0","0","0","0","0","38","42"
"7","BREN109","15","10","3","2","281","0","0","0","0","0","0","0","0","0","119","0","0","0","0","0","0","0","0","0","0","0","30","89"
"7","BREN110","15","10","3","2","2472","0","0","0","0","0","0","0","0","0","1239","0","0","0","0","0","0","0","0","0","0","0","475","762"
"7","BREN111","15","9","3","2","464","0","0","0","0","0","0","0","0","0","244","0","0","0","0","0","0","0","0","0","0","0","96","148"
"7","BREN112","15","10","3","2","331","0","0","0","0","0","0","0","0","0","151","0","0","0","0","0","0","0","0","0","0","0","70","81"
"7","BREN113","15","10","3","2","40","0","0","0","0","0","0","0","0","0","13","0","0","0","0","0","0","0","0","0","0","0","1","12"
"7","BREN114","15","10","3","2","280","0","0","0","0","0","0","0","0","0","159","0","0","0","0","0","0","0","0","0","0","0","62","97"
"7","BREN115","15","10","3","2","1233","0","0","0","0","0","0","0","0","0","696","0","0","0","0","0","0","0","0","0","0","0","327","367"
"7","BREN116","15","10","3","2","142","0","0","0","0","0","0","0","0","0","97","0","0","0","0","0","0","0","0","0","0","0","56","41"
"7","BREN117","15","10","3","2","413","0","0","0","0","0","0","0","0","0","161","0","0","0","0","0","0","0","0","0","0","0","31","129"
"7","BREN118","15","10","3","2","1362","0","0","0","0","0","0","0","0","0","739","0","0","0","0","0","0","0","0","0","0","0","339","400"
"7","BREN119","15","10","3","2","623","0","0","0","0","0","0","0","0","0","409","0","0","0","0","0","0","0","0","0","0","0","196","213"
"7","BREN120","15","10","3","2","1887","0","0","0","0","0","0","0","0","0","1114","0","0","0","0","0","0","0","0","0","0","0","573","539"
"7","BREN121","15","10","3","2","605","0","0","0","0","0","0","0","0","0","285","0","0","0","0","0","0","0","0","0","0","0","96","189"
"7","BREN122","15","10","3","2","13","0","0","0","0","0","0","0","0","0","13","0","0","0","0","0","0","0","0","0","0","0","8","5"
"7","BREN123","15","10","3","2","853","0","0","0","0","0","0","0","0","0","411","0","0","0","0","0","0","0","0","0","0","0","112","297"
"7","BREN124","15","10","3","2","65","0","0","0","0","0","0","0","0","0","33","0","0","0","0","0","0","0","0","0","0","0","11","22"
"7","BREN125","15","10","3","2","262","0","0","0","0","0","0","0","0","0","133","0","0","0","0","0","0","0","0","0","0","0","48","85"
"7","BREN126","15","10","3","2","532","0","0","0","0","0","0","0","0","0","291","0","0","0","0","0","0","0","0","0","0","0","125","166"
"7","BREN127","15","10","3","2","3097","0","0","0","0","0","0","0","0","0","1541","0","0","0","0","0","0","0","0","0","0","0","559","981"
"7","BREN128","15","10","3","2","2201","0","0","0","0","0","0","0","0","0","1186","0","0","0","0","0","0","0","0","0","0","0","493","693"
"7","BREN129","15","10","3","2","2586","0","0","0","0","0","0","0","0","0","1822","0","0","0","0","0","0","0","0","0","0","0","778","1042"
"7","BREN130","15","10","3","2","1065","0","0","0","0","0","0","0","0","0","577","0","0","0","0","0","0","0","0","0","0","0","242","334"
"7","BREN131","15","10","3","2","2099","0","0","0","0","0","0","0","0","0","1359","0","0","0","0","0","0","0","0","0","0","0","642","717"
"7","BREN132","15","10","3","2","1346","0","0","0","0","0","0","0","0","0","767","0","0","0","0","0","0","0","0","0","0","0","300","467"
"7","BREN133","15","10","3","2","2231","0","0","0","0","0","0","0","0","0","1807","0","0","0","0","0","0","0","0","0","0","0","600","1205"
"7","BREN134","15","10","3","2","769","0","0","0","0","0","0","0","0","0","597","0","0","0","0","0","0","0","0","0","0","0","247","348"
"7","BREN135","15","10","3","2","1925","0","0","0","0","0","0","0","0","0","1049","0","0","0","0","0","0","0","0","0","0","0","444","604"
"7","BREN136","15","10","3","2","2009","0","0","0","0","0","0","0","0","0","1046","0","0","0","0","0","0","0","0","0","0","0","410","633"
"7","BREN137","15","10","3","2","1075","0","0","0","0","0","0","0","0","0","606","0","0","0","0","0","0","0","0","0","0","0","278","326"
"7","BREN138","15","10","3","2","355","0","0","0","0","0","0","0","0","0","205","0","0","0","0","0","0","0","0","0","0","0","77","127"
"7","BREN139","15","10","3","2","403","0","0","0","0","0","0","0","0","0","216","0","0","0","0","0","0","0","0","0","0","0","67","149"
"7","BREN140","15","10","3","2","0","0","0","0","0","0","0","0","0","0","4","0","0","0","0","0","0","0","0","0","0","0","***","***"
"7","BREN801","15","10","3","2","0","0","0","0","0","0","0","0","0","0","0","0","0","0","0","0","0","0","0","0","0","0","0","0"
"7","BREN802","15","10","3","2","8","0","0","0","0","0","0","0","0","0","4","0","0","0","0","0","0","0","0","0","0","0","***","***"
"7","BREN803","15","10","3","2","6","0","0","0","0","0","0","0","0","0","4","0","0","0","0","0","0","0","0","0","0","0","***","***"
"7","BREN804","15","10","3","2","6","0","0","0","0","0","0","0","0","0","4","0","0","0","0","0","0","0","0","0","0","0","***","***"
"7","BREN805","15","10","3","2","5","0","0","0","0","0","0","0","0","0","3","0","0","0","0","0","0","0","0","0","0","0","***","***"
"7","BREN806","15","10","3","2","2","0","0","0","0","0","0","0","0","0","1","0","0","0","0","0","0","0","0","0","0","0","***","***"
"7","BREN807","15","10","3","2","1","0","0","0","0","0","0","0","0","0","1","0","0","0","0","0","0","0","0","0","0","0","***","***"
"7","BREN808","15","10","3","2","8","0","0","0","0","0","0","0","0","0","3","0","0","0","0","0","0","0","0","0","0","0","***","***"
"7","BREN809","15","10","3","2","4","0","0","0","0","0","0","0","0","0","5","0","0","0","0","0","0","0","0","0","0","0","***","***"
"7","BRHL101","15","10","9","2","106","0","0","0","0","0","0","0","0","0","80","0","0","0","0","0","0","0","0","0","0","0","25","55"
"7","BRHL102","15","10","9","2","98","0","0","0","0","0","0","0","0","0","73","0","0","0","0","0","0","0","0","0","0","0","26","47"
"7","BRHL103","15","10","9","2","686","0","0","0","0","0","0","0","0","0","471","0","0","0","0","0","0","0","0","0","0","0","155","315"
"7","BRHL104","15","10","9","2","9","0","0","0","0","0","0","0","0","0","8","0","0","0","0","0","0","0","0","0","0","0","***","***"
"7","BRHL105","15","10","9","2","265","0","0","0","0","0","0","0","0","0","194","0","0","0","0","0","0","0","0","0","0","0","44","150"
"7","BRHL106","15","10","9","2","48","0","0","0","0","0","0","0","0","0","39","0","0","0","0","0","0","0","0","0","0","0","16","23"
"7","BRHL107","15","10","9","2","86","0","0","0","0","0","0","0","0","0","63","0","0","0","0","0","0","0","0","0","0","0","27","36"
"7","BRHL108","15","10","9","2","837","0","0","0","0","0","0","0","0","0","533","0","0","0","0","0","0","0","0","0","0","0","164","368"
"7","BRHL109","15","10","9","2","480","0","0","0","0","0","0","0","0","0","348","0","0","0","0","0","0","0","0","0","0","0","115","233"
"7","BRHL801","15","10","9","2","0","0","0","0","0","0","0","0","0","0","0","0","0","0","0","0","0","0","0","0","0","0","0","0"
"7","BRHL802","15","10","9","2","1","0","0","0","0","0","0","0","0","0","0","0","0","0","0","0","0","0","0","0","0","0","0","0"
"7","BRHL803","15","10","9","2","0","0","0","0","0","0","0","0","0","0","0","0","0","0","0","0","0","0","0","0","0","0","0","0"
"7","BRHL804","15","10","9","2","0","0","0","0","0","0","0","0","0","0","0","0","0","0","0","0","0","0","0","0","0","0","0","0"
"7","BRVL101","16","10","9","2","34","0","0","0","0","0","0","0","0","0","27","0","0","0","0","0","0","0","0","0","0","0","17","10"
"7","BRVL102","16","10","9","2","16","0","0","0","0","0","0","0","0","0","6","0","0","0","0","0","0","0","0","0","0","0","***","***"
"7","BRVL103","16","10","9","2","163","0","0","0","0","0","0","0","0","0","115","0","0","0","0","0","0","0","0","0","0","0","81","34"
"7","BRVL104","16","10","9","2","49","0","0","0","0","0","0","0","0","0","32","0","0","0","0","0","0","0","0","0","0","0","17","15"
"7","BRVL105","16","10","9","2","302","0","0","0","0","0","0","0","0","0","203","0","0","0","0","0","0","0","0","0","0","0","123","80"
"7","BRVL106","16","10","9","2","114","0","0","0","0","0","0","0","0","0","69","0","0","0","0","0","0","0","0","0","0","0","29","40"
"7","BRVL801","16","10","9","2","6","0","0","0","0","0","0","0","0","0","5","0","0","0","0","0","0","0","0","0","0","0","***","***"
"7","BRVL802","16","10","9","2","2","0","0","0","0","0","0","0","0","0","2","0","0","0","0","0","0","0","0","0","0","0","***","***"
"7","BRVL803","15","10","9","2","10","0","0","0","0","0","0","0","0","0","6","0","0","0","0","0","0","0","0","0","0","0","***","***"
"7","BRVL804","16","10","9","2","6","0","0","0","0","0","0","0","0","0","5","0","0","0","0","0","0","0","0","0","0","0","***","***"
"7","BRVL805","16","10","9","2","8","0","0","0","0","0","0","0","0","0","5","0","0","0","0","0","0","0","0","0","0","0","***","***"
"7","BRVL806","16","10","9","2","0","0","0","0","0","0","0","0","0","0","0","0","0","0","0","0","0","0","0","0","0","0","0","0"
"7","BRVL807","16","10","9","2","0","0","0","0","0","0","0","0","0","0","0","0","0","0","0","0","0","0","0","0","0","0","0","0"
"7","BRVL808","16","10","9","2","0","0","0","0","0","0","0","0","0","0","0","0","0","0","0","0","0","0","0","0","0","0","0","0"
"7","BRVL809","16","10","9","2","0","0","0","0","0","0","0","0","0","0","0","0","0","0","0","0","0","0","0","0","0","0","0","0"
"7","BRVL810","16","10","9","2","0","0","0","0","0","0","0","0","0","0","0","0","0","0","0","0","0","0","0","0","0","0","0","0"
"7","BYRN101","15","10","9","2","17","0","0","0","0","0","0","0","0","0","10","0","0","0","0","0","0","0","0","0","0","0","7","3"
"7","BYRN102","15","10","9","2","16","0","0","0","0","0","0","0","0","0","9","0","0","0","0","0","0","0","0","0","0","0","***","***"
"7","BYRN103","11","9","3","2","30","0","0","0","0","0","0","0","0","0","20","0","0","0","0","0","0","0","0","0","0","0","17","3"
"7","BYRN104","11","9","3","2","180","0","0","0","0","0","0","0","0","0","110","0","0","0","0","0","0","0","0","0","0","0","67","43"
"7","BYRN105","11","9","3","2","247","0","0","0","0","0","0","0","0","0","138","0","0","0","0","0","0","0","0","0","0","0","66","72"
"7","BYRN106","11","9","3","2","242","0","0","0","0","0","0","0","0","0","144","0","0","0","0","0","0","0","0","0","0","0","99","45"
"7","BYRN107","15","10","9","2","115","0","0","0","0","0","0","0","0","0","49","0","0","0","0","0","0","0","0","0","0","0","17","32"
"7","BYRN801","15","10","3","2","4","0","0","0","0","0","0","0","0","0","2","0","0","0","0","0","0","0","0","0","0","0","***","***"
"7","BYRN802","15","10","9","2","0","0","0","0","0","0","0","0","0","0","0","0","0","0","0","0","0","0","0","0","0","0","0","0"
"7","BYRN803","11","9","3","2","0","0","0","0","0","0","0","0","0","0","0","0","0","0","0","0","0","0","0","0","0","0","0","0"
"7","BYRN804","15","10","9","2","0","0","0","0","0","0","0","0","0","0","0","0","0","0","0","0","0","0","0","0","0","0","0","0"
"7","BYRN805","15","10","9","2","0","0","0","0","0","0","0","0","0","0","0","0","0","0","0","0","0","0","0","0","0","0","0","0"
"7","BYRN806","15","9","3","2","8","0","0","0","0","0","0","0","0","0","7","0","0","0","0","0","0","0","0","0","0","0","***","***"
"7","BYRN807","11","9","3","2","2","0","0","0","0","0","0","0","0","0","0","0","0","0","0","0","0","0","0","0","0","0","0","0"
"7","BYRN808","15","10","3","2","3","0","0","0","0","0","0","0","0","0","0","0","0","0","0","0","0","0","0","0","0","0","0","0"
"7","BYRN809","15","9","3","2","7","0","0","0","0","0","0","0","0","0","6","0","0","0","0","0","0","0","0","0","0","0","***","***"
"7","BYRN810","15","9","3","2","6","0","0","0","0","0","0","0","0","0","5","0","0","0","0","0","0","0","0","0","0","0","***","***"
"7","BYRN811","15","9","3","2","1","0","0","0","0","0","0","0","0","0","0","0","0","0","0","0","0","0","0","0","0","0","0","0"
"7","BYRN812","11","9","3","2","24","0","0","0","0","0","0","0","0","0","12","0","0","0","0","0","0","0","0","0","0","0","10","2"
"7","BYRN813","15","10","3","2","0","0","0","0","0","0","0","0","0","0","0","0","0","0","0","0","0","0","0","0","0","0","0","0"
"7","BYRN814","15","10","3","2","0","0","0","0","0","0","0","0","0","0","0","0","0","0","0","0","0","0","0","0","0","0","0","0"
"7","BYRN815","15","10","9","2","0","0","0","0","0","0","0","0","0","0","0","0","0","0","0","0","0","0","0","0","0","0","0","0"
"7","BYRN816","15","10","9","2","8","0","0","0","0","0","0","0","0","0","4","0","0","0","0","0","0","0","0","0","0","0","***","***"
"7","BYRN817","15","10","9","2","0","0","0","0","0","0","0","0","0","0","0","0","0","0","0","0","0","0","0","0","0","0","0","0"
"7","BYRN818","11","9","3","2","4","0","0","0","0","0","0","0","0","0","1","0","0","0","0","0","0","0","0","0","0","0","***","***"
"7","BYRN819","11","9","3","2","9","0","0","0","0","0","0","0","0","0","3","0","0","0","0","0","0","0","0","0","0","0","***","***"
"7","BYRN820","11","9","3","2","0","0","0","0","0","0","0","0","0","0","0","0","0","0","0","0","0","0","0","0","0","0","0","0"
"7","BYRN821","15","10","9","2","0","0","0","0","0","0","0","0","0","0","0","0","0","0","0","0","0","0","0","0","0","0","0","0"
"7","BYRN822","11","9","3","2","10","0","0","0","0","0","0","0","0","0","7","0","0","0","0","0","0","0","0","0","0","0","***","***"
"7","BYRN823","15","10","9","2","9","0","0","0","0","0","0","0","0","0","6","0","0","0","0","0","0","0","0","0","0","0","***","***"
"7","BYRN824","11","9","3","2","0","0","0","0","0","0","0","0","0","0","0","0","0","0","0","0","0","0","0","0","0","0","0","0"
"7","CALD801","14","10","9","2","7","0","0","0","0","0","0","0","0","0","5","0","0","0","0","0","0","0","0","0","0","0","***","***"
"7","CALD802","14","10","9","2","2","0","0","0","0","0","0","0","0","0","2","0","0","0","0","0","0","0","0","0","0","0","***","***"
"7","CALD803","16","10","9","2","5","0","0","0","0","0","0","0","0","0","4","0","0","0","0","0","0","0","0","0","0","0","***","***"
"7","CANY101","16","10","9","2","152","0","0","0","0","0","0","0","0","0","106","0","0","0","0","0","0","0","0","0","0","0","4","102"
"7","CANY801","16","10","9","2","0","0","0","0","0","0","0","0","0","0","0","0","0","0","0","0","0","0","0","0","0","0","0","0"
"7","CANY802","14","10","9","2","0","0","0","0","0","0","0","0","0","0","0","0","0","0","0","0","0","0","0","0","0","0","0","0"
"7","CANY803","14","10","9","2","0","0","0","0","0","0","0","0","0","0","0","0","0","0","0","0","0","0","0","0","0","0","0","0"
"7","CANY804","16","10","9","2","2","0","0","0","0","0","0","0","0","0","1","0","0","0","0","0","0","0","0","0","0","0","***","***"
"7","CANY805","16","10","9","2","0","0","0","0","0","0","0","0","0","0","0","0","0","0","0","0","0","0","0","0","0","0","0","0"
"7","CANY806","16","10","9","2","0","0","0","0","0","0","0","0","0","0","1","0","0","0","0","0","0","0","0","0","0","0","***","***"
"7","CANY807","14","10","9","2","0","0","0","0","0","0","0","0","0","0","0","0","0","0","0","0","0","0","0","0","0","0","0","0"
"7","CASR101","16","10","9","2","107","0","0","0","0","0","0","0","0","0","72","0","0","0","0","0","0","0","0","0","0","0","26","46"
"7","CASR102","16","10","9","2","13","0","0","0","0","0","0","0","0","0","5","0","0","0","0","0","0","0","0","0","0","0","***","***"
"7","CASR103","16","10","9","2","16","0","0","0","0","0","0","0","0","0","10","0","0","0","0","0","0","0","0","0","0","0","7","3"
"7","CASR104","16","10","9","2","419","0","0","0","0","0","0","0","0","0","268","0","0","0","0","0","0","0","0","0","0","0","115","151"
"7","CASR801","16","10","9","2","0","0","0","0","0","0","0","0","0","0","1","0","0","0","0","0","0","0","0","0","0","0","***","***"
"7","CASR802","16","10","9","2","3","0","0","0","0","0","0","0","0","0","3","0","0","0","0","0","0","0","0","0","0","0","***","***"
"7","CASR803","16","10","9","2","0","0","0","0","0","0","0","0","0","0","0","0","0","0","0","0","0","0","0","0","0","0","0","0"
"7","CLAY101","15","10","9","2","232","0","0","0","0","0","0","0","0","0","160","0","0","0","0","0","0","0","0","0","0","0","62","98"
"7","CLAY102","15","10","9","2","2533","0","0","0","0","0","0","0","0","0","1662","0","0","0","0","0","0","0","0","0","0","0","742","918"
"7","CLAY103","15","10","9","2","1832","0","0","0","0","0","0","0","0","0","1209","0","0","0","0","0","0","0","0","0","0","0","518","691"
"7","CLAY104","15","10","9","2","2248","0","0","0","0","0","0","0","0","0","1496","0","0","0","0","0","0","0","0","0","0","0","601","895"
"7","CLAY105","15","10","9","2","1776","0","0","0","0","0","0","0","0","0","1196","0","0","0","0","0","0","0","0","0","0","0","522","674"
"7","CLYD101","15","10","9","2","528","0","0","0","0","0","0","0","0","0","317","0","0","0","0","0","0","0","0","0","0","0","107","210"
"7","CLYD801","15","8","9","2","1","0","0","0","0","0","0","0","0","0","0","0","0","0","0","0","0","0","0","0","0","0","0","0"
"7","CONC101","15","10","9","2","1309","0","0","0","0","0","0","0","0","0","770","0","0","0","0","0","0","0","0","0","0","0","225","545"
"7","CONC102","15","10","9","2","1243","0","0","0","0","0","0","0","0","0","694","0","0","0","0","0","0","0","0","0","0","0","185","509"
"7","CONC103","15","10","9","2","272","0","0","0","0","0","0","0","0","0","136","0","0","0","0","0","0","0","0","0","0","0","51","85"
"7","CONC104","15","10","9","2","1206","0","0","0","0","0","0","0","0","0","600","0","0","0","0","0","0","0","0","0","0","0","159","441"
"7","CONC105","15","10","9","2","2083","0","0","0","0","0","0","0","0","0","1269","0","0","0","0","0","0","0","0","0","0","0","354","915"
"7","CONC106","15","10","9","2","846","0","0","0","0","0","0","0","0","0","505","0","0","0","0","0","0","0","0","0","0","0","176","329"
"7","CONC107","15","10","9","2","463","0","0","0","0","0","0","0","0","0","244","0","0","0","0","0","0","0","0","0","0","0","70","174"
"7","CONC108","15","10","9","2","1625","0","0","0","0","0","0","0","0","0","1025","0","0","0","0","0","0","0","0","0","0","0","352","673"
"7","CONC109","15","10","9","2","693","0","0","0","0","0","0","0","0","0","324","0","0","0","0","0","0","0","0","0","0","0","70","254"
"7","CONC110","15","10","9","2","2355","0","0","0","0","0","0","0","0","0","1355","0","0","0","0","0","0","0","0","0","0","0","443","910"
"7","CONC111","15","10","9","2","898","0","0","0","0","0","0","0","0","0","431","0","0","0","0","0","0","0","0","0","0","0","73","358"
"7","CONC112","15","10","9","2","2908","0","0","0","0","0","0","0","0","0","1311","0","0","0","0","0","0","0","0","0","0","0","307","1004"
"7","CONC113","15","10","9","2","1697","0","0","0","0","0","0","0","0","0","913","0","0","0","0","0","0","0","0","0","0","0","253","660"
"7","CONC114","15","10","9","2","79","0","0","0","0","0","0","0","0","0","45","0","0","0","0","0","0","0","0","0","0","0","16","29"
"7","CONC115","15","10","9","2","1837","0","0","0","0","0","0","0","0","0","1179","0","0","0","0","0","0","0","0","0","0","0","351","827"
"7","CONC116","15","10","9","2","563","0","0","0","0","0","0","0","0","0","360","0","0","0","0","0","0","0","0","0","0","0","94","266"
"7","CONC117","15","10","9","2","3181","0","0","0","0","0","0","0","0","0","1921","0","0","0","0","0","0","0","0","0","0","0","556","1362"
"7","CONC118","15","10","9","2","1207","0","0","0","0","0","0","0","0","0","764","0","0","0","0","0","0","0","0","0","0","0","309","455"
"7","CONC119","15","10","9","2","30","0","0","0","0","0","0","0","0","0","5","0","0","0","0","0","0","0","0","0","0","0","***","***"
"7","CONC120","15","10","9","2","2475","0","0","0","0","0","0","0","0","0","1340","0","0","0","0","0","0","0","0","0","0","0","450","889"
"7","CONC121","15","10","9","2","744","0","0","0","0","0","0","0","0","0","475","0","0","0","0","0","0","0","0","0","0","0","147","327"
"7","CONC122","15","10","9","2","365","0","0","0","0","0","0","0","0","0","188","0","0","0","0","0","0","0","0","0","0","0","63","125"
"7","CONC123","15","10","9","2","655","0","0","0","0","0","0","0","0","0","387","0","0","0","0","0","0","0","0","0","0","0","137","249"
"7","CONC124","15","10","9","2","1483","0","0","0","0","0","0","0","0","0","788","0","0","0","0","0","0","0","0","0","0","0","225","563"
"7","CONC125","15","10","9","2","2945","0","0","0","0","0","0","0","0","0","1825","0","0","0","0","0","0","0","0","0","0","0","624","1201"
"7","CONC126","15","10","9","2","2990","0","0","0","0","0","0","0","0","0","1547","0","0","0","0","0","0","0","0","0","0","0","405","1140"
"7","CONC127","15","10","9","2","1867","0","0","0","0","0","0","0","0","0","1247","0","0","0","0","0","0","0","0","0","0","0","372","875"
"7","CONC128","15","10","9","2","200","0","0","0","0","0","0","0","0","0","87","0","0","0","0","0","0","0","0","0","0","0","19","68"
"7","CONC129","15","10","9","2","2066","0","0","0","0","0","0","0","0","0","1342","0","0","0","0","0","0","0","0","0","0","0","473","869"
"7","CONC130","15","10","9","2","52","0","0","0","0","0","0","0","0","0","29","0","0","0","0","0","0","0","0","0","0","0","13","16"
"7","CONC131","15","10","9","2","2853","0","0","0","0","0","0","0","0","0","1101","0","0","0","0","0","0","0","0","0","0","0","179","919"
"7","CONC132","15","10","9","2","2618","0","0","0","0","0","0","0","0","0","1176","0","0","0","0","0","0","0","0","0","0","0","281","893"
"7","CONC133","15","10","9","2","2786","0","0","0","0","0","0","0","0","0","1819","0","0","0","0","0","0","0","0","0","0","0","499","1319"
"7","CONC134","15","10","9","2","2244","0","0","0","0","0","0","0","0","0","1259","0","0","0","0","0","0","0","0","0","0","0","390","868"
"7","CONC135","15","10","9","2","1396","0","0","0","0","0","0","0","0","0","745","0","0","0","0","0","0","0","0","0","0","0","211","533"
"7","CONC136","15","10","9","2","2664","0","0","0","0","0","0","0","0","0","1656","0","0","0","0","0","0","0","0","0","0","0","572","1084"
"7","CONC137","15","10","9","2","442","0","0","0","0","0","0","0","0","0","247","0","0","0","0","0","0","0","0","0","0","0","77","170"
"7","CONC138","15","10","9","2","3116","0","0","0","0","0","0","0","0","0","1907","0","0","0","0","0","0","0","0","0","0","0","672","1233"
"7","CONC139","15","10","9","2","611","0","0","0","0","0","0","0","0","0","383","0","0","0","0","0","0","0","0","0","0","0","139","244"
"7","CONC140","15","10","9","2","1504","0","0","0","0","0","0","0","0","0","948","0","0","0","0","0","0","0","0","0","0","0","301","647"
"7","CONC141","15","10","9","2","887","0","0","0","0","0","0","0","0","0","554","0","0","0","0","0","0","0","0","0","0","0","192","362"
"7","CONC142","15","10","9","2","2837","0","0","0","0","0","0","0","0","0","1486","0","0","0","0","0","0","0","0","0","0","0","413","1071"
"7","CONC143","15","10","9","2","1298","0","0","0","0","0","0","0","0","0","636","0","0","0","0","0","0","0","0","0","0","0","186","449"
"7","CONC144","15","10","9","2","1996","0","0","0","0","0","0","0","0","0","1209","0","0","0","0","0","0","0","0","0","0","0","428","781"
"7","CONC145","15","10","9","2","549","0","0","0","0","0","0","0","0","0","375","0","0","0","0","0","0","0","0","0","0","0","122","253"
"7","CONC146","15","10","9","2","2004","0","0","0","0","0","0","0","0","0","1269","0","0","0","0","0","0","0","0","0","0","0","410","857"
"7","CONC147","15","10","9","2","2730","0","0","0","0","0","0","0","0","0","1492","0","0","0","0","0","0","0","0","0","0","0","476","1016"
"7","CONC148","15","10","9","2","912","0","0","0","0","0","0","0","0","0","484","0","0","0","0","0","0","0","0","0","0","0","128","356"
"7","CONC801","15","10","9","2","0","0","0","0","0","0","0","0","0","0","0","0","0","0","0","0","0","0","0","0","0","0","0","0"
"7","CONC802","15","10","9","2","8","0","0","0","0","0","0","0","0","0","2","0","0","0","0","0","0","0","0","0","0","0","***","***"
"7","CONC803","15","10","9","2","2","0","0","0","0","0","0","0","0","0","2","0","0","0","0","0","0","0","0","0","0","0","***","***"
"7","CONC804","15","10","9","2","1","0","0","0","0","0","0","0","0","0","0","0","0","0","0","0","0","0","0","0","0","0","0","0"
"7","CONC805","15","10","9","2","2","0","0","0","0","0","0","0","0","0","2","0","0","0","0","0","0","0","0","0","0","0","***","***"
"7","CONC806","15","10","9","2","0","0","0","0","0","0","0","0","0","0","0","0","0","0","0","0","0","0","0","0","0","0","0","0"
"7","CONC807","15","10","9","2","11","0","0","0","0","0","0","0","0","0","0","0","0","0","0","0","0","0","0","0","0","0","0","0"
"7","CROC101","15","8","9","2","2351","0","0","0","0","0","0","0","0","0","1438","0","0","0","0","0","0","0","0","0","0","0","341","1095"
"7","CROC801","15","8","9","2","4","0","0","0","0","0","0","0","0","0","2","0","0","0","0","0","0","0","0","0","0","0","***","***"
"7","CROC802","14","8","7","2","1","0","0","0","0","0","0","0","0","0","1","0","0","0","0","0","0","0","0","0","0","0","***","***"
"7","DANV101","16","10","9","2","1768","0","0","0","0","0","0","0","0","0","1004","0","0","0","0","0","0","0","0","0","0","0","385","618"
"7","DANV102","16","10","9","2","921","0","0","0","0","0","0","0","0","0","601","0","0","0","0","0","0","0","0","0","0","0","240","361"
"7","DANV103","16","10","9","2","3195","0","0","0","0","0","0","0","0","0","2088","0","0","0","0","0","0","0","0","0","0","0","890","1197"
"7","DANV104","16","10","9","2","145","0","0","0","0","0","0","0","0","0","102","0","0","0","0","0","0","0","0","0","0","0","34","68"
"7","DANV105","16","10","9","2","3157","0","0","0","0","0","0","0","0","0","1992","0","0","0","0","0","0","0","0","0","0","0","867","1122"
"7","DANV106","16","10","9","2","2139","0","0","0","0","0","0","0","0","0","1279","0","0","0","0","0","0","0","0","0","0","0","470","807"
"7","DANV107","16","10","9","2","2889","0","0","0","0","0","0","0","0","0","1851","0","0","0","0","0","0","0","0","0","0","0","737","1113"
"7","DANV108","16","10","9","2","2041","0","0","0","0","0","0","0","0","0","1439","0","0","0","0","0","0","0","0","0","0","0","551","888"
"7","DANV109","16","10","9","2","1363","0","0","0","0","0","0","0","0","0","991","0","0","0","0","0","0","0","0","0","0","0","350","638"
"7","DANV110","16","10","9","2","2792","0","0","0","0","0","0","0","0","0","1721","0","0","0","0","0","0","0","0","0","0","0","607","1114"
"7","DANV111","16","10","9","2","2766","0","0","0","0","0","0","0","0","0","1792","0","0","0","0","0","0","0","0","0","0","0","663","1129"
"7","DANV112","16","10","9","2","1046","0","0","0","0","0","0","0","0","0","670","0","0","0","0","0","0","0","0","0","0","0","297","373"
"7","DANV113","16","10","9","2","3457","0","0","0","0","0","0","0","0","0","2313","0","0","0","0","0","0","0","0","0","0","0","915","1397"
"7","DANV114","16","10","9","2","1961","0","0","0","0","0","0","0","0","0","1307","0","0","0","0","0","0","0","0","0","0","0","585","720"
"7","DANV115","16","10","9","2","781","0","0","0","0","0","0","0","0","0","464","0","0","0","0","0","0","0","0","0","0","0","149","314"
"7","DANV116","16","10","9","2","2329","0","0","0","0","0","0","0","0","0","1429","0","0","0","0","0","0","0","0","0","0","0","588","840"
"7","DANV801","16","10","9","2","3","0","0","0","0","0","0","0","0","0","0","0","0","0","0","0","0","0","0","0","0","0","0","0"
"7","DANV802","16","10","9","2","0","0","0","0","0","0","0","0","0","0","5","0","0","0","0","0","0","0","0","0","0","0","***","***"
"7","DANV803","16","10","9","2","0","0","0","0","0","0","0","0","0","0","0","0","0","0","0","0","0","0","0","0","0","0","0","0"
"7","DBAY101","11","10","3","2","40","0","0","0","0","0","0","0","0","0","17","0","0","0","0","0","0","0","0","0","0","0","15","2"
"7","DBAY102","11","9","3","2","34","0","0","0","0","0","0","0","0","0","21","0","0","0","0","0","0","0","0","0","0","0","16","5"
"7","DBAY103","11","10","3","2","62","0","0","0","0","0","0","0","0","0","37","0","0","0","0","0","0","0","0","0","0","0","24","13"
"7","DBAY104","11","9","3","2","1281","0","0","0","0","0","0","0","0","0","725","0","0","0","0","0","0","0","0","0","0","0","332","391"
"7","DBAY105","11","9","3","2","23","0","0","0","0","0","0","0","0","0","15","0","0","0","0","0","0","0","0","0","0","0","12","3"
"7","DBAY106","11","9","3","2","17","0","0","0","0","0","0","0","0","0","9","0","0","0","0","0","0","0","0","0","0","0","***","***"
"7","DBAY107","11","9","3","2","15","0","0","0","0","0","0","0","0","0","7","0","0","0","0","0","0","0","0","0","0","0","***","***"
"7","DBAY108","11","9","3","2","769","0","0","0","0","0","0","0","0","0","367","0","0","0","0","0","0","0","0","0","0","0","181","186"
"7","DBAY109","11","9","3","2","33","0","0","0","0","0","0","0","0","0","12","0","0","0","0","0","0","0","0","0","0","0","9","3"
"7","DBAY110","11","9","3","2","1910","0","0","0","0","0","0","0","0","0","1173","0","0","0","0","0","0","0","0","0","0","0","745","426"
"7","DBAY111","11","9","3","2","1162","0","0","0","0","0","0","0","0","0","559","0","0","0","0","0","0","0","0","0","0","0","258","301"
"7","DBAY112","11","9","3","2","1289","0","0","0","0","0","0","0","0","0","802","0","0","0","0","0","0","0","0","0","0","0","469","333"
"7","DBAY113","11","9","3","2","1403","0","0","0","0","0","0","0","0","0","907","0","0","0","0","0","0","0","0","0","0","0","554","353"
"7","DBAY114","11","9","3","2","2065","0","0","0","0","0","0","0","0","0","1047","0","0","0","0","0","0","0","0","0","0","0","578","469"
"7","DBAY115","11","9","3","2","955","0","0","0","0","0","0","0","0","0","574","0","0","0","0","0","0","0","0","0","0","0","353","220"
"7","DBAY116","11","9","3","2","57","0","0","0","0","0","0","0","0","0","34","0","0","0","0","0","0","0","0","0","0","0","28","6"
"7","DBAY801","11","9","3","2","7","0","0","0","0","0","0","0","0","0","0","0","0","0","0","0","0","0","0","0","0","0","0","0"
"7","DBAY802","11","9","3","2","0","0","0","0","0","0","0","0","0","0","0","0","0","0","0","0","0","0","0","0","0","0","0","0"
"7","DBAY803","11","9","3","2","0","0","0","0","0","0","0","0","0","0","0","0","0","0","0","0","0","0","0","0","0","0","0","0"
"7","DBAY804","11","9","3","2","0","0","0","0","0","0","0","0","0","0","0","0","0","0","0","0","0","0","0","0","0","0","0","0"
"7","DIAB101","16","10","9","2","827","0","0","0","0","0","0","0","0","0","528","0","0","0","0","0","0","0","0","0","0","0","316","212"
"7","DIAB102","16","10","9","2","130","0","0","0","0","0","0","0","0","0","57","0","0","0","0","0","0","0","0","0","0","0","22","35"
"7","ELCR101","14","8","7","2","2234","0","0","0","0","0","0","0","0","0","1519","0","0","0","0","0","0","0","0","0","0","0","181","1338"
"7","ELCR102","14","8","7","2","69","0","0","0","0","0","0","0","0","0","56","0","0","0","0","0","0","0","0","0","0","0","3","53"
"7","ELCR103","14","8","7","2","2491","0","0","0","0","0","0","0","0","0","1862","0","0","0","0","0","0","0","0","0","0","0","160","1702"
"7","ELCR104","14","8","7","2","1828","0","0","0","0","0","0","0","0","0","1098","0","0","0","0","0","0","0","0","0","0","0","101","996"
"7","ELCR105","14","8","7","2","2961","0","0","0","0","0","0","0","0","0","2028","0","0","0","0","0","0","0","0","0","0","0","268","1758"
"7","ELCR106","14","8","7","2","2835","0","0","0","0","0","0","0","0","0","2051","0","0","0","0","0","0","0","0","0","0","0","229","1821"
"7","ELCR107","14","8","7","2","2384","0","0","0","0","0","0","0","0","0","1469","0","0","0","0","0","0","0","0","0","0","0","164","1305"
"7","ELCR108","14","8","7","2","1410","0","0","0","0","0","0","0","0","0","970","0","0","0","0","0","0","0","0","0","0","0","131","839"
"7","ELCR109","14","8","7","2","1552","0","0","0","0","0","0","0","0","0","1114","0","0","0","0","0","0","0","0","0","0","0","78","1036"
"7","ELCR801","14","8","7","2","0","0","0","0","0","0","0","0","0","0","0","0","0","0","0","0","0","0","0","0","0","0","0","0"
"7","ELCR802","14","8","7","2","3","0","0","0","0","0","0","0","0","0","1","0","0","0","0","0","0","0","0","0","0","0","***","***"
"7","ELSO101","14","8","7","2","21","0","0","0","0","0","0","0","0","0","18","0","0","0","0","0","0","0","0","0","0","0","10","8"
"7","ELSO102","14","8","7","2","220","0","0","0","0","0","0","0","0","0","162","0","0","0","0","0","0","0","0","0","0","0","44","118"
"7","ELSO103","14","8","7","2","2804","0","0","0","0","0","0","0","0","0","1563","0","0","0","0","0","0","0","0","0","0","0","313","1250"
"7","ELSO104","14","8","7","2","1792","0","0","0","0","0","0","0","0","0","1084","0","0","0","0","0","0","0","0","0","0","0","257","827"
"7","ELSO105","14","8","7","2","117","0","0","0","0","0","0","0","0","0","73","0","0","0","0","0","0","0","0","0","0","0","15","58"
"7","ELSO106","14","8","7","2","1087","0","0","0","0","0","0","0","0","0","620","0","0","0","0","0","0","0","0","0","0","0","175","445"
"7","ELSO107","14","8","7","2","20","0","0","0","0","0","0","0","0","0","6","0","0","0","0","0","0","0","0","0","0","0","***","***"
"7","ELSO108","14","8","7","2","787","0","0","0","0","0","0","0","0","0","433","0","0","0","0","0","0","0","0","0","0","0","77","356"
"7","ELSO109","14","8","7","2","1716","0","0","0","0","0","0","0","0","0","893","0","0","0","0","0","0","0","0","0","0","0","151","742"
"7","ELSO110","14","8","7","2","30","0","0","0","0","0","0","0","0","0","18","0","0","0","0","0","0","0","0","0","0","0","4","14"
"7","ELSO801","14","8","7","2","1","0","0","0","0","0","0","0","0","0","0","0","0","0","0","0","0","0","0","0","0","0","0","0"
"7","ELSO802","14","8","7","2","2","0","0","0","0","0","0","0","0","0","2","0","0","0","0","0","0","0","0","0","0","0","***","***"
"7","ELSO803","14","8","7","2","3","0","0","0","0","0","0","0","0","0","2","0","0","0","0","0","0","0","0","0","0","0","***","***"
"7","ELSO804","14","8","7","2","0","0","0","0","0","0","0","0","0","0","0","0","0","0","0","0","0","0","0","0","0","0","0","0"
"7","ELSO805","14","8","7","2","0","0","0","0","0","0","0","0","0","0","0","0","0","0","0","0","0","0","0","0","0","0","0","0"
"7","ELSO806","14","8","7","2","4","0","0","0","0","0","0","0","0","0","1","0","0","0","0","0","0","0","0","0","0","0","***","***"
"7","ELSO807","14","8","7","2","2","0","0","0","0","0","0","0","0","0","2","0","0","0","0","0","0","0","0","0","0","0","***","***"
"7","ELSO808","14","8","7","2","1","0","0","0","0","0","0","0","0","0","1","0","0","0","0","0","0","0","0","0","0","0","***","***"
"7","ELSO809","14","8","7","2","2","0","0","0","0","0","0","0","0","0","2","0","0","0","0","0","0","0","0","0","0","0","***","***"
"7","ELSO810","14","8","7","2","6","0","0","0","0","0","0","0","0","0","5","0","0","0","0","0","0","0","0","0","0","0","***","***"
"7","ELSO811","15","8","9","2","2","0","0","0","0","0","0","0","0","0","2","0","0","0","0","0","0","0","0","0","0","0","***","***"
"7","ELSO812","14","8","7","2","0","0","0","0","0","0","0","0","0","0","0","0","0","0","0","0","0","0","0","0","0","0","0","0"
"7","ELSO813","14","8","7","2","8","0","0","0","0","0","0","0","0","0","6","0","0","0","0","0","0","0","0","0","0","0","***","***"
"7","ERIC101","14","8","7","2","587","0","0","0","0","0","0","0","0","0","369","0","0","0","0","0","0","0","0","0","0","0","47","322"
"7","ERIC102","14","8","7","2","2662","0","0","0","0","0","0","0","0","0","1868","0","0","0","0","0","0","0","0","0","0","0","194","1672"
"7","ERIC103","14","8","7","2","38","0","0","0","0","0","0","0","0","0","29","0","0","0","0","0","0","0","0","0","0","0","3","26"
"7","FAIR801","15","8","9","2","0","0","0","0","0","0","0","0","0","0","0","0","0","0","0","0","0","0","0","0","0","0","0","0"
"7","GIAN101","14","8","7","2","998","0","0","0","0","0","0","0","0","0","544","0","0","0","0","0","0","0","0","0","0","0","133","411"
"7","GIAN102","14","8","7","2","3349","0","0","0","0","0","0","0","0","0","1627","0","0","0","0","0","0","0","0","0","0","0","364","1262"
"7","GIAN103","14","8","7","2","1771","0","0","0","0","0","0","0","0","0","839","0","0","0","0","0","0","0","0","0","0","0","160","679"
"7","HERC101","14","8","7","2","1239","0","0","0","0","0","0","0","0","0","678","0","0","0","0","0","0","0","0","0","0","0","125","551"
"7","HERC102","14","8","7","2","3388","0","0","0","0","0","0","0","0","0","1881","0","0","0","0","0","0","0","0","0","0","0","355","1524"
"7","HERC103","14","8","7","2","378","0","0","0","0","0","0","0","0","0","222","0","0","0","0","0","0","0","0","0","0","0","45","177"
"7","HERC104","14","8","7","2","2344","0","0","0","0","0","0","0","0","0","1332","0","0","0","0","0","0","0","0","0","0","0","276","1056"
"7","HERC105","14","8","7","2","91","0","0","0","0","0","0","0","0","0","50","0","0","0","0","0","0","0","0","0","0","0","10","40"
"7","HERC106","14","8","7","2","1454","0","0","0","0","0","0","0","0","0","867","0","0","0","0","0","0","0","0","0","0","0","157","708"
"7","HERC107","14","8","7","2","2672","0","0","0","0","0","0","0","0","0","1359","0","0","0","0","0","0","0","0","0","0","0","298","1061"
"7","HERC108","14","8","7","2","2080","0","0","0","0","0","0","0","0","0","1087","0","0","0","0","0","0","0","0","0","0","0","241","842"
"7","HERC109","14","8","7","2","2397","0","0","0","0","0","0","0","0","0","1358","0","0","0","0","0","0","0","0","0","0","0","329","1025"
"7","HERC110","14","8","7","2","1693","0","0","0","0","0","0","0","0","0","1008","0","0","0","0","0","0","0","0","0","0","0","271","736"
"7","KENS101","14","8","7","2","2226","0","0","0","0","0","0","0","0","0","1658","0","0","0","0","0","0","0","0","0","0","0","128","1530"
"7","KENS102","14","8","7","2","2155","0","0","0","0","0","0","0","0","0","1608","0","0","0","0","0","0","0","0","0","0","0","135","1472"
"7","KENS801","14","8","9","2","0","0","0","0","0","0","0","0","0","0","0","0","0","0","0","0","0","0","0","0","0","0","0","0"
"7","KENS802","14","8","9","2","2","0","0","0","0","0","0","0","0","0","3","0","0","0","0","0","0","0","0","0","0","0","***","***"
"7","KENS803","14","8","7","2","5","0","0","0","0","0","0","0","0","0","4","0","0","0","0","0","0","0","0","0","0","0","***","***"
"7","KNGT101","11","10","3","2","63","0","0","0","0","0","0","0","0","0","29","0","0","0","0","0","0","0","0","0","0","0","22","7"
"7","KNGT102","11","10","3","2","55","0","0","0","0","0","0","0","0","0","33","0","0","0","0","0","0","0","0","0","0","0","17","16"
"7","KNGT103","11","10","3","2","11","0","0","0","0","0","0","0","0","0","4","0","0","0","0","0","0","0","0","0","0","0","***","***"
"7","KNGT104","11","10","3","2","131","0","0","0","0","0","0","0","0","0","65","0","0","0","0","0","0","0","0","0","0","0","34","31"
"7","KNGT105","11","10","3","2","449","0","0","0","0","0","0","0","0","0","226","0","0","0","0","0","0","0","0","0","0","0","146","80"
"7","KNGT106","11","10","3","2","94","0","0","0","0","0","0","0","0","0","59","0","0","0","0","0","0","0","0","0","0","0","34","25"
"7","KNGT107","11","10","3","2","89","0","0","0","0","0","0","0","0","0","58","0","0","0","0","0","0","0","0","0","0","0","37","21"
"7","KNGT108","11","10","3","2","48","0","0","0","0","0","0","0","0","0","26","0","0","0","0","0","0","0","0","0","0","0","17","9"
"7","KNGT109","11","10","3","2","13","0","0","0","0","0","0","0","0","0","6","0","0","0","0","0","0","0","0","0","0","0","***","***"
"7","KNGT110","11","10","3","2","86","0","0","0","0","0","0","0","0","0","51","0","0","0","0","0","0","0","0","0","0","0","36","15"
"7","KNGT111","11","10","3","2","56","0","0","0","0","0","0","0","0","0","29","0","0","0","0","0","0","0","0","0","0","0","23","6"
"7","KNGT112","11","10","3","2","37","0","0","0","0","0","0","0","0","0","19","0","0","0","0","0","0","0","0","0","0","0","12","7"
"7","KNGT113","11","10","3","2","27","0","0","0","0","0","0","0","0","0","11","0","0","0","0","0","0","0","0","0","0","0","5","6"
"7","KNGT114","11","10","3","2","79","0","0","0","0","0","0","0","0","0","31","0","0","0","0","0","0","0","0","0","0","0","11","20"
"7","KNGT115","11","10","3","2","50","0","0","0","0","0","0","0","0","0","15","0","0","0","0","0","0","0","0","0","0","0","15","0"
"7","KNGT116","11","10","3","2","25","0","0","0","0","0","0","0","0","0","16","0","0","0","0","0","0","0","0","0","0","0","12","4"
"7","KNGT117","11","10","3","2","20","0","0","0","0","0","0","0","0","0","8","0","0","0","0","0","0","0","0","0","0","0","***","***"
"7","KNGT118","11","10","3","2","16","0","0","0","0","0","0","0","0","0","6","0","0","0","0","0","0","0","0","0","0","0","***","***"
"7","KNGT119","11","10","3","2","28","0","0","0","0","0","0","0","0","0","14","0","0","0","0","0","0","0","0","0","0","0","8","6"
"7","KNGT120","11","10","3","2","78","0","0","0","0","0","0","0","0","0","42","0","0","0","0","0","0","0","0","0","0","0","33","9"
"7","KNGT801","11","10","3","2","8","0","0","0","0","0","0","0","0","0","4","0","0","0","0","0","0","0","0","0","0","0","***","***"
"7","KNGT802","11","10","3","2","0","0","0","0","0","0","0","0","0","0","0","0","0","0","0","0","0","0","0","0","0","0","0","0"
"7","KNGT803","11","10","3","2","4","0","0","0","0","0","0","0","0","0","0","0","0","0","0","0","0","0","0","0","0","0","0","0"
"7","KNGT804","11","10","3","2","8","0","0","0","0","0","0","0","0","0","4","0","0","0","0","0","0","0","0","0","0","0","***","***"
"7","KNGT805","11","10","3","2","0","0","0","0","0","0","0","0","0","0","0","0","0","0","0","0","0","0","0","0","0","0","0","0"
"7","KNGT806","11","10","3","2","0","0","0","0","0","0","0","0","0","0","0","0","0","0","0","0","0","0","0","0","0","0","0","0"
"7","KNGT807","11","10","3","2","3","0","0","0","0","0","0","0","0","0","2","0","0","0","0","0","0","0","0","0","0","0","***","***"
"7","KNGT808","11","10","3","2","0","0","0","0","0","0","0","0","0","0","0","0","0","0","0","0","0","0","0","0","0","0","0","0"
"7","KNGT809","11","10","3","2","7","0","0","0","0","0","0","0","0","0","4","0","0","0","0","0","0","0","0","0","0","0","***","***"
"7","KNGT810","11","10","3","2","5","0","0","0","0","0","0","0","0","0","5","0","0","0","0","0","0","0","0","0","0","0","***","***"
"7","KNGT811","11","10","3","2","1","0","0","0","0","0","0","0","0","0","0","0","0","0","0","0","0","0","0","0","0","0","0","0"
"7","KNGT812","11","10","3","2","3","0","0","0","0","0","0","0","0","0","1","0","0","0","0","0","0","0","0","0","0","0","***","***"
"7","KNGT813","11","9","3","2","4","0","0","0","0","0","0","0","0","0","0","0","0","0","0","0","0","0","0","0","0","0","0","0"
"7","KNGT814","11","10","3","2","6","0","0","0","0","0","0","0","0","0","6","0","0","0","0","0","0","0","0","0","0","0","***","***"
"7","LAST101","16","10","9","2","8","0","0","0","0","0","0","0","0","0","5","0","0","0","0","0","0","0","0","0","0","0","***","***"
"7","LAST102","16","10","9","2","61","0","0","0","0","0","0","0","0","0","44","0","0","0","0","0","0","0","0","0","0","0","24","20"
"7","LAST801","16","10","9","2","10","0","0","0","0","0","0","0","0","0","9","0","0","0","0","0","0","0","0","0","0","0","***","***"
"7","LAST802","16","10","9","2","2","0","0","0","0","0","0","0","0","0","2","0","0","0","0","0","0","0","0","0","0","0","***","***"
"7","LFET101","16","10","9","2","29","0","0","0","0","0","0","0","0","0","22","0","0","0","0","0","0","0","0","0","0","0","10","12"
"7","LFET102","16","10","9","2","257","0","0","0","0","0","0","0","0","0","169","0","0","0","0","0","0","0","0","0","0","0","38","131"
"7","LFET103","16","10","9","2","16","0","0","0","0","0","0","0","0","0","5","0","0","0","0","0","0","0","0","0","0","0","***","***"
"7","LFET104","16","10","9","2","39","0","0","0","0","0","0","0","0","0","33","0","0","0","0","0","0","0","0","0","0","0","7","26"
"7","LFET105","16","10","9","2","2153","0","0","0","0","0","0","0","0","0","1431","0","0","0","0","0","0","0","0","0","0","0","411","1019"
"7","LFET106","16","10","9","2","2706","0","0","0","0","0","0","0","0","0","1974","0","0","0","0","0","0","0","0","0","0","0","492","1480"
"7","LFET107","16","10","9","2","2541","0","0","0","0","0","0","0","0","0","1782","0","0","0","0","0","0","0","0","0","0","0","494","1288"
"7","LFET108","16","10","9","2","1937","0","0","0","0","0","0","0","0","0","1324","0","0","0","0","0","0","0","0","0","0","0","317","1006"
"7","LFET109","16","10","9","2","3149","0","0","0","0","0","0","0","0","0","2054","0","0","0","0","0","0","0","0","0","0","0","411","1641"
"7","LFET110","16","10","9","2","1966","0","0","0","0","0","0","0","0","0","1337","0","0","0","0","0","0","0","0","0","0","0","337","1000"
"7","LFET111","16","10","9","2","3050","0","0","0","0","0","0","0","0","0","2023","0","0","0","0","0","0","0","0","0","0","0","551","1470"
"7","LFET112","16","10","9","2","1328","0","0","0","0","0","0","0","0","0","889","0","0","0","0","0","0","0","0","0","0","0","279","607"
"7","LFET801","16","10","9","2","4","0","0","0","0","0","0","0","0","0","3","0","0","0","0","0","0","0","0","0","0","0","***","***"
"7","LFET802","16","10","9","2","0","0","0","0","0","0","0","0","0","0","0","0","0","0","0","0","0","0","0","0","0","0","0","0"
"7","MARC101","15","10","9","2","26","0","0","0","0","0","0","0","0","0","13","0","0","0","0","0","0","0","0","0","0","0","9","4"
"7","MARC102","15","10","3","2","40","0","0","0","0","0","0","0","0","0","25","0","0","0","0","0","0","0","0","0","0","0","14","11"
"7","MARC103","15","10","3","2","146","0","0","0","0","0","0","0","0","0","78","0","0","0","0","0","0","0","0","0","0","0","52","26"
"7","MARC104","15","10","3","2","31","0","0","0","0","0","0","0","0","0","7","0","0","0","0","0","0","0","0","0","0","0","***","***"
"7","MARC105","15","10","3","2","88","0","0","0","0","0","0","0","0","0","59","0","0","0","0","0","0","0","0","0","0","0","39","20"
"7","MARC801","16","10","9","2","0","0","0","0","0","0","0","0","0","0","0","0","0","0","0","0","0","0","0","0","0","0","0","0"
"7","MARC802","11","9","3","2","0","0","0","0","0","0","0","0","0","0","0","0","0","0","0","0","0","0","0","0","0","0","0","0"
"7","MARC803","15","10","3","2","7","0","0","0","0","0","0","0","0","0","2","0","0","0","0","0","0","0","0","0","0","0","***","***"
"7","MARC804","15","10","3","2","3","0","0","0","0","0","0","0","0","0","3","0","0","0","0","0","0","0","0","0","0","0","***","***"
"7","MARC805","15","10","3","2","0","0","0","0","0","0","0","0","0","0","0","0","0","0","0","0","0","0","0","0","0","0","0","0"
"7","MART101","15","10","9","2","21","0","0","0","0","0","0","0","0","0","16","0","0","0","0","0","0","0","0","0","0","0","4","12"
"7","MART102","15","10","9","2","70","0","0","0","0","0","0","0","0","0","44","0","0","0","0","0","0","0","0","0","0","0","8","36"
"7","MART103","15","10","9","2","546","0","0","0","0","0","0","0","0","0","302","0","0","0","0","0","0","0","0","0","0","0","68","234"
"7","MART104","15","10","9","2","199","0","0","0","0","0","0","0","0","0","113","0","0","0","0","0","0","0","0","0","0","0","27","85"
"7","MART105","15","10","9","2","2058","0","0","0","0","0","0","0","0","0","1248","0","0","0","0","0","0","0","0","0","0","0","388","859"
"7","MART106","15","10","9","2","327","0","0","0","0","0","0","0","0","0","225","0","0","0","0","0","0","0","0","0","0","0","90","135"
"7","MART107","15","10","9","2","140","0","0","0","0","0","0","0","0","0","99","0","0","0","0","0","0","0","0","0","0","0","32","67"
"7","MART108","15","10","9","2","1544","0","0","0","0","0","0","0","0","0","1052","0","0","0","0","0","0","0","0","0","0","0","291","760"
"7","MART109","15","10","9","2","1696","0","0","0","0","0","0","0","0","0","1115","0","0","0","0","0","0","0","0","0","0","0","287","828"
"7","MART110","15","10","9","2","12","0","0","0","0","0","0","0","0","0","5","0","0","0","0","0","0","0","0","0","0","0","***","***"
"7","MART111","15","10","9","2","27","0","0","0","0","0","0","0","0","0","18","0","0","0","0","0","0","0","0","0","0","0","11","7"
"7","MART112","15","10","9","2","1022","0","0","0","0","0","0","0","0","0","734","0","0","0","0","0","0","0","0","0","0","0","302","431"
"7","MART113","15","10","9","2","171","0","0","0","0","0","0","0","0","0","126","0","0","0","0","0","0","0","0","0","0","0","68","58"
"7","MART114","15","10","9","2","2030","0","0","0","0","0","0","0","0","0","1345","0","0","0","0","0","0","0","0","0","0","0","398","945"
"7","MART115","15","10","9","2","54","0","0","0","0","0","0","0","0","0","44","0","0","0","0","0","0","0","0","0","0","0","31","13"
"7","MART116","15","10","9","2","559","0","0","0","0","0","0","0","0","0","409","0","0","0","0","0","0","0","0","0","0","0","146","263"
"7","MART117","15","10","9","2","389","0","0","0","0","0","0","0","0","0","275","0","0","0","0","0","0","0","0","0","0","0","74","201"
"7","MART118","15","10","9","2","1236","0","0","0","0","0","0","0","0","0","803","0","0","0","0","0","0","0","0","0","0","0","270","533"
"7","MART119","15","10","9","2","374","0","0","0","0","0","0","0","0","0","250","0","0","0","0","0","0","0","0","0","0","0","82","168"
"7","MART120","15","10","9","2","670","0","0","0","0","0","0","0","0","0","397","0","0","0","0","0","0","0","0","0","0","0","129","268"
"7","MART121","15","10","9","2","188","0","0","0","0","0","0","0","0","0","131","0","0","0","0","0","0","0","0","0","0","0","64","67"
"7","MART122","15","10","9","2","503","0","0","0","0","0","0","0","0","0","314","0","0","0","0","0","0","0","0","0","0","0","128","185"
"7","MART123","15","10","9","2","22","0","0","0","0","0","0","0","0","0","16","0","0","0","0","0","0","0","0","0","0","0","7","9"
"7","MART124","15","10","9","2","333","0","0","0","0","0","0","0","0","0","161","0","0","0","0","0","0","0","0","0","0","0","48","113"
"7","MART125","15","10","9","2","468","0","0","0","0","0","0","0","0","0","244","0","0","0","0","0","0","0","0","0","0","0","50","193"
"7","MART126","15","10","9","2","178","0","0","0","0","0","0","0","0","0","104","0","0","0","0","0","0","0","0","0","0","0","49","55"
"7","MART127","15","10","9","2","7","0","0","0","0","0","0","0","0","0","7","0","0","0","0","0","0","0","0","0","0","0","***","***"
"7","MART128","15","10","9","2","497","0","0","0","0","0","0","0","0","0","335","0","0","0","0","0","0","0","0","0","0","0","94","241"
"7","MART129","15","10","9","2","1243","0","0","0","0","0","0","0","0","0","751","0","0","0","0","0","0","0","0","0","0","0","219","531"
"7","MART130","15","8","9","2","1494","0","0","0","0","0","0","0","0","0","881","0","0","0","0","0","0","0","0","0","0","0","197","682"
"7","MART131","15","10","9","2","755","0","0","0","0","0","0","0","0","0","422","0","0","0","0","0","0","0","0","0","0","0","111","310"
"7","MART132","15","8","9","2","1287","0","0","0","0","0","0","0","0","0","807","0","0","0","0","0","0","0","0","0","0","0","228","578"
"7","MART133","15","10","9","2","525","0","0","0","0","0","0","0","0","0","327","0","0","0","0","0","0","0","0","0","0","0","78","247"
"7","MART134","15","10","9","2","59","0","0","0","0","0","0","0","0","0","41","0","0","0","0","0","0","0","0","0","0","0","15","26"
"7","MART135","15","10","9","2","1604","0","0","0","0","0","0","0","0","0","1021","0","0","0","0","0","0","0","0","0","0","0","295","726"
"7","MART136","15","8","9","2","927","0","0","0","0","0","0","0","0","0","596","0","0","0","0","0","0","0","0","0","0","0","174","422"
"7","MART137","15","10","9","2","460","0","0","0","0","0","0","0","0","0","298","0","0","0","0","0","0","0","0","0","0","0","125","173"
"7","MART138","15","10","9","2","614","0","0","0","0","0","0","0","0","0","458","0","0","0","0","0","0","0","0","0","0","0","160","297"
"7","MART139","15","10","9","2","288","0","0","0","0","0","0","0","0","0","217","0","0","0","0","0","0","0","0","0","0","0","67","150"
"7","MART140","15","10","9","2","394","0","0","0","0","0","0","0","0","0","270","0","0","0","0","0","0","0","0","0","0","0","84","186"
"7","MART141","15","10","9","2","305","0","0","0","0","0","0","0","0","0","199","0","0","0","0","0","0","0","0","0","0","0","51","148"
"7","MART142","15","10","9","2","24","0","0","0","0","0","0","0","0","0","17","0","0","0","0","0","0","0","0","0","0","0","11","6"
"7","MART143","15","10","9","2","349","0","0","0","0","0","0","0","0","0","159","0","0","0","0","0","0","0","0","0","0","0","47","112"
"7","MART144","15","10","9","2","427","0","0","0","0","0","0","0","0","0","289","0","0","0","0","0","0","0","0","0","0","0","101","188"
"7","MART145","15","10","9","2","177","0","0","0","0","0","0","0","0","0","101","0","0","0","0","0","0","0","0","0","0","0","26","75"
"7","MART146","15","10","9","2","44","0","0","0","0","0","0","0","0","0","25","0","0","0","0","0","0","0","0","0","0","0","7","18"
"7","MART801","15","8","9","2","0","0","0","0","0","0","0","0","0","0","0","0","0","0","0","0","0","0","0","0","0","0","0","0"
"7","MART802","15","10","9","2","9","0","0","0","0","0","0","0","0","0","7","0","0","0","0","0","0","0","0","0","0","0","***","***"
"7","MART803","15","10","9","2","2","0","0","0","0","0","0","0","0","0","2","0","0","0","0","0","0","0","0","0","0","0","***","***"
"7","MART804","15","10","9","2","0","0","0","0","0","0","0","0","0","0","0","0","0","0","0","0","0","0","0","0","0","0","0","0"
"7","MART805","15","10","9","2","2","0","0","0","0","0","0","0","0","0","1","0","0","0","0","0","0","0","0","0","0","0","***","***"
"7","MART806","15","10","9","2","1","0","0","0","0","0","0","0","0","0","1","0","0","0","0","0","0","0","0","0","0","0","***","***"
"7","MART808","15","10","9","2","9","0","0","0","0","0","0","0","0","0","7","0","0","0","0","0","0","0","0","0","0","0","***","***"
"7","MART809","15","10","9","2","1","0","0","0","0","0","0","0","0","0","1","0","0","0","0","0","0","0","0","0","0","0","***","***"
"7","MART810","15","10","9","2","1","0","0","0","0","0","0","0","0","0","2","0","0","0","0","0","0","0","0","0","0","0","***","***"
"7","MART811","15","10","9","2","2","0","0","0","0","0","0","0","0","0","0","0","0","0","0","0","0","0","0","0","0","0","0","0"
"7","MDIA801","16","10","9","2","0","0","0","0","0","0","0","0","0","0","0","0","0","0","0","0","0","0","0","0","0","0","0","0"
"7","MDIA802","16","10","9","2","8","0","0","0","0","0","0","0","0","0","5","0","0","0","0","0","0","0","0","0","0","0","***","***"
"7","MDIA803","16","10","9","2","2","0","0","0","0","0","0","0","0","0","2","0","0","0","0","0","0","0","0","0","0","0","***","***"
"7","MORG101","16","10","9","2","3050","0","0","0","0","0","0","0","0","0","2133","0","0","0","0","0","0","0","0","0","0","0","561","1571"
"7","MORG102","16","10","9","2","21","0","0","0","0","0","0","0","0","0","20","0","0","0","0","0","0","0","0","0","0","0","3","17"
"7","MORG103","16","10","9","2","2677","0","0","0","0","0","0","0","0","0","1871","0","0","0","0","0","0","0","0","0","0","0","538","1332"
"7","MORG104","16","10","9","2","1187","0","0","0","0","0","0","0","0","0","773","0","0","0","0","0","0","0","0","0","0","0","238","533"
"7","MORG105","16","10","9","2","2193","0","0","0","0","0","0","0","0","0","1342","0","0","0","0","0","0","0","0","0","0","0","359","980"
"7","MORG106","16","10","9","2","1818","0","0","0","0","0","0","0","0","0","1248","0","0","0","0","0","0","0","0","0","0","0","334","913"
"7","MORG107","16","10","9","2","575","0","0","0","0","0","0","0","0","0","373","0","0","0","0","0","0","0","0","0","0","0","116","257"
"7","MORG801","16","10","9","2","0","0","0","0","0","0","0","0","0","0","0","0","0","0","0","0","0","0","0","0","0","0","0","0"
"7","MORG802","16","10","9","2","76","0","0","0","0","0","0","0","0","0","34","0","0","0","0","0","0","0","0","0","0","0","7","27"
"7","MVIE101","15","10","9","2","1557","0","0","0","0","0","0","0","0","0","902","0","0","0","0","0","0","0","0","0","0","0","319","582"
"7","MVIE102","15","10","9","2","18","0","0","0","0","0","0","0","0","0","6","0","0","0","0","0","0","0","0","0","0","0","***","***"
"7","MVIE103","15","10","9","2","48","0","0","0","0","0","0","0","0","0","23","0","0","0","0","0","0","0","0","0","0","0","6","17"
"7","MVIE801","15","8","9","2","1","0","0","0","0","0","0","0","0","0","1","0","0","0","0","0","0","0","0","0","0","0","***","***"
"7","NCYN101","16","10","9","2","905","0","0","0","0","0","0","0","0","0","412","0","0","0","0","0","0","0","0","0","0","0","135","276"
"7","NCYN801","16","10","9","2","2","0","0","0","0","0","0","0","0","0","2","0","0","0","0","0","0","0","0","0","0","0","***","***"
"7","NCYN802","16","10","9","2","3","0","0","0","0","0","0","0","0","0","0","0","0","0","0","0","0","0","0","0","0","0","0","0"
"7","NCYN803","16","10","9","2","5","0","0","0","0","0","0","0","0","0","4","0","0","0","0","0","0","0","0","0","0","0","***","***"
"7","NCYN804","16","10","9","2","0","0","0","0","0","0","0","0","0","0","0","0","0","0","0","0","0","0","0","0","0","0","0","0"
"7","NCYN805","16","10","9","2","2","0","0","0","0","0","0","0","0","0","2","0","0","0","0","0","0","0","0","0","0","0","***","***"
"7","NCYN806","16","10","9","2","2","0","0","0","0","0","0","0","0","0","0","0","0","0","0","0","0","0","0","0","0","0","0","0"
"7","NICH801","15","8","9","2","7","0","0","0","0","0","0","0","0","0","2","0","0","0","0","0","0","0","0","0","0","0","***","***"
"7","NICH802","15","8","9","2","0","0","0","0","0","0","0","0","0","0","0","0","0","0","0","0","0","0","0","0","0","0","0","0"
"7","NRIC101","14","8","7","2","243","0","0","0","0","0","0","0","0","0","101","0","0","0","0","0","0","0","0","0","0","0","9","92"
"7","NRIC102","14","8","7","2","655","0","0","0","0","0","0","0","0","0","282","0","0","0","0","0","0","0","0","0","0","0","44","238"
"7","NRIC103","14","8","7","2","706","0","0","0","0","0","0","0","0","0","266","0","0","0","0","0","0","0","0","0","0","0","34","232"
"7","NRIC801","14","8","7","2","0","0","0","0","0","0","0","0","0","0","1","0","0","0","0","0","0","0","0","0","0","0","***","***"
"7","NRIC802","14","8","7","2","0","0","0","0","0","0","0","0","0","0","0","0","0","0","0","0","0","0","0","0","0","0","0","0"
"7","NRIC803","14","8","7","2","0","0","0","0","0","0","0","0","0","0","0","0","0","0","0","0","0","0","0","0","0","0","0","0"
"7","NRIC804","14","8","7","2","12","0","0","0","0","0","0","0","0","0","3","0","0","0","0","0","0","0","0","0","0","0","***","***"
"7","NRIC805","14","8","7","2","0","0","0","0","0","0","0","0","0","0","0","0","0","0","0","0","0","0","0","0","0","0","0","0"
"7","NRTV101","15","10","9","2","11","0","0","0","0","0","0","0","0","0","7","0","0","0","0","0","0","0","0","0","0","0","***","***"
"7","NRTV801","15","10","9","2","3","0","0","0","0","0","0","0","0","0","3","0","0","0","0","0","0","0","0","0","0","0","***","***"
"7","NRTV802","15","10","9","2","8","0","0","0","0","0","0","0","0","0","7","0","0","0","0","0","0","0","0","0","0","0","***","***"
"7","OKLY101","11","10","3","2","307","0","0","0","0","0","0","0","0","0","166","0","0","0","0","0","0","0","0","0","0","0","69","97"
"7","OKLY102","11","10","3","2","412","0","0","0","0","0","0","0","0","0","223","0","0","0","0","0","0","0","0","0","0","0","112","111"
"7","OKLY103","11","10","3","2","525","0","0","0","0","0","0","0","0","0","246","0","0","0","0","0","0","0","0","0","0","0","77","169"
"7","OKLY104","11","10","3","2","1410","0","0","0","0","0","0","0","0","0","618","0","0","0","0","0","0","0","0","0","0","0","219","398"
"7","OKLY105","11","10","3","2","569","0","0","0","0","0","0","0","0","0","289","0","0","0","0","0","0","0","0","0","0","0","134","155"
"7","OKLY106","11","10","3","2","844","0","0","0","0","0","0","0","0","0","401","0","0","0","0","0","0","0","0","0","0","0","161","240"
"7","OKLY107","11","10","3","2","1161","0","0","0","0","0","0","0","0","0","618","0","0","0","0","0","0","0","0","0","0","0","290","328"
"7","OKLY108","11","10","3","2","324","0","0","0","0","0","0","0","0","0","185","0","0","0","0","0","0","0","0","0","0","0","109","76"
"7","OKLY109","11","10","3","2","1918","0","0","0","0","0","0","0","0","0","832","0","0","0","0","0","0","0","0","0","0","0","257","575"
"7","OKLY110","11","10","3","2","1523","0","0","0","0","0","0","0","0","0","658","0","0","0","0","0","0","0","0","0","0","0","234","424"
"7","OKLY111","11","10","3","2","1525","0","0","0","0","0","0","0","0","0","833","0","0","0","0","0","0","0","0","0","0","0","417","415"
"7","OKLY112","11","10","3","2","850","0","0","0","0","0","0","0","0","0","435","0","0","0","0","0","0","0","0","0","0","0","149","286"
"7","OKLY113","11","10","3","2","317","0","0","0","0","0","0","0","0","0","194","0","0","0","0","0","0","0","0","0","0","0","75","118"
"7","OKLY114","11","10","3","2","1068","0","0","0","0","0","0","0","0","0","460","0","0","0","0","0","0","0","0","0","0","0","208","252"
"7","OKLY115","11","10","3","2","182","0","0","0","0","0","0","0","0","0","85","0","0","0","0","0","0","0","0","0","0","0","31","54"
"7","OKLY116","11","10","3","2","1460","0","0","0","0","0","0","0","0","0","714","0","0","0","0","0","0","0","0","0","0","0","306","406"
"7","OKLY117","11","10","3","2","64","0","0","0","0","0","0","0","0","0","42","0","0","0","0","0","0","0","0","0","0","0","22","20"
"7","OKLY118","11","10","3","2","58","0","0","0","0","0","0","0","0","0","41","0","0","0","0","0","0","0","0","0","0","0","28","13"
"7","OKLY119","11","10","3","2","49","0","0","0","0","0","0","0","0","0","24","0","0","0","0","0","0","0","0","0","0","0","13","11"
"7","OKLY120","11","10","3","2","534","0","0","0","0","0","0","0","0","0","269","0","0","0","0","0","0","0","0","0","0","0","73","196"
"7","OKLY121","11","10","3","2","529","0","0","0","0","0","0","0","0","0","286","0","0","0","0","0","0","0","0","0","0","0","128","158"
"7","OKLY122","11","10","3","2","395","0","0","0","0","0","0","0","0","0","193","0","0","0","0","0","0","0","0","0","0","0","78","115"
"7","OKLY123","11","10","3","2","652","0","0","0","0","0","0","0","0","0","339","0","0","0","0","0","0","0","0","0","0","0","156","183"
"7","OKLY124","11","10","3","2","760","0","0","0","0","0","0","0","0","0","381","0","0","0","0","0","0","0","0","0","0","0","163","218"
"7","OKLY125","11","10","3","2","142","0","0","0","0","0","0","0","0","0","84","0","0","0","0","0","0","0","0","0","0","0","32","52"
"7","OKLY126","11","10","3","2","967","0","0","0","0","0","0","0","0","0","445","0","0","0","0","0","0","0","0","0","0","0","180","265"
"7","OKLY127","11","10","3","2","1277","0","0","0","0","0","0","0","0","0","636","0","0","0","0","0","0","0","0","0","0","0","270","366"
"7","OKLY128","11","10","3","2","61","0","0","0","0","0","0","0","0","0","31","0","0","0","0","0","0","0","0","0","0","0","11","20"
"7","OKLY129","11","10","3","2","859","0","0","0","0","0","0","0","0","0","363","0","0","0","0","0","0","0","0","0","0","0","154","209"
"7","OKLY130","11","10","3","2","931","0","0","0","0","0","0","0","0","0","506","0","0","0","0","0","0","0","0","0","0","0","243","261"
"7","OKLY131","11","10","3","2","1372","0","0","0","0","0","0","0","0","0","646","0","0","0","0","0","0","0","0","0","0","0","246","400"
"7","OKLY132","11","10","3","2","52","0","0","0","0","0","0","0","0","0","20","0","0","0","0","0","0","0","0","0","0","0","7","13"
"7","OKLY133","11","10","3","2","676","0","0","0","0","0","0","0","0","0","346","0","0","0","0","0","0","0","0","0","0","0","132","214"
"7","OKLY134","11","10","3","2","612","0","0","0","0","0","0","0","0","0","282","0","0","0","0","0","0","0","0","0","0","0","105","177"
"7","OKLY135","11","10","3","2","1563","0","0","0","0","0","0","0","0","0","866","0","0","0","0","0","0","0","0","0","0","0","438","426"
"7","OKLY136","11","10","3","2","1069","0","0","0","0","0","0","0","0","0","600","0","0","0","0","0","0","0","0","0","0","0","267","332"
"7","OKLY137","11","10","3","2","1560","0","0","0","0","0","0","0","0","0","723","0","0","0","0","0","0","0","0","0","0","0","241","481"
"7","OKLY138","11","10","3","2","342","0","0","0","0","0","0","0","0","0","129","0","0","0","0","0","0","0","0","0","0","0","36","93"
"7","OKLY801","11","10","3","2","5","0","0","0","0","0","0","0","0","0","4","0","0","0","0","0","0","0","0","0","0","0","***","***"
"7","OKLY802","11","10","3","2","0","0","0","0","0","0","0","0","0","0","0","0","0","0","0","0","0","0","0","0","0","0","0","0"
"7","OKLY803","11","10","3","2","1","0","0","0","0","0","0","0","0","0","0","0","0","0","0","0","0","0","0","0","0","0","0","0"
"7","OKLY804","11","10","3","2","5","0","0","0","0","0","0","0","0","0","3","0","0","0","0","0","0","0","0","0","0","0","***","***"
"7","OKLY805","11","10","3","2","10","0","0","0","0","0","0","0","0","0","4","0","0","0","0","0","0","0","0","0","0","0","***","***"
"7","OLEU101","15","8","9","2","36","0","0","0","0","0","0","0","0","0","24","0","0","0","0","0","0","0","0","0","0","0","17","7"
"7","OLEU801","15","8","7","2","0","0","0","0","0","0","0","0","0","0","0","0","0","0","0","0","0","0","0","0","0","0","0","0"
"7","OLEU802","15","8","9","2","1","0","0","0","0","0","0","0","0","0","1","0","0","0","0","0","0","0","0","0","0","0","***","***"
"7","OLEU803","15","8","7","2","3","0","0","0","0","0","0","0","0","0","3","0","0","0","0","0","0","0","0","0","0","0","***","***"
"7","ORDA101","16","10","9","2","2937","0","0","0","0","0","0","0","0","0","2005","0","0","0","0","0","0","0","0","0","0","0","469","1534"
"7","ORDA102","16","10","9","2","2176","0","0","0","0","0","0","0","0","0","1392","0","0","0","0","0","0","0","0","0","0","0","267","1124"
"7","ORDA103","16","10","9","2","72","0","0","0","0","0","0","0","0","0","51","0","0","0","0","0","0","0","0","0","0","0","14","37"
"7","ORDA104","16","10","9","2","49","0","0","0","0","0","0","0","0","0","38","0","0","0","0","0","0","0","0","0","0","0","13","25"
"7","ORDA105","16","10","9","2","3532","0","0","0","0","0","0","0","0","0","2367","0","0","0","0","0","0","0","0","0","0","0","595","1772"
"7","ORDA106","16","10","9","2","1051","0","0","0","0","0","0","0","0","0","681","0","0","0","0","0","0","0","0","0","0","0","196","482"
"7","ORDA107","16","10","9","2","1765","0","0","0","0","0","0","0","0","0","1197","0","0","0","0","0","0","0","0","0","0","0","293","903"
"7","ORDA108","16","10","9","2","2106","0","0","0","0","0","0","0","0","0","1386","0","0","0","0","0","0","0","0","0","0","0","385","999"
"7","ORDA109","16","10","9","2","1571","0","0","0","0","0","0","0","0","0","1080","0","0","0","0","0","0","0","0","0","0","0","210","870"
"7","ORDA801","16","10","9","2","4","0","0","0","0","0","0","0","0","0","3","0","0","0","0","0","0","0","0","0","0","0","***","***"
"7","ORDA802","16","10","9","2","0","0","0","0","0","0","0","0","0","0","0","0","0","0","0","0","0","0","0","0","0","0","0","0"
"7","ORDA803","16","10","9","2","0","0","0","0","0","0","0","0","0","0","0","0","0","0","0","0","0","0","0","0","0","0","0","0"
"7","PACH101","15","10","9","2","140","0","0","0","0","0","0","0","0","0","91","0","0","0","0","0","0","0","0","0","0","0","32","59"
"7","PACH102","15","10","9","2","1394","0","0","0","0","0","0","0","0","0","801","0","0","0","0","0","0","0","0","0","0","0","243","558"
"7","PACH103","15","10","9","2","286","0","0","0","0","0","0","0","0","0","157","0","0","0","0","0","0","0","0","0","0","0","61","96"
"7","PACH104","15","10","9","2","988","0","0","0","0","0","0","0","0","0","502","0","0","0","0","0","0","0","0","0","0","0","175","327"
"7","PACH801","15","10","9","2","4","0","0","0","0","0","0","0","0","0","3","0","0","0","0","0","0","0","0","0","0","0","***","***"
"7","PACH802","15","10","9","2","5","0","0","0","0","0","0","0","0","0","0","0","0","0","0","0","0","0","0","0","0","0","0","0"
"7","PINL101","14","8","7","2","11","0","0","0","0","0","0","0","0","0","6","0","0","0","0","0","0","0","0","0","0","0","***","***"
"7","PINL102","14","8","7","2","2283","0","0","0","0","0","0","0","0","0","1459","0","0","0","0","0","0","0","0","0","0","0","382","1076"
"7","PINL103","14","8","7","2","971","0","0","0","0","0","0","0","0","0","583","0","0","0","0","0","0","0","0","0","0","0","153","430"
"7","PINL104","14","8","7","2","17","0","0","0","0","0","0","0","0","0","13","0","0","0","0","0","0","0","0","0","0","0","8","5"
"7","PINL105","14","8","7","2","3096","0","0","0","0","0","0","0","0","0","1703","0","0","0","0","0","0","0","0","0","0","0","383","1316"
"7","PINL106","14","8","7","2","74","0","0","0","0","0","0","0","0","0","24","0","0","0","0","0","0","0","0","0","0","0","6","18"
"7","PINL107","14","8","7","2","40","0","0","0","0","0","0","0","0","0","13","0","0","0","0","0","0","0","0","0","0","0","1","12"
"7","PINL108","14","8","7","2","1308","0","0","0","0","0","0","0","0","0","749","0","0","0","0","0","0","0","0","0","0","0","184","565"
"7","PINL109","14","8","7","2","2580","0","0","0","0","0","0","0","0","0","1384","0","0","0","0","0","0","0","0","0","0","0","292","1089"
"7","PINL110","14","8","7","2","2181","0","0","0","0","0","0","0","0","0","1292","0","0","0","0","0","0","0","0","0","0","0","306","983"
"7","PINL801","14","8","7","2","13","0","0","0","0","0","0","0","0","0","9","0","0","0","0","0","0","0","0","0","0","0","***","***"
"7","PINL802","14","8","7","2","6","0","0","0","0","0","0","0","0","0","5","0","0","0","0","0","0","0","0","0","0","0","***","***"
"7","PLHL101","15","10","9","2","146","0","0","0","0","0","0","0","0","0","88","0","0","0","0","0","0","0","0","0","0","0","30","58"
"7","PLHL102","15","10","9","2","918","0","0","0","0","0","0","0","0","0","605","0","0","0","0","0","0","0","0","0","0","0","178","427"
"7","PLHL103","15","10","9","2","1402","0","0","0","0","0","0","0","0","0","699","0","0","0","0","0","0","0","0","0","0","0","146","553"
"7","PLHL104","15","10","9","2","608","0","0","0","0","0","0","0","0","0","411","0","0","0","0","0","0","0","0","0","0","0","121","290"
"7","PLHL105","15","10","9","2","185","0","0","0","0","0","0","0","0","0","115","0","0","0","0","0","0","0","0","0","0","0","26","88"
"7","PLHL106","15","10","9","2","858","0","0","0","0","0","0","0","0","0","483","0","0","0","0","0","0","0","0","0","0","0","120","362"
"7","PLHL107","15","10","9","2","2117","0","0","0","0","0","0","0","0","0","1421","0","0","0","0","0","0","0","0","0","0","0","412","1009"
"7","PLHL108","15","10","9","2","1662","0","0","0","0","0","0","0","0","0","839","0","0","0","0","0","0","0","0","0","0","0","168","671"
"7","PLHL109","15","10","9","2","1826","0","0","0","0","0","0","0","0","0","1283","0","0","0","0","0","0","0","0","0","0","0","352","929"
"7","PLHL110","15","10","9","2","2409","0","0","0","0","0","0","0","0","0","1625","0","0","0","0","0","0","0","0","0","0","0","424","1200"
"7","PLHL111","15","10","9","2","373","0","0","0","0","0","0","0","0","0","210","0","0","0","0","0","0","0","0","0","0","0","69","140"
"7","PLHL112","15","10","9","2","1203","0","0","0","0","0","0","0","0","0","723","0","0","0","0","0","0","0","0","0","0","0","172","551"
"7","PLHL113","15","10","9","2","2076","0","0","0","0","0","0","0","0","0","1410","0","0","0","0","0","0","0","0","0","0","0","378","1032"
"7","PLHL114","15","10","9","2","1893","0","0","0","0","0","0","0","0","0","1312","0","0","0","0","0","0","0","0","0","0","0","389","922"
"7","PLHL115","15","10","9","2","1655","0","0","0","0","0","0","0","0","0","1008","0","0","0","0","0","0","0","0","0","0","0","347","661"
"7","PLHL116","15","10","9","2","1642","0","0","0","0","0","0","0","0","0","1130","0","0","0","0","0","0","0","0","0","0","0","331","799"
"7","PLHL117","15","10","9","2","67","0","0","0","0","0","0","0","0","0","34","0","0","0","0","0","0","0","0","0","0","0","4","30"
"7","PLHL118","15","10","9","2","351","0","0","0","0","0","0","0","0","0","215","0","0","0","0","0","0","0","0","0","0","0","49","166"
"7","PLHL119","15","10","9","2","639","0","0","0","0","0","0","0","0","0","376","0","0","0","0","0","0","0","0","0","0","0","95","280"
"7","PLHL120","15","10","9","2","422","0","0","0","0","0","0","0","0","0","296","0","0","0","0","0","0","0","0","0","0","0","70","225"
"7","PLHL121","15","10","9","2","37","0","0","0","0","0","0","0","0","0","22","0","0","0","0","0","0","0","0","0","0","0","3","19"
"7","PLHL122","15","10","9","2","269","0","0","0","0","0","0","0","0","0","169","0","0","0","0","0","0","0","0","0","0","0","51","118"
"7","PLHL123","15","10","9","2","505","0","0","0","0","0","0","0","0","0","313","0","0","0","0","0","0","0","0","0","0","0","96","217"
"7","PLHL124","15","10","9","2","187","0","0","0","0","0","0","0","0","0","119","0","0","0","0","0","0","0","0","0","0","0","35","84"
"7","PLHL125","15","10","9","2","118","0","0","0","0","0","0","0","0","0","66","0","0","0","0","0","0","0","0","0","0","0","21","44"
"7","PLHL126","15","10","9","2","311","0","0","0","0","0","0","0","0","0","196","0","0","0","0","0","0","0","0","0","0","0","58","138"
"7","PRCO101","15","8","9","2","160","0","0","0","0","0","0","0","0","0","103","0","0","0","0","0","0","0","0","0","0","0","16","87"
"7","PTTS101","15","8","9","2","48","0","0","0","0","0","0","0","0","0","24","0","0","0","0","0","0","0","0","0","0","0","5","19"
"7","PTTS102","15","8","9","2","2021","0","0","0","0","0","0","0","0","0","914","0","0","0","0","0","0","0","0","0","0","0","235","679"
"7","PTTS103","15","8","9","2","279","0","0","0","0","0","0","0","0","0","138","0","0","0","0","0","0","0","0","0","0","0","45","93"
"7","PTTS104","15","8","9","2","1868","0","0","0","0","0","0","0","0","0","815","0","0","0","0","0","0","0","0","0","0","0","169","646"
"7","PTTS105","15","8","9","2","3051","0","0","0","0","0","0","0","0","0","1354","0","0","0","0","0","0","0","0","0","0","0","361","991"
"7","PTTS106","15","8","9","2","15","0","0","0","0","0","0","0","0","0","5","0","0","0","0","0","0","0","0","0","0","0","***","***"
"7","PTTS107","15","8","9","2","2356","0","0","0","0","0","0","0","0","0","1004","0","0","0","0","0","0","0","0","0","0","0","267","737"
"7","PTTS108","15","8","9","2","2492","0","0","0","0","0","0","0","0","0","1298","0","0","0","0","0","0","0","0","0","0","0","358","933"
"7","PTTS109","15","8","9","2","2274","0","0","0","0","0","0","0","0","0","842","0","0","0","0","0","0","0","0","0","0","0","134","708"
"7","PTTS110","15","8","9","2","1317","0","0","0","0","0","0","0","0","0","529","0","0","0","0","0","0","0","0","0","0","0","90","438"
"7","PTTS111","15","8","9","2","2281","0","0","0","0","0","0","0","0","0","939","0","0","0","0","0","0","0","0","0","0","0","147","791"
"7","PTTS112","15","8","9","2","1783","0","0","0","0","0","0","0","0","0","822","0","0","0","0","0","0","0","0","0","0","0","165","655"
"7","PTTS113","15","8","9","2","2165","0","0","0","0","0","0","0","0","0","867","0","0","0","0","0","0","0","0","0","0","0","171","695"
"7","PTTS114","15","8","9","2","2012","0","0","0","0","0","0","0","0","0","849","0","0","0","0","0","0","0","0","0","0","0","183","664"
"7","PTTS115","15","8","9","2","2783","0","0","0","0","0","0","0","0","0","1242","0","0","0","0","0","0","0","0","0","0","0","244","998"
"7","PTTS116","15","8","9","2","2013","0","0","0","0","0","0","0","0","0","1012","0","0","0","0","0","0","0","0","0","0","0","280","732"
"7","PTTS117","15","8","9","2","2999","0","0","0","0","0","0","0","0","0","1485","0","0","0","0","0","0","0","0","0","0","0","368","1114"
"7","PTTS118","15","8","9","2","3191","0","0","0","0","0","0","0","0","0","1465","0","0","0","0","0","0","0","0","0","0","0","340","1122"
"7","PTTS119","15","8","9","2","1921","0","0","0","0","0","0","0","0","0","919","0","0","0","0","0","0","0","0","0","0","0","207","708"
"7","PTTS120","15","8","9","2","1719","0","0","0","0","0","0","0","0","0","847","0","0","0","0","0","0","0","0","0","0","0","204","639"
"7","PTTS121","15","8","9","2","775","0","0","0","0","0","0","0","0","0","340","0","0","0","0","0","0","0","0","0","0","0","86","254"
"7","PTTS122","15","8","9","2","117","0","0","0","0","0","0","0","0","0","45","0","0","0","0","0","0","0","0","0","0","0","5","40"
"7","PTTS123","15","8","9","2","2670","0","0","0","0","0","0","0","0","0","1232","0","0","0","0","0","0","0","0","0","0","0","302","930"
"7","PTTS801","15","8","9","2","5","0","0","0","0","0","0","0","0","0","3","0","0","0","0","0","0","0","0","0","0","0","***","***"
"7","PTTS802","15","8","9","2","5","0","0","0","0","0","0","0","0","0","3","0","0","0","0","0","0","0","0","0","0","0","***","***"
"7","PTTS803","15","8","9","2","0","0","0","0","0","0","0","0","0","0","0","0","0","0","0","0","0","0","0","0","0","0","0","0"
"7","PTTS804","15","8","9","2","0","0","0","0","0","0","0","0","0","0","1","0","0","0","0","0","0","0","0","0","0","0","***","***"
"7","RICH101","14","8","7","2","2122","0","0","0","0","0","0","0","0","0","879","0","0","0","0","0","0","0","0","0","0","0","97","781"
"7","RICH102","14","8","7","2","321","0","0","0","0","0","0","0","0","0","149","0","0","0","0","0","0","0","0","0","0","0","9","139"
"7","RICH103","14","8","7","2","323","0","0","0","0","0","0","0","0","0","169","0","0","0","0","0","0","0","0","0","0","0","18","151"
"7","RICH104","14","8","7","2","249","0","0","0","0","0","0","0","0","0","98","0","0","0","0","0","0","0","0","0","0","0","4","94"
"7","RICH105","14","8","7","2","602","0","0","0","0","0","0","0","0","0","222","0","0","0","0","0","0","0","0","0","0","0","23","199"
"7","RICH106","14","8","7","2","24","0","0","0","0","0","0","0","0","0","9","0","0","0","0","0","0","0","0","0","0","0","***","***"
"7","RICH107","14","8","7","2","28","0","0","0","0","0","0","0","0","0","20","0","0","0","0","0","0","0","0","0","0","0","3","17"
"7","RICH108","14","8","7","2","359","0","0","0","0","0","0","0","0","0","235","0","0","0","0","0","0","0","0","0","0","0","42","193"
"7","RICH109","14","8","7","2","138","0","0","0","0","0","0","0","0","0","95","0","0","0","0","0","0","0","0","0","0","0","23","72"
"7","RICH110","14","8","7","2","110","0","0","0","0","0","0","0","0","0","65","0","0","0","0","0","0","0","0","0","0","0","14","51"
"7","RICH111","14","8","7","2","92","0","0","0","0","0","0","0","0","0","72","0","0","0","0","0","0","0","0","0","0","0","17","55"
"7","RICH112","14","8","7","2","696","0","0","0","0","0","0","0","0","0","402","0","0","0","0","0","0","0","0","0","0","0","67","335"
"7","RICH113","14","8","7","2","2454","0","0","0","0","0","0","0","0","0","1252","0","0","0","0","0","0","0","0","0","0","0","147","1103"
"7","RICH114","14","8","7","2","1592","0","0","0","0","0","0","0","0","0","955","0","0","0","0","0","0","0","0","0","0","0","175","778"
"7","RICH115","14","8","7","2","327","0","0","0","0","0","0","0","0","0","178","0","0","0","0","0","0","0","0","0","0","0","39","139"
"7","RICH116","14","8","7","2","1915","0","0","0","0","0","0","0","0","0","933","0","0","0","0","0","0","0","0","0","0","0","212","721"
"7","RICH117","14","8","7","2","662","0","0","0","0","0","0","0","0","0","238","0","0","0","0","0","0","0","0","0","0","0","22","216"
"7","RICH118","14","8","7","2","2728","0","0","0","0","0","0","0","0","0","1929","0","0","0","0","0","0","0","0","0","0","0","249","1677"
"7","RICH119","14","8","7","2","2458","0","0","0","0","0","0","0","0","0","1567","0","0","0","0","0","0","0","0","0","0","0","315","1249"
"7","RICH120","14","8","7","2","598","0","0","0","0","0","0","0","0","0","191","0","0","0","0","0","0","0","0","0","0","0","26","163"
"7","RICH121","14","8","7","2","2915","0","0","0","0","0","0","0","0","0","1306","0","0","0","0","0","0","0","0","0","0","0","158","1147"
"7","RICH122","14","8","7","2","35","0","0","0","0","0","0","0","0","0","18","0","0","0","0","0","0","0","0","0","0","0","3","15"
"7","RICH123","14","8","7","2","2387","0","0","0","0","0","0","0","0","0","1308","0","0","0","0","0","0","0","0","0","0","0","165","1143"
"7","RICH124","14","8","7","2","1998","0","0","0","0","0","0","0","0","0","1345","0","0","0","0","0","0","0","0","0","0","0","151","1191"
"7","RICH125","14","8","7","2","2589","0","0","0","0","0","0","0","0","0","992","0","0","0","0","0","0","0","0","0","0","0","72","919"
"7","RICH126","14","8","7","2","1866","0","0","0","0","0","0","0","0","0","808","0","0","0","0","0","0","0","0","0","0","0","68","740"
"7","RICH127","14","8","7","2","3208","0","0","0","0","0","0","0","0","0","2172","0","0","0","0","0","0","0","0","0","0","0","233","1938"
"7","RICH128","14","8","7","2","1339","0","0","0","0","0","0","0","0","0","986","0","0","0","0","0","0","0","0","0","0","0","92","892"
"7","RICH129","14","8","7","2","882","0","0","0","0","0","0","0","0","0","479","0","0","0","0","0","0","0","0","0","0","0","60","418"
"7","RICH130","14","8","7","2","470","0","0","0","0","0","0","0","0","0","146","0","0","0","0","0","0","0","0","0","0","0","10","136"
"7","RICH131","14","8","7","2","612","0","0","0","0","0","0","0","0","0","259","0","0","0","0","0","0","0","0","0","0","0","24","235"
"7","RICH132","14","8","7","2","2608","0","0","0","0","0","0","0","0","0","1146","0","0","0","0","0","0","0","0","0","0","0","115","1030"
"7","RICH133","14","8","7","2","1586","0","0","0","0","0","0","0","0","0","626","0","0","0","0","0","0","0","0","0","0","0","76","549"
"7","RICH134","14","8","7","2","1188","0","0","0","0","0","0","0","0","0","527","0","0","0","0","0","0","0","0","0","0","0","56","471"
"7","RICH135","14","8","7","2","2544","0","0","0","0","0","0","0","0","0","1356","0","0","0","0","0","0","0","0","0","0","0","174","1179"
"7","RICH136","14","8","7","2","2637","0","0","0","0","0","0","0","0","0","1511","0","0","0","0","0","0","0","0","0","0","0","127","1384"
"7","RICH137","14","8","7","2","847","0","0","0","0","0","0","0","0","0","266","0","0","0","0","0","0","0","0","0","0","0","23","243"
"7","RICH138","14","8","7","2","1178","0","0","0","0","0","0","0","0","0","407","0","0","0","0","0","0","0","0","0","0","0","45","362"
"7","RICH139","14","8","7","2","1847","0","0","0","0","0","0","0","0","0","685","0","0","0","0","0","0","0","0","0","0","0","57","627"
"7","RICH140","14","8","7","2","1069","0","0","0","0","0","0","0","0","0","577","0","0","0","0","0","0","0","0","0","0","0","94","483"
"7","RICH141","14","8","7","2","1827","0","0","0","0","0","0","0","0","0","869","0","0","0","0","0","0","0","0","0","0","0","105","764"
"7","RICH142","14","8","7","2","415","0","0","0","0","0","0","0","0","0","184","0","0","0","0","0","0","0","0","0","0","0","34","150"
"7","RICH143","14","8","7","2","1142","0","0","0","0","0","0","0","0","0","557","0","0","0","0","0","0","0","0","0","0","0","58","497"
"7","RICH144","14","8","7","2","1022","0","0","0","0","0","0","0","0","0","692","0","0","0","0","0","0","0","0","0","0","0","42","648"
"7","RICH145","14","8","7","2","930","0","0","0","0","0","0","0","0","0","616","0","0","0","0","0","0","0","0","0","0","0","116","500"
"7","RICH146","14","8","7","2","550","0","0","0","0","0","0","0","0","0","258","0","0","0","0","0","0","0","0","0","0","0","15","243"
"7","RICH147","14","8","7","2","766","0","0","0","0","0","0","0","0","0","274","0","0","0","0","0","0","0","0","0","0","0","33","241"
"7","RICH148","14","8","7","2","102","0","0","0","0","0","0","0","0","0","42","0","0","0","0","0","0","0","0","0","0","0","9","33"
"7","RICH149","14","8","7","2","898","0","0","0","0","0","0","0","0","0","310","0","0","0","0","0","0","0","0","0","0","0","25","284"
"7","RICH150","14","8","7","2","359","0","0","0","0","0","0","0","0","0","167","0","0","0","0","0","0","0","0","0","0","0","22","145"
"7","RICH151","14","8","7","2","69","0","0","0","0","0","0","0","0","0","39","0","0","0","0","0","0","0","0","0","0","0","3","36"
"7","RICH152","14","8","7","2","119","0","0","0","0","0","0","0","0","0","81","0","0","0","0","0","0","0","0","0","0","0","6","74"
"7","RICH801","14","8","7","2","0","0","0","0","0","0","0","0","0","0","0","0","0","0","0","0","0","0","0","0","0","0","0","0"
"7","RICH802","14","8","7","2","0","0","0","0","0","0","0","0","0","0","0","0","0","0","0","0","0","0","0","0","0","0","0","0"
"7","RICH803","14","8","7","2","0","0","0","0","0","0","0","0","0","0","0","0","0","0","0","0","0","0","0","0","0","0","0","0"
"7","RICH804","14","8","7","2","4","0","0","0","0","0","0","0","0","0","4","0","0","0","0","0","0","0","0","0","0","0","***","***"
"7","RICH805","14","8","7","2","3","0","0","0","0","0","0","0","0","0","3","0","0","0","0","0","0","0","0","0","0","0","***","***"
"7","RICH806","14","8","7","2","0","0","0","0","0","0","0","0","0","0","0","0","0","0","0","0","0","0","0","0","0","0","0","0"
"7","RICH807","14","8","7","2","0","0","0","0","0","0","0","0","0","0","0","0","0","0","0","0","0","0","0","0","0","0","0","0"
"7","RICH808","14","8","7","2","2","0","0","0","0","0","0","0","0","0","1","0","0","0","0","0","0","0","0","0","0","0","***","***"
"7","RICH809","14","8","7","2","0","0","0","0","0","0","0","0","0","0","0","0","0","0","0","0","0","0","0","0","0","0","0","0"
"7","RICH810","14","8","7","2","1","0","0","0","0","0","0","0","0","0","0","0","0","0","0","0","0","0","0","0","0","0","0","0"
"7","RICH811","14","8","7","2","16","0","0","0","0","0","0","0","0","0","4","0","0","0","0","0","0","0","0","0","0","0","***","***"
"7","RICH812","14","8","7","2","0","0","0","0","0","0","0","0","0","0","0","0","0","0","0","0","0","0","0","0","0","0","0","0"
"7","RICH813","14","8","7","2","0","0","0","0","0","0","0","0","0","0","0","0","0","0","0","0","0","0","0","0","0","0","0","0"
"7","RICH814","14","8","7","2","2","0","0","0","0","0","0","0","0","0","0","0","0","0","0","0","0","0","0","0","0","0","0","0"
"7","RICH815","14","8","7","2","0","0","0","0","0","0","0","0","0","0","0","0","0","0","0","0","0","0","0","0","0","0","0","0"
"7","RICH816","14","8","9","2","0","0","0","0","0","0","0","0","0","0","0","0","0","0","0","0","0","0","0","0","0","0","0","0"
"7","RICH817","14","8","7","2","1","0","0","0","0","0","0","0","0","0","0","0","0","0","0","0","0","0","0","0","0","0","0","0"
"7","RODO101","14","8","7","2","316","0","0","0","0","0","0","0","0","0","88","0","0","0","0","0","0","0","0","0","0","0","8","80"
"7","RODO102","14","8","7","2","2869","0","0","0","0","0","0","0","0","0","1420","0","0","0","0","0","0","0","0","0","0","0","399","1018"
"7","RODO103","14","8","7","2","2512","0","0","0","0","0","0","0","0","0","1369","0","0","0","0","0","0","0","0","0","0","0","357","1011"
"7","RODO801","14","8","7","2","8","0","0","0","0","0","0","0","0","0","5","0","0","0","0","0","0","0","0","0","0","0","***","***"
"7","RODO802","14","8","7","2","0","0","0","0","0","0","0","0","0","0","1","0","0","0","0","0","0","0","0","0","0","0","***","***"
"7","ROLL101","14","8","7","2","1470","0","0","0","0","0","0","0","0","0","587","0","0","0","0","0","0","0","0","0","0","0","85","502"
"7","ROLL102","14","8","7","2","129","0","0","0","0","0","0","0","0","0","70","0","0","0","0","0","0","0","0","0","0","0","21","49"
"7","SARA101","16","10","9","2","247","0","0","0","0","0","0","0","0","0","153","0","0","0","0","0","0","0","0","0","0","0","36","117"
"7","SARA102","16","10","9","2","976","0","0","0","0","0","0","0","0","0","669","0","0","0","0","0","0","0","0","0","0","0","145","524"
"7","SARA103","16","10","9","2","709","0","0","0","0","0","0","0","0","0","470","0","0","0","0","0","0","0","0","0","0","0","108","362"
"7","SARA104","16","10","9","2","3188","0","0","0","0","0","0","0","0","0","2152","0","0","0","0","0","0","0","0","0","0","0","473","1679"
"7","SARA801","16","10","9","2","3","0","0","0","0","0","0","0","0","0","1","0","0","0","0","0","0","0","0","0","0","0","***","***"
"7","SHEL101","16","10","9","2","555","0","0","0","0","0","0","0","0","0","392","0","0","0","0","0","0","0","0","0","0","0","101","291"
"7","SHEL102","16","10","9","2","262","0","0","0","0","0","0","0","0","0","155","0","0","0","0","0","0","0","0","0","0","0","67","88"
"7","SHEL801","16","10","9","2","0","0","0","0","0","0","0","0","0","0","0","0","0","0","0","0","0","0","0","0","0","0","0","0"
"7","SPAB101","14","8","7","2","354","0","0","0","0","0","0","0","0","0","128","0","0","0","0","0","0","0","0","0","0","0","22","106"
"7","SPAB102","14","8","7","2","969","0","0","0","0","0","0","0","0","0","689","0","0","0","0","0","0","0","0","0","0","0","86","603"
"7","SPAB103","14","8","7","2","522","0","0","0","0","0","0","0","0","0","229","0","0","0","0","0","0","0","0","0","0","0","44","185"
"7","SPAB104","14","8","7","2","1969","0","0","0","0","0","0","0","0","0","882","0","0","0","0","0","0","0","0","0","0","0","152","728"
"7","SPAB105","14","8","7","2","817","0","0","0","0","0","0","0","0","0","388","0","0","0","0","0","0","0","0","0","0","0","57","331"
"7","SPAB106","14","8","7","2","1949","0","0","0","0","0","0","0","0","0","771","0","0","0","0","0","0","0","0","0","0","0","104","666"
"7","SPAB107","14","8","7","2","1967","0","0","0","0","0","0","0","0","0","720","0","0","0","0","0","0","0","0","0","0","0","104","616"
"7","SPAB108","14","8","7","2","1738","0","0","0","0","0","0","0","0","0","773","0","0","0","0","0","0","0","0","0","0","0","130","643"
"7","SPAB109","14","8","7","2","1220","0","0","0","0","0","0","0","0","0","505","0","0","0","0","0","0","0","0","0","0","0","77","428"
"7","SPAB110","14","8","7","2","1701","0","0","0","0","0","0","0","0","0","652","0","0","0","0","0","0","0","0","0","0","0","78","571"
"7","SRAM101","16","10","9","2","48","0","0","0","0","0","0","0","0","0","23","0","0","0","0","0","0","0","0","0","0","0","8","15"
"7","SRAM102","16","10","9","2","614","0","0","0","0","0","0","0","0","0","334","0","0","0","0","0","0","0","0","0","0","0","107","227"
"7","SRAM103","16","10","9","2","779","0","0","0","0","0","0","0","0","0","374","0","0","0","0","0","0","0","0","0","0","0","86","288"
"7","SRAM104","16","10","9","2","464","0","0","0","0","0","0","0","0","0","184","0","0","0","0","0","0","0","0","0","0","0","50","134"
"7","SRAM105","16","10","9","2","631","0","0","0","0","0","0","0","0","0","325","0","0","0","0","0","0","0","0","0","0","0","91","233"
"7","SRAM106","16","10","9","2","257","0","0","0","0","0","0","0","0","0","188","0","0","0","0","0","0","0","0","0","0","0","61","127"
"7","SRAM107","16","10","9","2","3160","0","0","0","0","0","0","0","0","0","1475","0","0","0","0","0","0","0","0","0","0","0","350","1124"
"7","SRAM108","16","10","9","2","1409","0","0","0","0","0","0","0","0","0","790","0","0","0","0","0","0","0","0","0","0","0","261","526"
"7","SRAM109","16","10","9","2","143","0","0","0","0","0","0","0","0","0","68","0","0","0","0","0","0","0","0","0","0","0","16","52"
"7","SRAM110","16","10","9","2","1052","0","0","0","0","0","0","0","0","0","714","0","0","0","0","0","0","0","0","0","0","0","246","468"
"7","SRAM111","16","10","9","2","395","0","0","0","0","0","0","0","0","0","256","0","0","0","0","0","0","0","0","0","0","0","100","156"
"7","SRAM112","16","10","9","2","128","0","0","0","0","0","0","0","0","0","57","0","0","0","0","0","0","0","0","0","0","0","19","37"
"7","SRAM113","16","10","9","2","124","0","0","0","0","0","0","0","0","0","66","0","0","0","0","0","0","0","0","0","0","0","13","53"
"7","SRAM114","16","10","9","2","1150","0","0","0","0","0","0","0","0","0","478","0","0","0","0","0","0","0","0","0","0","0","107","371"
"7","SRAM115","16","10","9","2","540","0","0","0","0","0","0","0","0","0","289","0","0","0","0","0","0","0","0","0","0","0","81","208"
"7","SRAM116","16","10","9","2","312","0","0","0","0","0","0","0","0","0","148","0","0","0","0","0","0","0","0","0","0","0","47","101"
"7","SRAM117","16","10","9","2","2392","0","0","0","0","0","0","0","0","0","1059","0","0","0","0","0","0","0","0","0","0","0","286","770"
"7","SRAM118","16","10","9","2","2129","0","0","0","0","0","0","0","0","0","1269","0","0","0","0","0","0","0","0","0","0","0","469","800"
"7","SRAM119","16","10","9","2","923","0","0","0","0","0","0","0","0","0","568","0","0","0","0","0","0","0","0","0","0","0","183","385"
"7","SRAM120","16","10","9","2","824","0","0","0","0","0","0","0","0","0","325","0","0","0","0","0","0","0","0","0","0","0","81","244"
"7","SRAM121","16","10","9","2","301","0","0","0","0","0","0","0","0","0","176","0","0","0","0","0","0","0","0","0","0","0","62","113"
"7","SRAM122","16","10","9","2","3193","0","0","0","0","0","0","0","0","0","1362","0","0","0","0","0","0","0","0","0","0","0","304","1057"
"7","SRAM123","16","10","9","2","2687","0","0","0","0","0","0","0","0","0","1660","0","0","0","0","0","0","0","0","0","0","0","617","1041"
"7","SRAM124","16","10","9","2","2362","0","0","0","0","0","0","0","0","0","1153","0","0","0","0","0","0","0","0","0","0","0","294","859"
"7","SRAM125","16","10","9","2","1481","0","0","0","0","0","0","0","0","0","914","0","0","0","0","0","0","0","0","0","0","0","332","582"
"7","SRAM126","16","10","9","2","3154","0","0","0","0","0","0","0","0","0","1906","0","0","0","0","0","0","0","0","0","0","0","679","1224"
"7","SRAM127","16","10","9","2","2168","0","0","0","0","0","0","0","0","0","1233","0","0","0","0","0","0","0","0","0","0","0","420","809"
"7","SRAM128","16","10","9","2","1606","0","0","0","0","0","0","0","0","0","997","0","0","0","0","0","0","0","0","0","0","0","347","649"
"7","SRAM129","16","10","9","2","3281","0","0","0","0","0","0","0","0","0","2122","0","0","0","0","0","0","0","0","0","0","0","733","1387"
"7","SRAM130","16","10","9","2","2797","0","0","0","0","0","0","0","0","0","1675","0","0","0","0","0","0","0","0","0","0","0","563","1112"
"7","SRAM131","16","10","9","2","533","0","0","0","0","0","0","0","0","0","246","0","0","0","0","0","0","0","0","0","0","0","58","187"
"7","SRAM132","16","10","9","2","1886","0","0","0","0","0","0","0","0","0","905","0","0","0","0","0","0","0","0","0","0","0","234","671"
"7","SRAM133","16","10","9","2","1781","0","0","0","0","0","0","0","0","0","789","0","0","0","0","0","0","0","0","0","0","0","177","612"
"7","SRAM134","16","10","9","2","1202","0","0","0","0","0","0","0","0","0","567","0","0","0","0","0","0","0","0","0","0","0","163","403"
"7","SRAM135","16","10","9","2","891","0","0","0","0","0","0","0","0","0","469","0","0","0","0","0","0","0","0","0","0","0","169","299"
"7","SRAM136","16","10","9","2","1240","0","0","0","0","0","0","0","0","0","625","0","0","0","0","0","0","0","0","0","0","0","189","436"
"7","SRAM137","16","10","9","2","833","0","0","0","0","0","0","0","0","0","370","0","0","0","0","0","0","0","0","0","0","0","93","277"
"7","SRAM138","16","10","9","2","2201","0","0","0","0","0","0","0","0","0","1169","0","0","0","0","0","0","0","0","0","0","0","348","819"
"7","SRAM139","16","10","9","2","756","0","0","0","0","0","0","0","0","0","503","0","0","0","0","0","0","0","0","0","0","0","197","306"
"7","SRAM140","16","10","9","2","149","0","0","0","0","0","0","0","0","0","73","0","0","0","0","0","0","0","0","0","0","0","16","57"
"7","SRAM141","16","10","9","2","72","0","0","0","0","0","0","0","0","0","48","0","0","0","0","0","0","0","0","0","0","0","13","35"
"7","SRAM142","16","10","9","2","106","0","0","0","0","0","0","0","0","0","60","0","0","0","0","0","0","0","0","0","0","0","15","45"
"7","SRAM143","16","10","9","2","22","0","0","0","0","0","0","0","0","0","11","0","0","0","0","0","0","0","0","0","0","0","3","8"
"7","STMY101","16","10","9","2","32","0","0","0","0","0","0","0","0","0","16","0","0","0","0","0","0","0","0","0","0","0","8","8"
"7","STMY102","16","10","9","2","52","0","0","0","0","0","0","0","0","0","36","0","0","0","0","0","0","0","0","0","0","0","14","22"
"7","STMY103","16","10","9","2","16","0","0","0","0","0","0","0","0","0","8","0","0","0","0","0","0","0","0","0","0","0","***","***"
"7","STMY104","16","10","9","2","8","0","0","0","0","0","0","0","0","0","4","0","0","0","0","0","0","0","0","0","0","0","***","***"
"7","STMY105","16","10","9","2","18","0","0","0","0","0","0","0","0","0","11","0","0","0","0","0","0","0","0","0","0","0","2","9"
"7","STMY106","16","10","9","2","11","0","0","0","0","0","0","0","0","0","6","0","0","0","0","0","0","0","0","0","0","0","***","***"
"7","STMY107","16","10","9","2","14","0","0","0","0","0","0","0","0","0","10","0","0","0","0","0","0","0","0","0","0","0","9","1"
"7","STMY801","16","10","9","2","9","0","0","0","0","0","0","0","0","0","5","0","0","0","0","0","0","0","0","0","0","0","***","***"
"7","STMY802","16","10","9","2","0","0","0","0","0","0","0","0","0","0","0","0","0","0","0","0","0","0","0","0","0","0","0","0"
"7","STMY803","16","10","9","2","12","0","0","0","0","0","0","0","0","0","8","0","0","0","0","0","0","0","0","0","0","0","***","***"
"7","STMY804","16","10","9","2","0","0","0","0","0","0","0","0","0","0","0","0","0","0","0","0","0","0","0","0","0","0","0","0"
"7","TASJ101","15","10","9","2","138","0","0","0","0","0","0","0","0","0","101","0","0","0","0","0","0","0","0","0","0","0","57","44"
"7","TASJ102","16","10","9","2","48","0","0","0","0","0","0","0","0","0","21","0","0","0","0","0","0","0","0","0","0","0","13","8"
"7","TASJ103","16","10","9","2","40","0","0","0","0","0","0","0","0","0","20","0","0","0","0","0","0","0","0","0","0","0","12","8"
"7","TASJ104","16","10","9","2","429","0","0","0","0","0","0","0","0","0","273","0","0","0","0","0","0","0","0","0","0","0","159","113"
"7","TASJ801","15","10","9","2","0","0","0","0","0","0","0","0","0","0","0","0","0","0","0","0","0","0","0","0","0","0","0","0"
"7","TASJ802","15","10","9","2","0","0","0","0","0","0","0","0","0","0","0","0","0","0","0","0","0","0","0","0","0","0","0","0"
"7","TASJ803","16","10","9","2","15","0","0","0","0","0","0","0","0","0","6","0","0","0","0","0","0","0","0","0","0","0","***","***"
"7","TASJ804","15","10","9","2","6","0","0","0","0","0","0","0","0","0","6","0","0","0","0","0","0","0","0","0","0","0","***","***"
"7","TASJ805","16","10","9","2","3","0","0","0","0","0","0","0","0","0","2","0","0","0","0","0","0","0","0","0","0","0","***","***"
"7","TASJ806","16","10","9","2","2","0","0","0","0","0","0","0","0","0","2","0","0","0","0","0","0","0","0","0","0","0","***","***"
"7","TASJ807","15","10","9","2","4","0","0","0","0","0","0","0","0","0","4","0","0","0","0","0","0","0","0","0","0","0","***","***"
"7","TASJ808","15","10","9","2","0","0","0","0","0","0","0","0","0","0","0","0","0","0","0","0","0","0","0","0","0","0","0","0"
"7","TESO801","15","10","9","2","1","0","0","0","0","0","0","0","0","0","0","0","0","0","0","0","0","0","0","0","0","0","0","0"
"7","TESO802","15","10","9","2","0","0","0","0","0","0","0","0","0","0","0","0","0","0","0","0","0","0","0","0","0","0","0","0"
"7","TESO803","15","10","9","2","0","0","0","0","0","0","0","0","0","0","0","0","0","0","0","0","0","0","0","0","0","0","0","0"
"7","TESO804","15","8","9","2","0","0","0","0","0","0","0","0","0","0","0","0","0","0","0","0","0","0","0","0","0","0","0","0"
"7","VIER101","15","8","3","2","16","0","0","0","0","0","0","0","0","0","12","0","0","0","0","0","0","0","0","0","0","0","7","5"
"7","VIER801","15","8","3","2","0","0","0","0","0","0","0","0","0","0","0","0","0","0","0","0","0","0","0","0","0","0","0","0"
"7","VINE101","15","10","9","2","173","0","0","0","0","0","0","0","0","0","94","0","0","0","0","0","0","0","0","0","0","0","38","56"
"7","VINE102","15","10","9","2","826","0","0","0","0","0","0","0","0","0","380","0","0","0","0","0","0","0","0","0","0","0","164","216"
"7","VINE103","15","10","9","2","20","0","0","0","0","0","0","0","0","0","7","0","0","0","0","0","0","0","0","0","0","0","***","***"
"7","VINE104","15","10","9","2","202","0","0","0","0","0","0","0","0","0","105","0","0","0","0","0","0","0","0","0","0","0","48","57"
"7","VINE105","15","10","9","2","129","0","0","0","0","0","0","0","0","0","70","0","0","0","0","0","0","0","0","0","0","0","21","49"
"7","VINE106","15","10","9","2","505","0","0","0","0","0","0","0","0","0","279","0","0","0","0","0","0","0","0","0","0","0","75","203"
"7","VINE107","15","10","9","2","60","0","0","0","0","0","0","0","0","0","42","0","0","0","0","0","0","0","0","0","0","0","13","29"
"7","VINE108","15","10","9","2","711","0","0","0","0","0","0","0","0","0","383","0","0","0","0","0","0","0","0","0","0","0","151","232"
"7","VINE801","15","10","9","2","3","0","0","0","0","0","0","0","0","0","3","0","0","0","0","0","0","0","0","0","0","0","***","***"
"7","VINE802","15","8","9","2","0","0","0","0","0","0","0","0","0","0","0","0","0","0","0","0","0","0","0","0","0","0","0","0"
"7","VINE803","15","8","9","2","0","0","0","0","0","0","0","0","0","0","0","0","0","0","0","0","0","0","0","0","0","0","0","0"
"7","WALD101","16","10","9","2","17","0","0","0","0","0","0","0","0","0","5","0","0","0","0","0","0","0","0","0","0","0","***","***"
"7","WALD102","16","10","9","2","135","0","0","0","0","0","0","0","0","0","78","0","0","0","0","0","0","0","0","0","0","0","10","68"
"7","WALD103","16","10","9","2","507","0","0","0","0","0","0","0","0","0","320","0","0","0","0","0","0","0","0","0","0","0","92","226"
"7","WALD104","16","10","9","2","462","0","0","0","0","0","0","0","0","0","217","0","0","0","0","0","0","0","0","0","0","0","36","181"
"7","WALD105","16","10","9","2","2037","0","0","0","0","0","0","0","0","0","1137","0","0","0","0","0","0","0","0","0","0","0","218","917"
"7","WALD106","16","10","9","2","1084","0","0","0","0","0","0","0","0","0","474","0","0","0","0","0","0","0","0","0","0","0","90","384"
"7","WLCR101","16","10","9","2","304","0","0","0","0","0","0","0","0","0","202","0","0","0","0","0","0","0","0","0","0","0","74","128"
"7","WLCR102","16","10","9","2","764","0","0","0","0","0","0","0","0","0","563","0","0","0","0","0","0","0","0","0","0","0","166","396"
"7","WLCR103","16","10","9","2","2924","0","0","0","0","0","0","0","0","0","1971","0","0","0","0","0","0","0","0","0","0","0","523","1445"
"7","WLCR104","16","10","9","2","280","0","0","0","0","0","0","0","0","0","199","0","0","0","0","0","0","0","0","0","0","0","62","136"
"7","WLCR105","16","10","9","2","2813","0","0","0","0","0","0","0","0","0","1544","0","0","0","0","0","0","0","0","0","0","0","355","1189"
"7","WLCR106","16","10","9","2","460","0","0","0","0","0","0","0","0","0","323","0","0","0","0","0","0","0","0","0","0","0","63","260"
"7","WLCR107","16","10","9","2","1823","0","0","0","0","0","0","0","0","0","1237","0","0","0","0","0","0","0","0","0","0","0","334","902"
"7","WLCR108","15","10","9","2","259","0","0","0","0","0","0","0","0","0","176","0","0","0","0","0","0","0","0","0","0","0","46","130"
"7","WLCR109","16","10","9","2","1261","0","0","0","0","0","0","0","0","0","649","0","0","0","0","0","0","0","0","0","0","0","117","530"
"7","WLCR110","16","10","9","2","2654","0","0","0","0","0","0","0","0","0","1692","0","0","0","0","0","0","0","0","0","0","0","405","1287"
"7","WLCR111","16","10","9","2","460","0","0","0","0","0","0","0","0","0","242","0","0","0","0","0","0","0","0","0","0","0","66","176"
"7","WLCR112","16","10","9","2","1213","0","0","0","0","0","0","0","0","0","701","0","0","0","0","0","0","0","0","0","0","0","170","530"
"7","WLCR113","16","10","9","2","82","0","0","0","0","0","0","0","0","0","55","0","0","0","0","0","0","0","0","0","0","0","15","40"
"7","WLCR114","16","10","9","2","2695","0","0","0","0","0","0","0","0","0","1760","0","0","0","0","0","0","0","0","0","0","0","467","1292"
"7","WLCR115","16","10","9","2","1612","0","0","0","0","0","0","0","0","0","929","0","0","0","0","0","0","0","0","0","0","0","273","655"
"7","WLCR116","16","10","9","2","1891","0","0","0","0","0","0","0","0","0","1229","0","0","0","0","0","0","0","0","0","0","0","307","922"
"7","WLCR117","16","10","9","2","2829","0","0","0","0","0","0","0","0","0","2302","0","0","0","0","0","0","0","0","0","0","0","488","1814"
"7","WLCR118","16","10","9","2","2391","0","0","0","0","0","0","0","0","0","1602","0","0","0","0","0","0","0","0","0","0","0","453","1148"
"7","WLCR119","16","10","9","2","1754","0","0","0","0","0","0","0","0","0","848","0","0","0","0","0","0","0","0","0","0","0","198","650"
"7","WLCR120","16","10","9","2","1228","0","0","0","0","0","0","0","0","0","821","0","0","0","0","0","0","0","0","0","0","0","222","599"
"7","WLCR121","16","10","9","2","2245","0","0","0","0","0","0","0","0","0","1283","0","0","0","0","0","0","0","0","0","0","0","305","977"
"7","WLCR122","16","10","9","2","2392","0","0","0","0","0","0","0","0","0","1406","0","0","0","0","0","0","0","0","0","0","0","348","1058"
"7","WLCR123","16","10","9","2","2321","0","0","0","0","0","0","0","0","0","1567","0","0","0","0","0","0","0","0","0","0","0","484","1081"
"7","WLCR124","16","10","9","2","2477","0","0","0","0","0","0","0","0","0","1682","0","0","0","0","0","0","0","0","0","0","0","559","1121"
"7","WLCR125","16","10","9","2","2172","0","0","0","0","0","0","0","0","0","1507","0","0","0","0","0","0","0","0","0","0","0","419","1087"
"7","WLCR126","16","10","9","2","1335","0","0","0","0","0","0","0","0","0","871","0","0","0","0","0","0","0","0","0","0","0","250","620"
"7","WLCR127","16","10","9","2","67","0","0","0","0","0","0","0","0","0","48","0","0","0","0","0","0","0","0","0","0","0","7","41"
"7","WLCR128","16","10","9","2","899","0","0","0","0","0","0","0","0","0","589","0","0","0","0","0","0","0","0","0","0","0","147","442"
"7","WLCR129","16","10","9","2","538","0","0","0","0","0","0","0","0","0","334","0","0","0","0","0","0","0","0","0","0","0","77","257"
"7","WLCR130","16","10","9","2","2337","0","0","0","0","0","0","0","0","0","1850","0","0","0","0","0","0","0","0","0","0","0","363","1485"
"7","WLCR131","16","10","9","2","2850","0","0","0","0","0","0","0","0","0","2381","0","0","0","0","0","0","0","0","0","0","0","502","1877"
"7","WLCR132","16","10","9","2","212","0","0","0","0","0","0","0","0","0","145","0","0","0","0","0","0","0","0","0","0","0","45","100"
"7","WLCR133","16","10","9","2","442","0","0","0","0","0","0","0","0","0","262","0","0","0","0","0","0","0","0","0","0","0","55","207"
"7","WLCR134","16","10","9","2","0","0","0","0","0","0","0","0","0","0","0","0","0","0","0","0","0","0","0","0","0","0","0","0"
"7","WLCR801","16","10","9","2","2","0","0","0","0","0","0","0","0","0","2","0","0","0","0","0","0","0","0","0","0","0","***","***"
"7","WLCR802","16","10","9","2","3","0","0","0","0","0","0","0","0","0","3","0","0","0","0","0","0","0","0","0","0","0","***","***"
"7","WLCR803","16","10","9","2","4","0","0","0","0","0","0","0","0","0","0","0","0","0","0","0","0","0","0","0","0","0","0","0"
"7","WLCR804","16","10","9","2","7","0","0","0","0","0","0","0","0","0","6","0","0","0","0","0","0","0","0","0","0","0","***","***"
"7","WLKN101","16","10","9","2","2863","0","0","0","0","0","0","0","0","0","2017","0","0","0","0","0","0","0","0","0","0","0","585","1431"
"7","WLKN102","16","10","9","2","188","0","0","0","0","0","0","0","0","0","133","0","0","0","0","0","0","0","0","0","0","0","47","86"
"7","CNTYTOT","13544","8763","6940","1860","730646","0","0","0","0","0","0","0","0","0","413212","0","0","0","0","0","0","0","0","0","0","0","118701","294137"
