"election","type","srprec","totreg_r","dem","rep","aip","paf","msc","lib","nlp","grn","ref","dcl","male","female","hispdem","hisprep","hispdcl","hispoth","jewdem","jewrep","jewdcl","jewoth","kordem","korrep","kordcl","koroth","jpndem","jpnrep","jpndcl","jpnoth","chidem","chirep","chidcl","chioth","inddem","indrep","inddcl","indoth","vietdem","vietrep","vietdcl","vietoth","fildem","filrep","fildcl","filoth","demmunk","demm1824","demm2534","demm3544","demm4554","demm5564","demm65pl","demfunk","demf1824","demf2534","demf3544","demf4554","demf5564","demf65pl","repmunk","repm1824","repm2534","repm3544","repm4554","repm5564","repm65pl","repfunk","repf1824","repf2534","repf3544","repf4554","repf5564","repf65pl","dclmunk","dclm1824","dclm2534","dclm3544","dclm4554","dclm5564","dclm65pl","dclfunk","dclf1824","dclf2534","dclf3544","dclf4554","dclf5564","dclf65pl","othmunk","othm1824","othm2534","othm3544","othm4554","othm5564","othm65pl","othfunk","othf1824","othf2534","othf3544","othf4554","othf5564","othf65pl","dreg1g","dreg2g","dreg3g","dreg4g","dreg5g","dreg6g","dreg7g","dreg8g","dreg9g","rreg1g","rreg2g","rreg3g","rreg4g","rreg5g","rreg6g","rreg7g","rreg8g","rreg9g","ireg1g","ireg2g","ireg3g","ireg4g","ireg5g","ireg6g","ireg7g","ireg8g","ireg9g","oreg1g","oreg2g","oreg3g","oreg4g","oreg5g","oreg6g","oreg7g","oreg8g","oreg9g"
"s25","voters","0000001","262","106","109","6","0","4","1","0","0","0","36","128","134","87","35","28","8","0","2","0","0","0","0","0","0","0","0","0","0","0","0","0","0","1","2","2","0","0","0","0","0","3","0","0","0","0","6","8","3","3","9","12","1","8","10","7","6","12","21","1","8","5","8","10","9","24","0","2","2","5","7","6","22","1","3","4","2","1","1","7","0","5","3","1","3","5","0","0","0","1","1","1","0","0","0","1","2","2","0","1","2","60","13","11","6","5","0","1","2","8","63","14","11","6","1","0","2","1","11","20","6","4","3","1","1","0","0","1","6","1","0","0","2","0","0","0","2"
"s25","voters","0000002","865","287","418","27","3","9","6","0","2","0","113","393","472","207","75","61","11","3","24","4","4","0","0","0","0","0","2","0","0","0","1","4","0","5","12","2","1","0","0","0","0","7","2","2","1","0","16","11","5","6","22","54","4","41","25","15","21","20","47","1","13","15","18","26","46","90","0","10","14","21","26","35","103","1","5","10","6","6","3","9","0","15","24","12","6","5","11","0","1","5","3","3","5","13","0","6","4","1","0","5","1","146","43","36","7","11","2","8","2","32","207","62","32","15","16","7","3","4","72","60","23","9","3","6","2","1","1","8","27","7","6","4","0","2","1","0","0"
"s25","voters","0000003","1121","327","609","37","2","5","5","0","3","0","133","533","588","218","86","74","23","2","34","0","3","0","0","0","0","1","1","0","0","0","5","1","0","2","8","3","1","0","0","0","0","6","4","0","0","2","12","10","18","12","27","51","4","27","29","15","18","25","77","4","18","20","40","40","54","131","0","13","23","35","37","62","132","1","14","12","9","13","5","11","2","12","16","11","7","8","12","0","5","3","3","4","5","9","1","3","1","5","3","4","6","162","56","35","13","7","6","5","3","40","292","84","80","20","16","5","2","4","106","68","21","16","10","3","1","0","1","13","28","9","6","5","2","0","1","0","1"
"s25","voters","0000004","1121","630","232","36","7","13","6","0","6","0","191","472","649","515","124","162","52","1","5","0","0","0","0","0","0","0","0","0","0","2","1","0","0","1","0","0","0","0","0","0","0","7","1","2","2","3","28","34","29","23","50","84","6","78","65","37","41","62","90","0","12","14","14","14","20","32","1","3","17","21","27","28","29","2","16","16","15","8","13","13","7","16","27","18","11","15","14","0","5","6","5","4","7","5","0","8","9","5","7","5","2","327","104","80","23","24","6","9","9","48","126","40","30","9","3","0","3","1","20","104","21","17","21","12","0","6","4","6","41","15","8","1","1","0","2","0","0"
"s25","voters","0000005","909","575","140","24","5","14","14","0","3","0","134","398","511","491","118","118","51","0","0","0","0","0","0","0","0","0","0","0","0","0","0","0","0","0","1","0","0","0","0","0","0","5","2","1","2","3","29","25","20","17","46","88","8","60","65","39","29","39","107","2","5","13","10","10","12","22","0","7","13","8","11","7","20","2","19","13","9","4","9","15","1","18","8","8","9","10","9","0","4","5","5","4","2","5","4","15","4","3","1","3","5","259","100","64","30","15","5","9","15","78","72","22","20","5","6","2","0","0","13","77","15","15","13","5","1","5","1","2","44","8","2","0","1","0","0","2","3"
"s25","voters","0000007","845","374","275","42","4","16","7","0","3","0","124","368","477","260","107","73","39","0","4","0","1","0","0","0","0","0","0","0","0","1","5","1","0","32","3","16","2","0","0","0","0","9","4","2","0","2","18","18","16","20","19","45","6","39","42","35","35","25","54","2","8","10","27","30","24","33","0","5","15","28","22","26","45","0","15","9","10","11","7","5","3","18","9","16","9","5","7","0","8","5","4","11","4","7","1","5","7","5","6","2","7","185","72","34","17","19","2","7","7","31","139","46","33","7","11","6","2","2","29","76","19","10","9","1","3","1","0","5","38","15","7","2","2","2","3","0","3"
"s25","voters","0000008","734","386","182","23","2","9","6","0","1","0","125","318","416","287","85","80","26","2","1","1","0","0","0","0","0","0","0","0","0","0","2","0","0","26","15","17","5","0","0","0","0","0","0","1","0","2","18","16","23","16","24","50","8","38","45","22","27","38","59","0","4","15","16","15","17","23","0","5","14","15","13","15","30","2","9","14","10","6","5","9","0","11","14","10","13","11","11","0","2","2","4","7","6","3","1","4","6","2","0","3","1","194","66","64","20","9","5","7","5","16","100","27","33","7","3","0","3","0","9","64","19","17","7","4","2","2","0","10","19","10","8","1","1","0","2","0","0"
"s25","voters","0000009","863","341","313","41","2","11","7","0","3","0","145","382","481","232","133","71","32","2","4","0","1","0","0","0","0","0","0","0","0","0","0","0","0","21","4","14","7","0","0","0","0","1","4","1","0","2","21","13","15","16","19","40","2","36","37","27","41","32","40","2","16","11","22","36","33","36","1","8","13","20","34","27","54","3","13","9","12","8","8","13","2","18","16","15","13","7","8","1","7","7","4","5","5","5","1","5","2","5","2","6","9","179","65","39","12","8","1","10","2","25","140","58","45","15","11","4","5","2","33","82","23","20","11","2","2","1","1","3","34","16","7","2","1","1","0","0","3"
"s25","voters","0000010","567","332","114","14","3","6","2","0","1","0","95","230","337","262","69","75","20","0","3","0","0","0","2","0","0","0","0","0","0","0","0","0","0","18","4","9","0","0","0","0","0","2","0","0","0","4","16","18","19","12","27","34","7","34","33","22","29","25","52","0","3","8","10","11","9","11","1","7","8","10","13","8","15","3","13","2","5","6","6","1","1","13","11","10","5","8","11","0","1","1","2","4","0","4","1","4","1","0","2","3","3","166","52","48","20","12","3","5","5","21","68","14","18","2","1","0","3","0","8","51","14","13","7","5","1","4","0","0","15","6","3","1","0","0","1","0","0"
"s25","voters","0000011","383","254","31","5","6","7","0","0","2","0","78","149","234","213","21","68","16","0","0","0","0","0","0","0","0","0","0","0","0","0","0","0","0","0","0","0","0","0","0","0","0","0","1","0","0","1","13","17","10","6","18","28","6","38","30","24","19","22","22","0","4","4","1","3","5","2","0","0","2","3","1","4","2","2","6","5","8","4","2","5","4","12","7","8","3","7","5","0","0","0","2","0","1","2","0","7","2","3","2","0","1","123","45","35","6","10","8","6","3","18","17","5","5","1","0","0","0","1","2","37","12","12","7","6","0","0","1","3","17","3","0","0","0","0","0","0","0"
"s25","voters","0000012","192","52","111","6","0","0","0","0","0","0","23","95","97","41","14","12","0","0","1","0","0","0","0","0","0","0","0","0","0","0","0","0","0","0","0","0","0","0","0","0","0","0","0","0","0","0","1","3","3","2","6","3","0","4","6","4","3","6","11","0","3","4","5","3","17","27","0","1","3","3","11","18","16","0","2","2","1","5","0","6","0","0","3","0","3","0","1","0","0","1","0","0","0","1","0","0","0","0","1","0","3","29","6","8","3","0","1","0","0","5","62","13","8","4","4","1","3","3","13","8","4","7","0","0","1","0","0","3","4","2","0","0","0","0","0","0","0"
"s25","voters","0000013","385","256","36","15","2","8","3","0","2","0","63","154","231","212","28","50","22","0","0","0","0","0","0","0","0","0","0","0","0","0","0","0","0","0","0","0","0","0","0","0","0","12","1","6","1","1","15","10","8","10","20","37","2","41","18","15","14","21","44","0","1","6","0","3","6","2","0","5","0","5","1","4","3","2","3","8","4","3","2","2","0","14","9","6","3","3","4","1","1","2","4","1","0","2","1","9","4","1","1","0","3","106","44","36","7","12","2","1","3","45","23","5","3","0","0","1","0","0","4","39","5","7","4","2","0","2","1","3","19","6","3","0","1","0","0","0","1"
"s25","voters","0000014","457","179","176","19","4","5","4","0","0","0","70","208","249","105","57","36","14","1","5","0","0","0","0","0","0","2","0","0","0","0","0","1","0","0","0","1","0","0","0","0","0","5","0","0","0","3","9","5","13","8","20","21","3","19","19","17","11","14","17","1","7","6","21","13","21","18","1","3","8","22","15","12","28","1","2","6","2","6","5","6","2","10","8","8","8","4","2","0","1","0","4","3","4","2","0","3","2","3","3","3","4","103","31","23","3","5","0","1","0","13","98","31","28","3","5","1","1","4","5","37","9","12","5","1","1","2","0","3","19","9","2","0","0","0","0","0","2"
"s25","voters","0000015","443","140","192","19","2","5","6","0","2","0","77","199","244","86","37","38","9","2","3","0","0","0","0","0","0","0","0","0","0","1","2","0","0","0","0","0","0","0","0","0","0","3","0","4","1","0","5","7","9","4","11","21","0","5","14","7","9","17","31","0","1","11","14","12","23","34","1","1","8","17","7","24","39","1","3","4","5","5","2","8","2","9","10","12","5","5","6","0","0","4","5","2","3","5","0","1","3","0","3","1","7","78","26","9","3","3","1","2","0","18","106","30","22","9","3","0","2","0","20","39","15","9","9","1","1","1","0","2","25","3","3","1","0","0","0","0","2"
"s25","voters","0000016","643","206","319","32","0","5","4","0","3","0","74","292","351","97","58","31","16","2","13","4","1","0","0","0","0","0","0","0","0","1","1","0","0","4","0","0","0","0","0","0","0","0","0","1","0","0","5","3","10","8","21","32","0","12","17","16","14","24","44","2","5","10","13","19","37","70","1","6","14","13","29","41","59","0","6","4","7","4","8","7","0","10","5","8","5","4","6","1","2","3","2","3","5","5","0","2","3","3","7","4","4","122","34","22","5","3","0","2","0","18","157","52","40","12","3","1","4","4","46","43","12","5","5","3","0","2","1","3","22","13","4","0","1","0","1","1","2"
"s25","voters","0000017","334","145","122","15","3","5","1","0","1","0","42","158","176","100","33","26","8","2","4","0","0","0","0","0","1","0","0","0","0","0","1","0","0","0","0","0","0","0","0","0","0","1","1","0","0","0","7","6","5","3","16","18","4","10","17","10","9","17","23","0","5","2","15","10","18","23","0","3","5","6","9","12","14","0","3","2","4","1","2","9","0","5","5","4","2","1","4","1","2","1","0","0","0","5","0","2","2","4","3","1","4","76","22","21","8","3","0","2","3","10","71","21","12","4","5","1","0","0","8","20","7","6","1","2","0","1","0","5","16","7","0","1","0","0","1","0","0"
"s25","voters","0000018","630","227","244","33","3","9","3","0","7","0","104","432","198","91","35","30","14","8","5","6","2","0","0","0","0","0","0","0","1","1","1","1","0","0","0","0","0","0","0","2","0","2","1","0","2","0","3","3","19","21","43","59","1","14","9","13","10","15","17","1","9","10","18","34","39","55","3","4","8","15","15","18","15","0","4","2","9","11","21","29","2","6","7","4","1","1","7","0","0","3","7","6","14","12","0","2","2","3","2","1","3","90","39","45","11","8","1","4","2","27","121","49","31","11","11","2","5","2","12","37","7","11","18","3","4","4","3","17","24","13","5","3","3","0","1","1","5"
"s25","voters","0000019","672","223","341","19","2","3","3","0","2","0","79","315","357","161","62","52","12","0","8","0","1","0","0","0","0","0","0","0","0","0","0","0","0","0","6","1","0","0","0","0","0","1","7","0","1","1","12","17","6","7","14","29","2","34","22","13","16","16","34","2","18","27","23","19","33","48","0","11","16","22","22","31","69","3","5","10","5","2","4","12","0","11","10","5","6","2","4","1","1","5","2","5","1","3","0","3","2","0","3","1","2","124","29","29","6","3","4","5","0","23","185","41","47","14","6","7","8","1","32","33","16","10","6","5","1","0","1","7","16","5","5","0","0","0","1","0","2"
"s25","voters","0000020","795","191","483","32","6","11","5","0","3","0","64","374","421","131","72","34","22","0","25","4","1","0","0","0","0","0","2","0","0","1","2","0","0","1","15","1","1","0","0","0","0","9","6","0","0","2","5","10","8","12","16","25","2","22","17","15","11","17","29","2","23","23","30","30","45","78","2","19","18","35","35","55","88","0","3","9","3","5","6","10","0","4","5","6","5","3","5","0","3","1","6","5","4","10","0","4","4","5","6","3","6","109","33","17","6","3","0","4","0","19","250","81","56","18","14","2","1","5","56","37","8","10","2","1","1","1","0","4","33","14","3","0","3","0","1","1","2"
"s25","voters","0000021","708","188","396","36","1","4","3","0","3","0","77","341","367","103","72","42","18","0","7","1","1","0","0","0","0","0","12","0","1","0","0","0","0","16","15","10","3","0","0","0","0","1","5","4","0","3","12","8","4","7","15","27","2","15","27","8","8","17","35","0","13","16","40","19","34","87","0","6","22","17","26","38","78","2","6","5","5","4","4","12","0","5","11","8","4","4","7","0","1","1","1","3","9","3","1","7","7","4","3","3","4","90","38","25","6","4","0","2","2","21","183","54","48","13","8","4","6","5","75","43","11","9","6","3","1","1","0","3","24","8","4","2","2","0","3","0","4"
"s25","voters","0000022","435","137","201","12","3","5","5","0","1","0","71","207","228","92","43","45","11","3","5","1","2","0","0","0","0","0","5","1","0","0","0","0","0","1","6","4","1","0","0","0","0","0","0","0","0","0","8","11","10","3","6","23","1","11","15","6","7","12","24","1","10","11","9","16","17","35","0","5","14","13","18","24","28","3","4","5","6","4","1","9","1","11","8","4","2","9","4","1","1","4","3","1","4","1","0","4","1","4","2","0","0","66","30","18","4","4","1","1","4","9","98","29","18","9","7","6","0","3","31","41","11","12","1","2","0","0","0","4","20","3","2","0","0","1","0","0","0"
"s25","voters","0000023","582","198","278","23","2","10","4","0","2","0","65","262","320","149","72","35","19","0","3","1","0","0","0","0","0","3","5","1","0","2","7","0","2","3","9","5","3","0","0","0","0","2","2","3","0","0","8","7","7","4","16","28","0","14","28","19","13","18","36","1","9","20","18","26","32","33","0","9","20","16","20","33","41","0","6","4","8","4","6","6","0","6","8","6","3","4","4","0","2","5","5","2","1","4","0","2","6","6","2","3","3","92","36","24","10","4","7","4","0","21","138","51","28","9","13","2","1","0","36","31","9","10","5","2","3","0","1","4","27","5","4","3","0","0","0","0","2"
"s25","voters","0000024","560","135","352","17","1","6","1","0","0","0","48","257","303","63","52","21","8","2","16","1","0","0","0","0","0","0","6","0","0","0","1","1","0","7","3","3","1","0","0","0","0","2","8","1","1","2","4","6","1","4","9","27","1","8","12","13","4","9","35","0","7","13","16","16","24","86","0","8","15","23","17","36","91","1","6","3","4","4","5","4","1","3","3","2","5","0","7","0","2","5","3","1","3","1","0","1","1","2","3","2","1","63","20","12","7","1","3","0","3","26","160","66","41","14","8","1","1","2","59","32","8","2","1","3","0","0","0","2","13","4","3","1","2","0","0","0","2"
"s25","voters","0000025","86","20","56","4","1","1","1","0","0","0","3","44","42","6","8","1","1","0","1","0","0","0","0","0","0","0","0","0","0","0","0","0","0","0","1","0","1","0","0","0","0","0","0","0","0","0","0","2","1","0","3","3","0","2","1","1","0","3","4","0","4","2","0","7","6","12","0","0","1","4","3","5","12","0","0","0","0","1","0","0","0","1","0","0","0","0","1","0","0","0","2","0","0","1","0","1","0","0","1","1","1","10","3","2","0","1","0","0","1","3","26","10","3","1","1","0","1","1","13","0","0","0","2","0","0","0","1","0","4","0","1","1","0","0","0","0","1"
"s25","voters","0000027","1","1","0","0","0","0","0","0","0","0","0","1","0","0","0","0","0","0","0","0","0","0","0","0","0","0","0","0","0","0","0","0","0","0","0","0","0","0","0","0","0","0","0","0","0","0","0","0","0","0","1","0","0","0","0","0","0","0","0","0","0","0","0","0","0","0","0","0","0","0","0","0","0","0","0","0","0","0","0","0","0","0","0","0","0","0","0","0","0","0","0","0","0","0","0","0","0","0","0","0","0","1","0","0","0","0","0","0","0","0","0","0","0","0","0","0","0","0","0","0","0","0","0","0","0","0","0","0","0","0","0","0","0","0","0","0","0"
"s25","voters","0000028","1017","401","441","47","3","8","5","0","0","0","112","443","574","295","73","50","33","2","18","1","1","0","0","0","0","0","4","0","0","1","5","1","0","0","6","1","1","0","0","0","0","1","12","1","1","2","8","18","9","22","25","60","10","33","38","21","26","49","80","3","14","23","29","27","43","90","1","9","12","30","27","42","91","2","12","6","7","4","6","11","2","12","15","8","5","10","12","1","1","2","3","2","7","6","1","6","5","5","3","11","10","209","55","57","8","11","1","8","3","49","223","67","36","17","15","5","5","4","69","64","15","10","6","2","1","2","5","7","31","11","5","4","1","2","0","1","8"
"s25","voters","0000029","393","154","160","19","1","7","2","0","0","0","50","176","217","88","29","17","11","1","5","0","1","0","0","0","0","1","0","0","0","1","0","2","0","2","0","0","0","0","0","0","0","1","3","2","0","0","3","5","7","6","9","33","1","6","8","6","10","16","44","0","4","6","9","11","16","30","0","5","8","11","7","19","34","0","3","4","4","4","1","5","0","3","2","4","5","8","7","0","1","1","1","2","3","8","0","3","1","2","0","2","5","80","22","18","6","6","0","0","2","20","68","26","20","4","4","2","1","5","30","21","9","6","5","3","0","0","0","6","20","3","2","0","1","1","0","1","1"
"s25","voters","0000030","769","377","245","24","2","12","10","0","3","0","96","331","438","214","57","40","21","5","7","0","0","0","0","0","0","0","5","1","0","0","7","0","1","0","4","2","1","0","0","0","0","4","2","0","1","3","13","10","11","10","18","66","0","30","34","20","23","48","91","2","9","7","21","17","20","53","1","5","8","12","12","24","54","1","9","7","6","3","11","10","2","5","12","5","9","10","6","0","2","7","4","3","2","6","0","5","4","5","1","4","8","197","61","36","11","13","4","6","2","47","126","34","27","7","8","2","4","3","34","44","18","12","10","1","3","1","0","7","31","13","0","2","2","0","1","0","2"
"s25","voters","0000031","485","236","148","19","3","9","2","0","3","0","65","213","272","154","37","31","21","0","5","0","0","1","0","0","0","0","1","0","0","2","4","2","0","0","0","2","1","0","0","0","0","2","3","1","0","0","6","8","12","7","30","31","1","16","17","15","11","27","55","0","4","9","4","13","13","32","0","2","4","7","9","16","35","0","1","6","7","5","1","5","1","4","5","6","5","7","12","0","3","5","1","0","3","7","0","4","4","2","1","1","5","112","50","27","5","4","1","1","3","33","79","21","13","4","7","1","2","2","19","28","11","8","5","5","1","0","2","5","26","1","5","1","1","0","0","1","1"
"s25","voters","0000032","429","159","189","25","0","0","3","0","2","0","51","206","223","101","36","20","10","1","9","0","0","0","0","0","0","2","3","0","1","1","0","2","0","0","0","3","0","0","0","0","0","3","0","1","1","1","7","9","6","6","8","31","2","8","14","9","11","13","34","0","4","4","14","12","19","42","2","2","7","10","10","29","34","0","9","5","2","3","5","5","1","2","3","2","4","2","8","0","1","1","0","2","2","8","0","1","5","2","2","3","3","96","17","18","7","1","1","0","1","18","90","28","26","5","12","0","2","0","26","29","7","5","2","1","0","0","0","7","17","5","3","2","0","0","0","1","2"
"s25","voters","0000033","1745","780","552","81","4","21","13","0","4","0","290","794","951","306","155","98","44","5","7","4","0","2","0","0","1","6","4","1","0","10","1","4","1","82","48","70","13","6","6","1","0","14","10","2","4","4","17","41","47","69","45","102","6","43","48","76","93","85","104","3","14","24","44","64","63","52","3","21","29","44","73","60","58","4","14","13","32","32","28","26","7","21","17","31","24","20","21","1","6","6","6","16","12","9","0","19","11","11","16","7","3","434","119","92","41","23","7","11","4","49","301","72","65","25","15","11","10","10","43","151","45","39","18","11","4","11","2","9","66","33","13","3","2","0","4","0","2"
"s25","voters","0000034","2070","1090","544","75","9","22","7","0","7","0","316","921","1149","548","198","111","52","11","9","4","0","6","1","2","1","0","1","0","4","6","4","4","1","59","44","55","8","7","5","5","1","14","4","5","1","10","38","66","76","68","64","105","9","68","120","112","90","113","151","1","12","37","62","44","55","58","2","13","27","61","55","50","67","5","15","37","28","33","20","25","5","21","26","31","33","23","14","3","4","11","15","12","7","10","2","7","16","8","11","10","4","651","181","111","32","27","11","9","8","60","329","78","69","17","10","5","5","3","28","180","52","29","11","14","2","10","4","14","85","25","7","1","0","0","0","0","2"
"s25","voters","0000035","1762","941","428","74","9","30","17","0","5","0","258","775","987","472","129","119","47","7","11","2","0","0","0","1","0","2","2","0","0","5","6","0","2","62","20","24","6","3","3","2","0","15","4","2","0","4","36","52","52","53","72","95","3","75","93","88","83","94","141","2","15","23","34","33","50","62","1","11","21","35","35","42","64","4","22","24","22","23","15","20","4","25","30","21","13","19","16","0","9","11","9","8","11","14","1","12","18","12","9","14","7","497","159","120","49","30","9","11","3","63","227","79","42","15","16","5","3","0","41","133","36","39","18","13","3","3","2","11","96","20","8","1","2","2","1","1","4"
"s25","voters","0000036","1010","525","285","43","6","17","9","0","13","1","111","433","577","273","78","55","40","7","8","0","2","1","0","0","0","2","3","1","1","0","2","2","0","2","1","0","1","0","1","2","0","4","1","2","0","3","17","23","25","23","33","71","6","44","51","39","39","50","101","1","4","17","14","20","33","50","1","4","13","13","19","28","68","0","5","10","9","12","8","6","1","10","12","10","10","8","10","1","4","9","9","9","8","9","0","8","7","2","6","8","9","302","84","67","10","6","7","9","6","34","149","42","37","8","10","6","2","1","30","67","18","15","4","4","0","1","1","1","53","20","4","0","3","0","0","1","8"
"s25","voters","0000037","819","394","247","37","4","13","5","0","4","0","115","370","449","232","87","43","29","5","4","1","0","3","1","0","0","1","0","1","0","1","2","4","2","11","10","13","0","2","2","0","2","4","7","1","0","1","20","19","23","22","22","55","2","34","36","35","27","27","71","0","9","11","17","13","27","35","1","9","9","25","22","28","41","0","10","11","12","12","5","14","0","6","8","12","8","8","9","2","2","3","7","5","2","11","0","6","6","5","4","3","7","196","71","62","7","18","5","2","1","32","129","49","25","9","8","3","3","0","21","47","15","19","13","9","1","3","0","8","42","11","6","1","0","0","0","1","2"
"s25","voters","0000038","210","85","86","9","1","4","2","0","1","0","22","89","121","57","18","13","6","1","1","0","0","0","0","0","0","0","2","0","0","0","0","0","2","0","0","0","0","0","0","0","0","2","2","0","0","2","3","2","4","6","2","9","0","5","11","5","5","9","22","0","0","5","3","3","13","16","0","2","3","1","4","11","25","0","4","4","0","2","0","3","0","2","3","1","1","1","1","0","0","0","3","1","0","4","0","2","0","0","4","2","1","47","16","10","1","1","0","0","0","10","42","13","13","5","2","2","1","0","8","12","3","2","2","0","1","1","0","1","14","2","0","1","0","0","0","0","0"
"s25","voters","0000039","1231","690","294","43","3","21","13","0","2","0","165","522","709","326","89","61","33","5","12","4","2","2","1","0","0","1","0","0","0","8","1","5","0","41","9","20","7","5","0","4","0","11","6","1","2","3","21","27","37","43","44","83","4","46","44","77","74","72","115","1","9","13","25","20","29","45","3","6","12","33","24","31","43","2","13","15","18","11","5","14","1","15","10","23","15","14","9","0","5","10","6","9","8","6","0","8","5","4","8","7","6","364","104","90","32","26","8","12","9","45","159","44","32","7","21","2","3","2","24","82","30","18","13","12","1","4","2","3","46","22","10","0","1","0","0","0","3"
"s25","voters","0000040","1629","875","352","90","6","19","9","0","7","0","271","720","909","407","133","117","60","2","6","1","0","0","0","0","1","3","1","1","0","7","5","4","1","49","24","25","7","5","3","2","0","20","5","8","2","0","38","32","60","50","79","89","9","71","93","93","84","85","92","2","13","17","33","30","32","42","3","10","16","33","23","43","55","1","21","28","31","23","19","16","3","24","30","29","20","11","15","0","9","11","13","9","13","9","2","8","12","14","12","11","8","471","148","119","21","27","12","15","5","57","200","47","42","11","10","2","6","7","27","134","49","37","22","10","4","4","1","10","75","29","16","2","0","1","2","1","5"
"s25","voters","0000041","491","268","107","15","5","15","4","0","5","0","72","189","302","135","24","31","18","4","1","0","1","0","0","0","0","1","0","0","0","1","0","0","1","5","8","6","3","0","1","1","1","2","4","1","0","0","12","15","10","15","13","26","2","27","31","26","26","28","37","2","5","2","7","11","12","15","0","0","4","8","6","16","19","0","2","6","4","5","4","6","3","8","12","7","7","3","5","0","1","6","4","3","2","1","0","4","5","3","2","10","3","144","49","28","14","6","3","5","1","18","67","11","9","1","7","2","3","1","6","37","11","12","9","1","1","0","0","1","31","2","8","1","0","0","0","0","2"
"s25","voters","0000042","728","423","158","31","5","9","5","0","2","0","95","335","393","190","54","44","22","0","2","1","2","0","0","0","0","1","0","0","1","4","1","1","0","3","0","1","0","0","2","2","0","1","0","1","0","3","11","12","16","16","23","82","6","26","35","30","28","45","90","0","1","6","7","15","12","47","0","3","6","2","12","12","35","0","6","11","7","6","4","19","1","11","7","5","5","6","7","0","2","2","5","2","7","13","0","3","2","0","3","4","9","242","56","41","15","14","4","3","5","43","106","15","18","4","5","0","0","0","10","57","11","12","8","2","3","1","1","0","33","12","4","0","1","0","0","1","1"
"s25","voters","0000043","1147","799","95","30","8","23","7","0","3","0","182","482","665","361","50","96","40","4","2","1","0","1","1","0","0","1","1","0","0","3","2","4","1","0","0","0","0","0","0","1","0","5","1","2","1","3","25","39","36","35","52","128","12","63","68","46","60","91","141","1","6","9","12","6","10","16","0","5","7","6","5","5","7","2","8","25","13","8","11","6","5","21","29","14","15","10","15","0","5","10","6","5","4","1","0","4","9","7","9","4","7","399","126","89","25","24","24","14","19","79","62","9","11","1","3","2","1","3","3","96","27","24","14","5","6","4","2","4","47","17","4","1","1","0","0","0","1"
"s25","voters","0000044","810","568","65","25","5","16","2","0","2","0","127","322","488","174","29","54","12","2","2","0","1","0","0","0","0","0","0","0","0","7","4","6","2","0","0","0","0","0","0","0","0","2","1","2","0","2","23","19","10","28","45","77","7","63","50","36","33","54","121","0","3","6","5","4","11","8","1","3","1","5","5","8","5","1","12","14","7","6","6","10","3","20","15","11","7","7","8","1","2","5","3","4","5","5","0","4","2","4","6","5","4","293","94","71","14","12","12","7","6","59","39","11","10","0","1","0","0","1","3","74","16","15","10","2","5","1","0","4","37","6","6","0","0","1","0","0","0"
"s25","voters","0000045","940","689","64","26","6","8","6","0","3","0","138","350","590","270","35","71","19","2","1","1","0","0","0","0","0","0","0","0","0","4","0","1","0","0","1","0","0","0","0","0","0","6","0","1","0","5","27","22","28","27","45","83","10","70","63","49","38","81","141","1","5","2","3","6","2","7","0","5","6","8","6","10","3","4","13","11","10","8","10","7","2","14","26","6","9","7","11","1","5","6","4","3","2","3","0","6","7","5","4","1","2","374","104","81","24","11","14","8","14","59","45","7","6","2","2","0","0","0","2","89","15","12","6","5","4","4","0","3","34","6","8","0","0","0","0","1","0"
"s25","voters","0000046","30","16","6","1","0","0","1","0","0","0","6","9","21","5","2","2","1","0","0","0","0","0","0","0","0","0","1","0","0","1","0","0","0","1","1","0","0","0","0","0","0","0","0","0","0","0","0","2","2","1","0","2","0","1","2","1","0","2","3","0","0","0","0","0","0","0","0","0","0","2","1","0","3","0","0","1","1","0","0","0","1","1","0","1","0","0","1","0","0","0","0","0","0","0","0","0","0","0","0","2","0","8","5","2","0","1","0","0","0","0","5","0","0","1","0","0","0","0","0","5","1","0","0","0","0","0","0","0","2","0","0","0","0","0","0","0","0"
"s25","voters","0000048","2","1","1","0","0","0","0","0","0","0","0","2","0","0","0","0","0","0","0","0","0","0","0","0","0","0","0","0","0","0","0","0","0","0","0","0","0","0","0","0","0","0","0","0","0","0","0","0","0","0","0","1","0","0","0","0","0","0","0","0","0","0","1","0","0","0","0","0","0","0","0","0","0","0","0","0","0","0","0","0","0","0","0","0","0","0","0","0","0","0","0","0","0","0","0","0","0","0","0","0","0","0","0","0","1","0","0","0","0","0","0","1","0","0","0","0","0","0","0","0","0","0","0","0","0","0","0","0","0","0","0","0","0","0","0","0","0"
"s25","voters","0000049","528","240","162","30","1","5","6","0","0","0","84","258","270","102","41","26","17","1","2","0","0","0","0","0","0","0","0","0","0","1","0","0","0","23","19","17","1","4","0","0","1","3","3","0","1","0","4","17","17","13","20","32","0","7","19","22","20","23","46","0","1","12","9","20","16","29","0","3","5","14","14","9","30","0","1","5","10","6","8","11","0","5","9","6","9","6","8","0","3","3","4","10","3","4","1","1","1","1","2","4","5","144","36","29","9","6","2","4","2","8","83","33","23","11","8","0","0","0","4","40","9","14","8","6","4","2","0","1","28","6","4","1","1","1","0","0","1"
"s25","voters","0000050","1302","601","435","55","2","17","12","0","4","1","175","569","733","241","117","51","30","5","12","6","1","1","0","1","0","8","9","2","0","10","6","1","1","13","4","4","1","3","1","1","0","8","4","1","0","2","15","24","46","25","46","67","3","20","57","59","55","64","118","1","11","20","19","26","60","74","1","3","19","31","31","66","73","1","6","16","14","11","15","23","2","8","19","22","12","14","12","0","1","10","8","9","7","12","0","8","7","8","4","4","13","321","108","63","25","19","4","4","6","51","222","66","57","13","10","1","6","7","53","103","21","17","11","7","2","5","0","9","58","7","13","2","2","1","1","2","5"
"s25","voters","0000051","1856","865","583","89","6","23","14","0","6","0","270","795","1061","350","130","92","49","13","8","5","4","0","0","0","0","5","3","0","2","3","2","1","0","22","4","20","1","2","1","1","0","9","12","5","2","5","18","58","50","52","58","85","5","54","83","83","87","80","147","1","12","21","48","42","67","84","1","6","29","40","46","78","108","1","17","22","18","22","18","37","3","22","23","29","17","21","20","1","4","10","6","11","9","18","1","5","14","8","13","16","22","487","128","118","33","21","10","5","7","56","294","102","69","17","16","2","11","6","66","158","38","30","14","4","1","7","3","15","86","24","13","3","4","1","3","1","3"
"s25","voters","0000052","2645","1242","840","105","12","37","23","0","7","1","378","1190","1455","523","226","118","65","16","17","4","4","0","0","2","0","5","7","1","1","8","7","3","1","71","15","48","6","8","8","7","0","20","13","13","3","3","33","68","72","79","99","131","5","59","121","116","124","134","198","2","35","35","54","92","96","117","1","10","35","55","80","96","132","2","20","28","41","29","27","30","6","25","37","34","24","32","43","1","13","17","18","15","16","17","4","10","15","15","17","12","15","683","209","146","36","33","14","18","7","96","444","115","99","37","21","5","12","9","98","212","47","42","30","9","5","6","2","25","118","32","21","7","1","0","0","1","5"
"s25","voters","0000053","978","516","259","53","4","19","4","0","1","0","122","379","599","156","47","34","21","9","10","2","2","2","0","0","0","2","4","0","2","2","0","0","0","12","4","8","0","0","0","2","0","3","3","0","3","0","8","28","21","25","23","69","4","16","55","39","44","52","132","0","5","11","13","16","20","54","0","4","5","17","15","27","72","0","3","18","8","11","9","6","1","7","19","9","5","8","18","1","1","5","5","3","3","13","0","3","14","5","6","4","18","340","67","57","23","8","3","2","1","15","145","43","27","12","9","2","0","2","19","80","15","14","5","3","2","1","1","1","49","17","11","3","1","0","0","0","0"
"s25","voters","0000054","3576","1093","1891","125","6","37","28","0","4","0","392","1644","1932","315","192","75","37","22","88","11","6","0","2","0","0","19","8","1","1","10","24","6","0","53","41","35","14","7","7","1","0","8","23","6","1","4","26","30","39","58","96","176","4","53","54","62","89","149","253","3","52","39","76","122","193","427","2","47","44","81","134","207","464","3","24","28","28","27","41","57","7","12","25","26","26","38","50","0","3","15","11","12","22","32","1","20","13","6","12","18","35","607","166","91","42","25","9","16","9","128","946","282","217","74","44","15","27","12","274","208","69","44","27","10","4","6","1","23","113","38","21","6","6","1","0","1","14"
"s25","voters","0000055","3188","1061","1652","127","9","19","22","0","10","0","288","1437","1751","252","206","73","45","42","61","14","9","2","5","0","2","15","23","5","0","7","13","7","6","10","7","7","2","6","5","1","3","8","17","1","0","0","25","41","45","41","59","185","6","32","42","76","86","93","330","3","30","39","69","89","155","409","3","36","31","63","85","162","478","1","14","23","20","24","23","48","5","19","19","20","19","22","31","1","7","9","13","14","14","36","1","8","10","9","9","20","36","562","181","100","47","33","5","13","6","114","799","253","163","69","43","17","20","12","276","162","48","28","18","8","0","3","1","20","130","30","6","3","3","0","2","5","8"
"s25","voters","0000056","1217","490","529","71","2","9","6","0","1","0","109","488","729","96","38","17","16","18","21","3","5","0","0","0","0","4","4","3","1","6","4","1","0","6","1","2","0","3","0","2","1","3","0","2","0","1","6","18","23","14","23","95","0","12","25","24","30","45","174","0","3","5","14","12","41","142","0","8","4","19","17","46","218","0","4","5","15","5","5","21","1","5","4","4","7","13","20","0","2","3","5","5","7","14","1","2","2","5","6","13","24","298","67","49","19","12","2","4","2","37","269","89","52","24","17","1","5","5","67","63","17","10","7","2","3","3","0","4","58","11","11","2","3","1","0","1","2"
"s25","voters","0000057","1783","754","672","81","4","28","10","0","5","0","229","808","975","334","116","63","39","21","24","1","2","0","0","0","0","6","3","1","1","11","11","7","0","11","8","8","2","9","3","3","0","6","13","5","1","3","25","62","42","28","39","108","3","32","82","56","41","60","173","0","17","34","34","36","46","157","0","11","16","31","34","47","209","2","7","24","27","15","19","26","2","13","23","19","13","8","31","0","6","5","5","11","12","18","1","9","13","9","6","12","21","450","109","79","24","14","7","7","4","60","396","96","70","25","17","4","4","4","56","138","31","23","10","11","1","3","2","10","91","16","9","4","3","2","0","0","3"
"s25","voters","0000058","2607","1000","1125","113","10","35","21","0","6","0","297","1113","1494","335","147","75","42","17","37","4","2","0","3","0","0","10","9","4","1","9","21","5","1","4","3","1","1","4","0","2","1","10","8","5","1","2","11","47","45","46","47","154","3","49","84","75","84","72","281","2","15","45","67","62","90","243","6","16","29","66","68","105","311","1","14","15","35","25","23","30","1","17","27","29","14","22","44","0","9","13","17","10","14","31","1","8","12","10","14","12","34","595","149","103","36","20","6","11","2","78","602","134","115","61","31","14","9","9","150","175","37","38","21","4","2","6","2","12","130","27","17","4","1","1","1","0","4"
"s25","voters","0000059","1059","250","635","44","0","11","8","0","2","0","109","509","550","53","35","11","8","16","31","3","0","0","2","0","0","3","8","1","1","4","7","4","0","4","2","4","0","0","0","0","0","3","3","4","0","0","8","8","15","18","13","43","2","15","10","14","20","21","63","2","17","15","33","31","55","155","0","6","6","36","47","69","163","0","5","7","14","14","11","12","0","4","5","8","10","2","17","0","2","4","3","9","4","11","1","6","0","4","6","4","11","128","42","39","9","6","2","4","3","17","313","120","59","22","17","3","6","3","92","59","16","10","10","3","4","1","0","6","39","10","2","4","3","2","0","0","5"
"s25","voters","0000060","2087","823","929","86","6","17","15","0","5","0","206","947","1140","181","100","29","22","19","29","6","3","1","1","0","1","7","10","7","1","12","10","8","1","4","0","1","0","2","0","1","0","5","8","2","1","1","18","24","43","33","59","148","4","32","41","60","66","84","210","3","22","21","49","58","88","207","2","18","20","44","62","96","239","1","12","8","23","8","23","35","0","11","13","10","12","18","32","0","4","4","10","10","13","22","1","9","6","9","12","10","19","437","142","86","30","21","6","7","7","87","461","118","100","38","19","13","9","4","167","115","27","18","13","8","3","3","1","18","75","24","16","5","3","1","1","0","4"
"s25","voters","0000061","2204","933","809","101","3","21","29","0","14","0","294","1003","1201","269","115","68","37","31","32","10","6","1","0","0","0","9","5","1","1","9","7","1","3","2","2","1","0","1","0","2","0","9","7","4","1","1","30","29","54","51","66","126","5","34","55","73","69","105","235","4","18","16","42","54","105","175","0","12","23","29","59","71","201","4","13","18","29","31","18","39","3","16","19","28","23","17","36","0","7","9","12","15","12","25","0","13","5","16","16","13","25","517","161","87","37","35","7","6","2","81","375","123","91","23","26","9","14","10","138","159","46","34","22","6","3","4","5","15","100","27","24","7","1","1","2","2","4"
"s25","voters","0000062","202","89","80","7","0","2","4","0","1","0","19","93","109","29","21","5","3","3","1","2","0","0","0","0","0","0","0","1","0","0","3","0","0","0","0","0","0","0","0","0","0","1","0","0","0","0","2","3","6","6","3","19","0","4","5","5","7","7","22","0","2","4","6","9","8","10","1","1","2","6","7","10","14","0","0","2","2","1","2","2","1","0","0","3","1","0","5","0","0","0","2","0","1","3","0","0","0","4","0","1","3","39","16","16","2","5","0","1","0","10","37","8","13","5","2","1","1","2","11","9","3","2","3","0","0","0","0","2","10","2","1","1","0","0","0","0","0"
"s25","voters","0000063","1127","495","400","55","3","14","16","0","1","0","143","509","618","200","91","47","29","10","9","1","1","0","0","0","0","3","3","2","0","8","7","1","0","2","0","3","0","2","0","1","1","3","2","1","0","0","11","24","32","32","25","70","1","25","53","48","40","43","91","2","12","22","27","26","43","63","0","7","18","25","34","47","74","0","13","12","15","8","9","14","2","15","13","15","8","10","9","1","6","5","9","8","9","11","1","8","8","4","4","6","9","275","75","59","25","7","1","7","1","45","222","54","36","17","11","3","5","3","49","76","26","14","10","6","1","0","0","10","52","20","8","3","0","0","0","0","6"
"s25","voters","0000065","301","128","108","26","0","4","2","0","0","0","33","131","170","55","18","9","9","2","1","1","1","0","0","0","0","0","0","0","0","0","1","0","1","2","0","1","0","0","0","0","0","4","0","2","0","0","5","10","9","5","6","10","0","6","9","14","9","10","35","0","2","3","5","12","11","19","0","0","2","16","1","10","27","0","4","5","1","1","3","5","0","2","3","3","3","1","2","0","2","1","3","0","2","7","0","0","2","4","1","2","8","64","25","11","8","3","1","1","2","13","50","19","14","3","1","1","2","1","17","17","5","4","4","1","0","0","1","1","26","3","2","0","0","0","0","0","1"
"s25","voters","0000066","399","149","189","16","0","3","3","0","1","0","38","181","218","50","27","6","1","7","10","1","1","0","0","0","0","1","1","1","0","4","1","0","0","0","0","0","0","0","1","0","0","4","0","2","1","0","2","5","4","11","13","26","0","4","10","6","9","28","31","0","1","5","7","11","21","43","1","0","8","8","15","20","49","0","0","2","3","8","2","4","0","1","3","1","6","3","5","0","1","2","3","1","2","4","0","2","0","0","3","2","3","65","30","22","4","5","1","1","0","21","89","30","22","9","1","2","3","1","32","17","6","6","4","3","0","0","0","2","15","5","0","1","0","0","1","0","1"
"s25","voters","0000067","28","7","20","0","0","0","0","0","0","0","1","11","17","2","4","0","0","0","2","0","0","0","0","0","0","0","0","0","0","0","1","0","0","0","0","0","0","0","0","0","0","0","0","0","0","0","0","0","0","0","0","2","0","1","0","0","0","1","3","0","0","0","1","2","3","3","0","0","1","1","0","4","5","0","0","0","0","0","0","0","0","0","0","0","0","1","0","0","0","0","0","0","0","0","0","0","0","0","0","0","0","3","1","0","1","0","0","0","0","2","10","4","4","0","1","0","0","0","1","1","0","0","0","0","0","0","0","0","0","0","0","0","0","0","0","0","0"
"s25","voters","0000068","1238","668","316","62","8","19","10","0","5","0","150","512","726","336","73","66","34","10","8","2","2","0","0","0","1","1","2","0","0","3","1","2","1","2","1","0","0","2","0","0","0","0","2","5","0","1","21","36","22","24","49","98","2","50","52","49","46","81","137","1","7","10","21","16","27","66","1","1","4","19","12","27","104","1","4","7","16","10","4","15","2","12","19","20","7","13","20","1","7","7","8","8","7","18","1","7","7","7","6","3","17","354","104","79","23","21","6","8","8","65","172","50","32","10","8","4","3","4","33","87","18","18","13","2","0","2","1","9","66","24","6","3","1","0","0","2","2"
"s25","voters","0000069","1396","794","291","53","9","32","9","0","6","0","202","578","818","463","87","116","50","10","3","2","2","0","0","1","0","2","0","0","0","3","2","1","1","0","2","0","1","1","0","2","0","7","5","1","0","6","35","37","33","38","52","98","4","60","75","75","56","72","153","0","7","10","15","22","29","53","1","5","7","15","14","33","80","7","12","20","19","18","9","14","1","18","33","15","14","12","10","1","5","7","3","4","9","15","4","6","13","10","7","11","14","416","106","124","28","24","8","8","15","65","169","35","33","12","6","2","1","3","30","121","18","19","16","7","5","6","2","8","70","21","8","1","2","0","0","3","4"
"s25","voters","0000071","120","62","34","5","0","1","2","0","1","0","15","43","77","18","7","7","1","1","1","1","0","0","0","0","0","0","0","0","0","1","0","0","0","0","0","1","0","1","0","0","0","0","0","0","0","0","0","5","0","3","3","8","0","3","2","10","4","0","24","0","0","2","1","1","4","8","0","1","0","0","2","6","9","0","2","1","1","0","0","2","0","2","0","1","1","2","3","0","0","0","1","0","0","1","0","0","0","1","1","1","4","36","11","7","3","2","0","0","1","2","23","3","3","0","0","0","1","0","4","8","1","2","1","0","1","0","0","2","3","1","2","0","2","0","0","0","1"
"s25","voters","0000072","1034","554","275","37","8","21","4","0","3","0","132","403","631","264","64","56","24","8","10","1","2","1","0","0","0","0","1","0","0","1","3","1","0","1","0","2","0","2","0","3","0","2","0","1","0","1","13","30","19","27","41","59","5","27","49","43","56","61","123","1","10","10","12","20","35","45","0","2","7","17","16","27","73","0","8","13","13","8","5","9","0","7","19","15","7","15","13","0","2","3","6","3","5","5","0","8","3","9","9","7","13","331","87","50","20","7","6","5","6","42","150","33","31","8","10","2","7","3","31","74","17","24","8","1","2","1","0","5","47","15","5","1","2","1","0","0","2"
"s25","voters","0000073","941","516","226","30","3","13","16","0","9","0","128","395","546","248","65","64","31","4","5","3","0","0","0","0","1","0","0","0","0","0","1","0","1","1","1","1","1","1","2","0","0","2","1","1","0","0","19","31","29","27","31","55","1","24","53","45","40","59","102","0","1","6","15","16","25","45","0","3","10","16","15","31","43","2","10","18","10","7","5","10","0","7","17","17","8","7","10","0","2","7","4","6","4","10","0","2","6","7","10","10","3","276","92","71","14","15","5","4","3","36","123","34","23","10","1","3","5","3","24","76","21","16","4","2","1","2","1","5","45","15","6","2","1","0","0","0","2"
"s25","voters","0000074","374","188","130","15","3","7","0","0","5","0","26","161","213","62","29","7","10","4","10","1","0","0","0","0","0","0","0","0","0","0","1","1","0","0","0","0","0","0","0","0","0","3","0","1","0","1","5","6","10","8","9","30","0","7","14","20","15","15","48","0","5","3","5","12","11","25","1","3","7","4","16","7","31","0","2","1","3","2","2","3","0","3","2","1","3","2","2","0","2","3","2","2","3","6","1","1","2","3","0","2","3","96","37","20","6","3","3","3","0","20","66","16","16","6","7","1","4","1","13","12","5","4","4","0","0","0","0","1","21","4","3","0","1","1","0","0","0"
"s25","voters","0000075","21","14","3","0","0","1","0","0","0","0","3","6","15","7","0","2","0","0","0","0","0","0","0","0","0","0","0","0","0","0","0","0","0","0","0","0","0","0","0","0","0","0","0","0","0","0","0","0","0","0","1","2","0","1","3","0","3","1","3","0","0","1","0","1","0","0","0","0","0","0","1","0","0","0","0","0","0","0","1","0","0","0","0","1","0","1","0","0","0","0","0","0","0","0","0","0","0","0","0","0","1","13","1","0","0","0","0","0","0","0","3","0","0","0","0","0","0","0","0","2","1","0","0","0","0","0","0","0","1","0","0","0","0","0","0","0","0"
"s25","voters","0000076","1736","767","644","90","3","13","25","0","5","0","189","807","929","155","68","41","28","22","12","6","2","1","1","2","0","10","5","0","1","9","6","4","0","3","1","0","0","0","4","0","0","3","6","1","0","3","10","31","45","48","54","131","3","24","33","63","51","70","201","0","13","20","33","42","72","133","5","23","13","36","47","71","136","1","8","7","17","20","25","29","1","15","11","14","10","14","17","1","4","2","13","18","10","17","1","6","5","11","8","10","30","434","120","78","25","25","10","5","4","66","311","113","69","26","14","3","7","4","97","100","33","14","13","3","2","5","4","15","83","28","8","5","0","4","0","2","6"
"s25","voters","0000077","550","276","169","19","1","8","5","0","0","0","72","263","287","81","21","14","7","7","0","1","2","0","0","0","0","0","1","0","0","0","1","0","0","0","0","0","0","1","0","0","0","8","5","0","0","2","6","14","16","19","17","42","2","14","14","23","20","25","62","0","5","4","11","13","15","43","0","2","4","5","10","22","35","0","3","3","7","6","11","8","0","6","3","6","5","5","9","0","3","4","3","3","4","1","0","0","3","3","2","3","4","152","51","23","16","4","1","4","1","24","86","25","21","4","4","5","1","2","21","39","13","4","7","2","2","0","0","5","22","6","2","0","0","0","0","0","3"
"s25","voters","0000078","1669","993","321","59","9","28","18","0","10","0","231","702","967","427","108","92","44","18","4","3","1","0","0","0","0","5","5","2","1","6","3","4","0","2","2","1","1","1","2","1","1","12","5","2","1","5","31","40","63","49","64","113","6","59","95","107","81","94","186","3","7","17","20","24","39","54","0","6","12","13","18","39","69","5","16","17","24","15","21","20","2","11","20","32","16","18","14","0","2","10","10","13","10","10","0","7","13","15","10","9","15","537","171","102","38","33","17","10","9","76","166","52","48","6","7","4","4","1","33","137","39","17","14","9","3","0","1","11","91","15","6","5","1","0","0","0","6"
"s25","voters","0000079","2084","1223","402","80","13","28","12","0","23","0","303","928","1156","385","87","94","48","37","16","8","1","0","0","0","1","9","4","2","1","4","4","2","0","4","1","1","1","1","0","0","0","17","7","4","2","2","21","75","95","65","88","157","4","38","133","110","93","111","231","1","4","11","27","25","48","82","0","4","12","21","33","45","89","0","6","26","43","25","23","28","2","15","27","43","20","22","23","4","4","12","21","7","13","15","0","6","12","20","16","10","16","674","218","119","46","36","21","5","14","90","203","61","46","18","17","9","1","3","44","164","53","39","15","9","2","4","2","15","106","26","11","4","4","0","1","0","4"
"s25","voters","0000080","631","339","142","34","5","6","5","0","3","0","97","255","376","174","38","40","22","1","5","0","2","0","0","0","0","1","0","1","0","4","1","2","0","0","1","0","0","0","0","0","0","1","2","1","0","0","10","5","18","16","25","46","5","17","31","32","19","32","83","1","0","5","10","13","18","26","1","3","7","11","10","11","26","1","6","5","10","4","3","10","0","12","8","13","6","8","11","1","3","4","4","3","4","4","0","6","4","3","4","6","7","186","55","42","16","4","6","3","4","23","65","17","21","9","8","2","2","1","17","59","11","16","4","3","1","2","0","1","42","5","3","1","1","0","1","0","0"
"s25","voters","0000081","2380","1468","419","69","12","45","20","0","16","0","331","1118","1262","667","144","135","71","21","3","9","4","0","0","0","0","3","2","0","0","7","1","8","0","5","2","0","1","5","0","3","0","17","8","5","0","1","29","93","116","80","116","186","8","74","143","133","110","141","238","0","9","25","34","31","56","74","1","14","11","33","18","39","74","1","18","29","55","28","18","33","3","14","33","35","18","21","25","0","12","10","21","8","21","14","0","8","19","15","12","12","10","824","212","172","53","58","15","24","10","100","246","54","44","13","11","4","3","3","41","188","37","41","26","9","7","3","4","16","125","20","8","1","3","0","0","2","3"
"s25","voters","0000082","1282","764","210","43","13","27","14","0","6","0","205","559","723","345","75","84","36","9","5","2","4","0","0","0","0","0","0","1","0","7","2","6","1","2","0","0","0","0","0","4","0","7","2","2","0","1","30","40","54","33","53","99","2","57","79","78","58","65","115","2","4","11","17","17","24","30","0","2","11","9","24","29","30","2","14","20","29","12","9","16","4","17","25","23","14","10","10","2","6","4","8","7","7","8","1","14","13","12","10","7","4","472","111","70","22","19","11","11","10","38","133","32","17","3","4","1","1","1","18","134","20","22","15","5","2","2","1","4","70","17","7","2","3","0","1","0","3"
"s25","voters","0000083","229","144","44","9","2","8","2","0","0","0","20","108","121","84","19","14","13","3","2","0","0","0","0","0","0","1","0","0","0","2","0","0","0","0","1","2","1","0","0","0","0","1","0","1","0","0","9","5","8","9","12","18","0","5","13","10","7","13","35","0","2","1","4","2","6","8","0","0","5","2","1","4","9","0","1","4","2","0","4","1","1","2","1","0","1","0","3","0","2","1","3","1","2","3","0","1","1","2","0","1","4","73","27","19","6","6","4","1","1","7","24","7","7","1","1","1","0","0","3","13","3","2","1","0","0","0","0","1","12","6","3","0","0","0","0","0","0"
"s25","voters","0000084","6","4","0","1","0","0","0","0","0","0","1","4","2","0","0","0","0","0","0","0","0","0","0","0","0","0","0","0","0","0","0","0","0","0","0","0","0","0","0","0","0","0","0","0","0","0","0","0","0","0","0","2","0","0","0","0","1","1","0","0","0","0","0","0","0","0","0","0","0","0","0","0","0","0","0","0","0","0","0","1","0","0","0","0","0","0","0","0","0","0","0","0","0","1","0","0","0","0","0","0","0","3","0","0","0","0","0","0","0","1","0","0","0","0","0","0","0","0","0","1","0","0","0","0","0","0","0","0","0","0","0","1","0","0","0","0","0"
"s25","voters","0000085","290","177","67","9","1","3","0","0","0","0","33","125","165","127","20","25","6","0","0","0","0","0","0","0","0","0","0","0","0","0","0","0","0","0","0","0","0","0","0","0","0","0","0","0","0","0","7","7","5","7","9","30","1","19","25","17","7","21","22","1","5","2","3","6","9","10","0","1","1","7","4","6","12","1","4","2","3","0","3","1","0","2","7","3","3","2","2","0","1","2","2","3","1","1","0","1","0","0","1","0","1","89","23","23","3","4","4","3","2","26","45","4","6","1","2","0","1","1","7","13","5","3","7","2","2","1","0","0","10","2","1","0","0","0","0","0","0"
"s25","voters","0000087","1358","897","171","31","6","35","10","0","2","0","206","545","813","594","102","119","48","8","0","0","0","3","2","1","0","0","1","0","0","7","1","10","3","3","1","0","3","0","1","3","1","9","2","4","0","4","42","46","46","33","65","108","8","81","92","75","67","85","145","0","3","16","20","15","16","21","0","4","8","17","13","15","23","1","16","17","13","9","8","20","5","26","28","21","10","15","17","2","7","4","5","2","4","2","1","12","13","7","6","11","8","465","158","105","34","24","15","14","16","66","95","22","19","5","5","5","4","0","16","114","20","26","19","11","5","3","0","8","55","13","8","4","0","2","0","1","1"
"s25","voters","0000088","1476","838","328","66","10","27","12","0","7","0","188","610","866","420","117","80","52","11","7","5","2","0","1","0","0","3","2","1","0","13","5","12","1","11","0","8","3","0","2","0","0","13","4","11","0","1","30","45","23","33","40","139","6","62","64","54","48","74","219","1","10","19","12","13","32","76","1","3","14","13","21","29","84","0","7","11","11","12","13","33","4","21","16","14","8","11","27","0","5","4","8","5","5","22","2","2","11","11","8","10","29","456","136","95","27","26","10","9","16","63","177","58","33","18","6","5","2","0","29","104","36","20","7","2","3","2","0","14","84","20","9","5","3","1","0","0","0"
"s25","voters","0000089","1246","792","169","30","8","35","7","0","3","0","202","507","739","515","85","118","48","4","2","0","0","0","1","0","0","0","0","1","0","4","0","5","0","3","0","3","1","0","0","0","0","5","0","0","2","5","32","37","43","35","52","88","7","84","69","65","56","73","146","1","6","18","8","12","24","27","1","5","14","12","11","14","16","4","17","27","4","5","13","10","3","27","38","16","9","13","16","0","6","10","5","4","7","7","0","8","9","7","5","7","8","401","136","100","34","14","20","3","16","68","100","27","17","4","3","2","0","1","15","113","38","21","10","10","2","4","1","3","62","11","8","1","0","0","0","0","1"
"s25","voters","0000090","1357","878","192","37","10","26","4","0","11","0","199","577","780","639","97","142","56","13","3","1","2","0","0","0","0","0","0","0","0","3","2","3","0","1","0","0","0","0","0","0","0","12","0","3","2","5","34","50","47","37","62","116","10","92","95","62","58","87","123","0","6","11","13","18","19","36","1","4","8","11","13","17","35","3","21","20","16","8","13","7","5","24","25","11","16","12","18","1","3","8","5","7","7","4","0","13","5","9","7","10","9","455","149","99","14","24","30","16","21","70","108","23","21","6","6","3","1","1","23","104","30","30","16","5","5","1","1","7","53","16","12","2","1","2","0","0","2"
"s25","voters","0000091","6","0","5","0","0","0","0","0","0","0","1","3","3","0","0","0","0","0","0","0","0","0","0","0","0","0","0","0","0","0","0","0","0","0","0","0","0","0","0","0","0","0","0","0","0","0","0","0","0","0","0","0","0","0","0","0","0","0","0","0","0","0","0","0","0","2","0","0","0","0","0","0","3","0","0","0","1","0","0","0","0","0","0","0","0","0","0","0","0","0","0","0","0","0","0","0","0","0","0","0","0","0","0","0","0","0","0","0","0","0","4","0","1","0","0","0","0","0","0","1","0","0","0","0","0","0","0","0","0","0","0","0","0","0","0","0","0"
"s25","voters","0000092","1269","735","254","42","6","24","7","0","4","0","197","540","729","464","103","92","35","2","5","0","0","1","1","1","1","0","1","0","0","22","9","14","3","2","1","1","0","0","2","1","1","4","5","2","1","6","28","52","41","23","64","73","8","65","89","55","53","75","103","1","9","19","21","15","28","33","0","7","17","17","14","23","50","4","6","21","18","12","8","21","1","20","30","19","8","19","10","1","3","9","3","3","6","12","0","15","4","5","6","6","10","353","135","89","25","23","14","9","17","70","134","31","28","5","7","4","3","4","38","136","15","21","13","6","2","1","0","3","51","12","11","2","0","0","0","1","6"
"s25","voters","0000093","1399","880","224","46","5","22","9","0","6","0","207","611","788","616","96","129","46","2","3","2","0","0","0","1","0","4","0","0","0","10","5","7","0","5","1","0","1","1","4","1","0","11","4","5","2","2","42","63","35","33","56","129","13","85","92","51","59","77","143","0","8","12","13","13","18","55","0","7","10","13","13","19","43","2","21","18","15","14","14","7","2","24","34","16","13","12","15","1","6","7","6","3","7","11","1","9","10","8","6","4","9","462","166","92","34","33","20","10","13","50","118","31","30","11","6","2","3","3","20","116","33","27","11","8","5","4","0","3","51","19","8","1","4","3","0","0","2"
"s25","voters","0000094","635","372","104","23","6","9","5","0","3","0","113","264","371","244","42","54","25","8","0","0","0","1","0","3","0","0","0","0","0","8","2","4","2","0","2","0","0","0","0","0","0","1","1","0","2","2","17","22","18","10","39","29","4","55","38","28","27","30","53","1","2","6","8","2","10","21","0","4","5","6","7","18","14","2","7","14","11","9","9","6","2","15","16","8","7","3","4","0","2","4","2","3","2","6","0","7","5","9","2","1","3","229","58","33","10","12","5","2","4","19","65","15","11","4","4","2","0","1","2","70","17","13","4","6","0","2","1","0","35","3","5","2","0","0","1","0","0"
"s25","voters","0000095","973","609","137","17","10","24","9","0","8","0","159","399","574","423","82","102","43","4","2","0","0","0","0","0","0","0","0","0","0","6","2","2","1","0","1","1","1","0","0","1","0","4","0","3","1","0","24","37","26","28","41","74","5","62","84","33","38","58","99","0","6","16","8","11","17","16","0","8","10","12","13","8","12","1","10","17","15","7","7","7","3","20","24","12","13","12","11","0","5","8","7","2","4","5","0","13","7","5","3","4","5","317","100","55","23","25","12","8","13","56","86","21","14","3","7","1","1","0","4","90","23","11","15","10","1","0","1","8","47","9","9","3","0","0","0","0","0"
"s25","voters","0000096","1202","711","223","39","14","19","12","0","9","0","175","493","709","448","82","114","57","2","4","1","0","1","2","0","0","0","0","0","0","3","4","2","0","4","1","0","0","1","2","1","0","10","4","1","1","4","28","45","35","22","47","72","6","66","88","50","57","61","130","1","7","23","18","12","26","41","0","2","10","10","16","27","30","1","15","11","10","10","11","9","5","26","29","11","8","10","19","0","5","6","6","6","14","8","1","9","7","3","11","14","3","393","109","85","23","19","14","8","11","49","139","27","19","11","5","0","2","0","20","103","25","22","11","6","3","4","0","1","57","17","12","3","0","0","1","1","2"
"s25","voters","0000097","1192","681","263","38","5","16","15","0","11","0","163","531","661","318","78","78","31","10","6","2","1","1","2","0","0","7","1","1","1","2","2","0","0","0","0","0","0","0","0","1","0","5","4","1","1","2","14","36","34","35","50","94","4","34","56","71","52","71","128","0","8","11","22","22","29","52","0","6","8","10","13","25","57","0","6","17","19","7","12","16","1","10","25","12","14","7","17","0","6","4","10","5","12","8","1","4","11","4","5","7","8","363","128","67","23","24","9","4","3","60","147","36","28","6","11","4","1","3","27","94","26","27","5","6","0","0","0","5","59","13","3","3","2","2","1","1","1"
"s25","voters","0000098","1115","604","301","38","6","12","7","0","3","0","144","514","601","262","75","49","15","8","6","4","1","1","1","0","0","3","3","4","0","1","0","0","0","1","0","0","1","1","0","0","0","9","2","0","0","3","21","40","38","31","39","83","0","24","52","56","37","53","127","0","4","15","16","24","32","68","1","4","12","14","17","25","69","3","9","12","11","7","9","17","2","8","15","17","7","8","19","0","2","9","9","2","8","2","1","4","3","4","7","7","8","333","96","73","24","15","8","7","0","48","162","45","38","10","7","2","1","0","36","90","15","11","5","4","2","5","2","10","42","13","3","2","0","0","0","0","6"
"s25","voters","0000099","1111","602","278","32","4","27","7","0","4","0","157","492","619","293","74","62","29","7","7","5","1","1","0","0","0","4","0","1","0","6","4","5","0","1","0","0","0","0","3","3","0","9","8","1","1","2","22","36","40","32","52","73","5","35","60","52","39","63","91","2","10","8","15","13","31","56","0","3","13","19","20","29","59","2","11","11","12","6","8","18","1","16","14","18","17","7","16","0","4","7","2","4","4","11","0","5","11","3","5","11","7","331","115","69","25","18","3","2","2","37","150","36","33","16","10","1","2","3","27","85","23","17","9","10","2","1","1","9","54","11","7","2","0","0","0","0","0"
"s25","voters","0000100","829","377","252","29","4","22","11","0","10","0","124","372","457","188","65","65","26","8","14","0","1","0","0","0","0","0","0","1","0","4","2","2","0","0","1","0","0","0","0","0","0","3","1","0","2","1","12","24","24","21","21","39","0","21","41","29","31","34","79","1","8","12","14","17","34","50","0","2","7","17","16","21","53","0","9","10","10","9","10","13","0","5","17","17","8","7","9","0","4","5","8","4","4","8","1","2","9","6","11","4","10","169","76","51","16","14","4","7","3","37","124","35","27","11","12","2","4","1","36","64","20","15","8","6","2","0","2","7","45","15","6","1","0","1","2","0","6"
"s25","voters","0000101","658","296","209","30","5","7","5","0","4","0","102","275","383","119","50","30","24","5","7","2","3","1","0","1","0","2","1","1","0","4","3","3","1","1","0","1","0","0","0","0","0","2","5","1","0","0","14","12","12","20","12","34","0","27","29","25","26","30","55","2","3","15","15","16","14","40","0","3","5","12","17","20","47","1","9","10","8","6","7","10","0","13","10","3","7","5","13","0","3","3","3","4","2","0","2","5","6","4","1","5","13","198","30","32","10","5","3","3","1","14","106","29","22","9","8","5","4","0","26","59","9","11","6","6","1","1","0","9","36","6","6","0","1","1","0","0","1"
"s25","voters","0000102","2","0","2","0","0","0","0","0","0","0","0","0","2","0","0","0","0","0","0","0","0","0","0","0","0","0","0","0","0","0","0","0","0","0","0","0","0","0","0","0","0","0","0","0","0","0","0","0","0","0","0","0","0","0","0","0","0","0","0","0","0","0","0","0","0","0","0","2","0","0","0","0","0","0","0","0","0","0","0","0","0","0","0","0","0","0","0","0","0","0","0","0","0","0","0","0","0","0","0","0","0","0","0","0","0","0","0","0","0","0","1","0","0","1","0","0","0","0","0","0","0","0","0","0","0","0","0","0","0","0","0","0","0","0","0","0","0"
"s25","voters","0000103","591","270","193","26","4","11","9","0","2","0","76","258","333","125","41","19","16","8","8","2","0","0","0","0","1","2","5","3","0","5","3","3","0","4","1","1","0","1","0","0","0","0","3","0","1","2","10","17","14","14","15","28","0","17","30","18","20","32","53","0","2","13","6","18","21","33","0","7","8","7","10","21","47","0","3","8","8","5","8","8","1","5","3","6","8","5","8","1","3","4","5","4","3","5","0","3","8","3","2","5","6","165","51","22","12","7","2","2","0","9","115","22","20","12","4","0","1","1","18","42","14","7","5","1","1","3","0","3","41","5","2","1","2","1","0","0","0"
"s25","voters","0000104","1249","575","420","52","3","23","12","0","6","0","158","481","768","206","69","50","32","13","7","4","2","0","1","1","0","2","5","1","0","4","5","4","0","1","0","1","0","1","0","0","0","5","1","2","0","4","14","28","28","29","22","72","6","48","52","48","30","50","144","0","5","14","16","14","36","88","0","6","14","20","7","44","156","3","8","14","10","11","3","17","1","15","18","9","12","5","32","1","2","7","9","5","12","9","0","9","7","5","7","11","12","366","89","54","8","16","5","6","1","30","238","60","45","25","12","3","1","4","32","108","19","10","5","6","6","2","0","2","71","13","6","1","2","1","0","1","1"
"s25","voters","0000105","491","237","128","21","2","6","5","0","0","0","92","224","267","114","29","34","14","5","9","4","2","0","1","0","0","2","0","0","0","4","1","1","0","0","0","0","0","0","2","1","0","5","0","0","0","1","13","16","11","12","10","31","0","26","25","21","17","13","41","0","2","12","10","9","16","22","0","2","1","8","11","6","29","1","7","9","13","5","8","4","0","7","10","7","9","7","5","0","2","3","2","3","1","1","0","5","4","4","1","6","2","151","39","14","6","10","0","2","1","14","74","21","11","8","3","1","0","0","10","59","14","5","5","3","1","0","0","5","22","6","5","1","0","0","0","0","0"
"s25","voters","0000106","2215","883","884","103","2","28","22","0","10","0","283","974","1241","299","133","69","39","15","16","6","4","2","1","2","0","15","18","5","0","5","7","8","1","0","2","3","0","1","5","0","0","16","12","5","1","2","23","38","47","38","52","144","6","43","57","68","60","76","229","0","12","35","54","41","89","175","2","13","40","59","54","107","203","4","15","27","36","19","19","26","2","19","16","28","17","23","32","0","11","12","9","14","13","19","0","7","11","17","12","14","26","467","149","99","29","17","3","8","4","107","462","109","103","31","27","7","12","8","125","150","41","27","22","13","3","3","6","18","97","42","13","3","2","0","1","3","4"
"s25","voters","0000107","1298","483","569","62","3","16","14","0","6","0","145","572","726","190","49","32","28","7","10","2","0","0","1","1","0","5","9","3","3","1","3","4","0","3","3","2","1","3","1","1","0","2","4","1","1","1","12","31","22","14","24","71","3","26","36","43","40","36","124","1","16","18","31","44","60","105","1","11","21","30","36","50","145","1","8","11","16","6","14","20","0","8","12","14","6","16","13","0","5","11","10","6","4","10","1","5","4","11","8","6","20","270","76","58","16","6","4","1","2","50","273","83","66","22","19","2","9","8","87","80","22","19","9","3","1","1","0","10","64","23","7","1","2","2","0","0","2"
"s25","voters","0000108","2020","839","757","95","4","29","16","0","9","0","271","861","1159","313","138","64","46","13","27","7","5","1","1","1","1","9","3","1","0","6","4","5","1","2","7","3","1","4","1","2","1","8","10","7","0","0","18","50","51","34","38","121","7","35","87","92","64","71","171","1","15","28","37","39","81","147","0","9","27","41","33","78","221","2","15","24","19","32","13","27","4","15","27","21","24","17","31","0","3","10","16","8","14","18","0","3","13","14","15","14","25","486","136","82","30","16","4","10","3","72","401","102","85","40","13","5","8","11","92","157","36","31","20","6","3","5","0","13","111","22","13","3","1","1","0","0","2"
"s25","voters","0000109","2553","973","1126","102","5","20","21","0","8","0","298","1098","1455","272","115","61","36","33","47","5","6","1","1","0","1","16","18","8","2","13","9","13","1","12","4","5","2","3","0","1","0","6","6","2","1","1","26","41","42","47","39","166","1","28","83","74","71","85","269","0","24","37","53","58","87","254","1","16","34","56","60","104","342","2","11","27","24","20","14","49","2","14","20","23","20","25","47","0","7","8","10","13","15","23","0","11","11","13","11","11","23","599","155","83","23","15","3","9","6","80","634","161","99","48","28","6","8","8","134","172","41","28","16","7","1","7","2","24","108","21","14","3","5","0","2","0","3"
"s25","voters","0000110","3005","1068","1339","135","5","29","25","0","11","0","393","1350","1655","291","174","67","38","27","55","9","10","4","1","1","0","16","19","7","0","20","37","27","2","26","13","12","0","9","10","3","3","19","9","10","2","6","28","57","54","55","59","129","3","63","108","89","92","100","225","3","47","48","68","117","152","233","2","36","34","67","108","146","278","6","19","31","30","38","27","51","5","25","26","30","36","25","44","0","9","9","17","18","19","20","2","12","18","16","19","21","25","639","190","89","40","21","6","5","2","76","730","197","139","46","33","10","13","9","162","221","60","38","26","13","6","4","1","24","139","31","19","5","1","2","3","2","3"
"s25","voters","0000111","2870","1011","1333","112","1","29","26","0","10","0","348","1302","1568","272","178","59","33","29","44","16","8","4","1","4","1","17","28","5","5","18","20","14","1","15","10","2","1","5","2","3","1","16","9","5","1","3","25","43","58","62","43","150","2","37","83","98","86","87","234","1","36","37","59","93","117","299","2","25","34","69","84","142","335","4","13","28","34","34","30","44","5","9","14","28","27","28","50","0","9","8","15","18","12","27","1","12","16","14","10","12","24","579","162","100","39","18","2","6","2","103","685","177","165","53","37","10","17","10","179","200","47","35","24","18","1","4","2","17","110","31","13","7","8","1","2","0","6"
"s25","voters","0000112","2894","1035","1293","130","13","18","24","0","11","0","370","1313","1581","277","171","77","36","27","44","11","3","3","2","2","1","10","21","2","2","27","28","19","2","24","22","16","2","5","11","3","2","11","10","7","4","2","32","56","48","64","69","114","11","59","83","92","97","111","197","3","42","48","60","99","164","209","1","26","52","63","113","173","240","5","23","32","38","37","40","37","0","21","22","32","36","16","31","0","6","14","18","14","18","21","1","14","15","14","15","28","18","603","159","112","37","19","10","7","7","81","711","193","122","48","31","9","11","14","154","208","59","39","27","11","2","5","1","18","139","23","10","4","9","1","2","1","7"
"s25","voters","0000113","3103","1053","1484","137","2","23","20","0","4","0","380","1436","1667","250","142","61","19","30","56","8","8","1","3","1","0","22","25","8","6","20","16","11","2","21","6","4","2","6","4","3","1","14","4","4","2","3","33","50","50","51","67","171","5","44","73","66","88","99","253","3","35","36","78","78","133","354","0","29","27","67","80","152","412","4","16","23","32","32","41","57","0","12","21","31","33","26","52","1","5","6","8","14","22","33","1","8","7","15","9","27","30","664","165","93","35","19","4","6","0","67","790","218","140","65","28","12","17","12","202","226","64","37","18","10","3","3","1","18","131","32","9","4","4","1","1","0","4"
"s25","voters","0000114","3588","1187","1689","148","11","44","26","0","7","0","476","1655","1933","335","239","78","35","29","52","10","4","11","5","10","1","12","18","4","0","22","37","23","2","47","22","30","5","16","15","12","4","22","33","12","3","7","47","42","72","75","88","142","13","73","72","88","127","132","209","4","59","63","92","162","213","236","3","38","51","102","189","195","282","4","27","38","41","45","49","32","4","34","43","26","52","48","33","0","12","19","19","24","18","25","0","15","8","14","28","29","25","702","169","132","40","25","8","5","2","104","932","247","176","65","40","12","26","13","178","266","68","55","30","18","4","6","3","26","151","34","25","6","3","3","5","2","7"
"s25","voters","0000115","2310","565","1286","93","0","14","22","0","3","0","327","1102","1208","99","108","45","14","15","50","12","2","8","6","2","1","7","15","1","1","24","24","29","3","32","12","23","6","9","7","1","2","21","8","9","1","1","17","37","37","38","34","66","4","41","40","47","71","44","88","5","52","42","56","125","137","222","6","53","34","54","118","177","205","4","15","17","20","43","27","37","2","13","21","24","37","28","39","0","8","8","5","14","15","20","0","6","6","8","9","15","18","359","95","44","18","10","2","6","1","30","738","193","126","44","21","10","14","12","128","197","63","27","18","5","3","1","1","12","84","24","12","6","2","0","1","0","3"
"s25","voters","0000116","808","186","473","24","0","6","8","0","1","0","110","382","426","22","36","16","10","4","12","1","0","0","7","2","2","7","15","1","0","4","6","2","1","24","9","18","2","0","2","0","0","9","14","2","0","0","7","5","19","13","13","22","0","6","9","28","20","13","31","1","10","25","19","42","54","74","1","16","19","32","43","55","82","0","1","4","11","12","11","19","1","2","4","8","22","13","2","0","0","0","4","10","2","4","0","2","1","4","3","6","3","119","45","14","6","1","0","0","0","1","323","73","45","15","10","0","0","0","7","78","21","4","5","1","0","1","0","0","31","4","2","1","0","1","0","0","0"
"s25","voters","0000117","243","66","152","5","1","2","0","0","0","0","17","119","124","4","5","0","0","4","6","0","0","0","0","0","0","0","1","0","0","2","1","0","1","2","2","1","2","0","0","0","0","0","1","1","0","0","0","0","4","2","3","19","0","4","2","7","4","6","15","0","6","7","12","12","13","29","2","0","2","15","15","13","26","0","0","0","1","3","1","2","0","2","0","0","4","3","1","0","1","0","1","0","1","2","0","0","1","0","0","0","2","38","8","8","2","0","0","2","0","8","66","30","11","9","4","3","4","0","25","6","7","3","0","0","0","0","0","1","6","2","0","0","0","0","0","0","0"
"s25","voters","0000119","30","6","18","1","1","0","0","0","0","0","4","14","16","3","1","0","1","0","0","0","0","0","0","0","0","0","0","0","0","2","1","0","0","1","0","0","0","0","0","0","0","0","0","0","0","0","0","0","0","1","0","1","0","1","0","0","2","0","1","0","3","1","2","0","2","1","1","0","0","1","1","3","3","0","2","0","0","0","0","0","0","0","1","0","1","0","0","0","0","0","1","0","0","0","0","0","0","1","0","0","0","4","0","1","0","1","0","0","0","0","9","1","2","1","1","0","1","1","2","2","1","0","1","0","0","0","0","0","1","1","0","0","0","0","0","0","0"
"s25","voters","0000120","1260","689","317","33","4","28","9","0","9","1","170","562","698","421","118","90","33","7","6","2","1","1","0","0","0","0","1","0","0","11","5","3","0","1","0","1","1","0","0","0","0","7","6","1","1","2","28","35","37","27","43","82","3","53","84","54","47","65","129","1","10","12","23","25","42","62","0","4","13","20","18","31","56","2","10","22","18","7","15","15","2","11","20","13","13","9","13","1","3","6","8","13","2","11","0","6","7","12","2","6","7","384","117","79","21","15","7","6","4","56","172","52","32","11","13","1","3","3","30","90","23","21","10","9","4","3","0","10","59","11","8","2","0","1","0","1","2"
"s25","voters","0000121","800","413","209","29","6","17","3","0","1","0","122","341","459","258","63","62","33","1","3","4","0","1","0","1","0","0","2","0","0","4","2","1","0","1","2","1","0","2","0","2","0","3","1","2","0","1","21","14","14","17","35","44","3","37","47","35","30","49","66","0","4","14","14","12","21","41","0","4","6","4","17","26","46","3","9","11","13","7","9","8","1","12","13","15","4","7","10","0","5","6","5","2","4","7","0","2","7","3","4","6","5","216","71","42","21","12","1","7","6","37","116","24","21","10","6","4","1","4","23","59","18","16","11","5","3","1","2","7","32","16","3","2","2","0","0","0","1"
"s25","voters","0000122","175","83","42","5","5","4","2","0","0","0","34","77","98","43","17","16","8","1","1","0","0","0","0","0","0","0","0","0","0","6","2","1","1","1","0","0","0","2","0","0","0","3","1","1","0","1","3","10","2","6","4","8","0","6","14","4","2","10","13","0","1","5","2","4","4","6","0","1","5","4","2","0","8","0","3","4","3","2","2","1","1","3","5","1","3","4","2","0","0","3","0","0","1","2","0","2","4","0","0","1","3","46","18","9","3","2","1","2","0","2","28","6","2","3","1","0","0","0","2","12","6","8","2","1","3","0","1","1","12","0","2","1","1","0","0","0","0"
"s25","voters","0000123","0","0","0","0","0","0","0","0","0","0","0","0","0","0","0","0","0","0","0","0","0","0","0","0","0","0","0","0","0","0","0","0","0","0","0","0","0","0","0","0","0","0","0","0","0","0","0","0","0","0","0","0","0","0","0","0","0","0","0","0","0","0","0","0","0","0","0","0","0","0","0","0","0","0","0","0","0","0","0","0","0","0","0","0","0","0","0","0","0","0","0","0","0","0","0","0","0","0","0","0","0","0","0","0","0","0","0","0","0","0","0","0","0","0","0","0","0","0","0","0","0","0","0","0","0","0","0","0","0","0","0","0","0","0","0","0","0"
"s25","voters","0000124","1314","737","280","47","3","23","20","0","6","0","198","542","772","420","82","100","47","8","1","1","1","1","0","0","0","1","0","0","0","8","3","0","4","1","0","0","1","0","1","2","0","6","1","4","1","3","27","49","24","34","56","93","5","56","82","59","59","71","119","0","9","15","15","18","30","61","0","2","14","15","15","22","64","4","10","13","13","5","13","11","6","22","31","24","14","12","20","0","5","5","9","6","5","9","4","12","10","8","11","6","9","393","115","88","31","21","7","10","7","65","134","43","27","11","7","3","0","0","55","121","30","16","14","2","0","5","1","9","67","16","9","2","4","0","0","0","1"
"s25","voters","0000125","1260","690","320","47","9","19","8","0","4","0","163","531","729","381","92","80","39","6","9","5","2","0","1","0","0","7","3","1","0","12","2","2","1","2","0","0","0","6","1","0","0","6","2","1","1","2","23","34","41","29","43","69","4","62","84","52","50","68","129","0","6","20","23","15","46","54","0","4","22","18","19","34","59","1","12","21","16","9","8","14","1","14","19","14","15","11","8","0","5","4","7","8","11","10","0","7","11","4","6","7","7","394","109","67","25","16","9","6","4","60","183","50","31","9","10","2","5","4","26","86","18","24","10","11","3","2","0","9","60","16","6","0","1","0","0","1","3"
"s25","voters","0000126","1843","846","616","82","12","20","17","0","8","1","241","797","1046","414","134","100","65","14","15","4","2","2","1","0","0","2","1","2","0","9","5","8","1","4","1","0","0","0","2","1","0","7","2","0","2","3","34","45","39","41","42","107","10","50","84","75","55","84","177","1","13","30","39","49","77","105","3","7","22","35","42","65","128","1","13","18","22","24","17","20","0","9","31","28","20","17","21","4","7","11","11","10","6","8","0","17","13","7","15","18","13","448","143","113","30","20","5","7","6","74","327","87","77","16","16","3","8","5","77","121","28","31","18","14","3","4","2","20","92","24","15","2","2","1","1","0","3"
"s25","voters","0000127","287","159","78","11","1","3","0","0","0","0","35","121","166","76","10","17","4","4","2","0","0","1","0","0","0","0","0","0","0","2","1","0","0","1","0","0","0","2","1","2","0","0","1","0","0","0","7","8","9","7","11","19","0","17","15","9","16","14","27","0","4","1","7","7","5","16","0","2","2","4","4","7","19","0","1","1","1","3","2","4","0","2","9","4","3","2","3","0","0","2","0","1","5","0","0","1","1","0","0","3","2","88","24","21","4","3","3","1","1","14","32","19","10","1","2","2","0","0","12","16","3","8","3","2","1","1","0","1","10","2","2","1","0","0","0","0","0"
"s25","voters","0000128","582","296","160","20","3","8","7","0","2","0","86","249","333","124","40","24","15","5","3","0","1","2","1","0","0","1","2","0","0","3","1","2","2","1","0","0","0","1","0","0","0","7","0","2","0","1","8","28","15","10","22","31","1","17","48","22","19","28","46","2","3","14","11","14","10","24","0","0","6","13","17","17","29","0","4","10","11","6","4","6","2","9","10","12","2","8","2","0","1","3","2","4","2","3","0","2","8","2","4","3","6","170","47","35","11","6","2","3","3","19","82","28","14","5","6","3","0","2","20","51","13","11","4","3","1","0","0","3","25","10","3","2","0","0","0","0","0"
"s25","voters","0000129","403","216","89","18","5","9","3","0","1","0","62","164","239","101","22","30","12","1","1","3","1","1","0","0","0","1","0","0","0","1","3","1","0","0","1","0","1","1","1","0","0","0","2","1","0","1","11","19","9","8","10","18","1","27","37","25","10","18","22","0","1","7","7","4","7","21","0","1","1","9","5","9","17","0","6","4","8","3","2","4","0","9","8","7","5","3","3","0","2","2","3","4","1","2","1","2","4","6","1","4","4","142","34","18","4","7","1","0","0","10","47","4","13","2","2","1","0","0","20","35","10","8","3","0","2","1","0","3","21","8","4","2","1","0","0","0","0"
"s25","voters","0000130","198","100","51","10","0","5","0","0","2","0","30","84","114","32","16","10","6","6","0","2","0","0","0","0","0","0","2","0","0","0","0","0","0","3","0","0","0","0","0","0","0","4","1","0","0","0","6","3","6","3","11","12","1","10","6","8","5","9","20","0","1","1","3","1","3","11","0","0","3","4","3","5","16","0","0","2","2","3","3","4","0","4","0","1","2","1","8","0","1","3","1","0","4","0","0","1","2","1","0","1","3","58","11","8","3","2","1","1","0","16","26","10","5","1","0","0","0","1","8","11","5","5","3","0","2","0","0","4","11","4","1","1","0","0","0","0","0"
"s25","voters","0000131","153","81","38","4","1","0","2","0","1","0","26","53","100","40","2","8","3","1","0","0","0","0","0","0","0","0","0","0","0","3","0","0","0","0","0","0","0","0","0","0","0","2","0","1","0","2","4","6","1","0","4","5","5","27","6","2","1","7","11","0","1","0","0","0","4","11","0","2","1","2","1","3","13","2","6","1","0","0","3","1","2","3","1","0","0","4","3","0","1","0","0","0","0","1","0","3","0","0","0","1","2","73","5","2","0","0","0","0","0","1","35","1","2","0","0","0","0","0","0","25","1","0","0","0","0","0","0","0","8","0","0","0","0","0","0","0","0"
"s25","voters","0000133","515","283","127","22","3","6","8","0","2","0","64","214","301","123","27","26","18","1","6","0","1","0","2","0","0","0","1","0","0","2","2","0","0","0","1","1","0","1","0","0","0","1","2","1","0","0","8","21","12","11","20","33","0","23","31","21","22","32","49","0","3","5","17","5","14","16","0","2","7","11","5","17","25","2","0","14","4","2","2","4","2","3","5","9","10","3","4","0","0","3","5","2","6","5","0","7","5","3","2","0","3","156","65","26","6","5","3","0","0","22","78","14","17","2","3","2","1","1","9","30","10","11","5","2","1","2","0","3","30","5","2","0","1","0","0","0","3"
"s25","voters","0000135","247","125","53","13","2","4","1","0","1","0","48","110","137","67","20","18","8","2","1","0","1","0","0","1","0","0","0","0","1","3","1","2","1","0","0","1","0","0","0","0","0","0","0","0","0","0","4","15","9","4","10","4","0","13","22","14","8","11","11","0","2","4","4","3","5","5","0","0","6","2","7","8","7","0","1","5","7","6","4","5","0","3","5","5","2","3","2","0","1","3","4","2","0","3","0","1","1","0","3","2","1","87","21","8","3","2","0","2","0","2","37","6","2","3","3","0","0","0","2","32","8","4","3","0","0","0","0","1","15","3","1","0","0","1","0","0","1"
"s25","voters","0000138","1","0","1","0","0","0","0","0","0","0","0","1","0","0","0","0","0","0","0","0","0","0","0","0","0","0","0","0","0","0","0","0","0","0","0","0","0","0","0","0","0","0","0","0","0","0","0","0","0","0","0","0","0","0","0","0","0","0","0","0","0","0","1","0","0","0","0","0","0","0","0","0","0","0","0","0","0","0","0","0","0","0","0","0","0","0","0","0","0","0","0","0","0","0","0","0","0","0","0","0","0","0","0","0","0","0","0","0","0","0","0","1","0","0","0","0","0","0","0","0","0","0","0","0","0","0","0","0","0","0","0","0","0","0","0","0","0"
"s25","voters","0000139","2","0","1","0","0","1","0","0","0","0","0","1","1","0","0","0","0","0","0","0","0","0","0","0","0","0","0","0","0","0","0","0","0","0","0","0","0","0","0","0","0","0","0","0","0","0","0","0","0","0","0","0","0","0","0","0","0","0","0","0","0","0","0","0","0","0","0","0","0","0","0","0","1","0","0","0","0","0","0","0","0","0","0","0","0","0","0","0","0","0","0","0","1","0","0","0","0","0","0","0","0","0","0","0","0","0","0","0","0","0","1","0","0","0","0","0","0","0","0","0","0","0","0","0","0","0","0","0","1","0","0","0","0","0","0","0","0"
"s25","voters","0000140","1050","347","481","53","5","19","7","0","6","0","132","482","568","158","69","44","24","7","13","3","1","0","0","0","1","3","0","0","0","7","2","5","0","2","1","3","0","2","1","1","0","1","6","3","3","1","5","18","17","15","21","63","3","20","30","27","21","34","72","1","4","21","23","29","60","96","3","7","21","25","34","51","106","2","6","13","12","17","8","11","0","9","10","16","9","8","11","1","2","8","7","4","8","9","4","6","7","13","5","6","10","186","52","32","14","9","0","8","1","45","242","77","50","17","17","2","6","6","64","74","15","16","4","4","5","3","0","11","60","13","10","5","0","0","0","0","2"
"s25","voters","0000141","216","72","98","13","1","3","3","0","0","0","26","106","110","29","11","8","8","0","1","0","0","0","0","0","0","0","0","0","0","0","0","0","0","0","0","0","0","0","0","0","0","1","1","0","0","1","2","2","3","4","6","8","2","1","9","8","4","9","13","0","3","5","6","7","15","19","0","1","3","6","3","11","19","2","1","2","4","4","0","1","0","1","3","2","2","1","3","0","1","0","4","1","3","2","0","3","1","1","2","0","2","36","14","10","2","6","0","0","0","4","48","20","10","1","0","0","0","2","17","18","2","5","0","1","0","0","0","0","13","2","3","0","1","0","0","0","1"
"s25","voters","0000142","1924","816","690","100","10","38","14","0","7","0","249","867","1057","356","144","85","57","18","25","2","2","1","2","3","2","4","4","2","1","10","3","4","1","9","2","3","2","3","7","5","0","9","6","4","1","5","26","63","46","34","63","100","1","53","77","66","64","78","140","3","12","39","51","49","76","112","0","10","37","51","51","59","140","2","15","28","18","17","16","24","4","16","27","27","13","19","23","2","5","16","11","14","14","6","0","15","19","15","10","14","28","462","130","98","30","18","5","6","3","64","387","91","83","22","24","5","4","3","71","152","17","31","9","11","3","6","2","18","112","26","14","1","5","3","1","0","7"
"s25","voters","0000143","1743","641","758","84","5","29","13","0","5","0","208","731","1012","295","136","69","35","10","17","4","4","0","0","0","0","3","0","0","1","2","2","2","1","5","4","2","0","4","1","0","0","13","7","2","2","1","5","32","21","21","37","89","2","30","58","53","35","62","195","1","12","30","56","44","83","136","1","9","27","36","44","74","205","1","10","16","21","10","14","21","3","11","23","28","9","14","27","0","8","6","12","6","17","21","0","4","7","11","7","12","25","378","94","73","28","20","1","2","3","42","414","110","108","28","26","5","6","5","56","116","32","20","18","7","2","3","1","9","89","31","7","2","3","0","0","1","3"
"s25","voters","0000144","819","302","352","44","3","12","14","0","4","0","88","355","464","92","60","25","20","14","7","3","1","1","0","0","1","0","2","0","1","1","1","0","0","0","0","1","0","0","1","0","0","2","5","2","0","1","6","19","23","9","10","35","2","10","36","21","15","33","82","1","10","21","21","15","34","65","0","5","9","23","19","38","91","0","5","9","9","6","3","12","0","6","13","6","2","6","11","1","5","4","8","7","12","4","0","1","7","5","3","8","12","178","57","30","13","5","3","2","1","13","221","39","36","22","5","2","1","3","23","55","6","12","6","1","1","1","1","5","45","12","13","0","2","1","1","0","3"
"s25","voters","0000145","3561","966","1928","154","5","28","31","0","13","1","435","1652","1909","216","206","76","30","25","56","9","9","7","2","3","0","12","27","2","4","23","28","20","4","16","16","11","1","9","5","4","1","15","14","5","1","4","40","44","36","43","73","128","4","54","56","82","86","103","213","7","78","55","103","180","205","319","4","46","49","109","182","232","359","3","27","24","50","41","39","45","5","30","18","43","34","42","34","0","12","9","17","21","28","21","5","11","4","25","16","21","42","545","169","118","16","16","7","14","0","81","1020","278","208","92","38","11","22","20","239","227","67","60","22","17","7","2","5","28","147","45","25","3","3","1","1","2","5"
"s25","voters","0000146","1470","420","782","67","5","17","4","0","3","0","172","654","816","134","109","48","23","5","24","5","2","2","1","0","0","4","4","3","1","4","12","3","1","5","2","3","1","1","2","3","1","5","12","1","0","1","10","14","19","21","25","61","2","28","30","37","39","40","93","0","25","26","34","54","92","141","3","11","28","44","64","88","172","0","13","5","20","17","14","19","1","11","8","16","18","17","13","0","3","2","11","5","6","16","0","7","8","6","4","9","19","233","65","49","16","9","1","6","3","38","426","80","98","37","30","2","5","3","101","95","20","16","11","3","3","5","2","17","62","20","6","1","3","0","1","1","2"
"s25","voters","0000147","3118","918","1661","139","8","27","23","0","8","0","334","1379","1739","263","145","66","37","18","58","8","6","3","2","1","0","2","16","2","2","9","12","10","3","16","7","9","4","4","4","1","3","20","17","8","2","3","31","36","46","39","61","119","5","40","88","65","86","97","202","4","53","52","93","116","205","271","3","35","52","102","133","188","354","2","22","16","21","27","37","37","2","23","28","23","30","35","31","0","11","7","10","18","19","23","2","19","14","15","18","22","27","528","131","91","47","21","6","4","3","87","864","235","194","64","49","11","23","16","205","186","38","37","27","19","1","1","3","22","131","31","26","4","4","1","2","0","6"
"s25","voters","0000148","1144","362","546","55","2","7","9","0","3","0","160","507","637","100","49","27","10","7","11","5","1","4","4","4","0","3","2","0","1","10","2","11","0","10","0","4","1","6","6","3","1","8","7","2","0","3","12","26","28","24","21","35","5","24","33","40","35","29","47","4","17","24","40","63","38","60","4","27","42","49","49","49","80","0","4","12","22","10","16","9","1","10","9","18","28","6","15","1","1","11","6","8","4","8","1","4","3","7","9","3","10","246","71","18","8","5","2","3","1","8","379","76","28","12","10","3","4","3","31","105","29","6","7","4","0","1","1","7","54","15","4","1","1","0","1","0","0"
"s25","voters","0000149","2247","1229","509","76","7","32","5","0","4","0","385","956","1291","600","162","127","54","12","9","2","0","3","3","1","1","2","1","1","0","36","16","19","4","73","32","60","10","9","6","7","1","17","10","4","3","8","41","52","87","87","83","108","11","113","101","149","133","112","144","1","23","18","52","49","45","75","0","19","24","48","52","46","57","3","30","32","31","26","23","25","5","36","35","52","35","30","22","0","9","10","10","11","10","7","2","9","16","8","11","10","11","655","209","161","42","29","16","18","21","78","283","67","60","24","18","10","6","4","37","207","51","47","25","11","10","10","2","22","81","23","11","2","3","0","1","0","3"
"s25","voters","0000150","734","372","192","23","4","3","4","0","4","0","132","330","404","151","69","40","14","1","0","2","0","9","1","1","0","0","1","0","0","20","10","5","0","26","9","27","2","4","4","3","0","5","4","1","1","3","13","24","34","23","26","27","1","26","41","47","33","33","41","1","10","10","24","20","16","16","2","4","11","23","21","16","18","0","8","14","24","14","6","4","0","10","11","20","10","4","7","0","2","1","5","3","1","1","0","7","3","7","5","1","2","211","75","50","11","9","1","3","1","11","113","31","25","12","3","1","1","0","6","81","14","19","9","4","1","3","0","1","27","8","3","0","0","0","0","0","0"
"s25","voters","0000151","2549","1191","762","117","7","29","31","0","5","0","407","1089","1460","555","224","151","62","15","20","6","5","0","6","0","0","5","8","1","1","42","18","27","8","62","18","34","4","6","4","3","3","17","11","4","3","10","35","72","93","93","61","78","9","92","119","179","115","84","151","2","18","41","96","79","51","78","4","18","37","97","65","51","125","3","26","35","51","38","15","27","5","36","41","53","33","17","27","1","10","17","22","11","11","15","0","21","18","19","15","11","18","701","225","124","31","23","10","23","13","41","450","128","74","20","17","11","7","8","47","238","74","42","12","13","3","5","2","18","123","43","12","2","5","1","0","0","3"
"s25","voters","0000152","1675","908","444","71","5","18","16","0","4","0","209","711","964","453","99","80","41","10","18","1","3","5","1","1","0","3","6","1","0","28","7","3","5","7","5","4","0","0","4","0","0","5","5","4","0","4","34","36","46","48","49","127","3","61","78","80","74","80","188","2","13","10","34","29","42","79","1","5","26","33","26","48","96","2","18","19","15","16","13","18","2","21","21","17","17","18","12","0","5","8","10","10","10","14","0","10","9","7","11","12","8","529","151","91","28","12","1","9","5","82","254","58","50","15","14","1","5","5","42","124","31","21","11","7","3","4","1","7","78","18","8","5","0","0","0","1","4"
"s25","voters","0000153","266","140","75","13","1","3","1","0","2","0","31","102","164","83","22","21","11","2","2","0","0","0","0","0","0","0","0","0","0","0","2","4","1","1","0","0","1","0","0","1","0","1","0","0","0","4","7","6","7","5","6","12","1","14","14","12","14","14","24","0","1","3","10","2","10","9","0","0","6","8","5","9","12","0","1","2","3","2","0","2","0","3","5","7","2","1","3","0","2","2","1","4","0","1","0","3","2","0","3","1","1","87","24","10","7","5","2","0","0","5","45","9","5","4","0","0","1","1","10","19","6","5","1","0","0","0","0","0","17","2","1","0","0","0","0","0","0"
"s25","voters","0000155","1300","515","535","73","4","12","12","0","4","0","145","621","679","231","101","57","41","10","18","1","3","0","1","1","0","12","3","1","1","5","5","1","0","4","0","0","0","0","0","0","0","2","0","0","0","0","20","24","29","30","23","90","0","24","29","39","46","51","110","3","11","18","30","30","45","133","0","7","11","31","24","57","135","3","8","14","15","14","10","16","1","9","11","16","9","8","11","1","2","6","11","4","14","17","0","3","4","7","9","9","18","262","95","50","21","17","2","3","5","60","258","85","62","19","14","4","7","4","82","61","28","25","11","5","1","5","2","7","69","23","7","0","3","0","0","1","2"
"s25","voters","0000156","1156","545","393","48","2","17","13","0","1","0","137","541","615","256","76","53","31","7","5","0","0","0","2","0","0","6","3","1","0","11","5","5","2","2","4","0","0","2","2","1","0","8","5","1","0","2","22","26","27","26","37","96","3","41","30","43","48","44","100","1","15","13","26","30","36","86","1","7","8","20","25","35","90","2","7","8","8","5","15","11","1","13","19","11","14","7","16","0","3","7","7","6","9","10","0","6","4","9","2","7","11","270","83","81","22","18","1","4","10","56","196","63","44","15","7","1","2","5","60","73","16","16","9","8","1","3","2","9","42","21","10","3","3","0","0","1","1"
"s25","voters","0000157","2","2","0","0","0","0","0","0","0","0","0","0","2","1","0","0","0","0","0","0","0","0","0","0","0","0","0","0","0","0","0","0","0","0","0","0","0","0","0","0","0","0","0","0","0","0","0","0","0","0","0","0","0","0","0","1","0","1","0","0","0","0","0","0","0","0","0","0","0","0","0","0","0","0","0","0","0","0","0","0","0","0","0","0","0","0","0","0","0","0","0","0","0","0","0","0","0","0","0","0","0","1","0","0","0","0","0","0","0","1","0","0","0","0","0","0","0","0","0","0","0","0","0","0","0","0","0","0","0","0","0","0","0","0","0","0","0"
"s25","voters","0000159","87","44","30","6","0","3","0","0","0","0","4","37","50","14","6","2","0","2","3","0","0","0","0","0","0","0","0","0","0","2","0","0","1","1","0","0","1","0","2","0","0","0","0","0","0","0","2","6","5","1","1","0","0","1","14","6","2","2","4","0","0","9","2","1","2","1","0","0","5","2","6","1","1","0","0","1","0","0","0","0","0","0","2","1","0","0","0","0","0","2","2","1","1","0","0","0","1","1","1","0","0","43","1","0","0","0","0","0","0","0","28","1","1","0","0","0","0","0","0","4","0","0","0","0","0","0","0","0","9","0","0","0","0","0","0","0","0"
"s25","voters","0000160","681","303","207","26","1","9","8","0","6","0","121","333","348","118","59","27","16","2","11","1","1","0","0","0","0","4","2","1","0","15","3","4","3","19","9","31","2","1","4","1","0","9","3","2","0","2","7","39","40","24","13","20","1","11","43","44","24","17","18","1","0","22","29","19","12","19","1","5","20","27","15","17","20","0","4","11","16","13","10","9","0","11","16","8","10","8","5","0","1","6","5","5","2","4","0","5","7","5","4","4","2","211","53","33","5","1","0","0","0","0","148","35","17","4","1","0","1","0","1","88","26","6","0","0","0","1","0","0","40","7","3","0","0","0","0","0","0"
"s25","voters","0000161","66","33","22","0","0","0","0","0","0","0","11","30","36","13","10","3","0","1","1","0","0","0","0","0","0","0","0","0","0","0","0","0","0","1","0","0","0","0","0","1","0","1","2","2","0","0","1","6","1","5","2","2","0","1","4","3","2","3","3","0","0","1","2","3","0","2","0","1","2","3","1","1","6","0","0","3","0","2","0","0","0","0","2","1","2","1","0","0","0","0","0","0","0","0","0","0","0","0","0","0","0","26","7","0","0","0","0","0","0","0","19","3","0","0","0","0","0","0","0","11","0","0","0","0","0","0","0","0","0","0","0","0","0","0","0","0","0"
"s25","voters","0000162","2421","882","957","112","8","20","28","0","4","0","410","1114","1307","356","183","104","39","6","12","1","0","9","1","2","0","5","2","2","0","21","16","13","1","47","26","53","3","9","12","9","8","29","27","21","5","4","26","63","82","68","36","66","5","63","91","135","90","74","79","4","28","62","124","97","84","73","4","34","62","126","88","84","87","1","20","30","64","53","26","18","5","21","36","56","47","18","15","1","8","14","20","19","14","9","0","11","17","18","19","8","14","523","181","95","34","19","6","8","1","15","560","172","115","27","25","4","9","6","39","248","64","50","26","7","3","6","1","5","109","29","16","3","5","2","2","2","4"
"s25","voters","0000163","1547","637","581","62","10","21","17","0","9","0","210","692","855","267","116","69","40","8","14","3","6","4","5","2","0","0","0","0","0","19","4","9","3","16","4","17","1","6","0","2","2","15","2","3","0","5","17","38","56","34","40","65","7","51","36","72","56","51","109","1","15","27","60","60","45","76","2","6","25","63","67","53","81","1","12","21","18","17","16","10","1","11","22","33","24","12","12","1","5","10","17","8","13","4","0","3","11","17","14","6","10","386","95","74","15","18","6","5","1","37","317","94","66","14","18","2","12","7","51","125","28","20","15","4","2","1","3","12","77","24","12","3","2","0","0","0","1"
"s25","voters","0000164","761","298","340","31","1","6","15","0","2","0","68","363","398","145","80","26","16","4","14","0","1","0","1","0","0","0","0","0","1","5","3","3","0","3","2","2","2","0","0","0","0","2","1","1","0","1","7","22","21","11","23","43","1","12","23","34","11","32","57","0","7","13","28","29","39","54","1","4","17","32","26","40","50","0","5","3","6","5","3","10","1","4","7","6","7","4","7","0","2","8","7","5","5","6","0","6","1","4","2","5","4","166","37","40","12","9","2","3","1","28","179","44","47","15","11","0","6","1","37","38","13","7","5","0","0","1","0","4","33","11","5","3","1","0","0","0","2"
"s25","voters","0000165","269","101","102","13","0","3","3","0","1","0","46","123","146","37","23","13","7","0","2","1","0","0","0","0","1","0","0","0","0","2","2","0","0","4","2","3","1","0","0","0","0","3","1","0","0","0","2","2","16","9","5","6","1","5","6","14","15","2","18","2","1","2","14","13","6","10","0","1","2","16","12","7","16","1","2","3","7","6","0","6","0","5","2","6","6","1","1","1","1","0","1","2","3","2","0","3","1","1","2","1","2","52","22","8","6","3","1","0","1","8","53","18","15","3","8","1","0","1","3","14","9","11","6","5","0","0","1","0","11","7","2","0","0","0","0","0","0"
"s25","voters","0000166","3222","977","1685","130","12","24","30","0","10","0","354","1435","1787","309","243","88","54","15","67","12","2","1","3","0","0","9","13","5","1","15","14","6","1","22","6","8","2","4","10","7","3","10","12","4","3","5","21","26","43","45","53","156","2","72","49","75","68","89","273","3","37","41","91","107","162","368","4","37","43","84","110","182","416","5","12","29","41","33","25","34","3","22","28","36","18","28","40","2","5","19","17","10","12","33","0","12","13","13","17","13","40","540","153","111","38","22","8","6","4","95","891","231","184","61","40","11","18","13","236","195","44","41","26","10","7","6","2","23","128","37","22","4","2","1","5","2","5"
"s25","voters","0000167","2635","788","1387","129","4","27","24","0","3","0","273","1225","1410","260","179","66","51","11","38","3","5","0","0","0","0","3","11","0","0","6","2","1","2","7","12","4","2","2","3","1","0","14","13","3","2","5","18","26","33","32","32","150","5","27","42","66","58","74","220","1","32","51","79","86","132","301","1","22","47","76","83","160","316","1","14","17","34","24","20","35","0","13","17","21","22","17","38","1","8","14","16","13","11","39","3","9","8","16","9","19","21","418","134","99","30","15","4","8","4","76","740","190","142","66","38","7","14","9","181","131","44","32","27","6","4","5","0","24","113","38","21","5","2","3","1","1","3"
"s25","voters","0000168","1585","617","659","77","2","14","17","0","3","0","196","682","903","260","100","64","31","7","24","9","1","0","0","0","0","9","5","2","0","6","5","5","0","0","0","1","0","0","3","0","0","6","8","4","0","5","20","31","31","24","29","79","0","36","55","62","42","64","139","0","14","29","42","49","62","122","0","2","34","47","50","63","145","0","12","18","27","12","11","18","2","13","16","20","15","14","18","0","5","10","10","8","3","11","1","8","9","11","16","10","11","333","91","73","34","17","5","13","5","46","361","94","72","27","14","4","8","2","77","118","21","23","10","7","3","1","2","11","68","17","14","4","3","1","0","1","5"
"s25","voters","0000169","4264","1376","2053","185","5","47","46","0","7","0","545","1977","2287","487","353","144","72","24","55","16","8","2","1","4","2","19","10","4","0","27","29","4","1","41","23","31","2","14","19","9","0","25","35","11","3","6","44","55","107","88","108","151","7","76","101","141","147","133","212","8","53","72","193","204","195","285","7","61","68","175","218","222","292","1","27","28","67","50","51","45","2","38","34","73","51","35","43","1","11","15","30","34","16","32","4","16","16","26","31","26","32","760","264","157","76","26","7","10","8","68","1123","341","283","80","56","14","19","15","122","301","87","77","41","11","3","4","2","19","174","55","30","13","8","0","1","1","8"
"s25","voters","0000170","4862","1543","2334","187","12","48","46","0","11","0","681","2231","2631","489","386","136","70","36","71","12","11","9","7","1","0","20","9","1","5","21","22","25","6","42","34","61","7","16","10","10","3","41","50","24","1","5","54","94","135","90","81","154","9","84","131","202","154","114","236","9","74","101","258","243","204","248","5","75","111","256","207","227","316","6","25","46","79","79","44","47","4","45","54","82","59","64","47","2","13","25","45","22","20","28","2","13","23","39","22","26","24","951","243","181","63","25","9","9","6","56","1376","404","233","104","46","24","19","15","113","418","112","63","36","20","8","8","2","14","211","46","26","8","6","2","2","0","3"
"s25","voters","0000171","3204","921","1688","144","1","35","43","0","14","0","358","1506","1698","263","227","65","45","23","39","6","6","0","4","1","2","4","10","5","1","16","12","6","0","16","8","16","2","6","4","4","0","20","8","7","3","0","29","46","60","44","54","124","1","61","86","85","83","85","163","2","48","82","116","137","182","270","5","40","79","125","128","187","287","3","24","34","30","36","32","34","2","21","25","32","30","16","39","1","15","15","21","31","16","20","2","17","10","20","14","23","32","545","138","101","42","15","4","4","1","71","893","265","195","52","53","8","19","5","198","201","62","46","21","3","4","5","4","12","161","35","15","6","3","3","4","0","10"
"s25","voters","0000172","4630","1246","2522","210","3","33","32","0","6","0","578","2150","2480","293","279","82","45","23","104","13","6","6","3","1","0","20","38","8","4","17","23","18","2","33","20","21","3","9","13","15","3","16","29","10","5","9","29","49","91","100","93","136","12","62","73","119","139","122","212","6","85","80","157","266","253","349","7","70","71","213","274","258","433","7","29","30","60","64","55","52","7","27","34","67","51","52","43","0","20","17","31","31","24","27","1","21","10","16","30","18","38","695","225","135","48","38","10","15","10","70","1386","399","295","112","56","24","33","25","192","320","84","68","47","12","2","6","2","37","180","56","28","7","3","2","2","2","4"
"s25","voters","0000173","1240","328","655","47","0","12","14","0","7","0","177","592","648","75","75","25","19","14","29","6","3","3","0","0","1","2","3","2","0","6","4","4","1","18","19","20","0","6","2","2","1","2","5","1","0","3","19","16","17","25","18","36","3","24","18","37","36","29","47","3","23","15","50","84","57","88","4","32","25","44","88","67","75","2","16","10","20","20","17","14","2","10","11","20","16","10","9","0","3","2","10","8","10","6","1","7","3","8","8","9","5","191","56","30","8","15","2","0","0","26","381","100","50","24","18","2","9","4","67","100","29","20","8","6","1","3","1","9","46","20","4","2","3","0","0","1","4"
"s25","voters","0000175","999","251","567","48","1","9","9","0","3","0","111","480","519","102","59","29","19","2","20","3","2","1","1","0","0","4","4","0","0","8","4","6","4","3","1","4","1","0","0","0","0","6","4","3","2","1","6","7","10","14","17","48","3","8","11","12","21","21","72","2","17","19","34","29","45","136","1","7","13","32","37","48","147","1","3","9","7","15","9","18","1","8","3","10","8","5","14","0","2","4","4","7","6","10","0","5","2","3","2","9","16","121","49","20","11","3","4","2","3","38","300","75","52","22","13","8","7","4","86","58","19","7","7","3","1","1","0","15","37","15","5","1","3","3","0","1","5"
"s25","voters","0000176","179","43","113","6","0","1","0","0","1","0","15","85","94","13","19","4","2","1","5","1","1","0","0","0","0","0","1","0","0","1","0","0","0","1","1","0","0","0","0","0","0","1","0","1","0","0","2","3","1","2","2","8","1","0","2","4","2","6","10","0","4","4","9","6","14","18","0","6","1","5","10","12","24","0","0","1","0","3","2","4","0","0","0","1","0","1","3","0","0","1","1","0","0","0","0","2","0","1","0","2","1","24","4","5","0","2","0","0","1","7","62","14","10","4","4","1","6","2","10","5","1","3","1","1","1","0","1","2","6","0","2","0","0","0","0","0","0"
"s25","voters","0000177","225","80","118","4","1","3","3","0","0","0","16","113","112","38","19","4","4","1","0","0","0","0","0","0","0","2","4","0","0","1","0","0","0","9","0","0","0","0","0","0","0","0","0","0","0","0","2","6","1","3","11","18","0","3","9","1","6","6","14","1","7","9","1","7","10","28","0","7","3","3","9","8","25","0","0","2","2","1","1","1","0","3","1","1","1","1","2","0","0","0","1","0","1","0","0","0","2","2","0","1","4","52","9","6","4","2","1","0","0","6","60","17","13","3","1","1","2","2","19","6","2","4","2","0","0","1","0","1","10","1","0","0","0","0","0","0","0"
"s25","voters","0000178","4","3","1","0","0","0","0","0","0","0","0","1","3","3","0","0","0","0","0","0","0","0","0","0","0","0","0","0","0","0","0","0","0","0","0","0","0","0","0","0","0","0","0","0","0","0","0","0","0","1","0","0","0","1","0","0","1","0","0","0","0","0","0","0","0","0","0","1","0","0","0","0","0","0","0","0","0","0","0","0","0","0","0","0","0","0","0","0","0","0","0","0","0","0","0","0","0","0","0","0","0","3","0","0","0","0","0","0","0","0","1","0","0","0","0","0","0","0","0","0","0","0","0","0","0","0","0","0","0","0","0","0","0","0","0","0","0"
"s25","voters","0000179","118","40","53","9","0","3","1","0","1","0","11","57","61","22","15","4","3","1","4","0","0","0","0","0","0","1","1","0","0","0","0","0","0","0","0","0","0","0","0","0","0","0","1","0","0","0","0","2","0","1","2","12","0","1","1","1","4","1","15","0","1","3","3","1","9","8","0","1","3","2","6","4","12","0","3","0","2","0","0","1","0","1","1","1","0","0","2","0","3","1","1","2","1","1","0","1","0","1","1","2","0","18","4","5","1","2","1","1","0","8","25","5","6","1","1","3","1","0","11","8","0","0","0","2","1","0","0","0","5","4","3","0","1","1","0","0","0"
"s25","voters","0000180","1758","819","661","78","5","21","10","0","7","0","157","809","949","590","260","86","65","6","11","1","1","0","0","0","0","6","3","3","0","3","6","0","1","4","6","2","2","0","0","0","2","4","4","4","0","4","24","34","47","50","46","111","6","55","54","77","54","74","183","4","22","28","49","57","59","127","0","13","11","47","47","63","134","3","14","11","10","16","17","21","1","3","13","8","11","8","21","0","7","8","9","11","7","13","1","11","4","10","11","12","17","417","143","106","37","19","9","11","5","72","371","109","58","29","14","5","10","5","60","81","14","18","13","8","4","3","3","13","72","23","9","5","2","1","2","1","6"
"s25","voters","0000181","1229","707","292","31","7","20","10","0","0","0","162","517","712","566","158","120","45","2","6","4","0","0","0","0","0","2","1","1","0","1","1","0","0","1","1","0","1","0","0","0","0","10","1","0","1","4","25","39","33","30","47","76","4","59","69","60","57","78","126","3","9","12","22","36","35","33","0","8","15","19","27","26","47","0","7","13","14","9","18","15","4","22","17","12","10","9","12","0","6","5","11","8","6","1","2","3","3","9","3","6","5","358","107","76","31","25","7","13","7","83","154","42","39","11","6","0","4","3","33","83","16","19","13","9","5","5","4","8","40","15","8","5","0","0","0","0","0"
"s25","voters","0000182","1539","795","465","52","4","16","14","0","6","1","186","681","858","606","215","125","58","4","8","0","4","0","3","0","0","0","3","2","3","6","6","2","2","8","6","8","1","0","0","0","0","20","3","7","1","4","42","42","40","42","53","93","9","50","68","63","73","84","132","1","25","23","47","39","44","58","1","8","18","35","41","50","75","2","11","9","14","18","12","14","5","26","17","21","16","11","10","1","3","5","10","11","7","11","1","11","9","6","8","2","8","416","145","76","24","19","15","16","5","79","258","62","58","14","13","10","6","4","40","96","29","23","12","6","5","5","0","10","54","16","12","4","4","0","1","0","2"
"s25","voters","0000183","876","530","171","20","4","11","11","0","3","0","126","376","500","453","113","106","34","2","2","0","0","0","0","0","0","0","0","0","0","1","0","0","0","0","0","0","0","0","0","0","0","8","4","1","0","3","22","22","25","22","40","67","3","48","57","45","37","47","92","2","13","14","20","13","18","18","1","6","7","13","14","11","21","1","12","12","11","6","5","8","0","13","11","16","12","4","15","3","1","6","1","3","5","3","1","9","6","2","1","5","3","270","90","64","24","11","16","6","7","42","102","23","18","9","4","3","0","1","11","64","23","9","13","4","5","2","0","6","34","7","6","1","0","0","0","0","1"
"s25","voters","0000184","0","0","0","0","0","0","0","0","0","0","0","0","0","0","0","0","0","0","0","0","0","0","0","0","0","0","0","0","0","0","0","0","0","0","0","0","0","0","0","0","0","0","0","0","0","0","0","0","0","0","0","0","0","0","0","0","0","0","0","0","0","0","0","0","0","0","0","0","0","0","0","0","0","0","0","0","0","0","0","0","0","0","0","0","0","0","0","0","0","0","0","0","0","0","0","0","0","0","0","0","0","0","0","0","0","0","0","0","0","0","0","0","0","0","0","0","0","0","0","0","0","0","0","0","0","0","0","0","0","0","0","0","0","0","0","0","0"
"s25","voters","0000186","1949","907","643","71","9","23","20","0","8","0","268","898","1051","634","270","142","69","2","11","1","1","0","0","1","0","13","9","0","1","1","7","0","1","52","26","49","4","0","0","1","0","7","5","0","2","4","32","48","46","65","74","105","6","62","62","73","83","100","147","2","34","28","52","65","57","90","6","19","20","58","61","60","91","1","15","26","27","26","13","19","3","19","34","25","26","17","17","1","11","8","14","12","16","7","1","7","10","6","12","11","15","490","170","106","27","12","6","9","9","78","370","79","60","28","17","11","9","5","64","156","33","29","18","9","7","2","6","8","83","22","15","1","4","2","0","1","3"
"s25","voters","0000187","1345","688","408","53","7","11","9","0","4","0","165","576","769","497","186","97","47","6","8","1","2","0","0","0","0","6","1","0","0","3","4","1","0","20","5","13","4","0","0","0","0","6","3","1","0","0","28","32","25","28","52","96","7","45","65","46","54","63","147","4","9","15","24","38","33","73","0","14","7","22","32","35","102","1","11","14","8","11","16","18","2","13","21","9","9","12","20","0","3","7","3","11","5","11","0","6","11","5","5","4","13","352","128","73","21","23","2","11","5","73","233","52","47","15","10","7","2","5","37","83","16","20","12","10","4","3","3","14","45","17","10","5","2","1","1","1","2"
"s25","voters","0000188","788","467","169","17","4","9","5","0","3","0","114","327","461","353","87","75","24","5","3","0","0","1","0","0","0","0","0","0","0","3","0","0","0","26","8","15","3","0","0","0","0","2","3","2","0","2","20","26","16","11","37","65","2","64","47","33","24","43","77","0","3","18","14","7","18","19","1","2","8","7","12","22","38","0","7","11","11","6","9","8","1","9","17","9","6","8","12","0","2","2","2","1","5","7","2","0","7","5","1","0","4","264","64","56","17","17","9","4","7","29","103","23","21","3","5","1","2","2","9","61","20","14","9","4","2","0","1","3","27","7","3","0","0","0","1","0","0"
"s25","voters","0000189","1300","576","477","44","4","15","10","0","0","0","174","576","724","388","213","108","39","11","10","1","2","0","0","0","0","3","6","0","0","1","1","0","0","21","8","8","0","0","1","0","0","16","2","4","0","0","30","27","29","32","43","62","5","48","44","35","63","59","99","1","14","17","34","42","63","67","1","18","14","24","37","72","73","0","14","19","10","14","9","9","2","18","18","15","20","10","16","0","7","6","6","9","5","7","0","10","1","5","6","7","4","307","98","56","22","17","9","5","5","57","256","71","53","15","11","3","2","3","63","96","23","18","16","5","2","1","0","13","43","17","7","2","1","0","2","0","1"
"s25","voters","0000190","1025","495","323","41","6","13","7","0","3","0","137","454","571","382","128","88","41","4","11","2","1","1","0","0","0","4","8","0","0","1","1","0","0","3","4","3","0","0","0","0","0","4","2","0","0","6","18","30","17","18","36","73","6","40","45","28","34","46","98","2","13","13","16","25","22","57","0","19","14","11","22","41","68","1","13","12","8","11","10","20","1","10","16","7","11","3","14","0","2","9","7","5","3","7","0","7","6","8","4","2","10","245","68","67","23","17","3","5","1","66","181","47","34","15","8","3","0","2","33","70","19","27","6","5","0","1","0","9","41","11","11","2","3","1","0","0","1"
"s25","voters","0000191","776","215","432","25","2","6","1","0","1","0","94","358","418","119","97","46","11","1","19","0","0","0","0","0","0","1","3","0","0","0","0","0","1","4","1","0","0","0","0","1","0","4","3","1","0","0","9","6","10","15","21","34","1","6","14","9","21","29","40","1","16","17","21","35","52","61","0","6","18","26","24","57","98","1","5","6","11","8","6","10","0","5","8","12","10","6","6","1","1","3","2","1","2","3","0","1","7","2","1","5","6","102","47","25","10","9","1","2","2","17","211","65","48","32","17","4","6","5","44","52","16","10","1","5","1","0","2","7","24","4","4","1","1","0","0","0","1"
"s25","voters","0000192","2","0","1","1","0","0","0","0","0","0","0","1","1","0","0","0","0","0","0","0","0","0","0","0","0","0","0","0","0","0","0","0","0","0","0","0","0","0","0","0","0","0","0","0","0","0","0","0","0","0","0","0","0","0","0","0","0","0","0","0","0","0","0","0","0","0","0","0","1","0","0","0","0","0","0","0","0","0","0","0","0","0","0","0","0","0","0","0","0","0","0","0","1","0","0","0","0","0","0","0","0","0","0","0","0","0","0","0","0","0","1","0","0","0","0","0","0","0","0","0","0","0","0","0","0","0","0","0","1","0","0","0","0","0","0","0","0"
"s25","voters","0000193","550","209","233","18","3","3","8","0","3","0","73","239","311","159","77","43","11","1","9","2","2","0","0","0","0","1","3","0","0","0","1","1","0","0","2","0","0","0","0","0","0","1","2","0","0","1","8","9","8","8","17","31","1","17","18","11","22","20","38","0","4","18","9","19","27","33","0","6","13","18","16","26","44","0","8","6","4","3","3","8","0","9","9","5","3","7","8","0","0","2","2","3","4","4","0","3","5","2","0","2","8","121","26","28","9","3","0","1","0","21","136","27","30","7","3","3","2","2","23","36","12","8","3","6","1","0","1","6","23","4","3","2","2","0","0","0","1"
"s25","voters","0000194","1167","203","790","51","2","10","16","0","2","0","93","542","625","89","89","18","21","4","23","3","1","0","0","0","0","1","7","1","0","2","7","0","0","1","3","0","0","0","0","0","0","2","10","2","2","1","7","9","6","4","15","40","0","7","14","13","19","22","46","3","34","33","40","55","86","117","2","16","42","44","66","86","166","1","5","6","9","7","4","15","1","7","4","8","9","4","13","0","4","8","6","10","11","6","0","5","2","7","6","8","8","116","40","23","2","4","3","2","2","11","391","122","88","46","17","7","9","1","109","44","18","10","6","3","2","0","1","9","45","22","9","0","3","0","0","0","2"
"s25","voters","0000195","1060","187","697","41","1","15","15","0","2","0","102","495","565","81","152","30","27","2","31","5","1","0","0","0","0","4","8","1","2","2","2","1","0","6","4","1","1","0","2","1","0","2","5","0","0","1","4","9","13","11","14","15","0","14","15","26","22","17","26","6","19","38","52","67","64","88","3","20","33","65","59","69","114","1","4","10","9","12","6","9","1","11","6","7","13","8","5","1","2","7","9","5","12","7","0","4","3","7","3","5","9","120","24","19","9","3","1","2","0","9","412","130","61","14","11","4","7","5","53","57","13","18","5","4","1","1","0","3","43","17","5","3","3","0","0","0","3"
"s25","voters","0000196","774","186","444","39","4","5","3","0","1","0","92","341","433","85","85","29","24","3","23","1","0","0","0","0","0","4","3","4","0","0","1","0","0","2","0","0","0","0","0","0","0","1","4","1","1","0","8","6","4","10","9","31","0","9","15","10","15","17","52","7","15","19","27","37","36","69","0","12","25","27","44","39","87","0","3","7","4","7","7","13","0","3","4","10","9","12","13","0","0","3","4","6","2","7","1","5","6","0","4","7","7","115","22","20","5","6","1","1","0","16","241","59","51","14","10","7","5","4","53","39","14","12","3","6","0","5","0","13","36","5","6","1","0","0","1","0","3"
"s25","voters","0000198","407","267","52","16","1","6","4","0","1","0","60","179","228","235","45","55","25","0","0","0","0","0","0","0","0","0","0","0","0","0","0","0","0","0","0","0","0","0","0","0","0","5","0","1","0","2","9","14","13","6","23","43","3","22","26","26","15","17","48","0","4","4","4","4","4","6","2","2","2","2","5","8","5","0","5","5","9","4","0","4","0","5","12","5","5","0","6","0","2","4","2","3","1","4","0","3","3","0","3","0","3","116","45","30","12","10","6","7","2","39","33","3","6","1","2","5","0","0","2","34","5","12","6","1","0","0","1","1","20","5","1","1","0","0","0","0","1"
"s25","voters","0000199","332","234","45","4","3","3","4","0","1","0","38","128","204","195","44","33","13","0","0","0","0","0","0","0","0","1","0","0","0","0","0","0","0","1","0","0","0","0","0","0","0","2","0","0","0","2","6","7","12","15","15","25","0","23","28","21","16","26","38","0","2","4","5","6","7","2","1","1","4","2","7","3","1","0","2","7","4","2","0","1","0","4","5","3","1","4","5","0","1","2","1","0","0","0","2","2","2","2","1","2","0","114","35","26","13","5","4","7","4","26","30","4","3","0","1","2","1","0","4","21","8","4","3","2","0","0","0","0","11","2","1","0","0","0","0","0","1"
"s25","voters","0000200","290","192","30","11","3","3","2","0","1","0","48","108","182","164","24","41","16","0","0","0","0","0","0","0","0","1","0","0","0","0","0","0","0","0","0","1","0","0","0","0","0","4","1","0","0","3","10","12","7","3","12","19","2","23","26","12","16","23","24","0","3","3","0","1","4","2","0","2","6","1","3","1","4","1","7","1","7","1","2","2","2","9","8","3","2","2","1","0","3","1","1","1","1","1","0","4","2","1","2","2","1","98","27","29","5","11","2","2","4","14","18","2","2","1","3","1","0","1","2","28","3","5","4","1","2","2","1","2","9","6","2","0","1","1","1","0","0"
"s25","voters","0000201","498","322","88","12","2","5","0","0","2","0","67","210","288","286","74","60","19","0","0","0","0","0","0","0","0","1","0","1","0","1","0","0","0","0","0","0","0","0","0","0","0","5","3","1","0","2","19","16","9","18","22","37","4","31","40","15","27","22","60","0","6","0","6","11","13","9","1","5","5","10","5","8","9","0","11","0","8","4","6","4","0","9","11","4","3","4","3","0","1","4","0","2","0","2","0","5","2","1","1","1","2","154","53","35","14","6","8","5","2","45","47","14","12","4","1","0","0","2","8","39","10","7","6","0","1","1","0","3","11","6","2","1","1","0","0","0","0"
"s25","voters","0000202","187","59","105","6","0","0","1","0","0","0","16","86","101","35","14","2","2","1","3","0","0","0","0","0","0","0","1","0","0","0","1","0","0","0","0","0","0","0","0","0","0","0","0","0","0","0","1","0","1","1","7","7","0","5","7","5","5","5","15","0","4","6","6","5","10","25","0","1","4","6","6","11","21","0","1","3","0","2","2","1","0","0","1","1","1","0","4","0","1","1","0","0","1","1","0","0","0","1","0","1","1","32","13","4","2","0","0","0","0","8","54","15","12","4","1","2","1","2","14","6","2","4","1","0","0","0","1","2","4","0","1","1","0","0","0","0","1"
"s25","voters","0000203","1303","421","645","55","2","16","7","0","6","0","151","563","740","276","157","82","35","3","27","3","4","0","0","0","0","10","21","4","2","0","0","0","0","1","2","0","1","1","1","1","0","3","7","4","3","1","17","17","13","22","32","61","3","27","35","31","37","40","85","4","12","26","36","41","55","119","1","15","17","32","52","55","180","0","10","7","12","7","9","23","1","20","17","12","11","7","15","0","10","3","6","4","5","11","0","7","5","8","3","4","20","226","56","55","23","11","4","7","2","37","339","112","58","19","20","10","5","11","71","79","31","12","14","5","1","1","2","6","55","12","10","3","1","1","0","0","4"
"s25","voters","0000204","847","450","235","16","4","8","3","0","1","0","130","349","498","320","95","95","24","2","11","2","1","1","0","0","0","1","5","0","0","0","3","0","0","1","0","1","0","0","0","1","0","13","6","7","1","2","13","20","18","19","30","67","8","54","42","35","22","23","97","0","12","7","11","15","17","41","1","11","8","12","16","18","66","1","14","16","13","6","7","5","2","15","19","8","7","7","10","0","2","2","5","4","1","1","1","7","3","1","2","0","3","237","85","45","20","13","9","5","1","35","138","36","24","10","6","2","1","0","18","71","20","11","11","3","3","1","1","9","20","5","4","0","1","0","0","0","2"
"s25","voters","0000205","511","293","100","20","1","5","2","0","4","0","86","224","287","252","64","70","24","0","1","1","1","0","0","0","0","0","0","0","0","0","0","0","0","0","0","0","0","0","0","0","0","5","2","2","0","1","8","20","14","9","33","36","2","43","37","12","15","31","32","0","9","10","2","4","14","10","0","3","9","6","6","9","18","1","9","10","3","4","5","4","0","13","15","5","5","7","5","0","3","5","3","2","1","4","0","6","3","2","0","2","1","145","46","39","10","8","5","4","1","35","55","10","12","6","3","2","1","1","10","49","14","12","5","1","0","1","0","4","28","1","0","1","0","0","1","0","1"
"s25","voters","0000206","975","385","410","48","5","7","10","0","3","0","107","422","553","262","121","66","37","4","13","5","2","0","1","0","0","12","18","3","0","1","0","1","0","1","0","0","0","0","1","0","0","2","5","6","1","3","15","21","18","12","27","49","6","35","38","22","29","30","80","1","15","13","18","21","43","81","1","9","11","20","31","46","100","3","8","10","3","6","9","9","4","19","8","7","4","5","12","0","8","3","6","8","7","5","0","8","2","5","4","13","4","215","61","39","16","15","4","4","1","30","203","55","43","21","11","2","2","7","66","55","14","9","7","6","3","3","0","10","52","8","7","0","0","3","1","0","2"
"s25","voters","0000207","1357","523","541","50","5","15","15","0","3","0","205","574","783","357","145","117","41","6","12","2","1","0","1","0","0","4","22","9","0","2","1","0","0","1","1","0","0","0","0","0","0","12","7","2","3","0","23","35","32","26","29","62","5","48","44","43","43","44","89","1","11","28","35","38","50","86","2","12","22","37","37","62","120","0","15","15","14","12","9","17","2","14","31","23","24","10","19","0","4","7","4","6","3","12","1","4","8","11","8","4","16","301","92","53","15","15","0","4","2","41","297","71","60","20","12","4","3","8","66","105","35","27","15","6","4","2","0","11","55","14","14","0","0","0","0","1","4"
"s25","voters","0000209","927","547","168","19","3","7","5","0","6","0","172","394","533","486","130","146","36","1","0","1","0","0","0","0","0","0","0","0","0","0","0","0","0","0","0","0","0","0","0","0","0","7","3","0","0","4","26","37","24","23","35","63","9","60","64","35","32","42","93","2","10","19","15","10","15","13","0","7","12","12","9","22","22","1","17","13","10","6","13","16","4","22","24","12","7","16","11","0","6","6","1","4","2","3","0","5","3","4","3","0","3","266","85","62","20","14","11","13","16","60","105","21","14","6","5","1","2","1","13","94","25","21","14","3","6","3","0","6","23","8","5","1","1","0","1","0","1"
"s25","voters","0000210","203","108","68","2","0","1","1","0","0","0","23","85","118","73","23","13","3","0","0","0","0","0","0","0","0","0","4","2","0","0","0","0","0","1","0","1","0","1","0","0","0","0","0","0","0","0","2","3","7","2","4","22","2","9","11","7","7","7","25","1","7","1","2","4","5","13","0","3","5","2","9","3","13","0","3","1","1","2","2","0","0","4","3","2","2","1","2","0","1","1","0","0","1","0","0","0","0","1","0","0","0","52","13","19","5","3","0","1","0","15","34","7","13","1","3","0","0","0","10","8","5","4","2","1","0","1","0","2","2","1","0","1","0","0","0","0","0"
"s25","voters","0000211","722","270","328","23","3","18","2","0","3","0","75","320","402","184","38","26","18","1","2","1","1","0","0","0","0","12","18","3","1","2","2","2","0","2","16","4","0","0","0","1","0","3","2","0","1","2","9","14","5","10","15","44","1","27","21","21","20","21","60","0","12","12","16","18","36","70","0","5","16","13","12","45","73","1","6","3","2","4","4","10","0","8","9","5","7","7","9","0","2","4","2","3","8","8","0","5","4","3","1","4","5","129","49","22","16","7","4","1","1","41","157","50","37","7","11","4","1","2","59","37","12","8","8","1","2","1","0","6","29","10","6","0","2","0","0","0","2"
"s25","voters","0000212","1135","334","628","46","3","10","1","0","0","0","113","538","597","188","130","41","22","3","5","0","0","0","0","0","0","5","15","2","1","0","1","0","0","33","41","23","4","0","0","0","0","4","3","0","0","0","21","11","9","13","26","69","1","31","27","16","18","26","66","0","19","19","42","38","64","128","1","13","29","39","46","57","133","0","8","5","9","8","8","12","3","11","12","6","9","7","15","1","5","4","5","3","1","10","0","5","5","6","2","3","10","166","59","40","9","6","1","3","1","49","313","92","68","23","13","8","6","2","103","54","18","16","2","10","3","0","0","10","40","12","3","0","2","1","0","1","1"
"s25","voters","0000213","478","183","192","22","3","6","4","0","3","0","65","229","249","134","49","32","24","1","3","0","0","0","0","0","0","1","6","1","0","1","0","0","0","5","7","1","0","0","0","0","0","1","0","1","1","1","9","11","6","5","17","37","1","9","12","11","5","16","43","0","2","11","9","17","11","50","0","1","6","9","10","17","49","1","3","4","4","6","2","8","1","5","8","7","3","6","7","0","2","3","4","2","2","2","0","5","3","4","2","4","5","82","32","25","8","5","2","1","2","26","86","32","23","8","6","4","0","2","31","30","6","11","5","4","0","0","0","9","23","9","4","0","1","0","0","0","1"
"s25","voters","0000214","375","181","146","6","0","8","3","0","0","0","31","172","203","136","33","19","9","1","0","0","0","0","0","0","0","0","2","1","0","1","1","0","0","1","2","0","0","0","0","0","0","1","1","0","0","0","4","10","6","7","13","33","3","13","17","8","13","26","28","0","3","3","17","8","10","34","1","2","6","8","7","14","33","0","1","5","2","4","1","3","4","3","2","0","2","1","3","0","1","0","2","3","1","1","1","2","2","1","0","2","1","85","30","16","6","7","1","6","3","27","66","32","20","3","4","3","0","2","16","16","2","3","4","0","1","1","0","4","14","2","0","0","0","0","0","0","1"
"s25","voters","0000215","845","218","489","41","1","5","13","0","1","0","77","385","460","145","104","33","20","2","14","1","3","0","0","0","0","5","13","2","2","0","1","0","0","0","4","0","0","0","0","0","0","3","1","2","0","1","2","6","4","11","7","38","2","11","16","13","23","24","60","0","15","16","22","35","51","108","4","15","18","24","33","48","100","1","3","6","5","7","6","9","1","8","5","7","4","3","12","2","2","2","6","2","5","13","0","3","4","4","3","9","6","112","26","26","11","7","1","1","2","32","239","79","50","21","15","5","8","3","69","37","12","12","5","1","1","0","1","8","37","12","2","3","1","1","0","3","2"
"s25","voters","0000216","168","35","104","7","0","0","1","0","0","0","21","81","87","27","29","13","6","0","1","0","0","0","0","0","0","0","0","0","0","0","0","0","0","0","0","0","0","0","0","0","0","0","0","0","0","0","3","2","0","1","2","6","1","3","1","5","2","3","6","0","6","7","3","4","8","24","0","3","5","2","5","11","26","0","3","1","2","3","1","2","0","1","2","0","4","0","2","0","0","0","1","0","0","2","0","1","1","1","0","0","2","23","3","3","2","2","0","0","0","2","52","19","9","4","2","1","0","1","16","9","5","1","3","0","1","0","1","1","5","0","2","0","0","0","0","0","1"
"s25","voters","0000218","608","133","397","12","3","6","1","0","1","0","55","290","318","92","71","17","11","2","19","0","2","0","0","0","0","4","9","5","0","0","0","0","0","1","1","7","1","0","0","0","0","0","3","2","0","0","3","3","3","12","15","21","2","5","15","5","7","12","30","2","8","15","23","37","34","78","0","15","21","26","25","49","64","0","2","5","5","2","6","6","1","3","5","2","5","8","5","0","0","0","0","3","1","6","0","4","3","0","0","4","2","74","23","12","7","1","1","1","0","14","212","66","48","5","7","4","7","1","47","22","9","8","5","2","2","2","1","4","13","4","3","1","0","0","0","0","2"
"s25","voters","0000219","14","1","11","0","0","0","0","0","0","0","2","6","8","0","3","1","0","0","0","0","0","0","0","0","0","0","0","0","0","0","0","0","0","0","0","0","0","0","0","0","0","0","0","0","0","0","0","0","0","0","0","1","0","0","0","0","0","0","0","0","0","1","2","0","1","0","0","0","0","1","0","3","3","0","0","1","0","0","0","0","0","0","1","0","0","0","0","0","0","0","0","0","0","0","0","0","0","0","0","0","0","1","0","0","0","0","0","0","0","0","8","2","0","0","0","0","0","1","0","1","1","0","0","0","0","0","0","0","0","0","0","0","0","0","0","0","0"
"s25","voters","0000220","25","0","20","3","0","0","0","0","0","0","2","11","14","0","1","1","0","0","0","0","0","0","0","0","0","0","0","0","0","0","0","0","0","0","0","0","0","0","0","0","0","0","0","0","0","0","0","0","0","0","0","0","0","0","0","0","0","0","0","0","0","1","0","3","5","0","0","0","1","0","3","5","2","0","1","0","0","0","0","0","0","0","0","0","0","1","0","0","0","0","0","0","0","1","0","0","1","0","0","1","0","0","0","0","0","0","0","0","0","0","13","4","0","0","1","0","1","0","1","1","0","0","0","0","0","1","0","0","2","1","0","0","0","0","0","0","0"
"s25","voters","0000221","7","3","2","0","0","0","0","0","0","0","2","3","4","0","1","2","0","0","0","0","0","0","0","0","0","0","0","0","0","0","0","0","0","0","0","0","0","0","0","0","0","0","0","0","0","0","0","0","0","0","1","0","0","0","1","0","0","1","0","0","0","1","0","0","0","0","0","0","0","1","0","0","0","0","0","1","0","0","0","0","1","0","0","0","0","0","0","0","0","0","0","0","0","0","0","0","0","0","0","0","0","3","0","0","0","0","0","0","0","0","2","0","0","0","0","0","0","0","0","2","0","0","0","0","0","0","0","0","0","0","0","0","0","0","0","0","0"
"s25","voters","0000222","1471","266","993","54","1","13","17","0","2","0","125","700","771","102","78","25","10","9","27","4","4","0","0","1","0","6","8","5","1","2","2","1","0","0","1","0","0","0","0","0","0","0","0","0","1","2","6","7","7","10","16","63","0","14","13","14","13","21","80","2","20","32","59","67","94","205","1","23","38","77","61","106","208","1","7","3","11","13","12","19","3","9","8","7","9","10","13","0","3","5","6","7","8","15","0","5","4","3","8","4","19","138","39","27","9","7","3","1","1","41","483","163","116","44","17","8","10","9","143","77","17","11","7","2","0","2","0","9","39","18","17","5","2","0","0","2","4"
"s25","voters","0000223","3102","640","1942","144","5","30","30","0","6","0","305","1490","1612","177","178","53","37","20","69","14","6","7","5","0","0","11","10","0","1","8","10","7","2","7","11","6","1","0","3","1","0","8","9","5","2","1","11","18","27","41","36","132","1","33","28","26","54","62","170","5","55","61","106","157","196","377","7","49","51","126","154","220","378","1","16","15","24","38","26","35","0","25","17","27","23","22","36","2","18","13","15","21","14","29","2","3","10","16","16","19","37","360","95","72","18","10","4","5","2","74","1006","316","207","77","57","9","29","15","226","168","49","36","21","10","4","2","1","14","130","47","22","5","1","4","1","0","5"
"s25","voters","0000224","4297","789","2814","195","5","34","38","0","12","0","410","2077","2220","149","196","50","25","26","90","15","12","3","0","0","1","3","8","0","1","9","13","7","0","9","12","9","0","3","7","4","1","2","9","1","2","1","21","22","20","32","44","174","3","30","27","44","54","75","242","7","83","73","167","205","272","591","11","71","79","180","186","296","593","2","23","13","37","37","35","61","2","15","22","31","34","38","60","1","8","23","18","20","33","54","0","12","11","22","15","29","38","409","120","87","41","17","3","7","3","102","1403","495","309","110","69","13","40","27","348","201","74","46","24","11","1","7","5","41","178","54","25","8","2","1","2","1","13"
"s25","voters","0000225","2694","510","1725","122","3","16","34","0","2","0","282","1319","1375","105","175","28","23","16","68","4","2","0","2","0","0","4","10","2","1","4","6","3","1","16","16","13","1","2","2","5","1","7","7","0","1","1","11","12","28","28","29","106","0","21","20","36","51","50","117","4","52","56","78","133","204","328","3","52","62","82","142","212","317","2","24","14","22","27","31","38","1","17","12","25","19","26","24","0","6","11","19","14","19","22","0","12","6","8","11","17","32","260","87","69","17","14","5","3","1","54","915","294","180","64","43","7","20","17","185","147","53","31","14","8","1","2","2","24","107","39","16","6","2","0","2","1","4"
"s25","voters","0000226","1872","403","1091","96","4","19","25","0","10","0","224","917","955","82","90","34","20","12","32","3","6","0","1","1","0","0","4","0","0","1","2","1","2","2","3","2","1","0","1","0","0","2","7","1","0","0","7","10","6","21","25","92","1","10","13","24","22","45","127","4","16","30","56","79","118","254","0","15","33","62","59","119","246","1","8","11","25","11","23","38","0","8","19","12","17","23","28","0","2","5","11","6","21","37","2","1","5","9","7","21","27","206","57","50","21","14","2","5","3","45","557","165","128","51","44","9","17","13","107","108","31","30","14","11","1","3","2","24","89","34","10","7","2","0","2","2","8"
"s25","voters","0000227","621","109","391","32","3","5","6","0","0","0","75","302","319","6","16","1","2","7","12","1","0","0","0","1","0","1","0","0","0","0","0","0","0","0","1","2","0","0","0","0","0","0","0","0","0","0","2","1","1","2","8","25","0","2","4","2","8","11","43","2","4","11","24","22","40","102","3","5","9","19","27","45","78","1","2","3","6","6","6","16","0","3","0","6","5","7","14","0","0","3","1","2","3","9","1","1","2","6","5","3","10","57","19","9","5","1","3","0","1","14","212","59","39","20","5","5","2","6","43","35","15","9","0","2","0","3","2","9","35","6","1","0","0","1","1","1","1"
"s25","voters","0000228","1273","253","810","71","0","8","12","0","9","0","110","617","656","25","52","11","12","4","30","2","2","0","0","0","0","1","2","1","0","0","1","0","0","0","2","0","0","0","0","0","0","2","1","1","0","1","2","6","8","5","16","70","0","6","12","10","9","23","85","2","14","32","58","58","82","155","0","22","27","59","43","93","165","0","3","5","13","6","9","21","1","1","10","14","5","8","14","0","1","3","1","7","10","29","0","3","6","7","9","9","15","127","52","25","13","2","3","4","4","23","401","134","102","27","21","5","13","5","102","61","15","15","5","3","1","0","2","8","59","17","9","4","2","1","0","1","7"
"s25","voters","0000229","130","41","79","7","0","0","1","0","0","0","2","59","71","14","9","0","0","1","0","0","1","0","0","0","0","0","0","0","0","0","0","0","0","0","0","0","0","0","0","0","0","0","1","0","0","0","1","0","4","0","2","7","0","3","3","2","6","2","11","0","2","4","4","4","14","13","0","3","3","3","7","11","11","0","0","0","0","1","0","0","0","0","0","0","0","0","1","0","0","0","0","1","1","1","0","0","0","1","1","1","2","21","5","4","1","0","1","0","0","9","46","8","11","3","1","2","0","0","8","1","0","1","0","0","0","0","0","0","2","3","2","0","1","0","0","0","0"
"s25","voters","0000230","174","107","27","5","0","0","1","0","0","0","34","66","108","92","25","30","6","0","0","0","0","0","0","0","0","0","0","0","0","0","0","0","0","0","0","0","0","0","0","0","0","0","0","0","0","0","2","3","4","3","5","20","1","9","5","5","6","15","29","0","1","1","0","1","4","2","0","1","5","1","2","6","3","0","4","2","5","2","2","3","0","2","3","3","6","0","2","0","0","0","0","0","2","0","0","3","0","0","1","0","0","56","7","6","4","4","1","2","0","27","16","3","5","2","0","1","0","0","0","18","3","4","5","0","0","0","0","4","4","1","1","0","0","0","0","0","0"
"s25","voters","0000231","20","4","11","0","0","0","0","0","0","0","5","9","11","0","0","0","0","0","0","0","0","0","0","0","0","0","0","0","0","0","0","0","0","0","0","2","0","0","0","0","0","0","0","0","0","0","0","0","0","0","0","2","0","0","0","0","0","0","2","0","0","1","0","1","0","2","0","0","0","1","1","0","5","0","0","1","0","0","0","2","0","0","1","0","0","0","1","0","0","0","0","0","0","0","0","0","0","0","0","0","0","1","3","0","0","0","0","0","0","0","6","0","0","1","0","0","0","0","4","4","1","0","0","0","0","0","0","0","0","0","0","0","0","0","0","0","0"
