"election","type","srprec","totreg_r","dem","rep","aip","paf","msc","lib","nlp","grn","ref","dcl","male","female","hispdem","hisprep","hispdcl","hispoth","jewdem","jewrep","jewdcl","jewoth","kordem","korrep","kordcl","koroth","jpndem","jpnrep","jpndcl","jpnoth","chidem","chirep","chidcl","chioth","inddem","indrep","inddcl","indoth","vietdem","vietrep","vietdcl","vietoth","fildem","filrep","fildcl","filoth","demmunk","demm1824","demm2534","demm3544","demm4554","demm5564","demm65pl","demfunk","demf1824","demf2534","demf3544","demf4554","demf5564","demf65pl","repmunk","repm1824","repm2534","repm3544","repm4554","repm5564","repm65pl","repfunk","repf1824","repf2534","repf3544","repf4554","repf5564","repf65pl","dclmunk","dclm1824","dclm2534","dclm3544","dclm4554","dclm5564","dclm65pl","dclfunk","dclf1824","dclf2534","dclf3544","dclf4554","dclf5564","dclf65pl","othmunk","othm1824","othm2534","othm3544","othm4554","othm5564","othm65pl","othfunk","othf1824","othf2534","othf3544","othf4554","othf5564","othf65pl","dreg1g","dreg2g","dreg3g","dreg4g","dreg5g","dreg6g","dreg7g","dreg8g","dreg9g","rreg1g","rreg2g","rreg3g","rreg4g","rreg5g","rreg6g","rreg7g","rreg8g","rreg9g","ireg1g","ireg2g","ireg3g","ireg4g","ireg5g","ireg6g","ireg7g","ireg8g","ireg9g","oreg1g","oreg2g","oreg3g","oreg4g","oreg5g","oreg6g","oreg7g","oreg8g","oreg9g"
"s25","voters","0010101","1001","617","163","23","6","13","7","0","7","0","165","402","599","296","82","89","32","4","2","2","0","0","0","1","0","1","0","0","0","0","0","0","0","6","0","2","0","2","0","0","1","59","22","18","3","0","20","29","17","26","43","74","7","47","65","52","63","69","105","0","12","17","13","11","12","26","0","6","8","5","14","19","20","3","15","15","7","10","12","13","1","18","14","18","14","10","15","0","4","3","5","4","7","4","0","5","6","6","6","5","1","333","116","64","20","17","5","16","2","44","117","25","11","1","1","0","0","0","8","96","28","14","9","4","4","3","2","5","33","13","8","1","0","0","1","0","0"
"s25","voters","0010104","965","607","146","30","12","6","5","0","6","0","153","414","551","283","73","80","25","1","2","1","0","0","0","0","0","1","0","0","0","3","1","1","0","4","3","2","0","0","0","2","0","36","16","6","4","2","26","29","35","29","57","64","7","54","51","47","51","82","73","0","3","10","14","13","19","12","0","3","9","17","13","15","18","2","19","21","7","7","13","5","2","11","15","11","19","14","7","0","3","6","9","2","3","4","0","7","5","8","4","5","3","329","117","78","11","19","4","7","3","39","85","29","16","1","4","0","0","3","8","105","21","14","7","0","0","1","0","5","37","13","3","5","0","0","0","0","1"
"s25","voters","0010145","1945","1062","462","71","9","7","21","0","10","0","303","861","1084","431","127","105","38","19","17","6","3","0","0","0","0","4","0","2","0","10","1","1","1","5","1","1","1","0","0","0","0","27","12","6","1","2","21","46","42","52","87","165","4","50","81","77","83","123","229","4","10","21","38","45","48","78","0","3","13","25","40","53","84","1","12","24","30","27","24","32","3","21","30","36","16","28","19","0","8","4","10","5","11","14","2","8","11","8","9","14","14","585","175","112","33","39","7","11","6","94","267","60","58","14","9","1","7","5","41","183","40","31","19","11","2","4","1","12","79","13","14","2","2","1","2","1","4"
"s25","voters","0010146","1029","660","142","29","12","11","8","0","4","0","163","423","606","367","71","85","35","4","3","1","0","1","0","1","0","1","0","1","0","1","1","2","0","6","4","3","1","0","0","0","0","15","1","2","1","2","23","24","14","33","57","86","8","55","56","44","46","75","137","0","5","15","17","12","19","18","0","3","4","10","7","15","17","1","7","18","10","8","9","13","3","28","13","16","13","14","10","0","4","5","3","6","6","8","0","6","3","7","5","6","5","397","106","72","15","18","3","8","5","36","98","16","14","3","0","1","2","2","6","101","29","17","7","5","0","0","0","4","42","10","11","0","0","0","0","1","0"
"s25","voters","0010147","1477","933","256","53","14","8","10","0","8","1","194","607","870","432","92","78","40","12","6","2","0","1","2","1","0","6","0","0","0","0","6","4","2","3","0","1","0","0","1","2","0","41","16","8","5","11","22","38","26","33","67","154","5","59","78","51","71","105","213","1","7","14","20","22","27","41","1","4","14","19","17","27","42","0","6","10","12","12","18","27","0","18","33","10","13","13","22","0","3","5","7","6","9","9","2","5","14","4","10","8","12","546","145","95","28","32","8","18","3","58","167","36","33","3","4","1","2","0","10","120","26","24","11","5","1","1","0","6","61","22","8","0","1","0","0","0","2"
"s25","voters","0010160","1071","635","201","30","3","4","2","0","4","0","192","468","603","226","69","84","16","8","4","1","0","0","0","0","0","1","1","1","0","5","1","0","1","40","4","18","0","4","4","1","0","39","13","20","3","3","26","36","22","42","59","67","5","58","51","39","61","75","91","1","4","14","15","17","26","24","0","5","9","9","18","32","27","3","9","24","12","10","13","14","2","28","17","22","13","17","8","0","3","3","3","5","4","9","0","0","7","2","1","2","4","340","104","75","24","24","0","20","13","35","126","29","18","4","3","3","2","4","12","116","32","20","11","3","3","4","0","3","29","9","1","2","1","1","0","0","0"
"s25","voters","0010162","1402","842","230","52","8","13","8","0","1","0","248","607","795","260","78","85","28","10","2","1","0","3","0","1","0","1","3","0","1","3","5","5","2","58","21","48","2","3","2","3","2","44","22","13","3","1","50","42","32","44","75","82","4","69","71","56","90","126","100","0","11","22","16","26","31","16","0","7","15","13","26","21","26","1","24","23","15","17","22","16","2","18","28","21","18","30","13","0","4","4","6","6","14","7","0","8","8","3","7","9","6","438","160","108","16","25","6","20","16","53","144","32","26","6","7","1","3","2","9","154","29","27","16","7","0","1","2","12","52","15","9","4","2","0","0","0","0"
"s25","voters","0010163","1883","1183","335","65","12","15","12","0","5","0","256","825","1058","461","117","102","36","11","4","3","2","0","1","2","1","1","1","0","0","9","2","2","0","49","18","15","5","3","7","4","1","58","27","19","3","5","62","58","44","70","92","126","10","96","86","76","121","156","181","0","15","26","22","34","44","48","3","9","18","21","28","36","31","0","23","16","22","29","26","16","1","22","22","20","18","17","24","0","7","5","7","6","18","4","0","15","12","4","11","9","11","639","199","141","33","43","11","28","17","72","207","35","44","8","9","1","7","2","22","146","39","29","17","6","1","1","3","14","71","15","14","5","0","0","1","0","3"
"s25","voters","0010164","1418","969","186","37","7","4","4","0","10","0","201","551","867","584","99","129","40","3","4","0","1","1","0","0","0","1","1","0","1","2","2","2","0","9","3","0","1","2","0","1","0","82","25","20","3","3","34","50","44","41","71","127","4","93","99","69","60","80","194","0","4","13","14","6","22","17","0","11","15","18","18","14","34","2","17","16","9","8","16","13","4","35","24","15","12","11","19","1","5","6","4","1","1","6","1","13","6","4","4","6","4","499","165","131","24","28","3","28","6","85","125","19","19","4","6","2","4","0","7","136","27","15","12","2","2","2","1","4","36","13","8","1","1","0","3","0","0"
"s25","voters","0010171","1409","908","254","45","8","5","6","0","3","0","180","560","849","589","137","117","38","3","4","0","0","0","0","0","0","0","0","0","0","0","0","2","0","11","4","3","0","0","2","0","0","18","9","9","3","3","42","30","23","48","62","122","3","91","72","67","49","84","212","1","10","11","18","31","21","40","4","10","12","19","14","13","50","4","14","17","10","4","10","9","4","21","26","13","19","12","17","1","3","2","4","4","4","12","1","9","5","7","3","5","7","465","152","119","21","30","2","12","6","101","157","32","28","7","6","0","3","0","21","110","21","21","13","3","1","4","1","6","43","15","7","1","1","0","0","0","0"
"s25","voters","0010179","1412","985","137","40","12","14","6","0","6","0","212","545","867","551","66","125","40","3","0","1","0","2","0","2","0","1","0","0","0","4","4","7","1","8","0","0","2","1","0","0","0","13","4","3","0","4","37","44","47","35","76","111","7","104","89","91","80","113","147","1","8","8","11","8","17","22","0","6","7","11","10","7","21","2","33","16","9","8","4","15","7","36","29","15","15","13","10","0","3","4","3","6","7","6","0","12","7","12","7","3","8","517","172","143","30","25","1","20","7","70","91","14","15","0","0","0","1","4","12","141","26","20","7","11","1","1","1","4","40","17","14","0","1","2","0","1","3"
"s25","voters","0010180","1051","673","173","24","7","5","3","0","3","0","163","463","588","409","83","110","25","0","5","1","2","0","0","0","0","1","2","2","1","1","1","2","0","8","0","2","1","0","9","1","0","10","4","4","0","4","36","36","37","41","48","71","5","54","61","64","62","66","88","1","7","10","14","16","14","24","1","9","12","14","11","18","22","2","18","12","11","18","8","8","2","19","19","15","11","8","12","0","6","4","5","3","7","2","0","5","4","1","2","3","0","347","106","93","25","26","2","12","8","54","101","25","30","3","6","0","2","1","5","96","21","20","13","5","1","3","1","3","31","5","5","0","0","0","1","0","0"
"s25","voters","0010201","1356","711","360","57","5","11","12","0","3","0","197","538","818","288","100","76","25","13","7","3","2","2","2","1","0","3","0","2","0","8","3","6","2","5","3","0","0","3","6","6","0","33","11","4","3","1","22","33","29","30","46","96","4","49","50","47","58","78","168","0","13","12","20","24","33","51","0","8","11","23","38","36","91","0","9","17","12","14","15","24","1","13","19","16","15","16","26","0","6","4","7","5","8","7","1","9","6","8","8","11","8","406","119","86","24","14","4","6","1","51","194","50","52","14","3","1","5","3","38","98","37","24","16","6","0","5","3","8","54","20","9","1","1","0","3","0","0"
"s25","voters","0010202","2431","1188","731","123","3","11","30","0","3","0","342","1072","1359","326","135","87","37","16","21","3","2","5","4","2","0","8","7","5","2","24","19","10","4","27","13","20","0","25","37","12","3","58","48","22","14","1","42","53","46","58","104","157","8","76","90","78","112","151","212","1","21","13","38","70","101","111","3","17","26","53","66","77","134","2","27","27","17","26","26","43","4","27","25","27","35","26","30","3","13","13","6","13","18","22","0","6","9","12","22","16","17","643","201","161","41","24","1","19","8","90","397","110","102","18","18","4","6","2","74","191","50","39","21","9","1","7","3","21","103","26","21","8","3","1","3","2","3"
"s25","voters","0010203","1071","595","273","41","6","6","5","0","5","0","140","423","648","171","56","42","11","17","7","4","2","2","0","0","0","3","2","1","1","12","3","5","0","2","3","0","2","5","8","4","0","27","3","6","3","1","13","18","20","30","36","94","2","33","42","35","45","46","180","1","5","8","13","20","23","53","2","8","5","16","15","18","86","1","4","10","14","9","7","11","1","10","14","14","3","5","37","0","3","4","3","4","5","13","0","6","3","2","4","6","10","340","97","77","18","16","1","7","7","32","161","42","27","3","8","0","2","2","28","80","22","16","8","3","1","1","2","7","39","14","5","2","0","0","0","0","3"
"s25","voters","0010204","1617","783","547","73","7","10","12","0","2","0","183","748","869","251","123","62","33","11","8","0","1","1","1","0","0","14","5","3","0","9","12","4","2","12","6","9","1","5","6","3","1","37","22","11","3","0","30","20","36","40","52","159","3","37","50","45","65","69","177","1","14","13","25","33","51","128","1","8","23","37","34","54","125","1","11","10","15","20","16","23","1","13","9","14","15","15","20","0","3","12","6","7","10","12","4","7","11","6","6","7","13","392","134","101","32","27","4","3","10","80","282","75","69","18","13","2","5","2","81","95","36","18","14","3","0","3","1","13","55","23","19","3","1","1","1","0","1"
"s25","voters","0010206","2049","971","663","112","9","15","14","0","7","0","258","870","1179","320","142","75","45","16","16","2","1","4","1","0","2","9","6","2","1","17","9","7","1","8","7","6","1","9","4","6","2","25","13","6","7","1","30","34","52","47","58","131","11","48","67","78","79","104","231","2","20","20","56","35","63","126","0","11","17","39","47","78","149","1","14","16","22","22","19","28","2","24","27","24","15","27","17","0","6","12","11","13","10","21","0","7","5","12","14","18","28","517","170","118","31","27","9","14","5","80","324","97","86","24","13","3","9","9","98","160","25","36","13","7","1","2","4","10","103","30","19","0","1","0","2","0","2"
"s25","voters","0010207","2317","1051","823","95","6","8","18","0","9","0","307","993","1324","333","163","87","51","22","25","9","2","9","0","3","0","11","2","0","0","15","7","9","1","5","1","2","0","8","3","2","2","29","17","8","1","3","30","43","50","49","61","148","9","57","86","70","96","108","241","2","24","27","46","53","88","162","1","14","31","48","71","73","183","3","17","13","24","27","23","37","5","24","18","34","20","24","38","2","5","11","6","11","12","16","1","10","11","9","12","10","20","591","180","112","29","23","2","10","8","96","436","124","99","29","21","7","5","5","97","172","49","31","22","7","0","5","2","19","81","27","11","4","5","0","1","2","5"
"s25","voters","0010213","1648","916","390","62","4","12","12","0","5","0","247","693","955","339","120","78","20","4","7","2","2","1","2","1","0","1","0","0","0","21","10","7","2","25","5","11","3","24","20","12","7","37","31","13","1","3","27","28","48","40","62","128","5","81","79","65","78","102","170","1","10","24","31","19","49","68","1","7","19","24","26","37","74","1","13","17","12","16","23","25","0","20","30","30","17","19","24","0","1","3","11","7","8","18","1","6","3","5","4","13","15","524","154","117","29","25","7","13","2","45","234","62","43","12","6","2","3","0","28","147","43","30","10","6","2","3","0","6","60","18","13","3","1","0","0","0","0"
"s25","voters","0010217","1169","595","341","57","4","5","12","0","1","0","154","502","667","220","97","55","21","15","8","1","4","3","1","2","0","3","2","2","0","5","6","1","1","3","0","2","0","7","1","4","1","11","11","6","1","4","16","21","27","34","40","77","6","43","40","48","52","74","113","0","9","14","26","19","37","67","0","7","14","27","21","36","64","1","7","15","12","11","9","18","3","11","14","16","8","14","15","1","6","3","8","3","7","10","1","4","9","6","6","4","11","337","98","58","22","16","2","16","5","41","197","47","49","6","5","2","2","4","29","93","17","17","7","4","3","2","6","5","54","10","7","2","0","1","1","1","3"
"s25","voters","0010230","1848","873","640","69","7","9","16","0","6","0","228","841","1007","268","149","49","31","18","11","2","1","0","4","0","1","4","8","1","0","25","13","12","4","30","14","11","3","33","28","15","3","49","27","22","5","2","36","36","33","60","79","125","5","57","50","57","90","102","141","0","16","16","36","59","67","107","0","26","17","44","69","69","114","2","11","21","15","30","15","19","2","16","17","23","22","14","21","0","9","8","9","9","10","11","3","6","7","6","11","11","7","442","159","123","32","23","7","12","6","69","356","112","71","15","16","4","5","6","55","122","37","22","11","8","2","5","7","14","70","17","7","6","2","1","0","0","4"
"s25","voters","0010237","1317","633","400","56","4","11","9","0","4","0","200","573","744","160","94","38","23","11","6","5","1","12","0","1","0","2","7","0","0","27","14","7","1","29","8","24","4","14","12","9","2","55","33","26","6","2","20","16","35","49","38","70","3","45","45","58","81","70","101","1","9","8","42","39","46","54","2","10","14","33","49","39","54","2","24","8","22","23","12","10","2","15","12","25","25","7","13","2","7","5","7","10","8","4","1","5","6","10","11","3","5","372","116","77","10","15","9","5","1","28","237","67","54","15","4","4","5","1","13","131","29","19","8","6","2","2","0","3","49","19","13","1","0","1","0","0","1"
"s25","voters","0010249","1792","941","542","61","4","7","10","0","7","0","220","772","1020","250","97","51","28","20","11","8","3","2","1","0","0","9","10","2","0","16","19","14","1","16","1","12","0","9","7","5","2","28","15","4","1","1","19","41","28","39","76","146","4","47","54","49","68","99","270","1","9","19","19","34","67","121","0","5","15","14","29","53","156","1","5","15","19","14","17","42","0","7","14","14","10","20","42","0","4","4","6","3","5","17","0","5","4","9","8","8","16","547","168","107","28","20","1","9","2","59","301","82","63","20","7","4","1","2","62","134","29","28","8","7","1","2","1","10","60","18","9","2","0","0","0","0","0"
"s25","voters","0010256","1113","663","238","27","10","9","7","0","6","0","153","492","621","298","70","60","23","3","5","1","0","0","0","1","0","1","0","1","0","2","3","6","0","4","4","2","1","1","1","1","1","30","16","11","1","6","31","29","37","42","53","69","2","42","48","50","69","74","111","0","4","9","18","22","28","38","0","4","14","14","15","31","41","4","7","16","9","18","12","12","2","14","11","16","17","7","8","2","2","7","2","7","3","5","0","7","6","3","9","2","4","361","130","83","21","9","7","8","8","36","143","25","29","8","5","1","4","0","23","97","21","15","10","5","0","1","2","2","41","5","9","0","1","1","2","0","0"
"s25","voters","0010258","1195","718","224","59","8","8","7","0","4","0","167","496","699","237","61","55","26","15","5","4","0","1","0","1","0","1","3","1","0","5","8","5","1","9","1","4","1","1","2","0","0","12","12","7","2","4","23","47","29","36","49","87","2","38","78","53","67","60","145","0","8","18","12","22","23","38","0","3","7","19","20","20","34","0","8","10","15","13","7","19","0","17","20","15","15","12","16","0","2","7","5","2","7","5","0","7","15","7","8","11","10","449","116","83","17","16","5","5","4","23","142","33","23","5","3","0","1","0","17","102","24","14","10","5","0","2","1","9","57","12","13","1","0","1","1","0","1"
"s25","voters","0010264","1770","952","441","67","10","13","12","0","0","0","275","782","988","372","137","109","37","10","7","4","0","3","1","1","0","2","1","0","0","17","10","11","1","33","12","19","5","29","18","9","3","36","27","12","5","2","26","50","50","38","85","136","4","73","64","58","65","91","210","1","12","18","23","28","33","93","1","10","15","23","22","34","128","2","16","28","14","15","20","35","0","31","26","23","14","14","37","0","4","8","9","10","7","19","1","6","6","8","3","7","14","548","170","104","21","25","6","15","3","60","254","69","53","13","13","1","3","0","35","139","49","32","22","13","1","5","2","12","62","19","16","2","0","1","0","1","1"
"s25","voters","0010267","994","551","237","37","10","8","8","0","4","0","139","388","606","210","56","46","16","5","2","2","0","0","1","0","0","2","0","1","0","6","6","8","0","2","1","2","2","2","1","0","1","12","5","5","6","3","15","17","23","19","45","83","4","34","35","38","44","50","141","0","5","7","16","15","23","43","1","3","6","13","20","16","69","1","7","7","7","6","9","9","1","18","15","14","12","10","23","0","3","3","4","6","5","7","0","7","7","6","5","9","5","322","77","62","17","12","2","9","1","49","149","22","31","4","9","0","3","1","18","96","15","11","11","1","1","0","0","4","42","11","9","4","0","0","0","0","1"
"s25","voters","0010268","1212","696","254","42","3","7","12","0","6","0","192","506","706","308","75","72","14","6","3","1","0","1","0","0","0","0","0","0","0","21","15","11","5","21","9","9","0","10","18","5","5","38","19","11","1","3","21","28","34","40","57","73","3","49","69","48","67","70","134","0","2","12","20","20","29","44","1","7","8","14","14","37","46","1","11","17","16","12","14","17","2","17","21","16","15","15","18","0","3","8","5","7","4","8","1","9","6","5","7","5","2","370","109","83","26","19","10","17","4","58","144","27","38","6","10","0","4","0","25","107","21","27","8","5","7","7","1","9","48","16","2","2","1","0","0","0","1"
"s25","voters","0010272","1834","1007","465","70","6","20","15","0","8","0","243","764","1070","405","116","104","51","13","20","9","3","3","1","1","0","7","2","1","3","3","8","6","3","4","9","2","2","4","1","0","0","39","9","2","2","1","17","36","43","49","73","149","5","46","77","77","72","99","263","1","7","15","34","38","45","84","1","6","19","32","45","42","96","1","15","25","22","14","12","22","2","27","19","17","16","22","29","0","3","11","6","10","14","17","1","10","6","7","7","14","13","581","141","127","32","25","6","14","5","76","223","76","70","13","20","2","7","3","51","144","28","31","16","7","2","2","2","11","78","16","14","5","2","0","0","0","4"
"s25","voters","0010276","1445","820","380","59","2","11","5","0","5","0","163","539","906","286","89","57","13","6","11","0","1","2","0","0","0","4","2","1","0","5","8","1","1","7","2","3","2","0","1","2","0","17","5","3","4","2","23","37","25","33","52","100","4","52","65","59","57","94","217","1","15","15","18","24","35","56","0","12","13","22","32","38","99","1","9","12","15","8","8","20","0","14","16","14","8","11","27","0","1","7","1","5","5","11","1","6","6","9","2","11","17","471","131","93","35","22","3","9","4","52","233","57","36","11","8","0","7","0","28","98","26","18","8","3","1","3","0","6","59","11","7","1","1","0","1","1","1"
"s25","voters","0011130","1189","572","386","54","5","7","17","0","4","1","143","529","660","231","65","50","23","19","14","4","5","0","1","1","0","3","2","0","0","11","6","3","1","2","4","2","1","0","3","4","0","14","11","6","2","3","18","29","27","29","52","75","4","18","47","33","48","54","135","2","7","13","25","22","49","75","0","6","15","26","24","37","85","0","10","9","10","12","5","17","3","13","13","14","10","8","19","0","1","6","5","3","4","21","0","9","5","5","6","11","12","301","101","71","22","14","3","11","2","47","218","44","54","8","17","1","3","2","39","78","28","16","5","5","1","2","2","6","55","13","14","0","1","2","1","0","2"
"s25","voters","0011215","978","554","224","38","3","9","12","0","1","0","137","403","575","236","51","53","22","3","5","3","1","3","2","0","0","1","1","0","0","12","3","4","0","5","1","4","1","4","2","2","1","10","12","4","2","2","15","31","27","27","34","76","5","33","45","35","41","56","127","1","4","12","19","11","20","40","0","4","6","12","10","28","57","0","5","10","14","4","10","10","1","15","16","15","9","13","15","0","1","5","6","3","8","8","0","6","5","6","1","3","11","312","98","58","13","22","3","7","0","41","132","32","29","4","3","1","1","1","21","90","13","14","7","1","2","1","3","6","42","14","6","1","0","0","0","0","0"
"s25","voters","0011217","1644","886","419","86","4","16","12","0","6","0","215","728","916","229","75","46","40","26","9","8","3","1","0","1","0","11","0","5","0","8","4","2","2","5","0","1","0","1","1","0","0","8","6","4","2","4","17","39","46","41","55","145","2","33","49","64","69","84","238","1","13","12","19","25","45","99","1","1","15","15","25","47","101","0","8","17","11","14","21","37","1","11","19","14","14","17","31","1","4","7","9","10","11","17","1","5","2","8","10","14","25","466","140","127","39","18","3","11","5","77","231","60","38","10","8","2","6","1","63","118","36","29","8","7","0","2","0","15","90","12","10","7","3","1","0","0","1"
"s25","voters","0011304","2132","966","693","86","8","21","14","0","4","0","340","944","1188","235","121","60","24","14","17","5","0","8","3","4","2","20","6","1","2","31","21","41","5","41","21","26","4","14","9","9","1","50","17","16","3","7","43","37","43","60","69","113","6","62","63","65","97","139","162","3","23","24","47","82","67","106","4","7","31","43","67","71","118","2","16","19","21","33","24","39","1","20","21","29","34","42","39","0","8","2","12","17","17","10","3","9","5","7","17","14","12","556","171","102","33","15","6","4","5","74","376","103","95","20","21","6","3","3","66","194","60","40","12","9","4","5","3","13","79","33","15","3","1","0","0","0","2"
"s25","voters","0011305","1593","569","731","64","5","8","14","0","3","1","198","762","831","100","57","31","14","12","27","1","1","1","1","0","0","14","18","5","0","29","33","16","4","34","13","18","3","16","6","4","2","12","15","9","2","4","16","13","23","22","41","116","6","12","29","30","39","56","162","4","18","20","22","47","84","186","1","10","11","20","64","77","167","1","9","10","7","19","23","36","0","6","7","14","17","19","30","0","2","3","4","6","7","19","0","8","7","5","9","10","15","338","81","68","15","4","1","4","2","56","419","97","69","26","18","3","11","3","85","116","14","28","6","7","4","5","0","18","57","15","13","2","1","1","0","1","5"
"s25","voters","0011311","2180","1084","633","85","3","14","16","0","7","0","338","1010","1170","337","165","90","25","7","19","4","4","4","3","0","0","0","3","3","0","36","15","15","6","32","18","22","3","25","22","16","3","72","39","33","7","6","37","50","63","79","94","120","11","64","76","95","123","118","148","1","31","26","50","82","78","65","2","16","26","50","79","56","71","3","22","24","28","32","25","18","4","24","34","31","40","29","24","1","6","8","13","21","11","16","1","11","9","7","6","4","11","694","183","97","23","23","2","6","3","53","387","85","70","21","13","1","10","5","41","198","63","31","14","8","2","0","2","20","79","21","18","2","1","0","0","0","4"
"s25","voters","0011333","934","500","270","35","4","2","5","0","3","0","115","374","560","115","55","29","15","10","6","1","4","0","1","0","0","0","0","0","0","14","8","3","1","4","4","1","2","4","9","4","0","11","13","5","0","1","9","16","22","20","36","69","2","19","41","32","40","79","114","0","5","13","14","20","24","55","0","7","11","17","13","30","61","0","1","7","8","6","7","17","0","9","14","14","11","7","14","1","0","7","5","4","3","4","0","6","4","4","3","3","5","288","85","60","15","16","2","3","3","28","161","38","34","6","4","2","1","1","23","73","10","17","7","2","0","2","0","4","32","10","6","0","0","0","1","0","0"
"s25","voters","0011360","2461","1135","887","115","8","12","17","0","8","0","279","1084","1377","248","94","50","28","42","32","10","7","2","0","2","0","18","8","2","1","14","20","6","0","2","1","2","0","8","1","5","1","25","15","6","8","3","19","52","53","61","52","190","2","40","74","79","93","105","312","2","22","31","49","46","97","184","1","17","22","45","57","77","237","1","14","14","23","17","25","51","4","12","12","16","21","19","50","0","10","9","5","10","8","36","0","12","10","10","12","15","23","645","184","132","39","23","4","12","7","89","457","125","95","30","31","5","3","7","134","147","39","31","24","9","3","1","1","24","98","36","14","5","3","0","0","0","4"
"s25","voters","0011394","238","135","55","14","2","1","0","0","1","0","30","99","139","42","15","6","6","0","3","1","2","0","0","0","0","0","3","1","1","3","1","1","0","5","1","2","0","1","1","0","0","9","7","2","2","0","4","5","9","6","10","13","0","12","17","11","13","17","18","0","3","5","2","9","7","4","0","2","2","3","8","6","4","0","2","1","3","3","2","3","0","2","2","1","5","4","2","0","1","0","0","1","3","3","0","1","3","2","1","0","3","98","21","11","1","1","0","0","0","3","40","5","2","0","2","1","1","1","3","17","3","5","1","0","0","3","0","1","14","3","1","0","0","0","0","0","0"
"s25","voters","0011403","1245","699","294","31","5","9","6","0","2","0","199","538","707","174","70","34","12","8","2","2","3","3","1","0","0","1","1","0","0","25","11","11","0","57","18","28","1","31","40","19","2","37","15","17","4","2","25","27","30","43","67","78","4","54","65","52","77","83","92","3","14","13","23","35","29","36","0","5","17","25","29","30","35","2","15","15","13","24","11","13","1","21","19","20","20","10","15","0","5","2","5","4","4","0","1","3","13","6","5","4","1","412","124","76","18","13","0","7","3","46","185","49","25","12","3","0","4","1","15","131","28","15","12","5","3","0","0","5","34","12","5","1","1","0","0","0","0"
"s25","voters","0011408","1400","788","321","43","5","5","8","0","5","0","225","609","791","297","78","69","25","10","3","0","0","4","2","2","0","1","1","0","0","22","8","8","5","52","10","34","0","20","26","13","4","58","42","21","7","4","43","37","37","54","67","71","7","77","67","62","93","78","91","3","13","15","19","32","41","35","0","7","11","27","42","37","39","1","18","22","16","17","18","18","2","22","21","19","18","12","21","0","5","4","4","8","4","3","3","6","5","5","6","8","5","408","144","94","35","38","4","14","8","43","200","51","39","3","3","1","1","2","21","121","33","27","21","8","2","6","1","6","48","7","5","3","0","0","1","0","2"
"s25","voters","0011410","1807","969","436","70","6","13","4","0","5","0","304","805","1002","305","118","86","31","7","5","1","2","0","4","0","0","3","1","0","1","41","21","24","5","77","33","41","6","49","44","26","7","39","33","12","3","1","34","63","41","71","85","93","6","79","115","73","94","97","117","2","25","19","20","55","51","48","2","15","20","26","51","43","59","0","20","30","17","29","26","30","1","20","25","26","31","28","21","0","4","6","7","10","9","9","0","10","7","7","12","7","10","544","181","126","18","22","8","16","6","48","259","64","64","5","9","1","2","4","28","173","49","29","22","7","2","6","4","12","57","18","12","3","4","0","2","0","2"
"s25","voters","0020501","1486","759","290","40","3","8","7","0","5","0","374","661","825","147","48","42","11","11","2","4","1","3","2","1","0","9","1","0","0","17","13","14","3","79","14","63","2","1","12","5","1","37","23","21","3","4","36","15","32","104","54","53","8","69","33","73","153","61","64","1","15","3","30","47","34","16","1","8","4","32","60","18","21","5","20","11","27","66","35","17","4","27","12","32","68","26","24","1","4","1","9","8","7","6","0","4","3","4","11","0","5","438","152","90","19","33","8","11","4","4","176","49","38","4","11","2","2","3","5","215","61","42","27","12","3","5","4","5","42","7","8","1","2","0","0","2","1"
"s25","voters","0020502","1936","1007","382","61","5","16","16","0","8","0","441","867","1069","203","77","52","21","15","15","1","1","6","4","6","0","5","0","3","0","20","10","22","2","104","14","86","7","13","15","19","2","60","21","18","9","7","42","34","42","114","84","77","8","97","59","85","174","94","90","4","16","13","31","54","41","36","1","14","13","36","51","44","28","2","19","23","38","68","45","26","3","31","20","47","64","28","27","2","7","5","6","14","11","6","3","10","4","12","7","14","5","565","199","111","30","29","8","15","12","38","239","46","49","9","5","3","7","6","18","274","55","38","29","21","6","6","4","8","68","22","8","3","1","0","2","0","2"
"s25","voters","0020507","1325","653","262","33","2","21","5","0","10","0","339","574","751","79","29","19","8","9","5","4","1","10","0","1","1","2","0","3","0","17","9","16","4","110","35","66","10","10","9","9","2","45","17","9","4","6","25","18","42","94","33","35","8","52","31","103","97","50","59","1","2","10","45","45","15","15","2","4","13","46","37","11","16","2","14","10","26","74","17","8","5","21","13","63","68","12","6","0","3","1","11","13","5","4","2","5","2","11","11","1","2","411","147","76","9","2","0","3","1","4","178","42","29","9","4","0","0","0","0","224","62","39","10","3","0","0","0","1","51","9","10","1","0","0","0","0","0"
"s25","voters","0030510","1910","891","611","91","8","13","17","0","10","0","269","869","1041","428","144","120","38","18","15","2","3","0","0","0","0","4","1","1","0","5","2","1","0","12","5","0","2","5","0","8","4","16","18","9","2","4","35","48","36","56","79","106","9","54","74","65","76","84","165","1","13","40","49","47","58","93","0","14","32","48","45","61","110","3","15","32","19","21","21","25","2","18","20","25","24","18","26","0","13","10","5","9","13","18","1","8","12","6","14","16","14","514","147","87","27","22","7","9","1","77","370","72","71","19","11","8","2","4","54","167","25","34","15","9","1","3","0","15","93","23","14","1","1","0","2","0","5"
"s25","voters","0030513","1605","815","452","70","9","9","17","0","6","0","227","746","859","343","99","83","33","7","5","3","3","3","1","0","0","6","0","0","0","11","7","4","1","16","1","10","2","2","4","2","2","33","13","20","4","2","25","41","29","34","70","128","5","50","54","59","62","91","165","2","13","25","33","44","56","66","0","7","24","30","25","54","73","1","25","18","21","23","21","18","2","12","12","25","11","22","16","0","5","6","9","10","14","7","4","12","10","6","8","10","10","450","133","89","34","18","4","12","5","70","269","53","46","9","14","1","8","2","50","127","28","34","16","6","4","5","1","6","65","18","15","3","4","3","1","1","1"
"s25","voters","0030518","1438","709","421","50","6","9","10","0","3","0","230","654","784","262","80","52","22","8","6","1","0","4","0","3","4","1","2","0","0","15","2","12","0","34","7","14","1","6","2","1","0","28","22","13","4","0","15","40","34","40","74","76","5","58","59","53","75","91","89","3","14","24","28","37","75","40","0","16","21","25","43","62","33","2","22","23","11","22","22","17","4","14","17","24","21","15","16","1","3","9","3","8","6","5","1","5","7","8","9","8","5","462","99","62","18","15","2","7","3","41","253","60","47","6","12","1","2","4","36","136","32","18","13","8","3","2","1","17","55","12","3","2","1","0","1","0","4"
"s25","voters","0030519","2272","1156","588","96","1","16","10","0","9","0","396","1019","1253","355","122","111","29","12","21","10","3","6","4","4","0","9","3","1","0","16","4","11","0","89","34","49","8","17","7","14","1","59","24","25","3","6","35","41","42","87","117","137","12","80","75","81","136","122","185","1","26","21","36","80","68","57","0","15","28","32","87","68","69","3","30","23","26","43","45","30","6","30","19","21","50","32","38","1","9","4","7","17","16","11","1","9","4","12","16","13","12","639","206","134","49","24","5","18","12","69","335","95","65","21","13","1","2","5","51","200","73","50","26","19","4","4","1","19","78","22","18","7","1","1","0","1","4"
"s25","voters","0030520","1988","963","582","89","10","13","16","0","5","0","310","915","1073","311","116","86","24","19","19","5","2","4","0","4","0","7","5","2","0","17","16","10","1","48","8","16","4","22","21","9","4","29","18","12","6","6","29","56","34","55","96","120","7","59","70","62","104","126","139","1","17","25","29","57","92","76","1","14","30","32","42","84","82","0","17","19","28","28","33","28","0","19","20","28","28","36","26","0","5","12","11","6","19","16","0","7","8","8","20","14","7","561","154","109","31","24","5","5","11","63","313","89","80","19","17","2","3","7","52","165","49","35","23","11","2","6","4","15","73","33","15","5","4","0","1","0","2"
"s25","voters","0030521","983","537","188","28","2","10","8","0","4","0","206","441","542","87","26","30","13","6","0","1","1","1","1","1","0","1","0","1","0","16","9","6","4","117","26","54","8","9","3","2","0","23","9","10","2","2","17","23","45","65","38","31","4","32","31","96","76","45","32","0","4","12","24","34","12","14","1","4","13","22","23","8","17","1","7","7","22","26","24","8","2","11","10","31","32","15","10","0","3","1","6","4","7","4","0","1","5","10","4","4","3","366","114","45","12","0","0","0","0","0","139","30","12","7","0","0","0","0","0","142","44","14","6","0","0","0","0","0","38","8","6","0","0","0","0","0","0"
"s25","voters","0030534","2112","1045","601","91","6","16","14","0","5","0","334","1003","1109","388","150","95","35","12","18","4","4","1","0","0","0","4","2","1","0","13","3","11","1","30","8","20","4","6","6","1","2","34","10","5","2","5","40","47","58","60","92","140","5","66","89","75","95","99","174","1","12","34","42","48","79","99","0","12","32","35","45","83","79","2","22","25","25","32","28","40","2","24","19","29","26","35","25","0","13","7","10","11","13","18","0","7","11","6","12","12","12","557","193","139","36","26","5","14","14","61","342","77","84","17","19","5","8","4","45","171","50","48","12","11","3","3","4","32","83","23","19","2","1","1","1","0","2"
"s25","voters","0030537","1392","636","446","63","4","11","8","0","1","0","223","648","744","135","78","51","16","11","11","5","0","11","5","1","0","3","1","1","0","16","14","9","2","46","12","14","6","4","8","0","1","19","19","7","4","1","22","32","14","42","85","68","6","43","42","33","64","87","97","1","20","10","39","40","51","58","0","17","11","36","53","51","59","2","15","16","15","21","26","22","1","17","12","12","22","17","25","0","6","8","1","11","12","10","0","9","5","4","7","10","4","360","98","72","32","22","4","2","7","39","245","70","55","17","6","4","4","5","40","128","35","24","14","5","3","4","0","10","52","14","12","4","0","0","1","2","2"
"s25","voters","0030546","1569","855","334","49","2","8","14","0","1","0","306","698","871","260","66","52","19","7","7","3","0","2","0","0","0","3","0","0","0","28","13","10","2","89","27","74","5","18","8","8","0","51","25","15","9","6","35","42","38","62","83","73","8","70","85","62","92","114","85","3","11","16","25","32","58","37","1","11","8","18","35","45","34","2","16","19","20","30","26","24","4","22","31","20","48","21","23","0","5","8","6","6","10","5","0","10","5","5","3","11","0","500","152","99","28","22","4","7","2","41","189","50","43","6","13","1","6","1","25","180","38","35","22","14","2","1","1","13","40","15","6","6","1","0","1","1","4"
"s25","voters","0030549","1959","1000","516","71","14","15","16","0","7","0","320","862","1097","468","109","127","43","21","11","6","2","0","0","0","0","2","3","3","0","2","5","5","0","19","7","18","2","4","10","4","2","31","10","15","4","3","38","36","38","54","81","134","14","82","71","79","87","104","179","2","14","28","31","42","69","93","0","7","26","21","35","62","86","0","17","28","26","20","34","32","4","23","23","22","33","28","30","1","3","7","5","6","11","9","0","24","14","8","6","13","16","567","151","119","30","25","9","8","8","83","306","77","48","13","15","2","3","5","47","195","27","25","20","19","5","9","3","17","80","26","13","4","0","0","0","0","0"
"s25","voters","0030568","1895","945","590","56","6","10","13","0","8","0","267","842","1053","321","111","84","26","14","13","4","3","4","1","2","0","3","4","1","0","3","7","8","0","58","15","15","3","3","5","2","0","37","26","9","2","3","26","50","44","42","82","122","7","61","73","58","68","128","181","1","17","18","30","41","72","112","1","8","16","36","39","84","115","3","23","28","16","27","26","18","3","19","20","24","25","17","18","0","5","5","4","5","13","9","1","10","3","8","11","11","8","511","156","121","24","30","4","11","6","82","305","91","71","20","14","2","7","5","75","155","55","28","6","5","1","1","1","15","52","19","17","1","0","2","1","0","1"
"s25","voters","0033550","1818","805","615","71","5","14","22","0","6","0","280","848","970","228","111","57","19","12","19","6","4","2","1","0","0","6","4","1","0","14","6","7","4","41","10","23","3","7","9","4","2","43","29","12","3","3","46","40","27","51","80","71","7","73","52","42","102","116","95","2","34","32","29","72","95","61","4","18","22","30","75","83","58","1","22","17","17","36","35","21","2","18","16","17","35","24","19","1","4","6","7","14","12","12","0","8","6","5","15","15","13","468","146","86","31","19","2","2","5","46","354","87","70","28","8","0","5","1","62","160","39","23","19","9","2","5","6","17","72","23","11","2","2","0","2","0","6"
"s25","voters","0033558","1835","926","476","60","7","10","16","0","12","0","328","840","995","276","96","69","22","20","16","5","8","2","1","1","0","3","0","0","0","13","17","11","0","73","13","23","1","11","6","7","4","40","13","15","7","6","38","52","42","68","70","93","9","77","66","67","121","94","123","3","15","23","45","56","66","51","1","13","14","37","50","57","45","3","24","23","24","28","30","25","5","26","21","25","31","45","18","0","8","8","9","8","17","5","1","8","11","9","9","8","4","496","165","121","42","24","4","7","3","64","289","66","45","9","16","2","5","3","41","177","53","44","24","11","1","4","3","11","62","19","11","4","4","1","1","0","3"
"s25","voters","0041401","1398","514","593","62","4","9","20","1","1","0","194","631","767","144","79","42","16","8","21","4","4","4","2","0","0","5","2","0","0","2","1","0","0","38","22","25","2","2","3","3","0","21","7","12","1","4","10","33","35","20","37","58","2","26","49","59","44","54","83","1","15","34","42","50","60","81","1","12","35","46","66","63","87","2","11","20","21","14","12","18","0","13","29","23","11","5","15","0","4","8","12","11","6","12","0","1","9","4","7","10","13","344","111","33","6","3","1","0","3","13","382","109","48","17","6","2","2","0","27","128","34","10","6","5","2","0","2","7","72","13","6","4","1","0","0","0","1"
"s25","voters","0042401","2019","666","960","94","2","13","22","0","3","0","259","901","1118","200","108","50","11","12","32","9","7","0","1","0","0","10","6","0","2","2","1","2","1","9","11","2","1","0","4","1","0","13","3","2","2","1","12","24","34","36","30","112","2","28","59","50","32","70","176","4","16","40","45","52","90","218","4","13","32","55","63","87","241","0","8","17","25","19","12","40","0","13","19","24","15","25","42","0","5","6","15","6","14","20","0","4","6","9","11","11","27","367","123","71","26","15","4","7","9","44","538","136","111","28","21","5","10","4","107","147","36","33","16","11","4","1","1","10","86","24","10","6","3","0","1","1","3"
"s25","voters","0042402","2568","739","1349","110","3","12","38","0","11","0","306","1171","1397","166","115","37","28","23","58","12","4","1","0","0","0","10","11","2","2","6","3","2","1","12","6","3","0","1","1","0","0","8","14","4","1","5","10","33","47","32","41","110","2","26","39","56","59","81","198","2","35","44","74","89","159","250","2","31","45","93","94","142","289","0","13","19","33","18","17","51","0","14","20","33","15","26","47","1","7","10","18","16","18","19","1","10","10","15","8","16","25","398","119","101","26","10","4","5","3","73","703","208","165","49","24","8","7","7","178","153","52","56","18","9","3","1","0","14","115","31","18","2","2","1","2","0","3"
"s25","voters","0042404","2133","795","904","86","5","14","24","0","3","0","302","922","1211","302","166","99","33","16","24","8","6","0","1","0","0","5","2","1","1","2","1","2","0","47","14","26","2","2","1","3","2","29","9","7","0","4","19","36","52","31","46","94","5","61","71","72","62","66","176","6","33","42","53","73","91","134","5","19","36","52","71","81","208","2","21","23","29","22","20","30","2","28","17","28","27","28","25","0","4","11","11","12","14","9","1","11","7","11","7","13","21","519","125","71","11","14","3","7","8","37","545","146","105","20","14","6","6","8","54","172","37","41","18","9","1","3","4","17","86","25","14","4","0","0","1","1","1"
"s25","voters","0042405","1267","614","341","36","4","13","13","0","8","0","238","526","741","397","90","137","31","7","8","1","3","0","1","0","0","3","1","0","0","0","1","1","1","33","11","22","8","0","1","0","0","2","2","1","0","1","30","28","31","13","42","63","12","79","92","54","41","50","78","1","7","22","32","26","35","52","1","14","14","29","24","40","44","2","22","16","14","9","15","26","4","37","27","20","12","18","16","0","9","7","6","5","5","7","0","8","4","5","7","1","10","330","96","86","19","23","6","7","7","40","196","45","50","16","6","0","4","10","14","147","39","21","9","10","1","4","0","7","42","14","13","2","0","0","0","1","2"
"s25","voters","0042408","1554","524","722","77","5","3","17","0","2","0","204","680","874","166","76","50","20","17","35","6","4","1","0","0","0","5","4","0","0","2","1","0","0","6","1","4","1","1","0","0","0","3","7","2","2","1","24","28","22","26","39","67","6","22","45","36","41","46","121","2","16","40","45","51","64","130","0","8","36","47","51","76","156","2","8","16","17","12","15","21","2","7","16","13","21","29","25","0","0","4","4","5","7","14","0","8","8","9","11","16","18","299","99","51","17","11","1","4","0","42","349","121","103","25","19","4","9","11","81","123","26","23","7","14","0","0","3","8","67","15","13","5","1","0","0","0","3"
"s25","voters","0042412","1646","515","842","70","1","11","15","0","1","0","191","741","905","106","68","38","16","22","39","11","5","0","1","0","0","6","6","2","0","1","4","1","0","1","2","1","0","0","1","0","0","4","9","1","2","0","6","19","23","23","25","98","0","19","32","49","40","56","125","3","19","35","49","44","85","166","1","10","34","46","40","107","203","2","10","10","19","12","11","36","3","6","17","17","11","15","22","0","5","6","9","6","8","12","0","6","8","10","5","9","14","294","69","64","14","8","1","5","2","58","439","132","98","28","18","5","9","5","108","97","29","25","15","6","1","1","2","15","67","12","13","0","2","1","1","0","2"
"s25","voters","0042421","2047","583","1109","81","4","8","20","0","4","0","238","915","1132","94","91","29","16","18","46","6","5","0","1","0","0","19","10","4","1","6","3","9","0","9","8","3","0","2","0","0","0","4","10","1","1","1","9","23","25","26","34","100","2","28","38","45","41","49","162","4","30","27","64","62","110","224","0","13","36","64","81","102","292","1","10","23","20","15","16","30","0","6","19","18","23","19","38","0","4","5","6","5","19","22","0","3","2","2","9","12","28","308","108","76","30","11","3","4","2","41","580","188","126","50","28","1","9","10","117","129","46","32","8","9","2","2","1","9","74","20","16","1","3","0","0","0","3"
"s25","voters","0042454","962","323","438","64","2","5","10","0","3","0","117","425","537","92","51","21","14","3","15","1","1","1","1","0","0","8","3","0","0","0","2","0","1","3","1","3","1","2","0","0","0","11","1","0","1","1","6","14","15","7","23","51","2","17","23","27","17","29","91","1","12","16","18","28","43","86","0","8","12","18","29","42","125","1","5","3","13","8","10","16","0","5","5","13","10","16","12","0","6","6","5","9","10","12","0","3","5","4","6","6","12","183","55","40","8","2","1","1","1","32","228","63","55","13","10","3","1","4","61","59","19","12","9","5","1","3","0","9","50","20","8","1","2","0","0","3","0"
"s25","voters","0042458","1538","509","717","69","7","8","17","0","6","0","205","712","826","138","101","47","22","7","23","7","3","0","0","0","0","7","2","1","0","4","7","2","0","24","12","13","4","1","0","0","0","11","10","4","0","3","11","19","24","28","44","81","2","26","28","47","36","41","119","4","18","35","34","65","67","130","2","16","25","39","59","62","161","0","9","19","17","14","16","19","2","13","18","21","25","9","23","1","6","7","9","5","7","20","0","8","5","5","12","7","15","259","98","73","19","16","4","3","3","34","392","120","80","31","11","8","3","9","63","122","30","24","7","6","2","3","1","10","66","17","15","3","0","0","2","3","1"
"s25","voters","0042464","1945","595","966","119","6","10","31","0","7","0","211","886","1059","186","88","47","29","26","36","4","7","0","0","0","0","7","6","0","4","0","2","0","1","8","0","2","3","0","2","2","0","4","4","2","1","4","18","27","36","22","31","86","1","28","56","58","34","63","131","0","24","50","70","68","92","158","1","19","49","63","63","93","216","1","14","20","30","21","16","20","0","6","10","21","12","22","18","1","3","13","8","14","18","21","0","14","10","14","15","20","22","332","103","57","20","19","4","4","6","50","503","153","120","21","25","3","7","11","123","116","30","22","19","6","5","0","1","12","102","44","18","1","3","0","2","1","2"
"s25","voters","0050301","1445","605","531","64","10","12","11","0","6","0","206","666","779","284","89","71","35","10","17","7","2","0","0","0","0","3","3","0","0","3","4","0","1","1","3","3","2","1","0","4","0","19","6","0","1","3","21","27","28","31","58","78","6","42","43","38","48","70","112","1","10","15","36","34","58","108","0","12","15","32","32","75","103","2","8","17","19","18","21","30","0","8","18","14","16","15","20","1","2","11","6","8","9","6","1","11","11","8","8","9","12","356","74","76","23","11","5","4","3","53","318","64","55","15","12","4","4","0","59","106","34","34","15","5","3","3","1","5","68","14","12","1","1","0","0","0","7"
"s25","voters","0050302","1398","605","487","50","6","8","12","0","2","0","228","623","775","246","113","75","22","9","12","3","2","2","0","2","0","0","0","0","1","5","3","8","0","40","17","28","3","1","5","1","0","23","19","6","4","5","25","38","20","43","46","69","1","47","45","60","68","67","71","3","15","26","26","68","46","50","5","25","21","44","60","51","47","1","17","9","20","33","15","13","0","18","18","23","29","12","20","0","2","7","6","8","4","8","2","8","9","8","8","4","4","355","101","83","31","10","3","6","0","16","295","62","65","17","17","3","4","4","20","125","38","28","20","3","1","3","4","6","61","11","4","1","0","0","0","0","1"
"s25","voters","0050304","2541","1130","909","117","9","15","22","0","3","1","335","1120","1421","463","197","115","47","17","25","6","10","0","0","2","0","6","3","0","0","9","2","1","0","20","4","10","1","1","1","0","1","27","18","8","4","7","33","32","33","44","81","196","8","61","53","77","64","126","315","3","17","51","52","56","105","161","2","13","40","62","64","102","181","2","16","21","28","26","25","49","2","21","21","35","28","25","36","0","4","9","15","22","9","23","0","7","12","13","7","24","22","667","212","99","32","21","10","9","5","75","556","127","89","21","25","6","7","4","74","201","42","29","22","6","3","8","3","21","103","33","16","3","3","0","2","0","7"
"s25","voters","0050306","1181","524","384","61","1","8","5","0","3","0","195","547","634","188","82","37","25","16","6","7","0","0","0","2","0","5","0","0","0","6","5","2","1","57","22","36","4","3","2","0","0","18","13","11","4","1","22","20","33","33","39","63","4","28","37","47","49","59","89","2","13","15","41","43","48","43","2","9","22","33","37","39","37","2","7","12","17","18","17","20","2","11","17","22","20","12","18","0","4","1","9","10","6","8","1","6","7","5","10","3","8","304","115","64","11","12","4","2","3","9","234","66","45","7","7","3","6","5","11","106","39","22","12","7","0","1","1","7","53","15","8","0","2","0","0","0","0"
"s25","voters","0050307","1723","718","626","82","5","23","15","0","6","0","248","799","924","315","140","81","47","9","8","2","1","2","0","0","0","2","6","1","0","3","3","0","0","33","16","16","2","5","2","4","1","17","19","4","2","4","22","46","38","40","58","88","6","49","52","43","73","78","121","5","11","25","38","61","77","107","1","11","25","44","45","75","101","3","10","21","12","21","21","23","2","23","19","23","23","17","30","0","9","10","10","9","6","24","1","9","7","9","11","7","19","399","125","83","28","17","2","9","12","43","357","98","73","22","14","3","1","6","52","134","42","25","20","9","7","4","2","5","85","19","13","5","3","0","1","0","5"
"s25","voters","0050310","2071","818","832","104","8","13","17","0","1","0","278","962","1109","331","160","88","35","8","28","4","2","1","0","1","0","0","4","3","0","7","5","5","0","16","3","13","1","0","1","1","1","23","19","14","6","1","32","37","40","35","84","100","7","43","66","57","74","96","146","5","24","31","53","73","111","127","1","22","38","55","72","106","114","4","24","14","27","23","22","27","1","15","17","29","28","19","28","0","7","10","11","9","15","16","0","11","11","10","11","15","17","476","127","92","26","24","4","9","7","53","451","125","114","25","30","5","17","5","60","147","37","37","18","9","5","6","1","18","92","24","14","3","1","6","2","0","1"
"s25","voters","0050312","1744","828","529","73","6","10","14","0","4","0","280","814","930","308","110","82","32","9","13","0","1","2","0","4","0","6","0","1","0","12","7","5","2","91","27","64","9","9","5","5","0","32","23","12","3","2","34","49","55","57","58","84","3","52","66","90","85","90","103","4","16","21","58","58","59","68","4","13","23","54","50","53","48","0","19","26","26","23","23","28","3","17","23","28","15","26","23","0","6","1","12","7","11","9","2","7","8","9","6","15","14","479","165","84","29","20","3","8","2","38","321","88","69","12","14","1","4","3","17","166","48","29","15","15","0","2","0","5","73","19","10","3","2","0","0","0","0"
"s25","voters","0050313","1332","555","495","74","2","17","11","0","9","0","169","600","732","213","99","55","36","12","17","5","3","0","1","1","0","1","1","0","0","6","1","1","1","17","8","12","1","4","3","0","2","15","15","5","3","2","15","30","31","34","55","55","2","35","48","54","42","64","88","2","10","29","23","32","62","83","2","15","19","26","31","70","91","1","8","14","19","12","8","13","4","11","16","21","16","14","12","0","5","14","8","7","12","16","2","11","7","5","7","7","12","342","74","65","21","10","2","6","2","33","296","52","53","18","16","2","6","3","49","116","19","18","5","5","0","2","0","4","74","17","14","3","1","0","1","0","3"
"s25","voters","0050318","1887","795","700","98","5","13","11","0","4","0","261","810","1077","285","128","83","27","13","21","5","4","2","0","0","0","0","2","0","0","7","5","7","4","43","12","23","7","5","2","6","1","12","14","4","1","3","22","25","29","43","48","121","5","41","53","47","59","85","214","2","16","27","28","43","76","139","2","17","21","29","36","76","188","2","13","19","19","15","15","44","2","18","28","16","17","23","30","1","2","4","8","11","18","17","0","7","11","5","10","14","23","452","128","86","24","21","8","12","4","60","405","107","81","10","22","1","11","6","57","144","40","33","10","5","4","4","4","17","80","26","13","5","1","1","0","0","5"
"s25","voters","0050323","1351","621","380","54","7","13","11","0","3","0","262","629","722","193","92","71","20","10","9","1","2","2","1","0","0","1","0","2","0","9","2","3","0","94","34","67","8","11","3","8","1","40","15","11","1","1","19","48","44","53","45","62","6","30","59","59","79","52","64","1","16","24","40","43","31","43","1","13","22","42","39","36","29","3","18","17","33","22","17","17","0","12","29","31","31","16","16","0","4","2","7","11","4","4","1","8","8","11","11","8","9","431","99","47","13","6","2","6","5","12","274","49","35","5","7","0","2","3","5","189","25","18","12","5","2","4","2","5","64","15","6","1","1","0","0","0","1"
"s25","voters","0054311","1517","667","523","69","7","8","19","0","2","0","222","661","856","331","104","83","34","2","16","1","4","0","0","0","0","0","0","0","1","3","1","1","0","4","6","5","2","1","2","1","1","22","17","10","5","3","21","36","30","28","51","79","12","56","65","46","53","72","115","2","9","29","37","32","53","101","0","8","27","32","27","65","101","3","12","25","10","17","15","23","2","17","26","17","14","21","20","0","8","4","9","6","7","11","0","7","6","12","7","9","19","397","100","60","22","22","7","11","8","40","292","76","56","14","19","6","7","3","50","136","24","24","17","9","1","2","1","8","63","13","14","2","5","1","3","1","3"
"s25","voters","0054318","2698","1209","1002","133","6","22","13","0","1","0","312","1170","1528","243","106","57","32","26","41","10","3","8","1","1","0","4","5","4","1","6","5","6","1","27","2","10","3","5","3","2","0","26","45","7","6","1","12","15","18","16","73","337","1","28","29","25","36","103","515","1","15","8","33","38","61","299","0","12","11","36","40","76","372","1","9","7","7","15","31","89","5","6","10","15","15","28","74","1","3","3","4","7","12","54","0","4","5","2","6","16","58","692","211","137","46","43","13","17","8","42","544","165","123","46","37","12","14","9","52","171","44","43","19","19","4","3","3","6","107","35","19","5","3","1","3","2","0"
"s25","voters","0054321","1527","675","544","59","8","11","19","0","6","0","205","692","835","307","116","69","34","10","9","3","2","0","0","0","0","2","0","0","0","0","0","3","0","14","5","9","0","0","0","0","0","8","15","2","2","3","26","34","30","25","54","94","6","52","54","50","42","67","138","0","13","30","40","48","48","103","1","10","20","39","30","50","112","3","10","15","18","13","22","16","4","14","28","16","12","13","21","1","3","4","6","10","9","14","0","10","12","7","10","6","11","395","106","75","19","18","8","5","4","45","299","89","64","21","16","3","0","5","47","127","27","25","9","3","2","2","0","10","65","17","11","1","2","0","1","3","3"
"s25","voters","0054359","2112","943","669","81","7","17","14","0","5","0","376","986","1126","292","131","74","32","10","21","5","4","0","3","0","0","11","6","2","0","13","10","7","1","107","38","74","4","9","10","8","0","43","23","25","7","5","27","34","66","60","82","119","6","52","53","93","91","104","151","2","16","28","61","71","85","80","4","23","36","48","67","70","78","3","15","28","34","31","35","39","5","20","27","34","36","31","38","2","7","6","12","15","14","9","0","4","9","11","14","13","8","569","152","124","35","15","3","4","4","37","415","91","88","30","9","5","4","2","25","231","45","37","31","8","7","1","1","15","86","17","12","4","2","0","0","1","2"
"s25","voters","0064507","1371","358","763","63","1","11","13","0","0","0","162","637","734","122","77","44","17","4","20","3","1","0","2","1","0","0","0","0","0","0","3","3","0","2","4","1","0","2","0","0","1","6","7","5","3","0","7","10","19","14","25","46","1","17","32","27","24","35","101","5","22","46","60","64","73","106","2","21","38","62","61","79","124","3","9","11","17","22","14","17","2","9","12","13","11","10","12","0","2","5","8","8","8","16","0","3","3","5","8","7","15","185","65","42","7","9","5","4","4","37","418","115","97","24","20","1","8","8","72","94","23","22","6","2","1","1","2","11","54","13","11","2","0","2","0","1","5"
"s25","voters","0064509","1269","318","734","52","3","3","16","0","2","0","141","588","681","104","82","25","12","11","18","5","2","0","0","0","0","0","2","1","0","1","4","0","1","7","6","2","0","0","1","0","1","11","15","4","3","1","6","9","11","23","16","42","4","18","15","40","30","28","75","2","16","41","65","62","69","107","3","18","34","59","70","74","114","4","5","6","20","9","9","22","2","5","8","14","9","10","18","0","5","1","8","9","8","12","2","5","3","7","3","4","9","171","42","35","11","5","1","1","3","49","418","117","85","14","17","3","10","6","64","66","24","21","12","5","1","2","3","7","43","20","5","2","0","2","1","0","3"
"s25","voters","0074501","1906","407","1154","87","4","9","20","0","4","0","221","893","1013","112","105","45","19","8","26","6","4","0","2","0","0","0","2","1","0","9","5","1","1","7","8","3","1","2","3","2","0","5","7","2","1","2","17","20","17","19","27","52","3","27","20","27","38","47","91","3","37","40","86","101","98","199","6","21","50","91","78","120","224","1","15","15","28","15","17","24","4","9","21","20","16","17","19","1","3","5","12","7","13","19","0","7","9","11","7","9","21","225","75","40","11","10","2","5","2","37","596","184","156","38","28","7","17","8","120","121","32","22","15","14","5","3","1","8","81","20","11","6","1","0","2","2","1"
"s25","voters","0074508","2075","475","1134","113","6","9","18","0","6","0","314","975","1100","114","116","48","22","16","16","7","6","5","0","1","0","0","5","2","0","10","8","3","0","26","16","17","1","2","8","4","0","19","5","7","2","1","8","17","28","23","32","70","3","21","29","39","45","59","100","5","53","34","109","108","119","133","6","32","35","121","121","104","154","2","20","11","30","38","27","32","5","23","17","35","19","34","21","0","8","5","13","16","16","17","1","8","8","5","19","21","15","265","82","57","23","9","3","7","2","27","596","190","127","48","34","12","16","12","99","170","41","38","22","13","3","12","3","12","90","30","22","4","2","0","0","1","3"
"s25","voters","0074510","2294","521","1343","111","4","11","27","0","3","0","274","1065","1229","134","152","63","20","19","41","6","5","1","0","1","1","0","2","0","1","5","6","2","0","5","8","3","1","0","1","2","0","9","14","6","4","3","13","17","14","23","42","91","3","21","21","36","53","56","128","3","36","53","89","115","137","204","3","29","58","102","130","137","247","0","19","24","33","19","23","34","3","17","13","24","17","14","34","0","4","16","6","18","14","15","0","10","6","14","13","16","24","294","85","58","19","7","5","7","0","46","735","206","148","53","32","13","24","12","120","146","37","45","14","9","0","5","2","16","101","28","19","1","3","1","0","2","1"
"s25","voters","0084303","1247","654","272","44","6","8","11","0","3","0","249","557","690","209","81","71","27","3","7","5","1","5","0","2","0","1","0","0","0","5","7","2","1","68","14","53","7","8","5","2","0","33","21","25","3","5","19","30","45","59","60","51","3","53","58","60","71","74","66","1","9","18","26","33","29","18","1","6","13","35","28","28","27","2","18","19","22","30","18","8","2","32","11","29","28","9","21","0","1","1","6","11","14","4","1","5","7","6","8","5","3","405","104","76","18","16","4","15","6","10","163","43","33","7","11","2","3","2","8","143","30","34","15","14","2","3","3","5","49","8","12","1","1","1","0","0","0"
"s25","voters","0084308","1277","648","291","62","8","9","1","0","2","0","256","565","712","209","97","70","21","2","2","0","3","5","0","0","0","2","1","0","0","4","13","1","1","66","15","39","6","14","9","5","2","57","21","30","3","4","19","31","47","41","40","62","4","53","77","73","67","68","62","2","10","10","32","34","36","29","1","6","12","25","37","32","25","3","17","15","28","29","17","21","0","24","18","25","26","17","16","0","5","6","8","13","4","2","0","7","7","9","9","5","7","438","110","46","8","11","8","10","6","11","195","35","33","3","4","8","2","5","6","172","35","28","8","3","1","5","1","3","61","10","7","1","0","1","0","1","1"
"s25","voters","0084310","1442","742","350","70","7","17","9","0","2","0","245","642","800","345","90","90","52","7","8","3","1","0","1","0","0","1","0","1","0","3","1","2","1","48","29","40","5","2","1","2","0","42","27","20","4","3","25","30","23","60","55","89","11","56","49","54","98","98","91","0","9","24","23","31","53","39","3","10","17","27","33","48","33","3","17","17","22","24","19","21","4","17","23","27","22","15","14","2","8","10","10","6","10","9","2","11","9","6","5","10","7","404","121","97","18","21","5","11","12","53","203","67","29","10","11","1","1","4","24","131","42","27","14","9","4","3","7","8","55","17","16","5","2","5","1","1","3"
"s25","voters","0084311","1540","782","423","72","9","15","9","0","8","0","222","695","845","449","141","112","51","8","11","1","3","0","0","0","0","2","0","1","1","9","3","0","1","20","1","4","1","1","1","1","0","39","18","12","2","1","20","41","34","54","67","107","3","56","62","53","66","74","144","2","12","22","41","20","50","59","1","8","22","37","27","46","76","4","10","12","16","19","18","29","2","18","20","23","14","21","16","1","9","12","4","6","13","12","1","7","5","9","8","16","10","418","117","100","25","22","4","14","6","76","230","54","60","12","8","4","3","4","48","129","25","24","9","10","3","5","1","16","68","21","15","2","1","0","0","1","5"
"s25","voters","0084321","1135","580","283","40","0","10","7","0","1","0","214","530","605","153","68","40","15","7","10","4","3","1","0","1","0","1","3","1","0","17","4","6","1","40","12","28","2","6","6","4","1","40","16","11","3","0","19","25","44","48","43","60","2","21","34","74","70","53","87","5","8","14","32","41","24","36","0","2","10","28","37","19","27","0","9","14","19","37","13","14","0","9","10","34","32","12","11","0","1","2","6","9","4","3","1","0","3","11","8","6","4","334","130","77","23","16","0","0","0","0","180","39","37","15","10","1","0","0","1","129","38","24","13","9","0","0","1","0","32","16","8","2","0","0","0","0","0"
"s25","voters","0084323","1159","638","207","39","0","11","11","0","5","0","248","495","664","167","65","46","7","7","2","3","0","2","1","1","0","1","0","1","0","17","4","9","3","71","13","46","3","21","7","7","0","49","19","18","1","1","14","24","69","56","46","38","2","40","50","107","84","41","66","0","6","11","38","25","18","13","0","2","18","32","14","18","12","3","4","18","25","29","11","11","2","12","17","50","32","14","20","0","1","6","10","8","8","2","0","3","5","13","6","4","0","467","139","31","1","0","0","0","0","0","160","39","8","0","0","0","0","0","0","206","35","6","1","0","0","0","0","0","49","15","2","0","0","0","0","0","0"
"s25","voters","0090402","834","126","583","32","0","7","8","0","2","0","76","408","426","32","38","10","4","4","18","3","1","0","0","2","0","0","0","0","0","0","2","1","0","1","3","1","0","0","0","0","0","1","4","3","0","0","3","2","2","4","10","34","0","5","8","5","5","12","36","5","15","22","33","41","72","106","0","9","19","34","41","66","120","0","2","5","11","4","5","10","1","4","8","4","3","7","12","0","2","1","5","1","6","7","0","2","2","1","3","7","12","65","20","12","5","5","2","0","0","17","298","103","67","23","15","2","4","2","69","32","22","8","4","4","0","0","0","6","27","9","4","3","0","0","1","1","4"
"s25","voters","0090408","1901","447","1116","98","2","13","14","0","3","0","208","886","1015","155","116","61","20","10","38","3","2","0","0","0","0","0","1","0","0","9","8","3","1","5","14","0","0","0","3","1","0","7","19","3","0","1","10","20","16","20","22","71","2","22","34","29","35","38","127","5","36","35","67","64","122","230","1","26","31","67","66","135","231","0","9","20","12","19","18","22","1","13","14","18","14","21","27","2","2","6","8","10","14","25","0","8","4","6","14","9","22","241","69","59","12","5","3","4","2","52","633","173","128","36","21","2","10","3","110","121","26","16","15","7","5","3","2","13","87","19","13","6","0","0","1","0","4"
"s25","voters","0090415","1282","342","724","62","4","9","7","0","5","0","129","619","663","175","94","42","13","10","16","3","1","0","0","0","0","0","9","4","0","2","1","0","0","2","1","2","0","1","2","0","0","11","13","2","0","3","16","10","15","16","32","60","3","25","17","16","16","43","70","0","20","29","38","36","90","155","1","17","37","30","43","85","143","2","8","8","7","8","12","14","2","4","13","11","10","8","22","1","4","4","4","7","6","14","0","7","6","7","6","10","11","197","61","35","7","7","1","3","1","30","376","106","92","21","25","4","4","6","90","67","19","25","6","1","1","2","0","8","59","15","4","1","2","1","0","1","4"
"s25","voters","0090418","1576","345","981","50","2","7","27","0","7","0","157","755","821","105","86","38","15","10","29","1","2","0","0","0","0","0","0","0","1","0","0","1","2","9","2","0","1","0","0","0","0","2","9","7","0","0","7","11","8","15","24","71","0","18","22","17","28","26","98","2","25","44","75","80","106","166","3","18","30","66","82","102","182","0","12","6","13","9","18","23","3","9","9","18","8","11","18","0","3","4","7","7","9","10","2","13","6","9","8","4","11","190","56","40","9","5","3","3","1","38","508","138","123","34","28","2","17","13","118","81","22","17","11","3","1","4","1","17","66","12","6","4","0","1","0","1","3"
"s25","voters","0090460","690","106","470","28","1","3","7","0","0","0","75","317","373","33","52","15","6","5","20","1","0","2","0","0","0","1","3","0","0","0","2","0","0","0","3","0","0","2","1","0","0","0","17","2","1","2","1","2","3","2","9","16","0","3","8","7","5","15","33","0","23","17","27","28","51","79","2","17","19","31","42","61","73","1","5","6","5","3","10","8","0","3","4","9","4","7","10","0","1","1","5","3","1","8","0","4","1","3","3","3","6","55","13","12","3","2","1","2","1","17","243","61","68","13","13","8","12","0","52","35","8","16","7","5","1","1","0","2","30","4","3","1","0","1","0","0","0"
"s25","voters","0090462","1202","309","668","48","0","7","13","0","5","0","152","577","625","121","51","36","15","6","26","3","2","0","0","0","0","3","4","1","1","0","1","1","0","4","3","2","2","3","0","0","0","14","8","1","1","0","13","13","18","14","29","51","2","15","25","21","9","37","62","1","18","28","30","35","71","146","0","19","26","39","35","63","157","1","14","15","10","9","11","18","0","10","5","11","13","16","19","0","4","3","6","7","2","10","0","5","5","9","4","11","7","169","51","30","10","9","1","6","5","28","336","106","80","25","11","6","4","4","96","79","16","14","12","10","3","5","2","11","45","9","10","2","4","0","1","0","2"
"s25","voters","0090469","236","77","113","19","0","1","2","0","1","0","23","113","123","14","4","2","2","0","0","0","2","0","0","0","0","0","0","0","0","0","0","0","0","0","0","0","0","0","0","0","0","0","0","0","0","0","3","0","3","0","7","13","1","1","2","5","1","8","33","0","0","3","2","5","13","38","0","0","0","3","7","12","30","0","1","0","2","1","2","5","0","0","3","1","1","3","4","0","0","0","1","1","4","9","0","1","0","0","1","2","4","49","14","2","2","2","1","2","0","5","66","23","12","1","5","0","2","0","4","10","4","7","0","0","0","0","1","1","10","6","3","1","1","0","1","1","0"
"s25","voters","0090483","1102","268","629","63","3","8","9","0","2","0","120","528","574","97","60","22","12","6","22","1","3","0","0","0","0","7","10","2","2","2","4","1","2","1","5","1","0","0","3","0","0","1","7","1","1","0","7","12","11","9","17","48","6","19","22","9","19","25","64","4","29","23","29","41","70","132","1","12","12","31","42","77","126","0","2","11","6","8","12","19","1","8","7","10","7","10","19","0","3","5","3","10","8","9","0","2","1","11","8","8","17","164","41","25","7","2","1","1","3","24","316","104","71","20","15","6","11","6","80","54","22","19","9","3","2","0","2","9","52","10","13","3","1","0","1","0","5"
"s25","voters","0090485","2411","820","1149","132","6","18","16","0","7","0","263","1126","1285","296","144","66","31","12","26","5","6","0","2","0","0","10","4","1","3","11","7","7","2","21","19","17","7","10","12","8","1","18","14","3","1","1","20","33","31","35","59","146","6","51","41","43","71","79","204","2","32","36","51","91","117","253","1","27","30","44","81","120","264","2","9","17","21","18","21","45","4","19","12","24","22","19","30","1","6","11","11","13","14","30","0","10","5","8","10","17","43","452","138","102","23","18","8","4","6","69","624","145","148","41","28","10","18","9","126","148","32","32","18","15","6","1","1","10","109","33","21","2","8","1","1","1","3"
"s25","voters","0090493","1894","531","1027","99","3","9","17","0","1","0","207","870","1024","135","82","34","15","22","41","11","2","0","0","0","0","6","6","1","2","5","8","1","1","20","1","5","1","0","3","0","1","7","7","1","2","2","11","18","19","22","36","100","4","23","30","34","32","60","140","2","24","44","40","51","116","229","1","24","26","57","63","115","235","1","11","4","15","14","18","26","2","10","16","15","21","18","36","1","6","2","11","10","8","29","1","4","5","8","4","12","28","290","82","66","15","13","1","6","3","55","536","140","154","32","21","4","8","3","129","103","36","31","14","8","2","1","1","11","87","18","11","6","0","2","2","0","3"
"s25","voters","0090497","1665","300","1084","88","4","6","18","0","3","0","162","804","861","103","97","33","17","7","58","4","6","0","0","0","0","2","4","1","0","1","4","0","0","1","7","0","0","0","0","0","0","0","34","4","2","0","10","7","10","7","19","59","5","21","19","19","13","28","83","2","36","49","61","83","133","181","1","23","54","69","84","118","190","3","7","11","10","18","14","20","1","10","11","7","9","19","22","0","4","10","13","6","7","24","1","8","4","8","11","8","15","145","45","32","11","11","1","2","3","50","568","152","150","33","27","5","13","15","121","86","19","22","14","7","0","1","3","10","74","24","13","3","0","2","0","0","3"
"s25","voters","0090511","789","264","347","47","2","7","2","0","3","0","117","385","404","63","46","22","14","4","5","1","1","0","4","0","0","2","5","1","0","2","2","1","2","12","6","11","3","1","1","0","0","3","3","2","0","0","9","8","6","15","25","43","1","18","18","13","22","36","50","1","12","14","20","24","44","66","1","9","10","14","27","42","63","2","11","5","6","11","14","18","0","5","6","7","11","8","13","0","2","3","1","2","11","12","0","6","4","3","4","7","6","148","45","23","10","9","2","1","3","23","194","56","40","10","10","1","3","1","32","61","19","11","5","6","0","3","1","11","36","7","10","1","4","0","0","0","3"
"s25","voters","0090575","462","127","237","26","2","1","3","0","5","0","61","217","245","27","23","9","6","1","8","1","1","0","0","0","0","1","0","0","0","0","0","0","0","2","3","7","1","0","1","0","0","4","1","5","2","0","3","1","4","6","10","27","0","6","5","8","8","14","35","4","10","11","9","24","27","39","0","6","13","7","20","31","36","0","7","3","3","6","3","7","0","6","2","1","7","9","7","0","0","0","3","2","4","4","1","3","1","3","3","6","7","76","18","7","2","3","0","2","0","19","123","44","29","5","3","2","5","1","25","31","9","13","1","3","0","0","1","3","23","8","4","1","1","0","0","0","0"
"s25","voters","0090582","285","77","162","11","1","0","2","0","1","0","31","142","143","36","22","8","5","0","0","1","0","0","0","0","0","0","0","0","0","0","0","0","0","1","2","0","0","0","1","0","0","3","6","0","2","0","2","4","2","3","8","12","0","1","10","6","3","8","18","0","7","6","8","11","26","27","0","4","6","6","11","21","29","0","5","2","3","3","1","5","0","3","1","1","5","0","2","0","0","1","0","3","1","2","0","0","3","1","1","2","1","41","11","13","1","3","0","1","0","7","87","15","18","9","9","3","2","1","18","20","5","2","1","0","0","1","1","1","11","3","0","1","0","0","0","0","0"
"s25","voters","0091103","103","53","14","11","0","1","1","0","0","0","23","52","51","29","13","14","10","0","0","0","0","0","0","0","0","0","0","0","0","0","0","0","0","1","0","1","0","0","0","0","0","2","0","1","0","0","4","4","2","3","5","9","0","3","5","2","2","7","7","0","0","1","1","2","3","1","0","1","0","2","1","1","1","0","2","1","4","0","2","2","0","3","2","0","1","2","4","0","0","0","1","3","1","1","0","1","2","1","1","1","1","24","7","7","1","2","0","3","0","9","8","2","3","0","1","0","0","0","0","14","5","1","1","1","0","1","0","0","7","4","2","0","0","0","0","0","0"
"s25","voters","0091107","394","253","63","8","3","5","3","0","0","0","59","161","233","193","34","47","11","2","0","1","0","0","0","0","0","2","0","0","0","2","3","1","0","1","1","1","0","0","0","0","0","2","4","1","1","2","7","11","11","9","12","34","2","24","37","20","17","21","46","0","2","4","8","7","7","8","0","0","4","2","4","4","13","0","5","5","5","5","2","7","0","9","5","5","3","4","4","1","2","0","3","2","1","1","0","1","5","1","1","1","0","127","40","32","5","10","0","6","3","30","42","7","6","1","0","0","0","1","6","36","7","7","4","3","1","0","0","1","13","4","1","0","0","0","0","1","0"
"s25","voters","0091108","1603","804","425","80","9","12","23","0","6","0","244","714","889","379","108","88","43","15","6","4","3","3","1","1","0","3","1","0","0","7","3","1","0","3","2","1","1","0","2","0","0","16","10","7","1","2","21","29","41","39","64","117","7","37","65","57","58","83","184","1","6","21","34","28","54","79","1","3","21","31","23","45","78","0","11","21","18","7","23","31","1","21","21","25","19","23","23","2","5","16","11","13","4","16","0","9","15","11","5","11","12","465","120","61","21","20","8","21","2","86","235","57","68","8","9","2","5","0","41","140","26","31","16","13","0","3","1","14","86","20","15","2","0","0","1","0","6"
"s25","voters","0091120","252","126","75","12","1","0","4","0","0","0","34","119","133","83","21","21","6","1","2","0","0","0","0","0","0","0","0","0","0","0","0","0","0","2","4","1","0","0","0","0","0","1","1","0","0","0","0","7","4","6","10","19","1","11","10","7","10","14","27","0","2","6","7","5","11","15","0","1","0","3","6","6","13","0","3","3","2","4","2","2","1","3","6","3","1","2","2","0","1","2","1","0","1","6","0","3","0","0","1","1","1","60","20","20","4","4","1","0","0","17","38","14","9","0","2","0","2","1","9","23","4","2","2","0","0","2","0","1","10","1","4","0","0","1","0","1","0"
"s25","voters","0091130","941","520","222","34","9","5","10","0","1","0","140","404","537","381","77","97","22","3","1","1","1","0","0","0","0","0","0","0","0","2","0","0","1","2","1","0","0","1","2","0","0","12","2","2","0","2","28","24","28","26","36","48","6","61","56","37","40","52","76","1","8","11","16","12","27","48","2","7","6","7","12","27","38","4","7","16","14","6","3","8","5","19","15","16","10","7","10","0","5","4","7","2","7","6","0","4","6","5","5","4","4","307","84","51","14","15","5","8","1","35","134","28","26","7","9","0","1","1","16","82","17","22","2","4","3","3","1","6","37","13","3","0","2","1","0","1","2"
"s25","voters","0091133","1481","769","376","54","8","8","9","0","2","0","255","607","874","560","133","183","45","3","12","1","0","0","0","0","0","0","0","0","0","1","0","0","0","0","1","3","0","3","0","0","2","13","1","1","3","10","35","41","28","32","55","75","12","92","85","55","63","68","118","3","18","28","20","28","38","53","1","9","13","30","29","49","57","5","28","19","14","19","10","15","4","31","44","20","17","14","15","0","5","5","6","4","6","7","1","18","6","7","4","6","6","410","131","95","23","21","4","16","8","61","223","54","47","7","15","1","4","1","24","157","31","30","17","5","3","4","1","7","52","16","7","1","2","0","0","1","2"
"s25","voters","0091146","1087","479","403","57","4","9","10","0","2","0","123","467","620","198","70","40","21","8","7","3","2","1","2","0","0","3","4","0","0","4","2","2","0","2","2","2","1","0","0","0","1","14","4","2","1","1","9","14","24","26","35","58","1","26","41","52","41","51","100","1","3","14","26","26","49","82","1","3","15","25","24","45","89","0","4","5","18","11","7","13","1","11","4","7","19","7","16","0","3","5","4","5","7","17","0","6","4","8","7","4","12","254","74","65","12","9","5","5","3","52","234","48","40","12","15","1","7","2","44","71","13","14","7","5","1","1","0","11","47","15","8","5","0","1","0","0","6"
"s25","voters","0091156","227","141","33","3","3","0","0","0","0","0","47","93","134","100","25","32","6","1","0","0","0","0","0","0","0","0","1","0","0","0","0","0","0","0","0","0","0","2","0","1","0","3","3","1","0","1","8","7","3","7","10","19","0","14","12","7","10","17","26","0","3","2","2","4","2","4","0","1","1","4","4","3","3","0","4","5","4","0","0","4","0","8","10","7","2","2","1","0","1","1","1","0","1","0","0","1","0","0","0","1","0","73","29","16","1","4","0","0","0","18","18","5","4","3","1","0","0","1","1","26","10","5","3","2","0","1","0","0","4","1","0","1","0","0","0","0","0"
"s25","voters","0091161","398","194","123","18","1","1","6","0","2","0","53","179","219","143","36","33","15","1","0","0","0","0","0","0","0","0","0","0","0","0","1","0","1","0","0","0","0","0","2","0","0","2","0","0","0","0","9","9","8","9","13","23","1","21","14","13","13","27","34","1","1","9","9","10","14","22","0","1","7","8","5","15","21","1","2","6","1","6","5","3","1","8","7","4","4","2","3","0","3","1","5","1","4","4","0","3","3","0","1","0","3","106","31","27","8","3","2","2","0","15","61","19","23","5","4","0","1","0","10","36","3","5","5","1","0","2","0","1","12","8","7","1","0","0","0","0","0"
"s25","voters","0091212","1492","688","531","62","3","7","11","0","5","0","185","654","838","227","105","51","20","16","20","4","3","3","1","0","0","4","1","0","0","2","4","3","2","2","1","1","0","2","2","2","0","27","9","3","2","3","20","39","36","42","44","90","3","28","54","65","59","56","149","1","15","22","38","32","54","91","1","7","30","38","36","63","103","0","9","13","14","11","13","26","1","13","16","18","15","8","28","1","4","7","4","2","8","15","1","4","9","5","4","11","13","364","132","83","14","20","1","8","7","59","281","74","85","14","14","2","3","3","55","93","34","29","6","5","2","1","2","13","61","13","9","2","0","1","0","0","2"
"s25","voters","0091231","802","301","350","33","2","5","9","0","1","0","101","364","438","95","52","29","11","7","5","4","0","1","1","1","0","4","2","0","2","3","4","0","2","2","0","1","1","1","0","1","0","4","3","5","1","2","10","13","13","10","21","48","1","9","20","19","25","38","72","1","6","8","17","23","40","77","0","5","12","16","32","31","82","0","4","10","10","6","11","8","0","9","8","10","7","9","9","0","4","0","5","2","8","7","0","3","3","8","3","4","3","155","59","35","12","9","1","2","2","26","158","48","41","15","8","3","7","1","69","57","14","10","4","4","0","3","0","9","28","13","8","1","0","0","0","0","0"
"s25","voters","0092429","726","147","446","35","2","3","4","0","2","0","87","345","381","36","18","12","4","2","6","5","1","0","0","0","0","0","6","1","1","3","6","4","0","5","10","3","0","0","0","0","0","3","5","0","0","0","4","2","6","3","12","30","1","5","8","15","7","11","43","1","16","17","23","26","48","88","0","7","17","26","37","40","100","0","2","4","7","7","9","15","0","4","6","6","7","7","13","0","0","8","2","4","7","4","0","4","1","3","3","5","5","70","26","15","8","3","2","1","3","19","227","66","46","10","16","4","5","3","69","46","13","7","6","3","0","0","0","12","29","7","4","2","0","1","1","0","2"
"s25","voters","0092450","351","118","163","20","0","0","2","0","1","0","47","159","192","56","14","18","4","1","6","1","2","0","2","0","0","0","0","0","0","0","0","0","0","5","0","2","0","0","2","0","0","7","2","0","0","0","3","8","5","4","9","17","0","3","14","8","10","13","24","0","3","4","9","8","20","38","0","5","4","9","13","17","33","0","4","5","2","3","2","4","0","5","3","7","3","3","6","0","0","2","1","1","1","6","1","2","1","0","0","3","5","62","13","19","6","3","1","3","2","9","88","21","23","2","3","2","1","2","21","28","6","3","4","0","1","2","1","2","15","5","3","0","0","0","0","0","0"
"s25","voters","0093309","434","187","133","28","1","0","4","0","1","0","80","211","223","40","21","12","4","1","2","0","3","0","0","0","0","1","0","0","0","2","1","0","1","20","9","21","2","3","7","5","0","19","5","1","0","0","5","5","13","13","14","28","2","13","7","20","18","25","24","0","5","4","6","18","22","15","0","5","2","11","15","15","15","0","3","3","6","9","9","12","1","1","3","5","13","6","9","0","2","1","3","3","4","8","0","3","1","1","3","2","3","101","43","19","9","4","4","2","0","5","87","19","12","2","4","2","1","2","4","46","12","11","5","4","0","1","1","0","22","7","3","1","0","0","0","0","1"
"s25","voters","0094331","171","39","101","7","1","1","1","0","0","0","21","73","98","12","11","7","2","2","9","1","1","0","0","0","0","0","0","0","0","1","0","0","0","1","1","0","0","0","0","0","0","0","4","1","0","0","1","2","0","1","1","7","0","4","2","2","2","5","12","0","2","5","4","9","12","14","0","5","4","5","12","12","17","0","1","3","2","2","1","2","1","2","1","1","0","3","2","0","0","0","0","1","1","2","0","0","0","3","0","0","3","21","4","6","0","1","0","1","0","6","51","26","10","2","0","2","0","0","10","12","2","4","0","0","1","0","1","1","7","3","0","0","0","0","0","0","0"
"s25","voters","0094337","369","187","113","18","1","2","6","0","0","0","42","175","194","123","28","26","10","2","0","0","0","0","0","0","0","3","1","0","0","0","0","0","0","1","0","0","0","0","0","0","0","0","4","0","0","0","9","13","9","11","17","22","4","18","10","11","18","17","28","0","4","4","11","8","13","20","0","0","3","7","12","12","19","0","5","5","4","4","4","2","0","9","1","1","3","2","2","0","0","1","0","1","5","3","1","1","3","7","0","3","2","99","30","28","5","7","0","4","0","14","55","18","14","3","6","0","0","1","16","29","3","3","5","1","0","1","0","0","13","10","2","0","1","1","0","0","0"
"s25","voters","0094420","1092","294","592","61","4","3","8","0","2","0","128","511","581","106","83","36","15","4","11","4","0","0","0","0","0","0","0","0","0","1","3","1","0","8","5","4","0","0","0","3","0","14","6","2","2","0","4","10","10","17","20","50","3","18","20","20","22","33","67","3","17","18","38","43","60","117","0","16","17","25","47","63","128","2","7","2","11","10","9","21","1","5","11","12","9","15","13","1","3","1","4","4","9","20","1","0","6","5","4","6","14","168","45","25","9","11","0","4","1","31","308","76","72","23","10","3","6","6","88","81","18","14","7","2","0","0","0","6","45","20","8","0","1","0","0","0","4"
"s25","voters","0094509","368","73","235","19","1","0","3","0","2","0","35","174","194","36","20","12","2","0","3","1","1","0","0","0","0","0","0","1","0","0","2","0","0","0","0","0","0","0","0","0","0","1","14","0","0","1","1","2","1","2","7","9","0","11","6","3","5","5","20","0","7","7","20","17","20","48","1","7","8","16","20","23","41","0","2","4","1","5","2","2","0","3","3","3","3","5","2","0","1","2","0","1","6","6","0","2","1","1","1","2","2","43","9","7","1","2","3","0","0","8","145","31","22","5","2","3","1","0","26","23","4","3","2","0","0","0","0","3","14","4","3","1","0","0","0","0","3"
"s25","voters","0094524","399","51","292","18","0","5","1","0","0","0","32","189","210","13","31","5","3","3","7","0","2","0","0","0","0","0","0","0","0","0","0","0","0","3","3","2","0","0","1","0","0","0","1","0","0","0","2","2","3","5","5","5","0","1","9","3","3","4","9","2","3","13","21","24","27","47","2","7","13","26","19","39","49","1","3","1","3","2","3","2","0","2","3","2","4","3","3","0","6","0","3","3","2","1","0","1","0","1","4","0","3","27","7","7","2","1","0","0","0","7","155","42","37","7","7","5","3","0","36","19","6","3","1","0","0","0","0","3","16","6","1","1","0","0","0","0","0"
"s25","voters","0094532","929","186","612","34","0","4","5","0","2","1","85","449","480","47","48","21","11","3","11","0","1","0","0","0","0","0","0","1","1","0","0","1","0","2","4","0","0","0","0","0","0","0","9","0","1","0","5","3","9","5","17","35","1","7","7","13","11","19","54","1","21","33","38","51","67","103","2","14","23","45","44","67","103","0","2","4","7","6","4","12","1","4","8","9","10","5","13","0","2","2","3","4","5","10","0","3","1","1","3","5","7","92","26","23","5","5","2","3","0","30","331","77","89","20","12","4","4","3","72","42","15","10","5","4","1","0","2","6","30","9","3","1","0","1","0","0","2"
"s25","voters","0101780","15","12","1","0","0","0","0","0","0","0","2","4","11","5","1","1","0","0","0","0","0","0","0","0","0","0","0","0","0","0","0","0","0","0","0","0","0","0","0","0","0","1","0","0","0","0","1","1","0","0","0","2","0","1","0","1","1","1","4","0","0","0","0","0","0","0","0","0","1","0","0","0","0","0","0","0","0","0","0","0","0","0","1","1","0","0","0","0","0","0","0","0","0","0","0","0","0","0","0","0","0","4","3","2","0","0","0","0","2","1","1","0","0","0","0","0","0","0","0","2","0","0","0","0","0","0","0","0","0","0","0","0","0","0","0","0","0"
"s25","voters","0101840","3","2","1","0","0","0","0","0","0","0","0","1","2","2","1","0","0","0","0","0","0","0","0","0","0","0","0","0","0","0","0","0","0","0","0","0","0","0","0","0","0","0","0","0","0","0","0","0","0","0","0","0","0","1","0","1","0","0","0","0","0","0","0","1","0","0","0","0","0","0","0","0","0","0","0","0","0","0","0","0","0","0","0","0","0","0","0","0","0","0","0","0","0","0","0","0","0","0","0","0","0","2","0","0","0","0","0","0","0","0","0","0","0","0","0","0","0","0","1","0","0","0","0","0","0","0","0","0","0","0","0","0","0","0","0","0","0"
"s25","voters","0101870","0","0","0","0","0","0","0","0","0","0","0","0","0","0","0","0","0","0","0","0","0","0","0","0","0","0","0","0","0","0","0","0","0","0","0","0","0","0","0","0","0","0","0","0","0","0","0","0","0","0","0","0","0","0","0","0","0","0","0","0","0","0","0","0","0","0","0","0","0","0","0","0","0","0","0","0","0","0","0","0","0","0","0","0","0","0","0","0","0","0","0","0","0","0","0","0","0","0","0","0","0","0","0","0","0","0","0","0","0","0","0","0","0","0","0","0","0","0","0","0","0","0","0","0","0","0","0","0","0","0","0","0","0","0","0","0","0"
"s25","voters","0102420","60","31","23","3","0","1","0","0","0","0","2","24","36","12","5","0","1","1","0","0","0","0","0","0","0","1","0","0","0","0","2","0","0","0","2","0","0","0","0","0","0","1","0","0","0","0","0","2","1","0","0","7","0","0","5","2","3","2","9","0","0","0","1","2","1","8","0","0","0","1","7","1","2","0","0","0","0","0","0","1","0","0","1","0","0","0","0","0","0","1","0","0","0","0","0","0","0","0","3","0","0","21","5","2","0","0","0","0","0","3","15","2","2","0","1","0","0","0","3","1","0","1","0","0","0","0","0","0","3","1","0","0","0","0","0","0","0"
"s25","voters","0102520","14","3","10","0","0","0","1","0","0","0","0","7","7","1","0","0","0","0","0","0","0","0","0","0","0","0","0","0","0","0","0","0","0","0","0","0","0","0","0","0","0","0","0","0","0","0","0","0","0","0","0","1","0","0","0","0","0","1","1","0","0","1","1","0","1","3","0","0","0","0","0","0","4","0","0","0","0","0","0","0","0","0","0","0","0","0","0","0","0","0","0","0","0","0","0","0","0","0","1","0","0","2","1","0","0","0","0","0","0","0","6","1","2","0","0","0","0","0","1","0","0","0","0","0","0","0","0","0","1","0","0","0","0","0","0","0","0"
"s25","voters","0102550","100","53","30","5","0","0","0","0","1","0","11","43","57","13","3","1","2","5","0","0","0","0","0","0","0","2","2","0","0","0","0","0","0","0","0","1","0","0","2","0","0","0","0","1","0","0","0","1","1","3","4","14","0","0","1","2","6","4","17","0","0","1","2","1","2","7","0","0","1","3","1","4","8","1","0","0","0","1","3","0","0","2","1","1","0","0","2","0","0","0","1","0","1","0","0","0","1","1","0","1","1","32","8","5","1","1","0","0","0","6","13","5","0","2","1","1","0","0","8","7","3","1","0","0","0","0","0","0","2","3","1","0","0","0","0","0","0"
"s25","voters","0102570","80","49","19","1","0","1","2","0","0","0","8","32","48","17","2","3","1","2","1","0","0","0","0","0","0","1","0","0","0","2","1","0","0","0","0","0","0","0","0","0","0","0","0","0","0","0","1","1","0","1","5","9","1","1","6","5","5","3","11","0","0","0","0","1","2","6","1","0","0","1","2","1","5","0","1","0","2","0","0","0","0","0","2","0","0","2","1","0","1","1","0","0","0","1","0","0","0","0","0","1","0","24","7","11","1","3","0","0","0","3","8","3","4","1","0","0","1","0","2","7","0","0","0","0","0","1","0","0","2","1","1","0","0","0","0","0","0"
"s25","voters","0102750","106","45","44","4","0","0","4","0","0","0","9","45","61","18","9","4","2","1","2","0","1","0","0","0","0","0","0","0","0","0","0","0","0","0","0","0","0","2","0","0","0","3","0","2","0","0","0","1","1","4","5","5","1","3","1","4","3","6","11","0","3","1","1","6","3","7","0","0","0","1","3","7","12","0","0","1","1","0","1","1","0","2","3","0","0","0","0","0","0","0","0","0","1","3","1","0","0","1","0","1","1","27","6","4","3","1","0","1","0","3","26","7","4","2","2","0","0","0","3","7","0","1","0","0","1","0","0","0","5","2","0","0","0","0","0","0","1"
"s25","voters","0111800","1","1","0","0","0","0","0","0","0","0","0","1","0","0","0","0","0","0","0","0","0","0","0","0","0","0","0","0","0","0","0","0","0","0","0","0","0","0","0","0","0","0","0","0","0","0","0","0","0","0","0","1","0","0","0","0","0","0","0","0","0","0","0","0","0","0","0","0","0","0","0","0","0","0","0","0","0","0","0","0","0","0","0","0","0","0","0","0","0","0","0","0","0","0","0","0","0","0","0","0","0","0","0","0","0","0","0","0","0","1","0","0","0","0","0","0","0","0","0","0","0","0","0","0","0","0","0","0","0","0","0","0","0","0","0","0","0"
"s25","voters","0111940","1","0","0","0","0","0","0","0","0","0","1","1","0","0","0","0","0","0","0","0","0","0","0","0","0","0","0","0","0","0","0","0","0","0","0","0","0","0","0","0","0","0","0","0","0","0","0","0","0","0","0","0","0","0","0","0","0","0","0","0","0","0","0","0","0","0","0","0","0","0","0","0","0","0","0","0","0","0","1","0","0","0","0","0","0","0","0","0","0","0","0","0","0","0","0","0","0","0","0","0","0","0","0","0","0","0","0","0","0","0","0","0","0","0","0","0","0","0","0","0","0","0","1","0","0","0","0","0","0","0","0","0","0","0","0","0","0"
"s25","voters","0112500","91","40","30","6","0","1","0","0","0","0","14","46","45","15","7","4","1","1","0","0","0","0","0","0","0","0","0","0","0","3","0","1","2","1","0","0","0","0","0","0","1","0","0","0","0","0","0","0","1","0","3","10","0","2","1","3","1","8","11","0","2","4","2","0","6","4","0","0","1","2","0","4","5","0","0","2","1","1","0","4","0","2","1","0","0","0","3","0","0","0","2","0","3","1","0","0","0","0","1","0","0","28","5","4","1","0","0","1","0","1","16","5","4","0","1","0","0","0","4","6","4","0","1","1","0","0","0","2","5","2","0","0","0","0","0","0","0"
"s25","voters","0113720","49","30","11","3","0","1","0","0","0","0","4","21","28","6","2","1","0","0","0","0","0","0","0","0","0","0","0","0","0","0","0","0","0","0","0","0","0","0","0","0","0","1","0","0","0","0","0","0","1","2","4","3","1","3","2","2","2","2","8","0","1","1","1","1","0","4","0","0","0","0","0","1","2","0","0","0","0","0","1","1","0","0","2","0","0","0","0","0","1","0","0","0","0","0","0","0","1","0","1","1","0","14","8","6","0","1","0","0","1","0","7","0","3","0","0","0","0","0","1","2","2","0","0","0","0","0","0","0","3","1","0","0","0","0","0","0","0"
"s25","voters","0114170","0","0","0","0","0","0","0","0","0","0","0","0","0","0","0","0","0","0","0","0","0","0","0","0","0","0","0","0","0","0","0","0","0","0","0","0","0","0","0","0","0","0","0","0","0","0","0","0","0","0","0","0","0","0","0","0","0","0","0","0","0","0","0","0","0","0","0","0","0","0","0","0","0","0","0","0","0","0","0","0","0","0","0","0","0","0","0","0","0","0","0","0","0","0","0","0","0","0","0","0","0","0","0","0","0","0","0","0","0","0","0","0","0","0","0","0","0","0","0","0","0","0","0","0","0","0","0","0","0","0","0","0","0","0","0","0","0"
"s25","voters","0114280","59","23","23","1","0","0","2","0","0","0","10","29","30","11","6","4","1","0","0","0","0","1","0","0","0","0","0","0","0","0","0","0","0","0","0","0","0","2","3","1","1","1","0","0","0","0","0","1","0","1","1","4","0","0","2","2","1","2","9","0","0","3","4","3","3","3","0","0","0","0","1","4","2","0","0","1","1","1","1","0","0","0","0","1","2","2","1","0","0","0","0","0","1","1","0","0","0","0","1","0","0","12","4","3","1","0","0","0","1","2","9","6","3","0","0","0","0","0","5","4","2","1","3","0","0","0","0","0","2","0","0","0","1","0","0","0","0"
"s25","voters","0305010","30","13","10","1","0","0","1","0","1","0","4","14","16","8","3","2","2","0","0","0","0","0","0","0","0","0","0","0","0","0","0","0","0","0","0","0","0","0","0","0","0","0","0","0","0","0","0","1","2","1","1","1","0","1","1","1","0","2","2","0","0","0","3","0","1","1","0","0","2","2","0","0","1","0","0","0","1","0","0","0","0","0","0","1","0","1","1","0","0","0","1","0","0","1","0","0","0","1","0","0","0","8","3","1","0","0","0","0","0","1","6","0","2","1","0","0","0","0","1","3","0","1","0","0","0","0","0","0","3","0","0","0","0","0","0","0","0"
"s25","voters","0305060","13","8","3","0","0","0","0","0","0","0","2","5","8","1","0","2","0","0","0","0","0","0","0","0","0","0","0","0","0","0","0","0","0","0","0","0","0","0","0","0","0","2","0","0","0","1","0","0","1","1","0","1","0","1","0","1","0","0","2","0","0","0","0","0","1","0","0","0","0","0","0","2","0","0","0","0","0","0","0","0","0","1","0","1","0","0","0","0","0","0","0","0","0","0","0","0","0","0","0","0","0","6","0","2","0","0","0","0","0","0","1","0","1","1","0","0","0","0","0","2","0","0","0","0","0","0","0","0","0","0","0","0","0","0","0","0","0"
"s25","voters","0305170","143","82","39","2","0","1","0","0","1","0","18","62","81","19","9","2","1","6","4","1","0","0","1","1","0","0","0","0","0","2","2","1","0","7","0","2","1","0","1","0","0","0","0","0","0","0","1","0","0","2","9","18","0","2","1","1","4","10","34","0","0","2","0","0","5","11","0","1","1","1","1","10","7","0","0","1","0","1","4","5","0","1","1","0","0","2","3","0","0","0","0","0","2","1","0","0","0","0","0","0","1","78","1","1","0","0","0","0","0","2","34","5","0","0","0","0","0","0","0","15","0","0","0","2","0","1","0","0","4","0","0","0","0","0","0","0","0"
"s25","voters","0305230","15","8","5","1","0","1","0","0","0","0","0","7","8","1","3","0","0","0","0","0","0","0","0","0","0","0","0","0","0","0","0","0","0","2","0","0","0","0","0","0","0","2","0","0","0","0","0","1","1","0","1","0","0","0","1","3","1","0","0","0","0","1","1","2","0","0","0","0","1","0","0","0","0","0","0","0","0","0","0","0","0","0","0","0","0","0","0","0","0","0","0","0","0","0","0","0","0","1","0","0","1","5","3","0","0","0","0","0","0","0","3","1","1","0","0","0","0","0","0","0","0","0","0","0","0","0","0","0","2","0","0","0","0","0","0","0","0"
"s25","voters","0305260","4","0","2","0","0","0","0","0","0","0","2","2","2","0","0","0","0","0","2","2","0","0","0","0","0","0","0","0","0","0","0","0","0","0","0","0","0","0","0","0","0","0","0","0","0","0","0","0","0","0","0","0","0","0","0","0","0","0","0","0","1","0","0","0","0","0","0","0","0","0","1","0","0","0","0","0","0","1","0","0","1","0","0","0","0","0","0","0","0","0","0","0","0","0","0","0","0","0","0","0","0","0","0","0","0","0","0","0","0","0","2","0","0","0","0","0","0","0","0","2","0","0","0","0","0","0","0","0","0","0","0","0","0","0","0","0","0"
"s25","voters","0305290","12","3","4","0","0","0","0","0","0","0","5","6","6","3","1","4","0","0","0","0","0","0","0","0","0","0","0","0","0","0","0","0","0","0","0","0","0","0","0","0","0","0","0","0","0","0","0","1","0","0","0","0","0","0","1","0","0","0","1","0","0","0","0","1","0","2","0","0","0","0","1","0","0","0","0","0","0","2","0","0","0","0","1","1","0","1","0","0","0","0","0","0","0","0","0","0","0","0","0","0","0","2","0","0","0","1","0","0","0","0","1","2","1","0","0","0","0","0","0","4","1","0","0","0","0","0","0","0","0","0","0","0","0","0","0","0","0"
"s25","voters","0414020","147","60","47","8","0","2","2","0","0","0","28","66","81","13","5","3","3","2","0","1","0","0","0","0","0","1","0","0","1","2","1","0","0","5","1","0","0","0","0","0","0","3","4","4","0","0","0","5","9","2","2","8","0","1","8","5","3","10","7","0","1","2","12","4","2","5","0","1","3","4","5","2","6","0","0","0","4","1","1","3","1","1","4","6","1","3","3","0","0","3","1","0","1","0","0","0","0","2","2","1","2","46","9","4","1","0","0","0","0","0","35","8","4","0","0","0","0","0","0","20","4","2","2","0","0","0","0","0","10","2","0","0","0","0","0","0","0"
"s25","voters","0424420","1","0","0","0","0","0","0","0","0","0","1","1","0","0","0","0","0","0","0","0","0","0","0","0","0","0","0","0","0","0","0","0","0","0","0","0","0","0","0","0","0","0","0","0","0","0","0","0","0","0","0","0","0","0","0","0","0","0","0","0","0","0","0","0","0","0","0","0","0","0","0","0","0","0","0","0","0","0","1","0","0","0","0","0","0","0","0","0","0","0","0","0","0","0","0","0","0","0","0","0","0","0","0","0","0","0","0","0","0","0","0","0","0","0","0","0","0","0","0","0","0","1","0","0","0","0","0","0","0","0","0","0","0","0","0","0","0"
"s25","voters","0424650","151","51","73","10","0","0","1","0","0","0","16","69","82","7","0","1","0","7","7","0","0","0","0","0","0","0","2","0","0","1","0","1","0","0","0","0","0","0","0","0","0","0","0","0","0","1","1","2","1","5","3","7","0","0","1","1","8","4","17","0","2","1","5","2","9","18","1","0","3","6","6","5","15","0","2","0","1","3","1","1","0","1","0","0","1","2","4","0","0","0","0","1","0","3","1","0","0","2","0","1","3","33","10","1","2","0","0","0","1","4","33","13","8","4","2","0","1","0","12","10","2","1","1","0","0","0","0","2","6","2","3","0","0","0","0","0","0"
"s25","voters","0424670","173","41","90","16","0","0","1","0","1","0","24","76","97","7","4","2","2","3","8","2","0","0","0","0","0","1","2","3","0","0","0","2","0","0","0","0","0","0","0","0","0","2","0","0","0","0","0","2","1","0","0","8","0","1","3","3","2","4","17","0","0","5","9","3","9","24","0","0","2","6","3","10","19","0","0","0","0","2","0","6","0","0","1","1","4","1","9","0","0","0","1","3","2","1","1","1","0","3","1","1","4","20","5","9","1","1","2","0","1","2","49","14","12","2","3","1","0","0","9","13","3","4","1","1","0","0","1","1","14","2","1","0","0","0","0","0","1"
"s25","voters","0424910","160","45","81","12","0","0","0","0","0","0","22","78","82","4","15","6","4","2","2","0","0","0","0","0","0","4","0","1","0","1","3","3","0","1","0","0","0","0","0","0","0","2","2","1","0","0","1","2","2","2","4","8","0","1","4","3","5","6","7","0","3","1","11","10","5","10","0","4","2","9","6","6","14","0","2","2","3","1","2","3","0","0","0","4","3","1","1","0","0","0","2","1","0","3","0","2","0","1","1","0","2","29","16","0","0","0","0","0","0","0","62","15","1","1","0","0","0","0","2","14","8","0","0","0","0","0","0","0","8","4","0","0","0","0","0","0","0"
"s25","voters","0503160","1","0","1","0","0","0","0","0","0","0","0","1","0","0","1","0","0","0","0","0","0","0","0","0","0","0","0","0","0","0","0","0","0","0","0","0","0","0","0","0","0","0","0","0","0","0","0","0","0","0","0","0","0","0","0","0","0","0","0","0","0","0","0","0","1","0","0","0","0","0","0","0","0","0","0","0","0","0","0","0","0","0","0","0","0","0","0","0","0","0","0","0","0","0","0","0","0","0","0","0","0","0","0","0","0","0","0","0","0","0","1","0","0","0","0","0","0","0","0","0","0","0","0","0","0","0","0","0","0","0","0","0","0","0","0","0","0"
"s25","voters","0904010","130","32","87","2","0","1","0","0","1","0","7","65","65","16","6","4","1","0","0","0","0","0","0","0","0","0","0","0","0","0","2","0","0","2","0","1","0","0","0","0","0","0","0","0","0","1","1","2","0","2","2","2","2","2","4","1","1","3","9","0","5","4","1","8","10","21","0","2","3","4","3","9","17","0","1","3","0","1","0","0","0","0","0","0","0","1","1","0","1","0","0","0","0","0","0","0","0","0","2","1","0","20","5","4","0","0","0","1","0","2","47","16","8","1","1","0","0","0","14","3","0","3","1","0","0","0","0","0","2","1","1","0","0","0","0","0","0"
"s25","voters","0904090","104","31","55","7","0","0","2","0","0","0","9","48","56","5","7","2","1","1","1","0","0","0","0","0","0","0","0","0","0","0","2","0","0","0","0","0","0","0","0","0","0","0","1","0","0","0","1","0","2","1","1","10","0","1","1","0","1","3","10","0","0","1","3","5","6","10","0","3","0","4","4","6","13","0","1","0","0","0","1","2","0","1","1","0","1","0","2","0","0","0","0","2","0","2","0","0","1","0","1","0","3","19","3","5","1","0","0","0","0","3","28","7","6","0","1","0","3","0","10","1","3","1","2","1","1","0","0","0","5","1","2","0","0","0","1","0","0"
"s25","voters","0904140","132","38","71","6","0","0","1","0","0","0","16","64","68","13","8","4","1","0","2","0","0","0","0","0","0","1","4","0","0","0","0","0","0","1","1","3","0","0","0","0","0","0","1","0","0","0","2","2","2","1","1","7","1","3","3","3","2","3","8","0","2","3","1","2","6","20","0","2","4","2","3","4","22","0","2","2","1","4","0","3","0","0","0","1","0","1","2","0","1","0","0","0","0","2","0","0","2","0","0","1","1","17","5","5","4","2","0","0","0","5","42","4","10","2","1","0","2","0","10","9","2","2","1","0","0","0","0","2","5","2","0","0","0","0","0","0","0"
"s25","voters","0904160","133","23","87","6","1","0","2","0","0","0","14","64","69","11","6","4","5","2","2","1","0","0","0","0","0","0","0","0","0","0","0","0","0","0","0","0","0","0","0","0","0","0","0","0","0","0","2","1","0","1","2","4","0","1","3","2","1","2","4","0","3","4","5","1","8","24","0","3","3","2","6","8","20","0","1","0","1","0","1","0","2","1","0","1","1","3","3","0","1","2","0","1","1","1","0","0","1","0","1","0","1","16","4","1","0","0","0","1","0","1","39","13","12","2","1","0","0","1","19","10","1","0","1","0","0","0","0","2","7","0","1","0","0","0","0","0","1"
"s25","voters","0904200","141","27","95","5","1","0","1","0","0","0","12","70","71","12","5","5","4","0","1","0","0","0","0","0","0","1","1","0","0","0","0","0","0","0","3","0","0","0","0","2","0","0","1","0","0","0","2","1","0","1","2","3","0","2","2","2","2","4","6","0","2","6","7","6","10","22","0","0","6","3","5","7","21","0","1","1","3","0","2","0","0","1","1","0","1","2","0","0","0","0","1","0","0","0","0","1","3","0","2","0","0","18","1","3","0","0","2","1","0","2","44","21","9","7","3","2","0","0","9","9","0","2","0","0","0","0","0","1","4","2","0","0","1","0","0","0","0"
"s25","voters","0904270","133","25","91","7","0","0","1","0","2","0","7","58","75","12","8","1","2","1","3","0","0","0","0","0","0","0","0","0","0","1","0","0","0","0","0","0","0","0","0","0","0","0","1","0","0","0","0","1","1","0","1","6","0","2","3","0","0","3","8","0","6","4","6","6","9","11","1","2","4","10","7","10","15","0","0","1","1","0","0","2","0","1","0","1","1","0","0","0","0","1","0","1","0","1","0","1","1","2","0","2","1","15","5","2","0","0","0","0","0","3","49","13","15","3","2","0","1","1","7","3","1","0","1","0","0","1","0","1","7","3","0","0","0","0","0","0","0"
"s25","voters","0904320","107","42","35","12","0","1","0","0","1","0","16","48","59","21","3","7","2","0","0","0","1","0","0","0","0","0","0","0","0","0","0","0","0","5","1","1","1","0","0","0","0","0","0","0","0","0","0","2","1","2","6","5","0","2","9","2","3","3","7","1","0","2","2","1","7","5","0","1","2","2","3","3","6","0","0","1","1","2","0","1","0","3","2","1","1","3","1","1","0","2","1","0","2","3","0","0","1","0","0","3","1","22","9","4","1","0","1","1","1","3","23","6","0","3","1","0","0","1","1","10","1","2","2","0","0","0","1","0","9","4","0","1","0","0","0","0","0"
"s25","voters","0904340","144","34","85","4","0","1","1","0","1","0","18","71","73","17","17","5","2","0","0","0","0","0","0","0","0","0","0","0","0","0","0","0","0","0","2","0","0","0","0","0","0","0","2","0","0","0","1","1","1","2","2","8","0","3","1","2","2","2","9","1","4","2","3","7","14","9","0","2","2","5","5","16","15","0","2","3","2","0","1","3","0","0","1","1","3","2","0","0","0","0","0","0","1","4","0","0","1","1","0","0","0","19","6","0","2","0","0","0","0","7","48","14","14","3","1","0","1","0","4","5","3","4","2","0","1","1","0","2","4","0","2","0","0","0","0","0","1"
"s25","voters","0904370","102","32","55","4","0","0","1","0","0","0","10","44","58","19","6","6","2","0","1","0","0","0","0","0","0","0","0","0","0","1","0","0","0","0","0","0","0","0","0","0","0","2","0","0","0","0","0","3","1","1","3","3","1","1","6","1","3","1","8","0","1","1","2","5","5","14","0","1","3","4","3","4","12","0","0","0","1","0","1","0","0","1","2","1","2","0","2","0","0","0","1","1","0","1","0","1","0","0","1","0","0","15","5","4","1","1","0","2","0","4","32","8","7","0","1","1","1","0","5","8","0","1","0","0","0","1","0","0","4","1","0","0","0","0","0","0","0"
"s25","voters","0904390","85","31","39","1","0","0","0","0","0","0","14","38","47","16","8","5","1","1","0","0","0","0","0","0","0","0","0","0","0","0","2","0","0","0","0","0","0","0","0","0","0","0","1","0","0","0","1","1","1","0","3","4","1","2","1","3","1","1","12","0","2","0","3","3","4","8","2","0","1","2","3","3","8","0","0","2","1","2","0","3","0","0","0","0","4","0","2","0","0","0","0","0","0","0","0","0","0","1","0","0","0","15","3","5","0","0","0","0","1","7","20","6","6","1","0","0","1","0","5","8","2","3","0","1","0","0","0","0","1","0","0","0","0","0","0","0","0"
"s25","voters","0904460","115","10","97","2","0","0","1","0","0","0","5","61","54","1","8","1","0","1","1","0","0","0","0","0","0","0","0","0","0","0","0","0","0","0","1","1","0","0","0","0","0","0","0","0","0","0","1","0","0","1","0","4","0","0","1","2","1","0","0","0","2","8","6","10","10","14","0","3","4","6","10","11","13","0","0","1","0","0","2","0","0","2","0","0","0","0","0","0","0","0","1","0","0","1","0","0","0","0","1","0","0","6","2","1","0","0","0","0","0","1","49","16","12","4","4","0","0","0","12","3","1","0","1","0","0","0","0","0","2","1","0","0","0","0","0","0","0"
"s25","voters","0904500","141","23","105","4","0","0","1","0","0","0","8","66","75","10","3","4","1","0","2","0","0","0","0","0","0","0","0","0","0","0","0","0","0","0","0","1","0","0","0","0","0","0","1","0","0","1","0","1","0","1","2","4","0","3","0","2","2","3","4","0","5","2","16","7","4","21","0","4","5","4","8","8","21","0","0","1","0","0","0","0","0","2","0","1","1","1","2","0","0","0","0","0","0","1","0","0","1","0","0","3","0","12","7","2","0","0","0","1","0","1","53","19","13","3","1","0","0","1","15","4","1","2","0","0","0","0","0","1","4","1","0","0","0","0","0","0","0"
"s25","voters","0904530","107","19","79","2","0","0","1","0","0","0","6","53","54","9","9","0","1","0","1","0","0","0","0","0","0","0","0","0","0","0","0","0","0","0","0","1","0","0","0","0","0","0","1","0","0","0","0","1","0","0","1","5","1","1","1","2","0","1","6","0","4","5","6","3","6","17","1","0","3","4","7","9","14","0","0","0","2","0","1","1","0","0","0","0","1","1","0","0","0","0","1","0","0","0","0","0","0","0","1","1","0","10","3","2","0","0","1","0","0","3","46","10","9","3","2","0","4","0","5","2","3","0","0","1","0","0","0","0","2","0","1","0","0","0","0","0","0"
"s25","voters","0904590","95","12","68","1","0","1","3","0","0","0","10","41","54","1","11","2","1","0","2","0","0","0","0","0","0","1","0","1","0","0","0","0","0","0","0","0","0","0","0","0","0","0","0","0","0","0","1","0","1","0","1","2","0","1","0","0","2","1","3","0","1","3","5","2","4","13","0","3","2","6","5","6","18","0","1","2","1","0","1","0","0","0","0","0","2","1","2","0","1","0","0","0","0","2","0","1","0","1","0","0","0","8","2","0","0","0","0","0","0","2","37","7","10","1","5","0","0","0","8","5","2","2","0","0","0","1","0","0","3","0","1","1","0","0","0","0","0"
"s25","voters","0904760","146","44","81","7","0","0","0","0","0","0","14","64","82","8","4","1","1","1","8","0","1","0","0","0","0","0","0","0","0","1","0","0","0","1","2","0","0","0","0","0","0","0","0","0","0","0","0","0","3","1","1","13","0","0","1","3","1","4","17","0","2","0","5","3","7","19","0","1","1","5","3","9","26","0","0","0","0","1","3","3","0","1","0","1","1","1","3","0","0","0","0","0","0","3","0","0","1","0","0","0","3","23","5","8","0","1","0","0","0","7","38","12","11","5","2","0","1","0","12","11","1","2","0","0","0","0","0","0","6","0","0","0","0","1","0","0","0"
"s25","voters","0904810","24","12","10","0","0","0","0","0","0","0","2","9","15","1","0","0","0","0","2","0","0","0","0","0","0","0","0","0","0","0","0","0","0","0","0","0","0","0","0","0","0","0","0","0","0","0","0","0","0","0","2","3","0","0","1","1","0","2","3","0","0","0","0","0","2","2","0","0","0","0","1","1","4","0","0","0","0","0","0","0","0","1","0","0","0","0","1","0","0","0","0","0","0","0","0","0","0","0","0","0","0","8","1","0","1","0","0","0","0","2","6","1","1","1","0","0","0","0","1","1","0","1","0","0","0","0","0","0","0","0","0","0","0","0","0","0","0"
"s25","voters","0904940","72","9","49","2","0","0","0","0","0","0","12","39","33","5","4","2","0","0","6","1","1","0","0","0","0","0","0","0","0","0","0","0","0","0","3","0","0","0","0","0","0","0","0","0","0","0","0","1","0","0","1","2","0","2","1","0","1","1","0","0","4","3","2","5","5","11","0","1","1","3","5","3","6","0","0","0","1","2","1","1","0","1","1","1","1","2","1","0","0","0","0","0","0","0","0","0","1","1","0","0","0","5","1","0","2","0","0","0","0","1","25","10","5","1","1","0","0","0","7","7","0","0","1","1","0","0","0","3","1","1","0","0","0","0","0","0","0"
"s25","voters","0905010","31","4","23","1","0","0","0","0","0","0","3","17","14","1","8","2","0","0","0","0","0","0","0","0","0","0","0","0","0","0","0","0","0","0","0","0","0","0","0","0","0","0","0","0","0","0","0","0","0","0","0","1","0","0","0","0","0","0","3","0","2","2","2","0","2","6","0","0","0","2","1","2","4","0","0","0","0","0","0","1","0","1","0","1","0","0","0","0","0","0","0","0","1","0","0","0","0","0","0","0","0","2","0","1","0","0","0","0","0","1","16","4","1","1","0","0","0","0","1","2","1","0","0","0","0","0","0","0","1","0","0","0","0","0","0","0","0"
"s25","voters","0905040","81","23","40","5","0","0","0","0","0","0","13","38","43","8","6","1","1","1","0","0","0","0","0","0","0","2","0","0","0","0","0","0","0","0","0","0","0","0","0","0","0","0","0","0","0","0","0","2","2","1","1","2","0","0","3","0","3","2","7","0","2","1","1","2","6","7","1","1","2","4","1","6","6","0","1","0","2","1","1","2","0","1","0","0","2","1","2","0","0","0","1","2","1","0","0","0","0","0","0","0","1","12","8","1","0","1","0","0","0","1","15","8","4","0","3","0","1","2","7","8","1","1","3","0","0","0","0","0","4","0","1","0","0","0","0","0","0"
"s25","voters","0905070","18","7","8","0","0","0","0","0","0","0","3","8","10","3","0","0","0","0","0","0","0","0","0","0","0","0","0","0","0","0","0","0","0","0","0","0","0","0","0","0","0","0","0","0","0","0","1","0","0","0","1","1","0","0","1","0","1","0","2","0","0","2","0","1","0","1","0","0","1","1","1","1","0","0","0","0","1","0","0","0","0","0","1","0","0","1","0","0","0","0","0","0","0","0","0","0","0","0","0","0","0","4","0","2","0","1","0","0","0","0","3","3","2","0","0","0","0","0","0","3","0","0","0","0","0","0","0","0","0","0","0","0","0","0","0","0","0"
"s25","voters","0905140","24","6","9","0","0","0","1","0","0","0","8","11","13","2","2","2","0","0","0","0","0","0","0","0","0","0","0","0","0","0","0","0","0","2","1","2","0","0","0","0","0","0","0","0","0","1","0","0","1","0","0","0","0","0","1","1","0","2","0","0","0","0","2","0","1","1","0","1","1","0","0","1","2","0","1","0","0","2","1","1","0","0","1","1","1","0","0","0","0","0","0","0","0","0","0","0","0","0","0","0","1","4","1","0","0","0","0","1","0","0","5","1","1","0","0","0","0","0","2","4","2","1","0","0","0","0","0","1","1","0","0","0","0","0","0","0","0"
"s25","voters","0905220","37","7","26","2","0","0","0","0","0","0","2","20","17","2","1","0","2","0","0","0","0","0","0","0","0","0","0","0","0","0","0","0","0","0","0","0","0","0","0","0","0","0","1","0","0","0","0","0","0","0","1","3","0","0","1","0","0","0","2","0","2","2","2","0","3","5","0","1","0","1","1","3","6","0","0","0","0","0","0","0","0","1","0","0","0","0","1","0","0","0","0","0","1","1","0","0","0","0","0","0","0","3","2","0","0","0","0","0","0","2","14","2","4","2","1","0","0","1","2","0","0","2","0","0","0","0","0","0","2","0","0","0","0","0","0","0","0"
"s25","voters","0905240","25","5","16","2","0","0","0","0","0","0","2","13","12","1","0","1","0","0","0","0","0","0","0","0","0","0","0","0","0","0","0","0","0","0","0","0","0","0","0","0","0","0","0","0","0","0","0","2","0","1","0","0","0","0","0","0","1","0","1","0","1","0","2","2","1","3","0","1","0","3","0","0","3","0","0","0","0","0","0","0","0","0","0","1","0","1","0","0","1","0","0","0","0","0","0","0","0","0","1","0","0","3","2","0","0","0","0","0","0","0","10","3","0","0","1","0","0","2","0","1","1","0","0","0","0","0","0","0","2","0","0","0","0","0","0","0","0"
"s25","voters","0905260","140","59","55","5","1","0","1","0","0","0","19","62","78","19","6","4","1","3","6","0","1","0","2","0","0","0","0","0","0","0","0","3","0","0","2","3","0","0","0","0","0","1","0","1","0","0","0","3","0","2","5","13","1","3","3","4","3","4","18","0","1","4","1","2","8","10","0","0","3","2","7","7","10","0","1","1","1","1","1","4","0","0","2","1","1","4","2","0","0","2","1","1","0","0","0","0","1","0","1","0","1","26","11","6","1","3","1","1","0","10","30","12","4","1","2","1","2","0","3","12","4","3","0","0","0","0","0","0","3","1","1","1","1","0","0","0","0"
"s25","voters","0905300","17","6","7","0","0","0","0","0","0","0","4","10","7","3","0","0","0","0","0","0","0","0","0","0","0","0","0","0","0","0","0","0","0","3","0","0","0","0","0","0","0","0","0","0","0","0","0","1","0","1","0","2","0","0","0","0","0","1","1","0","0","0","0","0","2","1","0","0","0","0","0","2","2","0","0","0","1","1","1","0","0","0","0","1","0","0","0","0","0","0","0","0","0","0","0","0","0","0","0","0","0","4","1","0","0","0","0","0","0","1","7","0","0","0","0","0","0","0","0","0","2","1","0","1","0","0","0","0","0","0","0","0","0","0","0","0","0"
"s25","voters","0905330","62","6","46","2","0","0","0","0","0","0","8","33","29","4","2","0","0","0","3","0","0","0","0","0","0","0","0","0","0","0","0","0","0","0","2","0","0","0","0","0","0","0","0","0","0","0","0","2","0","0","0","0","0","1","1","0","0","1","1","0","2","2","4","3","4","11","0","0","2","5","2","3","8","0","0","1","0","0","0","3","0","1","0","0","1","1","1","0","0","0","0","0","1","0","0","0","0","0","0","0","1","3","1","1","0","0","0","0","0","1","24","9","7","0","0","1","1","0","4","4","0","1","2","0","0","0","0","1","1","1","0","0","0","0","0","0","0"
"s25","voters","0905350","8","0","6","0","1","1","0","0","0","0","0","1","7","0","0","0","0","0","0","0","0","0","0","0","0","0","0","0","0","0","0","0","0","0","0","0","0","0","0","0","0","0","2","0","0","0","0","0","0","0","0","0","0","0","0","0","0","0","0","0","0","0","0","1","0","0","1","1","0","2","0","0","1","0","0","0","0","0","0","0","0","0","0","0","0","0","0","0","0","0","0","0","0","0","0","0","0","1","0","0","1","0","0","0","0","0","0","0","0","0","5","0","0","0","0","0","0","1","0","0","0","0","0","0","0","0","0","0","2","0","0","0","0","0","0","0","0"
"s25","voters","0905380","56","13","32","2","0","0","0","0","0","0","9","27","29","4","2","0","1","0","1","1","0","0","0","0","0","0","2","0","0","0","0","0","0","0","0","0","0","0","0","1","0","0","2","0","0","0","1","0","2","0","0","1","0","0","0","2","2","1","4","0","0","3","5","1","3","5","0","0","2","3","0","3","7","0","0","0","1","0","0","4","0","1","1","1","0","0","1","0","0","1","0","0","0","0","0","0","0","0","1","0","0","8","0","3","0","0","0","1","0","1","16","9","1","1","0","0","1","0","4","3","2","2","1","1","0","0","0","0","2","0","0","0","0","0","0","0","0"
"s25","voters","0905410","72","23","40","1","0","0","0","0","0","0","8","36","36","13","4","3","0","0","0","0","0","0","0","0","0","0","0","1","0","0","0","0","0","0","6","0","0","0","0","0","0","0","0","0","0","0","1","2","0","0","5","3","0","0","3","0","2","3","4","0","2","2","0","0","6","8","1","2","2","2","1","5","9","0","1","1","0","1","2","1","0","0","1","1","0","0","0","0","0","0","0","1","0","0","0","0","0","0","0","0","0","12","4","2","0","1","1","0","0","3","16","9","3","3","1","0","0","0","8","3","0","2","1","2","0","0","0","0","0","0","0","0","0","0","1","0","0"
"s25","voters","0905570","108","27","59","2","0","1","4","0","1","0","14","52","56","8","3","3","2","1","3","0","0","0","0","0","0","0","0","0","0","1","1","0","0","1","0","2","0","0","0","0","0","0","1","0","0","0","1","1","0","1","2","8","0","1","5","1","1","1","5","0","1","1","1","2","10","14","0","2","0","2","4","10","12","0","0","0","0","3","2","1","0","2","1","1","2","0","2","0","1","1","0","0","1","1","0","1","0","0","1","2","0","17","6","1","0","0","2","0","0","1","35","4","7","2","2","1","0","1","7","9","2","2","0","0","0","1","0","0","6","0","1","0","0","0","0","0","1"
"s25","voters","0905600","158","37","98","7","0","0","0","0","0","0","16","76","82","9","9","4","2","2","6","0","0","0","0","0","0","0","0","0","0","0","0","0","0","1","0","0","0","0","0","0","0","0","0","0","0","0","0","2","0","1","7","4","0","1","1","1","3","7","10","0","4","4","5","7","8","18","1","3","6","8","8","9","17","0","3","1","1","2","1","4","0","1","0","0","1","0","2","0","0","0","0","1","1","2","0","0","0","0","0","3","0","21","8","6","1","0","0","0","0","1","52","20","12","2","2","0","0","1","9","7","4","4","1","0","0","0","0","0","3","3","1","0","0","0","0","0","0"
"s25","voters","0905610","118","38","59","4","0","0","0","0","1","0","16","48","70","10","4","4","1","0","0","0","0","0","0","0","0","0","0","0","0","0","0","0","0","2","1","0","0","0","0","0","0","2","0","0","0","0","0","0","1","0","1","13","1","0","2","2","0","6","12","0","1","2","3","2","6","11","0","0","0","4","5","10","15","1","0","0","0","0","3","2","0","0","0","0","1","2","7","0","0","0","0","0","1","1","0","1","0","0","0","0","2","23","3","4","3","0","0","0","0","5","28","10","11","0","0","0","0","1","9","10","1","3","0","0","0","0","0","2","3","1","0","0","0","0","1","0","0"
"s25","voters","0905640","90","35","34","6","0","0","2","0","0","0","13","38","52","3","0","1","2","3","0","1","0","0","0","0","0","0","0","0","0","0","0","0","0","0","0","0","0","0","0","0","0","0","2","0","0","0","1","1","1","1","5","5","0","3","1","2","3","4","8","0","0","0","0","3","5","7","0","0","0","3","1","5","10","0","0","1","0","1","0","4","0","0","1","2","1","0","3","0","0","0","1","1","1","0","0","2","0","1","0","0","2","17","8","3","0","2","0","0","1","4","14","6","7","2","1","0","0","0","4","5","3","4","0","0","0","0","0","1","5","2","0","0","0","0","0","0","1"
"s25","voters","0905900","29","2","17","4","0","0","0","0","0","0","6","16","13","0","1","2","1","0","0","0","0","0","0","0","0","0","0","0","0","0","0","0","0","0","0","0","0","0","0","0","0","0","1","0","0","0","0","0","0","0","0","1","0","0","0","0","0","0","1","0","1","0","1","1","4","5","0","0","0","0","1","2","2","0","0","1","1","0","0","0","0","0","0","2","0","1","1","0","0","0","0","0","0","1","0","0","0","1","1","0","1","1","0","1","0","0","0","0","0","0","13","2","1","0","0","0","0","0","1","2","1","0","1","0","0","0","0","2","3","1","0","0","0","0","0","0","0"
"s25","voters","0905940","101","28","49","8","1","0","1","0","0","0","14","48","53","12","0","4","0","0","0","0","0","0","0","0","0","0","0","0","0","0","0","0","0","0","0","0","0","0","0","0","0","0","2","0","0","0","1","2","1","0","3","6","0","1","1","4","1","2","6","0","0","2","2","3","6","10","1","2","2","2","4","6","9","0","0","1","1","1","2","1","0","1","0","0","2","2","3","0","1","1","1","2","1","0","0","0","0","1","1","2","0","17","4","3","0","2","0","0","1","1","29","4","4","5","1","0","0","1","5","7","3","2","1","1","0","0","0","0","7","3","0","0","0","0","0","0","0"
"s25","voters","0911680","48","31","6","2","0","0","1","0","0","0","8","18","30","25","0","4","3","0","0","0","0","0","0","0","0","0","0","0","0","0","0","0","0","0","0","0","0","0","0","0","0","1","0","0","0","0","2","0","2","2","3","4","0","6","3","1","3","3","2","0","0","0","0","0","0","2","0","0","0","0","0","0","4","0","0","2","0","0","0","0","0","0","3","1","1","1","0","0","1","0","0","0","0","0","0","1","0","0","0","1","0","17","7","1","0","2","2","0","0","2","4","1","0","1","0","0","0","0","0","3","1","2","2","0","0","0","0","0","2","1","0","0","0","0","0","0","0"
"s25","voters","0912020","85","48","19","1","1","1","2","0","0","0","13","38","47","36","5","9","3","1","0","1","0","0","0","0","0","0","0","0","0","0","0","0","0","0","0","0","0","0","0","0","0","2","0","0","0","0","3","1","0","2","6","6","0","6","4","1","5","3","11","0","1","2","0","0","1","7","0","0","2","0","0","1","5","0","0","1","1","2","0","2","0","1","2","1","2","0","1","0","0","1","0","0","2","0","0","1","0","0","1","0","0","25","7","9","0","0","0","0","1","6","10","1","1","0","3","0","0","0","4","8","2","1","1","0","0","0","0","1","0","4","0","0","0","0","0","0","1"
"s25","voters","0912330","61","32","12","5","1","0","0","0","0","0","11","30","31","14","3","5","2","0","0","0","0","0","0","0","0","0","0","0","0","1","0","1","0","1","0","0","0","0","0","0","0","1","0","0","0","0","0","1","1","1","5","4","1","4","5","1","1","7","1","0","2","0","0","0","3","2","0","0","1","0","0","2","2","0","1","1","1","2","2","1","0","0","1","1","0","0","1","0","0","2","0","0","1","0","0","0","0","0","0","2","1","22","2","2","3","3","0","0","0","0","7","2","2","0","1","0","0","0","0","5","4","1","0","0","0","0","0","1","4","1","0","0","0","0","0","0","1"
"s25","voters","0912390","7","1","4","0","0","0","0","0","0","0","2","2","5","0","0","1","0","0","0","0","0","0","0","0","0","0","0","0","0","0","0","0","0","0","0","0","0","0","1","0","0","0","0","0","0","0","0","0","0","0","0","1","0","0","0","0","0","0","0","0","0","0","0","0","0","0","0","0","0","0","0","2","2","0","0","0","0","0","0","1","0","0","0","0","0","0","1","0","0","0","0","0","0","0","0","0","0","0","0","0","0","1","0","0","0","0","0","0","0","0","1","2","0","0","0","0","0","0","1","2","0","0","0","0","0","0","0","0","0","0","0","0","0","0","0","0","0"
"s25","voters","0912410","130","44","63","6","1","0","1","0","0","0","15","56","74","19","9","8","0","0","0","1","0","1","1","0","0","0","0","0","0","0","0","2","0","0","0","0","0","0","0","0","0","2","1","1","0","0","1","3","0","2","6","5","0","2","4","3","5","7","6","0","2","1","3","1","6","18","0","1","1","2","3","5","20","0","1","1","0","1","1","2","0","2","2","2","0","0","3","0","0","0","0","0","2","0","0","0","0","0","0","2","4","27","10","2","3","1","0","0","0","1","29","11","8","1","4","1","0","2","7","10","5","0","0","0","0","0","0","0","4","3","0","0","0","0","0","0","1"
"s25","voters","0912420","89","49","20","2","1","1","3","0","0","0","13","39","50","36","5","2","1","0","0","0","0","0","0","0","0","0","0","0","1","2","0","0","0","0","0","0","0","0","0","0","0","0","0","0","0","0","2","0","0","4","5","8","0","4","4","2","5","5","10","0","0","1","2","1","2","3","0","0","1","1","1","1","7","0","0","1","2","2","1","1","2","1","1","0","0","1","1","0","0","1","0","0","2","1","0","0","0","1","1","0","1","25","8","5","1","1","0","0","0","9","11","2","3","1","1","0","0","0","2","8","3","1","1","0","0","0","0","0","4","1","0","0","0","0","0","2","0"
"s25","voters","0912480","77","36","18","2","1","1","1","0","1","0","17","29","48","14","6","8","3","0","0","1","0","0","0","0","0","0","0","0","0","0","0","0","0","0","0","0","0","0","0","0","0","1","1","0","0","1","1","0","0","2","2","6","0","2","4","3","4","0","11","0","0","1","0","2","2","5","0","1","1","4","0","1","1","0","1","0","0","1","1","2","1","2","2","1","0","1","5","0","0","0","1","0","0","1","0","1","0","0","1","0","2","20","6","2","0","3","2","0","1","2","14","2","1","0","0","0","0","1","0","11","0","1","2","1","0","1","0","1","4","2","0","0","0","0","0","0","0"
"s25","voters","0912620","82","24","44","4","0","1","0","0","0","0","9","40","42","9","8","4","2","0","1","0","0","0","0","0","0","0","0","0","0","0","0","0","0","0","2","0","0","0","0","0","0","1","0","0","0","0","0","2","1","0","3","4","0","1","2","3","0","2","6","0","0","0","2","3","4","15","0","1","0","2","5","2","10","0","0","1","0","4","0","0","0","1","0","0","2","1","0","0","0","0","0","0","1","0","0","0","0","1","0","2","1","14","5","1","0","1","0","0","0","3","25","8","3","1","2","0","0","0","5","7","1","1","0","0","0","0","0","0","3","2","0","0","0","0","0","0","0"
"s25","voters","0913090","83","30","36","7","0","0","2","0","0","0","8","46","37","16","3","2","1","1","2","1","0","0","0","0","0","0","0","0","0","0","0","0","0","0","0","0","0","0","0","0","0","0","0","0","0","0","0","3","1","1","1","7","1","4","1","2","1","2","6","0","2","1","0","2","6","13","0","0","0","0","1","2","9","0","0","0","0","0","2","2","0","1","0","0","0","2","1","0","0","0","0","1","1","3","0","0","0","0","1","1","2","15","7","6","1","0","0","0","0","1","21","5","3","1","1","0","0","0","5","5","1","1","0","0","0","0","0","1","6","3","0","0","0","0","0","0","0"
"s25","voters","0913100","43","29","6","1","0","1","0","0","0","0","6","19","24","15","1","3","2","0","0","0","0","0","0","0","0","0","0","0","0","0","0","0","0","0","0","0","0","0","0","0","0","0","0","0","0","0","2","4","1","1","0","2","1","5","4","0","2","7","0","0","0","1","0","0","3","0","0","0","1","0","1","0","0","0","1","1","1","1","1","0","0","0","1","0","0","0","0","0","0","0","0","0","0","0","0","1","0","0","1","0","0","24","4","0","0","0","0","1","0","0","4","1","1","0","0","0","0","0","0","5","1","0","0","0","0","0","0","0","1","0","1","0","0","0","0","0","0"
"s25","voters","0913220","171","73","66","4","0","2","5","0","0","0","21","82","89","18","9","4","1","3","2","0","0","0","0","0","0","0","1","1","0","0","4","0","0","0","0","0","0","0","0","0","0","7","1","0","0","0","1","4","1","0","5","18","1","3","6","7","4","3","20","0","2","4","4","4","6","16","0","1","3","2","1","7","16","0","1","1","3","2","1","4","0","2","1","1","1","0","4","0","0","1","2","0","1","1","0","0","1","3","1","1","0","34","6","5","4","4","0","1","2","17","30","11","11","1","0","0","0","1","12","8","7","4","1","0","0","0","0","1","4","4","2","0","0","0","0","1","0"
"s25","voters","0914370","71","21","33","7","0","0","1","0","0","0","9","34","37","8","6","5","0","0","0","0","0","0","0","0","0","0","0","0","0","0","0","0","0","0","0","0","0","0","0","0","0","0","0","0","0","0","1","1","0","0","2","4","1","0","0","2","1","3","6","1","0","1","3","2","2","5","0","0","1","2","2","4","10","0","0","2","0","2","0","2","0","1","0","0","1","1","0","0","0","0","1","0","1","4","0","0","1","0","0","0","1","14","2","3","0","0","0","0","0","2","18","3","5","2","1","1","1","0","2","9","0","0","0","0","0","0","0","0","6","0","2","0","0","0","0","0","0"
"s25","voters","0924430","104","15","70","1","0","0","3","0","0","0","15","53","51","4","2","2","0","1","2","2","0","0","0","0","0","1","0","1","0","0","0","0","0","0","0","0","0","0","0","0","0","0","0","0","0","0","0","0","0","1","2","3","0","0","0","1","2","3","3","0","3","2","4","4","6","18","0","1","2","1","4","8","17","0","0","0","2","2","1","2","0","1","0","1","2","2","2","0","0","0","1","0","0","2","0","0","0","0","0","1","0","12","1","0","0","0","0","0","0","2","32","15","5","3","1","0","1","0","13","7","4","2","2","0","0","0","0","0","1","1","1","1","0","0","0","0","0"
"s25","voters","0924590","37","9","24","2","0","0","0","0","0","0","2","18","19","2","1","1","0","0","1","0","0","0","0","0","0","0","0","0","0","0","0","0","0","0","0","0","0","0","0","0","0","0","0","0","0","0","0","1","0","1","0","2","0","2","1","0","1","0","1","0","2","0","1","0","4","5","0","0","0","1","0","3","8","0","0","0","0","0","1","0","0","0","0","1","0","0","0","0","0","0","0","1","0","0","0","0","0","0","0","0","1","5","0","1","0","1","0","1","0","1","8","6","3","1","0","0","1","0","5","2","0","0","0","0","0","0","0","0","1","0","0","0","0","0","0","0","1"
"s25","voters","0933020","132","41","77","4","0","0","1","0","0","0","9","60","72","23","4","4","1","0","0","0","0","0","0","0","0","0","4","0","0","1","0","0","0","0","0","0","0","0","0","0","0","0","3","0","0","0","2","2","1","2","5","4","1","5","2","1","2","2","12","0","2","0","2","4","7","20","0","2","2","3","4","11","20","0","2","1","0","1","1","2","0","0","1","0","1","0","0","0","0","0","0","0","0","2","0","0","1","0","0","0","2","24","5","2","2","1","1","0","0","6","38","12","6","7","1","0","0","3","10","8","0","0","1","0","0","0","0","0","3","2","0","0","0","0","0","0","0"
"s25","voters","0933040","59","17","27","4","0","0","0","0","0","0","11","31","28","8","4","4","2","1","0","1","0","0","0","0","0","0","0","0","0","0","0","0","0","0","0","0","0","0","0","0","0","0","0","0","0","0","0","0","1","1","1","3","0","2","1","2","2","0","4","0","2","2","1","3","1","9","0","1","2","0","1","1","4","0","1","1","1","1","0","1","0","1","0","2","2","0","1","0","1","0","0","0","0","1","0","0","1","0","0","0","1","11","3","1","1","0","0","0","0","1","17","1","2","1","2","0","0","1","3","5","3","0","0","0","0","1","1","1","4","0","0","0","0","0","0","0","0"
"s25","voters","0935060","95","47","34","1","1","0","1","0","1","0","10","38","57","26","11","3","4","0","2","1","0","0","0","0","0","0","1","0","0","1","0","0","0","0","0","0","0","0","0","0","0","1","0","1","0","2","4","1","1","2","3","4","0","5","6","4","2","7","6","0","1","1","3","3","3","6","0","1","1","2","4","2","7","0","2","0","0","2","0","0","0","0","2","0","0","2","2","0","0","0","0","0","0","0","0","3","0","0","0","0","1","24","6","5","3","4","0","1","0","4","22","2","4","0","0","0","1","0","5","5","2","1","2","0","0","0","0","0","3","1","0","0","0","0","0","0","0"
"s25","voters","0935090","82","25","37","8","0","0","0","0","0","0","12","42","40","4","3","6","1","0","1","1","0","0","0","0","0","0","0","0","0","0","0","0","0","0","0","0","0","0","0","0","0","3","1","0","0","0","0","0","0","2","3","6","0","0","2","2","4","1","5","0","1","1","2","1","5","9","0","0","1","2","1","2","12","0","0","3","2","0","3","0","0","0","0","1","1","1","1","0","0","0","1","1","1","1","0","1","0","1","0","1","1","11","5","3","1","2","0","0","0","3","16","5","8","1","1","0","0","0","6","5","2","3","0","2","0","0","0","0","8","0","0","0","0","0","0","0","0"
"s25","voters","0935500","39","16","20","0","0","1","0","0","0","0","2","18","21","3","5","1","0","0","0","0","0","0","0","0","0","0","0","0","0","0","1","0","1","0","0","0","0","0","0","0","0","0","0","0","0","0","0","0","1","0","3","3","0","0","2","0","1","1","5","0","0","0","2","0","4","4","0","0","1","1","1","1","6","0","0","0","1","0","0","0","0","0","1","0","0","0","0","0","0","0","0","0","0","0","0","0","0","0","0","1","0","6","4","2","1","0","1","0","0","2","14","1","0","0","1","0","0","0","4","1","0","1","0","0","0","0","0","0","1","0","0","0","0","0","0","0","0"
"s25","voters","0935520","5","4","1","0","0","0","0","0","0","0","0","2","3","1","0","0","0","0","0","0","0","0","0","0","0","0","0","0","0","0","0","0","0","0","0","0","0","0","0","0","0","0","0","0","0","0","0","0","0","0","0","1","0","0","0","1","0","1","1","0","0","0","0","0","0","1","0","0","0","0","0","0","0","0","0","0","0","0","0","0","0","0","0","0","0","0","0","0","0","0","0","0","0","0","0","0","0","0","0","0","0","3","0","0","0","0","0","0","0","1","0","0","1","0","0","0","0","0","0","0","0","0","0","0","0","0","0","0","0","0","0","0","0","0","0","0","0"
"s25","voters","0935790","2","2","0","0","0","0","0","0","0","0","0","1","1","2","0","0","0","0","0","0","0","0","0","0","0","0","0","0","0","0","0","0","0","0","0","0","0","0","0","0","0","0","0","0","0","0","0","0","0","0","1","0","0","0","0","0","0","1","0","0","0","0","0","0","0","0","0","0","0","0","0","0","0","0","0","0","0","0","0","0","0","0","0","0","0","0","0","0","0","0","0","0","0","0","0","0","0","0","0","0","0","1","1","0","0","0","0","0","0","0","0","0","0","0","0","0","0","0","0","0","0","0","0","0","0","0","0","0","0","0","0","0","0","0","0","0","0"
"s25","voters","0935860","30","12","10","2","0","0","1","0","1","0","4","15","15","7","3","3","0","0","0","0","0","0","0","0","0","0","0","0","0","0","0","0","0","0","0","1","0","0","0","0","0","0","0","0","0","0","0","0","1","0","4","3","0","0","0","1","1","0","2","0","0","0","0","2","1","2","0","0","1","0","1","2","1","0","1","0","0","1","0","0","0","0","0","0","1","1","0","0","0","0","0","0","0","0","0","0","0","1","1","1","1","6","4","0","1","0","0","0","0","1","5","3","1","0","1","0","0","0","0","2","1","0","1","0","0","0","0","0","2","1","1","0","0","0","0","0","0"
"s25","voters","0941160","13","1","8","2","0","0","0","0","0","0","2","4","9","1","2","1","0","0","0","0","0","0","0","0","0","0","0","0","0","0","0","0","0","0","0","0","0","0","0","0","0","0","0","0","0","0","0","0","0","0","0","0","0","1","0","0","0","0","0","0","0","1","0","1","0","1","0","1","0","0","0","1","3","0","0","0","0","1","0","0","0","0","0","1","0","0","0","0","0","0","0","0","0","0","0","0","2","0","0","0","0","0","0","1","0","0","0","0","0","0","6","1","0","0","0","0","0","0","1","0","1","1","0","0","0","0","0","0","0","2","0","0","0","0","0","0","0"
"s25","voters","0941200","34","10","17","1","0","0","0","0","0","0","6","17","17","1","1","1","0","3","0","0","0","0","0","0","0","0","0","0","0","0","0","0","0","2","0","0","0","0","0","0","0","0","0","0","0","0","0","0","0","0","2","2","0","1","0","0","0","3","2","0","0","0","0","1","4","5","0","0","0","0","1","5","1","0","1","0","0","0","1","0","0","1","0","0","0","1","2","0","0","0","0","0","0","1","0","0","0","0","0","0","0","8","0","2","0","0","0","0","0","0","10","5","2","0","0","0","0","0","0","4","2","0","0","0","0","0","0","0","1","0","0","0","0","0","0","0","0"
"s25","voters","0941220","37","13","16","2","0","0","1","0","1","0","4","18","19","8","0","3","1","0","0","0","0","0","0","0","0","0","0","0","0","0","0","0","0","0","0","0","0","0","0","0","0","0","0","0","0","0","0","0","1","2","1","4","0","2","1","1","0","0","1","0","0","0","0","3","3","2","0","1","0","0","2","3","2","0","0","0","0","0","0","0","0","0","2","0","0","1","1","0","0","0","2","0","0","0","0","0","0","0","1","1","0","10","1","1","0","1","0","0","0","0","3","5","2","1","1","0","0","0","4","3","0","1","0","0","0","0","0","0","1","2","0","0","1","0","0","0","0"
"s25","voters","0943040","76","24","36","5","1","1","1","0","0","0","8","37","39","9","4","5","2","0","2","0","0","0","0","0","0","0","0","0","0","0","1","0","0","2","1","0","0","0","0","0","0","0","1","0","0","0","1","1","0","0","3","3","0","3","4","2","1","2","4","0","3","1","0","3","3","8","0","0","2","1","3","2","10","0","2","0","0","2","1","2","0","1","0","0","0","0","0","0","1","0","0","3","0","0","0","0","1","0","1","0","2","16","2","3","0","1","0","1","0","1","17","4","3","2","1","0","1","0","8","5","0","2","0","0","1","0","0","0","4","2","2","0","0","0","0","0","0"
"s25","voters","0943110","78","35","37","0","0","0","2","0","1","0","3","40","38","22","3","0","1","0","0","0","1","0","0","0","0","0","0","0","0","0","0","0","0","0","0","0","0","0","0","0","0","5","1","0","0","0","3","2","2","1","4","7","0","0","0","2","4","6","4","0","0","0","3","1","3","11","0","0","4","2","0","4","9","0","0","0","0","0","1","1","0","0","0","1","0","0","0","0","0","0","0","0","0","1","0","0","1","0","0","1","0","25","2","4","1","1","0","0","0","2","25","4","4","1","1","0","0","0","2","0","1","0","0","0","1","0","0","1","2","0","1","0","0","0","0","0","0"
"s25","voters","0943120","122","33","51","6","0","1","1","0","0","0","30","62","60","9","3","4","1","0","3","1","0","0","0","0","0","0","0","0","0","0","0","0","0","0","0","2","0","0","0","0","0","0","1","0","0","0","2","1","1","2","3","8","0","4","0","2","0","4","6","1","0","3","5","0","4","15","0","0","5","0","2","8","8","0","0","3","0","3","2","6","0","2","1","3","3","1","6","0","0","0","0","0","2","1","0","0","0","0","0","3","2","22","5","0","1","0","0","1","0","4","28","4","5","4","1","0","0","0","9","15","1","3","6","0","1","1","1","2","5","1","2","0","0","0","0","0","0"
"s25","voters","0943130","92","25","51","7","0","1","0","0","0","0","8","44","48","16","6","3","1","0","1","0","0","0","0","0","0","0","1","0","0","0","0","0","2","2","2","1","0","0","0","0","0","0","3","1","0","0","0","0","0","1","5","3","0","4","2","1","2","3","4","0","3","7","0","2","7","8","0","0","6","2","3","7","6","0","2","0","0","0","0","1","0","2","3","0","0","0","0","0","0","0","1","0","2","2","0","0","1","0","0","1","1","13","3","5","1","1","0","0","0","2","31","7","6","2","1","0","0","0","4","6","1","1","0","0","0","0","0","0","6","2","0","0","0","0","0","0","0"
"s25","voters","0943140","115","18","73","6","2","0","0","0","0","0","16","50","65","5","3","8","3","0","2","0","0","0","0","0","0","0","0","0","0","0","2","0","0","0","0","0","0","0","0","0","0","0","3","0","2","0","1","0","0","0","2","3","0","2","0","0","3","3","4","0","1","1","5","3","4","18","2","0","2","3","7","8","19","0","0","1","2","2","2","1","0","1","3","0","1","1","2","0","0","0","1","1","1","1","0","1","0","0","1","0","2","9","5","4","0","0","0","0","0","0","39","11","7","3","2","0","0","1","10","9","3","2","2","0","0","0","0","0","6","2","0","0","0","0","0","0","0"
"s25","voters","0943270","12","1","8","2","0","0","0","0","0","0","1","5","7","0","0","1","0","0","0","0","0","0","0","0","0","0","0","0","0","0","0","0","0","0","0","0","0","0","0","0","0","0","0","0","0","0","0","0","0","0","0","0","0","0","0","0","0","0","1","1","0","0","0","0","2","1","0","1","0","1","1","1","0","0","0","0","0","0","0","0","0","0","1","0","0","0","0","0","0","0","0","0","1","0","0","0","0","0","0","1","0","1","0","0","0","0","0","0","0","0","7","1","0","0","0","0","0","0","0","1","0","0","0","0","0","0","0","0","2","0","0","0","0","0","0","0","0"
"s25","voters","0943380","95","47","30","2","0","0","1","0","1","0","14","49","46","28","9","6","2","0","1","0","1","0","0","0","0","0","0","0","0","0","0","0","0","3","2","0","0","0","0","0","0","6","5","5","0","0","0","2","2","4","5","6","0","3","1","4","4","9","7","0","5","1","3","1","6","4","0","1","2","1","0","2","4","0","2","1","1","0","1","2","0","0","0","1","0","2","4","0","0","2","0","0","0","1","0","1","0","0","0","0","0","29","9","2","0","2","1","0","0","4","22","0","1","2","1","1","0","0","3","9","0","3","0","0","0","0","0","2","4","0","0","0","0","0","0","0","0"
"s25","voters","0943390","75","38","20","3","1","0","0","0","0","0","13","32","43","23","2","7","1","0","0","0","0","0","0","0","0","0","0","0","0","1","0","0","0","0","0","0","0","0","0","0","0","7","0","2","0","1","1","3","1","2","4","3","1","2","4","2","2","2","10","0","1","0","1","1","0","5","0","1","2","1","2","3","3","0","0","0","1","1","2","3","1","2","1","1","0","0","1","0","0","0","0","0","1","1","0","0","0","0","0","0","2","19","9","4","1","0","0","0","0","5","13","2","1","1","2","0","0","0","1","5","2","3","1","0","0","0","0","2","2","2","0","0","0","0","0","0","0"
"s25","voters","0943410","16","4","9","0","0","0","0","0","0","0","3","6","10","3","0","0","0","0","0","0","0","0","0","0","0","0","0","0","0","0","0","0","0","1","0","1","0","0","0","0","0","0","0","0","0","0","0","0","0","0","1","0","0","1","0","1","0","1","0","0","0","0","0","0","1","2","0","1","0","1","0","3","1","0","0","0","1","1","0","0","0","0","0","0","0","0","1","0","0","0","0","0","0","0","0","0","0","0","0","0","0","2","1","1","0","0","0","0","0","0","5","1","2","1","0","0","0","0","0","2","0","0","1","0","0","0","0","0","0","0","0","0","0","0","0","0","0"
"s25","voters","0944260","145","26","101","8","0","0","0","0","0","0","10","71","74","9","7","4","0","0","3","0","0","0","0","0","0","0","0","0","0","1","2","0","0","0","0","0","0","0","0","0","0","1","2","0","0","0","1","2","0","0","2","5","0","1","2","1","1","3","8","1","4","3","4","16","11","16","0","7","3","7","12","11","6","0","1","0","0","0","0","0","0","0","2","3","1","0","3","0","0","0","0","0","2","3","0","0","0","0","0","0","3","13","4","3","1","0","0","1","0","4","58","16","17","3","0","1","0","1","5","4","1","4","0","1","0","0","0","0","8","0","0","0","0","0","0","0","0"
"s25","voters","0944300","68","43","12","1","0","0","1","0","0","0","11","28","40","24","3","6","2","0","0","0","0","0","0","0","0","0","0","0","0","1","0","2","0","3","2","0","0","0","0","0","0","1","0","0","0","0","1","1","2","4","3","7","0","6","4","2","4","4","5","0","1","1","1","1","2","1","0","0","0","0","1","3","1","0","1","0","0","0","0","1","0","5","0","0","1","1","2","0","0","1","0","0","0","0","0","0","1","0","0","0","0","22","8","4","0","1","1","0","1","6","5","3","3","0","0","0","1","0","0","8","0","3","0","0","0","0","0","0","2","0","0","0","0","0","0","0","0"
"s25","voters","0945100","130","25","83","5","0","0","1","0","0","0","16","64","66","5","6","4","3","0","0","0","0","0","0","0","0","0","0","0","0","0","0","0","0","1","0","0","0","1","0","0","0","1","0","0","0","0","0","3","0","1","2","3","0","1","4","0","3","6","2","0","2","5","8","4","11","13","0","0","2","10","3","12","13","0","2","2","2","1","1","1","0","3","1","1","0","2","0","0","0","0","1","0","2","0","0","1","1","0","0","1","0","14","4","2","0","2","0","0","0","3","51","12","5","4","0","0","1","0","10","7","1","1","4","2","0","1","0","0","5","1","0","0","0","0","0","0","0"
"s25","voters","0945260","147","16","112","3","0","1","2","0","0","0","13","67","80","3","10","3","1","2","1","0","0","0","0","0","0","0","0","0","0","0","1","0","0","0","1","1","0","0","0","0","0","1","2","0","0","0","0","0","1","0","1","2","0","1","1","1","1","2","6","1","2","4","7","6","9","27","0","2","4","9","10","9","22","0","1","0","2","1","0","0","0","1","1","2","1","2","2","0","2","0","0","0","0","1","0","0","1","1","0","0","1","8","3","1","0","0","0","0","0","4","68","18","13","2","2","0","2","0","7","5","1","6","0","0","0","1","0","0","5","1","0","0","0","0","0","0","0"
"s25","voters","0945290","175","32","118","8","0","0","3","0","0","1","13","80","95","8","5","2","0","0","1","2","1","0","0","0","0","0","0","0","0","0","0","0","0","0","0","0","0","0","0","0","0","0","0","0","0","0","0","2","2","0","1","5","0","3","4","2","1","5","7","0","4","5","5","8","16","19","0","2","7","6","8","14","24","0","0","1","1","1","2","1","0","1","2","0","0","3","1","0","0","0","1","0","2","4","0","0","0","0","0","3","2","18","2","5","0","1","0","1","0","5","65","12","17","4","3","1","4","1","11","7","2","1","2","0","1","0","0","0","2","3","1","1","1","1","0","0","3"
"s25","voters","0945450","166","28","122","1","1","0","1","0","0","0","13","69","97","13","19","1","0","0","7","0","1","0","0","0","0","0","0","0","0","0","2","0","0","0","0","0","0","0","0","0","0","2","1","0","0","0","2","0","2","0","1","4","0","4","1","2","1","2","9","0","3","4","6","8","13","21","1","9","3","9","9","18","18","0","0","1","1","0","0","1","0","0","3","1","1","2","3","0","1","0","0","0","0","1","0","0","1","0","0","0","0","17","3","1","0","0","0","0","0","7","79","11","13","3","4","1","1","0","10","8","2","0","1","1","0","0","0","1","2","0","1","0","0","0","0","0","0"
