"election","type","srprec","totreg_r","dem","rep","aip","paf","msc","lib","nlp","grn","ref","dcl","male","female","hispdem","hisprep","hispdcl","hispoth","jewdem","jewrep","jewdcl","jewoth","kordem","korrep","kordcl","koroth","jpndem","jpnrep","jpndcl","jpnoth","chidem","chirep","chidcl","chioth","inddem","indrep","inddcl","indoth","vietdem","vietrep","vietdcl","vietoth","fildem","filrep","fildcl","filoth","demmunk","demm1824","demm2534","demm3544","demm4554","demm5564","demm65pl","demfunk","demf1824","demf2534","demf3544","demf4554","demf5564","demf65pl","repmunk","repm1824","repm2534","repm3544","repm4554","repm5564","repm65pl","repfunk","repf1824","repf2534","repf3544","repf4554","repf5564","repf65pl","dclmunk","dclm1824","dclm2534","dclm3544","dclm4554","dclm5564","dclm65pl","dclfunk","dclf1824","dclf2534","dclf3544","dclf4554","dclf5564","dclf65pl","othmunk","othm1824","othm2534","othm3544","othm4554","othm5564","othm65pl","othfunk","othf1824","othf2534","othf3544","othf4554","othf5564","othf65pl","dreg1g","dreg2g","dreg3g","dreg4g","dreg5g","dreg6g","dreg7g","dreg8g","dreg9g","rreg1g","rreg2g","rreg3g","rreg4g","rreg5g","rreg6g","rreg7g","rreg8g","rreg9g","ireg1g","ireg2g","ireg3g","ireg4g","ireg5g","ireg6g","ireg7g","ireg8g","ireg9g","oreg1g","oreg2g","oreg3g","oreg4g","oreg5g","oreg6g","oreg7g","oreg8g","oreg9g"
"s25","voters","0011267","281","107","113","13","1","2","3","0","1","0","41","159","122","6","11","6","1","6","3","3","0","0","1","0","0","0","0","0","0","0","0","0","0","6","14","0","0","5","1","0","0","0","1","0","0","0","4","2","8","3","9","25","1","1","4","5","3","10","32","0","1","5","7","9","18","30","0","0","1","2","5","17","18","0","1","3","3","3","5","11","0","0","0","5","1","2","7","0","2","0","1","1","3","5","0","0","0","1","1","4","2","62","17","10","1","1","2","0","0","14","54","13","18","3","0","2","1","1","21","24","3","5","1","1","2","1","0","4","13","4","0","0","0","0","1","0","2"
"s25","voters","0011397","7","2","4","0","0","0","1","0","0","0","0","4","3","0","0","0","0","0","0","0","0","0","0","0","0","0","0","0","0","0","0","0","0","0","0","0","0","0","0","0","0","0","0","0","0","0","0","0","0","0","0","1","0","0","0","0","0","0","1","0","0","0","0","0","1","1","0","0","0","0","0","1","1","0","0","0","0","0","0","0","0","0","0","0","0","0","0","0","1","0","0","0","0","0","0","0","0","0","0","0","0","2","0","0","0","0","0","0","0","0","1","0","3","0","0","0","0","0","0","0","0","0","0","0","0","0","0","0","1","0","0","0","0","0","0","0","0"
"s25","voters","0011902","963","583","158","29","2","5","3","0","3","0","180","427","536","100","15","16","6","10","3","1","1","3","2","2","1","1","0","1","0","8","7","12","2","60","30","30","3","4","0","9","0","32","4","6","2","4","16","43","60","34","35","41","5","28","75","83","52","39","68","1","2","13","25","16","9","15","0","5","15","15","12","11","19","0","10","17","27","16","13","13","3","7","22","17","14","9","12","0","1","2","1","1","4","8","0","2","7","5","4","1","6","507","76","0","0","0","0","0","0","0","141","17","0","0","0","0","0","0","0","148","32","0","0","0","0","0","0","0","36","6","0","0","0","0","0","0","0"
"s25","voters","0012578","1","0","1","0","0","0","0","0","0","0","0","0","1","0","0","0","0","0","0","0","0","0","0","0","0","0","0","0","0","0","0","0","0","0","0","0","0","0","0","0","0","0","0","0","0","0","0","0","0","0","0","0","0","0","0","0","0","0","0","0","0","0","0","0","0","0","0","0","0","0","1","0","0","0","0","0","0","0","0","0","0","0","0","0","0","0","0","0","0","0","0","0","0","0","0","0","0","0","0","0","0","0","0","0","0","0","0","0","0","0","0","0","0","1","0","0","0","0","0","0","0","0","0","0","0","0","0","0","0","0","0","0","0","0","0","0","0"
"s25","voters","0012600","1039","556","242","27","0","7","4","0","5","0","198","455","584","76","23","32","3","15","12","9","1","1","1","2","0","2","2","1","0","10","1","7","1","49","22","23","2","7","6","8","0","19","7","9","3","3","13","17","34","31","30","82","2","27","27","43","51","48","148","1","7","8","16","27","20","51","0","6","4","15","22","20","45","1","8","9","19","23","14","25","0","12","14","21","14","12","26","0","0","0","2","4","4","6","0","4","4","3","4","4","8","294","117","66","25","5","6","8","5","30","137","34","33","4","5","2","3","4","20","105","37","23","16","6","3","2","0","6","29","9","4","0","0","0","0","1","0"
"s25","voters","0012669","1237","737","285","73","1","6","7","0","1","0","127","498","739","68","16","9","4","36","15","5","3","2","0","0","0","6","5","0","1","7","1","5","2","8","0","1","1","0","0","1","0","11","3","2","1","0","2","1","1","5","38","207","0","2","4","2","10","49","416","0","0","0","0","4","19","122","0","1","1","0","1","14","123","0","1","1","0","3","12","42","0","0","0","1","3","7","57","0","0","0","2","0","6","32","0","0","0","0","1","9","38","441","118","69","28","17","7","9","6","42","165","40","21","16","4","1","4","8","26","78","13","19","6","4","0","0","0","7","57","14","7","2","3","0","1","0","4"
"s25","voters","0012702","732","428","119","27","0","7","7","0","0","0","144","324","408","57","34","24","12","10","4","4","0","2","0","0","0","2","0","1","0","11","0","5","1","19","7","10","0","8","2","0","0","30","11","6","1","3","13","34","36","48","23","15","2","23","51","54","66","34","26","0","4","2","9","14","15","10","0","2","7","16","19","12","9","1","8","8","28","19","11","6","2","9","12","15","18","2","5","0","1","4","1","5","4","2","0","6","1","4","4","5","4","244","81","61","17","8","2","3","2","10","64","28","17","3","2","0","2","0","3","83","32","17","4","5","0","0","1","2","26","7","5","2","0","1","0","0","0"
"s25","voters","0012728","999","627","134","37","6","4","7","0","2","0","182","433","566","100","16","21","11","14","4","5","0","2","2","0","0","4","1","2","0","13","9","7","2","37","6","19","2","9","0","2","0","33","4","10","4","2","24","33","51","51","41","40","2","38","36","108","92","47","62","0","7","5","10","21","13","16","0","2","3","15","14","18","10","1","11","12","18","25","13","10","4","16","10","17","29","3","13","0","3","6","2","9","5","4","0","3","5","6","7","4","2","344","137","73","18","7","1","3","6","38","81","23","10","5","3","0","2","1","9","104","24","15","18","6","0","3","3","9","42","11","2","0","0","0","0","0","1"
"s25","voters","0012733","962","526","187","46","0","9","10","0","5","0","179","422","540","114","15","31","10","6","5","4","0","2","0","0","0","2","0","0","0","26","9","10","2","32","14","21","7","7","2","4","0","21","6","7","1","4","24","21","35","50","34","32","7","44","40","54","75","56","50","0","17","5","12","26","17","11","0","8","5","13","37","17","19","3","12","6","18","33","15","12","1","11","13","17","16","15","7","1","6","4","3","7","10","4","0","7","3","9","7","3","6","291","99","66","21","6","3","5","9","26","110","27","22","5","4","1","0","1","17","96","28","25","9","4","1","4","1","11","43","20","6","0","0","0","1","0","0"
"s25","voters","0012765","752","431","139","38","1","4","8","0","6","0","125","332","420","77","29","21","7","8","7","6","3","5","1","2","0","7","0","1","0","24","4","6","2","22","2","5","1","8","3","6","0","12","3","6","1","2","17","20","31","46","31","25","8","21","28","51","64","42","45","0","7","1","11","18","23","14","0","2","7","9","19","18","10","1","5","6","16","13","17","1","3","4","8","17","15","11","8","0","4","3","2","4","8","6","2","5","2","3","6","9","3","226","95","62","6","9","3","7","3","20","79","20","19","4","4","1","0","1","11","74","16","10","10","4","0","3","2","6","30","16","5","1","1","0","3","0","1"
"s25","voters","0012786","992","556","205","42","3","5","9","0","2","0","170","457","535","111","33","26","12","12","5","9","2","3","1","1","0","4","2","0","0","15","8","12","2","33","7","9","2","6","6","1","1","17","6","4","2","4","20","14","31","59","38","52","2","26","27","55","86","71","71","0","2","5","16","30","21","35","3","6","4","13","25","16","29","3","14","18","14","23","15","9","2","6","3","17","20","11","15","0","7","4","4","6","7","6","1","2","4","5","6","7","2","295","100","78","21","17","4","1","2","38","122","24","22","5","8","0","4","1","19","87","21","20","17","4","4","3","3","11","43","11","4","2","1","0","0","0","0"
"s25","voters","0012807","764","443","132","18","2","9","9","0","4","0","147","329","435","121","28","26","11","5","4","2","1","3","0","1","0","8","0","2","0","11","3","7","0","17","5","11","2","6","0","6","2","15","3","4","0","1","7","24","27","36","27","36","3","23","55","61","47","47","49","0","0","8","11","13","17","17","0","1","6","6","19","15","19","1","9","15","14","16","8","15","1","6","12","16","12","12","10","0","0","5","9","6","4","3","0","1","4","1","2","3","4","268","71","56","7","14","0","6","4","17","75","20","13","6","6","0","4","2","6","84","23","20","3","1","2","2","3","9","22","9","6","2","2","0","1","0","0"
"s25","voters","0012815","557","345","88","23","1","3","5","0","3","0","89","256","301","67","14","19","7","18","2","4","1","4","2","0","0","0","0","0","0","12","2","8","3","25","4","7","0","10","4","4","1","16","1","2","0","1","14","14","23","34","28","27","1","21","24","40","43","35","40","1","3","4","10","6","14","11","0","0","4","6","9","6","14","1","3","13","9","6","9","9","0","5","8","8","5","11","2","0","1","2","2","5","3","3","0","4","3","2","4","3","3","204","55","40","13","6","4","4","4","15","54","15","11","3","1","0","0","3","1","50","14","7","4","6","0","2","1","5","25","5","2","0","1","0","0","0","2"
"s25","voters","0012884","718","392","119","27","3","5","6","0","1","0","165","312","406","99","16","29","2","5","3","5","1","1","0","1","0","3","1","0","0","11","4","9","1","35","3","9","3","10","6","6","2","7","3","7","2","2","13","29","19","32","31","28","5","19","30","54","54","37","39","0","2","2","12","17","8","16","0","2","4","10","13","19","14","1","3","9","24","17","19","7","2","8","8","18","19","13","17","1","1","3","1","7","6","2","1","2","5","3","5","3","2","219","79","46","13","8","4","5","3","15","67","17","19","6","1","0","1","2","6","88","20","24","10","10","2","2","1","8","29","9","3","1","0","0","0","0","0"
"s25","voters","0012976","797","441","186","36","5","5","3","0","3","0","118","321","476","127","26","32","9","10","8","1","1","0","0","0","0","0","1","0","0","2","4","2","0","21","3","6","2","0","0","0","0","5","3","2","0","4","15","20","22","29","30","43","3","28","50","37","40","45","75","0","5","10","11","8","18","32","0","8","16","15","13","22","28","0","9","5","6","11","8","13","1","13","9","14","12","2","15","0","1","1","4","2","10","4","1","4","3","6","3","8","5","240","75","50","15","11","1","7","3","39","104","30","23","5","3","1","0","2","18","61","25","12","9","3","1","1","0","6","33","8","4","5","1","0","0","1","0"
"s25","voters","0013032","1020","287","543","45","4","8","12","0","2","0","119","471","549","77","44","18","16","8","13","3","1","0","0","1","0","0","0","0","0","1","0","0","0","0","0","0","0","0","0","0","0","3","7","3","0","1","7","8","10","8","20","52","1","11","20","26","22","28","73","1","19","24","31","39","59","98","3","14","20","39","34","63","99","0","1","8","11","3","19","19","0","8","5","8","13","8","16","0","3","6","1","6","7","10","0","4","5","8","3","7","11","157","43","31","6","6","6","2","2","34","275","86","69","19","18","3","2","8","63","57","16","15","5","8","1","1","0","16","42","15","5","1","1","2","2","2","1"
"s25","voters","0013262","882","283","415","47","3","3","16","1","3","0","111","405","477","47","29","20","7","10","23","6","3","0","0","0","0","0","1","0","1","3","0","2","0","2","0","2","1","1","0","1","0","6","1","0","0","0","7","10","11","12","15","52","0","8","26","23","13","32","74","1","11","20","28","25","48","69","0","7","22","24","32","58","70","1","2","9","8","6","12","19","0","7","7","6","10","9","15","0","3","4","5","8","8","11","0","0","9","6","3","7","9","150","34","33","7","6","1","4","1","47","223","66","53","13","11","0","5","4","40","55","18","13","5","5","0","3","1","11","35","19","7","1","2","3","1","2","3"
"s25","voters","0013424","961","280","481","59","5","7","10","0","2","0","117","457","504","65","28","24","13","9","15","5","3","1","0","0","0","0","0","0","1","2","2","3","1","1","4","0","1","0","0","1","0","1","2","1","0","0","6","13","14","13","23","44","3","11","26","22","20","25","60","1","19","15","27","41","66","78","1","13","19","24","37","61","79","2","6","8","12","6","15","6","0","4","11","12","14","10","11","1","3","9","4","9","4","12","2","5","9","1","7","11","6","149","41","31","10","8","1","5","2","33","243","73","75","13","12","3","10","6","46","77","14","14","5","2","1","1","1","2","53","14","7","3","2","1","2","0","1"
"s25","voters","0013635","937","274","435","53","3","3","16","0","3","0","150","449","488","87","40","25","15","6","14","4","4","0","0","0","0","2","3","0","0","3","3","0","0","4","1","4","0","4","0","0","0","0","1","1","1","1","12","12","8","10","24","40","2","16","17","21","22","28","61","1","12","21","29","38","45","75","2","10","22","27","31","45","77","1","8","11","14","11","18","20","0","2","8","15","11","12","19","0","5","4","8","2","8","11","1","3","4","11","10","8","3","137","48","33","8","9","2","1","4","32","223","55","68","17","14","0","5","6","47","84","18","21","4","3","2","5","2","11","43","18","6","4","2","1","1","0","3"
"s25","voters","0013658","747","253","327","35","5","5","12","0","4","1","105","339","408","65","39","21","9","8","9","2","2","0","0","0","0","0","0","0","0","0","0","0","0","0","0","0","0","1","1","0","0","3","4","2","2","2","9","8","15","9","14","31","0","15","18","27","20","30","55","3","5","13","19","24","50","49","2","4","13","35","23","47","40","2","9","11","16","2","6","13","0","5","5","7","9","8","12","0","0","5","4","6","8","6","0","1","7","5","5","11","4","133","45","35","6","10","2","2","3","17","163","45","57","13","10","3","1","2","33","48","23","14","6","4","1","0","1","8","35","7","12","1","0","1","1","0","5"
"s25","voters","0013706","951","300","454","46","7","3","11","0","2","0","128","434","517","78","36","26","5","12","9","5","3","0","0","0","0","1","0","0","0","0","2","0","1","3","0","0","0","0","0","1","0","0","0","0","0","0","10","15","12","12","23","39","1","17","26","22","26","31","66","0","9","36","31","33","49","73","0","6","18","28","31","67","73","2","4","12","9","12","14","12","0","8","9","11","13","9","13","0","1","2","8","3","1","12","0","2","7","8","6","10","9","163","50","30","13","12","1","1","5","25","243","84","56","16","9","2","7","6","31","63","12","21","9","7","2","1","1","12","43","16","3","5","1","0","0","0","1"
"s25","voters","0013934","869","264","426","30","2","2","8","0","4","0","133","411","458","79","32","22","7","6","6","1","2","6","1","2","0","0","0","0","0","1","4","2","0","3","8","3","0","1","3","0","0","4","0","1","0","0","4","12","16","9","20","36","0","23","20","18","20","29","57","0","11","18","41","41","43","72","1","14","15","31","37","38","64","1","9","11","10","7","13","16","1","9","7","16","10","9","14","0","2","5","0","7","2","5","0","3","1","6","8","4","3","155","36","26","13","7","0","8","2","17","244","59","48","11","19","0","9","3","33","63","24","24","7","3","0","1","1","10","27","10","8","0","0","0","0","1","0"
"s25","voters","0014314","950","555","152","35","1","6","6","0","5","0","190","406","544","91","19","23","7","20","4","4","2","6","0","2","0","3","2","1","0","13","10","15","2","27","4","19","5","10","0","3","0","15","11","9","0","3","15","29","31","44","45","42","4","16","48","62","85","57","74","0","3","5","14","15","22","17","0","1","6","12","21","16","20","0","7","13","13","28","13","20","3","11","8","20","23","18","13","0","2","4","3","6","6","6","2","1","5","5","5","3","5","317","108","63","19","10","2","6","2","28","89","25","20","2","2","1","1","2","10","118","23","19","9","9","0","4","0","8","35","6","7","1","2","0","0","0","2"
"s25","voters","0014363","1191","675","274","44","1","4","1","0","0","0","192","503","688","65","25","24","4","30","9","4","2","4","1","0","0","2","0","0","2","22","10","11","0","35","10","22","2","12","11","7","1","8","2","1","2","2","8","13","16","26","44","141","1","22","19","21","39","83","240","0","2","9","4","15","24","78","1","3","2","2","19","30","85","2","6","9","12","19","26","32","3","6","6","9","13","14","35","0","0","0","1","2","5","7","0","3","0","5","5","6","16","381","120","92","42","7","3","6","2","22","149","52","32","16","5","0","1","5","14","102","39","21","12","6","0","2","1","9","31","10","7","2","0","0","0","0","0"
"s25","voters","0014564","774","468","115","29","6","7","9","0","1","0","139","325","449","92","23","22","12","13","1","0","2","5","0","3","0","1","0","1","0","14","0","7","0","19","2","16","1","14","3","3","0","16","5","1","1","0","14","39","43","31","31","26","2","22","65","57","62","46","30","0","2","5","18","8","11","9","1","1","10","17","14","14","5","2","5","8","20","14","9","7","0","11","9","23","11","7","13","1","1","3","7","6","4","1","2","6","4","4","4","7","2","280","95","49","24","3","2","8","2","5","70","12","22","7","2","0","0","1","1","76","24","23","8","4","0","2","0","2","36","9","5","2","0","0","0","0","0"
"s25","voters","0014570","942","544","146","41","4","8","9","0","6","0","184","427","515","85","26","13","12","6","2","2","4","2","0","7","0","3","1","1","1","24","4","23","1","36","13","23","4","13","3","8","2","17","4","5","1","0","15","23","55","29","49","49","3","20","53","55","61","53","79","0","5","2","17","15","18","18","0","3","4","14","12","15","23","1","6","10","22","24","19","14","1","6","12","18","12","18","21","0","4","4","13","6","6","3","2","2","2","8","5","7","6","309","107","78","26","10","1","5","4","4","90","20","19","4","3","3","0","1","6","99","31","29","15","5","1","1","1","2","44","12","7","3","2","0","0","0","0"
"s25","voters","0014675","699","402","134","27","0","3","4","0","3","0","126","292","407","63","16","18","1","11","3","0","3","2","1","0","1","3","1","0","0","4","7","6","0","46","9","20","3","8","8","2","2","11","3","4","0","0","17","16","20","27","27","41","3","24","33","33","35","45","81","0","3","2","5","10","19","22","0","2","1","11","9","12","38","1","9","9","6","19","10","12","0","5","8","9","15","15","8","0","1","1","4","3","5","3","1","3","2","3","3","4","4","212","75","48","16","13","6","8","0","24","78","23","14","5","5","0","1","1","7","69","22","13","10","3","0","1","2","6","24","4","7","2","0","0","0","0","0"
"s25","voters","0014837","861","497","145","45","4","4","4","0","3","0","159","382","479","136","27","41","9","6","3","1","1","2","1","0","0","1","1","1","0","18","4","5","1","47","9","17","2","4","4","5","3","12","2","3","0","2","15","21","35","44","37","44","2","27","39","63","62","46","60","0","5","6","12","14","16","23","0","5","5","10","7","18","24","0","14","11","14","21","12","10","2","13","17","10","15","9","11","0","4","2","3","5","7","5","1","4","8","5","9","3","4","280","81","49","18","16","2","4","2","45","86","19","16","5","5","0","6","0","8","92","26","18","7","2","3","3","1","7","37","11","9","0","1","0","0","0","2"
"s25","voters","0014876","738","422","99","33","3","9","2","0","7","0","163","333","405","84","28","31","9","10","2","2","1","1","0","2","0","5","0","0","1","8","2","6","0","68","11","44","6","2","0","2","0","15","2","6","2","1","14","26","27","23","40","37","3","35","48","39","42","48","39","0","4","8","13","9","9","11","0","3","4","13","6","11","8","2","9","14","15","17","16","10","0","11","24","14","15","10","6","2","4","6","4","6","1","5","1","5","5","5","5","3","2","260","63","42","13","12","3","5","4","20","62","18","8","4","1","0","1","3","2","100","19","20","10","3","3","2","1","5","40","8","3","3","0","0","0","0","0"
"s25","voters","0015233","782","453","135","24","4","3","10","0","1","0","152","304","478","94","21","28","5","2","1","3","1","4","2","0","0","2","0","0","0","11","6","12","1","27","5","15","2","8","1","1","0","11","12","3","0","2","12","19","35","35","22","26","2","29","47","63","51","57","53","0","5","15","12","17","12","8","0","4","6","13","12","11","20","1","3","12","11","17","11","8","1","9","17","20","19","14","9","0","1","4","4","3","6","3","1","2","4","3","5","2","4","289","75","44","11","9","1","4","4","16","80","26","12","4","2","2","1","2","6","94","15","13","9","4","1","4","1","11","23","11","6","0","1","0","0","0","1"
"s25","voters","0015287","624","370","110","24","3","0","4","0","1","0","112","278","346","91","32","19","6","3","3","0","0","2","4","1","2","1","2","0","0","8","1","5","1","6","5","2","0","6","0","4","0","4","3","3","2","2","20","28","18","29","29","22","2","17","40","37","46","38","42","1","4","4","4","19","19","11","0","2","3","8","15","12","8","0","7","5","8","16","9","12","2","2","12","15","11","8","5","0","1","5","2","0","2","1","1","3","6","2","2","5","2","216","49","49","20","9","1","2","1","23","69","15","10","3","0","1","0","0","12","61","14","11","5","9","0","5","1","6","23","5","2","1","0","1","0","0","0"
"s25","voters","0015316","913","517","154","39","6","7","8","0","6","0","176","411","502","82","16","22","12","11","4","5","3","5","3","2","0","4","0","2","0","14","4","14","1","28","9","21","4","8","6","1","0","7","6","7","1","3","23","21","28","39","45","53","3","30","34","51","61","53","73","2","8","3","5","19","22","19","0","2","3","11","23","18","19","2","11","9","13","21","13","19","4","11","12","12","24","15","10","0","3","5","4","8","8","5","0","5","7","2","10","6","3","297","89","49","15","18","0","3","8","38","86","36","11","3","1","0","3","2","12","95","27","17","13","4","2","3","1","14","39","14","5","0","4","1","0","1","2"
"s25","voters","0015368","964","533","195","46","2","4","3","0","5","1","175","444","520","111","32","35","6","8","7","6","3","6","0","0","0","7","0","0","0","11","11","13","3","33","9","12","5","8","0","3","1","9","8","3","1","5","21","30","32","47","35","51","6","38","46","48","58","57","59","0","8","5","17","16","30","23","1","6","8","10","18","31","22","1","11","13","13","14","27","12","3","11","7","11","22","22","8","1","7","4","2","9","5","5","1","5","5","2","6","5","4","309","78","59","23","13","5","5","8","33","104","25","25","5","4","1","4","1","26","92","18","31","8","3","2","5","0","16","42","10","5","1","0","0","0","0","3"
"s25","voters","0015530","506","335","75","17","1","3","1","0","3","0","71","185","321","55","9","12","1","10","5","3","0","2","3","1","0","2","1","0","0","2","0","0","0","6","3","4","2","2","0","1","0","4","0","4","0","1","5","30","18","17","17","25","0","14","53","26","26","37","66","0","2","7","7","6","5","7","0","1","8","5","5","9","13","0","0","9","7","3","4","3","0","4","11","11","5","4","10","0","1","3","1","0","3","4","0","3","5","4","1","0","0","274","43","10","2","2","1","0","1","2","65","8","2","0","0","0","0","0","0","56","7","5","1","1","0","1","0","0","21","3","0","0","0","0","0","0","1"
"s25","voters","0015571","738","477","86","24","4","4","3","0","3","0","137","319","419","100","13","22","7","10","1","2","0","2","1","1","0","0","0","0","0","9","2","4","0","41","9","20","2","10","0","4","0","17","17","5","1","3","12","33","66","30","22","22","4","24","62","82","44","40","33","0","2","3","13","18","6","2","0","2","3","13","13","4","7","0","4","12","30","13","10","2","0","7","15","18","12","11","3","0","3","1","3","1","6","2","0","3","4","3","4","4","4","275","89","82","22","1","0","2","2","4","43","17","22","3","0","0","0","0","1","76","22","26","11","2","0","0","0","0","23","7","6","2","0","0","0","0","0"
"s25","voters","0015697","648","385","101","29","3","6","7","0","0","0","117","272","376","133","22","40","7","2","2","1","2","0","0","0","0","1","0","1","0","5","1","7","1","11","4","3","1","2","0","0","0","3","1","1","0","2","10","25","19","21","31","39","0","33","42","30","26","42","65","0","2","7","7","12","7","18","1","1","7","6","8","11","14","1","1","11","10","8","9","9","4","12","13","12","10","10","7","0","2","1","2","6","7","5","0","4","3","2","5","0","8","195","72","43","17","17","2","5","3","31","51","15","10","3","3","0","0","4","15","68","14","13","8","2","1","2","2","7","25","9","4","1","2","0","2","0","2"
"s25","voters","0015707","905","563","113","38","4","9","2","0","8","0","168","363","542","95","19","40","15","7","1","4","1","2","2","0","0","4","0","0","0","14","3","6","1","22","5","15","2","5","3","3","1","33","10","11","2","1","9","43","45","36","29","41","0","23","80","71","32","48","105","1","2","5","8","13","9","19","1","4","4","11","14","9","13","0","4","17","14","15","12","16","2","11","14","15","16","17","15","0","1","5","5","3","6","4","1","6","8","4","5","5","8","358","95","68","20","1","4","6","1","10","73","8","19","2","2","2","2","1","4","111","29","17","0","4","1","3","0","3","42","11","5","0","0","0","1","0","2"
"s25","voters","0015749","788","468","119","38","0","5","6","0","7","0","145","330","458","76","13","22","8","14","6","4","3","3","1","3","0","0","0","0","0","10","1","5","0","48","16","18","5","5","3","5","0","8","4","11","0","2","17","35","39","19","27","27","2","27","83","61","44","50","35","0","7","9","14","18","4","10","1","2","8","10","12","11","13","1","5","21","16","13","3","9","1","10","17","14","15","9","11","1","2","8","7","4","9","3","0","2","5","8","2","1","4","297","66","72","11","5","1","2","1","13","79","11","17","3","1","1","1","1","5","99","16","11","8","2","1","2","1","5","35","15","5","1","0","0","0","0","0"
"s25","voters","0016114","703","298","227","31","6","6","5","0","2","0","128","321","382","78","29","24","5","2","7","2","0","0","0","0","0","1","1","1","0","7","0","4","0","16","2","5","4","2","4","1","1","4","5","5","2","1","5","20","16","19","23","38","0","20","24","24","24","32","52","0","6","10","23","12","21","42","2","9","8","20","11","33","30","2","9","12","12","8","6","14","1","5","6","15","12","14","12","0","1","5","4","3","4","5","0","5","2","9","4","3","5","159","58","36","7","10","1","5","1","21","121","39","25","5","7","4","2","3","21","63","21","9","13","5","1","1","2","13","31","8","2","3","1","1","1","1","2"
"s25","voters","0016318","744","356","209","38","5","8","10","0","3","1","114","333","411","95","22","25","17","3","6","4","1","0","2","0","0","3","0","1","0","3","0","1","0","4","2","2","1","1","4","3","0","4","2","2","0","0","18","18","16","23","26","41","2","34","31","23","33","27","64","0","11","14","22","8","18","38","0","5","5","13","14","22","39","2","4","7","8","9","13","13","1","9","12","10","7","7","12","0","3","5","4","2","4","6","1","8","5","3","10","5","9","206","47","42","6","12","5","4","4","30","109","29","37","6","4","2","5","4","13","60","19","14","9","2","2","3","0","5","28","17","9","4","2","0","1","0","4"
"s25","voters","0016430","639","381","118","30","3","2","3","0","1","0","101","267","372","111","13","24","8","4","3","0","1","1","3","2","0","0","0","0","0","6","3","3","0","14","0","11","2","3","0","0","0","3","3","1","0","1","8","19","20","16","27","50","4","25","51","24","32","40","64","0","4","9","8","4","15","24","0","1","6","6","7","14","20","1","4","9","5","8","9","8","5","10","5","11","10","6","10","0","1","5","2","3","3","4","0","2","5","2","0","4","8","206","54","58","16","14","2","4","4","23","60","20","10","7","6","0","0","2","13","66","8","12","8","3","0","1","0","3","30","4","2","0","0","1","0","0","2"
"s25","voters","0016573","735","394","145","33","9","5","6","0","4","0","139","312","423","129","24","40","12","1","2","1","2","0","3","1","0","1","0","0","0","5","3","3","0","15","3","9","2","0","0","3","0","5","2","1","1","1","18","24","26","15","39","34","1","28","41","40","37","44","46","2","2","11","10","10","10","23","0","9","13","11","11","13","20","0","12","11","13","7","7","9","0","14","19","17","12","10","8","0","1","7","7","2","8","3","1","5","5","6","5","4","3","221","74","49","11","12","3","3","2","19","85","24","17","7","2","0","0","2","8","73","22","24","10","1","2","1","1","5","31","11","11","1","0","1","1","0","1"
"s25","voters","0016801","493","293","81","16","5","10","6","0","3","0","79","225","268","71","16","23","5","2","1","0","0","0","0","0","0","0","2","0","0","8","4","4","1","20","9","9","2","1","0","0","0","2","3","1","0","0","13","23","8","28","27","33","2","19","29","21","26","30","34","0","7","5","9","10","2","13","0","1","5","8","7","5","9","1","7","6","7","6","3","5","2","13","6","9","4","6","4","0","0","2","2","5","2","1","0","5","6","5","5","3","4","162","40","44","13","10","1","2","4","17","51","16","6","1","1","0","3","0","3","52","13","7","3","1","1","0","1","1","23","7","7","2","0","0","1","0","0"
"s25","voters","0016836","717","468","73","30","7","7","4","0","4","0","124","297","420","123","22","30","15","2","1","0","2","1","0","1","0","1","0","0","0","20","2","11","4","5","2","7","0","0","0","0","0","4","0","1","0","2","14","19","26","15","35","59","2","36","37","45","39","47","92","0","4","2","12","7","6","10","0","1","3","6","6","10","6","1","12","4","19","11","6","6","0","15","12","11","7","4","16","0","2","9","4","7","3","2","1","4","4","3","3","3","7","245","77","74","16","12","3","4","3","34","47","14","6","3","1","0","0","0","2","72","20","13","2","7","0","4","1","5","33","8","6","1","2","1","0","0","1"
"s25","voters","0016911","636","385","89","30","7","10","3","0","2","0","110","264","372","84","20","26","14","4","2","1","2","2","0","0","0","0","0","0","0","4","1","2","0","7","5","5","1","0","0","0","0","5","3","0","0","0","14","24","13","20","38","38","2","26","49","41","22","42","56","0","1","7","4","11","12","9","0","1","5","8","8","7","16","0","7","11","10","6","5","5","1","8","11","14","15","6","11","0","4","3","3","4","6","9","0","1","9","5","3","0","5","210","70","48","10","10","1","8","3","25","50","19","7","4","4","0","2","1","2","63","14","12","8","3","0","4","1","5","27","10","11","3","0","0","1","0","0"
"s25","voters","0017349","912","522","173","33","2","3","6","0","6","0","167","389","523","120","33","33","9","8","0","1","1","5","0","1","0","2","2","1","1","5","4","5","1","17","9","13","1","4","4","3","3","11","2","7","1","2","14","36","34","40","29","34","5","31","56","59","78","52","52","1","8","7","20","23","10","19","0","0","10","17","20","15","23","4","7","12","23","11","17","13","0","8","11","20","26","10","5","0","3","4","4","6","5","3","0","6","2","7","2","7","1","307","98","44","17","14","6","7","3","26","96","27","21","4","6","0","1","4","14","91","24","14","14","6","4","1","2","11","32","7","4","1","2","1","2","0","1"
"s25","voters","0017405","692","461","75","23","5","4","5","0","2","0","117","302","390","69","7","16","3","18","3","1","0","3","0","0","0","0","1","1","0","16","1","6","1","16","1","15","3","8","0","1","1","11","2","2","0","2","12","46","53","25","27","17","3","13","82","71","48","35","27","0","0","4","9","10","9","5","0","2","10","5","9","6","6","0","7","13","20","12","8","5","1","4","15","15","9","6","2","0","1","4","5","3","3","2","0","3","7","4","3","3","1","319","96","24","6","6","3","1","1","5","49","11","4","1","0","0","2","2","6","84","22","5","1","1","1","0","1","2","35","2","1","0","1","0","0","0","0"
"s25","voters","0017428","1002","542","215","29","2","5","11","0","4","0","194","469","533","116","35","27","11","14","8","8","1","0","0","0","0","10","3","2","0","11","2","6","0","16","6","12","2","4","1","1","0","13","5","1","0","1","21","19","31","56","42","49","6","25","28","60","71","58","75","1","6","5","11","30","37","20","2","4","5","17","26","27","24","0","20","13","18","20","16","19","4","14","10","12","17","19","12","0","3","5","5","9","7","5","0","2","3","2","4","4","2","272","100","56","15","18","7","10","0","64","108","38","19","11","6","6","2","3","22","108","31","23","11","7","4","1","1","8","32","6","6","2","2","0","0","0","3"
"s25","voters","0017587","708","403","136","40","0","2","7","0","3","0","117","318","390","63","13","20","9","15","2","5","4","0","2","0","0","0","1","0","0","3","0","4","0","3","2","1","0","1","0","0","0","5","1","3","0","0","9","46","26","18","21","44","0","18","45","34","25","38","79","0","4","8","5","5","14","33","0","1","4","9","7","9","37","1","5","11","12","8","7","13","1","6","12","17","5","11","8","0","2","4","7","3","5","7","0","1","2","3","4","8","6","276","49","36","14","6","2","3","4","13","83","21","9","5","3","0","0","1","14","83","15","8","4","0","0","1","1","5","38","6","5","1","0","0","0","1","1"
"s25","voters","0017630","773","476","123","33","1","4","12","0","1","0","123","330","443","91","13","19","9","20","9","4","0","0","0","1","0","5","0","1","0","10","2","5","0","4","1","1","1","3","0","0","0","5","2","3","0","1","9","29","36","27","32","51","0","29","67","35","34","59","67","0","3","4","10","5","15","19","0","3","6","7","10","23","18","1","8","13","10","5","22","8","0","6","9","14","6","9","12","1","1","7","1","3","7","2","0","3","5","4","8","6","3","318","82","31","16","6","1","0","2","20","70","17","16","3","1","4","0","2","10","85","9","12","7","3","1","1","0","5","34","5","5","2","1","3","0","0","1"
"s25","voters","0018012","777","493","112","25","3","9","12","0","1","0","122","310","467","115","30","24","11","12","2","1","1","1","0","2","0","0","3","0","1","3","2","4","0","7","0","3","0","2","1","0","0","4","2","3","2","2","17","34","31","20","22","43","1","30","69","37","42","56","89","0","2","5","6","10","16","20","0","2","6","9","5","11","20","0","8","11","15","4","11","12","2","5","9","14","11","12","8","0","0","5","4","3","0","9","0","4","5","3","3","11","3","302","72","52","15","8","1","1","6","36","69","12","13","2","3","0","2","1","10","62","15","12","11","5","2","2","5","8","34","9","4","2","0","0","0","0","1"
"s25","voters","0018067","874","545","112","29","4","7","4","0","6","0","167","363","511","150","30","39","17","14","1","4","2","0","0","1","0","3","2","1","1","10","3","1","1","13","8","11","0","3","1","0","1","12","4","3","0","5","15","31","27","41","43","40","3","29","48","58","49","73","83","1","1","7","9","13","11","16","0","0","6","8","8","12","20","1","7","14","11","18","18","13","2","9","11","20","14","13","16","0","0","4","3","3","6","5","0","2","3","8","1","4","11","304","84","68","15","14","2","5","6","47","61","13","18","5","2","0","2","1","10","96","20","16","7","5","1","5","2","15","30","8","5","1","0","1","1","0","4"
"s25","voters","0018119","899","548","161","32","2","4","2","0","4","0","146","377","522","172","44","36","13","11","2","1","0","1","0","1","0","2","4","0","0","6","1","6","1","14","1","9","0","0","0","1","1","7","1","1","1","2","13","28","34","29","36","64","2","24","59","46","50","62","99","0","3","6","6","11","14","29","0","3","5","18","17","19","30","1","10","10","13","11","14","17","1","8","12","20","9","8","12","0","3","5","4","2","7","5","0","4","2","2","3","2","5","312","86","54","26","18","2","5","6","39","84","26","17","8","3","1","2","0","20","82","21","8","10","5","1","2","2","15","32","9","2","1","0","0","0","0","0"
"s25","voters","0018175","760","487","125","21","6","3","6","0","8","0","104","323","437","120","25","27","7","10","2","1","0","1","0","0","0","0","1","1","0","6","2","2","1","10","1","4","0","1","3","1","1","10","0","3","1","0","17","33","24","26","30","57","0","30","55","43","43","56","73","0","2","5","10","10","10","28","1","0","5","3","11","14","26","1","3","8","11","5","10","10","1","11","7","13","8","4","12","0","3","6","5","2","3","4","0","0","2","4","3","7","5","277","68","64","12","9","3","4","10","40","72","17","15","2","0","1","3","1","14","55","15","11","8","2","2","1","3","7","28","4","8","1","1","0","0","1","1"
"s25","voters","0018351","781","476","115","25","4","7","9","0","9","0","136","323","458","124","25","38","13","13","1","11","1","0","0","0","0","3","4","1","0","9","0","4","0","6","2","2","2","1","0","0","0","6","10","5","1","2","18","37","26","23","32","39","2","23","65","49","41","45","74","0","0","8","9","8","16","14","0","3","6","9","10","10","22","2","7","9","16","12","10","8","2","10","20","16","6","10","8","1","2","5","5","5","6","3","3","4","4","5","3","6","2","277","75","49","19","13","5","6","2","30","61","12","20","1","1","1","3","1","15","83","19","13","5","2","1","3","0","10","39","5","6","2","0","0","1","0","1"
"s25","voters","0018377","899","622","90","31","9","7","6","0","6","0","128","380","519","133","16","21","9","16","1","3","2","0","0","1","0","3","1","0","0","7","1","0","0","5","2","1","0","6","1","1","0","14","3","5","1","0","12","69","37","40","38","49","3","44","83","44","46","63","94","0","3","8","9","5","6","14","0","0","2","10","8","10","15","0","4","24","13","12","6","10","1","6","16","17","8","7","4","0","1","3","4","6","4","3","0","3","9","8","4","5","9","425","73","57","12","16","2","7","3","27","48","11","18","4","3","0","0","1","5","88","11","10","5","4","0","3","0","7","39","10","5","1","0","1","1","0","2"
"s25","voters","0018501","702","430","119","23","2","3","5","0","5","0","115","333","369","142","27","28","10","2","1","0","0","0","0","0","0","1","0","1","0","4","1","1","0","7","6","6","1","2","0","0","0","9","2","2","0","0","10","26","29","24","38","53","2","14","49","49","37","36","63","0","1","10","5","9","20","23","1","3","6","5","8","15","13","0","4","16","12","9","9","14","0","6","6","12","7","9","11","0","3","4","5","2","2","5","0","2","4","2","2","3","4","227","76","47","15","20","2","5","4","34","59","19","16","4","4","0","0","4","13","59","17","12","5","2","2","5","1","12","25","10","2","0","0","0","0","0","1"
"s25","voters","0018533","745","460","111","27","3","7","9","0","4","0","124","334","411","131","33","32","9","9","2","3","0","1","0","0","0","1","1","1","0","11","5","3","0","25","4","11","0","4","1","1","0","11","7","1","1","1","21","50","43","22","23","31","2","26","58","56","29","41","57","0","2","12","19","8","9","12","0","2","13","10","8","8","8","2","10","15","11","11","8","6","0","5","13","22","7","7","7","0","1","3","5","3","5","1","0","3","8","9","6","3","3","281","81","60","6","13","3","4","2","10","72","20","12","0","2","0","1","0","4","75","21","19","2","0","1","1","2","3","29","12","3","3","1","0","0","1","1"
"s25","voters","0018610","838","540","137","31","4","7","2","0","3","0","114","353","485","191","39","51","16","10","4","6","0","2","1","0","0","0","3","0","0","6","3","2","2","6","0","1","1","4","1","0","0","13","2","4","0","2","16","26","33","24","41","64","3","20","49","47","59","54","102","0","1","5","11","10","18","24","0","2","6","15","9","10","26","1","7","10","11","8","9","10","3","10","9","13","9","5","9","0","3","5","5","4","2","3","2","2","7","4","3","1","6","286","75","74","13","17","2","3","10","60","61","21","18","5","7","0","2","3","20","58","19","13","7","4","0","4","3","6","34","9","2","2","0","0","0","0","0"
"s25","voters","0018626","945","593","154","39","2","6","5","0","3","0","143","422","523","284","54","57","17","8","3","1","2","0","0","0","0","4","2","1","2","5","4","6","0","4","3","3","0","3","3","0","0","21","4","1","0","0","23","35","21","35","49","83","3","36","49","45","48","54","112","1","4","7","16","10","15","29","0","6","11","11","7","9","28","0","8","16","12","13","7","7","1","11","9","18","16","14","11","0","4","7","5","3","7","5","0","4","2","6","1","1","10","319","86","73","18","19","3","9","6","60","89","19","22","1","2","1","3","4","13","85","14","22","10","1","1","3","1","6","36","11","6","1","0","0","1","0","0"
"s25","voters","0018755","672","391","120","28","6","7","6","0","7","0","107","296","376","182","43","46","14","7","2","0","1","0","0","0","0","2","0","0","0","0","1","1","2","13","9","3","1","4","2","4","3","5","1","2","0","0","14","28","20","17","29","47","3","34","46","30","25","33","65","0","6","11","9","11","10","13","0","0","6","7","8","14","25","1","9","12","8","6","9","6","0","11","10","11","4","9","11","0","2","3","6","7","3","9","0","5","4","3","3","3","6","204","62","55","19","9","4","4","4","30","65","13","21","4","6","2","2","0","7","64","15","11","4","3","1","2","0","7","37","10","4","1","2","0","0","0","0"
"s25","voters","0018865","641","396","93","26","6","4","4","0","3","0","109","280","361","155","21","37","13","4","3","3","0","1","1","0","0","3","0","0","1","3","0","0","0","1","1","2","2","0","1","0","0","13","3","0","1","1","12","14","26","17","28","53","1","17","42","35","26","43","81","0","1","6","12","4","13","16","0","2","0","5","5","10","19","2","8","12","11","11","4","8","1","5","12","17","3","7","8","1","1","4","5","3","2","5","0","3","3","3","4","4","5","221","67","40","15","11","0","3","2","37","58","15","7","2","0","1","3","1","6","53","19","13","6","7","0","1","1","9","26","11","4","1","0","0","0","0","1"
"s25","voters","0019049","616","392","85","14","6","3","4","0","1","0","111","253","363","148","18","46","11","4","4","0","1","1","0","1","0","0","0","0","0","7","0","0","0","5","0","0","2","4","0","0","0","2","4","2","0","3","18","20","22","16","23","43","1","23","49","31","35","33","75","2","2","9","6","9","8","9","0","1","6","9","6","6","12","0","5","13","4","3","11","8","1","18","15","10","8","7","8","0","0","2","3","3","6","5","1","3","2","0","1","2","0","197","78","55","11","6","3","5","3","34","45","13","16","4","1","1","2","2","1","62","14","12","8","6","1","4","0","4","23","2","2","0","0","0","0","0","1"
"s25","voters","0019319","659","412","84","29","5","6","3","0","2","0","118","267","392","126","19","30","6","8","0","1","1","3","2","0","0","0","0","0","0","6","3","1","1","15","10","7","1","3","0","3","0","9","0","0","1","3","19","28","23","21","26","36","3","33","51","43","38","44","44","0","4","8","8","9","5","5","0","1","6","11","10","6","11","1","4","5","7","11","9","11","3","13","15","14","9","7","9","0","2","2","7","6","2","5","1","7","1","4","3","4","1","206","74","68","10","15","1","10","3","25","53","11","10","4","1","0","0","2","3","69","17","13","5","4","0","3","1","6","28","8","8","1","0","0","0","0","0"
"s25","voters","0019354","484","277","90","16","7","7","4","1","1","0","81","195","289","126","20","31","12","5","2","0","0","0","0","0","0","0","0","0","0","4","3","0","0","1","1","1","0","1","1","0","1","0","0","4","0","2","18","14","9","14","25","19","1","38","29","21","31","26","30","2","0","6","9","11","7","19","0","1","5","4","3","10","13","0","7","5","6","4","2","3","0","10","12","9","7","9","7","0","1","1","0","4","3","4","0","8","2","4","1","4","4","157","46","37","9","6","0","7","5","10","55","14","12","0","1","1","1","1","5","49","4","7","6","5","0","2","2","6","24","5","4","1","0","1","0","0","1"
"s25","voters","0019370","587","323","104","31","5","9","9","0","6","0","100","275","312","103","22","29","9","7","0","0","3","0","0","0","0","0","0","1","0","0","0","1","0","1","2","1","0","1","0","0","1","4","1","1","1","1","15","22","23","22","24","25","2","17","28","28","30","35","51","1","0","8","10","7","17","18","0","2","4","2","6","7","22","3","11","7","13","11","4","7","1","6","10","10","7","4","6","0","2","4","6","1","8","5","0","3","5","4","7","4","11","177","57","38","12","8","1","5","4","21","55","17","13","8","4","0","0","2","5","67","10","7","7","3","0","3","1","2","38","9","7","2","1","0","0","2","1"
"s25","voters","0019478","525","290","107","23","3","1","6","0","3","0","92","231","294","97","17","25","6","8","1","1","1","1","0","0","0","1","1","0","0","0","2","1","0","2","4","1","0","2","0","0","0","5","1","3","1","0","6","17","15","11","29","36","6","24","31","32","18","25","40","0","2","7","7","5","20","18","0","1","2","5","3","17","20","0","5","6","11","3","6","9","1","5","11","10","6","12","7","0","3","4","2","2","5","2","0","1","4","6","1","4","2","172","40","37","12","6","0","4","4","15","63","12","14","3","3","0","4","2","6","58","12","11","4","4","0","1","0","2","22","6","4","1","2","0","0","1","0"
"s25","voters","0019520","761","422","173","25","5","2","10","0","5","0","119","324","437","119","38","36","15","10","5","2","1","2","0","0","0","2","0","1","0","5","3","2","1","3","1","0","0","1","0","0","0","5","4","2","0","1","11","18","26","23","35","36","4","30","45","31","34","48","80","0","9","10","11","12","21","33","0","5","2","7","14","21","28","2","10","7","11","9","11","5","3","14","12","9","9","9","8","0","2","2","2","2","10","5","0","3","2","4","3","6","6","230","66","47","12","17","0","4","4","42","103","20","24","4","2","0","2","3","15","76","16","9","5","5","1","2","0","5","26","10","6","3","0","0","1","0","1"
"s25","voters","0019609","521","328","81","16","5","3","3","0","1","0","84","243","278","90","22","24","5","8","1","0","0","1","0","0","0","0","0","0","0","2","0","3","0","3","1","1","1","1","0","0","0","1","2","0","2","2","2","19","22","25","22","44","3","14","26","28","24","21","76","0","4","2","5","12","11","16","0","2","2","5","5","6","11","1","3","5","5","7","7","10","1","8","10","4","10","7","6","0","0","3","1","4","5","6","0","1","3","1","2","0","2","206","52","30","6","14","1","4","2","13","53","6","10","3","3","0","1","0","5","55","9","7","7","3","0","1","0","2","20","4","1","1","2","0","0","0","0"
"s25","voters","0019646","1058","669","169","34","8","5","11","0","7","0","155","475","583","109","24","20","6","16","7","5","3","1","0","0","0","2","1","0","0","6","1","2","0","6","4","2","0","0","0","0","0","4","3","0","0","0","18","50","48","24","44","84","3","37","72","59","54","53","123","0","2","6","10","10","30","28","1","2","6","6","12","17","39","0","7","15","22","7","16","15","0","9","15","11","13","9","16","0","2","6","2","6","7","16","1","2","1","2","1","7","12","428","92","59","21","7","6","6","3","47","102","16","15","5","2","4","0","4","21","101","19","14","9","4","0","1","2","5","38","9","8","2","2","0","3","0","3"
"s25","voters","0019685","789","438","165","30","4","6","4","0","4","1","137","337","452","123","33","42","16","7","1","2","0","0","0","0","0","5","1","1","0","1","1","0","1","2","0","0","0","7","6","0","0","9","2","0","1","3","16","30","26","25","29","39","3","38","48","40","27","42","72","3","2","5","8","9","14","36","0","3","10","13","11","20","31","1","5","16","14","13","8","15","2","12","14","10","9","10","8","0","2","5","3","5","2","3","0","0","7","6","4","4","8","266","60","49","9","7","3","5","4","35","97","22","22","7","3","0","0","2","12","84","14","15","6","3","0","4","1","10","36","6","4","1","0","0","0","0","2"
"s25","voters","0021009","785","314","270","49","3","5","7","0","2","0","135","381","404","63","29","16","13","9","7","0","2","1","0","0","0","0","0","0","0","5","0","1","2","7","7","3","2","3","2","0","1","9","3","6","6","0","6","25","20","20","27","44","3","13","30","24","20","34","48","0","9","18","19","21","28","36","1","5","25","24","20","31","33","3","10","13","15","12","10","11","1","7","12","7","10","13","11","0","1","3","10","5","6","9","0","2","8","4","6","9","3","180","62","34","7","6","1","1","5","18","166","39","36","4","6","1","0","5","13","78","24","13","9","4","1","1","0","5","38","14","10","1","1","0","1","1","0"
"s25","voters","0021013","847","358","274","45","2","5","17","0","2","0","144","385","462","87","27","14","12","21","22","2","2","0","0","0","0","2","0","1","0","4","0","1","0","4","5","12","1","7","4","2","0","10","6","4","2","2","6","20","23","21","26","38","2","25","34","28","33","47","53","1","1","10","17","28","34","43","0","3","15","20","28","30","44","2","10","9","4","10","15","21","1","10","14","15","8","14","11","0","2","7","8","11","7","9","1","4","5","6","3","6","2","180","64","46","12","16","0","3","11","26","137","47","41","8","5","1","2","4","29","74","24","18","7","7","0","5","1","8","34","15","12","4","1","1","2","0","2"
"s25","voters","0021044","696","288","253","34","2","3","9","0","1","0","106","333","363","48","23","12","5","8","4","3","1","3","0","2","0","0","0","1","0","9","3","3","2","13","1","2","0","2","4","1","0","4","6","1","0","1","5","15","21","14","24","43","3","12","19","28","20","27","56","1","11","6","25","14","30","45","2","7","14","15","19","24","40","1","5","9","8","7","11","10","2","4","6","12","13","9","9","0","4","2","5","5","8","3","0","3","3","3","4","6","3","166","43","33","10","10","0","3","2","21","119","46","37","4","8","3","2","4","30","51","16","16","7","0","1","4","1","10","29","10","7","0","0","0","1","1","1"
"s25","voters","0021097","808","325","286","28","2","5","12","0","3","0","147","355","453","51","25","11","2","6","6","2","2","0","0","1","0","2","0","0","1","0","1","3","1","20","7","10","1","3","3","3","3","9","3","3","1","1","10","24","15","13","23","27","2","23","31","33","35","43","45","0","14","20","14","26","39","36","0","10","16","18","8","46","39","0","6","10","11","18","16","9","0","9","17","15","9","11","16","0","1","6","6","4","2","4","0","3","4","5","6","4","5","188","54","42","12","8","1","2","2","16","150","42","30","10","7","3","8","5","31","69","29","23","10","5","1","0","0","10","27","12","6","4","0","1","0","0","0"
"s25","voters","0021134","938","400","318","35","0","6","16","0","5","0","158","445","493","57","19","15","7","8","10","2","1","0","0","0","0","2","2","1","0","2","1","2","0","16","6","3","0","7","3","6","1","9","2","3","1","2","17","22","20","28","33","43","1","31","32","29","36","45","61","1","5","26","22","24","40","48","2","6","9","24","25","44","42","1","9","9","16","10","15","27","1","8","8","9","13","12","20","0","4","2","9","4","3","5","1","3","5","7","6","7","6","208","70","52","17","7","6","3","1","36","159","48","50","11","14","1","2","1","32","79","25","18","6","6","3","3","5","13","32","17","7","1","1","0","2","1","1"
"s25","voters","0021166","706","324","237","27","2","3","7","0","1","0","105","314","392","51","28","14","4","7","6","4","2","0","0","0","0","1","4","0","0","3","1","0","1","22","10","7","0","5","2","0","0","7","3","5","1","4","12","14","15","20","30","33","1","28","26","32","28","35","46","0","10","14","26","16","29","24","1","9","11","22","22","25","28","2","3","6","9","11","5","11","2","13","8","6","14","7","8","0","4","0","8","1","2","5","0","3","4","3","4","3","3","195","58","32","5","8","1","2","1","22","129","37","42","6","5","1","3","3","11","55","15","11","7","4","2","2","0","9","25","7","4","1","0","1","0","0","2"
"s25","voters","0021231","649","282","199","41","3","2","13","0","4","0","105","285","364","50","23","17","17","4","3","2","2","0","0","0","0","1","1","0","0","5","2","1","0","8","2","1","0","0","5","0","0","7","2","0","0","2","10","15","16","18","16","28","2","17","32","27","35","24","40","1","8","12","21","16","19","20","0","9","14","14","20","19","26","1","11","9","13","6","3","8","0","9","6","17","8","8","6","0","5","3","8","8","4","4","1","2","7","6","6","4","5","190","34","30","4","3","1","4","0","16","126","29","22","1","5","0","2","1","13","60","18","10","4","4","3","3","0","3","36","13","13","0","0","0","1","0","0"
"s25","voters","0021340","888","376","319","38","4","3","13","0","3","0","132","414","474","53","37","23","8","8","13","8","2","0","0","1","0","2","4","1","0","4","1","0","0","2","2","0","0","3","6","1","0","11","2","1","0","0","6","18","23","17","27","60","2","10","25","31","30","51","76","1","13","11","29","24","37","45","1","7","17","18","24","36","56","1","5","10","21","7","12","18","1","9","11","16","5","6","10","1","3","4","5","3","6","7","0","3","5","11","2","5","6","212","55","44","11","5","1","2","2","44","170","46","44","10","7","2","4","4","32","72","18","20","7","2","1","3","3","6","34","17","6","2","0","0","1","0","1"
"s25","voters","0021422","706","281","257","29","3","4","7","0","1","0","124","296","410","55","10","8","3","1","6","5","0","2","0","1","0","0","1","0","0","0","4","2","1","13","3","11","2","5","10","5","1","3","5","5","1","0","7","10","6","21","19","40","0","20","18","20","26","28","66","1","10","16","10","17","26","29","0","14","15","15","26","31","47","2","6","10","10","20","7","9","2","7","6","17","7","10","11","0","2","6","4","2","2","4","0","1","5","4","5","4","5","160","42","30","8","9","3","2","3","24","131","50","36","10","5","2","6","2","15","67","19","10","9","6","2","5","1","5","25","13","3","1","0","0","0","2","0"
"s25","voters","0021516","769","338","246","30","4","6","8","0","5","0","132","303","466","96","14","24","9","4","3","2","1","0","0","0","2","0","0","0","0","1","0","2","0","4","0","2","0","0","0","0","0","3","1","1","0","1","13","18","17","13","20","40","0","27","34","19","27","33","76","1","5","16","14","8","18","38","0","8","14","15","17","34","58","0","9","13","12","7","8","14","1","8","14","11","13","14","8","0","0","6","1","3","4","4","0","5","6","4","4","8","8","184","56","35","12","13","3","3","1","31","131","36","41","9","6","2","2","0","19","65","23","20","9","4","1","0","2","8","33","10","6","1","0","0","1","2","0"
"s25","voters","0021615","811","366","265","25","7","5","5","0","3","0","135","362","449","88","19","30","7","1","9","2","1","0","0","0","0","0","0","0","0","3","1","2","0","2","1","3","1","2","2","3","1","7","4","0","0","2","11","22","19","14","19","53","4","19","36","24","29","31","83","2","11","9","18","19","33","44","0","2","16","14","23","29","45","0","12","9","13","10","10","14","2","11","12","9","5","13","15","0","2","4","1","2","5","4","1","5","3","3","6","3","6","201","67","36","12","7","2","2","4","35","149","36","41","4","12","0","3","3","17","74","26","14","2","6","1","1","3","8","35","3","3","2","0","0","0","0","2"
"s25","voters","0021688","632","294","176","27","5","3","9","0","8","0","110","279","353","73","19","27","6","4","8","1","1","0","0","0","0","1","0","1","0","2","1","0","1","4","0","1","3","0","1","0","0","3","1","2","0","1","9","20","13","11","24","32","4","21","30","26","15","29","59","0","4","11","8","8","20","31","0","3","12","11","9","17","42","1","9","7","9","6","13","9","2","6","5","7","14","10","12","0","3","9","5","6","5","5","0","3","8","0","4","3","1","160","50","35","7","8","0","6","2","26","87","24","24","4","8","0","2","2","25","59","15","13","8","3","1","2","2","7","26","13","7","1","2","1","0","0","2"
"s25","voters","0021712","748","354","230","32","6","3","10","0","5","1","107","319","429","104","23","16","8","4","7","1","0","0","0","0","0","0","0","0","0","4","0","0","0","1","1","0","0","5","2","2","0","6","2","2","0","1","14","22","15","22","21","38","2","28","34","37","29","34","57","0","6","12","14","25","23","30","0","7","16","16","16","33","32","0","5","15","9","8","11","5","0","2","11","10","9","11","11","0","3","2","5","4","5","4","1","1","2","5","3","10","12","203","55","40","5","8","3","7","4","29","113","42","40","6","3","0","2","5","19","50","24","17","8","2","0","1","0","5","28","10","12","2","1","0","0","1","3"
"s25","voters","0021783","95","53","18","5","2","0","0","0","0","0","17","41","54","10","9","5","2","1","0","0","0","0","0","0","0","0","0","0","0","0","0","0","0","0","0","0","0","0","0","0","0","0","0","1","0","0","1","1","5","3","2","8","0","2","5","6","6","9","5","0","1","2","2","1","1","2","0","0","3","1","2","3","0","0","1","0","2","2","1","3","0","1","2","1","2","2","0","0","0","1","0","0","2","0","0","0","2","1","1","0","0","36","9","1","3","0","1","0","2","1","15","2","0","0","0","0","0","1","0","11","3","2","0","0","0","1","0","0","6","1","0","0","0","0","0","0","0"
"s25","voters","0021817","828","390","239","41","0","2","11","1","6","0","138","346","482","116","33","38","12","11","5","4","1","0","0","1","0","1","0","0","0","2","3","0","0","5","0","0","0","2","1","3","0","3","1","5","1","2","10","21","15","15","28","43","1","31","53","47","26","32","66","0","7","5","15","19","27","41","0","9","11","19","16","28","42","1","8","18","11","17","7","8","2","7","14","12","14","10","9","0","3","7","3","3","5","7","0","6","5","1","5","9","7","198","66","64","11","13","4","2","1","31","134","30","31","10","6","0","6","3","19","60","25","17","9","7","1","2","3","14","28","17","8","1","3","0","1","1","2"
"s25","voters","0021933","623","314","167","21","4","6","10","0","5","0","96","291","332","93","11","23","13","6","6","2","0","2","0","0","0","0","0","1","0","1","2","1","0","1","2","0","0","3","0","1","0","3","2","1","1","1","9","17","17","8","23","40","4","25","29","21","23","39","58","0","8","12","8","23","15","30","0","4","16","7","10","8","26","3","6","10","16","6","7","7","1","5","11","11","3","6","4","0","2","7","4","4","3","5","1","1","3","6","1","4","5","174","47","45","10","9","2","3","1","23","85","26","32","0","4","0","1","0","19","60","12","15","2","3","1","0","0","3","26","10","8","0","1","0","0","0","1"
"s25","voters","0021975","671","329","185","31","6","5","8","0","5","1","101","306","365","94","18","30","8","8","5","0","1","0","0","1","0","2","0","0","0","1","0","0","0","1","0","0","0","1","3","1","0","9","1","1","0","3","10","26","17","14","22","42","2","24","45","24","30","23","47","0","7","17","14","16","16","30","0","3","17","10","9","15","31","1","7","10","6","11","4","9","0","10","12","11","11","3","6","0","3","6","4","1","4","6","0","4","6","4","2","9","7","189","49","50","8","9","1","3","6","14","121","29","15","4","2","0","1","4","9","48","16","18","8","3","1","1","0","6","28","12","10","1","1","0","0","2","2"
"s25","voters","0022003","713","309","229","39","0","4","8","0","4","0","120","344","369","44","18","18","4","3","14","4","2","1","0","1","0","0","0","0","0","3","0","0","1","8","1","3","1","3","0","2","0","10","2","0","1","1","19","14","16","25","23","26","2","21","18","34","39","34","37","1","13","11","26","22","26","24","1","4","11","21","25","24","20","0","7","15","12","10","8","14","1","9","5","10","9","11","9","1","5","4","6","6","6","3","0","5","3","4","3","4","5","151","73","33","18","3","0","4","3","24","104","36","32","7","4","2","1","1","42","53","17","16","8","8","3","3","2","10","32","15","2","0","1","1","1","0","3"
"s25","voters","0022034","769","290","303","32","3","0","12","0","1","0","128","359","410","68","17","19","8","6","7","3","1","1","0","3","0","0","0","0","0","6","0","0","1","10","7","3","0","6","1","3","0","3","4","2","0","1","7","17","20","15","25","26","2","17","17","33","32","35","43","1","13","7","29","29","30","41","1","7","17","25","29","37","37","0","14","8","14","15","5","16","3","4","9","11","11","6","12","0","3","4","6","5","6","2","0","4","0","5","1","9","3","148","52","28","8","10","3","2","3","36","151","46","47","13","10","1","4","6","25","73","14","19","6","3","0","3","1","9","31","9","2","3","0","0","1","0","2"
"s25","voters","0022056","616","253","196","34","2","5","13","0","3","0","110","263","353","27","17","15","7","4","8","1","1","5","0","0","0","2","0","0","0","2","0","0","2","6","1","6","1","1","0","0","0","5","5","3","1","1","9","9","11","11","14","33","0","23","18","20","29","30","45","1","6","5","11","27","18","23","0","7","9","12","17","27","33","2","5","9","8","13","9","10","0","7","5","10","12","11","9","0","5","4","1","9","3","6","0","2","6","6","5","7","3","143","37","44","7","1","1","2","3","15","103","29","22","5","3","5","3","1","25","58","13","16","6","2","0","6","0","9","38","9","7","1","1","0","0","1","0"
"s25","voters","0022078","587","227","228","24","3","0","8","0","2","0","95","256","331","28","16","10","6","7","6","3","2","0","2","0","0","1","0","0","0","5","3","0","0","18","4","5","0","5","7","2","0","3","3","2","0","1","10","8","14","16","13","20","2","14","18","17","21","28","45","2","5","11","16","15","38","27","0","1","7","21","23","34","28","1","5","2","13","7","11","5","0","6","5","14","10","8","8","0","3","2","3","2","1","5","0","2","1","10","4","0","4","135","46","22","7","0","1","2","1","13","124","40","21","4","6","2","0","2","29","67","6","8","6","4","0","0","2","2","19","10","3","0","1","0","0","2","2"
"s25","voters","0022090","815","320","311","38","2","1","11","0","1","0","131","383","432","60","28","18","2","5","17","12","2","1","0","1","0","2","0","0","1","0","1","1","0","4","1","7","0","4","4","0","0","3","2","1","0","0","11","11","20","10","39","34","3","16","27","16","24","54","55","1","10","12","21","23","66","37","0","1","11","20","29","43","37","0","4","8","10","11","16","13","3","10","7","8","10","18","13","0","2","3","5","4","5","7","0","2","3","5","7","4","6","172","53","36","7","12","1","4","0","35","169","43","28","6","7","2","7","5","44","72","13","17","12","6","1","1","2","7","28","8","9","1","4","0","1","0","2"
"s25","voters","0022139","885","336","353","33","3","5","7","0","6","0","142","403","482","77","19","22","6","7","9","5","0","0","0","0","0","4","0","0","0","2","3","1","1","21","18","12","2","3","3","3","0","7","3","5","0","0","9","19","14","25","36","31","1","21","25","28","35","43","49","1","10","21","24","33","50","32","2","16","16","38","32","39","39","1","10","13","13","15","10","10","0","11","13","14","20","4","8","0","1","2","2","10","6","5","0","2","1","6","4","6","9","186","57","42","11","8","3","2","2","25","194","52","49","10","5","0","5","3","35","74","17","23","15","4","0","3","0","6","32","12","1","3","2","0","1","2","1"
"s25","voters","0022143","807","309","266","39","2","5","6","0","2","0","178","375","432","39","26","17","8","6","1","1","0","1","4","1","0","1","0","0","0","9","4","4","0","26","4","37","3","13","19","16","5","3","2","1","0","2","10","10","13","25","25","37","3","20","23","14","29","42","56","2","8","8","18","20","36","38","0","7","12","20","24","43","30","2","17","12","9","14","17","28","1","13","7","11","18","12","17","0","3","3","3","3","5","7","1","4","2","4","8","5","6","169","40","36","11","8","3","8","1","33","133","50","37","7","10","1","4","1","23","89","31","30","5","6","1","3","2","11","31","11","10","0","1","0","0","0","1"
"s25","voters","0022195","698","262","274","34","1","4","6","0","2","0","115","327","371","41","22","14","5","2","7","1","0","0","0","1","0","0","0","0","0","2","0","1","0","27","7","10","0","5","3","1","0","8","9","1","0","3","9","8","15","16","28","31","1","13","18","24","29","23","44","0","8","16","24","26","33","26","0","12","17","36","23","23","30","0","6","9","12","13","14","9","2","10","7","9","7","7","10","0","1","3","2","8","3","4","0","3","0","7","7","3","6","141","60","30","7","6","1","3","1","13","148","44","34","10","11","2","4","4","17","59","20","14","4","4","1","2","1","10","25","9","5","3","3","0","1","1","0"
"s25","voters","0022371","642","258","212","28","3","1","3","0","0","0","137","290","352","50","17","13","1","6","8","1","3","1","0","0","0","0","0","0","0","6","0","4","0","19","4","18","2","5","14","10","1","8","4","3","0","1","12","9","21","19","15","28","4","15","20","26","35","21","32","0","16","8","19","22","26","21","1","13","18","22","14","13","19","0","8","8","16","12","9","9","4","12","15","12","11","13","8","0","0","2","0","3","5","1","1","1","2","9","3","7","1","164","46","19","7","8","1","0","4","9","131","37","23","7","3","0","2","2","7","92","12","17","4","2","0","0","2","8","19","6","6","0","1","0","0","0","3"
"s25","voters","0022427","818","327","317","41","3","5","11","0","3","0","111","359","459","64","18","14","5","5","10","3","0","0","0","0","0","2","1","1","0","3","0","0","0","8","1","0","0","1","1","1","0","3","4","0","1","1","7","15","26","20","22","32","1","20","27","32","22","36","66","1","3","17","24","16","31","64","0","2","11","21","23","33","71","1","3","12","6","13","5","12","2","4","8","13","10","7","15","0","3","2","6","4","4","9","0","5","2","3","7","9","9","190","49","33","15","11","1","0","3","25","178","44","41","13","8","1","3","4","25","52","19","13","7","6","0","4","2","8","38","14","4","1","0","1","1","0","4"
"s25","voters","0022453","705","310","227","50","1","5","8","0","3","0","101","290","415","56","17","17","4","5","7","0","1","0","0","0","0","0","2","0","0","7","1","1","0","4","1","4","0","2","7","2","1","7","4","0","2","2","11","21","13","14","23","32","1","16","39","18","29","46","45","0","5","13","23","15","22","24","0","1","17","20","18","31","38","0","7","8","5","2","8","9","0","11","15","9","6","9","12","1","2","1","6","7","6","10","1","4","3","5","6","8","7","181","48","35","12","7","0","2","3","22","114","39","31","8","9","1","2","2","21","59","14","8","5","4","1","4","1","5","36","15","10","1","1","1","1","0","2"
"s25","voters","0022491","588","260","184","28","2","9","5","0","0","0","100","245","343","40","12","18","7","6","3","3","0","1","0","1","0","0","1","0","0","2","2","2","0","3","2","3","2","6","4","0","2","2","0","2","0","3","4","14","13","11","26","24","2","10","17","18","24","33","61","0","5","11","13","12","22","29","0","6","16","16","12","18","24","1","6","9","8","3","9","5","0","5","11","8","9","10","16","1","2","4","2","2","1","5","0","1","3","4","6","5","8","146","41","36","7","5","1","5","2","17","94","30","21","4","2","2","4","4","23","69","9","7","5","3","1","2","0","4","30","5","5","1","1","0","0","1","1"
"s25","voters","0022517","690","265","258","44","2","2","9","0","2","0","108","298","392","73","32","14","4","7","14","1","2","0","0","1","0","0","0","0","0","2","1","2","0","0","1","1","0","3","2","4","0","1","2","0","2","1","7","9","18","14","17","30","0","16","23","22","22","37","49","0","6","14","15","19","22","45","1","3","9","21","19","38","46","1","6","10","12","8","8","9","1","4","12","13","5","9","10","0","0","3","6","3","8","7","0","2","5","3","0","10","12","141","46","37","11","3","1","4","1","21","139","32","40","7","17","1","2","1","19","61","19","11","5","3","0","2","2","5","30","12","5","2","5","1","1","0","3"
"s25","voters","0022541","793","314","306","37","1","3","12","0","3","0","117","356","437","51","14","13","11","5","11","2","3","1","0","1","0","1","1","0","1","0","1","1","0","1","1","0","2","6","4","1","0","8","0","0","1","0","9","25","15","19","21","34","0","16","34","28","16","33","64","1","9","22","25","21","29","42","1","5","15","27","23","35","51","0","4","6","16","11","11","11","0","9","5","8","14","13","9","1","0","4","5","1","7","7","0","3","5","7","8","4","4","179","45","49","8","3","2","1","1","26","139","70","50","7","8","1","5","1","25","64","16","13","9","3","0","2","1","9","38","9","8","1","0","0","0","0","0"
"s25","voters","0022575","875","362","289","51","5","10","10","0","10","0","138","395","480","61","29","17","18","4","6","1","4","0","0","0","0","3","0","0","0","3","3","1","0","5","0","1","0","5","0","1","2","7","1","0","0","1","9","19","15","22","23","42","3","24","35","32","28","34","75","0","11","23","26","16","28","57","2","8","15","12","16","28","47","0","8","8","12","17","7","8","3","8","16","15","16","8","12","1","2","8","9","7","9","7","0","7","7","7","7","5","10","216","41","39","24","8","0","3","4","27","147","44","48","14","6","1","3","3","23","73","20","21","5","3","4","0","2","10","50","16","10","5","4","0","0","0","1"
"s25","voters","0022685","868","329","354","48","6","3","8","0","6","0","114","403","465","29","22","9","3","14","16","3","1","1","0","0","0","1","0","1","0","1","1","0","0","2","2","2","0","0","1","0","1","6","4","0","0","1","5","12","12","18","19","62","2","11","26","17","28","33","83","1","4","11","24","17","45","87","0","1","11","8","16","43","86","3","2","5","4","6","15","17","0","7","5","14","7","7","22","0","0","6","2","8","10","7","0","4","4","4","6","9","11","176","70","27","12","11","1","4","0","28","190","56","34","14","12","5","4","6","33","64","17","11","6","5","1","1","0","9","47","8","8","2","1","0","0","0","5"
"s25","voters","0022694","637","291","213","28","7","2","6","0","4","0","86","267","370","36","10","12","4","3","3","1","1","1","0","0","0","1","1","1","0","1","2","1","1","6","1","0","0","0","0","2","0","2","1","0","0","0","4","15","11","12","25","30","2","11","21","24","24","31","81","0","5","7","11","21","19","38","0","7","12","16","6","28","43","0","5","9","9","5","9","11","0","3","8","8","3","4","12","0","5","1","7","4","1","3","0","3","5","4","3","4","7","176","45","34","13","10","0","4","2","7","134","27","25","12","2","0","1","4","8","57","12","7","3","2","1","0","0","4","26","8","11","2","0","0","0","0","0"
"s25","voters","0022709","713","328","235","37","6","7","7","0","2","0","91","324","389","78","26","15","6","12","9","3","1","0","0","0","0","0","0","0","0","1","2","0","0","3","1","0","0","3","0","1","1","6","2","1","5","2","11","17","19","17","15","48","1","20","25","28","26","27","72","1","8","7","17","13","29","44","1","3","8","11","9","37","47","0","8","10","10","3","6","5","1","7","9","10","8","8","6","0","1","5","12","4","8","4","0","3","2","3","4","6","7","179","61","29","10","13","0","3","2","31","117","34","38","13","5","0","4","3","21","47","16","10","6","5","0","2","2","3","30","17","2","4","1","2","0","1","2"
"s25","voters","0022730","628","284","199","29","5","6","7","0","3","0","95","275","353","58","23","13","11","6","4","1","0","1","0","0","0","0","1","0","0","3","1","1","0","2","2","0","0","3","0","1","0","5","3","1","0","2","6","11","11","9","21","50","1","12","16","13","21","34","77","0","5","9","21","13","18","30","0","4","6","12","14","23","44","0","0","5","10","8","13","11","2","3","4","7","5","10","17","0","0","3","4","6","4","5","1","4","1","5","6","5","6","162","57","25","8","5","1","1","2","23","105","34","23","9","8","2","2","2","14","51","14","11","4","6","2","1","1","5","32","8","3","5","0","0","0","0","2"
"s25","voters","0022805","772","342","264","34","5","4","13","0","5","0","105","349","423","68","20","17","12","14","11","4","1","0","0","0","0","3","0","0","0","4","1","2","1","2","5","4","1","1","0","1","0","1","2","0","2","0","4","13","19","16","29","47","5","16","34","39","24","29","67","1","5","9","24","21","30","53","1","1","10","11","15","24","59","1","4","5","12","11","9","7","2","6","10","13","9","7","9","0","5","5","5","4","5","5","1","3","7","5","7","6","3","184","62","41","8","8","1","4","3","31","140","38","36","5","7","2","3","2","31","57","19","13","1","7","1","1","0","6","37","14","6","1","1","0","0","0","2"
"s25","voters","0022824","676","365","144","20","5","6","13","0","1","0","122","278","398","62","16","29","12","9","1","0","1","0","0","1","0","2","0","0","0","3","1","1","0","2","1","2","0","0","2","0","0","4","1","3","0","4","11","11","19","11","29","45","2","22","38","38","35","41","59","0","7","11","13","13","15","18","0","2","9","11","14","16","15","0","5","7","17","9","8","7","3","10","12","10","9","14","11","0","0","6","6","3","2","1","0","6","3","4","5","6","3","211","69","38","10","9","2","5","4","17","92","23","17","0","3","0","1","1","7","76","13","14","7","5","3","1","0","3","29","7","5","3","1","0","0","0","0"
"s25","voters","0022873","882","375","320","37","4","6","11","0","6","0","123","390","492","71","22","12","10","12","9","3","0","2","1","0","0","0","1","2","0","2","4","0","1","4","0","2","1","4","1","1","1","1","2","1","1","0","8","12","18","27","20","64","3","16","32","31","27","35","82","0","6","16","22","20","34","55","0","3","12","24","23","32","73","0","9","10","17","5","7","10","1","6","15","13","13","5","12","0","3","5","6","4","7","5","0","3","8","6","4","5","8","214","55","47","13","8","0","6","5","27","168","49","44","2","7","1","4","2","43","66","19","16","8","2","1","2","1","8","37","14","8","0","1","1","1","1","1"
"s25","voters","0023002","862","327","349","52","2","7","8","0","5","0","112","379","483","50","25","21","5","14","16","6","3","0","0","0","0","0","0","0","0","3","2","3","0","0","0","0","0","1","1","0","0","10","4","2","1","1","9","5","16","20","25","53","0","6","9","24","22","31","106","0","5","18","22","18","49","56","0","4","12","21","15","38","91","0","1","10","14","3","7","14","1","3","11","9","13","14","12","0","1","3","5","6","6","12","0","5","2","5","6","3","20","184","49","33","16","9","1","6","2","27","181","54","53","11","9","1","5","5","30","60","16","12","6","4","4","1","0","9","42","15","13","1","2","0","0","0","1"
"s25","voters","0023028","772","288","298","43","4","5","14","0","0","0","120","360","412","60","26","25","5","4","12","3","2","2","0","0","0","2","0","2","0","0","0","1","1","0","2","0","0","1","0","0","0","3","0","2","1","1","4","26","30","10","17","27","0","8","34","31","17","24","59","3","4","19","20","25","36","43","0","5","17","20","28","29","49","3","6","6","18","8","11","9","1","9","9","17","10","4","9","1","3","11","6","2","7","4","1","2","2","11","5","3","8","151","54","28","9","10","3","2","7","24","149","52","44","12","12","2","3","2","22","67","19","15","2","1","2","2","1","11","37","14","5","4","1","0","1","1","3"
"s25","voters","0023109","780","276","333","49","4","2","13","0","4","0","99","351","429","56","18","13","6","5","7","2","1","1","0","1","0","3","0","0","0","0","1","2","2","6","3","1","0","1","0","0","2","2","4","0","3","0","6","19","13","11","21","39","2","16","15","10","21","29","74","1","6","13","22","23","47","53","1","2","11","16","31","41","66","0","6","4","8","12","3","8","1","9","10","7","5","10","16","0","1","8","4","6","6","11","0","4","3","2","9","3","15","164","48","29","6","1","2","3","6","17","168","46","46","12","18","3","7","2","31","50","19","9","7","3","1","3","3","4","38","19","5","2","2","1","1","0","4"
"s25","voters","0023172","820","321","309","32","5","1","9","0","5","2","136","380","440","52","18","17","8","19","11","2","1","0","1","0","0","3","0","0","0","2","4","3","0","1","0","0","1","0","0","1","0","5","1","0","0","1","7","19","24","14","19","36","2","11","30","40","20","35","63","1","8","21","30","27","46","36","1","1","6","29","23","29","51","4","7","10","16","16","8","6","1","7","7","17","14","11","12","1","2","1","5","5","1","9","2","5","3","6","6","2","6","181","45","33","9","12","2","7","1","31","156","44","39","10","15","2","5","4","34","63","23","15","10","6","0","3","2","14","34","10","4","1","0","0","0","0","5"
"s25","voters","0023240","875","278","383","59","4","2","19","0","2","0","128","424","451","46","8","11","8","4","9","4","5","1","0","0","1","4","0","0","0","2","2","0","1","0","0","0","0","1","0","0","0","3","1","3","1","0","11","11","16","15","18","38","0","21","31","21","16","26","54","2","11","17","27","30","43","70","1","7","14","27","23","45","66","0","6","12","20","5","13","12","0","7","10","11","5","11","16","1","2","2","12","8","10","12","0","4","5","9","4","3","14","169","34","30","3","9","0","1","3","29","213","59","47","14","5","3","9","3","30","65","28","17","6","4","1","2","2","3","56","18","5","1","1","1","0","2","2"
"s25","voters","0023295","612","224","266","29","4","4","9","0","7","0","69","263","349","37","26","10","10","16","6","2","3","1","0","0","0","0","0","0","0","0","2","1","0","2","0","0","0","0","2","0","0","3","2","0","0","0","2","13","10","10","14","22","1","12","30","19","15","31","45","1","4","16","16","10","40","45","0","3","14","19","19","35","44","0","2","6","8","4","7","8","0","4","7","8","3","6","6","1","2","5","3","6","6","2","0","3","2","5","9","3","6","130","34","25","4","5","3","5","2","16","149","55","28","9","4","0","1","3","17","37","11","8","2","3","1","3","1","3","37","9","5","0","0","1","0","0","1"
"s25","voters","0023347","766","316","266","47","1","2","7","0","5","1","121","359","407","64","22","12","7","10","10","3","1","0","0","0","0","0","2","0","0","0","1","0","0","4","0","1","1","2","1","0","1","4","4","1","0","1","7","19","22","14","18","46","3","10","25","38","28","29","56","2","7","12","25","16","30","47","0","4","12","19","16","23","53","2","6","8","14","4","6","20","0","4","11","18","6","9","13","0","5","5","5","3","8","7","0","2","5","3","8","7","5","179","51","35","11","9","2","1","4","24","150","40","27","5","8","1","3","5","27","62","21","9","11","3","0","3","4","8","33","13","7","2","2","1","1","0","4"
"s25","voters","0023423","868","303","387","51","7","4","10","0","4","0","102","392","476","50","25","13","11","8","13","6","2","0","0","0","0","4","3","0","1","0","1","0","0","0","1","1","1","0","1","0","0","5","0","1","0","0","4","10","14","17","27","44","1","12","21","33","27","30","63","0","11","15","23","28","44","69","0","6","11","24","30","43","83","0","4","7","10","12","9","13","0","3","9","10","7","7","11","1","1","4","7","7","2","9","1","5","4","10","7","4","14","165","44","44","7","9","0","1","5","28","199","59","46","12","9","2","5","7","48","46","17","14","8","4","0","1","2","10","51","11","6","2","3","0","0","0","3"
"s25","voters","0023519","865","331","325","31","3","5","13","0","4","0","153","396","469","50","13","17","6","11","10","6","2","0","0","0","0","9","2","1","0","2","3","3","0","8","7","10","1","2","2","0","2","9","3","0","0","0","3","20","15","17","25","42","1","19","26","28","28","34","73","1","7","18","18","28","41","53","0","7","19","23","23","29","58","0","2","22","17","11","16","17","0","10","8","8","14","16","12","1","3","4","4","5","4","2","0","2","4","7","7","6","7","179","53","40","12","3","2","6","5","31","165","44","52","9","11","2","3","6","33","81","20","20","9","6","3","3","1","10","28","8","11","6","2","0","0","0","1"
"s25","voters","0023542","875","373","344","47","1","2","10","0","4","0","94","349","526","30","18","8","2","12","12","3","2","1","0","0","0","1","0","0","0","0","0","0","0","0","1","0","0","0","1","0","0","6","5","0","0","0","4","11","4","12","17","88","2","5","10","9","9","33","169","1","7","6","11","13","16","87","0","1","10","7","14","19","152","0","3","4","7","2","3","23","1","3","2","8","6","5","27","0","0","1","5","7","5","12","0","1","2","2","1","2","26","202","73","42","18","5","4","2","4","23","189","50","46","11","7","3","5","6","27","55","11","13","4","1","0","2","2","6","38","13","6","0","1","1","0","2","3"
"s25","voters","0023641","928","433","282","57","5","3","13","0","5","0","130","382","546","58","19","11","9","7","7","5","3","0","0","2","0","2","0","0","2","3","0","2","0","4","0","1","0","3","1","1","0","10","3","1","0","1","7","20","20","19","23","58","0","7","36","39","36","52","115","0","5","16","12","17","30","44","0","1","16","14","22","32","73","0","3","12","13","9","9","21","0","4","9","11","9","9","21","0","4","5","9","3","8","14","0","5","8","4","6","4","13","278","49","49","14","13","1","3","1","25","170","37","32","8","9","1","10","4","11","75","23","14","7","4","2","2","0","3","60","14","5","2","0","2","0","0","0"
"s25","voters","0023704","825","288","341","43","3","6","16","0","2","0","126","373","452","49","25","23","6","6","9","4","2","0","0","0","0","2","0","0","0","0","0","1","0","1","0","0","0","0","0","1","0","3","5","0","0","1","6","14","11","16","23","35","0","11","23","18","26","39","65","2","7","16","23","33","39","53","0","5","18","19","33","33","60","1","2","11","18","7","14","11","0","5","9","17","3","11","17","0","1","7","9","4","8","1","0","2","6","11","5","10","6","144","45","36","14","6","2","1","3","37","156","66","57","11","18","1","1","4","27","60","18","25","5","5","1","2","0","10","43","16","6","3","0","1","0","1","0"
"s25","voters","0023835","784","337","295","37","2","3","5","0","0","0","105","318","466","28","20","16","5","10","7","2","2","0","0","0","0","1","4","0","0","0","0","1","0","2","4","0","0","1","0","0","0","5","1","2","0","1","3","10","11","12","23","53","0","4","10","17","13","38","142","0","3","6","11","13","27","73","0","7","3","9","19","25","99","0","5","6","7","11","9","13","1","1","6","7","7","7","25","0","1","1","3","5","3","8","0","1","5","3","3","7","7","196","55","36","10","10","0","3","2","25","155","43","29","10","10","4","0","6","38","65","14","11","3","2","2","1","3","4","30","13","3","1","0","0","0","0","0"
"s25","voters","0023905","925","329","403","49","4","5","18","0","4","0","113","396","529","46","30","9","4","16","9","3","2","0","0","0","0","1","0","0","0","1","2","0","0","0","0","0","0","1","0","0","0","3","6","0","0","0","3","20","21","7","19","48","3","13","24","32","16","30","93","1","5","16","22","22","41","80","1","5","17","18","29","56","90","2","4","7","14","9","6","14","0","5","3","14","7","8","20","0","3","5","2","5","11","9","0","2","8","4","6","7","18","178","63","35","15","13","1","2","1","21","221","49","41","16","16","4","2","7","47","59","18","13","10","4","0","2","0","7","46","14","11","3","2","1","0","1","2"
"s25","voters","0023970","697","278","264","39","0","3","5","0","5","0","103","264","433","37","20","5","11","10","9","5","1","0","0","0","0","0","0","0","0","2","1","4","0","5","5","2","0","0","0","0","0","5","3","4","0","0","3","9","14","5","17","34","1","10","18","14","22","26","105","0","7","10","13","22","21","44","0","8","9","12","24","16","78","0","5","10","11","3","6","14","0","6","7","10","8","4","19","0","1","5","0","0","7","3","0","1","5","1","6","8","15","173","37","34","10","3","2","2","0","17","136","57","35","4","4","1","4","3","20","58","19","9","8","3","0","2","2","2","35","8","4","2","1","0","1","1","0"
"s25","voters","0024148","424","178","142","22","1","5","4","0","1","0","71","195","229","37","7","9","4","1","9","3","0","0","0","0","0","1","0","0","0","1","0","0","0","4","0","0","0","1","1","0","0","2","1","0","0","1","10","10","13","8","10","18","1","11","19","17","13","23","24","0","3","10","11","9","18","21","0","2","3","9","11","19","26","0","3","6","7","4","3","9","1","8","9","7","3","8","3","0","1","5","1","6","0","8","0","1","1","2","3","3","2","88","38","21","7","9","0","1","1","13","76","27","23","5","5","0","2","2","2","35","12","9","9","2","0","0","1","3","21","6","3","1","0","1","0","0","1"
"s25","voters","0024175","656","323","169","31","5","2","14","0","4","0","108","294","362","69","18","13","5","7","4","5","3","0","0","0","0","1","0","0","0","1","1","0","1","3","0","0","0","8","2","1","1","2","3","3","1","1","12","22","17","19","23","33","1","23","46","27","26","27","46","0","2","13","14","11","18","27","2","4","13","13","10","20","22","1","6","12","10","4","7","9","1","9","11","11","5","8","14","0","2","3","7","6","11","4","0","1","8","7","3","2","2","193","53","37","8","10","2","5","6","9","107","15","21","9","3","0","0","2","12","76","12","6","6","2","1","1","0","4","31","9","10","4","0","1","1","0","0"
"s25","voters","0024237","675","288","209","36","5","6","12","0","3","0","116","293","382","77","25","30","8","4","12","0","4","0","0","0","0","0","0","0","0","0","2","3","0","0","0","1","0","6","0","1","1","2","2","10","0","1","10","13","15","12","28","39","3","15","25","29","20","27","51","1","4","10","9","15","33","31","0","5","8","10","14","22","47","0","3","5","17","7","3","10","0","14","12","21","6","10","8","0","2","4","4","6","3","8","0","2","4","6","5","3","15","190","40","26","7","6","2","2","2","13","142","27","21","5","3","0","0","1","10","70","16","10","5","8","0","4","0","3","39","13","5","0","1","1","0","0","3"
"s25","voters","0024263","4","3","1","0","0","0","0","0","0","0","0","1","3","1","0","0","0","0","0","0","0","0","0","0","0","0","0","0","0","0","0","0","0","0","0","0","0","0","0","0","0","0","0","0","0","0","0","0","0","0","1","0","0","0","0","0","0","1","1","0","0","0","0","0","0","0","0","0","0","0","0","1","0","0","0","0","0","0","0","0","0","0","0","0","0","0","0","0","0","0","0","0","0","0","0","0","0","0","0","0","0","3","0","0","0","0","0","0","0","0","1","0","0","0","0","0","0","0","0","0","0","0","0","0","0","0","0","0","0","0","0","0","0","0","0","0","0"
"s25","voters","0024352","983","400","356","48","1","8","8","0","4","0","158","442","541","50","23","27","4","13","12","6","1","2","0","0","0","4","0","0","0","3","1","1","1","2","3","1","0","2","4","1","0","4","4","1","1","1","8","15","24","23","30","49","1","11","29","30","34","48","97","1","8","9","20","19","45","77","0","7","16","17","19","35","83","3","12","11","14","9","13","19","0","6","13","15","11","18","14","1","2","3","5","6","6","9","1","5","2","3","9","7","10","247","52","45","12","4","1","5","4","30","186","60","40","8","13","5","2","5","37","87","20","20","12","2","1","1","1","14","44","16","3","2","2","0","0","0","2"
"s25","voters","0024385","159","65","52","15","1","1","0","0","1","0","24","73","86","12","8","1","2","1","0","1","1","0","0","0","0","2","0","1","0","0","0","0","0","5","2","0","1","0","0","0","0","1","2","0","0","0","1","2","4","1","5","12","1","0","5","6","5","8","15","0","1","2","4","4","10","6","0","1","3","3","3","6","9","0","1","4","3","1","1","4","0","0","2","0","2","2","4","0","1","1","1","0","0","4","0","0","2","4","2","0","3","37","7","5","4","0","0","2","0","10","36","6","6","1","1","1","0","1","0","17","1","5","0","0","0","0","0","1","12","3","0","1","0","0","1","0","1"
"s25","voters","0024500","810","407","222","25","1","3","12","0","3","0","137","348","462","61","21","16","5","8","5","8","2","1","1","0","1","2","0","0","0","6","3","4","0","2","0","5","0","4","0","4","1","4","0","2","1","0","17","19","23","21","27","36","0","21","30","45","33","44","91","1","9","12","11","22","20","37","1","3","8","12","22","25","39","1","6","8","15","14","7","16","0","7","15","9","7","16","16","0","2","2","6","6","4","6","0","4","1","3","1","4","5","218","77","48","12","14","2","9","2","25","117","35","24","9","6","0","0","2","29","69","23","15","11","6","2","5","0","6","23","11","3","2","3","0","0","0","2"
"s25","voters","0024568","1116","523","367","45","6","3","15","0","5","0","152","499","617","60","22","20","9","23","24","3","3","4","0","0","0","6","2","1","0","6","1","4","1","6","2","4","2","3","1","0","0","7","5","2","0","1","5","24","31","23","35","79","2","24","44","51","42","49","113","2","8","8","27","21","38","77","1","10","11","18","24","25","97","1","5","13","23","13","11","17","0","6","5","19","12","14","13","1","0","3","5","13","5","10","2","4","2","7","4","11","7","279","100","55","22","10","5","4","1","47","176","56","39","10","3","3","2","5","73","79","32","16","7","5","1","2","2","8","45","11","6","6","2","1","2","1","0"
"s25","voters","0024651","664","335","173","31","5","8","8","0","1","0","103","324","340","74","24","22","10","7","4","3","1","1","0","0","0","3","0","1","0","0","3","3","2","2","1","0","0","0","0","0","0","6","4","3","1","0","5","24","24","20","27","43","3","15","29","27","17","35","66","0","6","8","15","14","22","34","1","1","2","8","7","16","39","1","5","11","14","7","5","14","1","2","12","7","4","8","12","0","0","6","2","3","6","8","0","3","4","3","7","4","7","169","57","44","10","11","3","9","4","28","85","26","25","4","9","0","3","2","19","45","20","14","3","2","2","4","3","10","28","12","12","1","0","0","0","0","0"
"s25","voters","0024669","713","385","158","34","1","4","10","0","6","0","115","311","402","74","18","14","8","13","7","3","0","1","1","0","0","0","0","0","0","2","2","1","0","4","0","2","0","2","0","0","0","5","4","0","0","1","6","16","25","11","22","59","2","18","41","33","30","43","78","0","4","3","7","8","23","38","1","4","3","11","7","19","30","0","3","8","12","7","15","18","0","2","12","8","8","7","15","0","2","3","2","5","6","7","0","1","4","7","3","6","9","225","67","37","22","11","2","1","3","17","84","25","19","4","3","0","1","3","19","62","17","12","7","1","1","2","3","10","34","8","8","2","1","0","1","0","1"
"s25","voters","0024716","798","414","202","30","3","2","14","0","3","0","130","350","448","74","20","20","7","14","7","8","3","1","0","0","0","1","0","0","0","0","0","1","0","1","0","1","1","2","0","0","0","3","0","1","0","0","9","19","30","17","29","45","2","16","47","40","30","53","77","0","1","16","10","16","28","43","0","2","7","7","11","21","40","0","9","5","10","5","13","20","0","5","11","13","12","10","17","0","0","4","6","5","5","5","1","1","6","4","4","7","4","243","67","51","11","5","8","5","3","21","117","31","19","5","9","1","1","2","17","64","16","14","15","8","2","3","0","8","33","6","9","1","1","1","0","0","1"
"s25","voters","0024765","1127","573","301","57","7","3","9","0","4","0","173","529","598","82","23","21","8","32","7","6","2","0","5","0","0","4","1","0","0","4","3","2","1","1","0","4","0","3","1","1","0","7","3","0","1","1","7","21","36","30","52","86","1","23","42","39","54","51","130","0","5","9","11","30","34","66","0","4","13","12","16","40","61","2","14","11","15","13","13","31","1","7","7","12","14","11","22","0","4","3","7","12","4","12","0","1","1","7","7","9","13","332","79","65","21","8","4","8","6","50","146","45","32","17","16","1","4","9","31","93","33","18","9","5","1","0","1","13","55","9","8","0","1","1","2","2","2"
"s25","voters","0024832","759","389","219","34","6","5","2","0","10","0","94","334","425","64","29","8","4","14","4","6","1","1","0","3","0","1","2","1","0","6","1","0","0","3","1","2","1","3","3","1","0","6","3","2","0","1","11","27","18","16","21","55","0","18","36","32","12","46","96","0","9","12","8","16","24","44","0","1","9","8","10","19","59","0","3","12","4","8","4","14","0","1","10","4","9","5","20","0","1","5","4","6","5","6","0","3","4","7","0","3","13","228","53","47","16","11","2","8","1","23","122","30","33","5","1","1","7","3","17","51","14","10","9","3","1","0","1","5","38","10","4","3","2","0","0","0","0"
"s25","voters","0024908","1161","535","362","53","4","5","18","0","7","0","177","537","624","50","24","16","6","20","13","11","1","0","0","0","0","4","1","0","0","5","5","2","1","8","0","2","0","1","2","0","0","0","1","1","0","2","11","21","48","25","25","76","2","22","39","49","36","55","124","0","10","10","19","28","46","78","1","5","3","15","33","33","81","0","6","11","22","21","17","25","0","8","7","22","10","12","16","1","2","7","9","5","7","5","0","4","5","11","12","6","13","292","90","61","17","12","2","1","4","56","178","47","46","15","8","3","1","7","57","91","23","29","10","8","1","2","1","12","56","13","6","3","3","0","1","2","3"
"s25","voters","0024966","941","483","247","45","4","9","11","0","4","0","138","421","520","79","18","16","7","24","14","4","2","0","0","0","0","0","1","0","0","6","2","0","0","2","0","1","0","0","0","0","0","4","4","1","0","0","6","24","32","33","28","62","1","23","40","39","37","49","109","0","3","13","15","20","37","39","0","3","7","13","26","21","50","0","6","11","13","11","12","23","2","8","9","10","8","10","15","1","2","4","8","4","3","11","2","2","4","4","5","6","17","269","80","65","20","8","3","3","2","33","112","38","39","6","12","2","2","8","28","75","24","18","3","4","3","2","0","9","43","11","11","2","2","1","1","1","1"
"s25","voters","0025076","775","355","229","42","5","4","6","1","3","0","130","332","443","56","8","16","7","4","7","2","2","1","0","0","0","0","0","0","0","4","2","0","0","3","1","1","0","2","2","2","0","8","3","5","1","0","6","22","23","20","25","39","0","9","32","27","34","36","82","0","3","8","12","14","25","41","1","7","11","13","16","22","56","1","5","8","12","14","9","18","0","7","17","8","10","10","11","0","1","2","6","6","3","9","0","0","8","3","4","7","12","197","63","48","7","11","2","3","5","19","114","33","37","8","4","1","1","3","28","83","13","11","11","3","1","0","3","5","42","7","6","0","0","1","0","1","4"
"s25","voters","0025155","947","410","319","51","2","8","13","0","3","0","141","411","536","49","30","21","6","16","18","3","3","0","0","0","0","0","1","1","1","7","3","2","0","3","0","2","0","2","2","1","0","6","2","3","0","2","6","22","29","17","26","50","0","14","37","40","31","42","94","0","3","20","14","28","41","51","0","3","20","12","24","39","64","1","2","7","10","12","17","17","0","7","11","20","9","11","17","0","2","2","9","6","7","10","0","1","4","11","7","7","11","241","62","37","18","12","3","5","2","30","170","42","44","7","10","6","4","5","31","76","24","17","9","6","0","1","2","6","43","15","12","3","1","0","0","0","3"
"s25","voters","0025227","619","270","202","33","0","4","9","0","1","0","100","298","321","54","14","10","7","4","7","5","3","0","0","0","0","2","0","0","0","0","0","4","0","1","0","2","1","1","3","2","1","3","1","1","0","2","6","22","15","17","24","27","0","11","38","20","18","29","41","0","5","16","16","13","29","40","2","2","6","7","12","20","34","0","6","7","6","6","9","9","0","8","10","10","12","5","12","0","0","4","2","4","6","7","0","2","4","4","5","3","6","154","50","28","13","6","1","3","1","14","120","23","28","5","2","0","3","3","18","70","13","7","2","2","0","1","0","5","36","7","2","0","0","0","0","0","2"
"s25","voters","0025432","869","412","267","41","4","5","6","0","5","0","129","359","510","55","17","16","10","7","15","2","0","1","1","1","0","2","1","1","0","0","1","3","0","4","1","0","0","4","2","0","0","4","3","1","0","0","7","24","21","23","20","56","3","13","25","34","50","45","91","0","8","9","14","22","26","41","0","9","12","19","23","31","53","3","4","14","10","5","9","15","1","7","11","21","6","7","16","0","1","3","5","7","6","6","0","3","7","5","4","9","5","249","66","43","15","6","3","6","2","22","131","43","38","13","6","3","4","4","25","73","22","12","4","6","1","3","1","7","41","6","7","3","2","0","0","0","2"
"s25","voters","0025451","840","374","267","39","3","9","13","0","3","0","132","356","484","42","14","9","3","21","8","5","4","0","0","0","0","0","3","1","0","5","0","7","0","2","0","2","0","0","2","1","0","2","2","1","1","1","7","10","24","18","24","51","2","13","22","19","32","51","100","0","8","8","15","12","31","55","0","10","7","22","14","30","55","0","2","11","12","18","9","12","1","6","12","10","10","10","19","0","3","4","5","3","7","6","0","5","4","7","5","11","7","208","54","35","17","12","5","2","4","37","154","34","25","12","4","2","3","4","29","78","13","14","11","5","3","2","2","4","39","17","7","0","0","0","1","1","2"
"s25","voters","0025493","1060","484","343","60","4","6","16","0","9","0","138","440","620","54","23","13","12","15","16","1","3","2","2","0","0","4","2","2","0","3","5","4","0","1","0","4","1","5","0","1","0","4","0","3","0","0","6","14","28","20","34","73","4","12","32","36","38","53","134","0","4","9","21","18","26","77","0","3","10","21","17","47","90","0","5","7","13","12","12","22","0","6","5","12","10","10","24","1","3","2","8","7","7","11","0","2","11","12","8","9","14","270","72","60","19","14","4","4","5","36","191","52","37","7","10","4","7","6","29","83","17","21","6","4","0","2","0","5","64","12","9","3","0","1","2","0","4"
"s25","voters","0025514","890","414","291","42","2","7","6","0","3","0","125","389","501","37","19","14","7","16","16","2","1","0","0","0","0","2","1","1","0","5","4","3","0","4","0","0","1","1","0","0","0","3","0","4","1","4","9","8","22","21","27","55","0","16","25","41","32","51","103","0","10","5","7","18","34","69","0","3","9","16","25","30","65","0","8","5","11","17","11","19","1","4","2","10","14","8","15","0","1","3","5","2","6","12","0","1","3","4","3","8","12","208","83","45","15","13","1","3","0","46","135","39","43","15","4","0","3","4","48","58","19","18","11","5","0","3","3","8","40","8","5","1","2","2","1","0","1"
"s25","voters","0025618","978","433","326","50","2","2","17","0","3","0","145","434","544","62","11","17","9","18","15","9","4","3","2","1","0","3","0","0","0","1","5","9","0","3","2","0","1","2","0","0","0","4","0","0","0","2","7","12","25","27","35","58","1","16","31","43","39","37","100","2","13","8","16","21","36","70","1","9","4","10","21","37","78","1","3","9","14","15","11","15","4","6","10","12","15","14","16","0","3","3","3","5","8","12","0","2","5","8","8","7","10","224","78","50","16","17","1","3","1","43","160","47","41","9","9","4","1","5","50","78","18","14","13","8","0","1","2","11","50","12","4","4","0","1","1","0","2"
"s25","voters","0025703","1054","516","337","42","3","5","10","0","3","0","138","403","651","52","11","9","4","29","13","6","5","0","0","0","0","0","0","0","0","12","4","5","1","10","0","4","1","5","1","0","1","9","1","1","0","1","5","6","24","18","19","86","2","11","24","23","27","31","239","2","2","10","11","14","37","80","0","6","4","16","18","21","116","0","7","8","7","9","6","26","2","5","7","8","9","10","34","0","1","2","3","3","6","10","1","1","4","3","5","6","18","316","86","53","27","4","3","2","0","25","192","42","35","13","6","6","4","3","36","77","25","11","5","6","2","2","0","10","44","13","3","2","1","0","0","0","0"
"s25","voters","0025789","785","360","256","30","3","6","6","0","5","0","119","342","443","37","10","8","4","8","9","6","0","1","1","1","0","6","2","1","1","5","3","1","0","5","1","1","0","4","4","0","0","1","3","2","0","0","10","19","21","12","21","57","0","10","17","29","29","38","97","0","5","9","6","21","29","55","0","4","7","14","17","30","59","2","3","7","6","9","13","17","1","9","8","9","6","13","16","0","1","2","3","4","5","5","0","3","4","6","4","6","7","186","51","43","18","9","0","3","6","44","130","35","29","7","9","4","2","9","31","67","23","15","4","2","0","0","0","8","34","6","5","3","1","0","0","0","1"
"s25","voters","0025845","902","388","319","39","3","4","14","0","8","0","127","409","493","36","15","13","10","12","14","2","3","2","0","0","0","1","1","1","0","4","5","2","0","1","0","3","0","2","0","2","0","5","5","0","2","1","10","24","23","16","20","55","1","13","36","27","27","33","102","1","10","12","18","19","35","63","0","8","13","14","23","37","66","0","6","10","11","8","18","19","1","2","6","12","13","10","11","0","2","6","2","4","6","10","1","3","4","3","4","9","14","221","56","53","18","9","2","3","1","25","168","58","30","9","9","4","3","8","30","63","19","13","6","7","3","4","0","12","50","4","7","3","1","1","1","0","1"
"s25","voters","0025919","946","456","293","51","0","7","14","0","4","0","121","406","540","44","21","10","7","12","4","7","1","2","0","0","0","2","0","0","1","3","2","3","0","0","1","0","0","3","1","1","0","1","3","0","0","0","11","13","32","26","30","51","1","25","26","46","43","56","96","0","10","13","14","24","25","58","1","6","5","11","20","35","71","0","6","10","10","7","13","11","2","6","8","18","8","12","10","0","1","3","8","7","9","14","0","3","3","9","5","6","8","253","83","51","14","10","3","2","2","38","135","45","38","13","4","1","4","3","50","59","17","15","10","5","1","0","3","11","52","9","6","4","0","0","2","1","2"
"s25","voters","0025983","829","429","229","33","1","5","8","0","6","0","118","377","452","60","9","11","3","17","6","6","2","1","0","0","0","4","2","0","0","2","1","2","0","8","3","1","0","1","1","0","0","3","2","1","0","2","12","22","21","28","23","56","1","22","41","37","46","42","76","0","4","15","12","13","25","51","0","4","10","16","16","22","41","1","8","6","16","4","18","17","0","5","7","12","6","9","9","0","2","5","1","5","7","3","1","3","5","2","6","7","6","254","56","50","16","6","6","2","8","31","124","28","29","9","7","2","2","4","24","60","17","19","3","7","0","0","2","10","36","6","6","2","0","0","1","1","1"
"s25","voters","0026018","706","299","236","46","1","2","11","0","1","0","110","328","378","42","27","6","2","5","9","4","1","1","0","0","0","1","0","0","0","0","4","1","1","3","0","0","0","0","0","0","0","0","4","1","0","2","8","17","16","12","22","34","1","18","24","23","27","35","60","0","7","15","17","19","37","34","0","7","11","10","17","29","33","2","2","8","6","12","17","8","0","9","8","12","12","9","5","1","4","3","6","5","6","8","0","2","3","5","6","6","6","160","38","46","11","4","1","6","2","31","128","33","27","6","6","2","4","5","25","53","13","16","8","4","0","2","1","13","38","15","5","2","0","0","1","0","0"
"s25","voters","0026069","863","368","300","41","4","1","8","0","4","0","137","379","484","54","24","17","5","19","8","7","0","1","0","0","0","0","4","0","0","4","1","1","1","1","0","0","0","2","2","1","1","4","2","5","0","0","7","23","19","18","33","41","1","15","32","36","22","45","76","0","3","15","28","23","26","45","1","2","17","24","15","27","74","0","6","13","14","14","7","10","1","4","13","12","10","16","17","1","4","6","8","2","9","4","0","3","5","4","3","3","6","183","64","44","19","10","2","5","4","37","152","54","36","12","9","3","5","6","23","72","19","15","12","8","2","1","1","7","39","8","7","2","0","1","0","0","1"
"s25","voters","0026145","862","313","348","51","3","6","4","0","4","0","133","402","460","47","30","9","7","12","11","3","3","0","0","0","0","0","4","0","0","1","2","1","0","2","0","0","0","0","1","1","0","1","1","0","0","0","9","24","17","21","17","42","1","13","22","22","22","29","74","0","10","12","20","22","41","60","0","9","17","28","22","37","70","0","7","9","11","15","13","22","1","9","12","6","9","10","9","0","1","5","4","4","8","8","2","2","4","4","10","6","10","157","55","30","12","14","1","6","4","34","168","66","42","12","10","2","4","4","40","64","26","13","6","4","4","2","1","13","39","12","11","3","0","1","1","1","0"
"s25","voters","0026180","795","322","281","49","4","6","16","0","2","0","115","350","445","37","16","9","5","4","17","4","2","0","0","0","0","2","1","1","0","3","0","1","0","1","1","1","0","3","0","0","0","6","3","2","2","0","6","15","15","18","21","46","1","14","31","24","26","32","73","1","3","11","15","15","32","49","2","4","12","21","19","42","55","2","2","13","13","10","13","14","1","5","3","12","10","9","8","0","5","6","5","5","10","5","0","2","7","9","7","7","9","188","59","36","5","2","0","3","2","27","153","33","35","11","4","2","5","4","34","65","19","9","6","2","1","1","1","11","49","16","7","3","1","0","1","0","0"
"s25","voters","0026244","774","324","275","45","2","11","13","0","1","1","102","371","403","40","25","18","9","9","10","4","0","0","0","0","0","1","0","1","1","0","0","0","0","1","0","0","0","0","2","0","0","2","2","0","1","0","16","14","21","14","24","50","1","6","26","29","25","30","68","0","6","17","24","13","34","38","0","4","14","18","22","36","49","0","4","7","21","11","8","8","1","5","4","13","5","11","4","0","2","6","7","5","9","12","0","0","1","4","6","8","13","188","48","39","7","7","2","7","2","24","137","41","44","9","6","2","2","1","33","52","20","10","9","2","1","2","0","6","44","14","7","1","0","1","1","0","5"
"s25","voters","0026442","954","406","354","57","4","3","10","0","6","1","113","409","545","40","22","8","8","15","14","1","1","0","0","0","1","7","1","0","2","5","3","0","0","3","4","3","0","0","0","0","1","6","2","2","2","3","6","16","14","21","29","63","1","15","24","28","34","33","119","2","5","17","13","22","36","66","1","5","10","19","27","42","89","0","8","10","10","12","10","13","3","3","8","6","9","12","9","0","1","2","5","4","8","13","1","6","7","6","7","4","17","224","64","47","13","11","2","1","5","39","190","45","39","12","8","0","2","4","54","61","17","20","2","5","1","3","2","2","57","12","4","4","1","1","0","1","1"
"s25","voters","0026512","964","385","336","58","1","6","19","0","5","1","153","440","524","53","16","15","7","7","4","2","2","0","0","2","0","2","0","1","0","2","1","4","0","3","2","0","3","0","2","0","0","7","4","1","2","1","8","17","25","26","24","58","1","8","23","42","32","27","93","0","3","21","23","20","34","60","2","6","12","18","25","41","71","1","5","14","13","15","12","18","1","6","11","12","15","11","19","0","2","3","8","7","12","10","0","4","1","6","7","15","15","217","55","48","17","4","7","1","3","33","173","47","40","14","8","1","2","2","49","93","23","12","8","4","0","1","1","11","59","15","5","3","2","2","0","0","4"
"s25","voters","0026597","826","317","315","38","5","2","13","0","6","0","130","384","442","27","23","10","7","12","19","2","0","0","0","0","0","2","1","1","0","6","0","3","1","0","0","0","0","0","2","0","0","2","0","1","0","3","6","13","14","18","20","43","1","12","22","31","26","33","75","1","11","11","21","15","37","67","1","3","14","15","20","35","64","0","5","6","16","11","15","19","0","5","6","13","8","16","10","0","2","7","6","4","4","9","0","3","5","6","5","4","9","148","55","41","8","14","3","6","2","40","160","39","43","7","6","0","6","2","52","63","19","18","8","6","1","3","0","12","36","16","7","2","2","0","0","1","0"
"s25","voters","0026625","1179","507","431","45","4","7","10","0","10","0","165","558","621","74","36","15","8","26","9","7","3","1","2","0","0","5","0","1","0","4","2","5","0","2","0","0","0","0","1","1","0","1","1","3","0","3","13","24","47","32","24","72","1","23","33","45","47","44","99","1","22","17","26","39","50","66","3","12","17","20","31","43","84","1","5","10","18","14","13","18","1","11","7","22","14","11","20","2","4","4","4","10","4","15","0","3","8","6","5","4","7","283","86","50","17","7","1","5","6","52","221","72","52","10","14","4","5","4","49","88","18","15","13","5","1","3","1","21","48","13","9","1","3","0","0","1","1"
"s25","voters","0026715","1073","468","370","36","3","5","17","0","5","0","169","498","575","45","22","7","4","24","8","3","4","2","3","0","0","2","4","3","0","4","3","0","1","0","1","3","0","2","2","1","0","6","1","1","0","1","6","18","25","24","26","85","1","17","16","41","39","44","125","2","6","13","20","22","42","73","1","9","10","21","24","47","80","2","5","14","23","14","15","30","1","4","6","12","15","11","17","0","4","3","8","4","7","6","0","1","3","8","7","6","9","261","68","46","19","7","1","1","2","63","181","55","42","13","8","4","4","6","57","82","28","20","9","6","1","3","1","19","39","9","8","5","1","1","0","0","3"
"s25","voters","0026747","963","422","331","42","5","2","7","0","6","0","148","404","559","50","20","17","3","8","11","5","7","0","0","0","0","4","0","2","0","7","1","3","0","0","1","2","0","4","0","3","0","5","3","0","2","1","8","22","22","18","20","55","4","12","36","36","27","58","103","0","10","12","17","20","31","59","0","5","15","13","22","47","80","0","6","11","20","14","11","20","0","5","14","15","8","10","14","0","3","5","3","8","4","4","1","2","2","4","7","3","16","238","71","44","12","9","4","4","4","36","179","58","33","15","5","1","2","2","36","82","17","20","9","6","1","3","0","10","39","12","6","2","0","2","0","0","1"
"s25","voters","0026808","1305","582","455","62","2","3","20","0","2","1","178","596","709","43","20","13","5","29","13","6","3","0","0","1","0","6","2","1","0","6","1","2","1","3","3","1","5","1","1","1","0","3","1","0","0","1","16","14","26","33","41","88","5","18","21","38","51","62","168","3","7","11","20","27","55","114","1","3","7","19","25","49","114","1","9","8","14","16","20","31","1","6","6","15","13","18","20","0","4","4","4","8","8","13","1","5","1","9","7","10","16","321","85","73","17","12","3","2","3","66","226","67","54","15","8","0","5","4","76","88","34","21","5","7","2","1","4","16","48","18","16","5","0","0","0","0","3"
"s25","voters","0026916","1023","422","361","42","6","9","22","1","3","0","157","463","560","53","22","8","9","22","19","4","1","4","2","0","0","5","2","0","0","5","3","4","0","3","1","2","1","2","0","0","0","0","1","0","1","1","9","20","28","15","23","56","1","22","41","31","31","45","99","1","8","19","14","32","43","65","0","9","13","16","26","37","78","0","9","15","12","16","19","22","0","8","9","13","9","9","16","1","1","9","5","9","5","6","0","6","6","10","6","9","10","238","71","56","16","12","3","4","2","20","201","52","41","12","7","3","4","3","38","91","22","21","8","1","1","1","2","10","54","12","10","1","1","1","1","2","1"
"s25","voters","0026978","1214","549","401","53","1","10","13","0","6","1","180","567","647","51","16","13","7","30","18","6","1","0","0","1","0","4","1","1","0","10","5","7","1","2","0","2","0","0","0","0","0","9","4","1","0","1","12","26","25","25","37","97","4","18","33","32","47","47","145","0","8","18","19","20","34","103","2","8","13","14","20","39","103","1","3","12","18","14","17","38","1","9","10","12","8","18","19","0","1","2","7","9","6","14","0","2","8","6","2","11","16","310","77","71","24","11","3","2","8","43","211","40","57","14","12","5","5","3","54","102","39","11","8","6","2","2","1","9","57","10","4","3","1","0","3","1","5"
"s25","voters","0027004","693","382","165","18","4","6","5","0","7","0","106","303","390","90","13","32","7","4","10","1","2","0","0","0","0","3","0","0","0","5","2","0","0","3","1","2","0","4","0","1","0","2","12","2","0","3","8","15","28","19","26","51","1","18","46","35","27","33","72","1","4","10","6","8","19","35","1","5","7","7","9","12","41","1","5","2","16","9","6","11","2","6","9","12","11","4","12","0","2","5","5","0","4","4","0","1","2","7","3","3","4","226","58","45","10","10","2","5","5","21","88","20","23","11","5","1","2","3","12","57","14","11","12","3","1","2","0","6","29","5","2","1","0","0","1","0","2"
"s25","voters","0027083","734","461","105","37","7","4","7","0","2","0","111","303","431","93","13","22","11","7","4","2","1","1","1","0","0","3","1","0","0","6","2","1","2","3","0","3","0","4","0","1","0","12","1","1","0","2","13","43","30","19","23","39","2","32","73","42","32","57","54","1","3","6","6","5","17","14","0","3","5","6","4","18","17","0","4","15","10","7","6","10","1","9","17","9","9","9","5","1","1","6","4","6","6","6","0","3","6","8","0","3","7","304","80","37","8","8","1","7","1","15","59","17","7","6","6","0","1","0","9","65","29","8","4","2","1","1","0","1","39","11","1","1","3","0","1","1","0"
"s25","voters","0027152","711","415","149","35","5","3","3","0","7","0","94","295","416","66","12","11","11","18","5","1","6","2","1","0","0","2","1","0","0","0","1","2","0","2","0","0","0","6","4","0","0","3","0","0","0","0","9","24","25","26","17","56","1","14","32","28","25","48","110","0","2","9","7","7","13","31","0","0","6","11","5","11","47","0","5","7","10","3","4","14","1","3","11","12","6","5","13","0","2","4","8","3","6","3","1","4","3","7","3","1","8","244","59","53","15","10","1","7","4","22","82","23","14","4","7","1","3","4","11","58","16","8","3","5","2","1","0","1","37","3","8","1","1","1","0","0","2"
"s25","voters","0027194","1001","500","270","47","3","4","8","0","6","0","163","445","556","79","23","18","9","17","9","9","2","1","1","0","0","2","0","0","0","9","2","0","1","2","0","1","1","3","1","0","0","6","6","1","2","1","7","32","32","27","41","56","2","24","38","44","40","47","109","0","8","16","14","20","31","41","1","1","10","16","15","39","58","1","3","19","15","8","13","27","4","8","11","15","7","9","23","0","1","2","10","6","6","8","1","2","4","4","7","4","13","273","89","73","11","9","3","5","3","34","141","42","33","11","9","0","2","1","31","84","23","26","6","1","5","2","0","16","43","12","3","2","4","0","2","0","2"
"s25","voters","0027305","914","513","193","40","7","7","6","0","3","0","145","358","556","96","14","25","7","11","8","4","0","0","1","1","0","3","0","0","0","4","5","3","2","3","3","1","1","1","0","1","0","1","0","1","0","0","10","29","31","15","33","52","2","16","50","52","45","66","112","0","2","7","18","14","16","31","1","2","7","18","10","20","47","1","5","10","20","11","10","17","0","6","13","20","6","8","18","0","1","2","4","7","8","4","1","2","6","4","9","2","13","283","89","55","16","16","0","10","4","40","115","26","19","6","6","0","3","1","17","81","24","15","8","3","2","3","0","9","43","10","6","1","0","0","1","1","1"
"s25","voters","0027342","534","319","84","24","7","6","5","0","5","0","84","209","325","55","5","17","7","5","0","1","3","3","1","0","0","1","0","0","0","3","0","0","0","2","0","0","0","2","0","0","0","5","3","0","1","1","11","20","19","16","15","35","3","23","38","30","17","21","70","0","1","4","3","4","11","12","0","2","1","1","6","10","29","0","3","7","6","6","5","8","2","8","5","9","7","7","11","1","1","6","2","2","4","6","0","3","7","3","0","7","5","237","36","22","9","3","0","2","1","9","50","13","13","1","1","0","0","3","3","48","14","9","4","1","1","2","0","5","40","2","3","1","1","0","0","0","0"
"s25","voters","0027506","812","494","110","40","10","5","6","0","7","0","140","318","494","78","6","30","12","20","6","5","2","0","1","0","0","3","0","0","0","6","2","1","1","8","1","0","0","2","0","0","0","14","0","3","1","0","12","47","35","21","24","45","1","32","74","27","36","41","99","0","1","5","4","9","6","23","0","2","5","6","6","16","27","0","4","13","22","10","6","8","1","19","26","14","3","5","9","0","3","11","3","3","0","3","1","5","9","9","10","5","6","320","70","49","9","14","4","4","3","21","78","15","8","1","2","0","0","1","5","101","17","7","5","3","2","2","0","3","56","6","3","1","0","1","0","1","0"
"s25","voters","0027602","900","460","229","41","5","5","7","0","9","0","144","389","511","77","27","21","6","16","12","4","2","1","0","0","0","0","0","1","0","7","2","3","2","5","2","3","0","0","0","1","0","5","0","4","0","3","11","18","29","25","31","65","0","14","51","43","28","42","100","0","8","10","21","15","20","40","0","4","8","15","13","27","48","1","6","11","11","11","11","14","0","9","12","15","13","13","17","0","0","6","7","4","3","8","0","5","7","4","7","6","10","250","90","54","17","10","4","7","1","27","146","18","21","9","7","2","0","3","23","84","29","7","7","5","0","0","1","11","42","14","8","1","1","0","0","0","1"
"s25","voters","0027673","1133","580","320","50","1","5","10","0","10","0","157","497","636","77","25","10","10","38","9","7","3","1","0","3","0","3","0","0","0","11","7","2","2","3","0","0","0","5","1","1","0","5","0","0","1","2","10","37","41","27","30","72","0","28","58","58","34","58","125","0","8","11","14","20","30","79","2","4","11","18","16","32","75","0","9","12","19","8","18","19","0","3","9","12","16","10","22","0","2","7","3","8","8","3","0","2","6","6","6","14","11","332","104","66","16","18","7","3","0","34","168","49","40","9","9","0","3","3","39","84","32","12","3","4","2","2","2","16","50","14","9","0","1","1","0","0","1"
"s25","voters","0027787","221","121","47","7","4","1","2","0","1","0","38","102","119","17","2","3","2","2","2","2","0","0","0","0","0","2","0","0","0","5","4","2","0","1","0","3","0","2","0","0","1","3","1","2","0","0","2","6","4","6","6","21","0","5","15","9","6","13","28","1","1","0","1","3","6","13","0","1","0","1","3","5","12","0","1","3","5","3","6","6","0","3","4","1","1","1","4","0","0","1","2","1","2","2","0","1","3","1","1","0","1","91","13","9","2","0","1","2","0","3","26","8","8","3","0","0","1","0","1","25","5","5","2","1","0","0","0","0","10","3","1","0","1","0","0","0","0"
"s25","voters","0027810","924","551","152","46","5","2","6","0","6","0","156","379","545","74","12","12","8","15","7","7","0","2","0","0","0","5","0","0","1","6","5","5","1","3","3","1","0","6","2","1","0","5","3","1","0","1","10","37","35","21","27","63","1","18","65","34","37","65","137","1","2","6","10","10","20","24","0","4","4","9","9","17","36","0","3","27","16","8","9","20","0","4","14","15","5","17","18","0","3","3","6","1","6","10","0","0","8","4","8","5","11","364","89","51","11","5","1","5","6","19","93","21","8","9","1","0","2","1","17","101","19","15","5","2","4","1","0","9","46","10","4","3","0","1","0","0","1"
"s25","voters","0027971","977","446","299","49","1","2","9","0","3","0","168","465","512","30","15","4","5","46","20","14","5","2","2","0","0","1","0","1","2","10","8","6","0","5","2","0","1","8","0","2","0","3","0","1","0","3","12","9","26","36","33","70","4","20","27","27","46","39","94","0","10","11","6","18","44","65","0","5","6","8","17","38","71","0","7","10","4","18","24","28","1","3","5","10","13","18","27","1","3","2","3","5","8","9","0","7","4","4","4","7","7","235","84","52","12","15","2","3","4","39","155","43","29","11","7","4","2","5","43","87","25","17","9","4","3","5","2","16","39","13","6","2","3","0","0","1","0"
"s25","voters","0028014","1102","564","291","66","1","3","5","0","7","0","165","464","638","68","24","14","4","15","10","5","0","0","0","0","0","1","0","1","0","5","2","2","2","1","2","1","0","2","1","1","1","4","1","0","0","1","11","21","32","35","39","56","3","29","43","75","54","50","115","2","7","11","18","27","36","44","1","4","8","20","17","35","61","0","10","8","23","20","11","16","1","11","7","11","16","16","15","0","1","5","3","6","6","15","1","4","4","2","12","12","11","304","90","64","13","13","3","9","5","63","143","44","30","8","9","6","1","6","44","76","24","27","16","3","2","3","2","12","43","16","12","3","3","3","1","0","1"
"s25","voters","0028142","1084","497","341","37","2","8","8","0","10","0","181","513","571","63","22","8","7","25","15","10","3","0","0","0","0","9","2","2","2","5","0","3","0","0","1","0","0","0","0","0","0","2","2","3","0","3","9","19","37","31","38","58","0","16","27","47","49","48","115","0","9","13","23","25","40","69","2","7","7","19","16","40","71","0","11","14","20","12","13","36","0","7","10","16","11","9","22","1","2","6","5","4","12","3","0","3","8","5","4","5","7","276","75","59","15","11","0","6","4","51","189","36","39","9","9","2","2","4","51","98","26","15","12","9","3","3","2","13","47","7","7","1","1","0","0","1","1"
"s25","voters","0028200","994","515","273","38","0","3","20","0","3","0","142","428","566","59","19","8","9","13","9","2","2","1","0","0","0","8","1","2","0","3","1","4","0","2","1","0","1","2","0","1","0","0","0","0","1","4","8","23","36","31","22","77","4","12","32","55","50","54","107","0","4","8","14","15","22","55","0","7","8","15","27","28","70","0","6","10","13","15","14","17","0","1","10","19","8","7","22","0","2","3","5","7","9","8","0","2","1","5","4","6","12","279","101","55","19","11","4","3","2","41","129","38","39","12","7","1","7","3","37","65","24","20","10","5","1","1","2","14","37","14","8","2","1","0","1","1","0"
"s25","voters","0028299","1251","544","432","49","1","2","17","0","4","0","202","576","675","47","32","11","4","31","17","21","4","3","2","0","0","9","1","2","1","9","5","10","1","11","2","9","1","2","0","2","0","7","1","1","0","0","11","18","41","38","30","62","3","22","29","54","62","51","123","1","8","21","23","45","29","98","0","6","9","27","27","33","105","0","8","11","15","23","21","37","0","5","8","14","19","12","29","0","3","2","5","6","7","13","0","3","6","3","5","7","13","288","89","51","16","18","5","9","6","62","226","69","36","15","16","2","4","5","59","98","39","26","12","6","2","4","1","14","46","13","9","2","1","2","0","0","0"
"s25","voters","0028380","1228","583","357","58","2","13","17","0","3","0","195","559","669","60","17","12","7","23","9","7","5","4","0","2","1","5","2","1","0","3","3","2","1","5","0","3","0","1","0","1","0","4","6","4","1","1","26","30","40","39","32","78","4","23","36","46","51","44","133","0","11","14","19","32","30","58","0","8","15","22","30","34","84","1","7","16","21","16","15","25","2","5","11","18","17","19","22","0","3","4","7","11","10","13","1","4","6","6","7","10","11","348","88","54","14","16","1","8","4","50","187","40","48","13","11","3","4","4","47","101","22","23","17","8","2","4","4","14","56","14","14","2","2","2","1","1","1"
"s25","voters","0028522","1149","558","325","48","0","5","19","0","6","1","187","538","611","43","19","10","5","25","19","9","3","3","0","1","1","2","1","0","0","14","5","2","0","4","1","5","1","2","1","1","2","2","0","0","0","5","14","21","34","30","48","66","1","22","19","61","69","63","105","0","17","7","16","30","43","54","0","10","7","20","27","34","60","1","8","4","22","29","19","24","2","7","8","14","11","17","21","1","3","3","5","9","9","16","0","2","3","7","8","3","10","271","92","76","21","11","7","4","2","74","166","39","42","9","5","3","2","3","56","80","24","28","16","5","1","4","7","22","44","13","13","2","0","1","2","0","4"
"s25","voters","0028530","1108","563","308","46","0","3","6","0","1","0","181","523","585","37","4","7","2","25","8","6","3","2","2","0","0","9","1","2","0","11","1","2","0","6","1","0","0","3","2","0","0","7","5","3","0","1","15","21","32","36","31","99","3","16","27","47","50","57","128","1","5","7","26","33","37","54","0","5","6","17","27","40","50","1","13","12","23","14","19","19","1","6","7","8","25","13","20","0","1","2","1","3","6","11","0","2","1","6","5","6","12","297","81","66","18","19","0","6","1","75","146","32","49","11","6","2","3","2","57","98","24","26","9","3","2","5","3","11","31","10","6","3","1","0","0","1","4"
"s25","voters","0028681","1219","549","401","52","1","5","12","0","8","0","191","588","631","38","15","8","4","27","13","5","2","4","1","2","1","3","1","0","1","11","3","4","0","3","1","2","0","0","1","1","0","6","9","3","1","1","16","18","33","32","32","90","2","20","16","49","41","60","139","3","15","12","11","27","57","80","1","14","2","11","33","55","80","2","13","9","19","21","25","28","3","9","8","8","17","11","18","1","4","4","6","6","13","10","1","7","4","3","4","6","9","306","88","62","17","4","3","6","3","60","192","51","29","23","9","3","7","4","83","101","30","16","15","5","1","2","0","21","45","14","10","1","0","1","1","1","5"
"s25","voters","0028785","1298","540","472","56","2","13","19","0","2","0","194","614","684","50","34","16","13","36","13","10","4","4","0","0","0","5","1","2","0","10","12","4","2","14","3","4","0","5","2","2","0","2","4","4","1","0","13","19","24","31","38","91","2","20","22","45","52","54","129","0","21","8","9","38","51","118","1","11","12","12","28","51","112","3","8","3","24","18","28","33","1","3","6","5","11","18","33","0","3","1","4","5","9","14","0","5","3","9","7","11","21","314","83","50","11","6","3","3","2","68","245","75","42","19","12","3","4","5","67","106","29","20","9","6","4","1","2","17","50","22","9","5","0","3","2","0","1"
"s25","voters","0028809","1175","563","384","47","1","3","2","0","6","0","169","556","619","56","12","12","4","34","17","11","2","2","4","2","0","2","0","0","0","11","6","4","0","9","0","5","1","0","2","0","0","2","4","1","0","5","15","21","41","35","45","82","3","25","35","36","56","53","111","1","13","8","7","27","31","108","0","7","9","17","18","29","109","1","2","10","10","18","24","31","2","6","6","20","5","15","19","0","0","1","4","2","7","7","0","5","2","4","8","9","10","359","78","50","17","13","4","7","2","33","188","57","36","11","8","2","5","3","74","105","24","14","11","4","2","2","1","6","38","10","8","1","1","0","0","0","1"
"s25","voters","0028939","940","481","252","41","0","2","9","0","2","0","153","455","485","30","11","7","2","34","5","11","3","2","2","0","1","10","2","2","0","15","4","3","0","7","2","3","1","5","0","5","1","0","1","0","0","0","17","11","28","35","28","94","8","17","11","35","47","39","111","0","9","8","7","19","31","55","1","2","2","4","16","35","63","1","4","2","12","21","22","27","1","3","3","4","21","8","24","0","2","1","5","7","5","4","0","3","5","6","0","8","8","268","86","44","15","10","4","3","4","47","121","39","27","10","4","2","2","1","46","67","27","18","13","5","3","0","1","19","35","12","5","2","0","0","0","0","0"
"s25","voters","0029043","926","415","267","52","6","4","7","0","7","0","168","403","523","54","28","23","6","14","4","4","5","2","2","0","1","1","0","0","0","5","3","2","0","2","1","3","1","4","1","0","0","3","2","1","0","2","11","24","27","15","17","49","1","24","36","44","31","44","90","1","6","6","19","26","32","43","1","4","7","23","18","23","58","1","5","13","21","11","13","21","1","11","11","13","14","15","18","2","4","5","7","5","11","6","0","2","1","5","4","8","16","236","65","48","16","12","6","5","2","25","140","31","34","16","6","2","3","4","31","92","23","19","9","10","3","1","3","8","52","10","7","0","2","0","0","1","4"
"s25","voters","0029171","1092","531","327","51","6","5","12","0","4","0","156","499","593","49","34","15","8","16","9","5","1","3","2","2","0","3","1","0","0","17","8","1","0","1","5","1","4","0","2","3","0","9","1","5","1","1","13","27","24","29","27","87","2","18","35","39","43","57","129","1","8","14","13","21","39","68","0","6","11","19","22","37","68","2","10","9","11","16","16","22","2","8","6","12","7","10","25","0","3","2","6","7","6","17","0","3","4","5","6","11","8","285","90","68","23","11","2","5","1","46","171","45","37","16","9","1","2","2","44","91","21","14","12","4","1","2","0","11","48","13","9","2","2","0","0","1","3"
"s25","voters","0029400","1218","565","383","68","0","4","11","0","8","0","179","574","644","33","17","4","5","44","18","15","2","1","2","1","0","0","1","0","2","8","1","6","1","7","3","4","1","2","3","3","0","4","4","0","1","2","11","21","21","30","30","107","3","25","36","30","51","57","141","1","8","7","17","26","50","96","2","8","5","16","25","31","91","1","5","9","17","12","21","33","1","6","10","15","12","11","26","0","4","7","6","8","12","12","1","6","1","2","5","10","17","276","98","68","19","7","9","5","3","80","180","68","38","16","6","3","3","3","66","91","23","27","13","4","3","3","0","15","63","17","7","0","2","0","0","1","1"
"s25","voters","0029462","934","435","269","58","3","4","17","0","4","0","144","417","517","36","8","13","5","28","10","8","0","0","2","0","0","1","4","0","0","7","1","1","0","7","0","0","0","0","0","1","0","6","4","0","1","0","6","16","26","15","21","80","1","14","31","43","23","35","124","0","3","6","15","8","24","78","0","0","5","9","10","30","81","0","1","5","20","11","10","31","1","2","11","12","7","11","22","0","5","4","3","5","14","10","0","5","4","8","3","10","15","253","74","44","9","11","3","0","1","40","148","42","24","13","6","1","5","3","27","87","17","18","12","2","0","2","1","5","54","16","8","1","2","1","0","0","4"
"s25","voters","0029699","917","462","272","37","1","6","8","0","0","0","131","431","486","38","16","7","1","27","16","6","1","0","0","0","0","6","0","0","0","14","4","5","0","6","0","0","0","4","3","0","0","2","4","0","0","3","9","7","29","29","38","85","2","16","11","27","33","31","142","2","3","4","14","15","30","64","0","3","5","12","10","23","87","2","5","2","10","15","17","24","0","4","5","10","4","14","19","0","0","1","2","4","9","8","0","1","2","2","6","7","10","276","73","42","12","6","1","2","4","46","148","48","27","5","1","0","4","3","36","71","17","15","8","3","2","1","1","13","38","6","4","3","0","0","0","0","1"
"s25","voters","0029848","1220","591","350","58","1","5","13","0","6","0","196","593","627","41","17","9","1","49","19","9","2","2","0","3","0","12","2","2","0","15","11","7","0","10","1","2","2","1","2","0","1","1","0","0","0","0","14","15","48","31","41","100","2","23","26","50","48","57","136","1","11","7","16","24","43","83","1","2","5","13","27","32","85","1","10","7","14","25","22","36","0","4","7","10","10","23","27","0","3","5","6","5","11","14","0","5","1","7","7","8","11","318","93","67","19","9","7","4","1","73","183","52","33","9","8","2","4","2","57","85","35","30","12","6","0","5","1","22","42","21","13","4","0","1","0","1","1"
"s25","voters","0031082","1021","351","411","64","1","6","15","0","8","0","165","472","549","56","21","13","14","14","13","5","2","0","0","1","0","0","3","0","0","8","3","2","2","7","2","2","1","2","1","0","0","4","5","2","1","0","9","21","18","12","19","47","2","25","43","36","23","36","60","0","18","22","33","25","52","66","0","8","16","29","35","33","74","1","9","16","17","10","17","15","0","9","17","17","13","14","10","0","8","8","9","5","7","8","0","4","13","5","7","10","10","218","53","36","11","4","3","2","3","21","224","52","59","18","10","1","4","3","40","91","17","26","11","4","4","2","1","9","67","10","13","0","0","0","1","2","1"
"s25","voters","0031193","1049","327","501","52","3","5","17","0","4","0","140","488","561","36","16","7","11","17","13","7","1","0","0","0","0","1","0","0","0","4","2","0","1","1","3","1","0","1","0","0","0","0","1","0","2","0","7","9","14","13","19","54","1","14","21","22","30","31","92","2","13","15","35","37","56","99","0","9","18","25","36","53","103","0","8","4","14","16","17","16","1","4","7","10","8","12","23","0","3","5","9","5","9","9","0","5","4","7","4","7","14","174","49","42","10","9","3","1","1","38","242","66","60","18","16","4","14","2","79","68","29","18","7","5","0","1","0","12","48","17","9","3","1","0","2","0","1"
"s25","voters","0031245","948","297","457","44","1","6","3","0","3","1","136","462","486","36","21","10","5","9","23","9","1","1","0","1","0","2","1","0","0","1","0","0","1","0","0","0","1","0","1","0","0","5","2","7","1","0","6","13","15","24","22","52","1","9","13","18","28","22","74","1","17","20","24","39","47","76","5","13","19","28","40","49","79","0","7","6","14","20","12","22","1","9","9","9","11","5","11","1","3","5","3","4","3","6","1","4","2","8","4","7","7","159","47","33","6","10","4","2","1","35","215","69","69","18","11","3","2","3","67","62","28","17","9","2","1","3","1","13","35","11","6","0","2","0","0","0","4"
"s25","voters","0031283","1044","363","462","59","1","8","19","0","5","2","125","464","580","29","34","10","10","11","15","3","3","0","0","0","0","3","1","1","1","4","4","0","0","1","0","0","0","0","0","0","0","2","10","3","0","0","4","17","24","10","9","64","1","12","24","28","22","36","112","1","7","20","24","28","55","87","0","6","11","31","25","64","103","0","2","7","11","10","15","24","1","2","7","7","13","7","19","1","0","3","6","9","11","15","0","7","8","4","8","6","16","194","66","48","9","10","2","3","0","31","235","92","55","14","10","3","6","3","44","50","23","14","11","6","0","2","2","17","45","21","14","3","4","0","0","0","7"
"s25","voters","0031359","1196","398","517","70","3","6","19","0","4","0","179","530","666","43","35","17","9","14","20","6","6","0","0","0","0","1","2","1","1","6","1","0","0","2","1","0","1","0","0","0","0","10","4","3","1","1","8","13","16","17","23","66","2","10","27","27","31","42","115","3","17","20","27","36","47","100","1","7","22","22","37","46","132","1","9","13","19","18","16","19","4","11","8","10","12","18","21","0","6","3","5","8","9","10","0","4","10","11","13","6","17","215","62","57","8","10","1","7","2","36","270","74","64","15","22","2","6","9","55","87","20","24","12","7","1","4","5","19","63","22","6","2","3","0","1","3","2"
"s25","voters","0031432","1108","416","430","73","3","5","10","0","12","0","159","508","600","51","30","13","20","19","13","4","3","0","0","0","0","0","0","0","0","3","0","0","0","6","2","0","1","0","2","3","0","2","0","0","0","0","7","20","30","23","26","62","2","11","31","35","26","44","99","2","8","18","30","36","52","82","2","11","14","33","24","43","75","0","4","17","12","8","10","23","3","9","12","18","12","14","17","0","3","3","8","4","10","10","2","7","6","8","7","20","15","220","50","53","15","20","0","6","3","49","229","65","56","16","14","3","7","4","36","83","27","20","9","6","2","1","1","10","74","14","12","0","1","0","0","0","2"
"s25","voters","0031484","846","312","348","43","5","4","18","0","3","0","113","376","470","59","17","15","6","6","9","4","3","0","0","0","0","1","0","0","0","0","7","1","0","0","0","1","0","0","0","0","0","2","0","1","1","1","14","9","23","8","22","50","0","15","26","23","14","28","79","1","8","18","15","24","27","66","1","11","16","21","20","38","82","0","1","7","14","12","8","17","1","7","7","15","8","7","9","2","1","4","6","7","4","7","1","5","7","8","6","5","10","187","39","38","9","9","1","1","4","24","181","53","50","6","6","1","5","4","42","64","17","16","2","4","1","0","0","9","41","16","5","2","1","0","1","3","4"
"s25","voters","0031546","603","285","177","22","6","6","8","0","10","0","89","281","322","60","21","18","10","5","3","3","5","1","0","0","0","0","0","1","0","2","1","0","2","2","1","1","1","1","0","0","0","4","3","2","0","1","17","28","21","10","16","25","2","23","42","15","23","26","36","0","8","13","14","13","19","27","0","3","10","13","14","17","26","1","11","11","7","4","5","3","1","8","14","7","5","3","9","0","2","8","3","2","7","5","0","2","3","7","4","5","4","196","35","31","11","3","2","2","2","3","112","25","19","5","4","0","2","4","6","60","12","9","2","2","1","0","0","3","33","11","3","1","4","0","0","0","0"
"s25","voters","0031631","810","289","330","43","2","3","6","0","6","0","131","363","447","45","12","13","7","10","15","4","2","1","0","0","0","2","2","1","0","5","2","2","0","0","4","0","0","0","0","0","0","6","1","2","3","1","4","11","22","14","17","36","2","11","22","30","25","27","67","1","9","14","26","22","37","51","2","3","24","24","28","32","57","1","9","11","11","19","7","14","0","9","9","12","7","11","11","0","1","7","6","4","2","6","0","4","5","6","6","4","9","159","50","32","12","4","4","0","5","23","175","55","41","8","7","1","3","7","33","66","24","17","5","5","4","2","1","7","35","10","8","2","1","1","1","0","2"
"s25","voters","0031662","1074","339","491","59","3","12","11","0","1","0","158","482","592","39","40","11","3","16","19","4","4","0","0","0","0","2","1","2","0","1","2","0","0","1","2","0","0","1","0","1","0","5","5","2","0","1","5","16","16","20","17","45","1","14","17","31","28","46","82","0","12","15","39","38","57","76","2","20","17","33","43","57","82","0","7","9","14","18","13","25","1","7","10","17","8","7","22","1","2","2","5","5","13","11","0","5","4","7","10","5","16","192","53","43","16","5","0","1","3","26","252","82","60","18","13","1","3","8","54","73","22","28","6","5","1","1","2","20","51","15","9","2","2","1","1","1","4"
"s25","voters","0031765","769","330","243","41","5","4","10","0","4","0","132","363","406","51","19","11","9","8","2","7","4","2","0","0","0","2","3","1","0","1","2","2","0","0","0","0","0","1","0","3","0","5","7","2","0","1","7","25","28","14","18","34","1","25","42","42","22","27","44","1","6","18","25","19","28","38","0","10","10","26","18","15","29","2","8","14","18","13","5","13","0","7","12","7","11","7","15","1","0","5","5","6","2","9","1","4","8","3","5","7","8","222","45","22","14","5","1","0","2","19","168","36","14","6","8","0","1","2","8","84","25","8","4","2","0","1","0","8","47","8","4","5","0","0","0","0","0"
"s25","voters","0031839","769","235","352","40","4","4","10","0","4","0","120","363","406","32","17","8","1","12","16","7","4","0","1","3","0","1","2","0","0","5","0","0","0","0","0","0","0","0","0","1","0","2","5","0","0","0","3","18","8","12","14","36","1","4","15","26","21","30","47","1","7","16","28","35","41","57","0","5","13","22","28","33","66","1","6","6","14","8","8","19","2","2","10","9","9","14","12","0","1","6","4","5","4","5","0","4","4","6","6","8","9","124","41","25","8","3","3","2","2","27","179","55","46","8","12","3","4","3","42","57","17","15","10","7","1","2","1","10","31","16","9","2","2","0","0","0","2"
"s25","voters","0031900","917","355","334","65","4","10","9","0","3","0","137","405","512","37","27","13","7","6","18","10","1","1","0","0","0","4","1","1","0","0","4","4","0","2","0","0","0","0","0","0","1","2","3","2","0","4","14","14","29","24","17","36","0","14","28","37","31","38","69","0","8","9","21","30","37","52","2","4","12","20","34","35","70","1","7","2","14","14","13","17","0","10","9","10","18","6","16","1","2","6","7","8","8","10","1","5","1","12","13","5","12","195","58","39","17","14","0","4","1","27","183","45","35","18","9","2","5","4","33","61","30","19","10","4","0","2","2","9","54","19","11","3","2","1","1","0","0"
"s25","voters","0031958","1100","346","495","49","2","6","17","0","5","0","180","517","583","36","22","12","2","11","17","5","4","0","0","0","0","1","4","0","0","2","1","0","0","6","0","0","0","2","0","0","0","0","4","3","1","0","2","18","21","22","13","54","1","12","21","30","23","40","89","3","13","22","31","32","66","84","2","14","23","27","43","56","79","1","4","10","28","20","17","12","0","7","11","29","16","10","15","0","4","5","8","10","10","7","1","0","5","7","4","7","11","177","53","48","9","16","1","0","1","41","277","64","62","18","13","5","8","4","44","81","26","28","12","8","1","7","2","15","50","7","15","2","1","0","0","0","4"
"s25","voters","0032101","871","225","454","55","1","4","9","0","4","0","119","405","466","13","25","8","1","12","19","3","3","0","0","0","0","3","0","0","0","1","0","1","0","4","1","2","1","0","1","1","0","2","0","1","0","0","5","8","17","11","9","37","0","8","16","18","16","22","58","1","12","13","28","25","48","98","3","12","18","27","36","37","96","1","4","4","10","10","10","18","0","7","3","8","12","13","19","0","6","1","6","4","8","11","0","4","2","3","7","6","15","119","35","29","8","2","0","0","0","32","232","66","61","24","12","3","4","7","45","60","14","17","9","2","6","2","1","8","46","14","8","2","0","1","0","0","2"
"s25","voters","0032206","1159","308","623","57","3","11","14","0","2","0","141","543","616","23","31","5","5","12","28","7","3","0","0","0","0","0","0","0","0","5","3","1","0","0","1","1","0","1","1","0","0","2","3","1","0","0","3","12","9","14","8","75","0","10","13","30","17","31","86","0","16","28","35","41","59","130","2","14","23","36","46","70","123","0","6","7","19","13","10","21","0","6","6","6","16","12","19","0","3","6","2","7","11","8","0","5","5","4","9","10","17","154","56","39","10","3","4","1","1","40","321","86","80","24","16","6","10","1","79","77","17","23","3","3","2","1","1","14","48","16","14","5","2","0","1","0","1"
"s25","voters","0032470","891","267","447","48","1","7","9","0","1","0","111","408","483","15","22","8","4","14","9","5","3","0","1","0","0","0","0","0","0","0","0","0","0","0","2","1","1","3","0","0","0","3","0","0","0","1","5","9","14","10","12","49","0","11","14","20","10","32","80","2","7","14","34","23","38","93","2","6","13","43","22","37","113","1","5","6","8","10","9","24","0","4","4","5","13","5","17","1","3","4","3","4","7","12","0","1","4","4","6","9","8","153","46","30","7","4","1","0","0","26","244","66","56","13","9","3","7","4","45","57","16","12","7","2","1","2","0","14","42","11","5","2","1","0","1","2","2"
"s25","voters","0032554","1031","283","523","62","2","5","18","0","5","1","132","479","552","19","32","10","12","5","11","1","0","0","0","0","0","1","3","0","0","0","2","1","2","2","1","0","0","0","0","0","0","1","8","0","0","0","4","10","13","17","5","57","0","9","15","17","17","32","87","0","13","22","37","38","51","99","0","11","19","25","44","56","108","0","4","6","15","17","19","11","1","7","5","16","7","12","12","0","3","6","5","6","7","14","0","6","10","10","3","10","13","151","54","35","10","4","0","4","0","25","284","74","60","15","19","2","5","3","61","70","17","11","7","8","4","3","1","11","61","16","9","0","2","1","0","1","3"
"s25","voters","0032722","1042","331","489","53","3","6","14","0","2","0","144","493","549","46","20","19","4","10","20","3","3","0","0","1","0","0","0","0","1","5","1","0","0","5","1","2","1","6","2","0","1","5","7","3","1","1","5","14","22","23","14","59","1","12","15","20","32","30","83","0","10","12","23","39","55","97","1","15","13","36","31","52","105","1","6","6","8","13","19","20","1","3","13","11","13","12","18","0","6","7","6","8","7","12","0","3","2","4","5","8","10","177","48","38","15","8","5","1","2","37","253","60","64","15","20","5","3","5","64","69","23","23","9","1","1","3","4","11","47","14","10","2","2","1","1","1","0"
"s25","voters","0032851","818","263","374","41","3","4","5","0","1","0","127","412","406","38","31","8","3","4","7","2","0","0","0","0","0","1","0","0","0","0","0","0","0","5","7","3","1","0","1","0","0","3","3","1","0","2","14","21","19","13","15","37","3","10","17","26","19","21","46","2","12","21","23","29","41","69","0","8","17","30","25","50","47","0","8","14","13","15","4","15","1","5","7","12","10","4","19","0","2","3","6","3","6","5","0","2","0","8","5","2","12","153","43","24","10","8","1","0","1","23","217","45","42","13","11","1","5","4","36","73","15","19","5","0","2","1","4","8","42","6","3","1","1","1","0","0","0"
"s25","voters","0032987","880","312","349","52","2","10","9","0","4","0","142","409","471","48","19","10","3","6","17","7","5","0","0","0","0","0","0","0","0","1","4","1","0","4","0","0","0","0","1","1","0","0","3","4","0","1","13","13","14","20","23","47","1","15","18","26","15","45","61","0","8","11","17","30","47","61","1","9","10","18","20","45","72","1","6","10","12","8","13","17","1","8","13","13","14","9","17","0","1","3","2","7","8","16","0","5","5","2","6","11","11","177","54","34","6","8","1","5","2","25","192","54","50","8","10","4","2","2","27","68","25","21","9","6","1","0","2","10","44","15","14","1","2","0","0","0","1"
"s25","voters","0033108","1087","347","483","61","1","4","15","0","2","0","174","537","550","22","25","7","5","18","29","9","7","0","0","0","0","5","0","0","0","11","7","11","0","6","3","5","0","6","2","1","1","5","6","1","0","2","9","17","18","28","25","48","2","9","12","31","28","40","78","2","12","12","17","27","68","110","1","6","9","15","34","62","108","1","8","9","12","17","20","29","1","7","8","11","11","14","26","0","7","3","7","8","6","15","1","2","3","1","9","10","11","192","59","40","13","6","4","4","2","27","245","58","66","17","10","7","10","5","65","100","21","22","6","5","4","2","2","12","55","19","4","2","0","1","0","0","2"
"s25","voters","0033126","1024","356","464","53","0","3","9","0","4","0","135","475","549","23","26","9","7","12","16","7","1","1","1","0","0","2","2","3","0","5","2","4","1","2","3","1","0","2","0","0","0","2","0","0","1","0","9","9","11","22","21","59","2","7","12","33","20","41","110","3","14","12","28","26","52","98","2","7","10","28","28","42","114","2","2","13","13","13","10","23","1","4","5","12","10","10","17","1","4","0","3","9","6","12","1","0","2","2","5","14","10","205","56","43","5","4","2","5","2","34","254","65","48","22","15","3","10","0","47","68","20","14","15","3","1","2","1","11","51","7","8","1","1","0","0","0","1"
"s25","voters","0033227","1334","462","588","84","4","11","9","0","3","0","173","527","807","42","24","10","10","14","20","7","1","3","0","0","0","2","1","0","0","2","2","1","1","0","0","1","0","0","3","0","0","2","5","3","3","0","2","9","8","14","20","93","0","12","11","14","15","40","224","0","12","9","10","14","43","157","0","7","6","16","24","64","226","0","4","8","12","10","19","37","0","5","4","6","8","17","43","0","3","4","2","2","10","25","0","2","2","3","4","11","43","274","70","45","20","8","3","6","3","33","337","84","53","24","21","2","9","4","54","78","25","21","9","7","4","2","5","22","66","25","13","2","1","1","2","0","1"
"s25","voters","0033431","958","349","381","41","0","3","15","0","3","0","166","441","517","20","21","13","5","10","20","8","6","1","0","0","0","1","2","1","2","5","5","3","0","1","1","3","0","0","0","1","2","2","0","3","1","0","9","17","18","18","21","44","0","14","29","35","31","40","73","2","7","12","14","28","44","82","1","13","8","20","26","47","77","2","7","14","18","17","13","16","0","8","8","17","13","11","22","0","2","3","8","9","7","9","0","3","4","4","2","6","5","204","51","43","11","5","4","0","1","30","205","49","33","13","10","4","6","4","57","95","24","13","9","9","1","4","0","11","40","11","7","0","2","0","0","1","1"
"s25","voters","0033529","816","281","343","39","1","9","14","0","1","0","128","377","439","23","31","16","7","9","15","3","1","2","0","0","0","0","1","1","0","1","2","4","0","3","1","3","1","0","0","1","0","2","2","2","0","0","5","7","23","9","16","49","1","16","15","22","27","26","65","1","6","9","15","22","38","80","0","8","15","16","21","33","79","2","5","9","8","10","11","18","0","7","9","11","9","8","21","0","1","3","7","12","3","8","0","1","2","7","7","4","9","165","38","30","10","5","0","2","3","28","190","45","36","13","8","1","1","1","48","74","15","19","5","2","2","2","1","8","40","11","8","2","0","0","0","1","2"
"s25","voters","0033713","945","354","343","54","3","9","20","0","9","0","153","417","528","34","14","9","4","7","11","5","4","0","0","1","0","1","0","0","0","2","0","0","0","2","3","1","0","4","0","0","0","0","3","1","0","0","6","24","19","20","26","44","2","11","24","19","29","58","72","0","3","13","21","24","53","51","2","2","12","21","25","51","65","1","5","12","9","8","18","21","2","5","7","16","12","14","23","0","2","4","9","6","5","13","0","4","11","10","9","10","12","215","53","44","15","5","2","4","1","15","211","48","39","5","9","1","2","2","26","86","20","17","11","2","2","3","1","11","64","18","8","2","1","1","0","0","1"
"s25","voters","0033774","1102","378","455","53","2","3","19","0","4","0","188","554","548","42","19","11","10","11","14","6","2","0","0","0","0","0","1","0","0","8","7","2","1","4","2","5","2","0","0","2","0","3","0","3","1","3","11","22","31","29","28","43","1","14","23","41","35","35","62","3","13","10","25","28","55","105","1","4","15","18","25","61","92","1","15","13","20","18","16","23","2","7","6","18","14","13","22","0","6","5","5","10","11","5","0","4","0","8","7","13","7","198","64","46","11","12","2","4","2","39","234","60","53","12","10","6","9","6","65","84","32","22","18","3","5","4","0","20","48","12","12","3","0","1","0","0","5"
"s25","voters","0033818","1102","439","370","49","1","5","18","0","3","0","217","497","605","45","29","15","11","20","9","8","1","1","0","0","0","8","2","1","0","10","2","10","0","30","3","25","0","0","6","2","0","4","4","4","0","3","19","23","25","34","39","30","5","29","27","45","66","46","48","2","15","18","22","37","50","34","0","10","16","27","50","49","40","1","11","8","24","39","19","16","3","14","9","14","32","14","13","0","5","3","2","10","3","5","1","6","6","6","10","12","7","267","68","43","11","13","5","5","2","25","217","47","33","15","16","2","8","2","30","124","34","22","13","9","2","5","2","6","45","13","11","1","1","0","1","1","3"
"s25","voters","0033859","1271","447","533","81","0","7","12","0","7","0","184","617","654","51","22","13","6","25","23","9","5","0","0","0","0","1","3","1","0","5","5","7","1","7","3","0","0","1","7","0","0","8","5","1","0","0","12","21","24","25","38","57","0","18","25","35","42","57","93","4","17","22","21","51","77","94","2","13","12","28","48","66","78","1","16","12","14","24","16","22","1","13","6","10","7","22","20","0","2","5","8","8","18","8","0","9","3","7","9","16","14","240","76","47","15","10","4","3","2","50","276","69","65","13","13","5","4","4","84","95","37","21","5","5","1","3","3","14","65","19","10","3","2","2","1","2","3"
"s25","voters","0034009","778","315","278","46","3","6","12","0","2","0","116","346","432","30","9","11","4","12","4","1","2","0","0","0","0","3","0","0","0","2","0","0","0","2","1","2","1","1","3","0","0","5","3","2","2","1","7","9","18","14","24","50","2","7","24","26","35","33","65","0","7","11","23","14","32","49","0","6","15","23","11","33","54","0","5","9","9","10","9","15","0","7","9","15","6","4","18","0","3","4","4","8","4","7","1","1","4","6","5","8","14","178","54","30","14","10","1","0","0","28","128","48","38","12","11","3","4","2","32","63","14","10","5","9","0","0","1","14","42","16","8","3","0","0","0","0","0"
"s25","voters","0034064","895","360","314","43","3","6","11","0","5","0","153","409","486","31","23","13","7","18","15","7","3","1","0","2","0","2","1","0","0","3","0","0","0","0","0","1","0","1","1","1","1","3","3","3","2","1","5","10","21","17","27","66","0","10","20","25","27","36","95","0","4","14","19","20","38","49","0","6","15","16","17","40","76","1","5","15","14","7","15","24","3","11","6","15","9","12","16","0","3","2","7","1","9","15","0","2","2","9","5","4","9","208","56","39","12","8","2","1","1","33","148","52","39","16","6","4","3","2","44","88","17","15","9","6","2","1","3","12","43","10","8","1","1","2","1","0","2"
"s25","voters","0034180","776","393","217","43","1","4","9","0","1","0","108","317","459","54","24","10","9","12","3","2","3","1","1","0","0","1","0","0","0","2","0","2","0","0","1","1","0","0","2","0","0","8","2","0","0","3","12","27","21","18","22","33","1","17","46","37","26","47","83","0","8","15","13","16","23","32","0","2","11","12","22","15","48","0","5","8","8","6","8","11","1","3","11","16","5","9","17","1","1","7","6","5","4","4","0","1","9","7","2","4","7","256","57","34","11","7","2","4","4","18","132","27","27","4","7","0","1","0","19","53","14","25","6","3","0","3","1","3","44","7","3","0","0","2","1","0","1"
"s25","voters","0034287","500","258","128","18","3","2","9","0","3","0","79","189","311","23","3","10","5","18","3","2","3","2","0","0","0","0","2","0","0","2","1","0","1","2","1","0","0","0","0","0","0","3","4","1","0","0","2","16","16","9","14","19","0","10","35","22","23","22","70","0","4","7","4","6","13","21","0","2","5","8","12","18","28","2","4","9","7","7","4","12","0","2","7","5","2","8","10","0","0","3","3","2","3","2","0","2","2","2","5","7","4","174","40","18","7","5","3","2","0","9","77","23","13","1","5","0","0","1","8","59","9","4","6","1","0","0","0","0","21","10","2","0","0","2","0","0","0"
"s25","voters","0034322","885","346","334","44","1","3","6","0","3","0","148","410","475","39","15","14","6","11","20","7","2","8","3","1","0","5","1","1","0","7","6","9","1","5","2","1","0","2","1","2","0","7","6","2","0","2","6","11","34","20","20","43","1","11","20","42","39","27","70","0","11","9","19","26","35","70","1","9","8","18","24","30","74","1","7","9","9","10","25","19","1","5","8","6","23","11","14","0","0","2","5","6","6","5","0","2","4","4","5","8","10","218","59","28","14","8","1","3","0","15","203","51","28","11","5","0","1","0","35","82","31","16","8","1","1","1","0","8","40","12","4","0","0","0","0","1","0"
"s25","voters","0034376","889","395","297","55","1","2","8","0","7","0","124","377","512","36","16","12","5","17","7","3","3","1","0","0","0","2","1","0","0","3","3","0","0","2","0","2","0","0","0","0","0","2","3","1","0","1","4","26","21","17","23","56","1","17","31","37","31","37","93","0","6","10","8","19","33","55","0","4","8","9","20","42","83","1","3","6","17","14","10","12","0","4","7","16","10","6","18","0","4","5","4","3","8","11","0","4","7","3","2","8","14","219","73","52","9","11","0","1","1","29","138","49","34","9","8","2","5","0","52","54","24","12","12","2","3","4","1","12","46","14","7","0","1","0","3","1","1"
"s25","voters","0034572","1106","405","451","59","4","6","15","0","7","1","158","490","616","32","33","6","11","22","21","8","8","0","1","1","0","6","1","2","0","4","4","4","0","4","6","1","0","0","0","0","0","2","5","1","1","2","14","10","14","20","29","51","2","12","25","32","36","47","111","0","8","9","23","34","49","103","0","7","15","15","32","44","112","1","6","5","12","18","22","23","1","8","1","12","11","18","20","0","1","4","12","3","6","11","0","2","2","11","8","8","24","224","75","40","12","13","3","2","3","33","244","55","47","16","9","1","6","1","72","82","27","15","13","5","1","3","0","12","56","16","10","4","3","2","0","0","1"
"s25","voters","0034600","987","386","365","51","5","1","18","0","5","0","156","463","524","47","22","11","5","21","12","6","1","0","0","0","0","1","0","0","0","5","0","1","0","2","1","3","0","1","0","0","1","2","4","0","1","0","6","22","20","29","28","53","2","17","21","29","31","41","87","1","8","10","18","18","37","87","0","4","9","23","25","43","82","1","9","12","14","15","12","23","1","7","10","8","12","9","23","0","2","7","5","7","11","8","0","2","4","7","9","6","12","205","65","47","16","6","2","3","4","38","180","53","39","15","10","1","10","4","53","78","29","14","16","5","2","3","0","9","55","14","8","1","1","0","0","0","1"
"s25","voters","0034639","867","348","318","39","3","6","16","0","2","0","135","372","495","23","17","10","6","15","16","7","1","2","1","1","0","2","0","3","1","0","3","2","1","0","3","2","0","1","0","0","1","8","4","3","0","0","5","14","20","19","12","58","1","20","19","31","32","32","85","1","1","9","16","17","34","66","1","6","6","24","15","41","81","0","5","7","16","11","15","21","0","5","10","7","9","11","18","0","1","3","1","10","5","5","0","4","3","6","6","10","12","188","68","35","8","10","1","3","2","33","154","42","42","21","7","1","3","2","46","74","20","14","9","8","1","0","1","8","50","5","8","1","1","1","0","0","0"
"s25","voters","0034726","1110","437","417","50","7","7","19","0","5","1","167","499","611","55","37","15","8","24","10","7","3","0","0","0","0","3","0","0","1","2","1","2","0","3","2","0","1","1","0","0","0","3","0","3","0","1","12","24","42","19","27","52","2","13","28","51","43","43","80","1","9","13","17","33","38","84","0","7","14","25","32","46","98","3","5","9","18","13","19","21","1","6","13","14","13","13","19","1","4","5","6","11","5","7","0","3","4","9","7","11","16","253","80","48","9","7","3","4","3","30","231","64","42","8","6","4","4","0","58","84","26","17","13","7","2","2","5","11","57","16","10","2","1","0","0","0","3"
"s25","voters","0034871","1194","472","463","48","3","6","12","0","4","0","186","564","630","36","14","9","9","15","10","5","3","1","2","0","0","3","0","1","0","2","6","2","2","2","2","5","0","0","0","0","0","5","2","0","0","0","15","7","23","21","29","90","4","11","18","32","39","51","132","0","9","12","24","24","39","124","1","10","5","25","26","49","115","2","5","6","16","16","21","38","2","3","6","11","12","11","37","0","3","3","5","9","6","17","0","0","1","2","5","9","13","243","85","64","17","8","2","3","4","46","238","71","51","12","13","2","6","6","64","88","28","27","8","8","3","6","2","16","48","12","4","2","2","1","0","0","4"
"s25","voters","0035127","1026","355","467","36","3","11","11","0","1","0","142","490","536","31","21","10","1","13","22","4","2","3","0","0","0","0","0","0","0","5","1","6","0","5","3","8","0","2","2","0","0","0","4","1","2","4","12","14","12","18","24","65","2","12","20","29","24","33","86","1","10","18","33","43","47","92","1","9","11","23","30","58","91","0","4","9","13","7","11","22","1","3","8","11","10","22","21","1","0","4","4","4","8","10","0","3","5","4","2","5","12","183","74","38","12","7","3","0","2","36","263","56","62","14","15","2","2","3","50","77","23","11","12","3","1","5","1","9","34","14","9","1","1","2","1","0","0"
"s25","voters","0035181","885","273","394","48","3","11","9","0","7","0","140","415","470","22","20","15","3","13","17","6","3","2","0","0","0","1","5","0","0","3","1","0","0","0","0","6","0","0","2","1","0","2","0","0","0","0","4","13","22","9","27","32","1","10","22","24","18","39","52","1","8","18","29","33","43","64","1","4","12","31","42","44","64","1","6","9","11","15","11","16","3","1","8","14","13","17","15","0","2","3","10","10","7","11","0","6","2","5","11","5","6","142","39","47","7","6","4","3","2","23","205","59","46","22","8","0","2","3","49","66","25","20","6","8","0","3","1","11","40","17","12","1","4","3","0","0","1"
"s25","voters","0035260","989","344","410","56","3","5","10","0","10","0","151","469","520","39","28","10","6","14","12","7","1","0","0","3","0","3","1","0","1","1","1","1","0","0","0","0","0","0","0","0","0","6","2","1","1","1","8","22","27","15","28","37","0","12","22","32","35","40","65","2","6","18","35","35","51","60","0","13","21","25","25","42","77","0","3","6","22","12","16","23","1","4","7","18","10","13","16","0","5","7","9","6","4","11","0","4","7","8","7","8","8","189","57","41","10","9","4","0","1","33","216","64","48","7","15","2","6","4","48","59","38","20","7","4","3","1","2","17","54","16","8","3","0","0","0","1","2"
"s25","voters","0035272","1060","391","421","64","1","7","17","0","4","0","155","522","538","25","9","9","3","16","15","9","4","3","0","1","0","2","2","0","0","1","1","3","1","2","0","0","0","0","0","0","1","2","7","0","2","0","15","16","21","27","25","58","0","4","17","28","29","50","101","1","9","13","12","41","60","75","1","7","14","22","29","60","77","0","6","9","25","17","17","24","2","2","6","10","11","15","11","0","6","3","6","5","9","22","0","5","2","5","9","7","14","214","63","42","15","8","3","6","2","38","224","45","52","15","14","3","4","4","60","71","23","17","15","8","2","1","2","16","58","24","2","1","4","2","0","0","2"
"s25","voters","0035402","1003","339","404","62","6","5","16","0","6","1","164","460","543","30","34","7","8","13","10","7","4","5","0","2","0","1","2","1","1","2","1","3","1","0","1","1","0","0","0","0","0","0","3","2","1","2","8","16","17","20","25","42","2","17","28","32","30","32","68","1","12","16","34","33","44","63","0","10","16","27","36","43","69","0","10","8","13","12","14","21","0","10","13","17","18","8","20","1","4","6","7","7","12","12","0","6","7","8","8","9","9","189","51","37","7","11","0","5","4","35","221","54","41","10","14","5","5","6","48","93","24","16","5","6","2","1","3","14","57","18","12","1","1","1","1","2","3"
"s25","voters","0035437","936","321","417","44","1","3","11","0","6","1","132","430","506","55","29","15","8","10","16","4","2","0","2","0","0","1","0","2","1","0","1","1","0","2","0","1","1","1","5","2","0","3","2","1","0","1","11","24","16","16","20","34","5","16","23","32","26","35","62","0","11","27","20","40","39","62","2","7","19","29","34","42","85","2","6","14","16","11","15","10","2","5","12","6","15","8","10","0","5","2","8","5","6","9","0","6","2","8","5","4","6","196","42","35","6","11","0","1","0","30","228","56","55","11","14","0","6","4","43","72","20","17","6","5","1","1","1","9","31","20","8","2","1","1","2","0","1"
"s25","voters","0035500","1023","448","359","43","1","4","10","0","5","1","152","476","547","28","12","5","3","17","16","3","2","0","0","1","0","4","0","1","0","10","2","2","0","3","2","1","0","0","0","1","0","5","0","0","0","0","16","7","25","27","28","72","2","15","21","36","34","44","121","1","12","8","12","21","41","91","0","8","7","12","25","44","77","0","6","10","9","14","11","34","0","6","6","9","10","10","27","0","6","4","3","4","6","8","0","4","2","6","4","5","12","241","73","49","17","14","4","2","1","47","198","54","30","15","4","2","1","3","52","82","21","20","8","3","0","3","2","13","37","11","8","3","0","0","1","0","4"
"s25","voters","0035723","1148","429","475","47","4","8","14","0","4","0","167","556","592","37","24","12","8","31","22","4","5","0","1","0","1","4","1","4","1","6","1","0","0","6","1","3","0","1","1","0","0","6","1","2","1","2","9","16","30","29","27","70","2","12","20","35","31","49","97","0","10","11","26","21","57","116","3","6","8","27","22","65","103","1","8","9","13","11","22","31","2","5","1","13","11","12","28","0","2","4","4","5","10","12","0","4","6","6","5","9","10","230","71","59","15","7","1","4","0","42","240","62","64","15","9","3","4","3","75","82","22","28","6","5","3","1","4","16","43","17","6","8","1","0","0","0","2"
"s25","voters","0035805","964","374","383","40","1","6","16","0","2","0","142","443","521","25","14","5","4","19","18","8","2","1","0","1","0","5","2","2","1","5","1","3","1","4","2","0","1","1","4","3","0","1","0","1","0","1","8","9","12","19","29","69","1","14","18","23","26","39","106","2","4","11","19","16","49","85","0","4","15","15","27","57","79","1","4","11","17","13","9","22","1","8","5","14","11","11","15","0","3","2","4","7","8","9","1","3","4","7","2","6","9","203","62","38","21","14","1","3","2","30","188","49","42","17","7","0","7","2","71","66","23","16","19","1","3","1","2","11","43","14","3","1","0","0","1","1","2"
"s25","voters","0036077","882","387","290","45","0","10","11","0","8","0","131","357","525","38","30","9","7","13","11","7","3","0","0","0","0","1","0","0","0","7","5","4","2","23","8","2","1","2","0","2","1","4","3","1","2","2","9","21","24","18","28","43","1","16","33","26","35","41","90","1","6","12","21","23","22","39","0","5","12","24","20","30","75","0","5","7","11","7","11","18","0","3","7","13","7","14","28","0","3","1","4","5","9","7","1","2","5","7","6","8","16","221","70","44","18","10","1","3","0","20","173","45","31","9","5","1","3","3","20","69","15","20","9","4","1","1","1","11","35","19","8","4","2","2","0","0","4"
"s25","voters","0036125","1041","416","343","43","1","5","14","0","7","0","212","485","556","51","27","26","7","10","4","5","2","1","1","1","0","7","2","2","0","10","6","4","1","11","1","7","2","3","1","2","1","2","7","1","0","0","16","22","23","30","29","37","2","24","32","45","47","52","57","0","5","11","26","37","43","53","2","13","11","22","33","40","47","4","7","16","24","21","22","19","1","7","12","20","27","17","15","0","4","4","5","8","11","8","0","5","5","4","5","5","6","238","71","43","10","6","3","3","3","39","184","50","37","17","14","2","3","2","34","116","32","25","12","7","1","5","0","14","38","17","6","0","2","2","2","1","2"
"s25","voters","0036201","878","333","330","42","2","7","12","0","4","0","148","398","480","46","29","16","8","11","12","6","0","1","0","0","0","0","1","0","0","6","3","3","1","5","6","2","0","2","3","0","0","2","6","0","0","1","4","14","26","17","20","40","2","8","28","46","24","31","72","0","8","20","16","26","45","56","1","5","16","16","21","38","62","2","10","9","12","13","20","10","2","5","10","10","16","13","16","0","2","4","7","8","3","5","1","1","5","3","7","11","10","196","55","27","14","7","1","3","4","26","168","52","33","10","10","5","0","8","44","82","19","18","10","4","1","2","3","9","41","11","11","1","1","0","0","0","2"
"s25","voters","0036274","853","277","360","56","1","8","11","0","5","0","135","419","434","30","23","8","8","10","12","8","0","0","0","0","0","3","0","0","1","3","4","3","1","2","0","1","1","3","0","0","0","1","1","0","0","1","4","10","21","23","12","37","0","9","20","28","24","38","50","1","11","16","22","29","39","73","1","9","13","20","24","38","64","1","9","11","18","11","18","13","0","6","7","13","10","7","11","1","5","2","10","8","8","5","1","3","3","11","4","12","8","142","47","38","11","6","0","6","1","26","199","45","43","4","9","3","3","3","51","82","7","16","7","4","2","3","1","13","49","15","8","3","2","1","0","0","3"
"s25","voters","0036407","848","327","281","44","1","6","9","0","3","0","177","402","446","24","20","13","5","18","6","12","0","2","1","0","1","8","1","0","1","8","6","6","0","21","1","5","4","3","9","4","0","1","3","1","1","0","11","20","18","25","21","35","1","25","27","24","36","29","55","2","13","12","16","14","47","47","2","9","6","15","21","36","41","2","11","13","8","18","15","22","4","14","8","12","13","20","17","1","2","5","3","3","7","11","0","5","3","5","5","5","8","204","50","29","14","8","0","4","0","18","166","32","23","11","5","0","3","3","38","101","23","22","9","6","0","0","1","15","36","10","10","1","0","0","3","0","3"
"s25","voters","0036433","689","325","207","44","0","8","10","0","0","0","95","238","451","33","16","6","9","4","11","2","1","1","10","0","0","3","0","0","1","2","1","4","2","5","2","1","0","0","0","0","0","9","6","4","1","0","4","30","13","8","10","37","1","11","49","26","21","21","94","0","5","15","5","7","9","32","1","10","8","8","8","12","87","0","5","16","5","4","6","10","0","3","11","7","3","4","21","0","0","2","3","2","2","8","0","3","11","5","1","1","24","246","38","16","8","9","2","3","1","2","151","25","11","8","6","2","0","1","3","64","10","14","1","4","0","1","0","1","43","12","0","4","0","2","0","0","1"
"s25","voters","0036503","867","321","351","47","0","4","12","0","2","0","130","407","460","37","21","14","10","6","9","6","1","1","0","0","0","0","1","1","0","3","6","5","3","2","0","1","0","1","5","0","0","4","1","4","1","0","7","12","21","20","18","53","0","8","20","41","22","31","68","1","4","11","29","34","39","57","0","9","10","29","26","37","65","0","10","6","15","9","13","13","0","10","5","11","12","14","12","1","1","2","8","5","7","11","1","5","1","7","6","5","5","167","63","38","11","5","2","2","4","29","182","57","43","14","5","2","5","4","39","60","20","20","12","5","1","1","0","11","36","11","8","2","2","0","3","0","3"
"s25","voters","0036556","1262","524","401","71","1","5","16","0","1","0","243","585","677","59","24","10","10","21","13","2","3","5","7","1","0","5","2","0","0","21","16","13","1","23","4","13","1","3","7","5","3","8","7","7","0","2","24","14","27","47","37","45","7","45","22","47","62","78","67","1","14","8","12","50","67","64","1","10","7","11","50","52","54","2","15","9","17","45","29","12","1","15","5","15","41","21","16","0","10","2","2","7","9","14","1","7","3","4","10","15","10","307","96","55","12","8","1","6","1","38","191","65","52","15","4","3","4","5","62","127","38","35","18","5","2","3","1","14","56","23","8","1","1","1","1","0","3"
"s25","voters","0036602","1072","423","410","49","0","5","12","0","4","0","169","528","544","24","16","19","5","11","18","9","2","1","1","2","0","0","2","2","0","8","9","6","1","14","0","5","0","0","0","0","0","4","8","0","0","4","16","15","27","38","35","46","2","20","17","39","46","43","75","1","11","13","38","29","54","64","1","11","5","23","34","52","74","2","6","8","17","28","12","22","1","7","6","19","16","11","14","0","1","3","10","4","11","13","0","5","3","5","6","6","3","220","72","52","18","13","4","2","1","41","210","55","47","16","19","0","3","4","56","90","29","18","7","6","0","4","2","13","46","10","9","1","1","1","2","0","0"
"s25","voters","0036645","910","338","329","50","1","4","15","0","2","0","171","421","489","35","20","17","7","9","8","5","5","0","0","3","0","1","0","1","0","6","5","6","1","10","3","6","1","1","3","1","3","10","1","3","0","3","17","11","17","34","24","35","0","14","13","29","39","36","66","2","8","8","17","29","45","55","1","12","5","20","32","43","52","0","6","8","19","16","15","20","1","6","4","17","13","16","30","0","2","2","6","4","7","11","0","5","1","3","7","15","9","201","46","34","13","9","3","3","2","27","193","34","35","12","10","1","2","2","40","85","19","25","12","6","4","3","2","15","45","14","7","2","0","2","1","0","1"
"s25","voters","0036670","1208","413","447","61","2","4","8","0","2","0","271","586","622","38","22","14","4","17","14","4","3","0","2","1","0","2","3","4","1","19","10","17","3","36","18","28","2","8","7","2","0","4","9","0","1","3","16","16","18","32","38","46","0","30","30","27","57","48","52","2","21","11","12","58","65","64","1","28","9","13","45","66","52","2","16","6","17","32","39","32","3","16","6","15","37","30","20","0","5","2","2","7","12","12","2","2","1","3","9","11","9","217","72","57","13","8","7","3","5","31","240","68","41","16","12","4","5","3","58","148","45","30","18","2","4","3","2","19","41","20","8","2","1","0","1","1","3"
"s25","voters","0036712","979","381","356","34","1","4","7","0","2","0","194","482","497","25","28","4","6","12","16","4","1","5","0","2","0","0","0","1","0","13","19","18","0","32","5","30","1","1","9","4","0","4","1","3","1","1","10","13","24","43","34","33","4","33","10","31","57","44","44","1","22","10","24","56","55","27","0","11","11","18","47","46","28","3","16","8","11","22","27","14","1","8","1","20","28","23","12","1","4","1","4","10","3","5","0","4","0","1","6","3","6","219","54","50","10","8","3","8","1","28","202","54","44","7","3","3","2","2","39","111","33","15","8","11","0","0","1","15","26","8","8","2","1","0","1","1","1"
"s25","voters","0036754","903","300","367","30","3","2","9","0","2","0","190","444","459","22","26","13","5","16","9","7","1","2","3","2","0","3","6","1","0","7","14","13","2","14","0","18","1","0","4","0","1","3","0","2","1","1","20","9","20","24","27","17","1","28","11","24","41","42","35","2","26","9","12","45","62","41","1","14","10","13","43","50","39","3","16","4","10","31","23","17","1","9","5","9","27","20","15","0","3","1","2","1","13","5","1","1","0","3","8","5","3","176","47","42","4","6","0","1","0","24","201","51","46","10","8","3","5","3","40","104","25","26","9","8","2","3","0","13","32","8","4","0","0","0","1","0","1"
"s25","voters","0036962","1056","359","369","56","2","6","15","0","1","0","248","507","549","19","23","17","10","9","29","7","1","2","3","0","0","6","0","3","1","12","15","18","0","20","6","34","0","7","6","5","0","14","3","9","0","4","14","4","18","49","25","30","2","20","10","39","70","34","40","1","11","14","17","53","50","45","0","12","7","25","45","47","42","2","18","8","14","43","25","19","2","17","2","22","47","14","15","3","6","1","3","10","10","10","0","4","1","6","10","9","7","227","50","51","13","2","2","5","2","7","214","57","41","15","7","4","5","3","23","141","42","30","20","5","1","6","0","3","57","11","6","1","1","0","0","1","3"
"s25","voters","0037138","1187","529","389","61","2","7","12","0","6","0","181","567","620","53","18","10","6","20","16","10","5","2","0","1","0","2","0","1","0","3","2","1","0","2","2","4","1","4","3","1","0","6","0","2","0","1","14","22","27","30","38","90","0","23","30","35","42","57","120","0","6","16","17","31","52","84","2","3","12","16","21","43","86","1","4","14","21","11","16","32","0","3","11","15","12","16","25","0","5","1","8","5","10","11","0","7","3","5","6","8","19","310","86","47","20","13","1","3","1","48","203","60","47","11","9","3","5","3","48","98","27","18","14","4","1","4","1","14","56","22","5","2","0","0","0","1","2"
"s25","voters","0037258","1176","500","417","65","2","6","11","0","2","1","172","549","627","72","18","6","9","20","19","10","1","1","0","0","0","5","2","1","0","3","4","0","0","3","1","5","0","2","1","1","0","1","5","0","0","2","11","23","20","30","37","76","1","19","40","42","46","48","105","3","11","9","23","33","48","87","0","7","5","28","29","45","89","0","5","14","24","14","12","26","2","2","12","16","8","14","23","0","5","2","8","6","10","10","2","3","6","10","4","8","13","291","86","60","17","5","2","2","1","36","223","63","39","14","9","2","4","6","57","92","25","19","10","5","3","4","1","13","46","22","11","1","1","0","1","1","4"
"s25","voters","0037443","981","384","343","45","1","6","15","0","7","0","180","444","537","36","21","11","6","13","9","13","5","1","0","0","0","7","3","1","1","2","2","1","0","4","5","2","1","0","0","1","0","2","3","1","0","2","5","19","21","8","19","69","2","7","28","38","34","26","106","0","9","9","6","22","41","82","2","8","13","8","26","31","86","3","11","10","10","12","22","24","2","6","9","18","11","18","24","0","5","6","7","10","5","7","0","4","2","2","11","3","12","212","60","46","14","10","5","6","2","29","193","45","40","10","1","1","4","4","45","83","33","22","9","3","5","2","2","21","48","14","6","1","0","1","1","0","3"
"s25","voters","0037534","1268","567","427","58","1","4","9","0","5","0","197","582","686","43","18","7","2","26","21","9","4","2","0","1","0","4","0","3","0","7","3","3","1","12","1","1","0","0","0","2","0","1","2","3","2","1","12","12","21","26","33","112","3","10","25","41","46","52","173","0","8","13","17","13","50","111","1","4","8","18","23","49","112","1","8","9","12","16","20","47","1","6","10","10","6","17","34","0","6","1","3","9","5","16","0","2","4","7","1","11","12","313","87","53","23","14","7","5","1","64","220","51","53","8","6","1","5","10","73","101","41","19","8","6","3","2","3","14","45","15","8","4","0","0","0","1","4"
"s25","voters","0038476","924","367","322","39","1","8","13","0","7","1","166","428","496","22","15","8","3","5","19","8","2","2","0","1","1","2","2","4","0","2","3","1","0","2","0","2","1","1","0","0","0","5","0","0","1","3","7","10","21","21","25","52","1","19","24","30","35","37","82","0","5","12","12","24","31","78","0","2","7","13","20","36","82","1","5","11","19","16","17","30","0","6","6","12","9","12","22","0","1","5","2","6","5","9","0","3","5","5","5","10","13","207","51","42","12","12","1","2","1","39","178","34","37","12","7","1","5","1","47","77","23","22","12","12","1","5","0","14","50","6","5","4","1","0","0","0","3"
"s25","voters","0039027","968","409","299","34","1","3","12","0","4","0","206","435","533","44","29","16","3","16","8","6","3","1","1","1","0","4","2","3","0","6","6","10","1","8","0","3","0","5","1","8","0","12","6","2","0","0","15","18","30","33","26","41","2","18","34","42","31","41","78","1","12","12","9","29","45","36","2","6","10","23","22","34","58","3","8","10","14","20","21","27","1","14","11","13","31","21","12","0","2","5","1","7","7","3","0","3","2","5","4","4","11","234","64","54","12","10","9","6","1","19","172","40","33","9","8","1","2","5","29","125","34","20","9","2","2","3","0","11","31","14","7","1","0","0","1","0","0"
"s25","voters","0039118","1209","498","375","54","2","10","10","0","7","0","253","577","632","44","27","16","4","13","10","9","4","2","2","0","2","7","1","1","2","17","7","7","0","18","2","15","0","2","2","1","0","7","5","2","2","0","14","23","41","45","41","36","4","24","36","68","61","49","56","0","9","21","25","27","51","61","1","5","23","19","27","43","63","2","6","28","26","28","25","23","2","10","12","25","29","24","13","0","3","5","11","12","9","5","0","4","4","9","7","6","8","284","89","63","14","13","2","1","3","29","199","48","43","15","13","0","4","2","51","152","38","25","19","3","2","4","1","9","54","13","9","0","3","0","1","0","3"
"s25","voters","0039374","1259","454","468","72","5","9","11","0","4","0","236","566","693","50","40","14","3","7","19","9","2","2","1","1","0","7","4","1","2","8","0","6","3","25","10","17","4","2","3","4","0","7","4","7","4","1","13","20","36","34","37","42","3","19","29","34","48","50","88","2","11","15","24","41","43","85","0","4","20","31","50","44","98","3","11","12","14","30","28","17","1","14","10","8","36","24","28","1","1","4","7","9","17","8","0","6","4","9","9","12","14","262","68","49","16","11","3","2","4","39","256","58","52","15","17","3","6","3","58","118","39","24","13","5","0","9","3","25","72","12","9","3","0","0","1","2","2"
"s25","voters","0039423","1148","437","384","40","3","5","12","0","6","0","261","557","591","34","24","12","2","27","11","6","5","0","3","2","0","5","2","3","0","10","12","18","1","30","7","26","5","6","10","1","0","14","11","5","0","3","26","10","19","43","33","38","4","36","26","34","55","57","53","0","18","15","22","41","62","52","1","14","6","14","36","64","39","1","16","14","15","42","33","20","5","11","10","20","33","25","16","1","4","0","7","9","9","4","1","4","0","4","9","8","6","221","99","45","14","14","4","4","2","34","189","56","42","14","9","5","8","2","59","121","42","38","11","19","2","4","4","20","36","14","9","6","0","0","1","0","0"
"s25","voters","0039536","978","384","310","33","1","4","10","0","8","0","228","442","536","59","25","13","6","22","12","10","2","7","0","2","0","1","2","2","0","8","12","8","1","8","4","16","4","4","3","4","1","7","5","5","1","5","8","21","29","30","25","34","4","20","28","38","45","40","57","2","14","12","12","32","46","36","0","2","16","23","26","32","57","2","11","15","16","33","18","20","2","18","8","11","35","19","20","0","4","3","2","5","3","4","0","6","1","7","8","5","8","255","43","41","17","5","0","1","2","20","196","41","26","13","6","0","4","0","24","139","31","23","9","1","2","3","6","14","38","9","5","2","1","0","0","0","1"
"s25","voters","0039560","1014","346","392","47","4","9","16","0","1","1","198","497","517","32","15","14","5","13","13","8","0","4","3","0","1","1","1","1","1","4","10","10","0","17","2","14","1","3","2","2","0","2","2","2","0","1","17","15","10","26","24","48","1","26","17","24","40","44","53","3","15","8","19","33","76","56","1","10","7","21","35","60","48","2","14","8","11","27","22","22","1","14","8","12","24","20","13","0","4","4","3","10","9","10","1","6","1","2","6","15","7","202","58","37","11","3","1","2","0","32","211","60","41","13","7","3","5","1","51","104","30","22","19","4","2","1","0","16","55","15","3","2","2","0","1","0","0"
"s25","voters","0039779","780","314","287","37","4","1","6","0","4","0","127","335","445","39","21","11","4","20","7","2","3","0","0","2","0","2","0","2","0","5","3","4","0","11","2","7","0","2","2","0","0","5","5","0","0","1","7","18","16","18","22","34","1","17","17","22","25","41","75","1","4","17","16","23","37","47","1","6","17","16","19","31","52","0","4","8","11","9","13","10","1","1","13","8","15","11","23","0","1","4","2","4","4","4","0","0","4","7","3","9","10","193","49","40","6","5","0","2","1","18","196","34","20","8","8","0","1","3","17","79","13","9","8","5","3","4","0","6","39","7","0","3","0","1","0","0","2"
"s25","voters","0039933","846","336","267","36","3","5","9","0","5","0","185","383","463","34","26","19","12","8","5","1","2","1","0","0","0","2","0","0","0","9","10","1","1","31","11","19","1","14","3","8","3","7","2","3","2","1","11","15","19","31","28","29","0","21","19","38","38","30","56","0","11","17","12","30","30","33","1","13","8","16","28","27","41","1","6","9","14","25","28","11","1","14","10","11","20","18","17","0","5","1","4","3","6","3","0","5","4","4","6","12","5","243","42","20","9","4","1","1","0","16","172","35","21","4","5","0","1","3","26","98","32","20","14","4","6","2","4","5","36","9","9","2","2","0","0","0","0"
"s25","voters","0039967","837","330","270","38","0","4","5","0","0","0","190","374","463","34","20","19","3","10","8","3","2","1","3","3","0","3","1","1","0","11","15","13","2","27","7","28","1","2","7","1","2","8","5","3","0","2","8","12","24","31","25","22","1","25","20","36","46","30","48","0","6","15","16","32","33","36","0","9","9","19","37","31","27","3","8","9","11","36","14","10","0","11","4","18","36","21","9","0","2","1","3","4","7","4","0","2","3","4","9","3","5","176","64","40","17","14","3","3","4","9","157","39","36","7","5","2","4","4","16","108","25","27","8","12","3","1","0","6","27","13","2","2","0","1","0","2","0"
"s25","voters","0041028","625","401","83","29","5","4","7","0","6","0","90","295","330","65","6","14","7","4","0","1","0","1","0","0","0","0","0","1","0","9","5","9","1","6","2","2","1","4","1","0","1","5","1","2","1","0","9","33","26","17","27","58","1","23","38","25","16","43","85","0","0","10","9","8","9","14","0","0","1","3","4","10","15","1","3","12","6","8","4","17","0","3","7","9","5","6","9","0","1","3","6","4","6","4","0","1","3","6","6","3","8","306","36","25","8","7","6","1","0","12","69","3","6","1","3","0","0","0","1","72","5","6","2","3","2","0","0","0","45","3","2","1","0","0","0","0","0"
"s25","voters","0041216","822","595","48","18","5","5","11","0","8","0","132","394","428","106","8","18","7","17","1","7","4","2","0","0","0","3","0","1","0","9","2","0","0","8","0","1","0","3","0","1","1","13","1","1","2","0","13","86","61","31","37","53","2","25","111","58","22","31","65","0","0","5","4","5","7","10","0","0","2","3","4","3","5","0","3","17","18","9","8","10","1","3","21","10","12","6","14","0","2","1","7","3","0","4","0","6","9","5","4","1","5","401","72","64","16","14","2","4","1","21","25","12","3","1","3","0","0","0","4","80","21","10","10","2","1","1","0","7","35","4","5","3","0","0","0","0","0"
"s25","voters","0041240","1062","760","61","22","9","8","6","0","11","0","185","508","554","131","9","21","11","24","2","4","2","3","0","0","0","1","1","1","0","14","1","4","0","7","0","2","0","5","0","2","0","5","0","1","0","0","23","115","76","46","41","48","1","39","165","90","36","34","46","0","1","9","9","6","5","10","0","4","4","6","2","1","4","0","11","27","29","8","8","8","0","11","42","22","8","5","6","0","2","14","3","2","4","3","0","4","13","2","4","3","2","575","84","36","13","12","5","5","8","22","38","14","3","1","2","0","0","1","2","140","19","8","6","6","3","0","0","3","48","7","1","0","0","0","0","0","0"
"s25","voters","0041321","1008","685","83","26","9","1","10","0","12","0","182","505","503","121","9","27","6","27","2","11","2","4","0","0","0","2","1","2","0","14","2","9","1","17","2","8","0","7","0","1","0","8","0","6","0","0","24","79","57","37","47","73","0","35","94","60","36","54","89","1","2","6","10","9","8","17","0","1","5","2","4","7","11","1","5","28","25","12","7","26","1","8","19","22","6","5","17","0","3","4","9","5","4","6","0","4","5","5","2","5","6","495","93","50","14","11","4","2","3","13","58","8","7","4","2","0","0","0","4","132","18","9","8","6","0","4","1","4","47","3","6","1","0","0","1","0","0"
"s25","voters","0041366","845","561","83","25","9","7","6","0","6","0","148","431","414","87","11","19","6","20","3","3","1","3","1","1","0","4","0","2","0","10","2","1","1","10","0","2","0","6","0","1","0","13","1","6","0","0","17","92","41","28","36","52","0","30","97","50","29","42","47","0","2","9","8","11","10","11","0","1","4","6","2","5","14","0","7","20","20","15","15","11","0","4","15","13","10","10","8","0","0","13","4","2","5","2","0","2","8","5","5","7","0","428","67","35","9","4","3","1","0","14","57","11","6","2","1","0","3","0","3","108","18","13","1","3","0","1","0","4","44","5","1","3","0","0","0","0","0"
"s25","voters","0041431","812","555","70","25","6","9","5","0","14","0","128","411","401","76","8","22","9","27","2","11","1","3","0","0","0","3","0","1","0","17","2","6","1","5","1","2","1","5","0","0","1","7","1","1","1","0","22","86","56","29","32","39","1","32","82","45","27","44","60","0","0","5","8","10","9","9","0","1","3","2","8","5","10","0","3","17","18","13","13","9","1","6","20","13","6","0","9","0","1","6","11","5","4","6","1","1","6","6","1","1","10","395","61","40","17","12","2","11","1","16","44","10","3","2","0","1","0","2","8","96","17","7","3","2","1","0","0","2","40","9","5","2","0","0","0","0","3"
"s25","voters","0041523","886","621","58","23","8","4","9","0","6","0","157","448","438","103","10","26","10","25","1","9","0","3","0","0","0","2","0","0","0","13","0","6","1","10","1","2","0","8","0","2","0","9","0","1","1","0","21","109","64","23","27","50","0","30","147","59","28","26","37","0","3","4","10","6","17","6","0","0","4","0","3","3","2","0","5","24","26","17","5","7","0","5","32","17","4","6","9","0","0","5","8","3","3","5","0","4","11","7","0","2","2","484","67","31","11","6","4","4","1","13","42","3","6","2","1","0","0","0","4","109","19","11","9","3","1","2","0","3","42","3","1","3","0","0","1","0","0"
"s25","voters","0041588","822","599","45","20","6","3","11","0","9","0","129","374","448","92","9","27","8","28","1","5","0","5","0","0","0","7","0","0","1","10","1","1","0","5","0","1","0","12","1","0","1","7","0","2","0","0","15","92","63","35","21","30","1","36","149","69","38","22","28","0","2","6","4","8","1","7","0","2","4","4","1","4","2","0","3","28","13","8","10","7","0","4","30","15","3","6","2","0","0","8","5","4","3","1","0","3","13","3","7","0","2","440","69","39","15","8","2","4","1","21","25","6","6","3","3","0","0","0","2","94","13","9","5","3","0","0","3","2","36","8","5","0","0","0","0","0","0"
"s25","voters","0041607","1007","713","80","23","9","5","10","0","2","0","165","468","539","107","8","19","7","30","2","10","0","1","0","0","0","5","0","1","0","25","0","3","0","7","2","3","1","1","0","1","0","8","0","3","0","1","8","60","97","42","31","58","2","24","109","110","60","44","67","0","3","6","10","5","9","12","0","1","5","7","6","5","11","0","4","19","39","22","10","8","0","6","15","24","10","5","3","0","0","4","8","3","5","4","0","0","11","3","4","3","4","451","103","97","29","6","0","3","2","22","53","10","10","4","0","0","1","0","2","121","13","16","7","2","3","0","2","1","37","5","6","0","0","0","0","0","1"
"s25","voters","0041661","1108","828","60","30","5","3","6","0","18","0","158","536","572","101","4","15","5","26","2","5","3","1","0","0","0","4","1","0","0","6","2","4","0","7","0","1","0","5","0","3","0","7","1","1","0","1","18","94","83","51","49","72","1","23","161","83","48","46","98","0","4","4","6","6","5","14","1","0","4","1","1","4","10","0","6","19","18","27","6","18","1","9","17","12","13","8","4","0","2","10","6","7","7","3","0","3","12","6","2","2","2","564","93","60","26","21","5","4","3","52","31","8","5","4","4","0","2","0","6","97","24","18","5","4","0","1","1","8","46","9","1","3","1","0","0","0","2"
"s25","voters","0041711","1033","727","79","27","4","11","7","0","9","0","169","464","569","106","5","32","10","25","3","4","1","3","0","0","0","5","0","2","0","15","2","5","0","5","0","4","0","7","0","1","0","9","1","1","2","0","20","88","51","32","38","72","2","45","141","72","40","22","104","0","4","9","5","4","11","14","0","0","4","4","2","8","14","0","8","29","29","6","5","13","0","7","28","15","7","4","18","0","1","10","5","2","3","5","0","4","9","4","4","3","8","493","84","66","24","15","4","7","3","31","54","11","6","2","1","0","0","1","4","125","13","11","6","2","2","0","4","6","48","6","2","0","1","1","0","0","0"
"s25","voters","0041784","1022","716","73","28","8","4","10","0","12","0","171","485","537","102","11","31","10","37","1","3","2","4","0","0","0","4","0","1","0","11","2","6","0","4","0","0","0","5","0","0","0","10","1","2","0","0","17","93","76","49","31","42","3","35","155","75","55","36","49","0","4","8","8","7","8","10","0","2","7","3","4","5","7","1","3","37","30","20","9","4","0","11","26","8","10","8","4","0","2","10","2","4","3","7","1","7","10","7","5","0","4","502","93","45","24","16","2","1","7","26","51","9","3","4","2","0","0","1","3","122","20","9","5","5","1","2","0","7","51","4","2","4","0","0","1","0","0"
"s25","voters","0041832","900","627","58","21","9","5","8","0","10","0","162","443","457","114","7","22","13","27","1","8","2","6","0","1","0","10","1","0","0","24","6","12","1","8","0","2","0","10","0","0","0","16","0","4","1","0","12","91","81","37","33","31","1","29","135","84","34","29","30","0","1","4","7","5","8","5","0","5","5","4","3","7","4","0","9","23","30","15","11","9","1","4","17","14","10","6","13","0","4","11","7","5","1","3","1","3","3","9","2","2","2","455","69","45","13","18","2","1","6","18","41","6","3","1","3","0","0","0","4","111","13","12","7","2","5","2","1","9","44","4","3","0","0","0","0","0","2"
"s25","voters","0041927","1046","735","61","30","4","7","5","0","10","0","194","501","545","124","11","25","9","31","3","4","0","3","0","1","0","6","0","0","0","24","1","6","1","5","0","0","0","12","0","1","0","11","2","3","2","2","19","100","65","41","41","50","4","24","157","74","47","45","66","0","0","4","8","4","8","13","0","0","2","5","6","5","6","0","5","27","29","19","13","21","0","10","20","18","19","6","7","0","3","13","4","5","3","4","0","4","8","4","3","2","3","512","100","52","18","12","2","8","5","26","36","7","5","1","2","0","0","0","10","118","28","16","9","7","5","3","0","8","46","6","2","2","0","0","0","0","0"
"s25","voters","0042210","1129","738","141","39","5","4","9","0","6","0","187","472","657","73","10","19","7","43","6","10","1","1","0","1","0","10","1","2","0","15","1","4","0","10","1","3","0","4","1","0","1","7","3","2","1","2","12","47","47","36","41","92","3","14","92","84","65","53","150","0","5","4","11","10","18","22","0","4","3","17","10","16","21","1","6","12","23","20","15","18","0","8","15","19","17","16","17","0","4","3","5","3","8","7","0","3","6","5","2","5","12","434","100","77","30","12","4","2","8","71","75","20","17","7","3","3","1","2","13","103","36","12","9","5","5","2","1","14","45","10","6","0","1","0","0","0","1"
"s25","voters","0042258","1358","911","180","48","2","6","11","0","3","0","197","603","755","85","10","15","4","39","14","3","3","0","1","0","0","9","0","2","2","16","0","2","1","8","1","3","2","1","1","3","2","12","5","2","2","2","20","36","70","58","41","125","0","27","61","90","91","74","216","1","2","6","17","20","19","35","0","7","4","6","10","12","41","0","4","13","28","21","24","24","2","3","9","18","25","15","11","0","8","3","6","5","10","5","0","4","1","5","5","9","9","489","168","85","38","16","6","4","5","100","92","22","17","8","5","1","3","3","29","87","40","14","16","7","2","5","3","23","49","10","6","1","1","1","1","1","0"
"s25","voters","0042312","1128","736","161","39","4","4","13","0","9","0","162","494","634","84","14","12","11","34","4","5","1","1","0","0","0","6","4","3","0","10","1","4","1","0","1","1","0","3","0","0","0","6","2","1","0","1","14","34","60","59","29","82","3","26","42","85","94","68","139","0","4","7","13","15","23","22","0","3","6","4","9","24","31","0","5","13","23","18","22","19","0","2","5","19","15","9","12","0","0","2","7","7","5","10","0","3","7","8","7","2","11","387","130","84","26","24","5","5","1","74","82","17","15","8","3","1","4","1","30","80","26","18","12","5","4","3","2","12","44","4","9","2","2","1","0","0","7"
"s25","voters","0042351","1037","637","192","25","2","3","9","0","4","0","165","446","591","51","15","10","5","33","7","7","1","1","0","2","0","4","0","0","0","7","3","3","0","8","0","4","0","3","2","0","0","5","0","1","0","0","11","30","39","36","45","81","3","18","45","66","50","65","148","0","3","5","8","12","19","50","0","1","7","8","10","23","46","1","1","17","19","12","15","26","1","5","10","13","7","20","18","0","0","0","7","1","1","7","0","2","4","2","4","7","8","321","110","67","31","18","2","4","6","78","77","27","21","14","8","4","3","2","36","87","26","13","11","6","5","1","2","14","32","5","3","1","0","1","0","1","0"
"s25","voters","0042389","1120","736","162","43","1","3","12","0","5","0","158","491","629","57","4","12","5","52","9","10","3","2","1","2","0","6","0","1","0","15","3","4","1","8","0","7","0","3","0","0","0","4","0","2","1","1","13","25","70","42","49","82","1","18","59","88","67","68","153","0","2","5","13","16","10","36","0","0","3","12","7","13","45","0","7","9","13","26","11","25","1","2","7","18","14","12","13","0","1","7","6","6","8","8","0","0","2","8","9","2","7","401","150","66","21","23","3","8","4","60","86","34","13","4","5","2","2","0","16","70","36","18","11","6","4","1","4","8","40","11","6","3","1","2","0","0","1"
"s25","voters","0042459","964","698","93","26","3","2","9","0","6","0","127","431","533","84","6","11","7","33","3","10","0","4","0","0","0","4","1","0","0","16","2","4","2","3","0","2","0","8","0","0","1","3","6","3","0","4","7","71","66","51","32","53","0","13","89","82","67","59","104","1","4","8","9","7","9","12","0","1","4","6","7","6","19","0","7","18","21","11","6","10","0","1","10","16","11","8","8","0","3","3","7","5","2","4","0","2","1","4","6","6","3","444","101","64","21","13","2","7","1","45","61","4","13","4","1","0","0","0","10","77","16","10","10","3","2","2","2","5","29","7","4","1","1","1","1","0","2"
"s25","voters","0042509","1362","858","245","51","1","7","9","0","9","0","182","606","756","85","13","7","2","53","6","9","7","0","0","0","0","9","2","0","0","11","1","4","1","7","0","0","0","4","1","2","0","4","1","1","0","1","12","37","51","43","48","139","4","31","61","88","62","79","202","0","9","9","13","27","24","53","0","5","4","4","20","29","48","2","1","5","21","11","25","34","0","6","17","17","15","10","18","0","3","5","8","4","12","9","1","4","3","5","8","6","9","485","137","81","28","20","7","8","6","86","117","40","29","14","1","0","1","3","40","91","29","22","8","5","1","1","1","24","55","13","5","1","0","0","0","0","3"
"s25","voters","0042605","1091","606","260","38","1","0","9","0","2","0","175","497","594","56","17","8","4","34","10","14","1","1","2","1","0","3","0","2","0","11","4","2","0","3","0","0","0","2","1","0","0","4","0","0","0","1","9","25","45","27","41","91","1","24","45","52","61","55","129","2","13","6","10","25","41","45","0","7","5","7","25","29","45","1","4","9","16","18","21","26","0","8","11","14","6","12","29","1","2","3","1","5","3","6","0","2","3","3","5","8","8","354","89","65","17","16","3","1","2","59","136","37","25","7","4","2","1","1","47","88","28","14","11","7","4","3","0","20","31","7","6","2","1","0","0","1","2"
"s25","voters","0042657","927","597","143","37","1","4","5","0","2","0","138","388","539","75","10","14","6","25","1","4","1","0","0","0","0","3","0","0","1","9","3","1","0","8","1","2","0","3","1","2","0","9","1","1","0","1","13","40","51","35","33","48","2","26","67","83","52","53","93","0","1","8","12","9","23","21","0","4","7","5","8","18","27","1","4","7","19","20","16","6","1","6","6","11","15","13","13","0","1","2","3","7","4","3","0","2","4","8","3","6","6","355","100","58","19","13","1","6","4","41","78","23","13","4","2","1","1","4","17","73","14","21","9","4","3","3","2","9","31","9","6","2","0","0","0","0","1"
"s25","voters","0042735","594","409","44","23","0","6","4","0","5","0","103","197","397","169","13","40","12","5","0","1","1","0","0","0","1","1","0","0","0","8","0","0","0","4","0","4","0","5","1","1","1","10","1","2","0","4","52","30","15","6","4","5","42","163","48","12","8","8","12","0","8","4","3","7","4","5","0","2","0","3","4","2","2","3","11","9","2","2","4","5","9","36","13","2","5","1","1","0","5","4","4","0","1","0","2","10","5","2","1","1","3","373","18","11","1","0","0","0","1","5","30","6","4","0","1","1","0","0","2","85","8","4","3","1","0","0","1","1","32","3","2","0","1","0","0","0","0"
"s25","voters","0042854","1141","815","89","25","11","7","10","0","10","0","174","482","659","136","10","21","14","28","2","8","4","2","0","0","0","3","0","0","0","15","1","1","0","10","2","0","1","3","1","4","0","14","4","4","0","3","8","71","85","41","40","59","1","26","153","108","66","51","103","0","2","4","4","6","11","18","0","5","6","5","6","11","11","0","11","17","30","18","10","9","1","9","16","26","11","8","8","0","3","6","12","6","4","4","0","5","5","5","3","3","7","492","124","80","34","24","2","7","4","48","52","15","10","4","1","0","0","1","6","102","19","14","12","11","2","3","5","6","45","9","5","1","0","1","0","0","2"
"s25","voters","0042911","1214","836","127","38","4","6","14","0","8","0","181","554","660","107","15","17","6","42","9","7","3","8","0","0","0","4","2","1","0","9","3","5","0","13","2","1","0","10","0","3","1","10","0","2","0","3","11","62","73","57","47","87","1","17","101","101","74","60","142","0","0","10","12","14","14","25","0","1","2","12","10","10","17","0","9","12","29","22","17","19","0","2","18","17","8","13","15","1","5","3","6","4","8","4","0","4","8","9","6","4","8","502","116","79","33","15","5","13","3","70","63","14","17","5","7","1","2","1","17","106","22","14","11","6","5","2","3","12","52","6","6","1","1","2","0","0","2"
"s25","voters","0042960","854","586","77","22","10","6","5","0","12","0","136","382","472","80","3","18","5","19","4","3","4","3","1","1","0","1","1","0","0","12","1","1","0","8","1","4","0","3","0","0","0","6","1","2","0","1","14","54","47","27","34","69","1","19","71","68","51","32","98","1","1","2","5","1","9","17","0","0","3","3","3","5","27","1","2","13","26","7","7","10","1","3","11","17","18","6","14","1","2","6","7","5","6","7","0","3","2","6","1","1","8","358","89","63","23","10","7","4","2","30","43","8","14","2","0","1","1","1","7","80","15","17","11","3","1","2","1","6","36","8","3","4","1","0","1","0","2"
"s25","voters","0042979","852","555","115","31","2","5","7","0","6","0","131","352","500","91","10","17","3","16","4","7","1","0","0","0","0","1","3","0","1","9","0","1","1","3","0","3","1","3","1","0","0","7","0","3","1","0","21","32","55","24","25","50","5","67","54","61","37","46","78","0","4","7","8","7","15","23","0","2","5","4","7","17","16","0","8","9","12","7","10","13","3","9","10","14","12","8","16","0","1","4","2","7","4","4","0","7","4","6","0","4","8","365","67","50","15","12","4","1","5","36","59","15","21","4","1","0","0","2","13","81","12","15","6","7","1","2","1","6","30","11","6","1","1","1","0","0","1"
"s25","voters","0043148","1052","612","222","29","1","4","18","0","4","0","162","486","566","44","7","12","3","37","9","2","0","1","0","0","0","5","0","1","0","5","2","1","0","1","0","0","0","2","0","0","0","2","2","2","3","4","6","26","50","38","24","77","3","20","42","81","70","50","121","0","4","10","22","20","21","49","0","2","5","11","14","13","51","3","7","9","25","23","9","23","1","6","6","15","17","4","14","0","4","1","3","7","10","11","0","2","2","2","5","2","7","326","98","67","21","12","4","5","3","76","109","28","22","9","12","3","3","2","34","80","21","17","11","6","5","2","5","15","31","10","3","3","1","0","0","2","6"
"s25","voters","0043242","1090","676","179","44","1","2","9","0","4","0","175","485","605","41","13","22","8","23","8","4","0","2","3","1","0","6","1","2","0","10","2","0","0","2","0","1","0","2","0","2","0","4","1","0","0","1","13","25","50","32","46","98","0","23","42","63","63","64","156","1","2","10","6","18","23","37","0","3","4","5","11","22","37","1","6","6","18","17","16","27","0","11","5","19","14","13","22","1","5","1","6","4","7","8","1","5","2","4","4","7","5","352","108","77","22","12","6","6","6","87","94","24","16","6","6","2","1","1","29","93","23","15","17","2","4","2","1","18","36","12","10","1","1","0","0","0","0"
"s25","voters","0043400","1110","624","265","39","3","4","5","0","4","0","166","483","627","68","4","10","6","30","6","8","2","2","0","1","1","12","4","1","0","16","4","7","0","5","1","5","1","1","0","0","0","7","0","2","2","0","14","35","27","28","26","107","1","32","58","30","49","42","175","1","6","7","6","16","25","65","1","4","3","2","15","28","86","1","12","15","8","13","16","25","1","5","17","9","11","7","26","0","2","7","4","7","3","7","0","2","5","0","2","6","10","401","101","54","13","8","2","1","2","42","138","32","24","13","2","5","2","1","48","102","18","18","6","7","3","2","0","10","34","10","4","0","2","1","1","1","2"
"s25","voters","0043439","1279","808","237","46","1","6","6","0","4","0","171","493","786","59","10","17","6","69","11","10","1","4","0","2","1","7","0","1","0","8","2","2","0","4","0","4","0","4","1","0","1","5","0","1","1","0","14","25","23","14","49","157","1","24","35","33","29","67","337","2","4","5","5","10","19","64","0","2","3","5","10","21","87","0","5","8","10","6","11","38","0","8","6","6","12","15","46","0","0","1","1","3","7","12","0","3","3","0","3","9","21","507","137","62","17","14","12","6","0","53","123","34","15","14","7","5","2","0","37","91","26","21","12","3","1","2","3","12","42","14","5","0","0","0","1","1","0"
"s25","voters","0043643","992","531","238","40","3","3","11","0","2","0","164","456","536","86","24","15","5","15","11","7","1","0","0","0","0","8","2","4","1","7","5","5","1","3","1","0","0","3","0","1","0","11","1","0","1","3","12","39","48","32","24","45","2","16","57","59","41","52","101","1","8","11","9","22","25","46","0","4","7","6","27","25","47","2","6","23","19","14","15","21","1","8","9","15","10","9","12","0","3","4","5","7","4","8","1","3","3","4","6","6","5","294","79","60","23","20","6","7","0","42","114","29","38","10","3","1","3","7","33","84","30","18","11","7","1","2","3","8","40","6","10","0","1","0","0","0","2"
"s25","voters","0043691","719","435","150","31","5","0","5","0","2","0","91","322","397","107","14","20","8","14","5","4","1","1","0","0","0","4","0","0","0","4","3","2","0","2","0","5","0","3","0","0","2","9","2","4","1","0","17","45","37","22","24","30","0","56","45","44","32","32","51","0","1","5","10","7","15","40","0","1","5","8","8","13","37","3","5","11","8","4","6","11","1","9","10","3","10","4","6","0","1","5","1","6","1","7","1","3","6","5","3","2","2","290","55","38","10","8","3","3","5","23","69","26","20","5","2","1","0","1","26","63","12","6","5","0","0","0","0","5","31","8","1","0","1","1","1","0","0"
"s25","voters","0043755","1012","544","244","43","5","4","16","0","6","0","150","464","548","73","29","10","7","8","12","4","4","7","7","2","2","5","5","0","1","2","1","0","1","0","0","0","0","0","0","0","0","4","2","1","0","1","9","23","33","27","28","92","3","17","38","44","42","41","146","0","8","8","7","15","26","56","0","2","3","7","16","31","65","0","6","7","24","19","15","22","1","4","4","10","10","6","22","0","2","5","5","9","8","9","0","3","2","7","6","5","13","295","81","71","17","15","2","4","6","53","129","34","29","9","4","0","3","6","30","77","17","22","15","2","2","1","4","10","44","11","9","3","2","0","1","1","3"
"s25","voters","0044013","565","415","30","17","4","3","7","0","6","0","83","255","310","55","2","18","9","11","2","2","2","5","0","0","0","4","0","1","0","12","0","0","0","7","1","2","1","6","1","3","1","10","0","2","1","1","7","54","51","29","20","11","0","17","71","65","36","25","28","0","1","4","1","4","2","4","0","0","3","5","4","1","1","0","3","12","14","8","4","4","0","3","9","11","8","4","3","0","2","6","7","3","1","2","0","2","6","3","1","1","3","269","79","37","12","11","0","3","0","4","20","6","3","0","0","0","1","0","0","54","14","6","6","2","0","0","0","1","25","8","2","0","1","0","0","1","0"
"s25","voters","0044068","939","632","119","21","4","2","6","0","4","0","151","413","526","58","7","22","5","33","7","7","2","2","0","1","0","17","0","3","2","16","12","5","0","7","1","2","1","3","0","0","0","4","0","0","0","1","10","28","43","52","40","81","4","13","44","79","56","58","123","0","0","0","4","9","20","26","0","1","2","0","6","13","38","1","7","10","18","21","9","13","1","6","7","14","17","7","20","0","2","1","6","4","4","3","1","3","2","5","1","2","3","357","88","75","16","14","2","6","2","72","49","21","14","5","1","1","4","1","23","61","29","16","14","2","3","5","4","17","19","9","6","1","1","0","0","0","1"
"s25","voters","0044096","894","627","90","26","0","0","7","0","5","0","139","386","508","90","11","6","3","23","1","8","2","0","0","0","0","22","1","4","2","19","8","9","0","5","0","0","0","0","0","0","0","2","0","3","1","0","13","30","55","43","47","56","2","13","44","85","56","73","110","0","2","8","1","10","6","18","0","1","2","4","8","8","22","0","3","6","17","15","12","19","0","4","13","15","10","12","13","0","2","4","4","2","3","10","0","0","1","1","1","5","5","305","123","76","26","25","4","3","6","59","45","18","7","3","4","0","0","1","12","69","20","15","4","8","2","3","1","17","20","8","5","1","1","0","0","0","3"
"s25","voters","0044132","1361","977","129","29","5","0","14","0","12","0","195","614","747","79","17","16","9","54","3","9","2","2","0","2","0","15","2","3","0","25","2","5","0","7","1","1","0","4","0","2","0","6","1","3","1","3","15","49","100","56","76","106","6","19","83","121","100","83","160","0","4","9","7","12","16","25","0","1","2","2","9","17","25","2","7","15","34","19","12","18","1","6","5","29","21","11","15","0","1","4","5","6","5","8","0","2","5","3","7","7","7","522","162","94","41","25","4","4","11","114","69","19","14","4","2","0","0","2","19","119","25","17","11","6","3","0","2","12","32","12","7","2","2","1","0","1","3"
"s25","voters","0044261","1381","1022","88","26","9","12","15","0","7","0","202","615","766","96","11","19","9","44","4","10","4","3","0","2","1","9","1","0","0","9","3","2","0","7","0","3","0","5","0","1","0","19","0","1","0","3","21","53","81","49","76","135","6","32","71","114","65","103","213","0","0","2","6","11","10","26","0","0","1","3","8","6","15","0","11","14","24","23","16","21","2","14","12","25","15","7","18","0","3","9","7","5","5","4","0","1","7","7","6","9","6","546","164","112","43","24","4","10","7","112","36","21","8","4","2","0","1","1","15","101","30","24","7","3","6","3","2","26","52","10","2","3","1","0","0","0","1"
"s25","voters","0044310","1087","784","101","22","4","2","9","0","9","0","156","460","627","84","9","10","4","39","4","1","2","0","0","1","0","14","0","1","0","12","2","4","1","10","0","1","2","5","1","1","0","12","2","7","2","1","9","48","68","47","44","87","0","22","65","79","80","63","171","0","2","5","7","7","7","21","0","0","5","3","6","8","30","0","2","5","25","13","13","29","0","9","8","14","14","12","12","1","1","1","4","4","6","3","1","4","6","4","3","3","5","481","130","74","29","17","6","9","3","35","56","19","11","4","5","0","0","0","6","94","15","21","5","4","2","2","2","11","39","4","2","0","0","0","0","1","0"
"s25","voters","0044379","1126","836","92","21","3","5","2","0","6","0","161","512","614","90","6","12","3","66","1","12","2","2","0","2","1","7","0","2","1","12","1","3","0","2","0","1","0","6","0","1","0","4","1","0","1","4","14","38","70","46","61","124","4","23","51","89","57","83","172","0","1","3","6","7","9","23","0","2","2","6","5","8","20","2","4","10","13","14","21","28","1","4","11","10","13","14","16","1","1","1","4","2","1","4","1","0","4","4","3","5","6","414","138","101","28","19","6","7","6","117","61","7","7","2","3","0","1","0","11","77","25","15","15","4","3","2","2","18","24","2","6","1","1","0","0","0","3"
"s25","voters","0044520","1287","836","222","35","0","4","8","0","6","0","176","591","696","55","18","11","5","55","10","9","4","3","0","0","0","27","5","1","0","20","9","10","1","12","4","3","1","1","0","1","0","4","3","1","0","8","20","14","58","54","63","130","3","32","36","76","72","89","181","0","8","5","11","21","21","50","1","3","4","7","12","24","55","2","5","6","10","24","26","29","1","5","8","14","15","13","18","0","4","1","3","6","5","7","0","4","2","1","6","8","6","444","131","96","32","20","5","5","9","94","110","25","31","13","1","1","1","2","38","97","16","22","7","1","0","3","0","30","32","5","7","0","5","0","0","0","4"
"s25","voters","0044562","1177","764","195","27","2","3","5","0","3","0","178","545","632","53","9","10","4","43","4","6","1","3","0","0","0","17","3","4","2","23","2","1","0","1","2","3","0","2","0","1","0","4","0","1","0","5","21","25","43","56","63","109","4","25","39","61","65","79","169","0","10","2","7","9","24","45","0","4","4","5","19","19","47","0","4","12","14","15","24","30","3","11","6","14","11","16","18","1","3","6","1","4","6","6","0","2","2","1","3","2","3","406","108","79","30","17","6","6","7","105","88","34","10","9","3","3","2","1","45","77","35","28","7","6","1","3","1","20","25","5","5","2","0","1","1","0","1"
"s25","voters","0044601","843","509","148","34","4","4","7","0","4","0","133","381","462","95","16","23","6","12","6","1","3","4","0","0","0","15","7","2","2","12","4","5","0","4","0","1","0","1","2","1","0","6","0","1","1","1","16","32","32","26","30","65","3","32","49","49","46","44","84","0","2","6","10","13","22","35","0","0","2","8","4","17","29","1","6","18","9","13","9","11","2","7","9","14","10","10","14","0","0","2","7","2","10","3","0","8","5","2","7","3","4","306","70","56","17","9","2","1","8","40","78","19","19","6","2","0","2","3","19","82","15","12","7","4","1","2","1","9","39","8","3","2","0","0","0","0","1"
"s25","voters","0044625","1135","735","169","39","3","4","10","0","6","1","168","509","626","119","10","20","11","28","3","5","0","3","0","0","0","37","3","0","2","50","22","20","2","3","1","0","0","7","1","0","2","12","2","4","0","2","15","37","50","48","50","96","1","19","50","72","67","81","147","1","1","3","9","17","19","46","0","0","0","7","9","16","41","1","8","5","21","20","11","17","2","8","9","22","12","13","19","0","1","5","9","5","5","7","1","3","0","7","7","5","8","367","130","77","38","16","8","7","7","85","76","28","15","6","8","2","3","0","31","86","24","25","6","8","1","2","2","14","37","11","8","2","2","0","1","0","2"
"s25","voters","0044663","1441","932","209","58","1","5","15","0","6","0","215","670","771","82","7","16","7","64","19","10","6","3","0","0","0","17","5","2","2","29","12","7","4","1","0","0","0","1","0","1","0","3","0","1","2","6","21","27","61","51","57","174","3","30","41","73","60","96","232","2","5","9","8","9","21","51","0","1","3","9","17","16","58","0","8","8","22","29","26","28","2","7","5","19","17","13","31","0","3","1","6","9","14","14","0","4","5","8","5","10","6","505","122","98","36","20","8","7","6","130","95","33","16","11","4","1","3","3","43","96","34","24","17","5","7","2","3","27","56","14","5","2","1","0","3","0","4"
"s25","voters","0044734","909","582","132","22","4","3","3","0","11","0","152","403","506","66","16","11","4","25","3","2","3","4","0","0","1","27","5","8","1","38","17","19","2","4","0","1","0","8","0","4","1","8","0","4","1","3","5","31","48","33","39","72","1","19","42","59","58","53","119","0","3","5","5","10","19","30","0","1","3","5","9","14","28","2","6","8","21","14","12","18","0","8","10","15","13","6","19","0","0","3","4","3","5","4","0","0","4","3","5","4","8","281","106","64","27","25","4","6","3","66","68","18","14","5","4","1","2","4","16","83","24","16","11","6","0","2","2","8","24","7","5","3","0","0","0","0","4"
"s25","voters","0044804","1104","723","156","34","5","4","5","0","10","0","167","469","635","127","15","25","12","26","2","4","1","2","0","0","0","6","0","1","0","33","10","7","0","4","1","0","0","5","3","2","0","3","1","0","0","1","14","33","71","43","44","62","3","25","64","96","88","64","115","1","3","3","13","13","14","29","0","1","6","12","12","12","37","3","11","18","26","17","12","10","2","6","16","17","13","8","8","0","1","3","5","6","4","9","0","6","3","3","7","2","9","388","124","83","43","23","6","6","2","48","90","27","12","1","2","1","3","1","19","88","24","21","6","4","1","6","3","14","44","6","6","1","0","1","0","0","0"
"s25","voters","0044903","1012","643","145","38","9","6","10","0","10","1","150","421","591","142","25","33","10","24","1","5","2","2","1","2","0","6","2","3","2","35","14","16","3","4","2","2","1","0","0","1","0","9","1","2","3","2","12","27","50","32","38","74","5","26","60","74","64","52","127","0","2","6","6","10","18","28","0","4","6","8","14","15","28","0","5","15","28","14","10","12","2","5","7","15","13","8","16","1","5","4","7","5","4","6","0","3","8","7","8","4","12","374","93","64","19","25","6","7","2","53","72","23","11","7","3","0","1","3","25","75","19","24","9","5","2","1","4","11","44","8","10","3","4","1","0","0","4"
"s25","voters","0044992","260","155","44","13","4","1","1","0","1","0","41","105","155","77","8","18","7","1","1","0","0","0","0","0","0","2","0","2","0","9","2","1","0","0","0","0","0","3","2","1","1","1","1","0","1","0","5","3","10","7","6","21","1","10","18","16","11","17","30","1","2","0","1","3","6","7","0","0","2","2","4","6","10","0","3","4","1","3","5","6","1","3","4","5","0","5","1","1","0","0","2","3","2","3","0","1","2","3","0","1","2","74","26","30","8","2","2","1","1","11","23","8","3","3","1","0","0","1","5","24","5","8","2","2","0","0","0","0","11","4","3","1","0","0","0","0","1"
"s25","voters","0045015","1022","715","72","36","8","7","9","0","17","0","158","457","565","160","8","24","16","18","2","6","0","1","0","0","0","5","0","0","0","12","0","1","1","1","0","1","0","5","2","0","0","3","0","0","1","1","16","74","83","36","41","50","5","31","117","98","53","37","73","0","0","6","7","6","18","8","0","0","2","5","3","10","7","1","5","21","30","7","7","5","1","12","21","21","12","4","11","1","1","4","13","6","8","2","1","4","6","9","12","4","6","410","123","85","18","17","7","8","6","41","43","8","8","5","0","1","1","1","5","101","25","11","7","5","1","0","1","7","53","12","4","3","2","0","0","1","2"
"s25","voters","0045164","897","594","65","30","11","9","7","0","10","0","171","387","510","126","19","49","19","14","1","0","2","1","0","0","0","2","0","1","0","9","0","4","0","1","0","0","1","4","1","1","1","11","1","2","0","1","13","56","54","40","20","50","4","27","71","75","42","46","95","0","2","5","9","2","7","13","0","0","3","4","6","6","8","1","6","19","32","9","10","6","1","7","29","22","12","9","8","0","2","6","4","8","4","8","1","4","8","7","6","6","3","347","106","57","18","13","5","5","6","37","40","9","11","0","2","0","0","1","2","100","28","15","12","8","1","2","1","4","47","9","5","2","2","0","0","1","1"
"s25","voters","0045241","721","474","96","11","5","7","4","0","1","0","123","307","414","161","13","39","9","4","2","3","1","0","0","1","0","0","0","0","0","8","1","0","0","1","3","0","0","1","5","2","0","5","0","0","0","3","8","25","45","16","33","51","0","9","47","62","40","52","83","0","0","8","2","3","14","20","0","0","6","3","6","16","18","0","12","8","18","8","10","10","1","5","15","13","8","8","7","0","0","2","4","3","3","1","0","1","3","3","3","2","3","263","71","62","20","16","2","2","6","32","47","14","13","2","3","1","4","2","10","63","19","16","8","6","4","3","1","3","18","5","5","0","0","0","0","0","0"
"s25","voters","0045314","746","497","87","22","7","4","7","0","7","0","115","295","451","197","26","35","12","6","3","1","0","0","0","0","0","0","0","1","0","3","1","1","0","1","4","1","2","3","7","1","0","5","1","1","0","3","23","22","33","18","22","50","1","38","76","58","39","49","65","1","2","5","11","5","7","15","0","2","3","9","6","6","15","1","5","14","7","12","8","7","0","5","19","20","4","6","7","1","1","7","4","6","3","2","0","2","7","4","5","3","2","277","82","52","23","24","4","9","5","21","47","12","10","2","5","1","1","0","9","70","18","7","8","3","1","4","0","4","29","9","5","0","1","2","0","0","1"
"s25","voters","0045418","644","385","104","31","7","5","2","0","5","0","105","270","374","128","23","33","11","9","5","3","0","2","0","0","0","2","0","0","0","9","5","1","0","2","1","0","0","6","7","6","3","6","3","0","1","0","14","21","24","17","25","45","1","25","42","36","33","34","68","0","2","6","3","10","9","25","0","1","10","2","6","10","20","3","5","11","10","5","7","7","1","11","14","14","3","8","6","0","3","3","1","5","6","3","0","2","7","8","5","5","2","213","79","39","14","13","2","4","0","21","52","15","21","1","1","0","3","0","11","69","10","7","13","2","0","1","2","1","40","4","2","0","1","1","0","0","2"
"s25","voters","0045427","359","211","50","15","4","1","5","0","3","0","70","149","210","69","14","23","6","1","2","1","0","0","0","0","0","0","0","0","0","3","2","0","0","0","1","0","0","2","1","3","2","2","1","0","0","0","5","14","15","13","11","24","1","10","22","26","16","24","30","0","0","2","1","4","7","5","0","0","4","4","5","11","7","0","0","7","10","3","10","5","0","3","10","5","6","5","6","0","1","2","3","3","1","3","0","2","1","6","0","4","2","126","34","21","4","7","1","0","2","16","26","10","5","2","1","0","2","1","3","43","9","7","4","4","0","0","0","3","22","3","1","0","1","0","0","0","1"
"s25","voters","0045482","854","523","149","36","7","2","5","0","4","0","128","348","506","185","29","42","12","15","7","3","1","0","0","0","0","3","0","1","0","3","7","4","3","0","2","1","0","4","2","3","0","6","5","4","0","2","12","33","38","22","31","56","0","28","45","62","47","55","92","1","3","8","11","12","12","31","2","3","8","8","8","15","27","2","6","5","19","3","11","15","0","9","11","18","10","8","11","1","0","1","3","3","1","6","0","2","5","7","12","4","9","287","92","50","20","17","3","11","4","39","83","16","20","6","6","1","0","2","15","80","14","9","5","7","0","0","0","13","34","10","7","0","2","0","1","0","0"
"s25","voters","0045535","571","350","99","29","3","4","4","0","5","0","77","266","305","137","20","29","15","9","0","2","2","0","0","0","0","9","5","2","2","8","6","6","0","7","0","5","0","0","1","0","0","5","0","1","1","2","16","25","20","17","20","45","3","21","37","27","32","26","59","0","2","3","12","12","14","20","0","2","4","6","2","6","16","0","5","6","11","2","4","9","0","7","6","12","8","2","5","1","2","3","0","7","0","8","0","3","2","5","4","4","6","195","53","35","13","12","2","3","2","35","54","13","16","1","5","2","0","1","7","44","7","8","6","5","1","1","0","5","22","10","5","2","2","1","0","0","3"
"s25","voters","0045548","754","465","105","26","6","4","11","0","5","0","132","307","447","193","25","50","18","13","1","0","0","1","0","0","0","2","0","0","0","6","4","3","1","7","0","1","1","4","2","6","2","4","0","2","0","5","25","19","23","22","33","58","3","48","40","40","38","57","54","0","4","9","5","8","11","16","0","2","4","7","6","13","20","2","8","6","8","11","7","9","5","14","17","12","13","9","11","1","1","4","4","2","3","3","0","8","5","5","5","5","6","253","76","56","20","17","5","1","3","34","67","12","11","3","2","0","0","2","8","71","15","17","6","10","1","3","2","7","29","11","5","3","1","1","0","0","2"
"s25","voters","0045569","571","371","83","21","6","8","2","0","2","0","78","218","353","159","20","30","8","3","2","0","1","3","0","0","0","2","1","0","0","7","1","1","0","3","4","4","2","5","2","1","1","5","4","0","1","2","16","18","13","21","26","34","5","39","39","35","24","37","62","0","2","3","6","7","8","18","0","3","4","7","2","8","15","0","4","6","3","2","10","6","2","7","8","8","9","6","7","0","1","3","3","1","5","0","0","5","6","4","2","7","2","213","62","37","13","12","5","5","3","21","47","13","8","2","6","0","1","1","5","39","8","16","0","3","1","2","3","6","26","10","2","0","1","0","0","0","0"
"s25","voters","0045624","612","331","118","18","7","9","6","0","4","0","119","246","366","162","27","48","17","6","2","4","0","1","0","1","0","1","1","0","1","2","3","1","1","2","0","1","3","6","8","5","1","7","2","2","0","2","11","12","23","8","28","41","4","26","36","20","33","35","52","1","5","9","10","4","11","21","0","2","2","11","10","3","29","1","7","11","15","3","8","4","1","19","14","12","4","7","13","1","0","1","4","4","0","1","0","7","7","9","3","5","2","178","55","44","5","12","4","6","3","24","69","13","20","2","4","1","2","0","7","79","17","6","5","5","1","1","2","3","30","4","6","1","1","0","0","0","2"
"s25","voters","0045699","569","360","102","15","2","9","2","0","4","0","75","231","338","128","24","22","5","2","2","1","1","1","1","0","0","1","2","0","0","8","2","4","0","4","0","0","0","15","17","7","1","3","4","5","1","1","17","18","12","13","29","48","2","31","40","32","34","31","52","0","2","3","7","10","8","17","0","3","8","5","5","9","25","1","5","4","9","4","7","4","1","5","11","7","4","6","7","0","3","1","5","0","1","2","1","2","4","3","2","3","5","182","61","57","15","11","4","2","4","24","62","10","8","9","4","0","2","0","7","40","11","11","6","0","0","3","2","2","21","5","3","1","0","0","2","0","0"
"s25","voters","0045701","624","354","129","29","4","1","1","0","2","0","104","268","356","122","17","32","9","5","2","2","0","0","0","0","0","0","0","0","0","12","4","7","1","5","2","1","0","19","29","16","2","7","0","6","1","1","17","18","24","13","21","43","3","40","26","36","32","25","55","0","1","8","5","6","9","36","1","2","5","5","6","16","29","1","5","5","12","10","8","7","1","15","15","8","6","7","4","0","1","3","0","6","3","5","0","3","1","4","4","3","4","183","64","45","19","12","0","4","2","25","79","14","19","1","3","1","3","2","7","63","18","10","7","3","1","1","0","1","21","10","1","1","2","0","0","0","2"
"s25","voters","0045774","637","385","93","24","4","5","3","0","3","0","120","246","391","55","19","25","3","6","0","0","1","0","0","0","0","0","0","0","0","13","3","12","5","5","6","2","0","37","18","17","7","13","3","2","0","1","11","12","14","16","21","56","2","37","31","33","29","27","95","1","3","5","9","8","9","15","0","1","1","3","4","6","28","0","7","6","9","4","7","15","1","11","16","10","9","12","13","0","1","5","2","2","1","6","1","8","0","5","3","1","4","212","70","44","15","6","3","6","1","28","55","13","8","3","2","0","3","0","9","72","18","11","9","1","0","1","1","7","21","3","9","2","0","0","1","1","2"
"s25","voters","0045908","730","398","145","44","5","5","4","0","5","1","123","297","433","123","30","31","12","4","2","0","0","2","0","0","0","1","1","1","0","5","1","7","1","7","3","4","0","15","16","10","5","8","6","3","0","1","10","23","20","17","27","36","3","29","44","27","40","44","77","0","7","5","13","14","10","28","0","3","4","6","8","19","28","1","6","9","11","8","8","15","0","11","11","14","7","10","12","1","2","5","5","4","8","3","1","3","4","9","7","5","7","220","69","51","8","10","0","8","2","30","80","16","26","3","2","0","1","5","12","72","14","14","7","2","3","3","2","6","43","9","10","0","1","0","0","0","1"
"s25","voters","0045931","623","377","109","17","3","4","8","0","2","0","103","254","369","174","22","34","14","1","1","2","0","1","0","0","0","2","0","0","0","3","1","3","0","1","1","1","0","11","6","12","5","5","3","0","0","1","17","18","17","16","29","36","4","36","32","22","36","39","74","0","5","7","8","2","16","18","0","2","2","5","9","13","22","1","7","8","5","8","8","9","1","14","16","9","7","2","8","0","4","7","2","0","1","4","0","3","3","1","1","3","5","181","61","50","19","14","1","1","4","46","66","10","16","2","2","0","2","1","10","68","8","9","8","4","2","2","1","1","22","8","3","0","1","0","0","0","0"
"s25","voters","0046014","1259","885","119","47","5","7","10","0","11","0","175","512","747","141","14","25","9","34","1","3","2","3","3","3","0","4","1","0","0","2","1","0","0","9","0","3","1","2","2","2","0","8","0","3","2","2","8","68","82","39","50","73","4","18","98","119","83","81","160","0","2","6","6","8","13","26","0","1","5","6","10","12","24","1","5","10","30","20","9","19","0","9","16","20","13","4","19","0","2","3","7","3","5","15","1","2","7","9","8","10","8","472","153","102","40","23","8","7","6","74","57","11","27","2","2","1","1","2","16","95","23","26","5","8","1","2","1","14","56","13","5","1","0","0","1","1","3"
"s25","voters","0046049","1098","724","153","45","8","2","12","0","2","0","152","453","645","120","17","24","7","31","6","8","2","2","0","0","0","9","0","0","0","13","2","1","0","2","1","2","1","2","0","0","0","14","2","6","0","2","5","44","65","44","35","69","5","18","88","118","72","60","99","0","2","4","11","10","21","31","0","0","3","11","12","15","33","0","1","13","24","13","10","13","1","2","11","26","8","18","12","0","1","6","10","5","8","6","0","2","5","4","5","5","12","436","97","82","38","17","2","4","6","42","84","15","18","3","6","2","4","1","20","73","24","19","10","2","5","0","2","17","40","9","10","2","1","1","0","0","6"
"s25","voters","0046220","1024","702","113","31","5","6","12","0","9","0","146","416","608","134","19","30","11","31","4","6","1","4","0","0","0","4","0","0","1","5","3","1","0","9","0","4","0","9","0","0","0","11","0","1","0","1","15","38","70","35","38","56","3","18","76","114","57","74","107","1","0","11","7","10","21","15","0","1","4","6","3","13","21","1","2","18","20","12","11","6","2","6","12","21","14","10","11","0","0","5","8","4","2","9","0","3","8","6","5","3","10","379","118","80","27","25","7","13","7","46","53","13","19","3","8","1","1","2","13","83","25","14","10","2","0","0","1","11","38","12","6","2","3","0","0","0","2"
"s25","voters","0046332","1079","667","182","33","9","5","8","0","6","0","169","446","633","154","27","43","14","21","4","4","5","1","0","2","0","4","1","0","1","7","2","2","0","4","4","0","1","8","3","5","0","11","0","3","1","1","9","41","60","33","29","67","2","18","72","106","63","70","96","1","8","9","16","6","23","31","1","0","4","8","12","26","37","1","5","15","25","13","16","8","0","2","17","30","8","14","15","0","4","5","5","7","3","5","1","3","8","5","3","6","6","377","113","72","24","15","7","6","6","47","94","19","24","7","7","2","5","2","22","83","23","21","16","9","3","1","1","12","44","5","10","1","0","1","0","0","0"
"s25","voters","0046419","889","483","193","35","7","5","9","0","9","0","148","393","496","166","31","33","13","12","5","4","2","1","0","0","0","5","0","1","0","6","2","12","1","6","0","0","0","4","1","2","0","13","0","2","4","1","15","26","33","24","29","53","2","22","49","64","38","34","93","1","4","11","12","20","15","41","0","1","8","13","12","16","39","0","4","14","26","10","4","20","0","3","14","12","8","12","21","0","2","4","2","10","7","5","0","6","5","10","4","8","2","277","68","61","14","12","2","4","1","44","115","12","27","4","3","0","2","4","26","68","21","21","12","6","1","2","3","14","47","9","4","3","0","0","1","0","1"
"s25","voters","0046445","1016","636","162","34","5","5","9","0","5","0","160","412","604","232","37","55","19","9","3","6","1","0","0","0","0","2","0","2","0","5","0","1","0","4","1","1","0","3","5","1","0","6","0","5","1","4","15","42","46","28","42","51","4","31","78","80","55","52","108","1","3","11","10","12","14","27","0","5","4","11","15","18","31","1","9","7","22","14","14","9","2","9","21","20","13","10","9","0","2","9","8","5","5","1","0","3","8","4","1","5","7","340","100","85","20","21","3","11","2","54","86","23","17","8","6","2","1","3","16","91","22","16","6","8","4","4","2","7","38","9","7","0","1","3","0","0","0"
"s25","voters","0046531","703","414","120","27","9","1","10","0","2","0","120","304","399","179","24","33","16","8","5","2","1","0","0","2","0","0","0","0","0","15","2","14","0","1","1","0","0","10","10","9","2","6","0","1","2","2","13","33","24","15","20","55","1","26","52","23","29","40","81","0","2","4","11","10","17","17","0","3","4","7","11","5","29","1","11","10","6","8","9","12","2","12","11","11","11","7","9","0","1","6","7","3","4","3","0","5","3","8","3","5","1","221","67","60","14","15","1","2","0","34","68","14","20","3","0","1","2","1","11","60","22","14","9","5","2","3","1","4","29","9","8","0","1","1","0","0","1"
"s25","voters","0046641","493","258","92","16","2","5","1","0","2","0","117","222","271","96","22","28","6","0","0","0","0","0","1","1","0","0","0","0","0","13","3","12","1","7","2","2","0","16","17","23","5","10","2","3","0","2","9","18","13","16","17","36","1","19","22","23","17","22","43","0","6","2","9","10","6","13","0","2","5","3","6","12","18","1","13","6","9","9","6","10","1","9","13","9","11","7","13","0","1","2","1","3","4","0","0","2","1","3","1","4","4","127","49","35","10","4","2","7","2","22","55","11","19","1","2","0","0","1","3","70","13","14","11","5","1","1","0","2","11","6","6","0","2","1","0","0","0"
"s25","voters","0046682","435","255","79","8","3","4","4","0","2","0","80","190","245","56","12","18","3","0","0","0","0","1","1","4","0","0","0","0","0","15","8","10","3","15","2","1","0","44","21","18","5","5","4","2","0","1","14","15","11","7","20","35","3","27","26","17","15","24","40","0","1","8","7","9","6","13","0","1","2","6","6","6","14","2","5","7","5","8","4","6","0","8","9","3","5","8","10","0","0","3","0","2","1","0","0","5","3","1","0","5","1","127","51","33","9","2","0","3","3","27","45","13","7","4","1","0","0","4","5","44","9","10","3","3","1","2","1","7","13","0","5","0","2","0","0","0","1"
"s25","voters","0046748","447","269","67","24","3","2","3","0","0","0","79","197","250","59","13","13","7","2","1","0","0","2","2","0","0","0","0","1","0","12","6","10","2","10","0","3","1","12","10","8","2","4","2","2","0","0","11","15","15","18","29","21","1","17","26","20","14","29","53","0","4","6","4","2","6","9","0","1","5","9","5","8","8","0","3","9","8","4","10","6","0","8","9","2","5","7","8","0","5","2","4","0","4","2","0","2","4","1","4","0","4","146","41","30","10","7","1","6","3","25","41","9","8","3","2","0","0","2","2","49","14","4","4","2","1","1","0","4","24","6","1","1","0","0","0","0","0"
"s25","voters","0046828","767","426","185","17","5","7","2","0","3","0","122","329","438","144","38","31","6","2","4","2","0","1","0","0","0","2","0","0","0","15","2","4","0","17","4","8","2","17","14","14","2","4","3","5","1","2","13","24","17","21","33","52","3","42","47","42","31","33","66","1","3","10","13","16","18","30","1","3","11","11","18","14","36","0","6","6","8","11","12","14","3","5","10","14","9","9","15","0","2","4","1","4","3","5","1","2","2","1","4","3","2","239","62","54","10","16","3","9","1","32","84","39","24","5","5","0","6","5","17","61","20","15","8","4","2","1","2","9","19","10","4","0","1","0","0","0","0"
"s25","voters","0047018","998","564","205","44","4","2","7","0","7","0","165","433","565","54","9","20","9","17","7","0","1","4","0","0","0","33","9","8","1","45","20","23","1","7","1","1","0","5","0","1","0","3","2","1","0","0","7","19","31","26","29","99","0","13","45","42","38","46","169","0","5","5","6","9","19","56","0","1","3","6","12","15","68","0","8","10","16","16","12","28","1","6","11","10","14","7","26","0","2","2","4","8","3","13","0","3","5","4","5","5","10","311","97","59","21","14","2","2","3","55","105","25","23","9","2","1","2","4","34","107","18","13","9","5","0","1","4","8","45","14","1","1","1","0","0","0","2"
"s25","voters","0047051","1058","653","171","38","6","6","6","0","7","0","171","427","631","102","18","25","15","20","6","6","0","1","0","1","0","14","8","2","4","28","23","23","1","4","1","0","0","5","0","2","0","13","4","0","1","0","11","23","42","37","46","72","2","18","48","63","76","48","167","0","3","5","7","12","17","42","0","2","2","5","5","18","53","0","4","8","21","15","11","21","3","8","8","23","12","9","28","0","2","4","4","7","5","8","0","1","4","6","5","5","12","363","99","87","23","9","8","7","5","52","80","26","26","3","2","1","3","2","28","90","21","22","9","4","3","5","4","13","43","7","8","2","0","0","0","0","3"
"s25","voters","0047116","1089","619","225","41","3","6","5","0","4","0","186","478","611","87","14","16","2","18","9","7","2","4","2","1","0","54","12","11","2","58","46","49","11","3","4","3","0","5","6","0","0","7","3","2","1","0","16","26","36","37","27","100","3","20","41","50","54","56","153","0","4","3","15","10","22","61","0","2","5","9","8","29","57","2","8","14","13","18","9","30","2","5","17","16","18","6","28","0","1","3","6","4","7","6","0","2","4","3","3","8","12","334","106","57","25","9","1","7","1","79","110","37","22","13","4","3","3","1","32","95","31","16","13","14","3","4","1","9","41","7","6","1","0","0","2","0","2"
"s25","voters","0047125","1077","616","231","36","2","2","7","0","3","0","180","491","586","66","21","20","6","23","10","7","1","6","0","1","0","43","11","4","4","58","19","22","2","5","0","1","0","5","3","2","0","7","2","1","0","0","7","23","41","28","31","114","2","15","32","50","38","63","172","0","2","11","5","19","21","60","0","1","4","8","13","25","62","1","9","21","14","7","18","31","1","4","8","13","13","11","29","0","2","2","1","6","5","12","0","4","1","2","1","3","11","320","93","68","26","12","3","3","1","90","103","37","36","2","5","1","1","4","42","89","30","11","12","7","2","6","1","22","25","11","7","1","2","0","1","3","0"
"s25","voters","0047199","818","525","112","40","3","3","6","0","5","1","123","337","481","73","12","14","9","13","3","3","3","0","1","0","0","34","8","0","1","17","12","13","3","4","1","0","1","2","2","0","0","9","3","1","1","2","11","18","30","27","39","62","4","28","34","53","31","55","131","0","1","3","6","4","8","30","1","3","3","7","5","11","30","1","6","10","8","11","14","15","0","2","9","9","15","10","13","0","1","5","7","7","7","4","0","0","5","5","5","3","9","301","89","53","13","10","0","3","3","53","61","14","12","5","2","1","1","0","16","63","14","15","8","3","2","2","1","15","37","8","6","2","2","1","1","0","1"
"s25","voters","0047226","1151","686","242","47","1","8","9","0","2","0","156","529","622","90","28","25","13","24","5","0","1","5","5","1","2","68","9","11","3","92","35","24","3","2","0","0","1","2","1","2","2","5","5","1","2","1","10","19","36","30","44","139","2","11","40","44","52","57","201","0","4","4","8","13","17","72","0","3","3","7","12","19","80","2","11","12","6","17","13","38","2","5","5","8","16","7","14","0","1","2","6","6","6","12","0","2","4","3","4","8","13","359","110","65","23","14","1","3","4","107","124","33","18","11","4","1","2","2","47","81","23","16","14","5","1","4","0","12","44","14","8","0","0","0","1","0","0"
"s25","voters","0047249","977","601","178","41","4","3","3","0","7","0","140","419","558","100","32","14","8","10","1","3","0","2","1","1","0","43","9","5","1","38","27","25","5","1","0","0","0","4","2","2","0","12","3","2","0","0","13","27","28","22","34","91","0","25","44","51","42","55","169","1","6","3","9","14","16","37","1","1","4","8","17","16","45","1","3","13","20","13","18","18","1","6","12","8","8","8","11","0","1","8","6","5","5","7","0","2","2","5","1","8","8","342","98","60","20","14","2","6","5","54","91","20","22","5","3","0","0","4","33","80","14","16","12","6","1","3","1","7","36","11","6","1","2","0","1","0","1"
"s25","voters","0047348","1024","618","186","42","3","4","5","0","2","0","164","472","552","65","12","8","5","23","2","7","4","5","0","2","1","71","18","11","1","47","25","33","5","9","2","1","0","12","1","3","0","16","1","5","2","2","12","16","43","28","36","110","3","21","33","62","44","35","173","0","5","7","10","12","17","50","0","1","4","6","13","15","46","1","6","13","21","10","12","33","1","5","7","14","9","8","24","1","3","1","3","10","3","7","0","4","1","2","7","9","5","315","111","70","23","4","1","1","3","90","99","24","12","7","2","1","3","1","37","75","24","15","13","11","1","5","0","20","37","12","2","0","1","1","0","1","2"
"s25","voters","0047370","1209","726","205","60","3","5","9","0","2","0","199","521","688","97","29","29","9","20","7","3","5","2","0","1","0","40","13","11","2","49","21","30","1","6","2","2","1","4","4","1","0","11","5","4","2","1","13","35","36","35","42","108","3","26","55","60","58","68","186","1","7","7","11","25","13","48","0","1","4","14","17","23","34","0","3","13","22","15","18","32","0","6","7","15","23","17","28","0","2","2","7","4","6","15","0","1","1","9","4","7","21","389","106","84","27","24","10","5","2","79","107","27","21","9","5","1","2","5","28","102","27","18","14","10","2","2","3","21","52","14","6","2","1","0","2","1","1"
"s25","voters","0047411","995","598","169","45","4","5","5","0","5","0","164","456","539","100","9","20","10","20","8","6","6","2","0","2","0","68","19","13","5","61","25","25","4","1","2","1","0","8","2","2","0","14","2","2","0","1","13","27","33","29","35","99","2","14","44","55","37","52","157","2","3","5","13","12","18","42","0","2","5","10","7","15","35","1","7","13","14","9","17","28","1","3","11","17","14","8","21","1","2","2","5","5","9","11","0","1","2","1","7","3","15","291","109","82","19","9","3","11","6","68","85","27","19","7","3","0","3","0","25","87","20","18","11","6","1","5","2","14","45","3","7","2","3","0","0","0","4"
"s25","voters","0047515","1097","649","198","39","0","7","5","0","6","0","193","514","583","66","15","28","11","12","3","2","3","2","3","5","1","42","8","5","1","87","40","45","4","2","0","3","1","4","0","3","0","8","6","6","0","1","13","32","44","32","38","112","2","24","41","61","37","51","161","0","6","4","5","11","16","58","0","3","5","7","13","17","53","0","1","15","23","15","19","29","0","10","14","16","11","11","29","0","1","6","2","9","7","15","0","1","1","0","2","5","8","349","92","90","19","13","2","3","3","78","92","38","26","8","5","0","0","3","26","101","24","22","14","4","3","3","2","20","35","12","6","1","1","1","1","0","0"
"s25","voters","0047530","654","422","95","26","5","4","5","0","2","0","95","227","427","61","11","15","3","9","1","3","1","1","0","0","1","20","2","4","1","25","4","7","1","4","1","1","0","2","0","1","1","12","1","2","1","0","10","28","16","17","11","55","1","16","46","25","24","41","132","0","2","1","1","4","7","17","0","0","2","5","8","6","42","0","3","8","11","4","6","11","0","3","10","4","5","9","21","0","0","3","2","4","3","3","0","1","3","10","2","4","7","294","60","32","10","7","1","3","1","14","58","19","8","3","1","0","0","3","3","63","13","3","11","1","0","1","0","3","34","4","3","0","0","0","0","0","1"
"s25","voters","0047563","1100","635","224","41","2","6","8","0","4","0","180","493","607","128","27","16","9","12","6","3","2","4","0","2","0","24","10","5","3","67","42","33","5","7","1","2","0","5","1","3","1","9","5","3","3","1","7","37","51","32","46","91","1","18","45","52","54","61","139","1","5","8","15","16","27","43","0","6","2","14","14","25","48","3","11","4","8","14","17","24","1","11","14","24","12","8","29","0","3","2","8","3","5","11","0","4","4","6","2","5","8","337","104","83","19","10","5","5","4","68","132","22","26","8","4","3","1","0","28","107","20","16","5","6","1","0","4","21","36","13","7","2","0","0","1","0","2"
"s25","voters","0047619","1013","582","201","41","3","7","6","0","2","0","171","466","547","64","19","12","6","15","10","3","2","4","2","1","1","46","12","16","6","62","48","27","2","6","2","2","1","5","2","3","0","10","3","5","3","0","13","26","38","28","33","102","3","33","43","51","42","49","121","0","2","13","3","5","31","52","0","5","9","2","6","33","40","1","8","15","9","8","11","35","0","14","11","10","6","12","31","0","2","6","3","5","3","14","0","2","3","4","8","5","4","333","102","52","16","9","3","3","4","60","111","18","20","4","3","0","4","0","41","100","19","21","10","0","3","3","0","15","45","6","6","0","1","1","0","0","0"
"s25","voters","0047642","1058","636","199","59","3","4","4","0","5","0","148","465","593","76","24","14","3","13","2","2","1","1","2","3","1","42","15","7","4","77","27","25","12","5","1","3","0","6","1","1","2","8","4","1","1","1","18","39","31","22","42","82","1","18","63","44","53","70","152","1","5","4","14","17","22","52","0","4","7","7","12","24","30","1","3","13","13","15","15","20","0","3","12","11","12","13","17","0","1","10","5","4","6","9","0","4","6","4","5","6","15","390","83","62","25","16","4","9","3","44","95","31","32","6","4","1","0","2","28","74","25","15","9","8","1","1","4","11","54","11","4","1","1","0","0","2","2"
"s25","voters","0047724","978","509","235","35","2","2","2","0","1","0","192","463","515","47","7","9","8","13","5","6","0","4","6","6","1","35","15","9","1","96","79","72","5","11","2","4","1","12","5","11","0","7","0","3","0","2","14","29","24","21","22","102","0","18","31","29","39","48","130","1","6","7","5","7","28","66","0","5","0","4","5","28","73","1","9","12","14","13","16","44","0","7","5","13","8","15","35","0","1","0","1","3","5","10","0","0","3","2","2","6","9","280","73","62","21","14","2","4","4","49","115","32","34","7","5","2","4","3","33","95","28","20","12","9","1","1","2","24","28","6","4","1","1","0","0","0","2"
"s25","voters","0047781","774","462","156","30","1","0","0","0","3","0","122","377","397","77","15","12","8","19","3","3","0","1","3","1","0","35","13","5","2","42","19","30","4","3","1","5","0","13","2","2","0","13","1","0","1","2","18","26","27","23","25","85","1","23","36","29","36","45","86","0","1","4","9","9","21","45","1","4","4","9","8","15","26","1","5","11","18","2","7","21","0","5","7","9","8","13","15","0","1","5","2","2","4","3","1","1","0","3","0","3","9","265","75","49","15","12","3","2","3","38","72","21","18","7","4","1","1","3","29","59","20","13","8","1","1","7","0","13","27","2","2","1","2","0","0","0","0"
"s25","voters","0047857","1121","658","255","37","2","1","8","0","11","0","149","536","585","75","26","8","6","22","5","7","2","4","1","2","1","34","7","6","1","56","22","13","2","5","2","1","0","0","2","0","0","11","3","3","0","1","15","21","49","37","52","124","2","10","31","47","57","54","158","0","2","5","14","12","25","67","0","4","9","11","17","19","70","1","7","5","16","14","16","22","2","3","5","10","10","13","25","0","3","2","2","5","8","11","1","2","1","4","6","10","4","342","116","72","24","12","8","5","6","73","125","38","29","6","10","1","2","4","40","68","25","14","15","4","1","2","2","18","36","7","5","4","4","0","2","1","0"
"s25","voters","0047868","913","609","139","28","4","5","6","0","6","0","116","403","510","114","19","22","14","15","9","2","3","3","0","2","0","28","8","3","0","27","12","10","2","11","0","3","0","3","3","0","1","7","0","0","0","3","23","31","41","35","36","74","1","22","47","54","53","61","128","0","2","7","5","5","12","35","0","2","5","6","6","17","37","1","9","8","12","14","8","16","0","3","10","10","4","8","13","0","1","4","6","7","5","3","0","2","2","6","3","6","4","310","102","67","24","11","8","4","6","77","64","15","23","10","3","1","2","0","21","56","18","9","14","3","1","1","2","12","30","7","6","2","0","1","0","0","3"
"s25","voters","0047943","993","578","201","35","2","7","12","0","8","0","150","445","548","84","14","22","11","18","3","3","3","1","2","0","0","40","11","7","3","62","15","14","3","3","0","0","2","1","3","0","0","8","3","5","1","0","15","29","32","37","36","82","0","23","54","43","42","55","130","2","3","5","10","7","24","48","0","7","3","5","8","23","56","3","8","16","13","12","17","18","0","6","6","17","14","2","18","1","2","7","1","4","1","12","1","2","5","4","5","8","11","332","72","69","23","16","5","5","7","49","110","23","30","5","4","0","1","1","27","69","19","26","7","5","0","0","5","19","40","13","7","1","0","0","2","1","0"
"s25","voters","0048115","755","461","122","28","4","7","6","0","3","0","124","315","440","143","26","35","11","1","1","3","1","0","1","0","0","6","3","0","1","7","2","3","1","9","2","5","2","4","0","2","0","9","2","3","2","0","18","24","18","20","35","60","5","30","35","31","36","41","108","0","3","9","7","7","12","20","0","1","5","6","12","9","31","4","3","13","12","8","8","8","1","12","12","13","9","9","12","0","0","2","3","3","9","9","0","1","5","1","3","8","4","237","82","59","11","15","3","2","3","49","71","27","14","2","0","0","0","0","8","77","19","14","5","1","0","1","1","6","32","8","5","1","1","0","0","1","0"
"s25","voters","0048166","917","575","152","25","5","5","10","1","6","0","138","399","518","142","33","35","12","6","1","2","1","1","0","0","0","9","0","0","0","11","4","5","2","3","1","1","1","0","1","1","0","4","1","1","0","0","13","22","40","44","44","67","2","23","37","60","44","53","126","0","3","11","14","9","16","23","0","3","2","13","14","23","21","3","8","8","17","8","9","13","2","7","14","13","12","12","12","0","3","5","5","5","6","3","1","2","3","4","4","6","5","305","91","71","20","7","8","9","5","59","80","26","14","4","7","2","2","1","16","70","25","13","11","3","1","2","1","12","32","10","6","0","1","0","0","1","2"
"s25","voters","0048270","528","307","98","22","1","6","5","0","7","0","82","233","295","96","11","24","13","2","0","0","0","0","1","0","0","0","0","0","0","10","4","6","1","15","5","7","1","6","6","10","3","6","3","2","2","1","11","13","8","16","27","45","3","21","27","22","22","36","55","1","1","6","4","9","16","14","1","3","5","7","5","12","14","1","9","6","4","4","7","10","0","6","8","4","8","3","12","0","1","3","2","5","2","7","0","3","1","4","6","4","3","151","60","41","11","10","0","8","4","22","61","9","8","2","2","1","3","1","11","41","12","7","6","3","0","3","2","8","26","10","3","1","0","0","0","0","1"
"s25","voters","0048305","892","568","139","32","7","4","3","0","5","0","134","374","518","148","29","37","16","3","2","0","0","0","0","0","0","4","0","0","0","14","11","3","0","6","4","2","0","2","3","0","0","13","5","2","4","2","18","32","31","24","33","60","5","42","44","47","51","61","118","0","4","10","7","13","20","25","0","3","4","6","10","13","24","2","8","16","20","8","8","7","2","11","11","13","6","9","13","0","2","3","9","8","2","2","0","6","1","6","3","6","3","309","86","63","13","22","4","6","2","63","74","25","11","4","7","0","1","1","16","78","22","12","5","8","0","0","0","9","29","12","5","2","2","0","1","0","0"
"s25","voters","0048374","463","296","55","21","4","4","2","0","3","0","78","184","279","71","19","20","8","2","0","0","2","1","0","0","0","1","3","0","0","7","2","4","0","4","2","0","1","6","0","1","0","3","2","0","0","1","6","21","11","8","14","42","3","13","35","23","17","30","72","0","1","1","9","5","9","5","0","1","0","9","6","6","3","2","5","10","2","11","6","2","3","5","11","4","6","2","9","0","1","1","3","1","1","6","0","4","1","4","2","4","6","145","51","31","12","4","1","8","6","38","30","7","8","2","3","0","2","0","3","44","12","11","4","2","2","1","1","1","21","5","5","0","1","1","0","0","1"
"s25","voters","0048396","733","494","87","27","6","5","4","0","4","0","106","281","452","123","17","27","7","5","3","2","1","0","0","0","0","3","1","0","0","12","3","2","1","12","2","5","2","4","7","0","0","7","2","2","3","1","14","20","20","17","27","93","2","33","37","25","34","48","123","0","1","1","5","4","15","10","0","1","4","4","11","10","21","5","1","4","8","0","10","13","1","8","8","13","12","13","10","0","1","2","2","0","4","3","1","6","3","6","1","10","7","279","73","56","16","15","2","11","6","36","57","14","9","2","2","0","0","1","2","63","12","10","4","3","1","2","2","9","31","7","2","2","0","1","1","1","1"
"s25","voters","0048447","741","488","90","26","6","3","3","0","3","0","122","290","451","185","27","56","12","3","1","2","0","1","0","0","0","2","0","0","0","9","4","7","3","10","1","0","0","2","6","1","0","12","4","0","0","0","17","27","11","22","38","48","7","45","49","35","43","48","98","0","5","5","7","8","7","17","0","5","1","4","6","7","18","0","8","13","7","1","16","12","2","5","12","14","12","5","15","0","3","2","6","6","2","2","0","3","4","2","3","6","2","251","86","66","17","18","4","6","1","39","53","13","13","0","3","1","1","1","5","60","14","19","11","2","0","4","1","11","29","9","3","0","0","0","0","0","0"
"s25","voters","0048475","602","401","62","11","6","4","3","0","3","0","112","237","365","122","14","35","7","6","0","0","0","3","0","0","0","2","0","0","0","6","3","6","0","19","4","2","1","5","1","4","1","5","7","2","0","2","18","23","24","17","25","35","8","27","41","41","42","39","59","0","2","7","6","3","10","6","0","2","2","3","3","4","14","0","5","11","15","6","4","8","2","13","17","10","8","3","10","0","3","1","1","3","2","0","0","3","2","6","6","0","0","205","77","40","10","15","1","14","3","36","34","9","7","3","2","0","2","2","3","65","18","13","7","4","2","2","0","1","17","5","3","0","0","1","0","0","1"
"s25","voters","0048524","546","333","87","17","6","9","3","0","2","0","89","226","320","88","21","18","13","6","0","0","0","1","0","0","0","0","0","1","1","17","3","3","0","11","9","5","0","13","9","5","0","3","0","1","1","1","7","15","8","17","32","56","3","20","23","18","34","29","70","0","2","4","4","4","8","23","0","1","3","1","4","17","16","0","4","5","5","4","7","7","2","8","10","12","7","7","11","0","2","1","4","4","2","0","0","5","4","3","4","3","5","183","56","43","8","10","2","3","4","24","57","6","13","1","4","0","0","3","3","47","15","13","5","4","0","1","1","3","21","8","5","3","0","0","0","0","0"
"s25","voters","0048579","581","346","71","22","7","4","3","0","3","0","125","246","335","71","15","28","6","2","0","4","0","1","0","0","0","1","0","0","0","13","1","3","1","34","4","9","0","15","4","10","0","11","2","2","1","3","13","10","30","15","23","34","6","21","34","26","26","56","49","0","2","6","8","6","7","11","0","0","3","11","5","6","6","1","8","14","8","7","8","10","1","8","11","15","7","12","15","0","3","4","4","2","8","1","0","0","6","3","4","3","1","183","69","43","7","10","2","2","3","27","45","10","12","1","0","0","0","1","2","78","15","17","4","3","2","2","0","4","26","4","7","1","0","1","0","0","0"
"s25","voters","0048613","519","308","75","16","2","2","3","0","9","0","104","204","315","62","15","20","8","2","1","1","2","0","0","0","0","2","0","0","0","10","6","4","0","27","3","16","5","3","2","5","0","2","3","4","0","1","15","16","15","16","23","29","0","23","32","21","33","39","45","0","1","6","8","4","5","11","0","0","8","6","8","7","11","1","8","6","3","7","7","9","1","5","12","14","11","10","10","1","2","5","1","1","2","1","0","4","2","3","6","1","3","159","54","46","7","5","0","6","2","29","41","6","11","5","4","1","2","1","4","56","14","11","5","5","2","2","1","8","21","7","1","2","0","0","0","0","1"
"s25","voters","0048637","581","375","84","25","5","3","4","0","3","0","82","244","337","86","13","24","11","1","0","1","0","0","1","0","0","3","1","0","0","10","1","12","2","12","7","6","1","9","7","1","0","2","6","2","2","0","15","14","25","17","30","37","1","33","31","38","25","37","72","0","6","10","9","6","9","13","0","1","4","6","5","5","10","1","8","2","9","5","3","7","1","7","11","10","10","5","3","3","3","3","2","4","2","1","0","5","4","6","3","1","3","208","54","40","20","16","2","2","2","31","58","11","7","3","3","0","0","1","1","51","19","5","4","0","1","0","1","1","27","6","3","1","2","0","0","0","1"
"s25","voters","0048703","669","426","93","14","2","4","2","0","3","0","125","283","386","117","31","29","6","5","0","2","1","0","2","2","0","3","0","0","0","16","4","5","1","38","8","12","0","6","6","1","0","4","3","2","0","0","23","24","25","16","23","49","4","32","44","47","37","37","65","0","5","4","17","9","7","10","0","2","3","6","7","11","12","0","10","9","12","3","5","15","3","18","11","14","6","7","12","0","2","4","1","3","4","3","0","2","1","1","0","0","4","221","79","59","12","16","3","5","2","29","60","11","12","4","2","1","0","1","2","74","18","14","5","5","0","3","0","6","14","6","4","0","0","0","0","0","1"
"s25","voters","0048728","682","419","125","38","2","3","2","0","0","0","93","281","401","88","29","22","9","9","6","0","0","3","0","0","0","2","0","1","0","6","4","4","0","15","5","6","2","8","4","5","0","11","5","4","2","1","10","22","23","16","40","50","2","30","39","30","21","47","88","0","1","6","4","9","17","24","1","4","4","5","8","20","22","2","8","7","3","4","6","9","0","12","10","7","10","7","8","0","3","3","3","3","3","4","0","3","3","4","1","7","8","237","57","50","16","18","4","11","0","26","71","19","16","1","4","0","0","2","12","57","8","11","10","2","0","1","0","4","33","4","6","0","0","0","0","0","2"
"s25","voters","0048917","670","434","90","28","4","2","4","0","3","0","105","281","389","124","16","23","11","7","0","0","2","6","0","0","0","0","0","0","0","8","2","10","3","27","3","3","1","12","11","4","0","5","4","1","2","3","12","21","26","20","25","69","1","31","37","31","30","42","86","0","3","6","2","5","13","15","0","2","4","2","11","10","17","3","1","10","7","4","4","12","2","11","12","13","12","6","8","0","0","3","0","5","7","5","1","3","3","0","4","5","5","238","68","52","17","9","2","2","6","40","45","11","12","1","6","0","1","3","11","61","12","12","6","4","2","1","0","7","24","8","5","2","0","0","1","0","1"
"s25","voters","0048930","655","402","103","23","3","4","3","0","2","0","115","268","387","74","23","25","12","2","1","2","0","4","0","1","0","0","0","0","0","6","0","1","0","22","8","7","1","12","6","13","2","9","10","3","1","2","12","21","17","23","24","51","3","17","36","33","36","40","87","1","6","6","5","9","7","15","0","3","2","8","13","6","22","0","5","11","6","7","7","16","0","8","10","10","9","14","12","0","2","3","3","3","2","4","0","3","6","1","1","3","4","221","62","51","12","9","5","4","2","36","60","15","11","4","1","1","2","2","7","64","17","11","6","6","0","3","0","8","21","12","2","0","0","0","0","0","0"
"s25","voters","0048995","757","465","125","27","5","6","1","0","3","0","125","306","451","126","29","36","10","4","4","0","0","1","2","1","0","1","1","1","0","17","5","9","1","20","10","4","1","12","9","7","1","17","3","2","1","2","20","20","27","22","34","41","0","40","53","43","46","42","75","0","1","5","18","6","17","16","0","4","7","8","9","11","23","2","10","6","9","8","10","12","2","18","7","19","2","8","12","0","2","2","3","5","3","5","0","3","3","5","4","2","5","245","69","76","18","7","3","4","5","38","71","20","21","2","1","0","1","2","7","75","19","16","3","2","1","3","0","6","29","5","5","1","0","1","0","0","1"
"s25","voters","0049006","708","431","138","29","7","5","3","0","3","0","92","315","393","183","32","30","14","2","3","0","5","0","0","0","0","0","0","0","0","4","3","2","0","2","1","3","0","4","1","3","1","9","5","0","1","0","23","23","31","25","36","49","3","24","40","30","42","40","65","1","3","6","6","4","14","33","0","2","3","8","5","18","35","2","10","3","9","9","6","2","1","8","12","10","6","10","4","0","0","4","6","1","4","5","0","4","3","4","3","6","7","225","72","60","18","12","2","1","3","38","69","14","16","6","5","0","3","3","22","54","10","10","6","3","0","2","1","6","32","8","4","0","1","0","0","0","2"
"s25","voters","0049052","639","383","103","40","2","6","2","0","4","0","99","256","383","91","27","22","16","15","3","1","2","2","0","0","0","3","0","0","0","2","1","3","2","7","1","2","1","0","0","3","1","7","4","3","1","1","17","16","19","15","23","39","5","23","32","40","48","42","63","2","4","6","7","9","9","18","0","2","2","2","8","5","29","1","5","3","12","9","6","10","3","5","9","13","8","4","11","1","1","4","5","2","3","9","0","2","9","7","2","2","7","200","77","28","15","11","4","5","4","39","60","13","13","2","2","1","1","0","11","47","13","14","8","4","1","2","0","10","28","11","8","2","1","0","1","2","1"
"s25","voters","0049061","517","294","83","23","4","5","2","0","2","0","104","221","296","68","14","23","6","5","1","3","0","0","0","0","0","0","1","1","0","9","4","2","0","7","5","6","0","20","19","19","5","3","2","2","0","1","5","9","9","10","23","51","2","17","16","20","10","47","74","0","1","3","4","5","10","23","0","0","2","6","1","2","26","0","7","7","9","4","7","11","3","7","6","7","7","11","18","0","4","1","2","2","5","8","1","0","2","3","3","2","3","162","42","48","12","4","3","4","3","16","49","9","15","3","2","0","0","1","4","55","21","10","8","1","0","1","2","6","22","8","3","1","0","0","0","0","2"
"s25","voters","0049162","625","338","159","20","6","6","1","0","2","0","93","277","348","117","32","25","9","1","4","0","0","2","0","0","0","9","2","3","1","7","2","9","1","3","0","0","0","14","14","7","1","5","3","2","0","0","9","13","16","9","31","49","0","23","23","33","18","38","76","1","4","6","16","4","19","34","0","7","9","7","11","14","27","0","6","10","8","6","5","11","1","11","12","8","6","4","5","0","2","3","4","1","7","3","1","7","3","0","0","1","3","173","53","42","10","10","1","8","1","40","88","20","29","2","1","0","2","5","12","60","17","8","1","4","0","0","3","0","24","8","0","0","2","1","0","0","0"
"s25","voters","0049208","687","401","137","24","8","6","2","0","0","0","109","271","416","102","33","21","8","4","1","1","2","0","2","0","0","1","0","0","0","7","3","10","0","14","3","5","0","27","20","12","3","12","0","1","0","2","13","19","10","16","23","60","3","30","45","30","38","38","74","0","3","8","6","5","9","30","0","1","4","8","12","15","36","1","5","6","7","7","7","17","1","15","6","7","8","10","12","0","1","5","1","2","5","3","0","2","6","4","3","3","5","253","57","41","7","18","0","8","1","16","84","20","17","2","5","0","0","1","8","66","9","9","9","3","1","3","0","9","26","8","4","0","1","0","0","1","0"
"s25","voters","0049250","657","365","124","34","9","2","3","0","4","0","116","278","379","106","16","31","8","4","2","0","0","2","2","0","1","0","0","0","0","6","2","3","0","11","0","3","2","13","18","13","7","17","7","4","3","1","13","14","17","12","26","57","3","30","29","27","24","20","92","0","6","3","8","9","12","28","0","1","4","12","7","11","23","1","6","10","11","9","3","10","2","20","11","11","8","2","12","0","0","3","3","7","2","7","0","2","7","3","4","7","7","195","61","48","11","7","2","2","12","27","72","21","9","4","3","1","0","2","12","70","19","10","5","2","1","2","1","6","33","12","0","1","0","2","1","0","3"
"s25","voters","0049263","609","361","108","25","1","4","1","0","4","1","104","266","343","99","13","24","4","5","4","2","1","1","0","0","0","1","2","0","2","8","1","4","0","49","6","14","1","6","1","3","2","3","5","2","1","1","7","12","16","15","34","61","4","24","22","22","29","39","75","2","4","4","9","6","13","14","0","1","9","8","9","11","18","0","7","7","8","8","9","7","0","11","12","8","7","6","14","0","4","3","2","6","5","2","1","1","1","3","2","2","4","191","58","52","3","7","5","2","6","37","60","15","12","3","3","0","0","1","14","62","17","12","3","2","0","5","0","3","20","6","4","2","0","1","1","0","2"
"s25","voters","0049304","610","417","59","25","7","4","3","0","3","0","92","242","368","127","9","35","9","4","0","1","0","3","0","1","0","0","0","0","0","1","1","5","0","18","8","2","1","7","5","7","5","3","2","2","4","2","4","23","23","18","30","56","11","36","30","26","35","45","78","0","0","3","4","3","5","11","0","0","4","5","6","6","12","1","6","7","8","5","8","4","1","5","16","10","8","4","9","0","6","1","3","4","4","3","1","1","4","4","2","7","2","247","64","42","9","15","3","7","3","27","32","10","8","0","1","0","1","3","4","54","10","11","7","4","0","2","0","4","30","3","5","3","1","0","0","0","0"
"s25","voters","0049327","634","406","99","25","4","3","2","0","4","0","91","246","388","99","20","34","9","2","2","1","0","1","0","2","0","2","1","1","0","1","3","4","0","5","4","7","0","5","5","2","3","6","3","1","0","2","18","10","20","6","33","53","3","24","29","30","34","41","103","1","2","5","6","5","8","25","0","3","7","2","7","10","18","4","1","11","3","7","3","6","2","9","10","8","8","7","12","0","2","4","2","4","1","4","0","1","7","3","4","2","4","229","64","47","18","10","1","6","1","30","63","8","11","2","3","2","0","4","6","49","13","11","5","4","2","1","0","6","24","9","2","0","1","0","0","0","2"
"s25","voters","0049373","698","420","116","28","10","8","2","0","3","0","111","256","442","69","19","23","9","11","1","1","0","1","1","1","0","1","3","0","0","7","3","1","0","8","1","3","2","13","11","8","3","5","4","12","1","2","10","10","17","11","28","57","2","23","19","22","36","51","132","0","2","0","6","6","13","29","0","3","2","2","7","7","39","0","6","8","4","5","7","11","2","13","9","3","9","10","24","0","2","4","4","3","6","5","0","2","3","0","3","7","12","264","58","49","13","8","1","4","3","20","62","19","18","5","3","0","1","1","7","69","11","13","4","1","5","2","2","4","34","11","4","1","0","0","0","0","1"
"s25","voters","0049401","548","314","87","28","5","3","1","0","5","0","105","254","294","111","19","21","13","2","2","0","1","0","0","0","0","2","1","0","1","5","3","5","5","13","12","10","1","9","4","7","0","4","3","4","2","3","14","21","14","15","27","41","3","28","31","16","17","33","51","0","6","5","7","3","8","19","0","3","5","4","6","7","14","0","4","9","11","5","11","13","1","7","7","8","9","6","14","0","1","3","2","1","5","6","0","2","3","7","3","4","5","165","51","38","14","14","3","8","0","21","57","12","8","1","1","0","1","1","6","57","10","15","8","3","4","3","1","4","29","6","6","0","0","1","0","0","0"
"s25","voters","0049457","642","399","90","19","3","3","6","0","5","0","117","275","367","127","21","45","10","2","2","1","0","0","1","0","0","0","0","0","0","5","3","5","0","16","9","13","1","11","6","3","4","18","1","6","0","0","16","29","20","16","23","42","5","35","46","29","35","35","68","1","5","3","10","5","12","17","0","0","3","4","7","9","14","0","9","14","9","5","10","9","1","10","16","5","3","13","13","1","2","3","6","2","3","3","0","2","6","2","3","1","2","236","85","38","6","11","2","4","3","14","61","13","9","0","2","0","0","2","3","66","15","13","5","6","4","2","0","6","24","8","4","0","0","0","0","0","0"
"s25","voters","0049472","689","420","120","17","6","3","5","0","3","0","115","277","412","114","26","35","9","9","3","3","1","3","1","1","1","3","1","0","0","16","1","6","2","7","1","5","0","2","6","5","0","13","9","1","1","0","11","16","25","16","29","53","4","31","36","37","27","43","92","0","4","3","6","7","13","23","0","0","2","14","6","9","33","1","8","7","13","9","5","12","1","7","9","20","8","6","9","0","1","2","4","2","2","5","0","1","5","2","2","4","4","221","74","51","20","13","2","5","6","28","64","20","16","5","4","0","1","0","10","64","18","7","5","5","2","3","4","7","18","7","7","0","1","0","0","0","1"
"s25","voters","0049528","803","523","132","28","5","6","3","0","4","0","102","327","476","112","25","26","3","6","1","1","0","3","0","6","0","1","0","0","0","8","4","6","1","12","6","6","2","15","6","7","2","22","9","2","1","1","16","23","21","26","27","84","2","24","37","26","40","56","140","0","4","3","8","8","10","26","0","2","5","9","6","11","40","0","4","7","5","7","7","16","0","6","14","8","8","6","14","0","1","4","8","2","1","8","0","1","3","5","2","5","6","291","88","64","21","13","4","7","3","32","68","20","16","4","3","2","2","2","15","59","12","12","9","3","2","2","0","3","32","8","1","1","0","1","0","1","2"
"s25","voters","0049629","677","389","113","27","6","2","1","0","3","0","136","278","399","111","13","30","6","5","2","1","0","0","0","0","0","2","0","1","0","9","6","12","2","11","3","9","5","13","6","7","2","4","4","4","1","1","11","35","15","18","27","41","2","27","32","29","34","54","63","1","4","8","11","8","15","9","0","4","5","4","7","13","24","2","8","10","9","13","6","9","0","12","16","17","5","17","12","1","3","1","5","0","3","4","0","3","4","6","0","3","6","212","67","42","9","8","4","7","3","37","82","9","6","1","7","0","0","2","6","81","13","20","10","4","0","1","0","7","22","6","8","1","0","1","0","0","1"
"s25","voters","0049705","800","480","135","46","1","4","7","0","3","0","124","348","452","114","23","27","17","10","1","0","0","3","2","2","0","1","0","0","0","23","6","8","1","14","3","9","1","29","13","3","4","15","10","7","2","1","24","24","24","25","32","53","4","28","43","40","41","76","65","2","3","5","15","7","9","23","0","2","4","10","11","17","27","2","13","12","10","9","8","13","1","2","13","10","8","10","13","0","4","1","6","5","9","9","0","3","4","3","2","8","7","276","92","56","9","4","2","2","3","36","77","13","18","3","2","1","1","2","18","64","25","12","5","6","1","1","1","9","38","11","7","2","2","0","1","0","0"
"s25","voters","0049740","821","480","160","30","4","7","11","0","2","0","127","355","466","102","29","26","15","4","4","2","2","1","0","0","0","1","3","0","0","6","8","2","0","18","10","5","0","12","11","4","3","22","3","8","1","0","19","19","19","22","36","61","2","40","51","34","44","58","75","1","7","11","12","13","24","25","1","2","4","14","11","16","19","1","10","12","8","9","8","7","1","11","10","19","10","8","13","0","5","4","5","8","4","5","0","3","2","6","2","6","4","254","80","65","12","9","1","11","4","44","96","14","24","3","1","0","1","1","20","76","18","11","7","4","3","3","1","4","39","7","5","1","1","1","0","0","0"
"s25","voters","0049834","600","306","120","36","8","1","2","0","3","0","124","251","349","59","15","24","7","1","1","4","1","1","1","0","0","3","0","0","0","10","5","11","2","24","10","14","5","16","15","10","2","9","7","2","0","1","14","17","13","14","21","27","2","23","30","36","41","31","36","0","3","3","15","11","10","20","0","1","4","10","9","14","20","0","4","14","10","10","10","9","4","6","9","15","13","10","10","0","3","2","1","9","5","5","0","1","4","4","3","7","6","184","54","32","10","5","2","2","3","14","71","18","15","1","2","0","2","4","7","71","16","14","4","6","3","2","1","7","34","8","4","1","0","0","0","0","3"
"s25","voters","0049855","882","552","146","25","5","6","4","0","3","0","141","356","526","129","25","25","14","10","3","2","0","0","1","0","0","0","0","0","0","23","8","17","0","31","4","16","1","25","22","8","5","11","2","6","2","0","13","21","36","27","32","76","0","27","51","42","42","64","121","0","3","7","9","10","19","21","0","4","7","14","11","15","26","1","9","9","12","10","8","14","1","7","13","19","10","13","15","0","4","2","5","1","6","1","0","3","5","7","4","1","4","324","93","57","26","9","1","2","5","35","87","20","21","4","6","0","0","0","8","77","24","18","9","7","0","0","1","5","31","7","3","2","0","0","0","0","0"
"s25","voters","0049870","681","459","80","32","2","6","2","0","3","0","97","284","397","83","10","16","4","9","0","0","0","0","0","0","0","2","0","0","0","16","6","11","2","20","6","6","0","11","9","6","3","9","4","2","1","2","12","30","23","23","33","43","3","26","40","47","46","59","72","0","1","2","9","10","10","13","0","2","2","4","6","9","12","1","11","11","7","6","7","7","0","10","5","9","7","9","7","0","3","3","3","5","3","6","1","7","2","4","3","3","2","255","84","48","22","6","3","10","3","28","47","8","14","1","3","0","0","0","7","56","18","7","3","6","0","4","0","3","31","5","5","2","0","1","0","0","1"
"s25","voters","0049959","669","378","116","25","0","5","3","0","2","0","140","285","384","68","17","20","9","3","0","0","0","1","2","1","0","4","1","0","1","23","4","7","2","38","9","16","0","31","15","12","4","21","11","13","0","2","12","23","22","24","26","40","1","26","36","31","52","43","40","1","3","4","9","15","14","13","0","3","10","10","12","11","11","1","6","12","16","14","9","7","0","12","10","19","16","7","11","1","0","1","3","1","2","4","1","3","3","2","5","7","2","229","58","39","11","8","2","9","9","13","75","16","15","4","2","0","0","0","4","89","21","15","7","2","1","0","4","1","27","6","0","0","1","0","0","0","1"
"s25","voters","0051127","911","562","155","38","3","0","11","0","7","0","135","408","503","125","12","23","11","15","6","6","2","1","0","2","0","2","1","0","0","7","5","3","0","6","0","2","1","7","0","0","0","8","2","4","0","0","22","53","51","33","30","36","3","39","91","57","41","45","61","0","7","15","15","5","16","22","0","2","6","7","16","10","34","0","6","20","17","15","8","7","1","6","25","10","6","3","11","0","2","11","6","3","4","4","1","2","4","8","5","3","6","371","81","46","15","7","1","6","4","31","79","27","16","6","2","1","3","1","20","89","15","11","7","3","0","3","2","5","41","9","6","1","0","0","1","0","1"
"s25","voters","0051242","1024","541","253","44","3","10","15","0","5","0","153","468","556","83","17","26","11","15","14","5","0","2","0","0","1","5","2","3","0","11","5","5","1","1","1","0","2","6","5","2","0","4","2","0","2","2","7","43","55","25","32","44","9","29","62","66","39","48","80","0","5","7","15","17","31","59","0","2","11","12","17","26","51","1","6","14","20","16","14","12","2","8","13","13","8","10","16","1","7","10","10","1","8","6","0","3","7","5","5","6","8","301","93","58","15","12","2","8","5","47","134","27","32","10","5","1","3","3","38","73","21","18","14","6","3","4","1","13","42","19","10","2","1","0","1","0","2"
"s25","voters","0051390","578","337","117","17","2","5","8","0","3","0","89","271","307","40","14","16","2","10","1","3","2","0","0","0","0","4","0","1","0","5","0","1","0","2","0","0","0","1","0","0","0","5","0","0","0","0","7","16","20","22","14","52","1","15","30","32","23","34","71","0","2","2","10","13","13","24","0","1","4","7","7","11","23","0","4","6","14","7","9","15","1","4","2","7","8","7","5","0","2","5","2","3","1","8","0","2","2","2","0","4","4","179","44","47","21","6","1","1","2","36","67","17","8","5","6","2","2","2","8","49","6","14","6","7","0","2","0","5","26","4","3","2","0","0","0","0","0"
"s25","voters","0051438","1231","645","310","59","1","3","12","0","6","0","195","555","676","105","30","19","14","29","9","3","0","0","0","2","0","11","2","1","1","6","5","3","1","1","0","1","0","4","0","2","0","10","4","4","1","2","6","39","60","39","31","76","6","15","55","72","58","61","125","0","4","9","14","23","35","65","1","3","3","19","22","33","79","3","8","13","25","22","12","29","0","10","16","21","11","12","13","0","5","2","10","6","5","12","0","3","4","5","9","8","12","350","115","52","24","21","3","6","3","71","140","52","30","9","9","1","3","1","65","91","38","27","17","5","2","5","0","10","44","16","10","3","2","0","1","1","4"
"s25","voters","0051565","247","145","37","13","4","1","4","0","2","0","41","102","145","27","7","11","0","4","2","1","3","0","1","0","0","1","0","0","0","2","1","1","0","1","0","1","0","0","0","2","0","0","0","2","1","0","7","9","10","5","12","15","0","8","18","14","11","19","17","0","1","0","4","3","2","7","0","2","2","5","2","6","3","0","5","5","3","1","2","3","1","4","5","2","5","5","0","0","2","0","0","2","3","1","0","6","2","2","3","2","1","83","25","16","2","5","1","1","4","8","26","6","3","0","1","0","1","0","0","31","2","3","2","1","0","0","1","1","14","3","3","0","1","0","0","0","3"
"s25","voters","0051582","624","338","155","16","2","3","7","0","2","0","101","293","331","49","10","10","1","10","4","3","1","0","0","1","0","2","3","0","1","0","4","3","1","2","0","0","0","2","1","0","0","3","2","2","0","2","6","24","32","17","15","38","0","17","38","42","21","22","64","0","8","11","9","10","22","28","0","2","6","8","8","12","31","2","2","10","12","9","8","13","0","4","11","2","9","6","13","0","1","1","3","6","1","3","0","2","4","2","4","1","2","176","62","37","12","11","5","1","3","31","85","15","19","3","7","1","1","2","22","47","20","13","9","4","1","0","0","7","21","4","3","1","0","0","0","1","0"
"s25","voters","0051646","786","386","227","32","3","3","6","0","2","0","127","351","435","80","29","24","4","12","11","3","1","3","2","0","0","3","0","0","1","8","3","4","1","1","3","2","0","8","7","4","2","1","1","1","1","0","12","24","20","20","30","40","4","23","49","24","35","34","71","1","3","16","12","15","28","40","0","4","7","13","14","20","54","0","11","11","14","10","5","10","1","6","19","7","13","7","13","0","3","5","7","1","5","8","1","1","4","3","3","3","2","224","43","46","18","7","2","9","2","35","114","36","24","7","8","0","4","5","29","70","16","19","8","2","1","0","0","11","31","6","5","0","1","0","0","1","2"
"s25","voters","0051753","1071","577","275","30","4","3","6","0","11","0","165","489","582","110","21","26","10","21","11","2","1","1","0","2","0","6","2","1","0","5","3","1","0","1","2","1","1","3","1","1","0","3","2","1","0","3","10","38","43","31","35","69","5","20","58","56","36","42","131","1","8","14","17","23","29","60","0","4","10","21","12","25","51","0","5","10","22","20","10","16","2","9","14","19","18","11","9","0","1","1","8","4","7","4","0","2","4","4","2","6","11","317","98","67","9","16","3","9","1","57","136","38","33","10","7","3","2","4","42","86","22","28","5","2","3","4","1","14","29","10","8","4","0","1","0","0","2"
"s25","voters","0051794","980","499","261","33","8","9","14","0","7","0","149","444","536","111","19","25","10","16","11","6","4","4","0","2","1","0","1","0","0","7","1","4","2","1","1","1","0","4","2","2","0","5","3","3","1","1","7","34","40","25","37","57","2","9","46","50","42","41","108","1","5","11","12","25","30","54","0","5","7","15","17","30","49","0","3","14","14","17","11","10","2","6","12","19","14","11","16","0","1","2","11","4","7","11","0","4","10","5","5","3","8","273","81","67","15","6","1","7","4","45","136","40","26","7","5","2","5","2","38","75","20","14","9","9","1","5","3","13","39","21","9","0","1","0","0","0","1"
"s25","voters","0051844","898","434","289","28","1","4","7","0","3","0","132","405","493","83","38","20","5","16","7","7","2","0","1","0","0","1","2","0","0","7","3","5","0","4","3","3","0","1","3","0","0","12","2","2","1","1","11","33","24","20","28","61","3","18","44","37","43","31","80","1","5","16","17","21","26","47","0","3","11","15","22","27","78","1","9","9","11","14","10","16","2","4","8","16","10","10","12","0","1","5","7","3","4","4","0","0","2","4","2","7","4","220","84","48","15","7","6","5","6","43","142","35","39","9","9","2","4","4","45","66","20","20","8","2","0","0","2","14","30","5","3","2","2","0","0","0","1"
"s25","voters","0051988","791","392","226","34","3","4","8","0","2","0","122","366","425","85","28","25","15","7","3","4","1","1","2","0","0","3","0","0","0","12","2","6","1","2","5","1","0","8","6","6","2","4","3","2","0","0","11","34","25","22","28","50","1","12","42","43","24","32","68","0","5","11","15","23","15","47","0","4","10","11","15","20","50","0","4","8","10","10","13","11","3","2","11","15","11","10","14","1","3","6","4","4","3","3","0","6","6","6","1","4","4","185","69","59","10","8","2","3","4","52","110","31","32","7","7","0","9","1","29","67","21","12","6","3","0","1","2","10","28","12","8","0","0","1","0","0","2"
"s25","voters","0052104","931","460","262","36","2","8","7","0","2","1","153","424","507","73","14","23","6","23","6","7","1","2","1","1","0","5","1","2","1","2","3","1","0","4","0","1","0","1","0","1","0","2","1","1","1","1","11","19","29","28","31","63","1","12","32","39","39","42","113","2","6","7","12","18","34","57","0","6","9","7","15","22","67","1","4","12","19","11","13","20","0","6","14","11","12","10","20","0","1","2","6","6","6","5","0","0","4","6","7","7","6","255","74","51","7","7","2","5","5","54","114","39","32","7","11","2","6","4","47","65","31","28","7","5","1","6","2","8","29","13","6","3","2","0","0","0","3"
"s25","voters","0052260","1048","517","276","50","5","4","8","0","6","1","181","488","560","87","15","20","9","16","1","2","3","3","0","3","0","3","1","0","0","7","1","0","1","3","0","4","0","6","1","7","0","5","2","3","1","2","19","29","27","27","33","71","1","27","31","41","43","50","116","0","6","14","18","20","26","64","0","2","8","13","17","24","64","1","9","11","18","18","15","27","0","7","8","16","11","20","20","0","3","4","4","5","2","15","0","4","5","4","6","10","12","295","85","60","11","15","3","8","3","37","139","45","36","12","5","2","1","2","34","92","21","28","17","7","2","4","2","8","46","13","6","3","2","1","1","0","2"
"s25","voters","0052375","593","295","159","25","4","5","3","0","3","0","99","237","356","45","10","12","6","7","9","4","0","1","0","0","0","0","0","0","0","5","3","0","0","2","0","2","0","0","0","0","0","7","3","5","1","2","7","7","12","15","21","35","1","22","29","23","24","36","61","1","2","3","13","10","20","21","0","3","11","12","14","19","30","1","1","9","11","9","9","9","0","5","8","14","9","6","8","0","4","1","4","3","4","3","0","0","6","4","3","7","1","167","50","35","10","8","2","5","1","17","92","14","18","5","4","0","2","2","22","57","18","10","4","3","0","3","0","4","26","10","2","1","0","0","0","0","1"
"s25","voters","0052405","924","424","286","51","3","7","10","1","2","1","139","434","490","74","30","23","5","17","12","3","1","0","1","0","0","2","0","1","0","4","4","0","0","2","0","0","0","5","1","0","0","2","3","0","0","0","11","30","30","17","27","54","4","18","37","46","36","50","64","2","7","8","11","23","40","53","0","2","14","12","16","41","57","0","10","12","20","11","16","18","0","4","10","12","7","7","12","0","1","4","6","4","9","10","1","5","5","9","4","4","13","227","71","54","13","6","3","5","4","41","131","57","39","14","8","1","3","1","32","64","34","21","6","3","4","0","3","4","51","11","7","1","1","1","0","0","3"
"s25","voters","0052516","864","400","258","50","2","3","8","0","3","0","140","361","503","77","15","23","10","13","7","6","6","0","0","0","0","2","0","0","0","2","1","4","1","7","1","4","0","4","2","3","0","2","1","3","1","1","12","15","25","13","28","37","2","33","35","36","29","50","84","0","10","15","20","17","32","46","1","2","9","15","17","27","47","0","3","10","11","9","10","17","2","8","15","12","20","8","15","0","6","6","4","3","2","9","0","3","4","2","7","5","15","232","69","37","13","10","3","7","7","22","138","33","41","11","4","1","2","4","24","84","16","14","9","3","0","1","4","9","40","13","9","1","1","1","0","0","1"
"s25","voters","0052627","1020","466","330","43","3","6","6","0","3","0","163","454","566","89","46","21","8","11","9","1","1","3","0","1","0","4","1","0","0","5","2","9","1","7","5","5","0","8","12","1","2","6","0","0","2","7","12","28","34","26","35","43","2","21","41","41","35","47","94","1","12","20","30","20","29","48","0","9","16","20","21","37","67","3","4","16","15","10","14","15","1","5","17","16","10","21","16","0","1","7","3","2","8","11","0","2","2","8","5","5","7","274","78","52","16","9","4","3","4","26","169","55","42","12","9","1","6","3","33","74","32","16","8","14","1","2","5","11","39","11","8","0","2","1","0","0","0"
"s25","voters","0052723","704","332","200","34","5","8","11","1","7","0","106","300","404","65","22","13","11","2","3","4","4","2","1","1","0","0","1","0","0","4","1","2","0","2","4","2","0","6","1","3","0","4","2","2","0","0","8","28","20","12","18","28","0","14","38","36","29","39","62","0","4","14","18","17","22","33","0","2","8","16","15","21","30","1","4","5","19","4","5","13","0","4","7","11","4","10","19","0","0","7","7","3","5","5","1","4","5","9","5","7","8","193","50","43","3","7","4","6","4","22","98","28","33","6","8","0","5","0","22","60","12","14","6","4","0","0","0","10","40","12","7","2","0","0","1","2","2"
"s25","voters","0052750","744","351","216","39","2","4","10","0","1","0","121","316","428","56","26","18","9","8","3","5","1","4","5","2","0","0","1","1","0","5","2","4","0","2","4","1","2","5","5","8","0","11","11","4","2","2","6","18","20","8","25","33","5","28","36","35","38","29","68","1","6","10","16","15","29","39","0","5","14","15","15","21","30","0","9","6","12","12","4","15","2","7","10","16","8","7","13","0","1","2","6","10","4","7","0","4","2","10","3","5","2","184","67","44","5","7","0","3","3","38","112","34","33","4","12","1","0","2","18","59","22","16","7","4","1","1","1","10","31","13","7","1","1","0","0","0","3"
"s25","voters","0052799","759","316","254","37","3","4","9","0","2","0","134","327","432","71","24","21","9","9","6","6","0","0","0","0","0","1","3","0","1","7","2","3","0","15","4","1","0","5","1","7","3","6","5","1","0","1","13","22","14","15","13","39","2","20","44","25","27","34","47","1","8","24","13","18","33","30","0","9","17","21","16","28","36","2","8","17","7","7","10","6","0","10","12","17","14","11","13","0","3","6","7","3","3","4","0","4","5","6","4","6","4","169","54","36","6","8","4","7","8","24","134","46","37","4","5","2","4","4","18","72","14","20","11","3","2","3","1","8","42","5","5","0","2","1","0","0","0"
"s25","voters","0052868","799","418","199","31","4","4","8","0","4","0","131","351","448","75","16","26","6","13","3","3","1","0","1","0","0","3","0","0","0","2","3","2","0","6","1","4","1","11","9","2","1","8","2","3","0","0","11","24","23","25","37","50","2","20","46","38","24","38","80","1","8","15","19","11","21","21","1","6","14","12","16","26","28","0","6","13","19","7","8","11","1","8","15","11","13","8","11","0","2","2","3","7","3","4","1","2","4","7","7","5","4","218","60","65","17","12","1","5","7","33","122","24","25","2","2","0","5","3","16","64","21","22","7","7","2","2","0","6","31","10","8","0","0","1","0","1","0"
"s25","voters","0052957","894","382","287","44","4","3","13","0","3","0","158","401","493","72","40","22","12","4","8","9","2","0","1","0","0","0","1","0","0","4","0","3","0","5","3","3","0","4","1","6","0","7","4","10","2","1","12","30","28","24","17","25","4","29","32","44","50","57","29","1","13","14","31","28","30","31","1","12","13","32","26","35","20","0","7","24","20","11","14","7","1","4","13","22","11","9","15","0","2","3","9","6","8","5","0","4","6","11","3","3","7","227","60","44","11","15","4","2","3","16","163","41","36","12","10","5","1","1","18","76","32","19","10","6","2","3","1","9","38","13","8","2","2","4","0","0","0"
"s25","voters","0053014","847","351","294","40","5","5","18","0","5","1","128","382","465","58","15","17","8","17","11","4","3","2","0","0","1","1","0","0","0","4","1","3","0","3","1","3","1","3","4","0","0","8","3","1","0","0","2","18","22","13","27","56","3","12","29","30","16","39","84","0","9","10","15","20","38","53","2","7","13","12","19","28","68","1","2","10","13","8","7","17","3","4","12","8","13","14","16","0","6","8","4","2","12","9","0","3","4","3","5","5","13","168","77","40","14","10","2","2","3","35","140","39","45","9","8","3","9","5","36","59","20","14","12","7","1","3","2","10","43","11","7","0","3","1","1","1","7"
"s25","voters","0053067","729","334","212","44","2","5","9","0","6","1","116","325","404","30","15","15","5","12","13","5","4","2","1","1","0","2","0","1","0","1","0","1","2","0","0","0","0","2","0","1","0","6","2","3","1","1","7","15","22","18","28","46","1","10","24","40","27","29","66","1","5","4","19","17","24","38","1","2","5","17","16","23","40","0","5","9","10","8","7","11","1","8","11","13","10","8","15","1","4","2","2","3","12","6","1","6","4","4","5","7","10","171","58","41","18","6","1","3","3","33","86","32","39","9","2","1","5","3","35","58","18","14","5","9","0","1","0","11","44","10","6","2","0","1","2","1","1"
"s25","voters","0053137","1065","452","343","51","3","9","14","0","3","0","190","509","556","57","22","22","8","17","6","5","1","1","0","2","0","6","1","0","0","6","5","2","0","3","0","1","0","4","2","1","0","6","2","7","2","0","9","17","21","24","27","89","2","11","21","34","30","61","106","0","5","14","19","16","42","79","0","4","6","14","16","39","89","0","7","12","23","16","15","34","1","7","8","16","11","12","28","0","3","3","8","4","7","15","1","2","3","7","8","6","13","244","85","42","9","7","5","2","3","55","178","44","39","15","15","2","3","2","45","93","36","20","10","10","0","8","4","9","49","18","10","0","0","0","1","0","2"
"s25","voters","0053261","831","330","289","26","2","7","18","0","2","0","157","368","463","74","35","23","7","10","7","8","0","0","2","2","0","4","0","0","0","4","2","1","1","1","2","0","0","1","5","1","0","14","2","5","0","1","7","23","13","12","17","37","5","18","41","37","26","32","61","0","10","17","16","23","29","49","0","7","14","15","23","28","58","0","12","13","21","16","6","14","0","7","12","24","10","9","13","0","1","7","7","5","7","5","0","3","6","4","3","3","4","172","55","44","15","7","6","3","1","27","150","42","35","15","9","0","1","5","32","82","24","25","7","3","1","3","1","11","34","9","4","2","1","0","3","0","2"
"s25","voters","0053293","1004","466","310","55","4","7","9","0","6","0","147","425","579","78","17","22","7","18","12","4","3","0","0","1","0","3","0","0","0","4","1","2","0","3","0","0","0","5","1","0","0","9","0","5","0","0","10","30","25","29","29","43","4","23","43","33","37","46","114","1","8","18","17","15","37","54","1","4","11","22","12","42","68","0","6","16","12","13","7","13","3","4","11","13","17","11","21","0","7","8","8","2","8","9","0","5","7","11","5","3","8","264","71","54","16","15","3","2","1","40","154","43","44","9","6","0","7","2","45","80","21","11","8","6","2","4","3","12","46","14","10","4","2","0","1","0","4"
"s25","voters","0053372","927","421","290","47","6","4","17","0","3","0","139","404","523","82","27","22","8","9","12","5","2","0","1","0","0","1","0","0","2","4","2","0","0","3","1","0","0","2","4","2","0","11","5","3","2","2","15","23","15","28","26","43","5","33","42","34","37","34","84","0","5","12","18","14","37","49","0","4","12","16","20","29","74","0","10","15","11","6","13","17","0","4","19","12","9","15","8","0","4","8","10","3","12","8","0","2","5","5","6","7","7","268","71","37","8","5","0","2","5","25","163","32","32","10","10","1","7","6","29","82","24","8","8","7","0","1","1","8","56","12","6","0","2","0","0","1","0"
"s25","voters","0053404","697","314","210","41","3","5","8","0","3","0","113","302","395","57","13","12","5","2","8","6","1","0","1","0","0","2","1","0","1","2","0","1","0","3","0","2","0","1","0","2","0","6","3","5","1","1","7","24","15","18","24","37","1","12","26","29","17","27","76","0","5","14","11","11","28","26","0","4","7","14","12","24","54","1","3","9","9","5","10","14","1","6","10","13","5","10","17","0","0","3","4","5","6","12","1","4","5","6","4","4","6","188","44","32","8","7","2","4","3","26","118","23","32","9","4","3","3","0","18","56","24","15","4","4","1","0","1","8","38","8","4","3","3","1","0","0","3"
"s25","voters","0053526","649","320","189","37","1","3","6","0","6","0","87","283","366","70","18","21","7","13","4","1","2","1","0","0","0","1","0","1","0","2","1","2","0","7","2","5","0","3","4","2","0","5","3","2","1","1","11","20","19","9","31","27","6","21","29","27","24","36","59","1","5","6","15","8","20","39","0","2","8","8","11","17","49","0","9","6","8","6","7","5","1","4","6","9","13","5","8","0","1","3","5","7","7","7","0","4","3","4","2","3","7","181","44","37","13","12","1","5","6","21","103","35","23","6","3","1","3","0","15","47","17","8","7","2","0","1","0","5","29","14","6","2","1","0","0","1","0"
"s25","voters","0053657","788","449","161","38","4","4","8","0","11","0","113","339","449","76","25","20","11","13","2","4","3","2","0","2","1","2","1","0","1","4","2","0","0","10","1","4","0","8","2","3","1","10","6","2","2","1","10","33","30","16","31","43","1","25","67","53","35","54","50","0","3","10","16","21","20","13","0","4","15","12","20","13","14","1","5","17","13","9","10","4","2","10","16","7","12","4","3","0","5","7","3","6","6","6","1","5","6","8","3","4","5","295","52","47","12","15","0","6","8","14","104","16","18","5","2","0","3","4","9","77","13","10","7","2","1","1","0","2","48","9","6","1","0","1","0","0","0"
"s25","voters","0053764","756","386","185","33","1","5","5","0","3","0","138","341","415","61","14","21","6","15","6","1","3","6","5","3","1","0","2","1","0","13","2","11","0","4","1","4","0","5","5","2","2","14","8","4","1","0","9","41","31","25","20","25","4","26","48","41","44","29","43","0","4","13","17","15","25","25","0","2","14","12","13","14","31","0","2","14","21","16","10","9","0","7","12","16","12","9","10","1","1","3","4","2","2","6","0","0","6","6","5","6","5","253","55","41","9","9","0","3","6","10","119","25","19","12","2","0","1","0","7","84","16","16","10","3","1","2","2","4","35","8","3","0","0","0","0","0","1"
"s25","voters","0053821","911","361","287","41","2","8","12","0","11","0","189","440","471","43","20","13","5","10","6","4","1","9","4","1","0","0","1","1","0","15","0","11","1","9","3","17","1","17","13","8","1","12","7","3","0","2","7","31","28","23","30","40","2","10","42","28","38","32","48","2","13","15","22","36","28","34","0","10","17","26","23","29","32","1","11","12","21","16","13","22","2","8","17","20","13","12","21","0","3","3","8","6","4","9","0","3","9","11","6","3","9","234","61","33","6","7","2","4","2","12","169","47","34","8","5","2","2","2","18","118","16","21","15","7","0","1","2","9","52","10","6","0","3","0","1","0","2"
"s25","voters","0053958","796","293","303","32","0","7","1","0","3","0","157","388","408","43","17","28","5","0","10","0","0","2","4","4","2","3","1","1","0","5","8","5","1","14","0","8","2","12","14","7","2","8","10","6","1","2","14","13","18","17","21","43","2","10","23","25","29","30","46","0","20","13","8","29","38","50","1","8","8","20","28","28","52","3","5","5","16","21","15","21","0","12","4","11","21","13","10","0","1","0","2","3","5","5","0","5","1","4","5","5","7","158","77","28","6","3","5","4","0","12","175","38","38","8","9","2","5","4","24","79","21","15","15","6","4","1","5","11","28","6","4","3","1","0","0","1","0"
"s25","voters","0054416","10","2","7","0","0","0","0","0","0","0","1","6","4","0","1","0","0","0","0","0","0","0","0","0","0","0","0","0","0","0","0","0","0","0","0","0","0","0","0","0","0","0","0","0","0","0","0","0","0","0","0","1","0","0","0","0","0","0","1","0","0","1","0","1","0","2","0","0","1","1","0","1","0","0","0","0","1","0","0","0","0","0","0","0","0","0","0","0","0","0","0","0","0","0","0","0","0","0","0","0","0","1","0","0","0","0","0","0","0","1","6","1","0","0","0","0","0","0","0","0","0","1","0","0","0","0","0","0","0","0","0","0","0","0","0","0","0"
"s25","voters","0054713","175","80","54","12","0","2","2","0","0","0","25","75","100","19","3","7","4","4","3","2","0","0","0","0","0","2","1","0","0","1","1","1","0","2","0","1","1","0","2","0","1","0","0","0","0","0","0","0","0","0","6","24","0","0","0","4","2","7","37","0","1","0","1","0","7","20","0","0","1","0","0","5","19","0","0","2","0","0","4","4","0","0","1","0","1","3","10","0","0","1","1","0","2","2","0","0","0","1","1","5","3","33","16","11","6","1","1","1","0","11","30","8","7","1","4","0","0","0","4","16","2","1","1","2","0","0","0","3","7","3","4","1","0","0","0","0","1"
"s25","voters","0055203","613","369","113","22","5","4","2","0","4","0","94","267","346","76","9","21","7","8","2","2","2","2","4","1","1","3","2","1","0","2","1","3","0","6","2","2","0","3","2","2","0","2","3","0","0","0","14","30","26","14","23","36","3","26","47","34","33","31","52","0","0","7","11","9","13","17","0","2","6","5","8","17","18","0","1","10","8","11","7","10","0","7","5","12","5","11","7","1","3","5","2","4","2","3","0","3","3","3","3","2","3","235","46","47","8","9","1","5","5","13","61","12","15","2","4","1","0","0","18","51","17","13","5","2","2","0","1","3","26","7","3","0","0","0","0","1","0"
"s25","voters","0055299","893","418","258","49","3","4","13","0","2","0","146","408","485","75","28","27","15","3","4","1","1","1","5","0","1","3","2","1","0","5","2","6","2","8","3","4","2","10","9","8","1","6","6","3","0","1","16","23","26","27","28","40","1","17","40","31","48","49","71","3","8","16","19","19","37","29","3","5","13","15","21","37","33","2","6","15","16","14","13","15","1","7","11","13","12","7","14","2","2","6","4","10","7","4","1","2","5","5","9","6","8","219","64","55","19","8","0","4","5","44","133","39","39","9","4","2","5","3","24","78","22","16","9","4","3","1","0","13","42","12","7","0","2","2","3","1","2"
"s25","voters","0055410","186","64","81","11","2","1","0","0","3","0","24","87","99","21","4","9","2","2","0","0","1","1","1","1","0","1","0","0","0","1","0","1","1","1","1","0","1","1","4","0","2","0","2","0","0","0","1","3","4","4","2","13","0","3","4","2","3","6","19","0","3","4","5","3","9","17","2","3","3","3","6","5","18","0","1","1","2","1","4","2","0","1","2","3","2","1","4","0","0","1","0","0","2","5","1","0","1","0","1","2","4","28","11","8","3","2","1","0","1","10","36","14","13","0","3","3","3","3","6","14","3","1","1","2","0","0","1","2","13","2","1","0","1","0","0","0","0"
"s25","voters","0056250","755","276","293","39","3","2","10","0","1","0","131","357","398","51","29","18","6","9","7","5","1","3","0","0","0","2","5","1","1","0","3","0","1","9","5","3","5","7","9","7","0","4","5","7","2","0","10","6","14","19","19","36","1","16","12","23","51","22","47","3","12","5","22","34","39","41","1","6","10","20","30","38","32","1","11","7","9","15","12","14","0","5","6","10","18","12","11","0","1","0","7","4","9","7","1","6","3","4","4","4","5","133","53","39","10","13","0","4","3","21","134","57","38","12","7","3","4","2","36","68","20","16","6","3","2","4","2","10","27","14","7","2","1","1","1","1","1"
"s25","voters","0056653","39","18","15","2","0","0","1","0","0","0","3","17","22","1","1","0","0","0","0","0","0","0","0","0","0","0","0","0","0","0","0","0","0","0","0","0","0","0","1","0","0","0","0","0","0","0","0","0","0","0","0","4","0","2","0","2","1","6","3","0","1","0","1","1","2","5","0","1","0","0","0","1","3","0","1","0","0","0","0","1","0","0","0","0","0","0","1","0","0","0","0","0","1","0","0","0","0","0","0","1","1","11","4","2","0","0","0","0","0","1","9","1","2","0","0","0","0","0","3","1","1","0","0","1","0","0","0","0","1","1","0","0","1","0","0","0","0"
"s25","voters","0057019","571","322","110","15","5","3","4","0","3","0","109","253","318","67","18","21","6","3","1","0","0","1","0","1","0","3","1","0","0","10","3","11","1","9","0","6","3","33","12","11","3","8","4","2","0","0","13","15","22","11","22","47","4","30","27","21","27","21","62","0","2","6","6","11","12","20","0","5","5","5","2","11","25","1","7","6","7","11","15","7","1","9","10","8","11","5","11","0","2","1","1","3","4","1","1","3","3","3","1","2","5","162","55","40","11","4","1","1","10","38","70","9","16","2","1","0","1","1","10","70","9","13","5","1","0","3","0","8","18","5","5","0","0","0","0","0","2"
"s25","voters","0057101","721","367","199","35","8","3","6","0","2","0","101","328","393","89","18","20","4","1","5","3","1","4","2","0","0","0","0","1","0","17","2","5","2","2","4","2","1","23","19","8","5","4","7","1","2","2","17","15","13","16","30","59","0","17","27","36","25","36","74","1","7","9","10","17","18","43","0","1","10","5","11","23","44","1","5","9","8","8","8","4","2","8","10","10","9","7","12","0","1","1","6","6","5","9","1","3","3","1","6","3","9","183","57","56","11","8","2","6","7","37","107","29","23","3","9","1","0","2","25","64","11","10","5","5","2","1","0","3","28","15","9","0","1","0","1","0","0"
"s25","voters","0057232","655","312","190","41","2","4","5","0","1","0","100","265","390","58","27","23","5","6","7","0","0","1","1","0","1","1","0","0","0","12","5","6","0","6","5","6","0","14","8","11","1","7","6","1","2","0","4","12","9","14","16","50","1","13","22","25","18","31","97","0","0","5","9","10","13","50","0","1","6","9","11","23","53","1","2","7","4","6","7","17","0","8","10","10","6","4","18","0","2","6","4","2","5","10","0","1","1","2","1","4","15","213","39","32","9","7","0","1","2","9","108","30","18","6","7","4","5","4","8","78","2","7","7","2","2","0","0","2","37","6","5","2","1","2","0","0","0"
"s25","voters","0057315","468","262","108","12","2","3","3","0","3","0","75","190","278","69","19","17","7","0","2","2","0","0","1","1","0","2","0","0","0","8","4","3","0","17","2","3","1","16","20","5","1","13","5","5","1","0","7","14","12","13","22","29","0","19","21","14","21","35","55","0","4","4","9","5","6","28","0","0","2","7","8","10","25","1","1","4","5","6","8","4","0","11","11","8","7","4","5","0","0","3","0","3","0","2","0","3","2","5","1","3","1","142","44","36","5","8","3","1","6","17","62","20","14","2","1","1","0","4","4","43","10","8","4","5","2","0","0","3","11","6","4","1","0","0","1","0","0"
"s25","voters","0057374","723","424","130","23","4","2","4","0","1","0","135","316","407","79","20","21","2","4","2","0","0","1","0","1","1","0","0","0","0","20","8","8","2","24","3","11","2","26","23","23","6","17","9","11","1","1","18","35","25","17","33","44","3","27","36","28","38","40","79","0","3","3","11","10","15","24","0","3","7","14","12","13","15","0","4","20","11","9","8","11","1","5","12","23","9","11","11","0","1","3","1","3","4","2","0","3","4","3","2","2","6","222","79","63","16","10","1","3","10","20","77","22","12","2","1","2","1","1","12","74","27","15","4","4","2","3","1","5","20","8","3","0","1","0","0","0","2"
"s25","voters","0057456","738","448","146","23","4","2","6","0","2","0","107","306","432","104","23","26","10","6","1","1","0","2","2","0","0","1","0","0","0","5","9","6","2","22","1","2","1","26","23","11","6","9","5","11","0","1","17","17","12","23","39","66","0","33","33","33","42","53","79","0","2","5","11","7","8","30","0","4","3","9","12","25","30","2","12","11","7","12","6","6","0","7","15","10","8","2","9","0","1","1","3","4","2","1","2","5","3","5","5","2","3","257","74","47","14","12","5","4","12","23","70","24","19","3","3","0","1","2","24","56","22","12","4","6","1","2","0","4","26","7","3","0","1","0","0","0","0"
"s25","voters","0057509","660","375","145","25","1","3","3","0","1","0","107","289","371","69","20","18","3","3","0","0","0","0","0","0","0","7","1","0","1","15","3","6","0","6","3","1","0","23","15","8","5","7","1","2","1","2","14","6","22","22","30","57","1","23","26","34","33","39","66","0","5","9","7","14","22","19","0","1","5","8","14","22","19","2","5","9","13","8","5","5","1","3","10","10","14","9","13","0","1","2","1","0","3","6","0","2","0","0","5","3","10","198","61","38","11","10","2","10","8","37","81","20","13","7","3","2","0","0","19","63","7","15","9","3","0","1","1","8","22","7","2","1","0","0","0","0","1"
"s25","voters","0057566","357","185","76","9","2","3","1","0","2","0","79","166","191","27","3","14","1","0","3","0","0","0","0","1","0","0","0","0","0","12","5","4","2","27","8","17","4","14","17","8","2","4","6","5","1","0","8","17","7","12","16","20","1","19","19","15","7","24","20","1","1","2","9","10","9","11","0","2","2","5","9","5","10","1","4","6","5","2","8","12","1","6","7","5","9","9","4","0","1","1","1","1","0","1","0","1","1","2","2","3","3","99","23","24","10","2","5","2","7","13","45","5","21","1","0","0","1","2","1","42","9","12","7","3","2","1","1","2","13","0","3","1","0","0","0","0","0"
"s25","voters","0057616","590","302","131","20","3","4","3","0","1","0","126","255","335","65","27","21","6","3","6","6","0","2","1","3","0","5","0","0","1","7","3","5","0","40","13","18","3","18","7","16","2","13","5","4","1","0","10","20","20","19","15","31","2","17","34","36","26","28","44","0","5","9","14","12","12","16","0","5","4","9","11","16","18","0","4","10","9","15","8","8","1","7","21","15","13","10","5","0","2","3","6","2","1","4","0","1","3","1","3","1","4","180","48","35","12","5","2","2","2","16","69","20","15","7","3","1","2","0","14","82","19","14","8","1","0","2","0","0","15","7","7","2","0","0","0","0","0"
"s25","voters","0057660","805","477","196","15","2","3","8","0","2","0","102","346","459","107","38","20","6","6","3","0","0","2","2","2","0","0","0","0","0","8","1","2","1","7","3","8","0","6","7","4","3","14","3","2","0","2","18","26","24","26","33","52","3","26","36","38","52","50","91","0","3","7","18","17","20","32","0","3","7","15","13","24","37","1","4","12","10","9","6","10","0","9","3","14","7","11","6","0","3","2","1","2","6","2","0","2","2","5","3","0","2","248","83","61","16","10","5","7","4","43","113","25","18","8","3","0","1","1","27","49","18","10","8","6","1","1","0","9","18","6","1","2","2","0","0","0","1"
"s25","voters","0057752","713","383","166","24","1","5","10","0","2","0","122","303","410","113","26","29","8","5","1","3","1","3","1","1","0","4","2","1","0","9","7","12","1","12","6","8","1","10","19","14","4","9","5","0","3","0","11","20","20","16","22","50","1","24","28","37","38","36","80","0","2","7","11","16","25","27","0","4","5","11","9","18","31","0","8","10","10","7","6","17","1","6","12","16","7","14","8","0","2","2","3","4","5","2","0","3","3","8","6","0","4","211","62","43","10","13","3","5","6","30","93","20","21","3","0","1","1","3","24","73","17","22","3","2","0","2","1","2","22","9","6","0","2","0","0","1","2"
"s25","voters","0057862","810","443","183","34","2","4","3","0","2","0","139","363","447","109","21","25","5","14","3","2","0","0","0","2","0","3","0","1","0","15","4","12","0","25","12","5","3","20","20","21","2","16","10","8","1","3","10","21","23","20","45","53","3","41","38","39","31","49","67","0","13","11","5","12","24","29","0","3","7","7","16","27","29","2","7","13","10","9","8","19","1","10","8","10","9","14","19","0","2","3","3","2","8","8","3","2","4","1","1","5","3","234","74","59","11","7","2","4","6","46","103","25","20","5","2","0","3","1","24","75","22","11","16","5","3","1","3","3","33","3","5","1","1","1","0","0","1"
"s25","voters","0057947","603","356","118","23","1","4","5","0","7","1","88","257","346","76","12","22","8","7","2","1","1","3","0","0","0","2","1","2","0","7","3","2","1","17","3","10","2","14","19","1","4","17","9","4","2","0","17","11","11","19","20","60","1","19","25","26","23","50","74","0","4","7","7","9","14","22","0","1","4","8","12","9","21","0","5","6","7","7","5","11","1","8","4","11","6","4","13","0","2","2","3","2","2","4","1","5","2","5","5","2","6","194","53","40","13","9","2","4","12","29","55","15","25","3","1","3","1","2","13","39","12","14","4","8","3","1","0","7","27","9","2","1","0","0","0","0","2"
"s25","voters","0058033","774","446","177","22","1","2","4","0","5","0","117","362","412","48","14","10","4","9","5","2","0","0","2","2","0","2","0","1","1","14","12","9","2","18","18","7","2","27","21","13","1","11","1","10","2","1","11","20","22","13","35","87","1","11","27","34","22","53","109","0","4","3","11","13","20","48","0","3","4","12","8","20","31","0","4","4","13","12","8","12","0","5","5","11","10","6","27","0","1","1","6","5","2","6","0","1","0","6","2","1","3","246","114","70","9","0","0","0","0","7","102","37","30","5","0","0","0","0","3","65","32","13","6","0","0","1","0","0","20","8","4","1","1","0","0","0","0"
"s25","voters","0058124","703","375","148","25","2","9","4","0","0","0","140","292","411","82","26","18","5","1","0","1","1","0","0","1","0","1","2","1","0","16","6","10","3","21","6","13","3","32","20","26","5","19","11","4","2","2","14","27","28","20","24","24","3","24","33","61","40","36","39","0","5","10","10","20","11","10","0","8","7","15","25","13","14","1","3","6","20","16","11","15","2","7","10","20","8","9","12","0","0","1","3","3","6","2","0","3","3","10","3","1","5","196","76","50","19","17","0","10","2","5","91","21","18","6","7","1","1","0","3","75","25","17","9","11","0","2","0","1","27","6","4","3","0","0","0","0","0"
"s25","voters","0058276","724","337","248","31","3","1","4","0","0","0","100","331","393","65","30","17","7","3","7","1","2","1","0","3","0","2","1","2","2","5","1","1","3","26","12","9","1","14","13","10","1","11","10","7","1","0","12","12","16","21","20","57","0","8","14","15","24","41","97","0","7","8","15","15","35","49","0","1","4","13","15","26","60","0","7","3","5","3","10","17","1","6","3","8","10","10","17","0","1","1","2","3","2","10","0","2","1","2","2","6","7","169","58","48","16","10","4","2","2","28","138","31","35","7","7","3","3","2","22","53","16","16","5","5","2","0","1","2","29","7","0","0","2","0","0","0","1"
"s25","voters","0058346","761","381","232","19","1","5","4","0","4","0","115","356","405","74","17","17","5","7","5","1","1","0","2","1","0","2","0","4","0","8","9","5","1","40","9","14","3","37","35","16","2","11","7","6","0","1","16","18","15","26","26","53","0","27","23","38","30","39","69","0","10","13","11","21","24","45","0","2","6","13","24","28","35","1","6","8","14","9","9","12","0","8","6","9","14","8","11","0","0","3","1","3","6","5","0","5","2","3","2","2","1","173","75","54","12","11","5","7","5","39","130","41","30","3","5","1","3","2","17","62","18","6","10","5","1","1","0","12","22","7","3","0","0","0","0","0","1"
"s25","voters","0058437","731","379","204","22","3","3","7","0","4","0","109","314","417","88","25","18","7","4","1","0","0","1","0","0","0","3","4","0","0","7","2","2","1","18","7","13","1","18","16","10","4","14","9","3","2","1","8","18","26","18","29","35","3","17","38","38","33","48","67","1","14","14","12","15","21","32","0","4","6","10","15","26","34","1","4","10","7","8","12","12","3","7","8","11","11","6","9","0","3","3","2","3","3","2","0","5","6","2","3","4","3","193","73","41","9","12","4","3","6","38","99","21","30","6","4","1","6","2","35","64","18","7","6","3","1","2","0","8","27","7","4","1","0","0","0","0","0"
"s25","voters","0058543","901","449","253","35","3","10","4","0","3","0","144","428","473","96","34","22","11","7","4","4","3","1","3","3","1","3","0","1","0","16","2","8","2","36","7","8","2","31","15","17","3","9","12","5","1","1","18","26","19","24","49","55","4","22","43","26","43","59","60","2","5","9","16","16","49","39","0","3","8","13","20","36","37","1","9","13","9","16","11","16","1","8","12","11","16","9","12","0","3","2","6","4","5","5","0","5","3","5","3","8","6","234","77","55","15","15","1","7","1","44","128","31","38","10","3","0","5","6","32","76","20","22","9","8","1","0","2","6","36","9","6","1","0","1","0","0","2"
"s25","voters","0058782","871","477","185","29","6","2","5","0","5","0","162","382","489","93","24","32","12","5","5","4","3","2","1","1","0","2","2","1","0","7","9","5","2","25","4","27","1","31","17","16","2","11","9","6","0","0","12","29","38","26","32","51","2","33","48","38","40","53","75","0","4","6","10","13","28","25","1","4","8","14","18","28","26","4","11","9","17","19","10","14","0","14","13","22","17","5","7","0","4","4","3","4","3","6","1","5","2","5","5","2","3","238","97","65","15","17","1","10","6","28","101","31","19","6","5","0","5","1","17","92","32","20","6","6","0","3","1","2","28","13","3","2","1","0","0","0","0"
"s25","voters","0058828","831","435","169","27","4","6","3","0","5","0","182","347","484","94","26","28","5","3","2","0","0","4","3","2","1","0","1","0","0","16","9","12","0","41","9","27","4","26","23","13","2","18","10","4","2","0","9","22","17","24","34","49","9","37","33","46","36","54","65","1","4","9","7","15","18","27","0","5","5","14","11","30","23","2","11","14","20","15","7","17","4","15","12","17","16","21","11","1","1","3","4","3","6","7","0","0","5","5","5","4","1","241","69","52","23","14","1","9","5","21","90","30","27","3","6","1","2","1","9","102","30","17","11","3","2","4","0","13","28","7","6","1","2","0","0","1","0"
"s25","voters","0058925","756","383","196","26","3","3","7","0","3","0","135","313","443","81","20","25","6","6","3","1","0","0","1","3","0","4","0","0","0","11","3","2","0","28","3","22","3","22","36","14","5","20","12","5","0","3","17","30","21","26","25","21","5","28","46","35","47","36","43","1","5","12","10","14","26","28","3","6","10","20","9","16","36","1","9","9","20","6","6","8","2","11","11","16","8","19","9","0","1","1","0","4","7","2","0","3","4","6","4","8","2","225","73","31","14","7","1","4","4","24","121","36","19","5","1","0","3","0","11","76","32","15","7","2","1","0","0","2","23","9","6","2","0","0","1","0","1"
"s25","voters","0059310","976","456","279","33","1","3","3","0","1","0","200","443","533","87","26","23","8","7","3","1","0","0","2","0","0","6","2","2","0","42","13","25","2","16","12","20","5","38","38","28","2","12","8","7","0","4","19","24","37","32","30","39","3","26","48","61","44","33","56","2","6","10","24","33","35","33","0","7","3","21","35","35","35","0","8","12","25","24","11","16","0","10","11","28","23","11","21","0","2","3","3","3","4","4","0","2","2","6","4","3","5","275","63","53","18","9","3","1","4","30","170","44","20","6","6","0","2","3","28","114","30","23","12","5","3","0","0","13","29","5","3","1","2","0","0","0","1"
"s25","voters","0059398","664","291","202","28","1","4","5","0","3","0","130","306","358","36","18","20","8","1","4","0","2","2","3","1","0","3","2","1","0","10","4","8","1","29","5","11","3","27","37","18","5","5","1","5","0","2","14","10","23","21","23","29","3","29","14","28","25","28","42","2","5","11","15","26","26","19","2","6","8","14","25","18","25","0","10","8","5","16","9","14","1","9","5","8","17","9","19","0","1","1","4","6","5","1","0","5","1","1","7","4","5","149","50","38","8","7","3","3","8","25","108","34","29","5","4","0","1","3","18","60","21","23","14","3","0","0","2","7","27","9","2","0","0","0","0","0","3"
"s25","voters","0059519","743","300","240","37","4","4","3","0","1","0","154","350","393","54","31","22","5","3","7","0","0","0","1","0","1","0","3","1","0","6","8","9","0","11","10","14","3","17","27","17","2","7","7","3","0","0","14","9","11","22","24","35","3","18","16","19","35","42","52","0","15","9","8","21","42","27","1","9","5","15","19","39","30","1","12","8","5","19","22","23","0","7","8","10","14","11","14","0","1","1","1","2","10","8","0","4","2","2","8","6","4","162","48","41","8","4","1","0","3","33","137","37","22","8","3","0","2","1","30","77","19","15","15","5","1","3","0","19","30","7","9","1","0","0","1","0","1"
"s25","voters","0059677","1170","528","376","54","2","7","6","0","4","0","193","566","604","70","24","30","5","13","2","5","1","1","2","1","0","15","5","0","0","27","11","11","4","24","1","12","4","35","30","27","10","9","5","6","2","3","16","23","24","19","42","90","1","27","38","31","42","68","104","2","10","9","11","23","50","83","0","10","8","13","20","53","84","1","14","18","11","18","25","32","0","11","6","16","8","19","14","0","2","2","4","8","15","11","0","5","1","2","7","7","9","269","95","57","22","9","2","6","4","64","162","70","56","12","6","2","4","6","58","108","30","25","7","7","2","3","1","10","46","15","8","1","0","0","0","1","2"
"s25","voters","0061020","502","211","185","33","2","3","2","0","1","0","65","199","303","40","7","6","3","6","11","1","2","6","0","1","0","0","0","0","0","1","2","1","1","2","0","11","0","4","1","2","0","0","1","2","0","0","5","2","4","4","17","44","0","3","5","5","8","31","83","0","1","2","6","4","18","45","0","0","2","4","2","25","76","0","2","3","2","4","8","13","0","1","2","2","6","7","15","0","0","1","0","0","6","8","0","1","0","0","1","6","18","139","30","21","11","2","1","0","1","6","104","41","18","7","3","0","3","1","8","49","7","4","1","1","1","0","0","2","28","7","5","0","1","0","0","0","0"
"s25","voters","0061124","1284","525","474","62","1","2","9","0","3","0","208","591","693","22","18","6","8","25","31","14","0","2","3","8","2","4","0","2","1","16","9","10","1","15","0","2","0","4","1","1","0","3","4","1","0","2","3","9","14","15","37","138","0","12","13","23","21","47","191","0","8","8","14","12","44","139","2","0","5","10","10","46","176","0","2","11","9","8","17","65","0","4","10","11","7","18","46","0","3","3","3","5","4","18","0","0","0","2","3","11","25","281","91","58","12","11","3","7","2","60","222","71","52","19","16","9","5","3","77","113","27","17","19","6","3","4","1","18","48","14","9","2","4","0","0","0","0"
"s25","voters","0061198","1050","465","341","58","1","3","10","0","6","0","166","481","569","47","28","9","3","9","6","2","2","10","3","0","1","9","8","2","3","12","6","10","1","9","1","5","3","6","4","6","1","6","2","5","2","0","7","17","20","23","29","81","1","14","32","32","31","63","115","0","9","7","9","15","33","105","0","2","5","7","15","42","92","2","7","6","11","11","13","42","1","3","6","16","15","17","16","0","2","4","5","2","9","12","0","7","3","4","7","7","16","286","67","52","14","6","0","3","2","35","187","43","23","16","6","2","3","1","60","80","32","24","5","4","3","3","4","11","49","17","5","1","1","0","0","1","4"
"s25","voters","0061207","1092","481","384","54","1","6","4","0","2","0","160","489","603","31","21","7","5","17","12","11","3","4","4","1","0","6","2","0","1","7","3","5","0","9","0","2","0","3","1","1","0","3","4","0","0","0","8","13","15","18","20","105","0","11","20","20","19","46","186","1","2","4","3","13","39","124","0","3","2","8","20","31","134","0","4","3","8","9","21","47","0","2","3","3","7","12","41","0","2","2","1","3","9","15","1","2","2","2","5","2","21","285","84","49","15","13","1","3","2","29","204","55","31","20","9","2","8","3","52","88","29","10","12","2","3","0","0","16","48","10","6","0","0","0","0","0","3"
"s25","voters","0061263","990","459","307","34","0","3","13","0","2","0","172","465","525","43","25","21","7","11","4","5","2","9","4","4","0","3","3","0","1","13","9","5","1","19","1","10","1","7","2","2","1","3","4","3","0","0","14","21","27","30","27","73","1","20","22","40","42","40","102","3","5","4","23","21","29","62","1","2","12","20","21","29","75","0","5","11","19","18","17","23","0","9","8","14","19","14","15","0","0","4","6","6","5","12","1","2","2","2","5","2","5","235","71","66","16","7","2","4","1","57","162","48","32","10","4","0","4","2","45","89","27","17","9","5","1","3","1","20","30","9","9","1","0","0","0","0","3"
"s25","voters","0061908","733","338","229","34","0","3","10","0","2","0","117","344","389","57","22","16","9","1","5","1","0","5","4","4","1","0","1","1","1","6","8","1","0","16","5","10","0","9","6","1","0","9","13","6","4","1","12","10","27","24","24","46","4","18","24","46","23","35","44","1","5","11","24","23","19","26","2","5","10","21","24","28","30","0","3","8","13","18","9","8","0","8","5","18","12","11","4","0","3","5","7","6","8","3","0","1","4","4","3","2","3","212","43","54","18","5","0","2","0","4","149","33","42","2","3","0","0","0","0","71","15","16","11","3","0","0","0","1","29","11","8","1","0","0","0","0","0"
"s25","voters","0061983","710","341","191","27","1","4","5","0","2","0","139","313","397","57","30","19","5","5","2","2","0","8","1","3","0","2","1","0","0","9","4","9","1","9","6","16","1","17","7","5","2","6","6","7","0","0","9","24","54","23","14","19","2","11","52","51","26","26","30","0","6","11","24","15","18","16","2","2","14","21","25","16","21","1","1","14","26","10","6","4","0","4","13","31","15","6","8","0","1","3","6","3","2","3","0","1","4","7","3","4","2","228","93","19","1","0","0","0","0","0","135","45","11","0","0","0","0","0","0","96","38","4","0","1","0","0","0","0","31","7","1","0","0","0","0","0","0"
"s25","voters","0062136","128","62","29","10","0","0","2","0","1","0","24","66","62","8","5","2","2","3","0","0","0","1","0","0","0","0","0","0","0","2","0","1","0","0","0","0","0","1","1","0","0","1","0","0","0","0","2","6","7","3","3","6","0","8","9","3","4","6","5","1","2","1","2","2","6","6","0","0","1","0","2","1","5","0","0","3","3","1","4","3","0","1","3","1","3","1","1","0","1","2","2","0","0","0","0","2","2","1","1","0","2","51","3","5","1","1","0","0","0","1","23","4","1","0","0","0","0","0","1","18","2","0","0","2","0","1","1","0","11","0","0","2","0","0","0","0","0"
"s25","voters","0062755","11","0","8","0","0","0","1","0","0","0","2","4","7","0","2","1","0","0","0","0","0","0","0","0","0","0","0","0","0","0","0","0","0","0","0","0","0","0","0","0","0","0","0","0","0","0","0","0","0","0","0","0","0","0","0","0","0","0","0","0","0","0","1","0","2","1","0","0","0","1","1","1","1","0","0","0","0","0","0","0","0","0","0","1","0","0","1","0","0","0","0","0","0","0","0","0","0","1","0","0","0","0","0","0","0","0","0","0","0","0","4","0","2","2","0","0","0","0","0","2","0","0","0","0","0","0","0","0","0","0","0","0","1","0","0","0","0"
"s25","voters","0063106","1192","571","345","74","0","6","7","0","3","1","185","519","673","64","17","9","7","15","11","4","2","3","6","5","2","10","2","0","2","21","5","12","1","27","6","11","1","4","2","2","0","15","2","4","3","0","5","19","30","33","35","106","3","9","31","36","39","47","178","0","4","15","15","16","36","72","0","4","12","15","11","50","95","0","1","11","22","16","14","29","1","4","10","17","12","22","26","0","0","0","7","3","7","23","0","0","4","4","6","15","22","510","43","18","0","0","0","0","0","0","318","18","9","0","0","0","0","0","0","152","17","16","0","0","0","0","0","0","85","4","2","0","0","0","0","0","0"
"s25","voters","0063224","948","448","250","36","0","2","16","0","1","0","195","408","540","60","36","20","13","8","4","6","1","2","1","4","0","6","0","0","0","22","5","5","2","41","6","22","1","8","0","3","0","10","9","3","0","1","9","23","62","35","14","21","2","18","61","86","60","23","33","0","8","18","31","25","24","15","1","10","22","42","26","16","12","2","9","10","28","31","9","4","1","11","7","25","44","7","7","0","0","3","10","10","3","3","1","2","4","9","3","3","4","371","71","6","0","0","0","0","0","0","217","27","6","0","0","0","0","0","0","165","27","3","0","0","0","0","0","0","41","11","3","0","0","0","0","0","0"
"s25","voters","0063277","877","411","210","30","2","9","8","0","2","0","205","386","491","40","15","14","9","3","8","2","3","4","3","6","0","1","4","0","1","14","12","14","1","47","9","27","3","15","1","2","2","15","10","9","1","0","8","20","58","39","18","23","4","22","50","72","44","32","21","1","6","11","28","19","17","13","0","7","17","43","21","8","19","0","4","16","34","27","11","10","1","5","10","37","28","15","7","2","2","3","2","8","2","4","0","4","7","4","5","4","4","352","57","2","0","0","0","0","0","0","180","26","4","0","0","0","0","0","0","169","35","1","0","0","0","0","0","0","32","18","1","0","0","0","0","0","0"
"s25","voters","0064204","873","398","254","34","1","4","8","0","3","0","171","370","503","60","38","22","8","9","11","3","2","2","6","6","0","2","0","1","0","4","7","16","2","24","3","12","2","14","12","4","1","10","14","8","0","1","11","14","28","43","22","41","2","22","32","44","60","24","54","0","7","11","27","27","19","24","0","9","10","32","36","25","27","2","10","11","12","25","8","4","4","11","12","21","25","10","16","0","2","0","7","8","4","2","1","5","2","8","5","4","2","195","75","60","16","7","1","14","3","27","142","44","29","5","8","1","5","5","15","87","32","27","12","5","0","2","2","4","37","5","6","1","1","0","0","0","0"
"s25","voters","0064230","816","414","204","30","2","3","8","0","5","0","150","381","435","66","30","20","7","4","8","7","0","6","0","2","0","5","0","1","0","21","5","7","2","21","10","11","1","12","7","5","3","12","9","10","0","1","9","42","51","27","21","21","4","19","44","74","34","32","35","1","7","18","28","24","12","13","0","4","16","27","20","20","14","2","3","12","27","16","14","3","1","6","17","18","16","10","5","1","1","5","5","9","5","3","0","4","6","6","0","3","0","320","54","26","6","2","1","1","2","2","154","32","11","3","1","0","1","0","2","117","13","12","3","2","0","1","1","1","42","5","0","1","0","0","0","0","0"
"s25","voters","0064286","923","389","326","37","6","4","6","0","2","0","153","434","489","51","42","18","6","11","14","4","0","7","1","1","0","1","1","2","0","6","2","10","0","17","4","13","0","11","3","2","2","9","11","3","3","0","5","12","30","45","25","43","1","9","23","51","45","37","63","0","5","15","36","29","32","51","0","3","13","34","31","35","42","2","6","8","21","19","10","12","0","7","10","16","18","11","13","0","1","3","4","8","8","4","0","2","3","3","4","7","8","208","85","43","12","8","6","8","6","13","191","54","36","11","7","3","10","7","7","77","22","15","14","11","1","4","2","7","30","10","8","2","0","3","1","0","1"
"s25","voters","0064359","413","209","104","13","4","4","4","0","2","0","73","186","227","36","18","10","7","4","4","2","0","2","2","0","0","2","3","1","0","10","1","4","6","12","1","6","0","9","8","3","0","8","4","1","0","0","7","21","20","11","7","13","0","19","33","25","22","18","13","0","3","11","21","11","6","5","0","3","12","11","10","7","4","0","3","11","11","3","4","6","0","2","10","10","8","3","2","0","1","2","8","0","1","0","0","0","5","3","2","3","2","209","0","0","0","0","0","0","0","0","104","0","0","0","0","0","0","0","0","73","0","0","0","0","0","0","0","0","26","0","0","1","0","0","0","0","0"
"s25","voters","0064427","932","442","271","37","2","5","11","0","3","0","161","438","494","70","30","23","12","8","7","3","1","4","0","0","0","0","0","1","1","23","12","13","0","24","17","11","0","3","8","5","0","11","12","13","0","4","16","20","36","48","29","34","0","23","30","53","58","40","51","2","14","8","23","31","29","27","1","11","7","19","43","27","29","1","10","7","19","19","14","13","0","15","7","12","25","10","9","0","4","6","7","6","4","7","0","5","7","3","5","1","3","251","92","44","10","10","0","10","3","22","151","53","34","6","5","3","6","2","11","88","32","20","6","2","1","4","1","7","43","11","2","0","1","0","0","0","1"
"s25","voters","0064491","772","398","191","32","3","3","12","0","2","0","131","324","448","65","19","15","3","15","4","2","0","6","3","1","2","2","0","1","0","16","8","6","2","15","3","11","0","13","3","9","3","12","11","7","4","2","7","21","30","34","24","45","3","16","33","48","38","33","64","3","1","5","18","19","11","19","0","3","12","20","27","20","33","2","1","8","16","16","7","8","1","5","11","24","11","9","12","0","2","3","7","7","6","2","0","5","6","4","6","3","1","289","54","36","2","2","2","1","1","11","142","23","9","4","2","1","0","2","8","92","14","12","6","2","0","0","2","3","35","9","6","0","1","0","0","1","0"
"s25","voters","0064541","1000","409","342","38","5","1","15","0","6","0","184","450","550","77","37","30","8","4","4","4","4","1","4","0","0","3","1","0","0","11","4","9","0","9","3","10","0","6","10","5","1","17","11","2","4","1","7","10","31","37","22","51","2","20","27","56","58","39","48","0","15","6","39","43","27","32","0","8","15","43","47","28","39","1","5","15","27","22","15","10","1","8","9","20","25","8","18","0","2","2","9","10","8","3","0","8","6","7","6","1","3","231","70","48","16","19","5","5","6","9","193","48","40","15","16","7","2","2","19","106","31","16","13","8","0","6","0","4","36","13","7","8","0","0","1","0","0"
"s25","voters","0064795","391","104","209","18","1","1","3","0","3","0","52","187","204","11","13","6","2","7","8","4","2","0","0","0","0","0","1","0","0","1","0","2","0","2","2","1","1","3","4","2","1","3","4","1","0","0","1","5","6","6","7","19","0","3","5","6","13","9","24","2","5","7","6","18","16","46","0","8","9","11","13","26","42","0","5","3","8","8","4","6","0","4","1","0","5","0","8","0","0","1","2","2","1","3","0","1","2","3","5","2","4","50","18","18","2","0","2","1","0","13","101","32","26","7","6","2","1","4","30","28","10","4","4","0","0","0","0","6","20","1","3","0","0","1","0","1","0"
"s25","voters","0065601","126","27","74","7","0","2","0","0","0","0","16","68","58","4","9","3","0","1","3","1","0","0","0","0","0","0","0","0","0","0","1","1","0","2","2","1","0","0","0","0","0","0","0","0","0","0","0","0","3","1","0","4","0","2","2","4","1","2","8","0","6","8","7","3","6","17","0","2","1","4","4","8","8","0","1","0","2","2","1","2","0","0","1","3","0","2","2","0","1","1","0","1","0","2","0","0","0","0","3","0","1","15","3","3","0","0","0","0","0","6","40","12","9","1","3","0","3","0","6","8","2","3","0","2","0","0","1","0","5","2","1","1","0","0","0","0","0"
"s25","voters","0065923","1233","368","628","82","0","6","8","0","3","0","138","547","686","14","35","6","5","21","28","3","5","1","4","0","0","3","4","2","0","4","3","0","1","3","5","1","0","0","0","0","0","3","1","0","0","0","3","3","8","16","27","84","1","6","13","9","31","35","132","2","8","6","18","29","75","145","2","7","10","18","38","69","201","1","3","4","6","15","12","26","0","3","3","5","12","13","35","0","6","1","3","7","18","21","0","1","1","3","5","10","23","236","44","29","9","10","3","3","1","33","343","96","62","24","13","9","3","5","73","80","10","19","13","4","1","2","1","8","65","22","4","2","0","0","3","1","2"
"s25","voters","0066401","960","273","474","63","0","1","12","0","2","0","135","447","513","21","35","20","4","6","21","4","1","0","0","0","0","3","1","0","0","2","4","0","1","2","3","0","0","0","0","1","0","4","0","1","0","0","8","7","6","13","18","47","1","12","10","19","21","29","82","2","19","8","26","48","54","88","0","10","11","37","46","46","79","1","6","5","9","21","15","13","0","5","5","5","22","17","11","0","1","3","2","10","7","10","0","3","4","8","10","8","12","159","46","28","9","4","3","1","2","21","271","79","45","9","15","5","6","9","35","75","20","10","2","7","1","3","1","16","52","10","7","3","1","0","0","0","5"
"s25","voters","0066532","1275","366","667","54","2","9","17","0","2","0","158","601","674","24","21","15","7","24","25","14","4","2","0","0","1","1","5","2","0","0","2","4","0","0","2","1","0","0","0","0","0","2","4","0","0","2","5","10","4","16","20","91","4","12","5","7","25","43","122","2","12","16","19","33","77","176","0","8","13","24","34","78","175","0","3","2","5","15","9","38","3","2","4","8","11","16","42","1","3","2","9","5","9","17","0","1","2","3","4","10","18","206","58","41","10","8","2","2","2","37","362","81","84","21","14","4","8","1","92","75","23","16","9","5","2","3","0","25","50","17","8","1","2","1","2","1","2"
"s25","voters","0067510","85","24","49","4","0","0","0","0","1","0","7","40","45","1","0","1","0","0","0","1","0","2","0","0","0","0","0","0","0","1","0","1","0","1","0","0","1","1","2","0","0","0","0","0","0","0","0","0","1","1","0","8","0","0","3","3","0","1","7","0","1","2","1","1","6","11","0","1","3","1","5","10","7","0","0","0","2","0","0","2","0","0","1","2","0","0","0","0","1","0","0","0","1","2","0","0","0","0","0","0","1","16","2","3","1","0","0","0","0","2","25","10","2","1","1","0","1","0","9","2","2","1","0","0","0","1","0","1","3","2","0","0","0","0","0","0","0"
"s25","voters","0069964","925","220","536","56","1","5","12","0","1","3","91","442","483","55","32","14","5","4","22","3","2","0","1","1","0","0","2","0","0","3","0","1","0","0","1","0","0","0","0","0","0","2","4","2","1","1","4","13","6","9","24","35","0","7","10","10","13","27","61","2","18","26","38","34","60","88","2","15","21","34","38","61","99","0","8","4","4","7","13","12","1","5","7","6","6","8","10","0","6","7","4","5","6","8","0","3","1","3","11","11","13","110","40","35","8","8","0","3","0","16","295","67","71","21","13","2","6","6","55","48","12","7","11","2","0","1","1","9","44","19","4","4","1","0","0","1","5"
"s25","voters","0071126","29","11","11","0","0","0","2","0","0","0","5","18","11","1","2","1","0","0","0","0","0","0","0","0","0","0","0","0","0","0","0","0","0","0","0","0","0","0","0","0","0","0","0","0","0","0","0","1","1","1","1","2","0","0","0","1","0","1","3","0","0","1","1","0","1","2","0","0","0","1","1","1","3","0","1","0","1","1","1","1","0","0","0","0","0","0","0","0","0","0","0","1","0","1","0","0","0","0","0","0","0","8","0","1","1","0","0","0","0","1","5","3","1","1","1","0","0","0","0","1","2","1","0","0","0","0","0","1","1","1","0","0","0","0","0","0","0"
"s25","voters","0071205","58","13","31","2","0","1","1","0","0","0","10","32","26","0","1","1","0","0","2","0","1","0","0","0","0","0","0","0","0","0","1","0","0","0","0","0","0","0","2","0","0","0","0","0","0","0","0","1","1","1","0","1","0","0","1","1","1","2","4","0","1","2","2","1","5","9","0","1","0","3","0","2","5","0","0","1","2","1","2","2","0","0","0","0","1","1","0","0","0","0","0","0","0","0","0","0","1","2","0","0","1","9","1","2","0","0","0","0","0","1","19","2","3","2","0","0","0","1","4","3","2","1","1","0","0","0","0","3","3","0","0","0","0","0","1","0","0"
"s25","voters","0071620","91","37","36","5","0","1","1","0","1","0","10","45","46","14","2","4","0","1","2","0","0","0","0","0","0","0","0","1","0","0","0","0","0","0","0","0","0","0","0","0","0","0","1","0","0","0","1","0","2","3","3","7","0","2","0","2","1","6","10","1","1","0","3","5","1","9","0","0","2","0","3","2","9","0","0","2","0","0","1","3","1","0","1","1","0","1","0","0","1","0","0","1","0","1","0","0","0","1","2","1","1","18","7","4","2","0","0","0","1","5","20","6","5","0","1","0","1","0","3","7","0","1","1","0","0","0","0","1","5","1","1","0","1","0","0","0","0"
"s25","voters","0072268","943","511","235","41","3","4","4","0","1","0","144","425","518","74","24","21","12","13","5","2","0","2","0","0","1","12","7","2","2","30","36","24","5","11","5","2","0","12","14","3","2","17","8","8","2","2","21","17","28","33","48","48","1","36","33","47","54","62","81","2","11","11","17","18","41","26","0","6","3","17","19","35","29","0","9","8","7","13","13","22","0","6","7","14","16","11","18","0","2","5","2","4","10","7","0","5","4","2","2","9","1","290","73","60","10","13","5","11","0","49","129","41","27","8","5","2","6","1","16","82","28","8","12","8","2","2","0","2","30","15","7","1","0","0","0","0","0"
"s25","voters","0072310","572","349","84","32","4","2","6","0","3","0","92","245","327","99","17","19","10","2","1","3","1","1","0","0","2","4","0","0","1","16","6","7","3","11","2","5","0","5","1","2","1","5","8","10","0","2","10","18","16","25","26","31","0","20","27","34","38","46","56","0","0","5","7","6","11","17","0","0","2","4","8","12","12","1","3","8","9","6","10","9","1","8","6","8","6","5","12","0","2","2","4","4","4","9","0","3","1","5","2","4","7","185","56","56","15","9","6","3","3","16","45","12","15","2","3","1","0","2","4","47","16","13","2","7","0","2","0","5","19","15","6","1","1","0","1","0","4"
"s25","voters","0072385","936","530","216","38","8","3","3","0","3","0","135","403","533","116","41","21","7","5","7","2","1","0","1","0","0","9","1","3","0","17","11","11","1","6","1","10","1","16","14","7","1","19","14","10","0","1","7","23","16","29","40","78","3","27","40","39","36","73","118","0","3","9","16","16","30","38","0","2","4","12","22","25","39","1","5","7","13","12","16","22","4","5","10","9","9","9","13","0","3","2","3","4","6","3","0","2","3","4","8","10","7","269","109","53","14","12","4","6","2","61","124","26","27","6","3","1","1","2","26","78","17","13","12","3","2","2","1","7","41","9","1","0","2","0","1","0","1"
"s25","voters","0072495","1076","586","248","33","3","4","13","0","3","0","186","496","580","100","29","28","10","29","11","2","1","3","1","0","0","15","6","6","1","26","31","24","3","6","1","4","0","18","6","8","2","11","1","5","4","3","21","25","33","43","52","67","0","39","36","36","55","85","91","1","5","10","12","18","39","41","1","1","3","8","28","43","38","2","5","11","10","17","23","27","1","9","6","19","18","24","14","1","3","1","1","6","11","8","0","2","3","6","3","6","5","284","115","88","22","16","5","5","7","44","121","44","24","12","4","2","1","2","38","100","26","18","7","5","1","6","2","21","35","12","4","1","0","0","2","2","0"
"s25","voters","0072505","913","479","226","32","6","1","6","0","2","0","161","386","527","65","36","26","17","10","4","3","1","0","2","0","1","12","5","6","1","34","13","21","2","16","1","2","2","13","17","12","0","11","7","2","0","0","8","21","24","27","39","62","2","16","33","38","39","62","108","1","4","7","11","19","28","36","0","9","8","15","17","28","43","2","7","8","12","15","18","23","2","14","5","4","13","19","19","0","3","2","1","1","4","3","0","7","0","4","3","9","10","257","76","62","20","15","2","2","2","43","123","34","29","6","4","5","1","3","21","91","22","17","11","4","1","1","0","14","28","12","4","1","0","0","2","0","0"
"s25","voters","0072606","1129","583","301","50","3","9","4","0","3","0","176","499","630","63","22","11","10","18","5","2","2","11","0","2","2","21","3","3","3","34","16","19","3","16","4","10","0","19","6","7","1","16","10","6","4","3","17","15","21","25","43","108","2","18","33","33","43","73","149","0","4","12","11","27","34","58","1","4","10","9","16","23","92","1","9","10","9","16","16","28","1","10","12","8","15","16","25","1","5","2","4","5","7","8","1","5","4","4","6","3","14","322","100","71","14","12","4","5","6","49","166","33","37","9","6","4","3","5","38","87","37","17","14","3","2","3","2","11","41","14","10","2","0","1","0","0","1"
"s25","voters","0072679","975","490","264","42","2","2","6","0","1","0","168","468","507","77","25","19","6","9","14","3","3","5","1","2","0","16","4","7","0","37","36","31","3","15","3","9","2","6","6","3","1","17","10","6","4","2","32","23","13","35","53","54","4","39","24","28","46","65","72","3","12","5","8","21","45","35","1","10","8","8","27","47","34","1","15","15","10","17","29","15","0","14","6","3","10","22","11","1","4","2","1","2","8","7","0","2","4","3","9","4","6","250","91","56","17","6","3","4","5","58","141","25","37","9","6","5","2","4","35","88","19","21","6","7","1","2","2","22","33","10","3","2","3","0","0","0","2"
"s25","voters","0072713","1027","589","212","40","0","3","4","0","2","0","177","467","560","98","26","27","4","15","5","4","1","1","2","1","1","14","5","3","1","37","18","25","2","9","1","5","0","15","9","11","1","13","13","6","2","3","24","16","33","37","64","50","2","22","54","46","50","97","91","2","6","8","14","23","51","22","0","2","10","9","17","25","23","2","9","9","13","10","22","21","1","17","7","17","15","22","12","0","3","5","5","2","8","5","0","2","1","4","5","5","4","312","92","75","20","15","5","5","1","64","123","20","30","4","4","0","2","1","28","95","29","22","10","7","1","2","0","11","30","6","8","4","1","0","0","0","0"
"s25","voters","0072762","992","424","340","66","2","2","6","0","1","0","151","467","525","49","21","14","6","11","17","8","4","0","1","0","0","12","7","2","1","17","13","11","0","8","0","0","2","14","2","2","1","11","6","1","2","2","13","14","21","25","33","72","4","13","23","19","39","48","98","1","3","7","8","16","56","83","1","4","8","13","15","44","81","1","6","8","9","12","15","27","1","2","7","9","12","17","25","0","4","5","1","8","4","13","0","2","2","5","4","12","17","227","65","42","16","13","2","5","7","47","159","47","40","13","6","1","5","7","62","71","26","20","5","5","5","0","0","19","50","18","8","1","0","0","0","0","0"
"s25","voters","0072796","880","484","184","27","1","1","6","0","4","0","173","371","509","86","38","33","6","4","3","1","0","4","0","3","0","4","0","2","0","41","31","23","1","21","6","10","1","17","5","7","1","19","4","9","1","4","19","36","41","34","25","29","1","32","40","56","68","42","57","2","6","9","10","24","19","16","0","2","8","21","26","22","19","2","8","9","18","20","12","11","3","19","14","16","15","11","15","0","0","2","4","5","4","2","0","0","3","5","7","4","3","267","96","67","12","13","2","7","9","11","111","23","29","3","5","1","0","3","9","109","20","17","11","7","0","2","0","7","23","7","6","1","1","0","0","0","1"
"s25","voters","0072804","821","401","199","24","2","2","5","0","3","0","185","362","459","57","33","19","6","10","1","6","0","1","2","1","1","19","2","4","1","31","39","44","3","10","0","8","2","11","7","6","3","15","10","7","0","5","18","19","11","32","45","31","4","37","12","33","64","47","43","0","6","3","4","22","34","27","0","7","4","7","25","26","34","1","8","10","14","26","17","11","1","14","7","10","24","27","15","0","0","3","2","6","4","3","0","5","0","4","3","2","4","221","68","48","11","6","0","4","5","38","110","33","23","7","2","1","3","1","19","93","26","25","11","4","1","3","2","20","25","4","4","2","0","0","1","0","0"
"s25","voters","0072850","922","474","196","39","3","3","5","0","2","0","200","409","513","81","33","37","7","8","0","3","2","3","5","7","0","5","2","4","0","47","24","38","6","18","5","15","2","7","5","7","0","8","11","1","4","3","23","28","19","34","44","31","1","39","31","36","65","66","54","0","7","8","18","23","33","18","0","1","2","15","22","29","20","0","18","14","6","18","30","13","3","18","14","13","14","24","15","1","3","2","0","6","5","4","0","3","6","7","7","5","3","277","75","60","21","10","2","5","0","24","126","25","19","3","3","1","0","3","16","118","30","16","6","4","2","5","3","16","38","8","5","0","0","0","0","0","1"
"s25","voters","0072912","246","83","117","14","1","2","3","0","3","0","23","126","120","14","7","0","2","3","3","0","0","0","1","0","0","2","1","1","0","1","0","0","0","0","0","0","0","0","0","0","0","2","2","0","0","0","5","4","2","5","7","15","1","6","3","4","5","6","20","0","2","5","12","5","12","25","0","4","5","7","5","10","25","0","2","2","4","1","2","2","0","0","1","2","1","2","4","0","0","3","1","1","4","5","0","2","1","2","1","1","2","43","13","6","7","2","2","1","1","8","53","17","21","6","3","0","1","1","15","11","2","2","4","1","0","0","0","3","15","4","0","2","1","0","0","0","1"
"s25","voters","0073018","766","435","150","27","7","8","11","0","1","0","127","326","440","77","27","24","7","9","1","4","2","0","2","0","0","5","1","2","0","18","10","17","3","34","7","11","2","9","5","2","2","7","6","2","1","0","15","23","29","25","32","42","1","27","45","39","34","58","65","0","2","6","13","9","15","28","0","2","5","14","13","16","27","0","7","11","13","10","15","9","4","13","2","13","12","9","9","1","1","6","3","2","4","5","1","4","3","10","6","6","2","225","72","57","17","10","6","4","3","41","84","22","13","4","5","1","5","4","12","68","20","16","6","3","1","0","1","12","32","6","5","3","2","0","1","1","4"
"s25","voters","0073044","856","488","179","30","3","1","11","0","3","0","141","364","492","119","45","31","7","11","2","2","0","1","1","2","0","2","1","1","0","9","13","9","3","3","2","3","0","15","11","3","1","19","11","12","2","3","15","33","20","31","38","47","0","24","52","46","36","63","80","1","7","10","17","10","24","25","1","2","5","10","16","31","20","1","5","7","18","10","11","7","1","9","15","10","14","19","14","0","2","7","4","2","5","4","1","3","1","1","2","4","12","259","74","60","11","22","6","8","6","42","92","30","24","8","0","0","1","2","22","79","17","24","6","2","1","0","0","12","35","6","4","1","1","0","1","0","0"
"s25","voters","0073129","1019","571","246","36","5","3","9","0","5","0","144","433","586","94","39","17","10","15","9","3","2","0","0","0","0","8","4","4","1","14","9","16","0","2","0","4","1","15","3","5","2","16","7","6","1","0","10","20","42","26","45","70","2","27","43","46","52","67","121","0","9","9","19","15","25","43","0","5","4","18","21","30","48","0","9","7","10","7","16","24","0","8","5","14","15","15","14","1","1","4","3","3","8","7","0","4","4","2","6","7","8","294","84","72","25","14","6","6","6","64","109","48","32","6","8","2","1","4","36","73","16","22","12","3","2","2","2","12","40","12","5","0","0","0","0","0","1"
"s25","voters","0073143","907","528","168","40","2","4","6","0","4","0","155","376","531","123","22","35","22","23","8","4","0","2","3","0","0","11","2","3","0","13","11","17","5","5","1","6","0","8","10","6","0","17","6","1","1","5","12","19","24","18","47","60","1","20","44","44","52","74","108","0","1","10","7","16","24","31","0","2","1","7","13","25","31","3","8","13","11","12","13","14","1","10","7","13","15","20","15","1","5","4","10","1","7","0","1","2","5","4","2","6","8","287","94","60","14","15","1","5","5","47","91","17","22","4","7","1","1","1","24","83","21","22","11","5","1","1","2","9","30","9","8","2","2","1","0","1","3"
"s25","voters","0073171","529","302","105","24","2","2","1","0","2","0","91","222","307","87","23","14","6","4","2","2","1","1","0","2","0","1","0","1","0","13","5","14","0","22","1","7","1","13","9","8","1","15","8","5","4","2","18","17","13","17","21","27","0","18","29","29","30","39","42","0","2","5","3","9","15","14","0","4","5","12","7","15","14","0","6","9","6","7","8","7","0","8","10","9","4","9","8","0","3","1","3","2","6","1","0","1","1","1","5","6","1","190","46","29","8","4","0","2","2","21","66","16","8","1","2","1","3","2","6","50","13","15","5","4","0","1","0","3","22","2","2","1","0","0","0","0","4"
"s25","voters","0073235","869","440","248","34","7","5","4","0","1","1","129","385","484","88","29","35","11","7","3","2","0","0","1","0","0","11","5","1","0","10","11","7","0","6","3","4","0","12","7","3","1","4","8","0","0","0","8","25","22","20","24","67","2","16","32","29","45","52","98","1","4","10","17","10","35","48","0","3","7","10","14","37","52","0","9","9","11","11","16","12","0","5","6","12","9","15","14","0","3","2","6","8","5","2","0","3","4","5","5","3","6","223","62","68","17","15","2","4","3","46","140","36","21","10","3","0","5","4","29","62","18","15","7","5","1","5","3","13","29","11","6","1","2","1","1","0","1"
"s25","voters","0073345","1154","544","371","49","2","8","7","0","3","1","169","547","607","103","49","20","12","6","9","4","0","0","0","1","0","21","2","0","1","18","14","11","0","1","3","2","0","4","5","2","0","10","4","6","1","1","19","16","26","31","47","88","1","25","25","41","51","66","107","1","5","9","15","30","45","82","0","4","10","13","22","55","80","0","9","13","13","14","23","21","2","15","4","14","14","13","14","0","1","5","4","5","12","12","0","2","2","5","2","10","10","294","97","70","15","11","2","1","4","50","177","61","43","13","11","3","3","5","55","75","30","21","10","8","0","2","3","20","42","14","5","2","1","0","1","0","5"
"s25","voters","0073457","796","398","206","34","0","2","9","0","2","0","145","356","440","78","24","23","7","8","8","2","1","1","0","1","0","7","1","1","1","7","5","7","0","3","3","4","1","3","4","1","0","16","6","8","0","0","14","22","31","17","26","38","4","27","23","42","30","40","84","0","2","7","13","14","28","42","0","2","5","15","10","25","43","2","4","10","15","11","18","19","1","5","6","13","12","16","13","1","2","2","4","4","7","3","0","2","3","6","5","5","3","226","51","59","9","10","1","1","5","36","103","24","26","6","7","0","0","3","37","73","20","13","15","5","1","2","2","14","28","7","7","1","2","1","0","0","1"
"s25","voters","0073473","1004","497","290","45","3","3","10","0","3","0","153","467","537","118","38","26","8","12","6","3","1","2","0","1","0","9","1","1","0","8","10","4","1","4","0","3","1","10","0","6","0","5","7","3","1","3","11","24","28","37","35","69","1","27","24","47","52","47","92","0","3","7","17","24","37","55","0","7","8","11","21","30","70","2","7","12","16","12","16","18","0","4","15","11","8","18","14","1","3","6","4","6","6","8","0","1","4","5","6","12","2","269","83","62","13","12","2","7","2","47","159","33","33","12","2","1","2","2","46","72","30","19","10","2","0","4","2","14","30","14","11","2","2","1","2","1","1"
"s25","voters","0073516","1014","498","222","43","7","2","4","0","4","0","234","465","549","91","32","21","10","5","0","0","1","0","4","7","0","9","2","3","1","33","24","51","2","36","3","14","2","24","21","18","2","8","7","13","1","3","21","16","28","44","37","49","2","41","34","39","77","46","61","0","13","5","7","37","30","28","1","11","3","8","37","20","22","1","20","10","23","25","21","21","2","17","5","14","29","27","19","0","2","2","2","13","3","4","0","9","3","4","7","5","6","269","64","77","17","18","6","6","3","38","124","31","34","7","5","2","1","1","17","127","36","26","14","3","1","6","2","19","35","8","8","4","1","0","2","0","2"
"s25","voters","0073567","833","459","163","38","3","3","10","0","1","0","156","374","459","110","28","30","11","13","5","1","1","3","2","3","0","6","2","0","0","25","11","10","2","23","5","16","3","8","5","9","1","21","8","8","1","2","22","17","31","39","34","33","4","34","20","52","61","46","64","1","5","4","12","25","21","19","1","3","5","10","23","17","17","1","15","11","15","18","10","12","1","9","10","11","16","14","13","0","4","2","3","9","5","4","1","1","1","5","7","8","5","250","91","39","18","15","4","6","3","33","88","24","18","6","4","1","1","4","17","70","28","21","16","8","0","5","2","6","32","10","8","2","1","1","0","0","1"
"s25","voters","0073634","997","536","238","33","1","4","6","0","3","0","176","433","564","93","35","25","8","15","6","2","0","1","0","1","0","7","2","1","0","26","22","17","1","19","6","16","4","14","24","5","1","22","10","14","3","4","24","19","29","41","40","50","3","39","38","45","69","41","94","0","14","6","13","29","23","28","0","8","6","13","32","16","50","1","14","8","11","27","11","14","5","12","4","15","23","15","16","2","2","1","3","5","9","5","0","3","6","3","3","2","3","303","97","66","13","12","4","10","3","28","123","40","31","12","5","1","1","3","22","101","27","17","7","4","1","6","1","12","29","11","5","1","0","0","0","1","0"
"s25","voters","0073662","914","483","221","30","1","8","2","0","1","0","168","415","499","91","27","31","6","9","3","4","0","3","0","4","0","4","1","1","0","29","27","19","3","28","8","12","2","25","23","13","0","21","12","7","3","0","11","27","19","41","40","58","3","36","41","32","54","55","66","0","9","7","10","18","34","35","1","5","8","9","27","30","28","0","7","9","6","22","23","14","0","15","15","3","32","17","5","0","3","2","1","4","9","6","0","3","3","2","3","4","2","244","84","81","15","10","2","4","5","38","119","33","23","10","5","1","2","4","24","88","19","23","8","5","1","3","3","18","22","7","10","0","2","0","1","0","0"
"s25","voters","0073690","759","418","170","31","1","2","4","0","4","0","129","335","424","87","31","25","10","5","5","4","1","0","1","1","0","3","0","0","0","26","9","22","2","16","5","5","2","10","14","11","3","16","6","4","0","1","14","25","20","33","33","32","6","31","39","35","55","46","48","0","9","6","10","23","17","25","2","6","5","9","14","28","16","0","14","8","10","13","12","7","1","7","6","13","13","14","11","1","3","3","2","4","7","3","0","6","1","0","8","3","1","233","78","45","14","10","4","6","1","27","103","22","20","3","2","2","3","4","11","71","19","15","8","5","1","0","1","9","26","8","3","2","2","0","0","0","1"
"s25","voters","0073700","893","522","151","31","1","5","11","0","3","0","169","355","538","93","28","29","10","10","2","3","0","0","2","0","0","9","0","1","0","26","8","24","2","27","4","16","1","25","8","4","0","29","12","14","4","3","28","17","19","46","35","37","5","34","47","48","83","54","66","1","3","8","16","18","17","8","0","8","4","15","19","22","12","3","7","4","15","22","15","8","3","10","13","24","20","11","14","0","2","6","4","5","3","5","0","3","4","4","9","1","5","304","86","67","17","15","3","2","5","23","97","19","13","5","1","3","2","2","9","95","26","20","11","7","0","1","4","5","25","11","7","4","1","0","2","0","1"
"s25","voters","0073752","696","378","163","24","0","2","1","0","1","0","127","315","381","97","41","13","1","4","2","3","0","3","0","1","0","3","0","1","0","16","3","14","0","26","9","13","1","18","10","4","3","24","8","14","2","0","13","15","26","37","25","36","5","36","24","46","48","29","38","1","1","5","20","25","17","20","0","5","6","17","20","13","13","3","4","7","12","17","11","7","4","10","5","13","16","10","8","1","0","2","2","2","3","3","0","1","1","2","3","3","5","199","66","48","11","23","4","11","2","14","87","24","22","4","5","6","5","3","7","72","21","21","6","1","0","0","1","5","17","3","6","2","0","0","0","0","0"
"s25","voters","0073775","878","506","168","27","3","2","4","0","4","0","164","387","491","112","28","31","7","5","4","1","1","5","1","2","0","5","1","0","2","18","14","17","2","30","12","15","1","22","9","8","0","20","10","8","3","1","17","22","24","45","37","54","6","41","35","41","59","54","70","1","3","6","9","21","20","20","0","0","3","14","24","22","25","2","9","8","18","14","17","15","0","12","9","12","19","14","15","0","6","2","1","6","5","4","0","3","1","3","3","4","2","267","106","60","18","13","5","5","1","31","88","32","23","3","4","1","1","0","16","88","28","23","13","4","0","0","0","8","24","6","4","2","1","0","1","0","2"
"s25","voters","0073817","810","425","182","46","4","3","3","0","1","0","146","373","437","77","32","29","4","11","2","2","0","3","0","3","0","5","6","0","1","36","15","19","4","6","8","12","1","22","10","10","3","26","9","9","1","1","18","19","19","35","38","43","2","39","29","33","47","49","53","0","7","3","15","24","19","28","0","6","5","10","24","16","25","1","9","8","14","18","11","12","2","12","7","11","26","6","9","0","4","3","2","12","6","4","1","8","2","1","5","5","4","243","65","58","18","12","3","0","2","24","85","43","25","4","6","0","1","0","18","76","28","17","9","8","2","3","0","3","34","9","7","1","4","1","0","1","0"
"s25","voters","0073893","725","398","153","22","0","2","1","0","9","0","140","318","407","67","31","20","4","13","0","5","0","3","0","1","0","3","1","1","0","29","21","21","2","14","7","4","2","22","12","19","1","32","6","7","3","5","21","12","15","33","34","39","2","50","29","26","48","45","39","0","7","4","11","24","20","16","1","4","7","8","13","22","16","2","6","6","11","15","8","17","3","4","8","10","25","12","13","0","4","4","0","2","2","0","1","3","1","3","6","5","3","179","97","62","16","7","3","7","4","23","88","20","22","3","5","1","1","0","13","77","22","15","11","5","0","4","1","5","27","0","6","0","1","0","0","0","0"
"s25","voters","0073938","821","422","164","36","2","3","5","0","3","0","186","373","448","78","34","33","3","3","0","3","0","1","0","0","0","4","0","0","0","22","9","29","4","29","4","9","5","15","12","19","1","16","3","9","1","2","22","16","23","27","36","41","4","32","40","27","59","52","41","0","10","3","14","22","21","20","0","3","2","14","21","17","17","0","17","12","10","25","17","14","2","7","10","15","26","20","11","3","1","5","0","5","3","4","0","8","2","4","7","4","3","233","81","40","13","13","3","6","4","29","90","18","25","5","4","1","2","0","19","111","28","20","6","4","0","3","1","13","27","13","8","0","0","0","1","0","0"
"s25","voters","0074266","213","78","90","13","0","3","1","0","1","0","27","97","116","31","8","5","5","4","7","3","1","0","0","0","0","0","0","0","0","0","2","2","0","3","0","0","0","0","0","0","0","1","1","2","0","1","3","1","4","2","5","14","1","6","6","6","4","8","17","0","1","2","9","6","10","17","0","3","1","7","4","11","19","0","0","0","2","1","3","5","0","1","1","3","2","3","6","0","1","1","3","3","0","3","0","0","2","0","2","0","3","40","10","9","3","2","2","1","0","11","53","13","4","4","1","3","0","0","12","10","10","2","0","1","2","0","0","2","10","5","2","1","0","0","0","0","0"
"s25","voters","0077164","271","76","124","28","1","1","3","0","0","0","38","127","144","6","9","4","2","0","3","2","0","0","0","0","0","0","0","0","0","0","0","0","0","0","0","0","0","0","0","0","0","4","2","0","1","0","0","2","0","5","1","22","0","1","1","3","2","7","32","1","0","0","3","4","13","39","0","5","1","8","5","14","31","0","1","3","4","1","0","7","0","3","2","1","1","3","12","0","1","0","0","1","4","15","0","1","2","2","1","2","4","48","14","6","0","2","0","0","1","5","57","22","19","3","5","0","0","1","17","22","6","4","2","1","0","0","0","3","19","11","1","1","0","1","0","0","0"
"s25","voters","0077380","199","83","62","11","1","2","6","0","1","0","33","93","106","17","7","8","3","4","1","1","3","0","0","0","0","0","0","0","0","2","0","0","0","0","0","0","0","0","2","1","0","1","3","0","0","0","0","4","4","1","5","19","0","2","4","2","3","15","24","0","0","1","3","5","8","11","0","1","4","4","7","14","4","0","1","0","7","2","4","6","0","0","3","2","1","2","5","0","0","1","3","1","2","5","0","0","0","2","2","1","4","47","7","9","5","3","1","2","1","8","34","9","5","6","1","0","1","0","6","19","1","3","2","0","0","1","1","6","14","2","3","0","1","0","0","0","1"
"s25","voters","0077581","262","106","105","11","1","1","0","0","4","0","34","138","124","11","7","1","1","0","3","2","0","0","0","0","0","0","0","0","0","0","0","0","0","2","0","0","1","0","0","0","0","5","4","1","1","0","2","1","2","0","5","35","0","0","0","2","9","12","38","0","1","2","8","6","11","33","0","1","1","1","6","14","21","0","0","1","2","5","5","10","0","0","0","2","3","1","5","0","0","0","1","2","3","3","0","0","0","1","1","4","2","61","21","10","4","3","0","0","1","6","67","16","15","2","0","0","0","0","5","22","1","7","3","0","0","0","0","1","15","1","1","0","0","0","0","0","0"
"s25","voters","0078116","451","130","224","22","1","0","8","0","2","0","64","205","246","25","27","18","3","5","8","3","3","0","0","0","0","1","1","1","0","3","0","1","0","0","0","0","0","0","0","0","0","0","3","0","0","0","3","2","2","4","4","30","0","0","2","9","7","25","42","2","9","1","12","11","28","56","0","9","2","11","11","22","50","0","1","2","3","2","2","10","1","4","6","12","5","5","11","0","2","1","2","6","3","7","0","0","2","2","1","4","3","71","17","18","3","4","0","3","0","14","117","37","28","9","12","1","2","0","18","31","8","6","8","5","0","0","1","5","17","11","3","0","1","0","0","0","1"
"s25","voters","0078953","168","72","60","7","0","1","5","0","0","0","23","80","88","29","6","7","3","1","1","1","0","0","0","0","0","1","3","0","0","1","1","1","0","0","0","0","0","0","0","0","0","0","0","0","0","0","1","3","3","6","7","10","0","4","11","5","3","6","13","0","1","0","3","2","7","16","0","0","1","2","3","9","16","1","1","1","1","0","1","7","0","2","0","4","1","1","3","0","0","1","0","1","2","5","0","1","0","0","0","2","1","41","15","2","2","4","0","2","1","5","32","5","12","2","0","0","3","1","5","14","1","1","2","2","0","0","0","3","8","4","1","0","0","0","0","0","0"
"s25","voters","0081022","662","373","135","25","2","0","4","0","5","0","118","275","387","60","31","25","5","3","0","0","3","0","0","1","0","1","0","2","0","13","9","16","1","25","5","8","0","9","9","14","5","13","8","3","1","1","5","16","22","21","27","37","1","21","34","20","24","49","95","0","1","5","8","16","18","23","0","2","4","8","6","12","32","0","6","14","10","11","8","14","0","5","7","12","9","5","17","0","1","0","3","4","1","3","0","0","2","1","4","6","11","251","42","36","7","9","5","3","4","16","78","14","20","5","3","1","1","1","12","82","15","8","1","2","0","3","0","7","23","4","6","0","3","0","0","0","0"
"s25","voters","0081125","698","375","160","26","2","3","1","0","2","0","129","313","385","71","28","17","8","2","3","0","0","2","1","2","0","1","0","0","0","10","9","11","1","35","12","14","3","28","27","25","5","24","8","12","2","0","11","21","20","25","26","43","5","23","37","36","39","39","50","1","6","9","11","15","19","23","1","2","6","11","21","14","21","1","9","5","18","10","11","9","1","12","10","11","14","6","12","0","1","4","4","3","3","5","0","1","1","1","1","7","3","198","85","45","11","12","1","3","1","19","96","25","23","5","1","0","2","0","8","74","15","23","4","6","0","1","2","4","20","10","2","1","0","0","0","0","1"
"s25","voters","0081237","856","466","188","39","5","5","11","0","3","0","139","391","465","97","42","12","22","7","7","1","1","2","0","0","0","11","1","0","2","9","1","4","1","7","6","7","0","6","0","4","3","15","3","5","1","2","20","24","28","27","32","47","4","30","31","41","57","47","76","0","3","11","16","16","24","27","0","3","7","10","12","22","37","1","12","11","14","15","12","14","2","5","10","8","14","13","8","0","5","4","6","5","8","7","0","2","3","6","5","5","7","252","82","53","14","18","2","5","2","38","100","21","25","6","4","0","2","2","28","71","19","17","8","9","1","0","0","14","38","12","9","1","1","0","0","0","2"
"s25","voters","0081274","923","523","199","41","3","1","9","0","2","0","145","390","533","106","33","27","13","6","7","1","1","4","2","1","0","5","3","3","2","17","9","5","2","12","2","3","0","19","8","3","0","18","6","8","0","1","11","16","32","33","31","70","0","34","39","46","49","60","101","0","2","6","11","20","28","35","0","3","8","11","18","19","38","1","3","11","12","12","17","16","1","15","4","13","12","12","16","0","3","0","5","5","4","5","0","4","1","5","5","7","12","272","90","70","23","17","3","6","2","40","103","33","26","10","3","1","3","1","19","69","25","20","7","5","2","5","4","8","32","13","7","1","0","0","0","0","3"
"s25","voters","0081320","653","357","164","27","2","1","7","0","5","0","90","274","379","65","26","20","6","7","1","3","0","4","0","0","0","5","1","0","1","8","3","1","0","10","6","7","1","9","3","2","0","13","8","3","1","1","6","14","26","15","35","42","2","21","24","36","29","46","60","0","9","2","10","12","16","26","1","0","6","7","17","29","29","3","4","10","4","9","7","2","0","12","5","8","8","9","9","0","1","2","2","4","9","3","1","1","1","3","6","4","5","178","68","43","16","8","0","10","3","31","92","20","16","9","4","1","3","1","18","44","12","18","8","1","1","0","0","6","24","6","6","1","1","1","0","1","2"
"s25","voters","0081393","743","378","198","35","2","1","2","0","3","0","124","311","432","63","28","18","6","10","7","4","4","5","0","0","0","1","2","1","1","13","7","12","0","15","10","5","0","9","12","5","2","23","1","6","1","0","9","22","18","24","16","53","0","24","22","46","41","28","75","0","2","7","15","16","18","31","2","2","4","15","17","25","44","0","7","8","14","11","15","10","0","8","10","11","12","8","10","1","2","0","2","1","0","9","0","4","2","5","0","3","14","210","74","35","16","14","1","6","5","17","123","25","20","10","4","0","1","0","15","84","10","16","7","2","1","2","0","2","32","6","3","1","1","0","0","0","0"
"s25","voters","0081419","907","479","175","37","0","11","8","0","2","0","195","412","495","84","29","27","9","7","1","1","3","4","2","0","2","6","0","0","0","38","13","28","6","32","13","9","2","25","19","15","2","30","20","20","1","3","13","24","42","52","27","32","4","25","32","59","69","47","50","1","3","5","14","24","24","18","0","5","8","14","23","16","20","2","13","6","18","38","12","13","2","15","3","21","30","11","11","1","2","2","5","10","6","2","0","3","1","6","9","2","9","250","106","52","19","17","8","9","5","13","92","31","27","7","3","3","2","4","6","100","32","24","15","10","3","4","5","2","35","9","8","3","3","0","0","0","0"
"s25","voters","0081550","1253","603","388","62","3","5","7","0","3","0","182","472","781","84","31","17","8","17","18","1","4","1","3","0","0","9","3","1","1","17","17","19","7","30","3","11","1","7","5","8","4","26","29","9","2","0","7","7","13","22","19","129","4","18","8","15","52","32","277","1","6","0","6","21","20","97","0","3","2","5","33","28","166","3","5","3","6","17","12","44","0","7","2","5","14","11","53","0","2","0","0","6","9","17","2","2","4","1","6","4","27","339","96","80","19","14","13","12","7","23","195","70","49","10","15","6","8","9","26","81","32","29","10","5","4","5","0","16","52","16","6","3","0","0","0","1","2"
"s25","voters","0081578","749","445","122","20","2","5","8","0","2","0","145","332","417","67","13","20","4","6","1","5","0","5","0","0","0","5","1","2","1","43","14","37","3","18","10","13","5","44","10","14","1","35","14","8","5","1","19","27","58","33","17","28","1","23","41","79","61","25","32","0","3","3","12","19","9","10","0","4","8","12","15","8","19","1","7","11","18","17","13","8","2","6","10","19","13","6","14","1","2","0","4","3","3","5","0","5","2","5","4","1","2","323","86","26","1","3","1","0","2","3","84","19","10","2","5","0","0","0","2","99","27","12","4","3","0","0","0","0","29","6","1","0","1","0","0","0","0"
"s25","voters","0081652","820","448","168","31","2","4","3","0","3","0","161","375","445","81","28","12","6","3","1","2","1","8","4","3","0","7","1","0","0","32","11","22","4","31","16","22","2","25","19","11","5","28","20","13","6","3","16","9","33","58","30","37","7","34","24","48","65","33","51","2","4","9","18","32","14","16","0","5","4","20","22","11","11","1","5","7","17","24","9","9","3","9","5","25","25","16","6","0","7","0","5","5","3","2","1","1","1","4","10","3","1","253","82","63","19","19","0","0","1","11","104","26","25","6","5","0","1","0","1","77","30","24","8","14","0","0","1","7","27","10","3","0","2","0","0","0","1"
"s25","voters","0081660","743","405","136","32","7","4","4","0","1","0","154","332","411","63","33","35","8","3","1","3","0","2","2","3","0","3","0","0","0","32","13","14","4","29","5","17","6","16","16","7","1","25","7","12","6","3","13","25","39","26","36","22","4","22","40","51","48","27","49","0","3","6","20","22","7","12","0","3","6","20","15","7","15","2","5","13","18","20","9","11","2","6","12","23","16","7","10","0","2","0","8","5","1","4","1","8","1","7","7","1","3","251","70","77","2","2","0","1","0","2","98","21","16","1","0","0","0","0","0","96","35","23","0","0","0","0","0","0","38","5","5","0","0","0","0","0","0"
"s25","voters","0081734","849","490","140","33","2","1","5","0","4","0","174","364","485","73","19","19","8","11","2","5","0","5","1","1","0","7","1","3","0","37","20","21","2","27","6","17","2","27","11","14","3","24","17","13","0","0","6","29","70","33","20","41","1","20","43","85","35","19","88","1","1","10","17","13","8","13","0","3","8","16","12","11","27","0","11","16","18","14","12","11","0","5","17","12","20","14","24","0","0","1","10","4","3","2","1","3","4","3","2","2","10","397","74","8","4","2","1","2","1","1","113","12","6","2","3","2","1","0","1","152","19","0","1","2","0","0","0","0","41","3","1","0","0","0","0","0","0"
"s25","voters","0081779","695","391","135","18","1","4","5","0","4","0","137","306","389","56","14","15","0","8","2","2","0","4","5","0","0","9","0","1","0","35","21","21","0","17","1","14","3","33","10","14","2","19","9","11","2","3","10","23","43","27","21","31","2","16","36","64","38","26","51","1","4","12","9","13","12","13","1","2","14","11","13","16","14","1","2","17","13","16","11","12","2","3","15","10","16","7","12","0","1","0","4","3","0","4","0","2","5","2","5","1","5","345","20","19","4","1","0","2","0","0","114","4","10","4","2","0","0","0","1","122","9","3","2","1","0","0","0","0","30","1","1","0","0","0","0","0","0"
"s25","voters","0082009","716","373","155","21","5","6","2","0","4","0","150","315","401","70","30","24","6","0","2","1","0","1","0","0","0","1","1","0","0","20","10","21","3","36","12","16","2","49","37","25","9","19","7","6","1","0","21","21","14","25","29","34","2","33","36","22","47","48","41","0","6","7","9","20","19","19","1","5","7","12","10","18","22","0","13","10","14","8","10","17","0","8","12","14","14","18","12","0","1","1","3","4","4","6","1","2","2","2","4","2","6","216","62","51","9","8","1","3","7","16","91","26","22","1","3","0","2","0","10","83","20","26","6","3","2","2","2","6","23","5","5","3","0","0","2","0","0"
"s25","voters","0082053","716","371","172","19","5","1","4","0","2","0","142","317","399","54","15","13","3","4","1","0","0","2","2","1","0","1","0","0","0","20","5","10","2","30","7","22","0","67","59","40","9","11","14","4","1","4","16","21","11","18","27","48","1","28","45","23","40","43","46","0","8","7","11","20","19","23","0","9","4","13","19","17","22","2","7","8","7","17","12","14","0","13","10","12","15","10","15","0","0","4","2","4","5","2","0","4","0","0","3","4","3","189","60","66","10","11","0","1","4","30","98","28","31","2","4","0","0","1","8","81","20","17","5","2","1","5","3","8","18","5","5","0","0","0","1","0","2"
"s25","voters","0082102","718","404","155","25","1","2","4","0","1","0","126","314","404","77","26","21","4","7","3","2","0","2","0","0","0","0","2","0","0","12","9","11","2","53","5","6","0","27","13","12","2","18","2","11","2","0","19","16","20","36","37","35","5","24","35","37","39","52","49","0","6","7","10","9","23","23","1","4","2","9","15","20","26","1","11","14","9","7","10","9","2","6","12","10","6","13","16","0","1","3","3","1","2","2","0","2","5","2","4","4","4","200","69","61","20","7","4","3","10","30","86","18","27","4","3","0","3","2","12","69","12","19","10","8","1","2","1","4","19","6","5","1","0","0","0","1","1"
"s25","voters","0082146","761","395","192","35","3","1","7","0","7","0","121","340","421","74","33","24","7","8","1","0","2","6","0","1","0","8","3","0","0","12","5","15","3","16","9","6","0","23","5","12","4","13","10","1","2","0","10","21","22","18","40","51","2","20","50","26","27","48","60","0","6","4","12","11","26","32","1","5","5","10","10","30","40","0","4","7","9","11","15","11","0","8","13","11","10","11","11","0","2","5","2","3","9","9","1","3","3","2","2","5","7","209","69","55","13","4","1","4","3","37","105","20","26","6","3","0","2","1","29","67","19","15","5","3","1","2","1","8","31","7","8","1","0","0","1","0","5"
"s25","voters","0082185","821","436","191","39","3","5","8","0","3","0","136","348","473","92","24","23","17","8","1","2","0","0","0","0","0","7","3","0","1","10","9","12","2","25","9","12","1","21","22","15","2","12","10","2","2","2","14","14","19","25","31","49","2","39","28","46","41","45","81","0","4","7","16","19","21","36","0","3","5","16","17","21","26","4","7","9","14","13","10","10","0","12","8","12","10","13","14","1","1","0","7","4","6","5","0","5","4","9","9","3","4","241","84","48","13","12","0","8","2","28","103","29","30","1","3","0","5","3","17","69","24","18","10","2","2","4","0","7","34","15","7","1","0","1","0","0","0"
"s25","voters","0082255","835","401","244","43","1","2","5","0","3","0","136","362","473","69","20","21","4","8","8","2","4","5","2","1","0","5","2","1","0","18","9","12","1","33","6","16","0","26","16","10","1","6","0","0","0","2","13","26","26","16","23","49","3","32","22","24","44","55","66","0","3","8","18","16","27","51","1","6","7","11","19","30","47","1","3","8","12","15","13","13","1","9","8","8","11","16","18","0","4","2","1","1","4","7","1","3","3","3","7","5","13","205","64","56","14","7","3","6","5","41","133","45","28","5","7","0","0","1","25","75","21","17","11","1","2","0","2","7","29","11","4","5","2","0","0","0","3"
"s25","voters","0082287","945","471","299","23","1","3","4","0","2","0","142","430","515","82","37","20","1","8","7","3","0","3","0","1","0","4","1","1","0","22","8","10","0","38","5","18","3","36","22","15","1","21","17","10","2","1","14","24","24","23","29","77","3","28","52","37","23","50","86","1","12","13","16","19","37","52","0","5","10","12","25","42","55","0","4","16","10","12","10","20","0","1","5","15","10","20","19","0","3","1","1","3","3","5","0","2","5","1","2","3","4","276","69","58","11","9","3","7","4","34","157","41","36","4","6","2","1","4","48","83","23","11","5","5","3","2","0","10","21","7","4","0","0","0","0","0","1"
"s25","voters","0082307","932","430","282","38","1","6","9","0","3","0","163","423","509","61","19","11","3","8","16","3","0","4","2","0","0","1","0","0","0","12","6","9","3","30","11","9","1","20","9","12","2","21","5","10","1","1","17","16","19","18","45","50","0","16","30","30","37","44","107","1","4","10","17","20","28","58","0","2","3","12","18","38","71","2","12","16","11","10","20","22","2","3","12","10","9","10","24","0","2","4","2","9","6","3","0","3","2","3","3","8","12","234","71","58","12","11","4","5","2","33","142","55","31","10","7","1","3","4","29","82","30","20","10","4","2","4","1","10","28","10","10","2","2","0","2","0","3"
"s25","voters","0082339","565","295","131","27","2","1","5","0","0","0","104","253","312","44","17","11","5","5","1","4","2","3","2","4","0","3","0","0","0","7","2","5","1","4","0","3","1","5","1","3","1","21","6","4","0","2","9","25","13","13","18","41","0","14","18","36","19","33","54","0","2","2","8","10","13","25","0","1","4","13","10","21","22","3","5","9","8","12","6","14","1","6","5","10","9","8","8","0","0","4","1","2","2","6","0","2","5","1","3","5","4","165","49","25","10","8","1","7","5","25","53","20","19","5","7","0","7","1","19","50","23","13","8","1","0","1","1","7","20","10","2","0","1","1","0","0","1"
"s25","voters","0082372","890","380","339","44","1","7","6","0","1","0","112","415","475","55","29","10","5","13","8","4","2","1","0","0","0","5","1","1","0","14","6","10","1","10","3","1","0","10","7","3","3","8","6","2","1","3","8","15","14","21","26","71","0","11","18","23","25","39","106","0","11","7","9","21","43","74","0","6","7","6","19","49","87","0","9","9","11","7","9","18","0","5","6","7","6","16","9","1","2","3","1","1","9","12","0","4","1","4","3","7","11","198","57","42","11","7","1","3","1","60","176","42","45","10","8","1","2","1","54","59","22","14","4","3","3","1","0","6","34","14","6","1","2","0","0","2","0"
"s25","voters","0082504","888","382","299","47","5","1","12","0","2","1","139","391","497","97","34","36","9","8","11","3","2","0","0","0","0","10","0","1","0","5","1","0","3","4","3","3","1","3","2","1","1","6","4","0","2","3","13","22","15","19","27","53","3","26","28","25","33","38","77","1","5","12","16","19","31","60","0","3","14","16","21","35","66","1","6","8","11","18","11","15","0","7","10","17","11","10","14","0","0","5","3","5","4","8","0","6","4","7","5","10","11","191","56","58","14","11","2","9","4","37","152","43","32","10","5","1","6","3","47","58","20","22","9","8","0","4","5","13","38","8","10","3","4","1","1","0","3"
"s25","voters","0082568","758","331","242","36","0","4","10","0","5","0","130","348","410","58","16","21","6","17","11","4","3","1","0","0","0","5","0","3","0","4","3","2","0","7","0","6","1","3","1","4","3","17","4","6","1","1","7","16","18","14","25","48","3","12","28","30","20","31","78","0","7","11","14","14","25","54","1","4","10","9","15","28","50","1","5","11","12","10","12","17","1","6","10","10","8","13","14","0","1","6","6","3","4","6","0","3","4","5","0","6","11","149","72","44","12","7","2","4","3","38","123","34","32","6","7","1","2","3","34","59","16","15","10","5","1","1","2","21","30","14","9","0","0","1","0","0","1"
"s25","voters","0082583","1116","414","497","50","2","3","7","0","6","0","137","510","606","73","46","21","5","10","19","6","2","1","1","0","0","9","6","0","0","7","5","0","1","2","1","1","0","8","1","2","2","4","9","3","2","2","11","6","19","19","19","83","4","9","14","51","30","43","104","4","13","13","32","42","38","106","1","8","9","28","39","39","125","2","5","10","11","12","11","23","2","6","3","8","10","10","24","0","3","2","3","7","6","8","0","3","1","5","6","7","17","215","71","50","10","14","3","3","6","42","262","60","59","14","21","4","4","4","69","62","28","15","8","4","1","2","2","15","43","12","8","2","0","0","0","0","3"
"s25","voters","0082633","1024","442","359","41","1","2","14","0","10","0","155","480","544","90","39","22","13","11","1","1","4","0","0","0","0","5","2","0","1","8","2","7","1","7","5","7","1","3","8","8","0","22","5","5","3","4","12","25","23","30","29","62","4","18","42","34","48","43","68","0","7","18","24","25","44","67","1","5","22","17","25","35","69","1","9","12","16","14","16","13","2","5","10","13","13","15","16","0","2","5","4","3","5","10","2","5","3","7","5","5","12","250","78","55","16","6","3","7","4","23","189","51","49","10","11","4","5","4","36","85","14","24","8","8","0","2","3","11","42","10","9","1","1","0","1","0","4"
"s25","voters","0082678","1081","434","431","48","0","5","11","0","2","0","150","509","572","66","40","10","8","8","18","3","2","1","1","0","0","6","1","2","0","14","2","4","1","2","1","0","0","10","2","6","2","9","12","3","0","1","13","18","21","25","31","71","3","25","22","32","41","50","81","1","14","20","17","24","61","88","1","4","5","23","27","61","85","1","8","7","6","10","24","15","2","8","7","16","10","20","16","0","2","1","5","6","10","9","0","2","2","4","8","10","7","224","62","56","20","13","1","5","4","49","215","50","60","12","14","0","10","4","66","77","26","16","10","7","0","2","3","9","34","13","9","4","0","2","0","2","2"
"s25","voters","0082774","1119","422","477","42","2","1","8","0","5","0","162","485","634","89","56","24","7","8","15","1","0","0","0","0","0","5","1","1","0","5","0","6","0","3","1","2","0","2","1","2","0","8","6","2","1","2","6","14","14","19","13","75","2","17","30","40","35","29","126","0","12","14","33","39","38","93","2","9","12","31","38","54","102","1","11","7","17","12","17","16","3","5","17","16","13","10","17","0","3","3","4","4","5","13","0","2","3","2","4","4","11","209","73","53","18","9","1","3","8","48","219","85","59","16","11","3","4","5","75","79","28","18","7","7","1","2","0","20","35","6","12","1","2","0","0","0","2"
"s25","voters","0082812","741","285","287","33","1","2","7","0","2","0","124","333","408","47","38","20","9","9","12","7","1","0","0","0","0","0","2","2","0","5","1","3","1","3","0","0","0","2","0","1","0","6","6","4","2","0","7","13","14","20","14","38","1","13","22","34","26","17","66","1","8","15","11","19","33","53","0","6","17","16","19","33","56","2","9","11","12","13","5","19","0","1","9","6","6","11","20","0","1","1","4","2","3","5","0","2","2","7","5","7","6","165","45","31","9","5","4","4","2","20","144","35","42","10","14","2","2","5","33","68","21","16","5","2","1","3","0","8","29","6","6","1","1","0","0","0","2"
"s25","voters","0082863","973","404","339","53","6","7","13","0","1","0","150","431","542","92","38","22","14","8","10","4","1","0","1","0","0","3","0","0","0","9","7","3","2","8","4","5","3","10","7","3","1","3","2","4","0","1","15","17","26","20","28","41","1","24","32","36","33","39","91","0","9","12","20","26","38","65","1","6","14","18","22","44","64","0","12","9","19","8","15","16","1","5","8","13","11","15","18","0","1","3","6","7","5","12","1","4","6","9","5","12","9","209","73","47","12","10","2","1","3","47","157","49","50","15","13","4","4","4","43","85","21","11","9","8","1","3","2","10","41","19","8","3","2","0","4","1","2"
"s25","voters","0082930","869","412","265","49","4","4","4","0","1","0","130","395","474","100","35","25","7","9","5","2","2","0","0","0","0","4","0","1","0","8","3","5","0","23","11","12","0","8","14","8","5","15","6","2","1","5","16","24","25","33","26","45","3","21","28","41","44","39","62","1","10","12","13","30","35","28","0","8","17","17","26","32","36","1","4","10","12","17","11","8","2","7","15","11","14","4","14","1","4","2","6","7","6","3","1","5","2","3","6","10","6","240","75","47","14","11","2","1","1","21","140","35","49","5","3","2","1","4","26","70","21","17","9","5","2","2","0","4","37","16","9","0","0","0","0","0","0"
"s25","voters","0083003","663","294","211","26","2","4","7","0","0","0","119","290","373","32","8","8","4","5","3","1","0","0","0","0","0","1","2","0","0","10","8","3","0","42","6","10","3","24","16","24","3","8","3","12","1","0","8","18","14","12","25","46","2","20","27","26","21","27","48","1","5","7","8","16","17","45","0","3","7","8","19","24","51","0","6","4","9","11","10","15","2","9","4","7","16","9","17","0","1","0","2","4","2","4","0","3","1","3","7","5","7","148","60","37","15","7","1","3","2","21","109","31","22","7","4","1","3","3","31","58","22","13","10","4","1","1","2","8","18","10","4","1","0","0","2","0","4"
"s25","voters","0083213","929","278","441","51","2","4","10","0","9","0","134","433","496","37","32","13","4","8","14","6","2","0","4","1","0","2","2","2","1","9","9","6","1","13","8","8","1","5","13","8","3","5","4","2","0","0","11","7","10","11","17","44","1","23","17","22","22","30","63","1","19","12","27","30","54","88","1","10","11","23","36","45","84","0","3","3","11","17","8","18","1","10","9","11","18","11","14","0","2","6","4","13","6","11","0","8","3","5","6","6","6","138","44","33","7","10","4","2","3","37","227","59","52","18","13","4","5","3","60","62","25","17","6","6","1","1","1","15","46","11","6","4","1","0","1","1","6"
"s25","voters","0083305","819","368","251","38","3","4","5","0","4","0","146","356","463","89","44","23","8","9","7","4","3","1","0","1","1","6","0","1","0","16","10","11","2","32","21","13","4","15","26","7","3","11","9","5","1","1","21","14","22","19","35","34","2","34","25","28","47","41","45","0","9","6","9","36","31","21","2","13","6","14","44","32","28","3","13","11","8","10","17","8","5","15","3","15","16","17","5","0","7","1","6","5","6","3","2","5","3","5","4","2","5","192","62","56","13","10","3","1","2","29","137","40","25","5","5","1","2","4","32","79","21","20","7","3","2","2","0","12","31","12","7","0","2","0","0","1","1"
"s25","voters","0083357","843","411","224","29","0","6","15","0","3","0","155","399","444","55","28","15","7","7","6","5","2","2","1","0","0","3","1","2","0","15","17","16","4","25","2","19","2","15","18","13","5","5","8","3","1","4","19","17","35","35","28","47","1","24","29","32","51","43","46","0","5","8","11","21","30","32","0","7","3","17","21","27","42","0","4","8","17","20","18","10","5","10","8","12","20","12","11","0","4","2","6","8","6","4","1","4","1","7","4","1","5","210","83","54","11","19","1","3","5","25","119","34","28","11","4","2","1","1","24","86","21","13","9","9","5","0","3","9","38","3","5","2","1","1","0","0","3"
"s25","voters","0083452","859","384","272","42","2","2","6","0","0","0","151","425","434","91","27","27","11","4","7","3","0","4","2","2","0","2","3","2","2","17","7","7","0","15","7","8","1","27","10","15","4","5","7","5","1","0","16","16","25","24","35","47","0","24","24","27","42","46","58","2","17","7","10","40","34","32","0","11","2","10","27","46","34","0","13","17","7","16","14","20","1","10","4","7","14","16","12","1","2","5","5","8","8","4","0","2","1","2","10","1","3","205","57","55","15","8","4","3","1","36","118","47","33","11","9","2","2","3","47","84","16","16","9","6","4","1","1","14","34","8","2","2","3","0","1","0","2"
"s25","voters","0083511","846","423","228","35","1","2","6","0","3","0","148","371","475","79","27","23","7","5","0","4","1","1","4","2","0","5","3","2","0","11","9","6","1","48","14","19","3","32","22","9","0","11","8","4","2","1","16","18","30","19","35","41","4","24","29","62","33","43","68","3","5","9","17","24","19","34","0","6","13","22","19","21","36","1","5","3","29","18","10","8","2","4","5","24","17","15","7","0","3","2","6","5","7","3","0","0","3","7","6","2","3","227","116","48","6","2","1","4","0","19","132","53","28","3","4","0","0","1","7","86","40","11","4","2","2","0","0","3","32","6","5","0","1","0","0","0","3"
"s25","voters","0083544","978","435","320","40","3","3","9","0","6","0","162","451","527","77","38","31","7","8","11","5","1","2","2","1","1","4","3","1","1","9","12","1","2","22","5","10","3","17","20","11","2","12","15","6","1","3","20","17","16","36","38","44","4","39","23","27","44","68","56","3","19","6","22","31","38","40","2","10","7","23","29","55","35","1","11","9","10","27","16","10","0","11","12","13","15","15","12","0","4","5","4","10","9","2","0","3","2","2","11","6","3","225","83","46","19","12","4","5","2","39","164","44","37","14","10","0","3","3","45","86","26","11","11","9","1","1","1","16","31","18","8","2","0","0","1","0","1"
"s25","voters","0083627","770","269","345","44","0","1","8","0","5","0","98","359","411","32","31","11","5","3","10","2","2","0","2","0","1","1","2","0","0","15","7","2","0","28","13","11","3","6","7","9","2","12","9","6","2","1","8","7","6","16","23","43","0","21","15","14","30","34","51","1","22","20","18","24","47","45","0","11","13","17","21","37","69","0","3","5","5","19","6","15","0","6","4","9","12","7","7","1","3","4","4","4","3","6","2","4","2","3","8","7","7","131","47","33","12","7","2","2","1","34","179","57","34","12","11","1","3","6","42","55","20","8","8","2","1","2","1","1","33","13","4","1","0","2","2","0","3"
"s25","voters","0083900","1","0","1","0","0","0","0","0","0","0","0","1","0","0","0","0","0","0","0","0","0","0","0","0","0","0","0","0","0","0","0","0","0","0","0","0","0","0","0","0","0","0","0","0","0","0","0","0","0","0","0","0","0","0","0","0","0","0","0","0","0","0","0","0","0","1","0","0","0","0","0","0","0","0","0","0","0","0","0","0","0","0","0","0","0","0","0","0","0","0","0","0","0","0","0","0","0","0","0","0","0","0","0","0","0","0","0","0","0","0","1","0","0","0","0","0","0","0","0","0","0","0","0","0","0","0","0","0","0","0","0","0","0","0","0","0","0"
"s25","voters","0084250","113","29","64","7","0","0","2","0","0","0","11","54","59","15","2","3","1","0","0","1","0","0","0","0","0","0","0","0","0","0","2","0","0","0","0","0","0","0","0","0","0","0","3","0","2","0","2","0","2","0","5","2","0","2","5","2","1","4","4","0","1","4","5","4","10","8","1","2","5","1","3","9","11","0","0","3","0","1","0","1","0","1","1","1","3","0","0","0","1","0","3","0","1","1","1","0","0","0","1","0","1","13","4","6","2","1","0","0","0","3","33","6","11","3","0","0","0","1","10","6","4","1","0","0","0","0","0","0","4","0","2","0","0","1","2","0","0"
"s25","voters","0085426","150","38","84","5","0","1","2","0","0","0","20","69","81","17","13","7","1","0","1","0","0","0","0","0","0","0","0","0","0","3","2","0","0","0","0","0","0","0","0","0","0","0","1","0","0","0","5","0","1","2","1","8","1","3","1","2","3","0","11","0","2","4","7","4","12","9","0","2","1","7","8","9","19","0","0","0","3","2","1","2","0","1","2","2","2","1","4","0","0","0","0","2","1","3","0","0","0","0","0","2","0","19","11","5","0","0","0","1","0","2","48","11","15","0","1","1","0","1","7","9","5","2","1","0","1","0","0","2","4","1","1","1","0","0","0","0","1"
"s25","voters","0085914","630","243","260","34","3","6","5","0","2","0","77","268","362","110","30","27","14","6","10","2","1","0","0","0","0","3","0","1","0","0","0","1","0","0","1","0","0","2","3","0","0","0","1","1","0","0","10","9","14","6","13","30","1","15","21","14","17","34","59","3","5","7","7","13","29","62","3","6","7","6","20","27","65","1","5","6","8","1","4","10","0","3","12","9","3","7","8","0","5","2","2","2","3","11","2","1","1","3","4","3","11","129","44","32","8","8","0","5","1","16","152","36","25","7","12","2","2","1","23","41","11","9","6","2","0","4","1","3","34","8","4","1","2","0","0","0","1"
"s25","voters","0086311","665","142","386","37","2","5","9","1","3","0","80","318","347","24","29","16","8","3","13","2","2","1","0","0","0","0","1","1","0","0","7","2","0","2","2","0","1","2","1","0","0","2","3","1","0","1","7","3","7","11","9","19","0","6","3","8","11","17","40","3","15","12","23","21","46","73","2","7","14","20","29","45","76","0","5","4","3","8","5","12","0","4","7","8","9","3","12","0","2","4","5","5","3","12","0","3","0","4","5","8","6","70","21","20","3","2","3","2","1","20","193","59","48","17","6","4","1","2","56","36","16","14","3","2","0","1","0","8","31","13","5","1","1","1","2","1","2"
"s25","voters","0086648","207","59","109","17","0","0","2","0","0","0","20","98","109","18","6","2","2","6","3","0","1","0","0","0","0","0","0","0","0","0","0","0","0","0","0","0","0","0","0","0","0","1","0","0","0","0","8","2","1","3","3","9","0","5","5","2","3","6","12","0","5","1","7","9","13","18","0","2","5","10","5","12","22","1","0","2","1","2","2","2","0","0","2","1","3","2","2","0","1","0","2","0","4","2","0","1","1","1","3","2","2","29","11","11","4","0","0","0","0","4","54","22","11","4","4","0","1","0","13","9","3","3","0","3","0","1","0","1","11","4","0","3","1","0","0","0","0"
"s25","voters","0086890","946","297","457","61","2","5","10","0","1","0","113","452","494","115","69","28","12","5","23","3","2","0","0","0","0","1","0","1","0","0","0","1","1","9","3","4","0","0","0","1","0","11","8","3","1","1","14","12","16","12","25","43","0","16","15","28","30","35","50","2","20","17","45","40","57","46","3","14","18","43","50","52","50","2","9","7","11","11","13","9","2","4","6","13","9","12","5","1","3","7","6","5","8","10","0","4","2","3","13","4","13","159","53","34","14","7","1","2","6","21","260","73","60","20","18","2","5","0","19","64","13","11","10","5","0","2","0","8","52","12","9","2","3","0","0","1","0"
"s25","voters","0088006","223","45","142","7","0","1","3","0","0","0","25","107","116","16","10","6","1","1","11","0","0","0","0","0","0","0","1","0","0","2","0","0","0","0","0","0","0","0","0","0","0","0","0","0","0","0","2","0","1","4","3","7","0","2","2","1","6","2","15","1","9","4","7","10","15","27","0","4","4","5","16","17","23","0","0","1","1","7","2","2","0","3","2","3","0","2","2","0","1","0","1","1","0","1","0","1","0","2","1","1","2","20","10","7","2","3","0","0","0","3","70","30","14","2","5","2","3","0","16","15","2","3","1","2","0","1","1","0","5","4","1","0","0","1","0","0","0"
"s25","voters","0088344","723","181","402","55","1","5","8","0","0","0","71","363","360","61","42","10","17","6","10","9","0","0","0","0","0","2","1","1","0","1","1","1","0","0","2","1","0","3","2","1","0","1","4","0","1","1","6","7","7","6","20","30","1","11","7","7","17","20","41","1","9","14","28","28","58","71","1","11","10","28","23","52","68","0","5","4","8","5","9","9","0","2","2","5","3","7","12","0","1","1","4","6","10","15","1","3","3","6","4","8","7","98","29","17","9","6","3","4","1","14","211","58","50","18","14","1","5","9","36","26","16","8","6","1","2","2","0","10","35","13","12","3","2","1","1","0","2"
"s25","voters","0088515","1056","317","503","57","3","7","17","0","2","0","150","522","534","120","79","40","9","7","18","1","3","0","1","0","0","0","6","0","2","0","0","0","1","0","3","1","2","0","0","0","0","5","5","1","2","0","14","16","16","18","22","54","1","15","27","17","17","35","65","0","22","30","41","48","37","84","1","11","32","26","39","58","74","0","5","16","9","9","17","21","0","13","11","17","9","10","13","0","3","4","7","4","8","17","1","5","2","8","8","8","11","169","47","47","7","10","2","5","4","26","250","90","70","19","10","9","7","7","41","64","25","19","12","9","3","2","3","13","55","13","9","3","1","3","0","2","0"
"s25","voters","0088630","726","256","320","34","2","5","4","0","3","0","102","310","416","94","52","24","10","1","4","4","1","0","1","0","0","0","2","0","0","1","0","0","0","9","4","9","1","0","0","0","0","9","7","1","1","0","10","13","5","10","26","28","4","14","22","17","28","28","51","3","7","11","16","30","32","49","1","15","15","22","30","39","50","2","10","5","11","9","4","7","2","13","7","6","9","7","10","1","2","2","2","6","6","3","0","3","2","2","6","5","8","157","39","28","8","6","0","4","2","12","212","38","23","17","6","4","2","0","18","60","20","9","3","3","0","1","1","5","35","7","4","1","0","0","0","0","1"
"s25","voters","0088707","933","345","390","44","2","5","14","0","4","0","129","414","519","143","65","39","13","6","15","2","4","2","0","1","0","4","0","0","0","2","3","3","1","1","0","0","0","0","0","1","0","3","3","0","1","0","14","21","17","12","25","41","1","16","44","26","26","37","65","2","3","28","25","38","42","47","2","10","25","30","27","42","69","0","8","12","10","8","18","7","1","9","15","8","8","13","12","0","3","2","10","8","7","6","0","1","10","9","4","4","5","187","49","48","6","11","1","3","4","36","213","56","47","12","13","2","9","7","31","69","18","8","9","3","1","8","1","12","41","16","4","1","2","1","0","1","3"
"s25","voters","0088780","616","260","214","21","3","2","6","0","4","0","106","266","350","146","39","49","14","4","8","1","0","0","0","0","0","1","0","0","0","1","0","0","0","5","0","0","1","0","0","0","0","2","7","1","0","3","6","15","14","11","8","35","3","20","31","19","18","28","49","1","7","25","17","14","18","20","1","3","17","17","12","17","45","0","1","17","7","7","8","13","0","5","12","13","10","3","10","0","2","1","5","3","3","5","0","4","3","1","4","2","3","142","46","27","8","8","1","1","3","24","128","34","23","6","6","2","4","3","8","56","25","9","7","2","0","2","1","4","21","9","5","0","0","0","0","0","1"
"s25","voters","0088908","809","264","363","34","4","0","20","0","0","0","124","355","454","113","56","51","14","7","5","2","0","1","0","1","0","0","2","0","0","1","0","0","0","1","1","0","0","1","0","0","0","1","7","2","0","2","10","10","10","10","14","35","1","18","31","19","25","26","53","2","9","13","32","30","39","52","0","3","19","34","40","34","56","0","10","10","15","11","7","8","3","8","11","13","12","9","7","1","1","2","6","4","5","7","2","5","3","3","4","5","10","154","38","27","15","8","1","0","0","21","201","53","43","15","10","6","3","6","26","76","12","13","11","5","0","2","1","4","38","10","4","2","2","0","0","0","2"
"s25","voters","0089113","1057","383","441","59","5","4","9","0","5","0","151","453","604","154","79","57","15","3","9","0","1","0","0","0","0","0","1","0","0","3","2","0","0","5","2","5","1","1","0","0","0","3","6","3","2","1","15","20","17","18","26","42","5","32","33","29","26","32","87","0","15","23","18","43","43","77","1","10","17","25","41","51","77","1","6","9","12","8","8","13","1","13","12","19","11","15","23","0","7","6","1","8","8","8","0","10","3","6","10","5","10","190","72","45","11","11","3","10","5","36","259","66","50","8","14","3","6","2","33","75","24","12","20","4","1","5","0","10","54","18","6","0","2","0","0","0","2"
"s25","voters","0089238","958","340","406","51","2","3","12","0","4","0","140","444","514","150","90","59","19","8","9","1","0","0","0","0","0","0","0","0","0","1","2","0","0","4","1","10","1","0","1","0","0","12","3","3","1","3","18","13","8","25","18","40","4","32","28","25","41","38","47","1","19","17","33","53","51","42","0","12","8","33","36","54","47","0","12","16","8","15","10","11","2","15","12","9","14","8","8","0","3","2","6","10","7","3","0","6","4","10","8","7","6","187","62","35","9","9","2","3","5","28","208","76","59","9","13","1","4","5","31","71","29","7","11","7","0","2","1","12","45","15","5","2","3","0","0","2","0"
"s25","voters","0089324","1044","377","478","52","1","3","10","0","2","0","121","492","552","130","49","34","10","10","21","3","1","0","0","0","0","1","4","0","0","2","2","2","0","6","4","0","0","2","3","2","0","6","11","4","0","0","11","22","22","12","35","52","2","19","27","33","33","37","72","0","15","21","52","37","56","62","0","6","26","36","44","50","73","0","10","6","11","7","8","19","0","6","12","14","5","9","14","0","1","9","5","5","6","8","0","3","5","4","5","8","9","203","63","51","10","8","4","4","0","34","280","96","50","7","4","2","3","1","35","66","16","20","3","6","0","1","2","7","44","13","5","2","1","0","0","0","3"
"s25","voters","0089702","77","15","49","3","0","0","1","0","0","0","9","43","34","2","5","0","1","0","1","0","3","0","0","0","0","0","2","0","0","0","0","0","0","0","1","0","0","0","0","0","0","0","0","0","0","0","0","1","1","0","1","7","0","0","2","0","0","1","2","0","0","2","2","4","3","13","0","0","2","3","3","6","11","0","0","1","1","0","3","1","0","0","0","0","0","1","2","1","0","0","1","1","0","0","0","0","0","0","1","0","0","4","6","1","0","1","0","0","0","3","22","9","6","3","1","0","1","1","6","3","0","2","0","1","1","1","0","1","1","2","1","0","0","0","0","0","0"
"s25","voters","0091244","1188","276","662","72","4","4","12","0","1","0","157","575","613","41","37","10","6","12","23","8","9","0","0","0","0","1","2","1","0","4","8","2","1","8","6","3","2","1","0","4","0","3","8","4","2","0","7","8","4","13","20","65","1","6","18","13","19","23","79","2","18","24","36","40","84","135","0","24","21","30","41","80","127","1","4","10","11","10","18","28","1","9","7","12","19","13","14","0","1","7","5","4","9","11","1","6","5","7","9","12","16","150","39","31","7","5","1","0","2","41","306","91","101","26","22","7","11","5","93","73","31","18","12","4","1","2","2","14","58","18","9","3","1","0","0","2","2"
"s25","voters","0091330","805","225","406","38","3","3","16","0","0","0","114","372","433","39","20","18","5","3","15","7","2","0","1","0","0","0","0","0","0","6","7","2","1","6","3","1","2","0","0","2","0","5","0","0","0","1","5","14","9","7","20","32","2","7","11","8","13","41","55","1","5","7","14","32","47","81","2","8","16","19","40","49","85","0","8","9","6","14","9","15","0","5","9","6","9","12","12","0","3","3","5","5","7","13","1","3","1","3","5","4","7","125","30","36","6","9","1","1","2","15","202","61","44","13","11","2","7","7","59","58","15","11","10","4","2","1","0","13","41","9","4","0","0","3","1","0","2"
"s25","voters","0091804","681","157","396","39","1","5","9","0","1","0","73","323","358","27","17","8","3","2","18","0","1","0","0","0","1","1","3","0","3","3","3","0","0","0","2","2","0","1","0","1","0","0","2","0","0","0","2","4","9","6","6","32","4","6","11","18","10","18","31","1","14","20","22","43","43","60","2","12","15","30","28","42","64","0","4","6","9","2","5","11","0","6","4","7","4","6","9","0","1","4","6","7","2","4","0","2","3","5","7","3","11","73","23","28","7","3","1","0","2","20","198","54","64","23","11","5","5","1","35","32","17","11","4","2","0","0","0","7","29","13","8","1","0","1","0","1","2"
"s25","voters","0094803","489","135","255","35","1","4","8","0","2","0","49","228","261","45","20","7","8","3","12","1","1","0","0","0","0","1","0","0","0","1","3","0","0","2","0","0","0","2","0","3","0","1","1","1","0","0","4","2","6","7","9","24","1","9","8","8","7","17","33","0","8","12","17","15","28","44","0","7","7","17","18","28","54","0","3","4","1","3","2","9","0","2","2","3","4","6","10","0","1","3","2","5","5","14","0","3","1","3","2","6","5","57","32","12","3","6","2","1","0","22","123","48","43","3","10","1","2","2","23","28","3","6","4","0","0","2","0","6","23","12","8","2","3","0","0","0","2"
"s25","voters","0097278","262","77","139","17","0","0","0","0","2","0","27","115","147","37","9","11","4","1","8","3","0","0","0","0","0","0","0","0","0","0","0","0","0","2","0","0","0","3","0","1","0","0","3","0","0","0","5","5","1","4","6","8","1","4","7","6","11","6","13","0","6","8","6","8","11","22","0","3","5","16","9","15","30","0","1","2","1","1","4","3","0","4","1","1","2","2","5","0","1","1","1","1","4","5","0","2","0","0","1","2","1","40","5","12","3","3","0","2","0","12","70","27","15","5","7","1","0","0","14","13","3","3","2","1","1","0","0","4","13","3","3","0","0","0","0","0","0"
