"election","type","srprec","totreg_r","dem","rep","aip","paf","msc","lib","nlp","grn","ref","dcl","male","female","hispdem","hisprep","hispdcl","hispoth","jewdem","jewrep","jewdcl","jewoth","kordem","korrep","kordcl","koroth","jpndem","jpnrep","jpndcl","jpnoth","chidem","chirep","chidcl","chioth","inddem","indrep","inddcl","indoth","vietdem","vietrep","vietdcl","vietoth","fildem","filrep","fildcl","filoth","demmunk","demm1824","demm2534","demm3544","demm4554","demm5564","demm65pl","demfunk","demf1824","demf2534","demf3544","demf4554","demf5564","demf65pl","repmunk","repm1824","repm2534","repm3544","repm4554","repm5564","repm65pl","repfunk","repf1824","repf2534","repf3544","repf4554","repf5564","repf65pl","dclmunk","dclm1824","dclm2534","dclm3544","dclm4554","dclm5564","dclm65pl","dclfunk","dclf1824","dclf2534","dclf3544","dclf4554","dclf5564","dclf65pl","othmunk","othm1824","othm2534","othm3544","othm4554","othm5564","othm65pl","othfunk","othf1824","othf2534","othf3544","othf4554","othf5564","othf65pl","dreg1g","dreg2g","dreg3g","dreg4g","dreg5g","dreg6g","dreg7g","dreg8g","dreg9g","rreg1g","rreg2g","rreg3g","rreg4g","rreg5g","rreg6g","rreg7g","rreg8g","rreg9g","ireg1g","ireg2g","ireg3g","ireg4g","ireg5g","ireg6g","ireg7g","ireg8g","ireg9g","oreg1g","oreg2g","oreg3g","oreg4g","oreg5g","oreg6g","oreg7g","oreg8g","oreg9g"
"s25","voters","10001","1013","642","140","25","1","8","4","0","6","0","187","453","560","59","5","10","3","33","3","9","1","8","1","1","0","5","0","5","0","55","8","30","2","23","1","13","2","13","0","0","0","22","2","5","0","4","16","29","50","52","32","66","2","26","45","72","76","72","100","0","6","9","8","10","15","26","0","1","1","8","8","19","29","0","8","21","9","29","18","23","0","9","9","14","16","20","11","0","2","3","5","2","4","6","0","7","2","2","1","5","5","409","91","47","18","9","4","4","4","56","87","11","12","3","4","2","2","2","17","100","24","19","10","4","3","1","2","24","35","5","1","1","1","0","0","0","1"
"s25","voters","10003","1014","616","155","27","2","4","6","0","4","0","200","474","540","74","21","20","6","32","9","11","2","7","1","4","0","5","0","3","0","35","3","19","1","14","1","9","0","4","0","1","1","14","1","5","0","2","20","37","46","48","53","52","4","33","55","55","77","59","75","0","3","4","5","15","30","31","0","2","1","4","11","24","25","0","7","16","21","23","19","19","2","7","12","21","24","16","13","1","0","3","1","5","4","9","0","0","2","4","3","7","4","387","90","60","14","11","2","3","3","46","88","26","14","4","3","0","0","0","20","120","24","20","10","4","1","7","1","13","32","6","3","0","0","0","2","0","0"
"s25","voters","10005","1248","760","204","39","1","11","3","0","5","0","225","557","691","82","23","24","5","26","7","9","1","7","1","0","1","7","0","1","0","54","10","26","10","20","3","8","1","3","0","0","1","17","3","5","0","3","13","44","45","52","50","88","5","36","64","59","91","80","130","1","6","4","17","19","29","35","0","2","4","9","19","27","32","1","14","11","14","35","30","17","1","12","13","19","24","15","19","0","4","4","3","9","3","6","1","3","0","4","2","7","13","437","118","94","20","12","7","15","2","55","108","26","29","4","8","3","2","0","24","112","31","25","17","10","4","3","3","20","37","13","4","1","0","0","2","1","1"
"s25","voters","10008","820","505","136","17","1","11","1","0","4","0","145","357","463","70","13","18","4","41","4","8","3","1","1","1","0","4","0","1","0","16","2","12","4","10","1","3","0","2","3","2","0","8","1","3","2","1","7","34","32","33","24","68","4","18","41","39","62","45","97","0","2","5","6","12","18","30","0","1","4","2","9","16","31","1","8","7","17","13","15","13","0","9","18","6","14","10","14","0","1","0","1","3","4","2","1","3","1","5","2","1","10","320","75","45","9","10","3","1","2","40","77","16","14","3","2","0","3","0","21","88","25","9","5","6","0","2","0","10","26","4","3","1","0","0","0","0","0"
"s25","voters","10010","1259","780","171","35","2","12","8","0","6","1","244","559","700","88","15","28","7","52","8","12","2","10","0","5","1","14","1","3","0","50","8","20","5","15","2","10","1","4","1","0","0","16","5","3","2","1","18","50","59","47","44","88","3","19","85","71","77","71","147","0","1","4","10","10","22","36","0","1","6","7","11","19","44","1","1","19","25","32","24","33","0","3","11","27","28","13","27","1","1","3","3","7","7","12","0","2","3","1","7","8","9","495","132","67","22","9","4","1","4","46","103","25","13","4","3","1","1","1","20","141","36","23","16","6","2","6","0","14","41","14","4","3","1","0","0","0","1"
"s25","voters","10012","1085","672","145","33","1","8","6","0","4","0","216","491","594","80","14","20","8","37","4","11","1","8","0","0","0","3","0","2","2","36","16","19","3","9","1","5","0","6","0","2","1","13","2","6","0","0","16","24","48","61","52","78","3","29","47","57","81","66","110","0","2","1","13","17","14","25","0","1","7","11","13","13","28","1","5","8","33","25","23","21","0","8","13","20","20","20","19","0","2","2","2","3","8","7","0","1","4","9","3","2","9","387","109","73","13","12","5","6","6","61","92","18","6","5","2","2","0","1","19","126","28","15","16","3","1","4","3","20","40","3","6","0","0","0","0","0","3"
"s25","voters","10015","1436","884","208","41","2","8","6","0","3","0","284","678","758","62","14","13","5","64","3","12","3","10","2","1","0","9","3","2","0","82","9","41","0","15","0","6","0","4","0","1","1","14","3","3","1","1","27","36","41","70","80","112","3","35","53","66","100","97","163","1","10","4","10","21","42","31","0","3","3","5","16","23","39","2","18","16","24","42","28","35","3","10","9","11","32","27","27","0","8","1","2","6","6","4","0","3","2","4","7","10","7","480","150","95","26","9","10","16","4","94","113","31","24","7","3","1","2","0","27","146","40","35","12","7","3","4","3","34","39","7","5","3","1","0","1","0","4"
"s25","voters","10017","1173","715","203","38","1","6","5","0","2","1","202","541","632","24","10","8","3","67","5","6","3","6","0","6","0","16","0","2","0","54","11","26","2","21","0","9","3","2","1","0","0","6","0","0","0","1","18","19","34","57","51","97","4","29","24","45","84","100","152","1","4","4","7","18","25","59","0","3","2","8","7","19","46","1","6","14","13","38","25","24","3","8","4","10","15","21","20","0","4","3","0","3","8","7","1","5","2","1","2","8","9","374","120","72","29","11","6","5","7","91","104","20","24","7","3","2","1","4","38","104","27","21","16","6","3","3","1","21","33","13","3","0","0","1","0","0","3"
"s25","voters","10019","1414","777","309","42","2","7","7","0","1","0","269","647","767","61","22","13","3","42","4","5","0","11","1","3","1","17","5","4","1","132","51","82","8","31","9","16","2","4","1","2","0","16","3","4","2","2","22","36","53","69","41","93","3","32","43","65","98","74","146","0","7","9","16","29","28","56","0","6","7","14","24","29","84","0","10","11","29","41","27","37","0","4","6","20","33","26","25","0","2","1","2","5","10","11","0","5","2","4","4","8","5","436","127","76","26","21","8","7","1","75","168","41","22","8","9","3","7","0","51","142","45","28","23","5","3","5","3","15","35","10","8","0","2","0","2","0","2"
"s25","voters","10022","738","388","149","18","0","4","5","0","5","0","169","348","390","25","3","8","0","28","7","6","1","6","0","3","0","11","1","0","0","69","29","49","2","8","2","8","1","5","0","2","0","7","3","3","0","3","12","16","22","26","35","50","2","19","20","31","30","49","73","0","5","3","8","9","18","39","0","3","1","6","9","16","32","1","14","5","12","17","20","12","0","8","12","17","18","10","23","0","2","3","3","3","3","7","0","1","1","0","1","4","4","242","58","32","9","7","2","0","3","35","76","14","15","1","5","2","1","0","35","98","20","20","7","6","2","0","4","12","20","4","4","1","0","0","1","0","2"
"s25","voters","12001","1122","734","120","42","6","16","4","0","3","0","197","488","634","319","36","64","26","5","1","4","2","2","0","2","0","2","0","0","0","25","7","24","1","49","5","12","4","7","0","0","0","22","8","5","1","3","23","42","36","38","54","86","1","50","77","66","74","74","110","1","9","7","13","4","17","21","3","0","10","6","3","15","11","0","14","15","16","13","17","19","0","14","13","14","16","18","28","1","3","2","9","6","11","8","0","4","2","3","4","10","8","386","132","94","23","21","2","7","3","66","83","16","10","1","3","0","0","1","6","106","25","21","9","8","1","2","3","22","42","7","8","6","2","0","0","0","6"
"s25","voters","12003","963","556","167","46","1","4","6","0","2","0","181","460","503","114","28","37","11","19","0","3","0","2","0","1","0","6","0","1","0","30","10","16","2","12","0","4","1","5","0","4","0","21","10","10","3","2","20","33","33","37","40","76","2","22","37","50","48","48","108","0","6","5","7","10","19","37","0","3","5","12","7","20","36","2","16","10","18","17","12","25","0","7","8","16","14","12","24","1","3","3","6","6","9","7","0","1","1","4","2","7","9","281","98","68","13","11","4","12","3","66","83","20","24","7","2","1","3","0","27","92","24","20","17","10","1","4","1","12","35","10","8","4","1","0","1","0","0"
"s25","voters","12004","991","634","131","34","5","10","8","0","5","0","164","444","547","225","39","51","22","9","1","1","1","2","0","1","1","2","1","0","0","23","8","23","2","22","3","11","0","12","6","4","2","15","11","8","2","3","21","42","37","41","54","59","2","36","68","57","74","48","92","0","3","7","6","15","17","20","0","2","7","5","9","21","19","0","12","11","20","8","20","12","0","13","14","15","10","12","17","0","1","3","8","6","7","11","0","1","2","5","8","4","6","354","102","67","17","15","2","7","1","69","78","19","21","1","4","0","2","0","6","94","31","10","4","7","3","4","1","10","38","13","7","0","0","0","2","0","2"
"s25","voters","12006","1354","814","259","38","1","4","7","0","7","1","223","639","715","149","37","31","17","21","7","8","3","5","1","3","0","5","0","0","0","48","12","29","0","10","0","2","0","9","2","4","0","28","11","10","4","1","30","55","48","43","65","108","5","30","64","57","66","80","162","0","12","13","17","19","32","46","0","7","9","8","19","22","55","0","9","15","16","23","29","27","0","12","11","17","16","23","25","0","2","4","8","2","5","10","0","2","5","3","1","8","8","460","125","86","26","11","2","11","2","91","137","42","26","7","2","3","5","1","36","118","30","19","18","9","4","3","4","18","37","6","6","2","1","0","1","0","5"
"s25","voters","12008","1148","732","174","31","3","3","7","0","2","0","196","520","628","114","18","18","15","17","1","6","0","7","2","2","0","11","0","1","0","41","13","33","3","8","2","3","0","2","1","4","0","21","2","4","0","0","16","29","39","45","54","111","0","26","42","60","69","71","170","0","3","9","8","18","29","31","0","1","2","7","9","16","41","1","5","12","22","17","24","29","0","4","8","14","16","20","24","0","2","1","1","3","5","6","0","3","5","1","6","8","5","396","121","71","19","20","2","3","2","98","86","18","25","6","8","0","1","2","28","90","30","23","16","4","2","1","2","28","31","7","4","2","0","0","0","0","2"
"s25","voters","12013","880","582","122","23","1","6","3","0","1","0","142","391","489","145","31","18","4","13","4","1","0","3","1","0","0","7","1","2","0","27","10","22","3","14","5","3","0","4","3","2","0","38","6","4","0","0","12","59","46","21","38","59","0","24","51","55","27","62","128","0","2","9","8","10","12","26","0","2","2","8","5","14","24","1","1","11","15","16","11","15","0","5","9","9","14","14","21","0","0","3","4","2","8","2","0","0","4","2","2","6","1","386","82","58","12","8","3","4","5","24","75","19","12","2","2","0","0","0","12","91","23","4","7","4","0","4","1","8","28","4","1","1","0","0","0","0","0"
"s25","voters","14001","1263","532","354","58","0","6","13","0","0","0","300","608","655","12","6","10","1","56","28","17","7","11","2","10","1","10","1","2","0","77","48","64","9","23","2","8","1","3","1","4","0","2","1","1","0","3","19","18","18","37","34","98","1","18","16","24","62","59","125","1","9","11","7","35","33","89","0","6","5","10","24","31","93","4","10","11","17","44","37","43","4","15","10","14","24","27","40","0","2","6","3","2","7","10","1","8","1","4","11","10","12","307","71","57","27","13","3","5","0","49","201","34","41","11","9","2","3","3","50","170","39","33","18","6","2","3","6","23","46","17","9","2","0","0","0","0","3"
"s25","voters","14004","1717","857","405","67","1","7","10","0","0","0","370","844","873","22","10","12","3","89","28","27","2","21","7","7","0","13","3","4","1","151","51","87","6","27","4","7","2","4","1","6","1","4","1","3","0","2","36","27","46","58","68","140","4","30","41","53","89","101","162","0","10","13","10","16","56","114","1","2","12","7","21","40","103","3","17","10","30","38","50","58","1","9","9","25","31","40","49","0","3","2","7","9","7","14","0","4","3","1","3","13","19","466","156","102","24","18","4","5","3","79","208","55","41","10","16","0","3","2","70","193","57","53","20","5","2","9","1","30","60","15","6","1","1","1","0","1","0"
"s25","voters","14006","1653","740","445","59","1","7","7","0","0","0","394","796","857","15","10","10","0","80","19","18","4","9","7","2","0","23","6","1","1","79","53","94","7","27","4","11","1","2","3","0","0","4","9","1","3","6","23","22","45","57","60","109","1","39","35","42","76","67","158","3","11","13","9","37","45","105","1","11","4","18","34","45","109","2","16","10","20","45","55","67","4","19","13","20","32","51","40","1","4","4","3","2","11","11","0","2","1","1","4","11","19","423","126","84","27","12","6","3","0","59","231","73","41","14","9","1","7","1","68","219","49","45","21","12","3","7","7","31","39","19","9","4","2","0","0","0","1"
"s25","voters","15001","1336","754","242","40","5","12","7","0","5","0","271","582","754","159","26","37","12","12","3","4","2","9","3","2","1","7","2","2","0","124","58","87","10","13","0","2","0","12","7","11","2","32","8","14","0","2","22","45","46","39","51","96","4","33","71","63","66","70","146","0","8","5","8","16","32","41","0","2","6","11","22","28","63","0","11","24","24","27","24","24","1","17","15","10","35","32","27","0","2","5","4","4","12","10","0","2","6","4","6","6","8","431","142","89","18","10","2","2","4","56","149","40","22","5","3","0","1","2","20","167","32","33","11","8","2","3","3","12","45","7","13","1","1","0","0","0","2"
"s25","voters","15003","1441","724","288","36","3","8","11","0","4","0","367","684","757","77","29","19","5","32","6","5","2","19","6","7","0","8","3","4","0","179","105","170","15","14","5","9","1","5","2","6","1","23","4","6","1","0","19","49","49","50","42","117","2","16","60","59","57","55","149","1","2","10","17","17","25","76","0","2","2","8","19","38","71","2","14","19","28","32","40","48","1","16","13","19","36","32","67","0","0","1","6","8","3","9","1","1","3","6","4","3","17","429","128","62","20","12","0","8","3","62","168","39","33","7","5","0","0","1","35","222","44","32","14","16","3","3","4","29","42","9","6","0","1","1","1","0","2"
"s25","voters","15006","1781","920","344","59","5","15","11","0","12","0","415","819","962","77","15","19","12","37","8","10","3","20","10","13","2","15","2","4","0","237","70","188","17","18","12","6","7","3","4","6","1","19","1","4","4","2","16","32","50","57","69","150","2","46","60","70","72","106","188","0","5","8","14","24","36","89","0","5","12","10","17","31","93","4","15","20","29","35","52","65","1","15","16","25","37","39","62","0","3","4","4","8","10","18","0","6","2","6","5","12","24","505","156","93","33","20","4","5","7","97","179","52","42","6","10","0","6","1","48","194","80","44","34","17","4","3","7","32","55","22","14","3","1","0","3","1","3"
"s25","voters","15008","1441","797","258","36","4","9","4","0","4","0","329","653","788","128","19","30","7","41","2","7","2","11","7","8","1","8","2","0","0","149","64","111","11","10","0","7","2","14","1","7","0","22","7","9","1","0","24","56","49","58","41","104","2","29","49","60","76","86","163","0","2","8","13","16","33","62","1","4","7","10","13","29","60","1","12","20","31","28","38","35","4","13","22","31","34","22","38","1","1","1","3","6","4","6","0","5","4","5","5","4","12","434","142","95","21","16","5","4","4","76","158","31","24","5","5","0","5","2","28","171","54","42","19","7","3","3","4","26","35","11","7","2","1","0","0","0","1"
"s25","voters","15012","1820","995","342","60","4","18","5","0","5","0","391","838","982","88","34","30","4","47","8","7","1","21","5","8","3","17","0","3","2","220","68","179","14","15","1","0","2","9","2","6","2","26","9","11","3","1","24","46","55","68","66","150","3","27","65","83","78","91","238","1","9","9","16","25","38","80","0","2","4","11","19","37","91","1","16","14","39","42","47","49","3","19","16","32","41","36","36","2","4","5","6","5","10","10","0","5","2","4","9","8","22","536","182","97","29","20","5","11","3","112","175","47","30","7","14","2","5","3","59","198","49","51","26","9","2","14","5","37","50","17","15","2","2","2","1","1","2"
"s25","voters","17001","1273","736","201","39","0","1","8","0","8","0","280","597","676","44","17","10","2","41","12","13","4","9","1","11","0","23","1","7","1","133","23","67","3","14","3","6","2","7","0","2","0","4","4","2","2","2","26","18","45","47","65","104","4","36","42","49","79","86","133","0","2","10","6","13","28","51","0","1","2","5","11","22","50","2","12","11","22","33","32","40","0","8","8","17","25","31","39","1","3","3","1","4","8","8","0","3","2","0","3","10","10","397","116","73","30","17","3","6","4","90","101","23","20","4","7","1","3","3","39","135","41","27","16","13","2","5","6","35","35","11","5","2","0","0","0","1","2"
"s25","voters","17004","748","475","112","17","1","5","7","0","2","0","129","351","397","29","8","9","1","27","2","6","1","7","1","1","1","15","1","4","1","58","14","17","0","9","0","4","1","3","2","0","0","8","6","3","3","2","12","22","24","39","47","59","4","14","18","31","56","51","96","0","2","1","2","1","13","40","0","1","0","1","3","11","37","2","4","4","9","15","16","19","0","5","4","4","14","13","20","0","0","2","4","3","3","6","0","1","3","3","2","2","3","252","80","41","16","11","5","1","4","65","51","20","7","3","3","0","2","0","26","62","22","14","7","1","1","2","0","20","17","10","3","0","1","0","0","0","1"
"s25","voters","17101","555","284","130","19","0","2","4","0","1","0","115","256","299","12","9","4","2","12","3","3","1","7","0","0","0","7","1","0","0","30","29","20","3","10","0","1","0","2","1","2","0","2","0","1","0","1","3","14","9","21","27","41","2","9","15","15","36","29","62","0","2","3","2","5","16","33","0","2","2","2","17","20","26","1","7","5","8","12","13","20","1","6","3","7","9","11","12","1","1","1","1","1","3","5","0","1","0","1","2","3","6","155","43","28","14","3","1","2","0","38","67","21","12","3","6","2","1","0","18","57","22","15","4","4","1","3","2","7","17","4","1","1","0","0","0","0","3"
"s25","voters","17803","78","44","18","2","0","1","0","0","1","0","12","36","42","5","1","2","1","0","0","1","0","0","0","0","0","0","0","0","0","2","1","0","0","3","0","3","0","1","0","0","0","0","0","3","0","0","1","1","1","4","3","7","0","2","6","3","2","6","8","0","1","0","1","2","3","4","0","1","1","0","0","2","3","0","0","0","2","2","0","3","0","0","0","0","1","1","3","0","0","0","0","0","0","1","0","1","1","0","0","0","1","23","8","5","1","0","1","0","1","5","11","4","1","1","1","0","0","0","0","6","2","1","2","0","0","0","0","1","1","2","0","0","0","0","0","0","1"
"s25","voters","18001","1307","806","201","32","6","6","8","0","5","0","243","570","737","262","33","69","19","17","5","4","0","3","1","7","0","12","0","2","0","71","18","44","5","10","2","3","0","12","5","4","2","47","14","12","4","1","17","60","36","56","52","107","3","19","82","69","80","88","136","0","7","4","13","14","25","33","0","5","5","11","19","24","41","0","11","14","22","19","18","27","0","11","15","24","21","27","34","0","4","4","7","2","4","13","1","2","7","5","2","3","3","449","140","73","20","20","7","12","5","80","119","29","21","4","4","0","2","0","22","145","29","24","16","4","4","3","3","15","34","9","9","1","2","1","0","0","1"
"s25","voters","18002","1268","814","170","31","4","6","9","0","8","0","226","583","685","280","38","45","19","12","2","2","1","4","2","4","1","12","3","3","0","46","27","46","6","20","1","7","1","8","5","4","0","59","21","26","5","1","29","40","50","43","69","106","1","48","63","70","66","82","146","0","2","7","9","16","19","42","0","0","4","8","11","16","36","3","9","16","17","19","19","31","2","9","11","18","18","20","34","0","1","6","5","5","7","12","0","2","4","2","3","5","6","426","145","100","22","21","6","8","4","82","90","23","24","3","6","1","3","1","19","127","30","25","7","6","2","8","2","19","39","10","7","1","1","0","0","0","0"
"s25","voters","18006","875","587","118","17","1","6","3","0","5","0","138","403","472","211","26","35","9","12","1","7","0","6","3","4","1","7","1","1","0","39","14","20","0","13","2","0","1","5","2","0","0","38","5","15","4","1","8","28","42","23","50","90","1","28","43","47","45","76","105","0","4","3","5","5","16","30","0","0","5","6","6","12","26","1","9","14","12","15","8","23","0","3","8","9","5","12","19","0","2","3","2","4","1","4","0","2","2","4","0","3","5","319","90","65","14","10","2","7","4","76","71","7","15","5","2","1","4","3","10","65","24","9","6","6","1","6","2","19","22","5","2","1","0","0","0","0","2"
"s25","voters","18008","1008","627","152","27","6","7","4","0","6","0","179","465","543","218","36","33","19","12","6","3","0","6","1","2","0","7","1","1","0","64","26","49","2","15","9","8","2","7","5","2","0","31","12","12","1","0","9","26","42","31","62","90","2","22","59","46","61","54","123","0","4","4","10","15","26","23","0","2","4","5","9","20","30","0","2","15","25","15","17","25","1","6","8","16","14","11","24","0","3","4","3","3","4","7","0","1","3","5","4","8","5","326","100","83","16","17","1","6","6","72","83","20","20","0","8","0","1","2","18","98","20","23","10","3","1","3","1","20","29","13","5","1","0","0","1","0","1"
"s25","voters","18010","711","449","81","16","6","3","3","0","5","0","148","316","395","198","13","56","14","3","1","1","0","6","1","0","0","0","1","2","0","39","10","26","3","13","8","14","0","5","0","4","0","22","4","7","1","3","15","30","29","26","37","51","6","31","39","38","34","48","62","0","2","5","4","8","10","12","0","3","7","4","3","7","16","2","9","18","6","13","9","15","0","8","10","12","13","17","16","0","1","3","4","2","1","1","0","2","4","3","7","2","3","244","85","48","13","9","1","8","4","37","58","8","7","1","2","0","1","0","4","81","20","24","7","8","0","1","0","7","20","11","1","0","0","0","0","1","0"
"s25","voters","18012","1560","1023","194","43","6","13","14","0","7","0","260","672","888","391","51","85","25","11","0","6","1","5","1","3","0","4","2","3","0","59","11","34","0","17","4","4","2","7","4","6","2","56","10","15","3","2","20","49","46","66","77","137","3","56","86","75","84","121","201","0","6","8","13","19","25","36","0","0","4","10","9","19","45","1","8","22","23","20","21","32","1","12","15","36","18","22","29","0","3","5","6","7","10","10","1","4","6","8","7","9","7","567","183","113","37","27","5","6","5","80","121","19","30","0","9","1","0","1","13","150","41","20","11","7","2","4","1","24","53","11","12","2","0","1","1","1","2"
"s25","voters","18014","937","613","103","29","12","8","3","0","4","0","165","413","524","279","32","65","32","6","1","0","0","4","1","1","0","3","1","0","0","30","10","22","4","16","2","6","0","4","0","2","0","20","11","11","1","1","16","64","44","28","43","53","5","52","70","55","48","64","70","0","2","9","6","7","11","17","1","1","3","9","8","13","16","0","8","27","12","11","13","13","3","8","24","10","9","7","20","2","2","4","8","1","5","6","0","3","7","7","3","1","7","391","93","67","15","6","0","1","4","36","77","12","5","2","2","0","1","1","3","107","22","12","7","5","0","2","0","10","37","8","5","3","2","0","1","0","0"
"s25","voters","18015","1126","739","151","30","8","5","2","0","5","0","186","521","605","269","45","71","21","7","0","3","0","6","0","3","0","1","0","1","0","57","20","31","0","37","4","7","0","9","0","0","0","77","6","13","3","1","25","53","41","41","70","81","2","38","67","52","59","88","121","0","6","10","11","17","28","25","0","2","3","7","11","12","19","0","8","13","18","16","17","17","2","8","10","13","17","23","24","1","1","2","4","2","6","7","0","3","4","7","4","5","4","414","115","83","21","24","7","5","4","66","87","18","18","7","4","1","1","1","14","95","25","17","15","5","2","7","2","18","27","9","8","1","1","0","1","1","2"
"s25","voters","18019","1876","1156","311","74","3","11","10","0","4","0","307","885","991","294","73","71","25","18","5","8","1","4","1","2","0","11","0","0","0","113","22","46","2","15","1","5","0","17","3","10","0","115","14","26","8","3","26","66","80","68","78","160","7","58","73","95","81","123","238","0","5","12","29","26","49","60","1","4","7","14","14","37","53","2","18","18","31","25","34","40","1","12","17","28","21","32","28","2","4","6","8","5","9","21","2","3","7","3","13","5","14","597","205","145","36","23","6","10","2","132","157","43","37","9","10","1","7","2","45","145","35","34","28","7","2","8","7","41","55","17","17","3","3","2","2","1","2"
"s25","voters","18020","1442","935","197","44","6","9","4","0","3","0","244","624","818","303","43","50","18","17","5","3","2","4","2","2","0","3","2","0","0","86","23","39","6","28","3","7","1","14","2","4","1","91","15","30","1","4","21","53","69","41","68","128","5","50","65","72","81","97","181","0","4","8","10","22","18","35","0","2","4","8","10","28","48","2","6","20","15","23","19","30","0","7","23","19","20","21","39","0","4","4","3","3","7","7","1","2","3","3","7","10","12","509","161","111","28","28","5","7","9","77","116","30","20","6","5","0","0","0","20","137","44","27","12","2","0","5","0","17","48","5","7","0","0","2","0","1","3"
"s25","voters","18033","1084","627","246","30","0","6","5","0","1","0","169","482","602","148","35","44","13","21","3","3","1","3","0","1","1","7","1","2","0","34","20","29","1","7","0","1","0","7","2","4","1","26","15","11","1","1","13","29","30","33","49","88","1","19","52","50","56","63","143","0","7","10","8","23","31","55","0","7","5","10","12","29","49","1","3","10","13","14","14","24","0","10","9","12","13","13","33","0","0","1","2","6","4","13","0","2","4","0","5","1","4","334","101","61","22","21","5","6","2","75","122","28","45","6","7","3","1","4","30","82","22","21","11","3","6","2","3","19","17","10","4","5","0","0","2","1","3"
"s25","voters","18034","1205","784","179","35","5","5","5","0","3","0","189","511","694","228","41","51","18","7","1","5","2","12","2","3","1","4","1","0","0","51","14","36","3","14","3","5","0","4","0","2","1","68","19","16","4","3","23","38","50","32","57","103","3","24","54","56","62","72","207","1","2","4","6","13","25","35","0","4","6","9","14","19","41","1","5","9","18","18","18","25","1","7","12","16","8","18","33","0","1","4","3","3","5","9","0","2","5","3","4","6","8","423","122","103","22","30","2","6","2","74","101","26","20","4","2","1","2","1","22","88","30","24","13","4","2","4","3","21","37","7","5","0","2","0","0","0","2"
"s25","voters","18072","25","14","6","0","0","0","0","0","0","0","5","11","14","3","0","1","0","0","0","2","0","0","0","0","0","0","0","0","0","1","0","1","0","0","0","0","0","0","0","0","0","0","0","0","0","0","0","1","0","0","3","2","0","1","0","2","1","1","3","0","0","0","0","1","1","0","0","1","2","0","0","0","1","0","0","1","1","0","0","1","0","0","0","0","0","0","2","0","0","0","0","0","0","0","0","0","0","0","0","0","0","10","1","2","0","0","0","0","0","1","3","2","0","0","0","0","0","0","1","2","0","1","0","0","0","0","0","2","0","0","0","0","0","0","0","0","0"
"s25","voters","21001","927","564","116","23","1","8","5","0","4","0","206","423","504","76","11","22","2","21","3","4","1","1","2","3","0","9","1","3","0","48","13","38","5","16","7","9","0","9","3","3","0","11","0","4","0","0","16","44","41","35","49","47","0","28","55","59","51","58","81","0","3","8","11","10","17","20","0","1","3","8","8","11","16","0","7","15","24","24","21","16","1","6","8","17","15","22","30","1","1","1","2","3","2","5","0","3","3","0","7","5","8","325","90","58","12","12","5","7","8","47","66","13","12","4","3","0","1","1","16","102","20","29","17","9","2","6","1","20","28","4","6","0","1","0","1","0","1"
"s25","voters","21004","566","347","73","17","0","5","2","0","0","0","122","259","307","32","3","11","1","8","4","1","0","9","1","5","0","11","3","0","0","39","11","20","1","9","0","2","1","4","0","2","1","3","3","4","2","3","6","18","30","27","26","39","1","8","28","43","27","28","63","0","2","3","3","11","3","16","0","1","3","3","7","0","21","1","7","7","16","7","11","11","1","2","2","18","6","16","17","0","0","0","1","3","3","5","0","0","2","0","1","5","4","196","56","47","6","4","3","2","0","33","35","10","11","0","1","2","0","0","14","62","22","12","5","3","0","5","1","12","17","5","1","0","0","0","1","0","0"
"s25","voters","21007","2013","1248","292","51","0","9","16","0","8","0","389","971","1042","90","11","15","5","84","19","18","5","4","0","3","1","31","4","16","2","85","31","56","6","36","2","10","2","14","1","2","1","16","3","0","1","4","38","36","86","104","96","172","7","58","40","102","152","135","218","1","5","8","14","23","36","72","0","4","10","4","20","33","62","4","15","16","32","62","49","53","2","16","5","34","40","27","34","0","5","3","2","9","14","12","2","6","2","2","6","10","11","651","215","144","50","25","7","8","8","140","143","38","40","4","6","1","2","4","54","177","62","48","22","19","3","8","6","44","44","20","6","2","1","1","0","1","9"
"s25","voters","21008","1382","850","197","48","1","6","8","0","10","0","262","638","744","62","8","6","4","46","6","16","5","9","1","1","0","11","2","4","1","47","20","34","5","42","4","19","0","4","0","2","0","16","1","3","2","3","25","24","46","72","72","108","5","39","28","74","110","112","132","0","3","2","11","16","27","46","0","2","4","10","17","19","40","5","5","9","23","42","26","40","1","8","11","18","27","21","26","0","4","0","2","8","8","11","0","3","3","4","14","8","8","444","147","90","26","20","8","13","7","95","102","25","18","10","8","2","0","2","30","128","45","22","10","11","2","2","3","39","47","10","6","3","0","0","1","0","6"
"s25","voters","21013","1322","783","211","37","1","7","6","0","2","0","275","651","671","39","8","6","3","62","9","8","4","14","4","10","0","21","2","4","1","80","13","52","3","25","5","18","1","11","2","1","0","8","2","0","1","4","22","30","53","84","48","100","3","29","26","62","84","91","147","0","5","3","10","16","30","60","0","2","4","8","14","23","36","2","10","6","22","34","47","33","1","9","9","16","39","24","23","0","3","3","3","3","10","10","1","2","1","0","4","3","10","412","142","84","25","23","6","8","2","81","87","28","31","6","8","1","1","3","46","142","40","24","15","8","5","9","3","29","33","4","9","3","1","1","0","0","2"
"s25","voters","21023","401","244","47","17","0","3","3","0","4","0","83","183","218","27","3","6","2","12","4","1","0","4","0","0","0","1","1","0","0","34","2","20","1","9","2","4","1","2","0","0","0","5","1","2","0","0","12","21","12","15","25","17","2","10","22","20","32","31","25","0","0","2","2","4","8","5","0","1","2","2","4","9","8","0","5","7","3","20","6","4","0","4","4","10","12","2","6","0","0","1","4","4","2","4","0","3","1","2","0","2","4","150","46","18","7","8","1","2","1","11","26","3","6","2","4","0","0","0","6","42","8","8","6","4","2","0","2","11","19","7","0","1","0","0","0","0","0"
"s25","voters","21047","584","343","71","22","1","5","2","1","3","0","136","281","303","19","5","10","3","20","3","5","0","2","0","0","0","5","1","5","0","26","3","24","4","16","1","2","1","2","0","0","0","0","2","3","0","0","11","14","25","34","24","48","1","13","13","30","46","33","51","0","3","2","0","9","13","14","0","0","0","5","6","9","10","2","6","12","10","12","16","10","0","5","5","19","14","11","14","0","1","1","3","2","2","7","0","2","0","2","4","6","4","197","37","37","10","6","5","5","0","46","33","12","8","0","3","0","1","0","14","61","26","11","8","6","1","3","1","19","23","7","2","0","0","0","0","0","2"
"s25","voters","22001","1589","846","272","38","2","16","11","0","5","0","399","716","873","80","19","20","6","44","16","11","3","6","0","6","0","22","1","8","3","115","55","108","5","82","8","52","9","7","0","4","1","27","6","7","1","5","24","30","40","67","61","109","5","42","49","55","91","86","182","1","9","5","8","24","37","60","0","2","7","8","25","36","50","3","15","18","26","44","53","44","1","11","11","32","48","58","35","0","2","2","2","5","13","9","0","6","3","4","7","8","11","479","137","80","29","14","4","8","1","94","136","40","31","9","7","0","5","1","43","206","67","50","23","6","2","3","2","40","53","8","7","0","0","0","2","0","2"
"s25","voters","22003","1557","866","256","43","2","6","5","0","4","0","375","698","859","85","21","27","8","35","7","13","0","9","4","6","0","30","3","5","0","110","51","101","6","56","5","29","2","13","2","6","0","36","3","9","2","1","24","69","59","65","52","95","3","41","77","71","82","87","140","0","3","13","15","15","18","59","0","2","5","11","20","30","65","4","15","17","30","46","33","35","2","15","19","28","59","31","41","0","2","3","5","7","1","12","0","5","1","3","4","6","11","560","138","74","17","11","2","5","3","56","144","37","24","4","9","0","1","2","35","217","57","31","9","11","2","5","4","39","37","10","9","3","0","0","0","0","1"
"s25","voters","22005","1807","1031","290","45","3","6","12","0","13","0","407","797","1010","97","28","31","6","50","11","19","3","19","2","4","1","25","3","3","1","130","32","91","2","59","6","29","5","11","2","3","0","32","1","10","1","3","26","60","67","69","62","117","4","46","100","67","100","100","210","0","6","10","15","24","33","59","0","6","8","13","12","25","79","2","14","23","42","48","39","37","1","11","28","34","42","32","54","0","3","4","5","5","10","14","0","3","5","9","7","8","6","698","141","71","15","19","3","6","4","74","159","45","27","5","5","0","2","3","44","250","53","36","21","7","2","3","3","32","52","18","5","1","0","0","1","0","2"
"s25","voters","22008","1832","999","288","54","2","11","7","0","6","0","465","834","998","58","15","13","2","73","8","15","4","8","1","9","1","32","5","4","4","157","56","150","4","39","5","29","3","5","0","1","1","26","2","12","3","1","30","32","42","64","70","159","1","50","51","50","105","90","254","0","5","13","7","21","32","73","0","3","1","1","19","38","75","0","16","19","36","48","47","76","1","15","13","17","53","56","68","0","3","2","7","7","7","17","0","4","2","3","1","8","19","542","171","113","44","26","5","5","9","84","123","42","40","12","11","0","3","4","53","239","69","38","33","10","4","7","3","62","59","10","2","1","1","1","0","0","6"
"s25","voters","22010","1861","1105","281","54","3","13","7","0","4","0","394","830","1031","76","8","20","3","76","13","12","7","25","1","5","1","32","3","2","2","187","61","130","11","53","6","21","3","3","1","4","2","34","4","10","1","1","16","66","46","77","73","165","4","43","70","74","95","98","277","1","2","5","11","24","22","86","0","3","7","7","14","19","80","2","8","7","30","37","41","79","2","10","12","18","45","30","73","0","2","5","2","1","3","18","0","3","3","4","6","6","28","676","173","112","32","20","5","9","3","75","163","35","33","5","5","1","5","2","32","224","66","34","19","17","2","7","0","25","54","13","5","6","1","0","0","0","2"
"s25","voters","22021","1704","917","299","49","1","9","1","0","11","0","417","761","943","81","13","19","3","43","8","13","4","13","12","7","1","32","7","9","3","190","79","138","18","32","1","29","4","3","1","1","0","21","4","7","0","4","27","46","45","63","64","133","7","38","64","58","88","89","191","0","2","5","11","20","32","89","0","2","7","9","20","34","68","1","22","11","30","38","40","48","5","18","17","19","54","55","59","1","2","5","2","4","8","8","0","5","6","3","8","8","11","512","139","102","33","15","5","8","4","99","147","39","34","10","5","1","2","0","61","196","63","49","26","10","4","7","7","55","45","15","5","3","0","0","0","0","3"
"s25","voters","26001","1507","977","196","48","4","16","5","0","8","0","253","691","816","200","26","59","18","32","2","8","4","10","2","3","1","10","1","5","1","85","25","43","2","27","0","4","0","11","5","3","2","29","6","5","4","4","32","60","81","75","67","106","9","59","71","102","105","86","120","1","9","7","18","16","22","31","1","3","8","13","15","23","29","0","9","17","29","31","16","26","0","10","21","28","18","24","24","0","5","2","5","9","8","5","0","5","8","6","3","12","13","538","174","114","28","18","3","14","3","85","106","29","25","2","12","1","1","2","18","130","44","24","16","7","4","3","3","22","45","14","14","1","2","0","0","0","5"
"s25","voters","26003","1428","927","174","53","7","8","7","0","8","0","244","628","800","239","29","47","18","17","8","7","2","5","2","3","0","14","0","4","0","69","12","45","1","27","1","6","2","6","0","1","0","33","4","7","1","5","29","36","60","60","81","106","4","47","67","82","81","109","160","0","1","5","7","23","27","37","0","3","6","3","13","22","27","2","13","18","19","18","18","22","1","13","24","25","26","19","26","0","3","5","7","4","11","11","0","5","8","7","3","10","9","521","158","97","18","13","7","13","5","95","94","21","20","4","3","2","2","1","27","111","38","31","15","13","2","7","2","25","49","15","9","1","1","0","1","2","5"
"s25","voters","26006","1548","977","247","50","3","11","5","0","4","1","250","720","828","211","32","27","14","30","11","10","3","14","1","4","0","23","0","3","0","91","22","47","6","19","10","10","2","19","3","4","1","29","4","2","0","4","32","56","60","73","72","112","5","44","57","100","100","111","151","0","5","7","20","17","36","49","0","3","8","9","19","26","48","2","8","11","26","26","26","34","2","11","16","19","22","25","22","2","5","3","4","7","11","12","0","1","2","3","3","6","15","534","166","97","27","30","2","12","3","106","129","40","34","4","9","0","3","0","28","126","28","27","19","2","3","5","6","34","46","9","8","3","0","0","0","1","7"
"s25","voters","26009","1441","881","211","44","4","17","12","0","4","0","268","602","839","114","18","23","2","50","14","13","7","2","1","7","0","17","5","3","0","79","23","37","8","22","2","4","0","10","3","4","0","34","3","7","1","0","20","56","58","50","58","74","2","30","86","74","109","85","179","0","4","10","11","13","23","47","0","1","5","10","13","23","51","2","9","25","33","24","20","30","2","3","14","21","24","22","39","0","0","3","2","10","9","11","0","2","1","3","6","16","18","541","140","78","26","7","2","6","7","74","111","29","25","2","14","1","0","1","28","160","46","16","12","6","2","4","1","21","54","10","8","1","2","0","1","0","5"
"s25","voters","26012","985","627","148","24","3","4","3","0","2","0","174","440","545","153","26","17","3","13","4","2","1","4","0","4","0","7","3","1","0","82","10","45","3","9","0","6","1","9","1","3","0","12","4","5","0","2","22","58","51","36","36","52","3","40","76","55","50","53","93","1","3","9","13","12","18","22","0","3","9","9","9","13","27","1","7","15","16","9","11","25","0","3","14","20","18","15","20","1","0","4","2","4","6","4","0","2","2","2","4","1","4","395","104","53","7","12","2","6","3","45","83","18","18","2","3","0","1","0","23","104","21","17","9","3","1","6","2","11","26","4","4","1","1","0","0","0","0"
"s25","voters","26014","1905","1159","309","59","4","15","8","0","7","0","344","830","1075","192","30","49","19","36","8","7","0","19","1","4","0","19","2","3","0","122","28","55","11","27","7","20","1","8","0","7","0","33","4","12","5","2","25","68","74","86","77","136","3","41","107","96","111","117","216","1","8","15","17","23","39","62","1","7","4","11","21","33","67","0","10","21","26","39","32","33","3","11","23","34","38","32","42","0","2","5","6","8","4","11","0","10","9","3","6","11","18","647","184","128","36","25","3","14","10","112","159","43","23","2","13","0","6","1","62","174","58","35","12","12","2","11","3","37","70","13","5","1","0","0","0","0","4"
"s25","voters","26018","1850","1245","192","48","2","9","8","0","5","0","341","824","1026","178","24","35","6","46","8","14","0","27","3","6","2","23","1","6","0","157","19","69","9","32","4","14","0","16","2","5","0","28","4","5","0","2","37","105","113","91","80","78","6","61","142","140","146","111","133","0","5","10","14","21","25","25","0","0","6","10","15","25","36","0","12","29","44","39","33","32","3","7","21","38","34","26","23","0","3","2","5","2","7","10","0","3","3","5","11","11","10","767","192","116","34","19","7","14","9","87","103","24","25","3","7","0","1","3","26","211","38","35","17","9","8","5","2","16","50","10","6","2","2","0","0","0","2"
"s25","voters","26022","1069","732","137","24","1","5","7","0","1","0","162","476","593","149","12","19","8","38","4","5","2","17","2","3","0","21","4","2","2","75","12","29","3","19","1","6","0","10","1","1","1","24","9","7","1","3","20","59","58","41","48","58","5","48","97","69","57","62","107","0","7","10","10","6","21","24","0","0","1","5","10","21","22","1","6","19","19","14","13","17","1","8","13","12","13","9","17","0","2","2","1","6","5","6","0","0","4","2","2","4","4","462","110","66","19","13","5","3","4","50","74","15","14","10","8","0","2","1","13","104","23","10","6","5","0","1","1","12","32","2","3","0","1","0","0","0","0"
"s25","voters","26023","1763","1155","203","54","3","12","10","0","10","0","316","797","966","156","28","40","6","43","5","14","4","11","1","2","0","28","1","3","1","92","14","59","7","17","0","3","1","14","1","3","3","20","6","7","1","2","27","67","102","80","76","108","5","47","111","129","111","113","177","1","3","9","16","20","27","37","0","2","7","16","22","21","22","1","14","26","37","41","24","32","0","12","20","24","27","22","36","0","3","6","3","10","15","10","1","6","4","7","8","9","7","663","194","107","36","32","5","8","7","103","113","23","25","5","5","3","2","1","26","164","51","25","18","17","4","5","3","29","54","14","12","3","2","0","0","1","3"
"s25","voters","26026","1665","1115","174","52","1","15","2","0","7","0","299","711","954","178","13","43","9","65","2","13","2","9","1","4","3","24","0","7","1","99","16","52","8","19","3","8","0","10","2","4","0","23","3","4","1","3","25","90","80","46","46","152","1","51","99","102","78","67","275","0","5","5","6","4","11","53","0","1","4","7","3","10","65","0","10","22","35","22","17","47","1","10","20","21","12","28","54","0","1","2","5","5","5","14","0","2","4","8","3","6","22","658","205","117","37","27","1","6","4","60","98","35","13","4","3","5","4","0","12","175","43","24","10","8","2","6","1","30","54","11","8","1","1","1","1","0","0"
"s25","voters","26030","1924","1252","208","65","4","18","6","0","9","1","361","827","1097","236","27","53","12","45","13","14","6","13","4","3","0","18","4","10","1","85","19","55","2","25","2","5","1","15","2","4","0","28","9","9","4","0","34","88","81","63","90","125","7","62","127","108","119","125","223","0","3","10","7","10","34","40","1","4","8","8","13","18","52","0","16","26","38","33","32","47","0","9","34","29","19","31","47","0","4","5","5","10","8","18","0","2","3","13","8","7","20","779","199","109","30","23","5","15","8","84","112","32","29","2","9","0","4","1","19","216","48","32","17","9","1","9","1","28","72","13","9","2","3","0","1","0","3"
"s25","voters","26036","1979","1111","395","73","5","16","16","0","3","0","360","875","1104","94","13","24","9","81","23","14","7","22","0","3","0","18","2","0","0","56","10","41","5","22","3","8","2","6","4","1","1","30","6","7","0","4","27","56","45","57","90","152","4","46","77","83","86","138","246","0","9","11","19","34","43","91","1","4","15","18","18","41","91","3","18","26","33","33","41","36","0","12","24","26","39","38","31","0","6","4","7","9","5","16","1","4","5","7","14","14","21","682","194","95","33","10","3","11","1","82","209","70","46","8","9","1","0","1","51","216","52","32","19","10","1","7","4","19","73","25","5","2","3","0","1","1","3"
"s25","voters","26043","2185","1364","332","74","1","11","11","0","5","0","387","1014","1171","71","28","11","8","127","19","22","6","21","4","5","2","28","2","6","1","115","9","50","4","24","1","6","1","12","1","1","0","14","1","3","0","3","36","85","84","100","110","151","7","53","85","115","156","119","260","2","6","10","15","28","35","78","0","3","10","14","30","25","76","1","15","16","31","58","52","50","1","12","20","21","27","44","39","1","6","4","6","9","7","15","1","5","3","2","6","14","23","798","224","132","45","25","4","19","6","111","160","55","36","7","6","1","6","3","58","203","61","34","14","13","4","12","7","39","74","9","8","4","1","2","0","0","4"
"s25","voters","26048","965","605","141","29","3","4","7","0","4","0","172","448","517","71","16","15","3","29","5","4","1","11","5","1","1","8","1","0","1","42","6","32","0","5","0","1","0","9","0","3","1","9","7","3","0","3","20","29","59","55","31","63","3","15","44","64","74","60","85","0","2","6","5","11","25","24","0","1","2","5","14","19","27","0","4","16","15","14","22","18","0","8","11","11","21","15","17","0","1","3","3","7","3","9","0","1","3","0","2","6","9","330","100","63","22","20","4","8","4","54","78","23","14","3","1","1","1","0","20","105","17","20","6","9","1","1","2","11","28","6","8","2","1","0","1","0","1"
"s25","voters","26050","1586","977","238","60","1","7","7","0","3","0","293","726","860","90","15","16","15","62","12","19","6","7","3","8","1","12","3","6","0","119","15","66","4","26","1","9","1","9","0","4","1","17","7","3","0","1","23","62","68","73","66","104","4","27","83","84","108","97","177","1","3","6","7","22","28","50","0","3","2","12","10","34","60","1","20","17","29","38","26","38","1","3","23","19","23","19","36","1","6","5","5","6","10","10","0","2","4","4","7","8","10","562","178","100","32","12","4","7","4","78","128","25","24","7","5","1","2","1","45","153","55","29","14","6","2","4","2","28","48","17","8","0","1","1","1","0","2"
"s25","voters","26052","1961","1160","329","66","3","12","11","0","8","0","372","904","1057","128","25","50","10","48","13","9","2","8","5","7","1","14","2","2","1","95","14","40","5","22","3","4","1","8","1","5","0","33","3","12","2","0","42","57","73","79","78","156","3","48","77","85","115","116","231","1","14","13","15","23","49","61","0","4","5","12","27","36","69","1","20","14","47","43","31","36","2","15","18","30","30","35","50","1","4","2","6","2","18","18","0","6","6","5","6","11","15","650","183","136","35","19","5","11","7","114","175","40","34","8","8","4","3","2","55","192","50","42","24","13","2","6","5","38","63","18","12","1","1","0","0","0","5"
"s25","voters","26055","2137","1300","321","68","3","9","12","0","5","0","419","1000","1137","136","13","31","11","69","8","17","6","10","2","7","0","29","2","8","2","97","22","69","5","26","2","6","1","11","4","3","1","21","5","4","1","4","27","61","79","85","105","180","6","48","90","100","121","143","251","0","13","16","21","20","36","62","0","6","5","9","20","41","72","2","19","25","41","63","48","50","1","12","12","33","35","29","49","0","3","2","5","7","13","13","1","5","7","5","6","14","16","698","214","149","35","36","9","20","9","130","170","36","38","5","11","4","4","2","51","215","62","37","31","16","6","5","2","45","62","12","11","1","2","1","2","1","5"
"s25","voters","26061","2106","1247","343","77","2","12","13","0","3","0","409","965","1141","82","22","19","5","52","13","25","6","13","3","8","1","40","3","11","3","121","26","96","3","24","2","11","0","9","3","3","0","8","2","9","2","4","18","39","87","104","104","173","1","42","54","102","128","136","255","1","4","11","17","18","40","86","0","3","7","10","21","49","76","0","12","22","41","46","33","52","3","15","17","41","39","38","50","0","4","5","6","9","12","17","1","3","5","5","14","9","17","661","191","128","38","23","14","19","12","161","173","41","28","6","14","3","3","2","73","206","61","38","27","17","4","13","4","39","70","15","13","4","1","0","0","0","4"
"s25","voters","26063","1502","840","320","49","1","9","7","0","5","1","270","674","828","78","13","16","5","51","14","12","3","16","5","5","0","25","3","2","1","114","41","44","4","13","3","5","0","11","1","7","0","24","7","6","1","0","18","45","47","51","63","112","4","33","59","62","92","82","172","0","5","7","15","26","27","76","1","3","14","12","29","23","82","1","13","11","16","32","45","32","2","11","9","15","24","24","35","0","0","3","6","4","7","12","1","1","3","3","7","11","14","504","123","89","34","18","4","5","6","57","161","36","34","9","7","5","8","2","58","141","44","34","12","8","0","8","2","21","44","11","9","4","1","0","0","1","2"
"s25","voters","26064","320","174","69","14","0","2","2","0","0","0","59","141","179","23","1","0","3","6","1","5","0","2","0","2","0","5","1","0","0","18","13","15","0","7","0","6","1","1","0","0","0","8","4","2","2","0","0","8","11","8","18","23","1","10","16","17","16","18","28","0","2","3","3","2","3","19","0","0","1","1","3","8","24","0","0","4","3","7","11","10","0","2","0","2","4","10","6","0","0","0","1","1","2","2","0","1","0","0","3","4","4","100","33","19","4","2","0","2","0","14","40","10","3","4","2","0","1","0","9","28","17","7","2","0","1","2","0","2","14","2","2","0","0","0","0","0","0"
"s25","voters","26071","1784","1082","269","46","3","13","6","0","1","1","363","780","1004","103","18","28","9","64","12","14","0","17","1","1","1","15","3","3","1","99","15","54","5","18","0","8","3","7","1","4","0","21","1","6","0","1","25","72","51","51","69","148","1","33","94","92","100","95","250","1","4","13","8","9","25","79","0","0","9","9","14","19","79","0","10","22","41","39","42","43","2","8","20","22","24","24","66","0","1","3","7","4","6","6","1","0","4","5","6","8","19","656","171","105","39","18","4","13","7","69","158","35","19","4","5","2","4","4","38","217","50","29","19","9","5","5","3","26","47","11","3","3","1","1","0","1","3"
"s25","voters","27701","31","20","7","1","0","0","1","0","0","0","2","19","12","8","0","2","0","0","0","0","0","0","0","0","0","0","0","0","0","0","0","0","0","0","0","0","0","0","0","0","0","2","0","0","0","0","3","0","1","1","4","1","0","2","1","1","1","4","1","0","0","0","1","1","1","3","0","0","0","0","1","0","0","0","0","0","0","0","1","0","0","0","0","0","0","0","1","0","0","0","0","1","1","0","0","0","0","0","0","0","0","13","5","1","0","0","0","0","1","0","1","3","2","0","0","0","1","0","0","1","0","1","0","0","0","0","0","0","0","1","1","0","0","0","0","0","0"
"s25","voters","30001","948","454","227","27","1","7","6","0","2","0","224","457","491","12","1","4","1","35","11","12","2","3","2","1","0","7","1","1","0","15","21","18","2","24","7","7","0","6","0","1","0","1","0","0","0","0","17","10","9","34","39","78","0","23","14","16","46","54","114","1","5","4","6","18","27","66","0","4","1","3","13","17","62","2","13","4","8","26","30","40","0","10","3","10","20","26","32","0","3","3","1","1","6","6","0","4","2","3","0","5","9","251","74","47","21","11","0","3","3","44","108","32","19","3","7","3","4","1","50","124","32","18","15","4","4","4","4","19","29","9","3","1","0","0","0","1","0"
"s25","voters","30004","672","293","215","26","0","4","3","0","0","0","131","310","362","9","7","4","0","31","7","5","1","1","1","1","0","1","1","2","0","20","8","12","3","19","0","5","1","3","0","0","0","3","5","0","0","0","12","10","7","11","16","60","1","8","14","10","20","42","82","1","2","4","7","2","25","64","0","3","4","7","10","21","65","0","4","3","1","12","19","32","0","7","4","5","6","14","24","0","0","1","1","3","6","7","0","2","1","1","0","2","9","172","45","31","13","4","2","3","4","19","114","23","19","10","1","4","2","1","41","59","28","15","5","5","3","3","3","10","21","5","5","0","0","0","0","1","1"
"s25","voters","30006","1081","520","272","35","0","8","4","0","0","0","242","503","578","19","2","5","1","68","18","19","9","3","0","2","0","4","0","1","0","38","10","29","0","15","7","10","1","3","1","1","0","5","1","0","0","2","25","26","16","16","45","89","1","23","17","27","35","69","129","3","5","0","2","13","26","87","0","0","2","9","14","21","90","2","12","5","10","21","27","48","3","5","2","13","22","25","47","0","0","1","2","2","5","13","0","2","1","1","2","7","11","307","60","57","23","12","1","7","3","50","141","36","26","9","7","0","1","1","51","127","38","29","17","7","3","4","1","16","30","11","1","2","1","0","0","0","2"
"s25","voters","30010","85","50","14","1","0","0","1","0","0","0","19","42","43","0","0","0","0","1","0","0","0","0","0","0","0","3","0","0","0","7","4","3","0","2","0","0","0","0","0","0","0","0","0","0","0","1","5","1","3","1","0","8","2","0","3","6","3","4","13","0","0","1","0","0","1","6","0","0","0","0","0","2","4","0","0","2","2","3","2","4","0","0","0","1","2","2","1","0","0","0","0","0","1","1","0","0","0","0","0","0","0","28","9","6","1","3","0","0","0","3","6","5","0","0","0","0","0","0","3","6","5","4","0","0","0","0","1","3","1","1","0","0","0","0","0","0","0"
"s25","voters","31015","1476","858","215","36","4","8","5","0","7","0","343","675","801","54","10","14","4","62","6","21","0","12","4","9","0","19","3","3","1","92","16","66","6","31","5","24","1","7","2","4","1","8","2","2","0","3","21","33","49","66","74","110","7","40","38","61","99","89","168","0","6","4","9","18","26","50","0","2","3","5","13","25","54","3","9","13","24","39","38","49","3","7","16","25","35","33","49","0","2","3","1","4","9","12","0","2","5","4","7","5","6","460","150","89","18","21","6","8","8","98","116","25","18","5","12","0","4","1","34","182","57","26","18","10","4","3","6","37","40","8","5","2","0","0","1","0","4"
"s25","voters","31017","686","425","78","14","4","5","4","0","4","0","152","298","388","58","10","20","10","9","2","6","1","4","0","4","0","4","1","0","0","26","6","14","2","8","1","2","0","0","0","3","0","7","1","2","0","0","12","33","25","36","26","38","2","23","48","38","53","39","52","1","1","8","8","7","8","8","0","1","4","2","9","8","13","0","5","9","11","20","13","15","1","8","18","22","12","7","11","0","1","2","1","4","1","5","0","2","4","5","2","0","4","278","75","30","10","6","5","1","1","19","45","4","11","1","5","0","4","0","8","86","23","20","5","2","0","0","3","13","24","2","1","2","0","0","0","0","2"
"s25","voters","31032","556","331","79","15","1","0","2","0","2","0","126","265","291","15","0","9","2","27","5","7","0","4","0","2","0","10","1","1","1","32","6","22","1","7","1","10","0","3","0","0","0","3","1","1","1","2","8","11","15","29","36","36","1","18","12","23","42","33","65","0","2","1","4","5","8","25","1","2","1","4","1","7","18","3","6","3","8","20","17","15","1","4","2","9","18","8","12","0","0","0","1","1","4","5","1","0","1","1","0","2","4","181","50","44","10","5","1","2","2","36","30","12","11","0","2","0","0","2","22","59","15","19","6","2","3","3","2","17","13","6","0","1","0","0","0","0","0"
"s25","voters","31035","426","273","52","12","0","0","4","0","1","1","83","207","219","16","1","3","0","17","0","5","1","6","1","2","0","9","0","0","0","19","0","11","2","9","3","3","0","2","0","0","0","1","0","1","0","1","10","7","13","22","27","36","1","12","10","24","30","31","49","0","1","0","1","3","5","20","0","0","0","1","3","4","14","0","2","2","10","11","10","14","0","2","3","5","5","12","7","0","0","2","2","0","5","3","0","0","0","2","1","2","1","143","43","31","8","7","1","5","2","33","23","6","5","4","0","0","0","0","14","39","14","8","7","4","0","1","1","9","10","2","1","1","1","0","0","0","3"
"s25","voters","31037","177","121","21","6","1","2","0","0","2","0","24","76","101","16","2","2","4","2","0","0","0","0","0","0","0","3","0","0","1","15","3","5","0","5","1","1","1","1","0","0","0","4","0","0","0","0","3","8","14","6","9","11","0","0","9","15","13","15","18","1","0","1","2","2","1","2","0","0","2","1","2","2","5","0","1","2","0","3","1","5","0","2","2","0","3","0","5","0","1","0","0","1","0","2","1","0","2","2","0","2","0","75","17","7","3","2","2","2","0","13","12","2","4","0","1","0","0","1","1","14","1","3","0","0","1","1","0","4","9","0","2","0","0","0","0","0","0"
"s25","voters","33001","434","268","58","13","0","1","6","0","3","0","85","203","231","13","4","10","0","15","4","3","0","0","0","0","0","4","1","0","0","6","0","2","0","2","0","1","0","0","0","0","0","0","0","0","0","0","10","6","7","14","23","46","1","6","4","13","21","35","82","1","3","5","0","2","8","17","0","0","1","4","2","5","10","0","0","5","8","9","15","11","1","2","3","5","7","12","7","0","1","2","1","1","4","4","0","1","1","0","1","2","5","157","29","32","8","5","4","2","2","29","25","12","7","2","1","1","0","1","9","53","5","8","4","3","1","0","1","10","10","9","1","0","2","1","0","0","0"
"s25","voters","33002","866","560","133","30","3","4","4","0","6","0","126","350","516","70","13","21","6","32","4","7","1","1","0","1","0","4","1","0","0","7","0","7","0","2","0","1","0","0","0","1","0","6","6","5","0","0","7","8","19","30","34","105","2","10","27","38","44","59","177","0","3","6","6","6","19","29","0","3","1","7","9","14","30","0","3","4","12","12","5","20","1","1","8","11","6","14","29","0","0","1","4","3","6","8","0","0","3","5","4","5","8","342","75","65","14","16","3","3","5","37","73","21","15","4","3","0","1","3","13","64","19","14","7","5","2","2","0","13","22","8","8","3","0","1","0","0","5"
"s25","voters","33004","1050","670","133","35","0","6","6","0","11","0","189","485","565","85","13","27","7","39","8","13","0","2","0","0","0","2","2","3","0","5","1","1","0","12","1","2","0","1","0","0","0","4","4","4","0","3","19","19","37","40","62","100","2","29","26","48","58","84","143","0","1","5","9","6","19","35","0","0","2","8","3","9","36","1","9","9","16","18","20","27","0","10","6","18","13","21","21","1","0","0","2","9","4","14","0","2","3","3","5","5","10","365","113","64","28","15","6","5","4","70","56","19","19","8","5","1","4","0","21","106","17","24","13","5","0","5","0","19","33","7","7","4","1","0","1","0","5"
"s25","voters","33005","870","509","167","31","5","3","12","0","9","0","134","380","490","91","17","26","11","23","6","10","0","3","0","2","0","6","2","0","1","9","3","1","1","3","6","1","0","2","0","0","0","12","5","3","2","0","13","12","31","35","34","62","6","23","24","56","40","56","117","0","5","10","11","11","25","26","0","4","6","12","8","19","30","2","5","8","15","7","11","31","0","4","5","9","4","13","20","1","4","2","1","6","3","9","0","3","3","10","6","8","4","275","89","59","15","13","5","5","4","44","77","36","13","6","5","1","2","0","27","83","7","19","5","5","2","2","0","11","36","8","6","2","3","0","0","0","5"
"s25","voters","33022","570","313","101","29","1","4","4","0","4","0","114","264","306","75","15","20","4","11","3","2","1","0","0","2","0","1","2","2","0","2","0","3","1","4","1","0","0","1","0","0","1","4","0","0","0","0","9","13","17","22","28","45","1","12","26","15","31","45","49","1","1","4","8","6","10","21","0","0","4","5","9","12","20","1","6","1","16","4","15","13","1","5","3","10","9","14","16","0","0","0","2","7","4","10","0","3","3","3","2","3","5","164","48","39","13","6","2","8","1","32","49","13","11","1","5","2","1","0","19","55","15","15","8","6","0","4","1","10","21","7","6","1","1","3","0","1","2"
"s25","voters","33025","1320","769","258","54","0","9","9","0","6","0","215","563","757","45","16","5","4","48","11","6","0","0","4","0","1","5","2","4","3","14","5","9","0","13","2","4","1","1","0","0","1","8","4","2","0","5","7","10","21","26","47","162","1","20","22","34","48","85","281","0","2","3","4","10","33","79","0","0","4","2","9","21","91","0","8","7","8","12","24","63","0","4","4","5","11","26","43","1","2","0","1","5","6","17","0","2","1","3","6","12","22","439","152","61","33","13","8","10","5","48","138","32","34","6","17","1","3","3","24","110","35","24","17","4","0","2","0","23","56","12","4","1","1","1","1","0","2"
"s25","voters","34001","1351","817","202","36","1","12","7","0","6","0","270","628","723","27","6","5","3","90","13","12","7","8","0","7","1","4","2","0","0","44","5","11","1","31","1","5","0","4","0","2","1","8","0","3","1","1","23","48","52","50","68","99","3","28","57","62","66","86","174","0","5","10","8","10","24","47","1","4","7","7","7","21","51","2","10","25","28","31","28","37","2","6","8","19","21","28","25","0","3","2","0","3","7","7","0","3","3","8","4","6","16","484","142","81","19","12","4","10","3","62","107","25","21","8","3","2","5","1","30","159","42","28","11","5","2","3","3","17","45","9","6","1","0","0","0","0","1"
"s25","voters","34002","1326","865","152","25","0","5","5","0","6","0","268","599","727","38","4","9","3","71","5","14","1","5","3","2","0","10","2","3","1","47","11","26","3","14","2","11","2","5","2","1","1","9","1","2","2","1","24","47","48","69","62","102","1","35","57","81","89","91","158","0","0","6","7","15","22","27","0","4","6","6","15","15","29","0","3","18","31","40","31","28","0","5","20","21","26","17","28","0","0","1","3","4","4","6","0","3","1","5","5","4","5","502","132","85","27","19","3","14","4","79","76","24","16","6","3","0","0","3","24","153","43","26","12","7","4","6","2","15","26","7","2","1","1","0","1","0","3"
"s25","voters","34006","873","492","164","27","1","4","3","0","3","0","179","415","458","16","5","6","0","57","7","16","1","5","1","0","0","3","0","2","0","20","2","8","3","10","3","6","0","1","1","0","1","7","0","0","1","2","13","12","17","32","35","81","0","35","15","36","52","53","109","0","5","2","7","13","23","42","0","3","5","2","11","21","30","5","15","7","10","24","30","20","0","9","8","8","16","11","16","0","5","0","0","3","5","7","0","0","0","2","7","0","9","240","101","69","11","9","1","5","5","51","93","22","10","4","6","0","2","1","26","101","24","18","7","3","1","0","1","24","24","10","2","0","0","0","0","0","2"
"s25","voters","34007","1304","810","198","32","2","6","7","0","4","0","245","572","732","31","6","7","1","73","9","13","4","2","1","0","0","7","0","0","0","43","10","21","2","31","3","5","0","3","1","0","0","5","0","2","0","4","25","37","36","36","61","119","5","28","38","55","76","87","203","0","1","7","7","17","22","44","1","2","5","6","12","21","53","4","14","10","12","33","20","34","1","6","11","11","24","25","40","0","3","1","3","7","7","8","0","3","2","1","3","4","9","479","130","74","27","15","5","4","3","73","106","27","14","3","2","2","1","3","40","137","29","19","18","5","1","9","2","25","29","8","9","2","0","1","0","0","2"
"s25","voters","34010","863","487","156","32","0","13","1","1","2","0","171","394","469","21","3","5","2","60","8","17","3","8","0","1","0","3","1","4","0","19","6","16","4","19","2","7","0","0","0","1","0","2","0","0","1","0","16","8","19","33","34","95","1","16","17","18","47","50","133","0","1","3","2","10","10","40","0","1","5","3","9","20","52","0","7","8","8","18","12","42","1","3","2","4","14","19","33","0","2","2","2","4","2","16","0","3","0","1","3","5","9","289","70","57","12","11","3","3","3","39","85","19","19","4","4","1","2","2","20","99","22","17","6","4","1","7","7","8","34","6","4","1","2","0","0","0","2"
"s25","voters","34015","51","36","5","1","0","0","1","0","0","0","8","24","27","1","0","0","0","1","2","0","0","0","0","0","0","0","0","0","0","4","0","1","0","1","0","1","0","0","0","1","0","0","0","0","0","0","0","5","2","1","3","6","0","0","3","6","3","2","5","0","0","0","0","1","1","1","0","0","1","0","1","0","0","0","0","0","2","1","0","0","0","0","1","0","1","1","2","0","0","1","0","0","0","0","0","0","0","0","0","1","0","27","3","3","3","0","0","0","0","0","5","0","0","0","0","0","0","0","0","6","0","0","0","1","0","1","0","0","2","0","0","0","0","0","0","0","0"
"s25","voters","35001","1229","770","143","32","3","12","9","0","9","0","251","551","678","104","17","36","11","29","4","9","2","8","0","6","2","8","1","2","2","56","13","39","4","11","4","3","0","9","4","6","0","43","6","12","2","1","17","35","46","49","83","80","4","28","38","67","96","77","149","0","2","4","7","17","20","29","1","1","2","6","12","20","22","0","9","17","25","32","24","24","1","8","11","24","26","25","25","0","1","2","4","5","6","12","0","2","4","7","5","8","9","406","124","87","32","24","9","7","4","77","79","16","17","3","4","0","1","1","22","143","31","23","11","8","5","6","2","22","37","10","10","2","1","0","1","0","4"
"s25","voters","35002","1093","688","155","28","4","5","4","0","2","0","207","472","621","185","30","50","6","21","1","2","1","7","1","7","0","11","5","2","2","38","23","23","4","2","0","1","1","12","2","2","0","61","12","22","3","1","18","29","44","56","46","76","1","26","65","59","81","71","115","0","0","3","13","15","20","26","0","3","6","13","12","17","27","0","14","13","19","17","14","22","0","13","12","23","20","15","25","0","1","3","5","5","6","6","2","0","1","1","2","5","6","388","115","81","22","9","3","6","3","61","94","23","15","3","5","0","0","1","14","106","24","22","11","7","2","8","2","25","30","7","2","0","0","0","1","0","3"
"s25","voters","35004","1284","821","196","35","4","5","4","0","5","0","214","575","709","191","29","41","11","18","10","6","0","8","5","2","0","7","0","1","0","66","19","24","2","6","2","2","1","4","0","6","1","84","14","20","3","3","13","47","50","45","62","101","1","49","66","72","65","80","167","0","2","7","9","20","24","47","0","2","5","6","8","17","49","2","10","11","21","21","21","28","1","11","9","17","18","13","31","0","0","3","6","6","9","7","0","2","4","3","4","3","6","443","119","113","19","20","4","10","4","89","97","33","31","9","2","1","2","1","20","116","27","16","18","6","1","1","1","28","32","10","7","0","0","0","0","0","4"
"s25","voters","35007","1538","999","207","45","4","17","17","0","9","0","240","701","837","143","36","29","15","37","7","15","4","0","0","1","1","7","4","0","0","36","15","21","5","6","0","2","0","8","5","5","0","18","3","6","2","1","20","59","69","63","73","114","2","30","83","101","94","107","183","1","4","14","10","15","30","39","0","3","5","13","10","23","40","2","5","23","35","20","15","39","1","6","16","18","23","16","21","0","3","5","8","8","13","13","1","7","3","6","4","11","10","568","153","102","33","28","4","16","7","88","123","36","15","6","5","1","1","1","19","153","26","22","11","2","2","4","0","20","62","18","8","1","0","0","1","2","0"
"s25","voters","35010","1771","1180","179","50","11","13","17","0","17","0","304","817","954","123","26","34","13","75","2","15","3","7","0","0","0","5","1","1","0","26","4","24","0","6","2","4","0","9","0","4","1","18","3","5","0","2","24","60","80","63","96","152","0","40","75","97","117","149","225","0","2","8","12","16","21","34","0","3","6","9","13","19","36","0","7","18","37","37","34","44","0","10","10","22","27","30","28","0","3","7","11","10","19","20","0","4","1","9","5","7","12","642","210","125","33","31","8","12","6","113","103","21","19","7","7","0","1","2","19","164","46","29","14","5","2","7","4","33","77","14","8","3","2","0","0","0","4"
"s25","voters","35014","1767","1081","284","63","2","19","11","1","7","1","298","839","928","114","26","20","10","58","13","22","6","4","1","0","2","7","1","0","0","24","11","14","4","7","1","3","0","5","1","1","0","12","0","2","2","3","21","38","68","75","74","156","2","28","35","106","109","130","236","1","7","13","11","25","32","74","0","5","3","11","16","28","58","3","8","10","31","40","39","46","1","17","14","13","25","26","25","0","5","7","8","7","12","25","1","3","0","9","4","8","15","589","169","116","39","30","10","16","3","109","152","26","31","15","7","1","2","4","46","149","38","37","26","7","4","4","2","31","60","22","8","2","2","0","0","2","8"
"s25","voters","35018","1717","1082","334","64","1","10","13","0","1","0","212","764","953","120","39","28","11","50","13","4","5","10","0","0","0","6","4","3","0","39","10","12","2","5","3","1","0","3","0","0","2","34","3","6","0","0","24","48","48","61","64","184","2","25","65","92","79","106","284","1","5","8","12","25","43","68","1","2","7","10","23","37","92","3","6","9","19","17","29","37","0","8","9","12","10","18","35","0","6","3","4","6","13","21","0","2","2","6","3","11","12","537","196","105","40","35","5","9","5","150","182","42","38","7","15","1","2","4","43","91","36","22","17","7","4","1","1","33","58","11","8","3","1","0","2","0","6"
"s25","voters","35021","1015","641","168","29","3","8","8","0","3","0","155","469","546","78","18","18","4","35","11","7","1","1","0","0","0","3","0","1","0","25","5","6","1","6","0","3","3","4","0","1","1","6","1","4","1","1","12","24","45","45","46","94","2","25","39","53","55","74","126","0","3","9","12","9","26","29","0","3","3","10","9","19","36","1","13","10","16","16","11","20","0","4","9","14","11","8","22","0","1","2","6","9","2","7","1","2","6","3","4","4","4","328","115","68","15","12","3","7","4","89","89","20","23","2","5","0","0","0","29","70","23","20","14","9","4","0","2","13","32","10","6","2","0","0","0","1","0"
"s25","voters","35023","1166","716","191","38","1","6","16","0","9","0","189","544","622","76","19","21","7","47","11","8","0","5","0","0","0","6","0","0","1","19","5","4","2","8","1","2","1","4","0","0","0","10","2","8","0","1","25","28","38","46","50","101","3","19","38","73","68","90","136","2","2","4","12","18","28","39","0","3","4","10","7","23","39","3","11","13","19","11","17","28","0","4","12","21","12","23","15","1","1","4","9","9","12","12","0","2","2","3","3","3","9","363","111","92","27","12","4","10","6","91","100","29","18","1","4","1","0","2","36","101","19","23","14","4","4","2","1","21","43","10","9","2","4","1","0","0","1"
"s25","voters","35025","1500","954","251","48","3","10","3","0","8","0","223","695","805","115","17","23","9","41","10","9","4","5","1","1","0","5","0","0","0","24","14","9","0","1","1","1","0","3","0","0","0","6","1","3","0","1","12","35","64","62","72","156","3","27","50","86","80","99","207","0","6","8","16","19","30","49","0","1","9","11","19","27","56","2","13","17","18","29","22","23","1","8","13","15","16","20","26","0","4","2","4","5","12","14","1","1","3","1","8","7","10","529","138","92","35","23","10","17","1","109","126","30","29","9","7","0","4","0","46","113","23","29","12","6","3","3","5","29","44","13","8","2","0","0","1","2","2"
"s25","voters","35029","1092","674","183","46","4","6","8","0","7","0","164","529","563","70","13","23","5","35","11","4","1","4","0","3","0","0","1","1","3","15","9","6","0","2","0","1","0","1","0","0","0","12","2","4","2","1","17","22","48","52","41","104","2","18","20","75","61","77","136","0","5","8","16","24","26","39","0","0","4","11","13","13","24","0","8","11","7","25","21","21","1","5","6","9","17","15","18","0","1","4","8","3","8","9","0","6","2","6","7","8","9","345","116","72","28","15","3","11","5","79","98","33","22","3","3","2","3","1","18","76","15","17","17","4","1","7","5","22","42","13","5","3","1","1","0","0","6"
"s25","voters","35049","1103","674","207","31","6","4","8","0","5","0","168","516","587","96","17","15","7","31","8","9","1","2","1","2","1","3","1","0","1","14","7","7","0","3","0","1","0","1","1","0","1","13","1","3","2","3","25","26","28","50","50","91","3","14","29","65","68","79","143","0","4","12","15","16","20","53","2","1","4","16","6","21","37","0","6","5","13","21","23","28","1","11","5","7","21","14","13","0","4","4","6","3","3","7","0","3","4","4","1","7","8","342","110","69","24","18","3","7","3","98","103","25","27","7","8","0","2","2","33","75","27","22","12","3","3","2","2","22","34","14","2","1","0","1","1","0","1"
"s25","voters","36001","1134","706","157","38","4","1","5","0","4","0","219","534","600","39","2","12","2","50","5","17","0","11","1","3","1","9","2","0","0","50","11","36","2","31","2","11","1","7","3","2","0","3","0","0","0","1","20","25","50","61","69","84","3","26","26","61","69","83","128","0","3","2","3","16","19","45","0","0","1","4","12","15","37","2","7","8","18","17","28","27","2","11","8","14","35","23","19","0","1","0","3","4","8","13","0","2","1","2","3","7","8","376","116","87","29","11","5","8","1","73","81","19","15","0","7","2","0","3","30","107","31","25","9","7","2","6","5","27","35","10","6","1","0","0","0","0","0"
"s25","voters","36002","826","517","123","25","0","3","1","0","3","0","154","388","438","39","8","9","2","39","8","18","3","6","2","2","0","11","0","1","0","30","9","17","2","24","2","5","1","2","0","2","0","3","0","0","0","2","17","19","28","51","42","50","2","24","27","43","60","67","85","0","4","6","2","8","20","29","0","0","1","4","7","16","26","2","6","4","17","25","19","17","2","6","3","9","21","10","13","0","3","2","2","1","6","6","0","1","0","1","4","2","4","261","90","60","15","14","3","8","4","62","60","15","12","6","1","1","1","3","24","69","21","14","9","10","4","5","1","21","21","5","4","1","1","0","0","0","0"
"s25","voters","36005","802","521","93","25","3","8","5","0","2","0","145","354","448","59","2","8","7","37","5","4","2","4","0","1","0","1","0","7","0","31","3","11","0","15","0","4","1","2","0","2","2","4","1","1","0","1","18","22","29","38","47","42","2","30","34","54","53","77","74","0","0","5","4","7","19","17","0","2","3","1","4","9","22","1","5","7","12","18","15","17","2","5","6","13","10","15","19","0","2","3","4","7","5","9","0","2","2","1","2","2","4","282","88","50","20","6","5","3","2","65","58","7","7","4","2","0","1","1","13","81","22","9","10","1","1","2","1","18","28","7","4","0","1","0","0","1","2"
"s25","voters","36006","1165","731","158","30","1","8","5","0","5","1","226","541","624","88","11","18","2","48","8","10","3","13","2","4","0","8","0","2","1","35","4","23","0","26","0","8","0","3","0","4","0","9","0","0","1","4","16","28","55","71","45","66","4","31","52","77","92","75","115","1","3","5","16","14","23","34","0","1","2","3","10","15","31","0","9","18","30","38","18","18","0","6","11","21","29","11","17","0","1","3","8","5","6","6","1","0","1","2","4","6","7","449","100","86","22","12","3","7","2","50","85","14","17","3","6","0","1","0","32","132","40","14","13","7","1","1","1","17","30","10","3","1","3","0","0","0","3"
"s25","voters","36008","1196","782","153","34","1","7","9","0","5","0","205","532","664","82","14","15","8","34","5","7","2","7","2","3","0","7","1","0","0","32","6","18","1","17","0","7","0","9","0","1","1","9","2","1","0","1","16","42","72","56","42","81","2","22","66","93","61","74","154","1","3","6","10","6","20","36","0","0","7","6","9","14","35","0","5","19","26","21","17","26","0","1","13","30","13","18","16","0","3","5","2","8","3","5","1","2","3","4","6","6","8","459","142","86","16","14","5","8","5","47","88","19","20","4","7","1","2","0","12","117","40","14","9","8","2","5","1","9","41","8","1","1","1","1","0","0","3"
"s25","voters","36010","1757","1103","224","58","3","6","17","0","6","0","340","827","930","78","12","15","8","61","11","24","2","5","0","2","0","16","1","2","0","69","5","32","0","11","1","10","0","4","0","2","1","5","5","2","0","5","31","45","79","101","76","119","7","54","58","113","117","121","177","0","5","5","8","22","36","52","0","0","3","13","7","31","42","2","16","17","33","54","33","40","0","12","7","29","35","35","27","0","2","4","6","9","13","14","0","3","4","3","9","12","11","588","178","118","30","33","4","10","9","133","115","34","18","2","6","0","5","1","43","160","58","37","21","11","3","10","3","37","55","10","14","2","3","0","0","1","5"
"s25","voters","36014","2330","1404","416","82","2","13","9","0","2","0","402","1100","1230","52","9","11","4","108","22","29","3","15","3","5","1","26","2","11","0","69","13","28","2","21","1","7","0","8","0","1","1","8","1","0","0","5","39","49","75","125","127","148","5","65","46","129","168","165","258","0","14","16","20","39","63","95","1","8","6","6","21","40","87","4","17","20","28","55","52","52","1","15","9","32","43","43","31","0","6","5","5","6","18","17","0","4","2","3","16","12","14","733","228","166","49","33","7","20","9","159","186","51","51","12","18","1","8","3","86","193","67","44","26","9","8","7","5","43","67","18","14","5","0","0","2","0","2"
"s25","voters","36017","2016","1269","283","71","0","6","14","0","7","1","365","976","1040","84","9","18","5","103","17","18","8","11","1","10","1","4","0","4","1","72","15","27","3","24","1","15","0","6","4","1","0","7","2","4","2","4","49","43","90","115","113","135","6","72","38","99","156","149","200","0","7","17","11","31","54","47","1","3","6","14","19","29","44","1","17","17","33","49","47","47","1","9","12","26","46","28","32","0","3","1","4","7","21","13","0","5","2","5","5","15","18","649","227","148","46","29","8","11","7","144","138","35","36","10","10","1","7","3","43","173","61","42","23","6","4","8","2","46","59","18","9","1","2","0","0","2","8"
"s25","voters","36021","1733","1051","307","53","1","10","3","0","5","0","303","815","918","55","22","18","1","77","20","12","5","8","0","2","0","13","2","3","1","66","9","39","2","28","1","9","1","6","1","0","0","8","2","1","0","4","25","42","65","72","75","164","4","37","53","94","96","114","206","1","6","7","11","25","32","76","0","2","6","8","25","30","78","3","7","14","25","43","40","39","2","6","8","21","35","25","35","0","3","1","4","4","11","16","0","5","1","3","5","6","13","574","161","114","25","29","4","16","1","127","147","48","29","10","12","3","6","1","51","150","53","29","16","11","2","7","0","35","46","11","11","0","0","0","1","0","3"
"s25","voters","36025","963","540","151","25","1","5","7","0","0","0","234","454","509","25","5","5","5","45","6","5","0","3","3","3","0","11","1","3","0","29","10","35","1","27","3","16","0","6","1","0","0","2","0","2","0","2","13","14","36","34","50","79","4","15","18","45","70","45","115","0","3","0","7","10","22","41","1","1","0","7","10","13","36","1","6","9","22","36","25","25","1","7","6","20","21","24","31","0","1","4","1","0","5","8","2","1","1","5","3","2","5","310","76","64","14","9","5","4","3","55","88","19","16","4","3","0","2","0","19","128","36","24","11","6","1","3","3","22","29","5","3","0","0","0","0","0","1"
"s25","voters","37001","1421","840","218","44","2","6","22","0","11","1","277","683","738","49","8","7","5","50","7","19","3","3","1","7","0","9","0","2","0","31","7","16","0","17","0","7","0","3","1","0","0","15","0","2","0","1","20","35","41","47","79","138","3","23","37","55","69","116","176","0","4","3","9","17","28","57","1","0","3","6","17","25","48","3","8","11","21","29","40","46","2","11","10","19","25","24","28","0","4","3","9","7","10","13","0","1","1","6","7","8","17","442","152","88","27","16","10","11","0","94","101","34","30","5","4","2","2","2","38","134","40","32","14","8","3","7","6","33","50","10","10","4","0","0","1","0","11"
"s25","voters","37002","1393","805","226","43","2","6","10","0","4","0","297","658","735","42","6","10","2","55","9","16","1","6","1","1","0","7","0","1","0","28","3","11","2","39","0","10","0","3","0","1","0","3","1","3","0","1","17","29","50","51","52","128","6","40","34","57","67","102","171","1","8","2","7","8","34","71","0","0","4","5","7","19","60","3","10","12","18","34","47","42","0","7","6","22","34","31","31","0","3","2","8","3","5","12","0","7","2","7","2","5","9","431","119","99","27","22","7","8","7","85","93","36","28","10","9","0","2","1","47","144","44","33","21","14","1","6","3","31","41","11","6","0","2","0","0","0","5"
"s25","voters","37005","17","4","5","2","0","0","0","0","0","0","6","6","11","0","0","0","0","0","0","1","0","0","0","0","0","0","0","0","0","0","0","0","0","0","0","0","0","0","0","0","0","0","0","0","0","0","0","0","0","0","0","0","0","1","0","0","2","1","0","0","0","0","0","0","1","1","0","0","0","0","2","0","1","0","2","0","0","0","0","2","0","0","0","0","0","1","1","0","0","0","0","0","0","0","0","0","1","0","0","0","1","3","0","1","0","0","0","0","0","0","3","0","0","0","2","0","0","0","0","5","1","0","0","0","0","0","0","0","0","2","0","0","0","0","0","0","0"
"s25","voters","37011","4","1","2","0","0","0","0","0","0","0","1","2","2","0","0","0","0","0","0","0","0","0","0","0","0","0","0","0","0","0","0","0","0","0","0","0","0","0","0","0","0","0","0","0","0","0","0","0","0","0","0","0","0","0","0","0","0","0","1","0","0","0","0","0","0","1","0","0","0","0","0","0","1","0","0","0","0","0","0","1","0","0","0","0","0","0","0","0","0","0","0","0","0","0","0","0","0","0","0","0","0","1","0","0","0","0","0","0","0","0","0","0","0","0","0","0","0","0","2","0","0","0","0","0","0","0","0","1","0","0","0","0","0","0","0","0","0"
"s25","voters","37101","736","451","119","22","0","6","13","0","7","1","117","336","400","35","7","6","3","30","3","8","2","0","0","0","0","0","1","0","0","3","0","0","0","6","3","0","1","1","0","0","0","6","0","0","0","0","11","11","18","25","38","71","3","15","19","27","35","68","110","0","5","7","5","6","14","33","0","1","2","3","7","17","19","0","4","5","11","14","16","19","3","3","4","9","6","10","13","1","2","0","3","3","9","5","0","2","2","4","3","8","7","233","86","47","13","11","3","3","1","54","64","16","8","3","3","2","1","1","21","65","11","12","11","2","3","1","2","10","31","7","3","1","1","2","2","0","2"
"s25","voters","37103","466","294","71","19","1","4","4","0","0","0","73","210","256","15","5","5","1","22","4","4","0","0","0","0","0","3","0","2","0","3","0","3","0","0","0","0","0","1","0","0","0","1","1","0","0","3","4","7","16","17","26","49","1","10","16","21","22","37","65","0","0","3","6","6","9","17","1","0","2","3","5","9","10","0","2","4","5","4","7","10","0","1","4","7","15","4","10","0","0","0","4","1","5","5","0","2","1","2","1","3","4","150","59","30","8","7","1","5","5","29","36","12","8","1","4","0","1","0","9","33","7","9","6","5","0","0","0","13","20","2","2","1","0","0","0","0","3"
"s25","voters","37104","1099","675","159","38","2","6","6","0","10","0","203","519","580","40","15","10","3","43","5","11","5","0","0","0","0","4","1","0","0","5","0","2","0","3","1","0","0","0","1","0","1","7","0","3","2","0","11","20","27","39","61","117","2","20","29","41","66","97","145","1","3","6","9","9","28","40","0","0","1","5","4","20","33","1","2","9","14","19","23","45","1","3","9","6","18","22","31","0","3","3","5","2","8","14","0","1","2","5","7","7","5","369","104","83","11","15","3","17","5","68","75","29","19","7","4","1","2","1","21","96","25","20","13","6","1","6","1","35","50","4","1","2","0","0","1","0","4"
"s25","voters","37111","465","297","72","16","0","2","2","0","0","0","76","220","245","16","3","5","1","20","4","4","0","0","0","0","0","4","0","1","0","6","1","2","0","3","0","0","1","2","1","0","0","2","0","3","0","0","7","7","13","18","20","56","0","8","9","20","24","43","72","0","2","0","5","8","10","23","0","1","1","4","2","6","10","1","2","2","5","5","10","14","1","2","2","3","7","11","11","0","1","0","1","3","2","5","0","0","0","1","0","4","3","164","48","34","9","6","2","1","1","32","35","9","9","2","7","1","0","1","8","36","8","12","5","3","1","2","1","8","9","5","3","1","0","0","0","1","1"
"s25","voters","37114","1511","1010","178","45","6","7","8","2","7","2","246","694","817","65","6","6","9","88","8","14","5","1","1","0","0","5","1","0","0","12","1","6","0","4","0","2","0","1","0","0","0","7","0","1","0","3","20","25","48","54","80","180","2","32","46","68","85","128","239","0","3","6","8","12","22","41","0","3","3","7","9","23","41","0","10","8","22","28","27","52","1","4","8","9","19","27","31","2","3","2","7","5","12","14","1","4","1","2","5","6","13","525","154","128","38","24","7","17","6","111","75","23","18","12","7","2","3","2","36","131","30","26","13","5","1","4","5","31","45","10","6","3","1","0","1","0","11"
"s25","voters","37116","180","117","21","7","0","0","3","0","1","0","31","76","104","52","3","10","1","2","0","0","0","3","0","0","0","0","0","0","0","0","0","0","0","0","0","0","0","0","0","0","0","3","0","0","0","0","3","5","2","3","13","17","1","11","16","6","13","11","16","0","0","1","3","2","7","1","0","1","0","0","1","2","3","2","2","2","1","2","3","4","0","3","1","4","1","5","1","0","0","0","1","0","0","2","0","1","0","0","2","3","2","60","20","14","3","4","0","1","3","12","12","2","4","0","0","1","1","0","1","14","8","7","1","0","0","0","0","1","9","1","1","0","0","0","0","0","0"
"s25","voters","37134","5","4","0","0","0","0","0","0","0","0","1","2","3","1","0","0","0","0","0","0","0","0","0","0","0","0","0","0","0","0","0","0","0","0","0","0","0","0","0","0","0","0","0","0","0","0","0","0","2","0","0","0","0","0","0","2","0","0","0","0","0","0","0","0","0","0","0","0","0","0","0","0","0","0","0","0","0","0","0","0","0","0","0","1","0","0","0","0","0","0","0","0","0","0","0","0","0","0","0","0","0","4","0","0","0","0","0","0","0","0","0","0","0","0","0","0","0","0","0","1","0","0","0","0","0","0","0","0","0","0","0","0","0","0","0","0","0"
"s25","voters","37136","751","486","94","24","2","5","6","0","1","1","132","353","398","33","5","3","2","25","5","5","3","3","0","0","0","6","0","1","1","4","1","5","0","2","0","2","0","1","0","1","0","2","1","1","0","1","13","15","12","35","37","88","0","11","15","32","51","61","115","0","0","0","6","3","18","26","0","1","2","0","5","13","20","1","2","6","10","15","19","30","1","3","2","3","9","12","19","0","2","0","2","0","2","10","0","1","0","0","4","7","11","249","80","54","19","19","6","7","4","48","48","19","7","2","1","0","1","3","13","61","18","12","10","8","5","2","1","15","21","9","4","4","0","0","0","0","1"
"s25","voters","37207","349","239","37","8","0","1","1","0","6","0","57","170","179","10","1","1","1","16","0","3","1","0","0","0","0","5","2","0","0","3","1","3","0","0","0","0","0","1","1","0","0","2","0","0","1","1","5","8","14","15","15","42","1","6","9","16","20","30","57","0","2","0","5","3","5","6","0","1","0","3","3","3","6","0","1","4","1","8","7","16","1","3","2","2","2","3","7","0","0","1","2","3","1","5","0","0","0","1","1","1","1","119","36","31","6","12","2","1","2","30","22","4","0","2","1","1","0","1","6","28","7","5","5","2","3","1","1","5","13","1","2","0","0","0","0","0","0"
"s25","voters","37301","225","98","78","6","0","1","0","0","4","0","38","110","115","32","11","15","2","5","1","2","1","0","0","0","0","0","0","0","0","0","1","1","0","0","0","0","0","0","0","0","0","2","5","0","0","0","4","6","6","0","11","15","1","12","13","7","4","7","12","1","2","7","3","6","13","11","0","1","9","2","4","10","9","0","1","8","1","0","3","5","1","5","2","1","3","6","2","0","1","0","0","1","3","2","0","1","1","2","0","0","0","50","21","16","1","2","0","0","0","8","36","16","11","2","1","0","4","3","5","24","4","1","5","1","0","2","0","1","5","5","1","0","0","0","0","0","0"
"s25","voters","37307","18","7","5","0","0","0","1","0","0","0","5","11","7","3","0","1","0","0","0","0","0","1","0","0","0","0","0","0","0","0","0","0","0","0","0","0","0","0","0","0","0","0","0","0","0","0","0","0","1","2","0","1","0","0","0","1","0","0","2","0","0","0","1","0","1","2","0","0","0","0","0","0","1","0","0","1","0","0","1","1","0","0","0","1","0","0","1","0","0","0","0","0","0","0","0","0","0","0","0","0","1","7","0","0","0","0","0","0","0","0","3","1","0","0","0","0","0","0","1","1","0","1","0","1","0","1","0","1","1","0","0","0","0","0","0","0","0"
"s25","voters","37340","950","542","167","40","1","11","11","0","7","0","171","447","503","47","19","16","6","38","4","6","7","1","0","0","0","1","0","1","0","4","1","1","1","1","2","3","0","1","0","0","0","3","2","1","0","0","4","18","16","22","43","108","1","12","42","42","37","69","128","0","3","7","18","9","18","42","0","3","7","7","9","15","29","2","10","11","14","12","20","34","0","6","7","5","12","19","19","0","0","3","8","4","8","13","0","3","2","4","3","11","11","266","89","64","28","21","1","6","3","64","84","27","20","4","5","1","2","1","23","87","28","18","12","3","0","4","1","18","48","11","4","2","0","2","1","0","2"
"s25","voters","37341","624","329","150","29","1","3","0","0","10","0","102","302","322","26","5","3","5","30","8","4","3","3","0","0","0","1","0","3","0","3","1","0","0","4","0","0","0","0","2","0","0","0","2","0","0","0","1","10","18","15","26","75","0","4","14","25","29","25","87","0","3","7","11","14","16","26","0","4","7","7","10","18","27","0","2","6","6","8","10","28","0","0","1","4","10","10","17","0","2","1","0","2","6","9","1","0","3","1","5","2","11","156","60","36","12","15","4","7","2","37","83","17","17","10","9","2","0","0","12","45","9","17","6","6","2","2","3","12","20","7","6","2","1","1","0","1","5"
"s25","voters","37370","421","271","58","15","1","0","1","0","2","1","72","200","221","5","0","1","1","24","0","3","1","2","0","0","0","0","0","0","0","8","1","1","0","1","0","2","0","2","0","0","0","1","0","0","0","1","4","6","13","18","24","47","0","11","8","24","22","31","62","1","1","3","0","4","9","18","0","0","0","1","2","3","16","0","4","2","3","5","9","17","0","2","2","3","12","5","8","0","0","2","0","2","4","3","0","2","0","1","3","1","2","152","43","36","7","8","1","2","0","22","33","7","8","1","2","0","0","0","7","37","6","8","5","2","0","2","0","12","7","8","3","1","0","0","1","0","0"
"s25","voters","37371","237","152","30","5","0","0","2","0","1","0","47","112","125","6","1","7","0","11","0","2","0","0","0","0","0","2","0","0","0","2","0","1","0","4","0","2","0","0","0","0","0","1","0","0","0","0","1","11","11","6","9","27","0","6","9","17","5","18","32","0","0","0","1","1","2","11","1","0","1","2","1","2","8","0","0","0","2","4","10","9","1","0","3","5","3","5","5","0","0","3","2","0","0","2","0","0","1","0","0","0","0","90","20","23","1","3","1","2","1","11","12","3","4","0","1","3","0","0","7","23","4","8","5","3","0","1","1","2","6","1","0","1","0","0","0","0","0"
"s25","voters","37383","375","247","38","6","0","4","5","0","4","0","71","173","202","10","1","2","0","21","3","2","0","3","0","0","0","1","0","1","0","6","0","0","0","5","0","2","0","0","0","0","0","1","0","0","0","2","3","7","10","15","21","51","0","8","10","15","17","31","57","0","0","0","1","1","2","16","0","2","1","0","1","4","10","0","2","1","5","5","11","10","1","0","3","4","8","5","16","0","0","1","2","0","0","7","0","0","1","1","2","1","4","123","36","38","11","7","1","4","6","21","20","3","2","1","1","0","0","0","11","40","6","9","2","3","1","1","2","7","11","1","0","1","0","0","0","0","6"
"s25","voters","37386","13","5","5","0","0","0","0","0","0","0","3","5","8","0","0","1","0","0","0","0","0","0","0","0","0","0","0","0","0","0","0","0","0","0","0","0","0","0","0","0","0","0","0","0","0","0","1","0","0","0","0","1","0","0","0","1","1","0","1","0","0","0","0","0","0","1","0","0","0","1","0","2","1","0","0","0","1","0","1","0","0","0","1","0","0","0","0","0","0","0","0","0","0","0","0","0","0","0","0","0","0","4","0","1","0","0","0","0","0","0","3","1","0","0","0","0","0","1","0","1","0","0","0","0","0","0","0","2","0","0","0","0","0","0","0","0","0"
"s25","voters","37401","647","382","111","11","0","5","5","0","1","0","132","313","334","17","4","10","0","26","3","7","0","4","1","1","0","6","0","0","0","17","3","10","0","12","0","11","0","1","0","0","0","1","0","1","0","1","13","12","14","24","40","50","0","13","14","24","42","61","74","1","6","3","9","11","11","25","0","0","2","2","10","9","22","0","6","7","10","26","21","12","0","3","7","8","7","14","11","0","0","4","0","1","2","4","0","2","0","0","2","2","5","205","71","33","9","6","1","6","2","49","50","13","8","7","3","1","2","1","26","77","14","13","7","1","2","5","1","12","8","6","5","0","1","1","0","0","1"
"s25","voters","37402","1038","708","98","22","1","8","7","0","2","0","192","470","568","29","4","6","1","50","8","17","4","9","1","1","0","6","1","0","0","32","4","17","5","18","6","11","0","4","0","1","1","5","2","1","0","1","24","18","43","52","61","97","2","28","31","61","67","92","131","1","2","1","4","10","9","21","1","3","2","3","11","8","22","2","6","8","17","24","32","19","1","7","6","18","21","22","9","0","4","2","1","2","7","2","1","4","1","4","3","4","5","385","119","76","19","13","2","11","5","78","48","15","9","1","1","0","1","0","23","100","26","23","10","8","2","7","4","12","26","7","1","2","1","0","1","0","2"
"s25","voters","37410","777","525","68","16","0","8","2","0","3","0","155","380","397","8","1","6","0","58","2","7","0","2","1","0","0","6","0","0","0","25","1","12","1","12","0","5","0","2","0","1","0","0","0","0","0","0","15","9","25","44","53","77","1","24","13","31","55","61","117","0","2","2","3","8","9","19","0","0","2","1","1","6","15","2","9","9","11","18","26","29","0","2","3","8","12","13","13","0","1","0","0","2","3","4","0","1","4","2","6","4","2","277","84","55","18","1","2","11","3","74","35","10","7","3","2","0","0","0","11","74","17","18","13","6","1","4","1","21","18","5","4","1","0","0","0","0","1"
"s25","voters","37430","156","93","26","1","0","0","1","0","0","0","35","80","76","6","0","2","0","7","3","3","1","0","0","1","0","1","0","0","0","6","2","3","0","0","0","0","0","0","0","0","0","0","0","0","0","0","1","2","6","4","5","20","0","0","5","9","7","9","25","0","0","1","4","4","0","7","0","1","1","1","3","0","4","0","0","3","4","6","6","5","0","1","1","3","3","1","2","0","0","0","0","0","0","2","0","0","0","0","0","0","0","51","16","10","2","4","1","0","0","9","18","1","4","1","0","0","0","0","2","24","3","2","2","1","0","2","0","1","1","0","1","0","0","0","0","0","0"
"s25","voters","37500","11","7","2","0","0","0","0","0","0","0","2","6","5","1","0","0","0","0","0","0","0","0","0","0","0","0","0","0","0","0","0","0","0","0","0","0","0","0","0","0","0","0","0","0","0","0","0","1","0","0","1","1","0","0","0","0","0","3","1","0","0","0","0","0","0","1","0","0","0","0","0","0","1","0","0","0","1","0","1","0","0","0","0","0","0","0","0","0","0","0","0","0","0","0","0","0","0","0","0","0","0","1","3","2","0","1","0","0","0","0","1","0","0","0","0","0","0","0","1","0","2","0","0","0","0","0","0","0","0","0","0","0","0","0","0","0","0"
"s25","voters","37602","377","231","50","12","0","2","4","0","1","0","77","184","193","14","1","5","0","17","1","1","1","4","0","2","0","0","0","0","0","21","0","6","2","9","1","6","0","2","0","0","0","1","0","0","0","1","8","5","13","17","19","30","2","10","13","25","32","20","36","0","0","1","1","2","12","14","0","0","0","0","1","7","12","0","1","4","14","11","10","10","0","4","4","7","4","4","4","0","0","0","1","3","2","5","0","0","1","0","0","4","3","106","51","23","8","6","3","2","1","31","27","5","8","2","1","0","0","0","7","39","19","7","5","1","0","0","0","6","9","6","3","0","0","0","0","0","1"
"s25","voters","37603","23","15","3","0","0","0","0","0","1","0","4","8","15","1","0","0","0","0","0","1","0","0","0","0","0","0","0","0","0","2","0","1","0","0","2","0","0","0","0","0","0","2","0","0","1","0","0","0","0","1","0","4","0","1","0","2","2","0","5","0","0","0","1","0","0","1","0","0","0","1","0","0","0","0","0","0","0","0","0","0","0","2","0","0","1","0","1","0","0","0","0","1","0","0","0","0","0","0","0","0","0","5","5","1","0","0","0","1","0","3","3","0","0","0","0","0","0","0","0","1","1","1","0","0","0","0","0","1","0","0","1","0","0","0","0","0","0"
"s25","voters","37913","4","3","0","0","0","0","0","0","0","0","1","3","1","0","0","0","0","0","0","1","0","0","0","0","0","0","0","0","0","0","0","0","0","0","0","0","0","0","0","0","0","0","0","0","0","0","0","0","0","1","1","0","0","0","0","0","0","1","0","0","0","0","0","0","0","0","0","0","0","0","0","0","0","0","0","0","0","1","0","0","0","0","0","0","0","0","0","0","0","0","0","0","0","0","0","0","0","0","0","0","0","1","0","0","0","0","0","0","0","2","0","0","0","0","0","0","0","0","0","1","0","0","0","0","0","0","0","0","0","0","0","0","0","0","0","0","0"
"s25","voters","38001","544","261","144","17","1","1","8","0","0","0","112","251","293","5","5","3","1","11","6","3","2","3","0","1","0","5","0","0","0","11","8","18","0","1","1","6","0","0","0","0","0","1","0","0","1","0","8","8","9","9","23","47","1","10","15","9","19","38","65","0","2","1","4","2","12","51","0","0","1","7","3","18","43","0","7","3","9","8","15","22","0","5","1","5","9","16","12","0","1","1","0","2","4","3","0","1","0","2","2","4","7","135","39","32","12","6","1","5","1","30","73","17","14","8","8","0","1","3","20","61","13","11","6","2","1","4","2","12","17","5","3","0","2","0","0","0","0"
"s25","voters","38002","536","297","113","12","0","3","2","0","1","1","107","249","287","9","5","0","1","32","3","12","1","0","0","0","0","1","0","0","0","10","0","2","0","1","3","0","0","1","0","0","0","0","0","0","0","1","11","5","12","20","23","51","2","12","10","20","34","43","53","0","2","1","6","5","14","25","0","3","1","6","7","15","28","1","5","8","6","15","16","15","0","2","4","9","14","6","6","0","1","0","0","0","1","5","0","1","1","1","1","4","4","161","58","27","9","11","0","0","0","31","63","18","7","2","4","0","0","2","17","54","15","7","8","3","4","2","2","12","11","4","0","1","0","0","0","0","3"
"s25","voters","38003","234","100","54","9","0","0","2","0","2","0","67","108","126","1","7","1","0","10","4","4","1","0","0","0","0","3","0","0","0","2","0","3","0","0","0","2","0","0","0","0","0","0","0","0","0","0","0","8","6","2","9","12","3","4","9","4","7","17","19","0","2","1","2","0","6","16","0","0","1","0","4","8","14","1","5","1","0","6","12","10","0","7","1","2","6","7","9","0","0","1","1","1","3","3","0","1","0","0","0","0","3","56","14","7","4","4","2","0","1","12","29","5","4","1","3","0","2","1","9","38","6","12","5","2","0","0","1","3","8","2","2","0","0","1","0","0","0"
"s25","voters","38004","255","142","55","11","0","0","1","0","0","0","46","119","136","6","0","0","0","11","5","3","0","0","0","0","0","0","0","0","0","1","0","4","0","3","0","1","0","0","0","0","0","4","0","2","2","0","3","5","2","9","15","23","0","11","8","5","12","25","24","0","1","1","2","3","6","16","0","0","1","0","4","8","13","0","1","2","3","3","4","14","0","2","1","2","5","2","7","0","0","2","0","0","1","3","0","2","0","0","0","3","1","86","19","9","6","3","3","1","1","14","29","7","4","0","2","1","1","0","11","24","8","5","1","1","1","0","0","6","9","1","1","0","0","0","1","0","0"
"s25","voters","38006","491","259","103","11","2","2","1","0","2","0","111","227","264","9","1","6","2","36","4","9","0","1","0","2","0","4","0","1","0","8","0","1","0","1","1","3","0","0","0","0","0","0","0","0","1","0","6","4","11","19","25","38","1","12","4","19","23","29","68","0","2","4","4","3","13","29","0","1","4","4","1","13","25","0","3","9","9","8","9","23","1","1","3","4","7","19","15","0","0","0","0","0","3","5","0","1","1","0","3","1","4","131","63","29","9","2","2","4","0","19","50","14","7","2","5","0","1","3","21","56","18","12","5","5","1","3","1","10","14","3","1","0","0","0","0","0","0"
"s25","voters","38012","495","259","104","22","0","3","2","0","0","2","103","228","267","5","1","1","1","12","4","6","3","0","0","0","0","0","1","1","0","4","3","3","0","12","1","2","0","1","0","0","0","0","0","0","0","1","4","8","14","8","25","45","0","11","7","17","22","36","61","0","2","1","6","6","11","31","0","0","3","3","8","10","23","0","4","3","6","6","9","26","1","6","5","5","8","13","11","0","0","0","2","0","3","7","0","1","2","1","3","4","6","133","43","25","14","8","2","4","1","29","55","8","9","6","4","1","1","1","19","54","17","12","3","2","2","2","1","10","19","4","4","0","0","0","0","0","2"
"s25","voters","39001","1179","771","157","25","0","10","9","0","2","0","205","536","643","6","4","4","0","76","13","18","1","3","0","0","0","5","1","1","0","22","3","7","0","12","5","5","1","4","0","2","0","2","0","0","0","1","12","13","27","37","45","184","3","15","20","39","43","66","266","0","3","1","3","5","18","50","0","2","3","3","3","13","53","0","4","3","8","24","21","51","0","4","5","9","16","28","32","0","1","0","3","2","5","15","1","0","0","3","1","6","9","402","138","85","36","18","9","13","3","67","81","23","8","3","6","2","2","4","28","103","30","31","9","8","0","1","1","22","31","7","1","2","0","0","0","0","5"
"s25","voters","39005","1246","689","217","39","1","7","13","0","2","0","278","623","623","5","4","8","0","78","11","22","5","1","0","1","0","3","0","1","0","22","4","7","4","5","3","7","3","1","0","0","0","2","1","2","0","2","22","26","30","44","57","118","2","18","24","36","57","89","164","0","5","7","9","11","28","60","0","2","3","5","7","16","64","0","9","8","13","24","51","63","0","7","7","9","19","37","31","1","5","1","2","6","6","15","0","3","1","1","2","7","12","364","126","92","15","12","2","7","5","66","109","22","22","6","3","1","3","2","49","126","53","24","18","5","4","8","0","40","44","13","3","1","0","0","0","0","1"
"s25","voters","40001","1131","838","74","25","4","6","3","0","9","0","172","456","675","382","31","81","18","10","0","2","0","4","1","0","0","6","1","0","0","7","1","5","1","11","0","1","1","5","0","0","0","9","2","4","1","6","40","51","37","36","72","70","14","84","100","79","60","84","105","0","4","8","4","6","3","13","0","2","6","7","4","6","11","0","13","20","13","19","8","12","3","18","15","22","8","13","8","0","7","3","3","2","1","5","0","6","3","2","4","7","4","485","133","100","26","18","1","8","5","62","46","10","5","0","0","1","3","0","9","103","28","19","3","1","4","4","1","9","28","8","6","1","1","0","0","0","3"
"s25","voters","40003","1307","952","68","33","13","12","7","0","9","0","213","509","798","317","17","69","22","1","1","0","0","5","2","1","0","3","1","1","1","19","3","12","0","27","3","8","3","4","2","1","1","10","1","0","1","3","42","65","47","33","69","85","7","65","127","84","89","85","151","0","5","6","2","1","3","11","0","1","6","8","9","3","13","2","9","18","13","21","21","17","3","19","19","18","17","16","20","0","3","6","9","5","6","7","0","8","4","8","7","8","3","532","145","120","30","19","4","7","6","89","50","8","3","0","1","0","0","0","6","127","24","17","10","10","3","3","4","15","51","8","5","2","0","2","1","0","5"
"s25","voters","40007","1008","730","62","19","6","4","4","0","6","0","177","414","594","225","15","41","8","13","4","4","0","7","0","2","0","1","0","2","0","30","6","17","3","30","2","4","1","3","1","0","0","3","0","1","0","4","22","39","42","40","60","69","1","60","80","70","51","77","115","1","1","5","10","5","4","9","0","1","3","6","3","5","9","1","11","18","17","13","10","17","2","12","14","14","16","16","16","0","0","5","2","1","2","6","1","2","3","5","3","7","2","383","126","74","29","22","8","17","4","67","45","9","3","0","2","0","0","1","2","99","26","15","9","7","1","2","1","17","25","9","3","0","0","0","0","0","2"
"s25","voters","40015","950","687","61","15","8","8","4","0","7","1","159","398","552","237","16","49","12","10","2","2","3","3","4","0","1","2","0","1","0","14","3","9","1","12","0","2","1","3","0","1","0","9","3","3","0","2","20","44","40","39","48","75","4","51","75","61","57","60","111","0","2","5","6","6","9","9","0","0","2","9","2","8","3","0","8","18","10","12","12","12","3","13","14","15","19","10","13","0","3","2","3","4","4","5","0","5","1","3","4","4","5","364","111","87","22","19","4","15","0","65","32","12","4","2","1","0","0","1","9","95","11","18","8","10","1","2","1","13","21","9","5","2","0","0","2","0","4"
"s25","voters","44001","579","380","70","12","3","2","5","0","4","0","103","270","309","32","11","6","3","23","2","2","1","3","0","2","0","5","0","0","0","19","6","13","1","16","0","4","0","0","2","1","0","1","0","0","0","1","20","12","15","33","33","45","1","23","9","25","50","55","58","1","1","2","1","9","8","12","0","2","0","0","9","11","14","0","3","6","9","20","10","11","0","1","4","11","10","11","7","0","1","1","1","4","5","6","0","1","0","2","2","2","1","203","62","39","14","9","1","6","4","42","30","8","8","2","1","0","0","0","21","55","17","9","5","2","1","3","3","8","14","4","4","1","1","0","0","1","1"
"s25","voters","44002","762","511","74","21","2","6","7","0","6","0","135","362","400","38","2","7","5","36","4","3","2","4","0","0","0","6","0","2","0","16","6","12","3","24","0","8","2","6","3","1","0","5","0","0","0","2","23","14","30","42","47","59","1","24","24","50","57","54","84","1","1","2","8","10","10","13","0","0","0","6","6","8","9","0","1","7","16","22","11","21","1","3","4","14","19","5","11","0","0","0","4","4","5","9","0","2","0","4","3","5","6","293","61","58","19","12","5","6","4","53","42","13","3","0","0","1","3","3","9","75","19","12","8","6","1","5","2","7","26","3","8","2","1","0","0","1","1"
"s25","voters","44003","678","463","56","25","1","10","4","0","3","0","116","298","380","175","21","33","12","9","2","1","1","0","0","1","1","2","0","1","0","20","4","9","1","7","4","5","0","6","0","0","0","15","0","5","0","1","12","55","42","25","26","35","1","20","69","60","26","33","58","0","0","4","9","3","7","5","0","0","5","4","6","7","6","1","9","24","9","5","9","5","0","6","14","13","12","2","7","0","0","4","2","0","4","2","0","1","8","5","9","4","4","275","87","31","10","10","4","5","5","36","42","7","3","2","2","0","0","0","0","78","14","9","6","3","1","0","0","5","35","2","4","0","1","0","0","0","1"
"s25","voters","44004","583","421","32","10","2","10","2","0","5","0","101","230","353","143","9","43","11","10","1","1","0","1","0","2","0","3","0","1","0","6","4","6","0","5","0","1","1","1","0","0","1","4","0","0","0","1","12","23","29","22","25","39","3","19","51","43","31","46","77","0","0","3","1","3","7","2","0","1","2","4","3","3","3","0","8","11","10","9","6","7","1","14","9","11","4","6","5","0","2","1","3","0","4","2","1","3","4","3","3","1","2","233","64","44","10","12","3","6","3","46","20","3","3","0","0","0","1","0","5","70","8","8","6","1","2","2","0","4","15","2","8","3","0","0","1","0","0"
"s25","voters","44007","372","260","34","6","0","0","3","0","2","0","67","178","194","23","2","4","1","13","1","2","1","2","0","0","0","3","1","1","0","12","2","4","1","8","0","4","0","0","0","0","0","6","0","2","0","0","9","6","19","21","23","34","2","11","12","19","40","22","42","0","2","1","2","5","7","3","0","0","0","2","2","7","3","0","4","6","4","10","11","6","0","3","3","5","9","4","2","0","0","0","1","0","1","3","1","1","0","1","1","0","2","158","37","17","9","6","2","1","3","27","21","2","4","0","3","0","1","0","3","36","12","2","1","5","1","0","1","9","4","2","1","1","0","1","0","0","2"
"s25","voters","44008","1076","727","77","17","0","9","5","0","3","0","238","511","565","25","1","2","3","59","4","16","3","7","0","1","0","7","2","4","0","26","5","21","2","13","0","6","1","5","0","0","0","3","0","1","0","1","25","22","33","58","78","109","4","37","20","61","83","80","116","0","1","5","5","3","10","19","0","0","5","4","2","7","16","3","13","6","21","36","27","28","0","12","5","17","23","23","24","0","0","3","0","2","2","1","0","3","2","1","6","10","4","391","109","78","26","17","4","9","6","87","39","9","6","3","1","1","3","3","12","113","35","25","17","13","3","6","3","23","24","2","4","1","1","0","1","0","1"
"s25","voters","44010","1217","777","137","26","2","6","3","0","8","0","258","551","666","50","6","12","4","68","7","18","3","0","1","3","0","5","0","1","0","60","6","19","1","33","1","11","0","4","1","2","2","4","0","2","0","4","25","50","50","59","49","87","5","36","66","54","83","97","112","0","6","7","8","8","16","28","0","3","7","6","13","11","24","0","4","13","22","33","33","33","3","5","18","21","32","16","25","1","4","1","2","4","2","2","0","2","6","4","9","5","3","453","120","71","23","11","10","13","6","70","82","20","6","0","8","0","2","1","18","143","39","21","14","8","8","4","1","20","34","6","0","2","1","0","1","0","1"
"s25","voters","44013","1278","849","140","26","2","8","3","0","8","0","242","555","723","64","13","12","2","49","6","12","2","5","0","6","0","10","2","2","0","38","5","21","3","19","2","4","0","6","3","2","0","6","0","2","1","2","14","70","63","62","49","77","3","25","95","90","77","79","143","0","3","5","5","9","13","27","0","2","3","9","12","14","38","1","8","19","26","32","26","19","1","6","19","19","29","20","17","2","2","4","5","2","4","6","0","1","2","2","4","6","7","536","136","76","23","6","2","7","6","57","77","21","9","7","3","1","2","1","19","147","34","21","9","5","2","4","3","17","34","5","5","1","0","0","1","0","1"
"s25","voters","44037","87","61","4","0","0","2","0","0","0","0","20","35","52","0","0","1","0","3","0","0","0","4","0","1","0","0","0","1","0","10","0","3","0","5","0","0","0","2","0","2","0","2","0","0","0","0","0","11","9","1","0","1","0","0","15","13","6","2","3","0","0","0","2","1","0","0","0","0","0","0","1","0","0","0","0","5","2","1","1","0","0","1","9","1","0","0","0","0","0","0","0","0","0","1","0","0","0","1","0","0","0","61","0","0","0","0","0","0","0","0","4","0","0","0","0","0","0","0","0","20","0","0","0","0","0","0","0","0","2","0","0","0","0","0","0","0","0"
"s25","voters","44042","19","15","2","0","0","0","0","0","1","0","1","8","11","0","0","0","0","1","0","0","0","0","0","0","0","1","0","0","0","1","0","0","0","0","0","0","0","0","0","0","0","0","0","0","0","0","0","0","0","1","3","1","0","0","0","1","3","2","4","0","0","0","1","0","0","0","0","0","0","1","0","0","0","0","0","0","0","1","0","0","0","0","0","0","0","0","0","0","0","0","0","0","1","0","0","0","0","0","0","0","0","8","0","1","0","0","0","0","1","5","1","1","0","0","0","0","0","0","0","0","0","1","0","0","0","0","0","0","1","0","0","0","0","0","0","0","0"
"s25","voters","44043","0","0","0","0","0","0","0","0","0","0","0","0","0","0","0","0","0","0","0","0","0","0","0","0","0","0","0","0","0","0","0","0","0","0","0","0","0","0","0","0","0","0","0","0","0","0","0","0","0","0","0","0","0","0","0","0","0","0","0","0","0","0","0","0","0","0","0","0","0","0","0","0","0","0","0","0","0","0","0","0","0","0","0","0","0","0","0","0","0","0","0","0","0","0","0","0","0","0","0","0","0","0","0","0","0","0","0","0","0","0","0","0","0","0","0","0","0","0","0","0","0","0","0","0","0","0","0","0","0","0","0","0","0","0","0","0","0"
"s25","voters","46001","1147","780","141","25","3","15","6","0","8","0","169","503","644","292","37","67","24","22","2","5","1","0","0","0","0","5","2","2","1","19","10","9","0","12","0","3","0","2","0","0","0","15","4","1","1","4","25","56","34","33","55","97","2","46","86","58","56","87","141","0","2","7","11","12","19","31","1","1","5","4","14","17","17","1","10","18","17","7","18","20","1","8","11","21","10","12","15","0","2","4","3","4","6","7","1","4","5","1","7","6","7","440","117","83","24","21","7","11","1","76","81","17","17","4","2","0","0","3","17","93","20","23","9","6","2","2","2","12","37","9","7","1","1","0","2","0","0"
"s25","voters","46002","1091","737","100","24","9","12","8","0","3","0","198","480","611","355","31","92","19","13","2","2","1","2","2","0","0","5","0","1","0","9","5","8","0","10","0","6","1","4","0","3","0","14","1","2","0","1","26","48","45","32","65","90","6","48","74","53","64","85","100","0","4","7","6","5","11","19","0","3","3","7","8","13","14","2","8","15","14","22","10","22","0","12","22","12","16","12","31","0","2","6","5","2","8","5","1","4","7","1","4","5","6","412","115","73","17","27","2","13","2","76","63","13","7","0","6","0","0","1","10","105","35","19","11","9","1","4","0","14","38","6","5","1","2","1","1","0","2"
"s25","voters","46005","846","582","90","16","2","11","5","0","6","0","134","382","464","223","26","55","16","14","4","1","1","2","0","0","0","4","1","1","0","12","0","4","1","11","0","5","0","8","1","3","1","9","2","1","0","0","20","72","47","27","28","47","1","44","82","50","53","49","62","0","4","3","9","11","12","16","1","1","1","5","6","8","13","1","9","15","17","4","8","9","1","14","13","11","7","14","11","0","4","5","2","4","3","5","0","3","3","1","2","6","2","359","85","75","9","9","4","4","0","37","58","7","6","3","4","0","0","0","12","82","17","13","6","9","1","1","0","5","29","5","4","1","0","1","0","0","0"
"s25","voters","46006","1468","946","165","41","5","12","14","0","3","0","282","690","778","136","20","37","6","43","7","7","4","11","2","1","1","3","0","1","0","66","4","30","3","25","1","9","2","9","4","1","0","27","7","2","2","0","21","106","91","58","49","81","4","33","140","108","79","68","108","0","4","13","16","10","18","28","0","2","10","5","10","17","32","0","8","41","36","28","19","20","1","4","38","29","20","20","18","1","1","8","9","11","6","7","0","1","3","7","6","7","8","614","141","62","23","23","6","9","4","64","109","22","7","3","4","2","3","1","14","177","49","17","9","7","1","2","1","19","48","15","5","2","0","0","0","0","5"
"s25","voters","46008","1119","679","180","27","3","6","10","0","5","0","209","540","579","60","10","13","3","33","4","10","0","4","1","2","1","3","0","0","0","25","3","12","0","12","0","2","0","8","1","2","0","11","1","4","0","4","23","30","42","53","44","92","4","45","48","52","54","65","123","0","4","5","10","14","19","44","0","3","3","7","9","20","42","0","10","17","20","28","25","28","2","4","10","5","18","17","25","0","2","4","2","5","5","10","0","1","4","1","4","2","11","391","114","61","17","8","4","8","5","71","91","22","19","6","7","0","5","0","30","110","32","18","9","14","4","3","1","18","39","7","2","1","1","0","0","0","1"
"s25","voters","46009","1347","879","157","36","4","7","6","0","9","0","249","625","722","130","21","34","10","53","9","8","0","11","0","1","0","10","0","1","0","30","1","17","1","22","1","8","3","10","5","9","2","11","3","3","0","0","17","129","61","40","54","72","2","39","156","67","67","71","104","0","4","15","11","14","19","24","0","1","7","6","7","16","33","1","13","40","32","24","19","13","1","7","34","22","14","16","13","0","2","3","6","4","2","6","0","4","9","8","5","7","6","596","141","53","23","7","6","9","6","38","104","12","13","2","5","0","2","2","17","167","32","26","8","3","2","1","0","10","46","10","4","1","0","0","1","0","0"
"s25","voters","46011","1716","1108","244","45","0","10","14","0","3","0","292","786","930","122","29","25","10","65","8","20","1","3","0","0","0","5","0","0","0","35","2","11","3","20","0","6","0","6","2","3","3","17","3","2","1","1","24","50","68","79","109","115","2","53","72","102","107","142","184","0","5","5","13","14","38","62","1","1","1","5","17","33","49","2","7","18","36","29","41","31","3","6","16","22","24","32","25","0","4","2","4","9","12","8","0","5","4","2","7","6","9","595","170","127","47","28","9","11","5","116","125","34","23","6","5","3","3","0","45","144","48","36","18","4","4","6","5","27","44","14","7","3","0","0","1","1","2"
"s25","voters","46013","2131","1319","321","65","5","13","13","2","12","0","381","997","1134","136","26","26","13","85","6","12","0","6","1","3","0","9","0","3","1","47","4","25","6","32","2","22","1","8","0","2","0","8","0","6","4","2","37","43","86","92","95","187","6","43","68","117","149","147","247","0","9","5","21","25","36","86","1","2","5","16","20","24","71","0","21","17","44","43","43","47","1","14","16","32","28","39","36","0","3","3","8","11","15","18","0","4","3","5","9","16","15","699","208","131","42","30","12","16","18","163","153","43","31","12","9","1","2","4","66","190","50","35","25","13","6","13","5","44","66","17","10","5","2","1","2","0","7"
"s25","voters","46014","761","477","114","19","0","4","3","0","2","0","142","349","412","59","8","15","2","23","7","2","3","1","1","1","1","4","0","1","0","18","2","11","0","8","1","4","0","3","0","2","0","6","3","0","1","2","9","16","29","41","24","75","3","15","22","41","48","54","98","0","2","1","6","16","13","25","0","1","1","5","15","7","22","2","6","10","11","16","13","14","1","6","12","11","11","8","21","0","0","0","3","5","5","5","0","0","1","2","5","2","0","248","85","40","24","14","1","7","1","57","56","17","13","2","2","1","0","2","21","70","24","13","8","4","3","2","0","18","17","5","2","2","1","0","0","0","1"
"s25","voters","46016","1331","872","163","33","5","10","8","0","12","0","228","615","716","160","29","29","18","35","3","12","0","8","1","0","0","8","3","0","1","18","6","16","1","11","0","2","1","4","0","0","0","9","2","5","4","3","22","60","77","60","55","87","2","28","74","92","79","95","138","0","6","7","14","12","26","31","0","1","1","7","5","23","30","4","11","16","27","25","18","21","0","8","13","27","14","24","20","0","4","4","8","4","7","6","0","3","7","5","7","4","9","478","161","87","25","22","5","14","4","76","99","22","17","7","0","0","2","0","16","131","28","20","9","8","2","3","3","24","46","10","5","1","1","0","0","0","5"
"s25","voters","46018","1588","1042","205","47","7","12","6","0","9","0","260","714","874","211","16","29","13","45","5","13","4","5","2","6","0","13","1","4","1","22","5","10","1","19","1","7","1","7","1","2","0","13","4","8","0","3","36","63","79","66","55","103","4","42","102","130","91","101","167","0","5","8","11","14","41","40","0","3","5","9","8","18","43","1","12","25","30","27","25","33","1","7","17","11","24","20","27","1","5","3","6","5","9","8","0","7","6","2","6","10","13","655","164","92","31","19","3","4","4","70","105","28","28","10","5","0","1","1","27","138","47","16","11","9","2","6","3","28","54","11","9","2","0","0","0","0","5"
"s25","voters","46019","1125","807","104","31","8","8","5","0","3","0","159","506","619","194","14","37","12","19","4","3","0","4","0","0","1","2","2","0","0","39","2","5","0","9","1","3","1","6","2","1","0","12","1","3","1","1","45","70","75","55","45","65","4","50","99","76","65","69","88","0","1","1","7","9","16","13","0","1","2","4","13","12","25","1","5","10","24","13","20","7","2","9","11","19","11","14","13","0","3","2","1","3","4","10","0","2","5","3","6","7","9","491","129","77","17","19","8","7","3","56","60","16","6","2","0","0","2","3","15","101","21","11","5","7","1","1","1","11","34","10","8","1","0","1","0","0","1"
"s25","voters","46025","882","589","112","19","2","7","0","0","3","0","150","373","509","93","15","23","7","20","1","8","1","6","0","2","0","5","3","0","0","18","8","10","2","15","0","5","0","2","0","0","0","2","1","0","0","1","18","41","42","22","39","74","2","26","49","40","36","49","150","0","1","4","6","9","10","25","0","1","4","11","5","11","25","0","8","14","7","9","11","14","1","4","15","10","14","12","31","0","1","2","2","4","2","7","1","0","1","1","3","4","3","362","100","44","13","10","3","7","1","49","62","16","12","4","2","0","2","1","13","92","20","11","9","1","1","4","0","12","21","4","2","1","1","1","1","0","0"
"s25","voters","46027","1094","696","147","38","2","3","4","0","2","0","202","521","573","89","21","20","3","38","13","10","2","4","0","3","0","3","1","4","0","29","6","15","1","10","1","10","2","3","2","0","0","6","1","3","0","0","18","49","48","38","35","102","3","21","58","61","52","66","145","0","2","2","8","9","19","43","0","2","2","9","8","17","26","0","9","21","23","28","17","23","0","3","11","14","13","16","24","0","2","3","2","1","6","13","0","2","2","1","4","8","5","400","119","64","17","11","6","12","5","62","75","21","10","5","4","2","1","1","28","116","33","20","6","8","2","4","0","13","35","7","4","1","0","0","0","1","1"
"s25","voters","46029","1278","800","189","41","1","4","3","0","4","0","236","608","670","80","22","24","2","34","9","13","3","4","0","5","0","6","2","1","0","31","3","15","2","9","0","7","2","6","0","1","0","7","1","3","0","1","19","33","65","54","67","105","3","19","52","84","76","87","135","1","8","5","11","15","21","39","0","1","5","6","12","26","39","3","9","14","30","26","24","22","0","9","5","18","21","24","31","1","1","4","5","6","6","13","0","1","0","2","3","8","3","424","130","88","30","13","7","8","5","95","98","18","27","6","3","0","1","2","34","118","35","20","20","5","3","8","2","25","29","9","5","2","2","0","1","0","5"
"s25","voters","46033","1544","923","240","50","1","13","9","0","2","0","306","709","835","68","20","18","4","58","5","19","0","4","1","0","1","16","2","2","0","41","8","29","1","11","2","8","0","4","0","0","0","12","4","3","1","0","24","29","62","69","71","125","5","31","39","84","103","111","170","0","3","7","14","13","36","56","0","4","4","14","10","23","56","0","12","17","28","43","33","26","1","10","8","39","35","20","34","0","1","2","4","9","11","14","0","3","3","8","2","8","10","478","175","89","33","26","6","14","7","95","127","36","20","7","12","2","2","1","33","145","50","36","20","7","3","7","3","35","41","11","15","1","2","1","1","1","2"
"s25","voters","46035","869","512","145","24","0","8","5","0","3","0","172","412","457","41","10","10","6","49","6","12","1","3","0","0","0","2","0","2","0","26","3","23","1","24","1","13","0","4","0","2","0","4","3","1","0","0","10","21","42","44","33","61","1","16","20","57","61","50","96","0","2","3","7","11","22","42","0","1","2","3","9","10","33","0","8","7","20","20","15","27","1","6","4","19","19","17","9","0","0","1","1","2","4","9","1","2","2","2","4","5","7","284","82","65","18","12","2","6","1","42","77","13","13","5","7","0","2","3","25","94","25","23","8","4","1","5","1","11","29","3","3","0","0","1","0","0","4"
"s25","voters","46050","263","176","31","6","0","1","0","0","1","0","48","129","134","14","0","2","1","6","0","0","0","4","0","1","0","2","0","0","0","12","2","3","0","3","0","1","0","2","0","1","0","1","0","0","0","0","1","19","21","12","12","11","0","2","43","16","12","14","13","0","0","2","4","3","2","6","0","0","3","1","1","4","5","0","1","9","5","6","8","1","0","1","2","6","4","4","1","0","0","1","4","1","0","0","0","0","0","1","0","1","0","133","30","10","1","0","1","1","0","0","23","3","1","4","0","0","0","0","0","41","6","0","1","0","0","0","0","0","7","1","0","0","0","0","0","0","0"
"s25","voters","46400","1010","622","141","34","4","7","5","0","5","1","191","452","558","58","10","16","5","28","7","3","4","7","1","5","2","13","2","3","0","80","19","32","3","22","2","7","2","5","0","3","1","12","2","0","0","0","12","34","43","45","38","68","4","20","31","51","60","80","136","0","2","2","4","5","23","37","1","2","1","5","5","16","38","1","6","16","16","19","19","32","0","4","6","11","17","24","20","0","1","0","6","6","7","10","0","3","2","3","6","4","8","383","104","47","13","7","5","5","1","57","74","21","15","4","4","1","1","2","19","108","30","14","11","5","3","4","0","16","37","8","5","1","0","0","3","0","2"
"s25","voters","46402","1664","901","273","43","1","7","8","0","2","0","429","773","891","71","16","21","3","32","5","22","0","8","10","3","1","16","3","8","0","173","69","131","17","99","5","34","2","14","2","4","2","20","8","7","1","5","37","40","42","85","99","69","2","50","57","60","138","128","89","1","8","6","9","32","62","31","0","4","7","6","40","31","36","2","9","8","29","66","67","41","4","17","11","25","59","54","37","0","5","1","0","5","7","7","0","3","3","1","7","13","9","529","147","92","32","21","3","11","4","62","138","44","40","5","6","1","4","0","35","234","55","44","20","13","2","12","8","41","37","13","7","1","0","0","0","0","3"
"s25","voters","46403","1711","954","308","41","1","11","8","0","2","0","386","787","924","74","21","16","3","54","16","16","1","14","5","7","0","21","0","8","1","86","40","89","5","43","2","28","2","8","0","4","0","21","0","6","0","6","20","46","57","70","68","128","2","35","51","72","95","104","200","0","4","5","7","21","38","81","0","3","2","9","31","29","78","2","13","19","30","51","42","47","4","11","17","27","40","31","52","0","4","2","5","2","8","11","0","1","6","2","3","10","9","538","175","89","14","19","6","11","10","92","168","34","27","8","17","0","0","2","52","214","59","31","23","7","3","10","4","35","41","11","5","1","1","0","2","0","2"
"s25","voters","47001","231","135","46","3","0","4","4","0","1","1","37","116","115","8","0","2","0","7","0","0","0","0","0","0","0","0","0","0","0","6","4","5","1","3","0","0","0","2","0","0","0","1","0","0","0","1","1","6","6","9","14","20","0","8","2","8","15","16","29","0","0","4","1","4","6","8","0","0","3","1","2","9","8","0","1","2","4","4","5","10","0","0","0","3","0","4","4","0","0","0","1","2","1","6","0","0","1","0","1","0","1","66","23","20","7","5","0","2","2","10","26","7","1","0","2","2","1","1","6","15","6","6","4","0","0","0","0","6","6","1","4","0","0","0","0","0","2"
"s25","voters","47050","576","349","108","14","2","2","3","0","2","0","96","261","315","47","11","8","3","25","3","5","0","4","0","0","0","6","0","0","1","16","8","8","2","6","1","5","0","2","0","0","0","4","0","1","0","0","1","15","25","22","19","51","0","10","24","35","35","29","83","0","6","8","5","9","3","30","0","1","0","6","11","9","20","0","4","5","15","12","13","9","0","3","2","7","12","6","8","0","0","1","1","0","4","3","0","0","3","1","2","6","2","201","58","29","9","6","0","4","1","41","55","12","11","7","1","1","2","1","18","55","11","12","4","3","1","3","0","7","17","3","0","1","0","0","0","0","2"
"s25","voters","47051","970","575","175","33","0","7","9","1","1","2","167","453","517","49","10","8","3","35","8","5","5","1","1","2","0","6","1","2","0","26","3","11","1","11","1","3","0","1","0","0","0","6","1","2","0","0","22","26","36","34","40","83","3","25","31","32","54","63","126","0","1","4","9","14","19","39","1","1","2","10","7","22","46","1","7","9","19","19","21","20","1","2","12","10","21","12","13","0","1","2","1","4","11","11","0","2","0","4","8","4","5","312","97","63","19","4","1","9","2","68","101","20","14","8","3","1","0","4","24","94","25","17","8","5","0","0","0","18","27","9","8","2","0","0","2","0","5"
"s25","voters","47108","83","50","13","4","0","1","0","0","1","0","14","46","37","6","0","0","0","0","0","2","0","0","0","0","0","1","0","0","0","0","0","0","0","0","0","4","0","0","0","0","0","0","0","0","0","0","1","2","4","7","5","8","0","1","1","4","6","4","7","0","0","1","0","3","3","2","0","1","0","0","0","1","2","0","0","2","2","2","1","1","0","0","0","0","1","2","3","0","0","0","1","0","0","1","0","0","1","0","2","0","1","35","4","2","1","1","0","0","0","7","6","3","2","0","0","0","0","0","2","10","0","1","0","1","0","0","0","2","5","1","0","0","0","0","0","0","0"
"s25","voters","47480","406","282","36","10","1","1","1","0","0","0","75","194","212","11","3","4","0","25","0","6","1","1","0","1","0","5","0","0","0","10","0","4","0","12","1","0","0","0","0","1","0","0","0","0","0","3","20","3","9","21","26","43","3","10","7","18","29","32","58","0","1","0","0","2","5","9","0","1","0","1","5","3","9","0","4","1","6","7","20","10","1","3","2","2","8","5","6","0","0","1","0","1","1","1","0","1","0","1","4","1","2","154","50","33","8","6","2","5","1","23","19","2","5","1","2","1","0","0","6","45","11","8","0","1","0","2","0","8","4","2","4","1","0","0","0","0","2"
"s25","voters","47501","1168","827","111","22","4","14","8","0","3","0","179","502","666","425","36","97","31","14","3","4","1","0","0","0","0","6","0","0","0","15","1","6","0","4","0","3","0","8","4","1","0","7","1","3","0","4","40","63","33","48","41","85","8","101","101","59","66","69","109","1","1","7","8","11","12","18","0","1","8","8","6","11","19","1","16","19","13","16","11","21","1","17","7","11","16","12","18","0","11","5","2","4","5","6","0","6","1","4","2","3","2","486","123","98","29","11","2","17","5","56","70","13","7","2","2","0","1","3","13","98","22","14","9","12","3","4","1","16","27","13","6","1","0","1","0","0","3"
"s25","voters","47502","1587","1071","205","37","2","12","6","0","5","0","249","718","869","280","27","51","14","70","3","22","0","8","0","3","1","13","0","3","0","33","7","11","0","16","3","6","1","6","1","1","0","9","0","3","0","3","17","48","61","74","80","144","2","47","89","97","109","100","200","0","3","6","13","15","28","46","1","3","3","4","12","26","45","3","3","25","28","24","33","31","3","5","17","17","19","24","17","1","0","5","5","4","9","9","0","2","3","6","3","8","7","576","174","108","32","29","8","15","7","122","100","28","27","6","8","1","1","2","32","139","32","26","17","6","3","3","2","21","48","3","7","1","1","0","1","1","0"
"s25","voters","47507","55","40","5","4","0","1","0","0","1","0","4","23","32","18","0","1","2","2","0","0","0","0","0","0","0","0","0","0","0","0","1","0","0","0","0","0","0","0","0","0","0","2","0","0","0","0","2","1","1","0","6","6","1","3","6","1","1","5","7","0","0","0","0","0","2","2","0","0","0","0","0","0","1","0","0","0","0","0","0","1","0","2","0","0","1","0","0","0","0","0","0","0","1","1","0","1","0","1","2","0","0","21","3","8","3","2","1","0","0","2","3","0","1","1","0","0","0","0","0","3","0","0","0","0","0","1","0","0","4","1","0","0","0","0","0","0","1"
"s25","voters","50001","845","521","102","21","3","4","3","0","7","0","184","407","438","46","17","19","7","30","3","4","2","4","1","1","1","3","0","1","0","47","13","51","3","8","1","1","1","9","1","5","0","21","2","4","1","1","5","21","33","47","52","77","1","15","29","45","61","54","80","0","2","1","3","11","9","33","0","0","1","4","7","11","20","2","3","6","24","19","19","24","1","3","7","18","21","17","20","0","0","1","1","1","8","4","0","4","3","4","1","4","7","300","89","46","16","14","1","9","2","44","52","18","10","2","3","1","0","2","14","101","31","15","10","5","0","7","3","12","23","8","3","1","0","0","0","0","3"
"s25","voters","50002","929","641","82","35","2","4","6","0","5","0","154","447","482","109","15","23","12","21","7","3","2","5","1","0","0","8","0","2","0","24","7","11","4","7","0","3","0","7","0","3","0","10","1","5","0","3","16","32","49","41","53","93","0","13","48","66","56","64","107","0","0","4","3","10","9","19","0","0","4","5","3","10","15","2","7","7","14","12","20","25","1","6","9","10","6","14","21","0","2","4","3","4","7","8","1","0","2","5","4","4","8","378","92","69","24","9","8","8","6","47","45","12","8","3","0","0","3","1","10","85","20","14","4","5","1","2","3","20","31","12","5","2","0","1","0","1","0"
"s25","voters","52014","1528","886","273","46","4","10","9","0","5","0","295","710","818","144","35","41","8","29","8","10","1","12","1","3","0","14","6","4","0","94","21","53","4","7","2","9","2","10","0","3","0","36","5","9","2","0","16","41","72","54","60","118","2","34","59","87","83","79","181","0","2","6","15","28","37","57","0","5","4","10","18","36","55","2","8","28","31","31","19","41","0","2","14","28","18","32","41","0","0","4","4","15","7","14","0","3","3","7","2","3","12","487","160","91","27","19","3","17","4","78","143","41","27","13","7","0","2","6","34","139","38","40","22","13","2","4","6","31","48","15","7","3","0","0","0","0","1"
"s25","voters","52019","1182","722","228","37","1","6","6","0","3","0","179","536","646","136","37","24","9","27","8","7","1","10","1","1","0","11","0","2","1","95","23","34","3","8","11","5","0","2","2","4","0","33","5","4","3","3","9","27","44","41","57","97","3","19","38","65","61","82","176","0","7","4","10","14","21","60","0","1","6","10","16","28","51","1","4","10","17","26","13","39","0","6","7","13","14","14","15","0","1","2","2","7","9","11","0","1","1","2","6","7","4","401","99","83","18","21","2","9","1","88","122","30","24","4","4","2","2","2","38","92","25","21","10","3","3","4","0","21","30","7","8","3","0","1","0","1","3"
"s25","voters","52021","1371","846","221","43","3","5","8","0","6","0","239","637","734","229","55","50","14","16","7","3","1","7","0","3","0","9","0","3","0","75","30","43","6","18","7","9","0","9","1","1","0","30","7","7","1","3","15","34","68","49","69","110","5","34","56","78","74","105","146","0","7","5","16","16","30","47","0","3","4","7","14","19","53","3","15","7","23","25","24","34","1","7","14","28","14","20","24","1","2","5","4","8","8","9","0","2","1","2","4","8","11","464","153","86","25","9","5","8","3","93","111","34","29","7","11","0","1","0","28","121","36","26","13","12","1","4","0","26","51","8","4","0","0","0","1","0","1"
"s25","voters","52024","652","424","98","20","1","0","3","0","5","1","100","293","359","88","20","20","7","9","0","2","0","1","0","0","0","16","1","4","0","47","10","29","2","10","3","3","0","11","1","4","0","24","8","5","2","1","8","23","25","24","23","62","2","16","29","33","35","41","102","0","3","4","7","11","7","19","0","0","0","0","8","6","33","0","5","6","10","8","11","15","0","3","5","13","5","9","10","0","1","3","2","3","6","6","0","1","1","2","1","0","4","224","72","49","17","8","3","7","2","42","50","13","13","3","1","0","3","1","14","45","17","19","4","1","2","3","0","9","16","6","5","1","0","0","1","0","1"
"s25","voters","52025","996","590","196","37","3","4","7","0","3","0","156","444","552","119","45","26","11","10","10","4","1","6","3","4","1","9","3","3","0","67","15","22","4","12","10","6","3","8","2","0","1","50","13","10","3","2","18","22","33","36","43","77","4","30","42","55","58","64","106","1","6","4","10","19","22","41","0","2","3","10","12","20","46","2","9","8","15","18","14","20","0","7","5","8","14","12","24","0","2","6","2","4","5","5","1","7","1","3","5","5","8","310","117","70","17","13","2","6","1","54","99","33","23","5","8","1","5","3","19","79","22","14","11","3","0","2","0","25","41","7","2","0","0","0","1","0","3"
"s25","voters","52028","1062","651","172","34","1","3","4","0","2","0","195","483","579","141","28","49","4","4","6","2","0","9","4","5","0","16","2","3","0","69","15","35","6","13","7","2","1","13","4","6","1","59","18","12","2","0","16","40","50","46","38","83","1","39","66","75","50","42","105","0","4","6","12","16","26","34","0","3","3","5","17","15","31","2","11","16","20","12","16","15","1","8","13","18","14","20","29","0","2","2","3","5","4","4","0","1","6","5","5","3","4","387","96","70","24","20","1","2","2","49","111","23","16","2","3","0","1","0","16","120","28","18","6","9","0","1","1","12","33","6","4","0","0","0","0","0","1"
"s25","voters","52034","82","47","13","2","0","0","0","0","2","0","18","39","43","4","0","1","0","4","0","0","0","2","0","0","0","0","0","0","0","14","7","14","0","2","0","0","0","1","0","0","0","3","0","0","0","0","2","3","6","4","2","1","0","3","4","4","11","5","2","0","0","0","0","5","2","1","0","0","0","0","4","1","0","2","1","0","2","3","1","1","0","2","0","0","4","1","1","0","1","1","0","0","1","0","0","0","0","0","1","0","0","32","5","6","0","0","0","3","1","0","8","3","1","0","0","1","0","0","0","10","2","2","0","1","0","2","1","0","4","0","0","0","0","0","0","0","0"
"s25","voters","52045","22","16","3","1","0","0","0","0","0","0","2","8","14","4","2","1","0","0","0","0","0","0","0","0","0","0","0","0","0","2","0","0","0","0","0","0","0","0","0","0","0","1","0","0","0","0","0","0","2","1","1","2","0","0","2","4","0","1","3","0","0","0","0","0","0","1","0","0","0","0","0","1","1","0","0","0","0","0","0","0","0","1","0","0","0","0","1","0","0","0","0","0","0","1","0","0","0","0","0","0","0","8","2","4","1","1","0","0","0","0","2","0","0","1","0","0","0","0","0","1","1","0","0","0","0","0","0","0","1","0","0","0","0","0","0","0","0"
"s25","voters","52048","2","2","0","0","0","0","0","0","0","0","0","2","0","0","0","0","0","1","0","0","0","0","0","0","0","0","0","0","0","0","0","0","0","0","0","0","0","0","0","0","0","0","0","0","0","0","0","1","0","0","0","1","0","0","0","0","0","0","0","0","0","0","0","0","0","0","0","0","0","0","0","0","0","0","0","0","0","0","0","0","0","0","0","0","0","0","0","0","0","0","0","0","0","0","0","0","0","0","0","0","0","2","0","0","0","0","0","0","0","0","0","0","0","0","0","0","0","0","0","0","0","0","0","0","0","0","0","0","0","0","0","0","0","0","0","0","0"
"s25","voters","53001","426","270","52","11","5","6","1","0","3","0","78","180","246","104","21","33","10","2","0","0","0","1","0","0","0","3","0","0","0","23","2","2","1","5","0","0","0","0","1","1","0","31","1","8","5","2","3","11","17","9","17","39","0","12","24","27","25","33","51","0","1","4","3","2","5","9","0","0","1","3","7","7","10","0","5","4","4","11","12","9","0","3","4","4","7","7","8","0","1","2","1","1","3","5","0","1","4","1","0","3","4","140","43","32","9","8","2","7","2","27","32","7","6","2","1","0","0","1","3","27","16","9","4","9","1","2","1","9","23","2","1","0","0","0","0","0","0"
"s25","voters","56001","977","591","139","22","7","8","8","0","3","0","199","452","525","198","38","51","18","4","0","1","0","5","2","7","1","5","0","0","0","73","22","57","7","4","2","3","0","21","10","14","2","94","17","25","4","3","12","41","48","34","51","77","1","31","41","57","43","55","97","0","2","3","8","10","20","24","1","2","5","5","11","15","33","1","7","14","13","16","15","30","0","10","13","15","19","20","26","1","1","4","5","2","4","6","1","4","3","3","3","6","5","339","95","71","17","15","1","7","1","45","84","21","16","2","1","0","1","0","14","116","24","19","13","7","4","0","0","16","30","8","6","0","1","0","2","0","1"
"s25","voters","56003","1598","1022","210","43","6","16","7","0","4","1","289","703","895","255","41","55","17","21","2","1","0","6","2","2","0","20","1","1","0","132","39","98","9","5","2","0","1","15","9","10","1","88","20","18","9","1","19","55","61","62","77","137","1","37","89","78","82","121","202","0","1","5","10","18","34","51","0","1","7","5","13","24","41","0","6","16","22","20","28","39","1","13","15","26","18","37","48","0","2","8","4","5","9","13","0","4","9","5","3","8","7","577","182","106","28","23","3","18","2","83","120","33","27","3","6","0","2","0","19","153","39","30","19","11","2","3","2","30","52","14","8","0","0","1","0","0","2"
"s25","voters","56005","1337","903","159","22","5","9","8","0","2","0","229","598","739","343","56","71","14","15","1","1","0","9","2","1","0","11","0","1","1","80","32","40","4","7","1","2","1","21","7","3","1","95","9","21","8","0","22","50","59","51","70","121","5","34","80","65","70","94","182","0","4","10","8","11","18","31","0","0","2","7","6","27","35","0","6","22","15","21","24","34","0","11","15","12","25","15","29","0","0","1","4","4","3","9","0","3","4","5","3","4","6","490","159","115","18","17","6","11","5","82","88","23","15","3","4","1","3","1","21","131","23","25","18","7","0","3","2","20","25","6","8","1","1","0","2","1","2"
"s25","voters","56008","1340","823","198","30","10","9","8","0","5","0","257","597","743","343","77","77","24","5","1","2","0","5","2","0","0","9","0","1","0","52","17","49","5","2","3","8","0","13","2","4","2","95","40","37","2","1","18","48","58","60","61","102","5","43","62","67","54","91","153","1","2","4","12","15","26","44","1","5","5","7","21","14","41","2","8","18","27","14","21","27","1","13","16","16","18","24","52","0","0","3","6","4","5","10","0","4","2","4","3","4","17","479","138","91","26","13","2","9","5","60","128","18","25","1","3","0","3","1","19","130","41","29","17","7","5","3","3","22","37","10","10","1","1","0","1","0","2"
"s25","voters","56009","1246","782","152","25","8","10","4","0","7","0","258","540","706","311","50","79","19","12","2","3","1","5","1","4","0","7","0","0","0","70","14","72","5","1","1","2","0","6","3","3","0","97","33","30","6","2","21","54","46","44","42","94","3","51","60","57","78","81","149","0","4","8","4","8","24","33","0","2","10","4","10","16","29","0","12","14","17","15","29","40","1","18","11","21","15","27","38","0","5","2","6","6","4","6","0","6","2","3","3","6","5","431","139","84","15","32","6","9","4","62","85","26","13","2","5","0","2","3","16","127","33","34","11","14","0","7","1","31","31","13","8","0","1","0","0","0","1"
"s25","voters","56012","1376","885","164","27","5","16","5","0","8","0","266","537","839","346","52","90","16","4","1","2","0","6","0","2","0","3","0","0","0","76","13","48","5","10","1","2","2","13","1","2","1","121","31","33","4","4","29","58","56","41","47","98","2","48","103","69","68","94","168","0","1","5","6","10","25","29","0","3","9","6","4","24","42","0","5","21","21","15","16","22","1","21","19","33","22","29","41","0","1","6","4","3","7","7","0","3","6","2","8","4","10","496","155","114","19","21","6","6","2","66","99","21","16","7","5","1","0","1","14","136","52","30","14","14","2","3","2","13","47","6","4","1","1","0","1","0","1"
"s25","voters","56016","1376","894","171","28","6","7","7","0","3","0","260","566","810","361","60","96","23","11","0","2","0","1","0","2","0","7","0","0","1","49","12","42","2","6","2","4","0","9","1","1","1","151","26","42","8","1","21","38","48","46","59","117","4","60","76","65","62","102","195","0","3","7","4","9","16","41","0","4","7","3","13","19","45","0","10","19","22","24","21","39","1","9","16","22","19","16","42","1","0","5","3","6","4","2","1","7","5","3","2","5","7","471","165","115","30","25","3","9","3","73","105","23","23","5","2","0","1","2","10","132","43","29","13","9","3","6","3","22","32","5","8","3","1","0","0","0","2"
"s25","voters","56020","1411","833","232","48","3","16","8","0","6","0","265","655","756","182","27","32","15","11","12","3","4","8","0","2","0","7","1","1","1","107","43","75","8","3","3","1","1","12","4","7","0","83","22","25","4","3","21","50","43","53","57","115","6","43","77","52","72","82","159","0","8","6","7","16","33","63","0","5","5","10","14","23","42","0","12","14","22","17","37","40","1","8","15","13","28","22","36","0","5","6","6","4","10","7","2","5","7","5","5","10","9","512","125","72","21","22","2","8","4","67","136","36","25","2","2","0","2","0","29","165","28","27","14","7","2","6","3","13","58","9","7","2","2","0","1","0","2"
"s25","voters","56022","1739","1084","262","39","2","6","7","0","3","0","336","773","966","190","31","55","9","28","3","3","1","13","1","2","0","12","1","0","0","204","45","125","7","9","3","0","1","24","6","8","1","70","14","17","3","4","21","52","70","76","81","139","1","46","66","87","94","124","223","1","2","9","10","20","40","55","1","2","4","11","19","28","60","4","9","13","24","26","38","51","3","9","11","26","42","36","44","0","0","1","5","7","11","4","0","4","2","3","4","9","7","574","201","103","30","22","3","10","8","133","152","32","26","7","8","0","3","3","31","162","48","37","22","11","3","6","3","44","36","10","4","3","0","0","2","2","0"
"s25","voters","56028","1426","865","190","36","8","16","4","0","3","0","304","575","851","230","39","82","18","15","8","4","0","5","3","4","1","10","2","2","0","127","35","56","9","6","2","2","0","10","4","6","0","122","24","32","9","1","23","51","41","26","63","104","2","53","77","61","59","91","213","0","2","5","15","9","27","32","0","1","5","14","14","24","42","1","7","13","21","21","34","50","3","10","20","16","20","27","61","0","2","6","2","4","7","8","0","4","6","4","6","6","12","528","139","103","14","11","2","5","1","62","121","21","17","4","5","1","0","1","20","148","37","36","18","11","6","5","2","41","48","7","10","0","1","0","0","0","1"
"s25","voters","56029","1488","960","200","39","3","11","1","0","3","0","271","667","821","236","44","36","18","15","2","3","2","9","0","4","0","7","1","3","0","173","31","108","12","10","0","1","0","22","9","12","1","100","29","18","4","3","14","65","51","71","69","121","5","53","88","75","94","88","163","1","5","5","14","12","27","43","0","5","4","11","11","25","37","1","6","18","19","20","25","39","1","10","10","21","18","24","59","0","1","3","7","7","12","8","0","2","1","1","2","5","8","536","163","118","18","20","4","9","5","87","116","34","23","5","4","1","0","1","16","134","50","28","13","4","1","6","1","34","35","14","2","2","0","0","1","0","3"
"s25","voters","56033","1507","943","223","38","3","13","4","0","3","0","280","648","859","233","57","64","18","19","4","0","0","9","3","5","0","4","0","2","0","130","43","93","9","5","3","3","2","17","11","4","1","168","38","43","12","1","25","49","61","49","54","134","3","50","70","77","67","87","216","0","5","3","16","24","24","44","0","1","9","8","16","30","43","1","8","17","27","17","21","41","0","12","20","24","27","18","47","0","3","1","3","3","6","11","0","6","4","6","3","8","7","519","183","98","18","15","5","8","8","89","143","29","18","5","5","0","5","0","18","144","49","31","18","12","2","1","2","21","38","10","8","1","0","0","0","0","4"
"s25","voters","56039","1452","961","188","28","1","6","8","0","6","0","254","638","814","237","36","59","13","18","4","3","1","4","2","4","0","13","0","3","2","100","32","52","2","5","9","2","0","25","2","6","0","123","16","21","4","4","22","40","62","61","63","133","2","43","63","84","77","98","209","0","3","5","14","16","21","37","0","2","1","12","16","19","42","2","9","13","20","26","22","37","0","5","8","25","29","29","29","0","3","2","5","2","4","12","0","0","0","3","3","6","9","520","169","109","25","19","2","12","4","101","104","22","30","6","1","0","2","3","20","129","39","27","12","5","2","5","3","32","23","15","4","1","1","1","0","0","4"
"s25","voters","56044","1531","984","204","34","3","14","2","0","8","0","282","668","863","255","48","62","13","9","3","4","3","8","1","4","0","16","1","2","0","118","29","54","2","10","0","6","0","18","3","2","0","188","40","44","10","4","23","56","62","56","64","120","4","52","104","95","81","86","177","1","1","3","13","18","22","49","0","2","5","4","13","22","51","0","6","19","31","30","20","34","1","10","17","30","24","21","39","0","2","7","3","6","9","9","0","4","2","3","4","5","7","593","176","94","20","21","0","5","6","69","118","31","19","9","4","0","1","0","22","154","44","39","18","7","2","4","1","13","39","12","7","2","0","0","0","0","1"
"s25","voters","56046","1614","1033","225","37","2","10","4","0","2","0","301","701","913","282","62","63","18","18","2","8","0","10","0","5","2","15","0","4","0","95","33","60","3","15","4","3","0","25","3","1","1","176","32","49","7","1","8","54","68","64","76","135","8","35","79","84","100","94","227","0","6","7","10","25","20","47","0","1","3","10","13","23","60","0","3","14","24","31","31","51","1","8","12","20","23","21","62","0","3","5","3","6","4","5","0","1","4","5","5","5","9","603","184","104","30","26","4","4","5","73","135","35","35","3","5","0","2","2","8","152","48","32","14","9","0","6","3","37","36","9","6","1","1","0","1","0","1"
"s25","voters","56048","1619","1021","240","29","3","9","5","0","2","0","310","740","879","263","73","75","15","15","1","1","0","11","2","7","0","11","2","2","0","141","41","75","5","6","2","4","1","13","0","8","0","198","38","49","5","0","18","48","74","74","53","178","2","37","64","77","77","78","241","0","3","4","14","20","17","60","0","4","1","14","26","16","61","0","7","14","25","32","32","37","3","7","11","29","27","30","56","0","5","2","2","5","3","13","0","3","1","3","0","3","8","545","179","110","27","22","6","13","4","115","142","30","30","4","5","0","4","0","25","147","37","49","25","8","2","12","3","27","33","6","7","0","0","0","0","0","2"
"s25","voters","57101","1398","894","204","33","4","9","4","0","7","0","243","630","768","197","36","52","12","16","4","3","2","7","2","4","1","7","1","0","0","95","18","53","4","2","2","2","1","5","5","6","2","83","26","23","7","2","19","41","60","51","63","133","4","21","54","87","68","88","203","1","4","11","9","16","22","54","1","0","5","1","7","19","54","0","5","14","25","22","20","32","2","7","14","18","20","18","46","0","1","1","5","6","6","7","0","4","7","3","1","10","6","447","153","117","30","23","5","8","8","103","103","19","28","8","8","1","4","2","31","124","33","23","20","4","3","5","4","27","39","8","5","1","0","0","1","1","2"
"s25","voters","57104","314","210","38","9","1","2","1","0","1","0","52","128","186","67","11","17","3","1","1","2","1","1","0","0","0","1","0","0","0","15","4","2","1","2","0","0","0","4","1","0","0","40","11","10","1","0","7","16","14","8","16","20","2","10","19","24","16","16","42","0","2","1","4","3","2","5","0","0","2","3","1","5","10","0","4","0","4","5","4","6","1","2","4","3","4","7","8","0","0","0","1","2","2","2","0","1","3","0","1","1","1","126","47","15","4","2","0","3","2","11","27","6","4","0","0","0","0","0","1","29","8","9","2","1","1","0","0","2","7","4","2","0","0","1","0","0","0"
"s25","voters","57105","28","18","2","6","0","0","0","0","0","0","2","9","19","5","1","0","2","0","0","0","0","0","0","0","0","0","0","0","0","0","0","0","0","0","0","0","0","0","0","0","0","2","0","2","0","0","0","0","0","0","3","2","0","4","1","1","1","2","4","0","0","1","0","0","0","1","0","0","0","0","0","0","0","0","1","0","0","0","0","0","0","1","0","0","0","0","0","0","0","0","0","0","1","0","0","0","1","1","0","1","2","9","3","4","0","0","0","0","0","2","2","0","0","0","0","0","0","0","0","1","0","1","0","0","0","0","0","0","3","0","3","0","0","0","0","0","0"
"s25","voters","57201","0","0","0","0","0","0","0","0","0","0","0","0","0","0","0","0","0","0","0","0","0","0","0","0","0","0","0","0","0","0","0","0","0","0","0","0","0","0","0","0","0","0","0","0","0","0","0","0","0","0","0","0","0","0","0","0","0","0","0","0","0","0","0","0","0","0","0","0","0","0","0","0","0","0","0","0","0","0","0","0","0","0","0","0","0","0","0","0","0","0","0","0","0","0","0","0","0","0","0","0","0","0","0","0","0","0","0","0","0","0","0","0","0","0","0","0","0","0","0","0","0","0","0","0","0","0","0","0","0","0","0","0","0","0","0","0","0"
"s25","voters","58022","557","351","82","20","0","2","2","0","3","0","97","241","316","109","15","27","10","3","0","0","0","1","1","2","0","2","0","0","0","21","5","8","0","2","0","3","1","1","1","3","0","27","4","7","3","0","6","17","16","18","19","52","2","20","28","28","28","41","76","0","5","5","8","5","6","15","0","0","5","2","6","9","16","0","6","6","9","10","12","13","2","1","7","6","4","10","11","0","0","0","1","3","2","7","0","2","1","1","1","2","7","184","47","43","10","8","3","4","3","49","44","11","6","1","6","1","2","1","10","48","15","13","7","2","0","1","1","10","13","5","4","1","2","0","0","0","2"
"s25","voters","58025","1480","907","218","23","7","11","6","0","3","0","305","622","858","228","51","49","14","16","7","2","1","12","3","3","0","9","5","2","0","162","39","99","10","6","3","3","3","15","4","5","0","107","37","28","7","0","18","65","57","53","60","104","4","50","82","90","79","86","159","0","4","8","14","21","26","34","0","4","7","10","16","23","51","3","7","9","31","21","17","46","1","10","21","36","25","34","44","0","1","4","3","4","5","7","0","3","1","3","5","8","6","553","158","79","17","23","3","10","4","60","134","35","28","3","2","0","1","0","15","153","52","36","25","10","2","1","1","25","34","7","7","2","0","0","0","0","0"
"s25","voters","58027","1511","929","227","46","8","8","3","0","6","0","284","650","861","250","44","50","23","10","1","0","1","13","2","4","2","18","0","6","0","192","65","90","10","8","3","4","1","11","0","6","0","120","32","29","10","1","20","51","59","52","44","140","3","34","76","105","77","72","195","1","2","10","12","15","28","45","1","0","3","9","14","30","57","0","7","22","23","23","17","43","0","15","9","30","22","23","50","0","5","3","5","4","5","13","0","4","5","1","5","10","11","518","195","86","21","16","3","8","3","79","124","39","28","8","4","0","1","0","23","150","40","33","16","7","2","6","3","27","44","19","5","2","0","0","0","0","1"
"s25","voters","58029","905","525","152","25","2","8","0","0","3","1","189","387","518","115","35","30","11","7","1","1","0","4","5","3","1","11","2","3","0","102","37","53","6","6","3","4","0","3","1","5","2","64","18","42","5","0","8","16","35","23","39","91","1","19","43","41","35","36","138","0","1","3","8","5","20","32","0","4","4","4","19","20","32","0","3","14","19","10","12","28","3","8","9","22","16","15","30","0","2","1","1","3","5","8","0","1","2","5","1","1","9","280","85","64","20","7","2","8","4","55","84","20","23","1","7","0","0","0","17","92","21","26","18","9","1","2","0","20","23","7","6","1","1","0","0","0","1"
