"county","srprec","addist","cddist","sddist","bedist","TOTREG","DEMREG","REPREG","AIPREG","GRNREG","LIBREG","NLPREG","REFREG","DCLREG","MSCREG","TOTVOTE","DEMVOTE","REPVOTE","AIPVOTE","GRNVOTE","LIBVOTE","NLPVOTE","REFVOTE","DCLVOTE","MSCVOTE","PRCVOTE","ABSVOTE","PR_50_N","PR_50_Y"
"30","02001","68","46","34","4","785","0","0","0","0","0","0","0","0","0","312","0","0","0","0","0","0","0","0","0","0","0","65","247"
"30","02002","59","46","34","4","403","0","0","0","0","0","0","0","0","0","115","0","0","0","0","0","0","0","0","0","0","0","14","100"
"30","02008","68","46","34","4","3049","0","0","0","0","0","0","0","0","0","1174","0","0","0","0","0","0","0","0","0","0","0","325","849"
"30","02009","67","46","34","4","2664","0","0","0","0","0","0","0","0","0","971","0","0","0","0","0","0","0","0","0","0","0","244","726"
"30","02011","59","40","37","4","2714","0","0","0","0","0","0","0","0","0","1608","0","0","0","0","0","0","0","0","0","0","0","912","694"
"30","02012","67","46","34","4","927","0","0","0","0","0","0","0","0","0","395","0","0","0","0","0","0","0","0","0","0","0","109","286"
"30","02015","67","46","34","4","578","0","0","0","0","0","0","0","0","0","250","0","0","0","0","0","0","0","0","0","0","0","103","145"
"30","02016","59","40","37","4","511","0","0","0","0","0","0","0","0","0","302","0","0","0","0","0","0","0","0","0","0","0","157","145"
"30","02020","67","46","34","4","2538","0","0","0","0","0","0","0","0","0","1025","0","0","0","0","0","0","0","0","0","0","0","345","678"
"30","02023","67","46","34","4","1354","0","0","0","0","0","0","0","0","0","626","0","0","0","0","0","0","0","0","0","0","0","207","418"
"30","02025","68","46","34","4","1625","0","0","0","0","0","0","0","0","0","671","0","0","0","0","0","0","0","0","0","0","0","223","448"
"30","02030","67","46","34","4","1068","0","0","0","0","0","0","0","0","0","552","0","0","0","0","0","0","0","0","0","0","0","233","318"
"30","02031","67","46","34","4","749","0","0","0","0","0","0","0","0","0","339","0","0","0","0","0","0","0","0","0","0","0","127","212"
"30","02033","67","46","34","4","1554","0","0","0","0","0","0","0","0","0","641","0","0","0","0","0","0","0","0","0","0","0","233","407"
"30","02034","68","46","34","4","1","0","0","0","0","0","0","0","0","0","0","0","0","0","0","0","0","0","0","0","0","0","0","0"
"30","02038","59","40","37","4","1052","0","0","0","0","0","0","0","0","0","557","0","0","0","0","0","0","0","0","0","0","0","384","173"
"30","02042","59","40","37","4","1114","0","0","0","0","0","0","0","0","0","528","0","0","0","0","0","0","0","0","0","0","0","219","308"
"30","02047","59","40","37","4","4250","0","0","0","0","0","0","0","0","0","2519","0","0","0","0","0","0","0","0","0","0","0","1255","1262"
"30","02048","59","40","37","4","2082","0","0","0","0","0","0","0","0","0","1172","0","0","0","0","0","0","0","0","0","0","0","621","551"
"30","02049","59","40","37","4","1585","0","0","0","0","0","0","0","0","0","920","0","0","0","0","0","0","0","0","0","0","0","504","414"
"30","02051","59","40","37","4","2685","0","0","0","0","0","0","0","0","0","1639","0","0","0","0","0","0","0","0","0","0","0","891","746"
"30","02054","68","46","34","4","2784","0","0","0","0","0","0","0","0","0","1181","0","0","0","0","0","0","0","0","0","0","0","428","753"
"30","02055","68","46","34","4","1325","0","0","0","0","0","0","0","0","0","618","0","0","0","0","0","0","0","0","0","0","0","161","457"
"30","02060","59","40","37","4","656","0","0","0","0","0","0","0","0","0","378","0","0","0","0","0","0","0","0","0","0","0","222","156"
"30","02061","67","46","34","4","3","0","0","0","0","0","0","0","0","0","0","0","0","0","0","0","0","0","0","0","0","0","0","0"
"30","02069","59","40","37","4","1001","0","0","0","0","0","0","0","0","0","660","0","0","0","0","0","0","0","0","0","0","0","322","338"
"30","02071","59","40","37","4","2066","0","0","0","0","0","0","0","0","0","1284","0","0","0","0","0","0","0","0","0","0","0","713","570"
"30","02073","67","46","34","4","1170","0","0","0","0","0","0","0","0","0","576","0","0","0","0","0","0","0","0","0","0","0","241","335"
"30","02079","59","40","37","4","4077","0","0","0","0","0","0","0","0","0","2283","0","0","0","0","0","0","0","0","0","0","0","1185","1096"
"30","02082","59","40","37","4","3335","0","0","0","0","0","0","0","0","0","1746","0","0","0","0","0","0","0","0","0","0","0","851","894"
"30","02088","59","40","37","4","1233","0","0","0","0","0","0","0","0","0","713","0","0","0","0","0","0","0","0","0","0","0","285","428"
"30","02094","59","40","37","4","3848","0","0","0","0","0","0","0","0","0","2116","0","0","0","0","0","0","0","0","0","0","0","1066","1050"
"30","02095","59","40","37","4","6","0","0","0","0","0","0","0","0","0","0","0","0","0","0","0","0","0","0","0","0","0","0","0"
"30","02096","59","40","37","4","0","0","0","0","0","0","0","0","0","0","0","0","0","0","0","0","0","0","0","0","0","0","0","0"
"30","02097","59","40","37","4","0","0","0","0","0","0","0","0","0","0","0","0","0","0","0","0","0","0","0","0","0","0","0","0"
"30","02098","67","46","34","4","701","0","0","0","0","0","0","0","0","0","278","0","0","0","0","0","0","0","0","0","0","0","66","212"
"30","02099","67","46","34","4","420","0","0","0","0","0","0","0","0","0","157","0","0","0","0","0","0","0","0","0","0","0","28","128"
"30","02100","68","46","34","4","0","0","0","0","0","0","0","0","0","0","0","0","0","0","0","0","0","0","0","0","0","0","0","0"
"30","02101","68","46","34","4","0","0","0","0","0","0","0","0","0","0","0","0","0","0","0","0","0","0","0","0","0","0","0","0"
"30","02102","59","40","37","4","0","0","0","0","0","0","0","0","0","0","0","0","0","0","0","0","0","0","0","0","0","0","0","0"
"30","02103","59","40","37","4","26","0","0","0","0","0","0","0","0","0","0","0","0","0","0","0","0","0","0","0","0","0","0","0"
"30","02104","59","40","37","4","0","0","0","0","0","0","0","0","0","0","0","0","0","0","0","0","0","0","0","0","0","0","0","0"
"30","02108","59","40","37","4","1","0","0","0","0","0","0","0","0","0","0","0","0","0","0","0","0","0","0","0","0","0","0","0"
"30","02109","59","40","37","4","0","0","0","0","0","0","0","0","0","0","0","0","0","0","0","0","0","0","0","0","0","0","0","0"
"30","02111","59","40","37","4","1","0","0","0","0","0","0","0","0","0","0","0","0","0","0","0","0","0","0","0","0","0","0","0"
"30","02117","68","46","34","4","3102","0","0","0","0","0","0","0","0","0","1252","0","0","0","0","0","0","0","0","0","0","0","307","943"
"30","02122","67","46","34","4","123","0","0","0","0","0","0","0","0","0","38","0","0","0","0","0","0","0","0","0","0","0","12","26"
"30","02128","67","46","34","4","2480","0","0","0","0","0","0","0","0","0","1020","0","0","0","0","0","0","0","0","0","0","0","296","724"
"30","02133","68","46","34","4","0","0","0","0","0","0","0","0","0","0","0","0","0","0","0","0","0","0","0","0","0","0","0","0"
"30","02134","68","46","34","4","3397","0","0","0","0","0","0","0","0","0","1404","0","0","0","0","0","0","0","0","0","0","0","298","1106"
"30","02143","68","46","34","4","3570","0","0","0","0","0","0","0","0","0","1598","0","0","0","0","0","0","0","0","0","0","0","343","1254"
"30","02151","67","46","34","4","1769","0","0","0","0","0","0","0","0","0","841","0","0","0","0","0","0","0","0","0","0","0","297","544"
"30","02152","67","46","34","4","2821","0","0","0","0","0","0","0","0","0","1336","0","0","0","0","0","0","0","0","0","0","0","528","807"
"30","02153","67","46","34","4","357","0","0","0","0","0","0","0","0","0","128","0","0","0","0","0","0","0","0","0","0","0","21","107"
"30","02160","67","46","34","4","2184","0","0","0","0","0","0","0","0","0","965","0","0","0","0","0","0","0","0","0","0","0","377","588"
"30","02166","67","46","34","4","3017","0","0","0","0","0","0","0","0","0","1388","0","0","0","0","0","0","0","0","0","0","0","460","927"
"30","02171","67","46","34","4","1654","0","0","0","0","0","0","0","0","0","742","0","0","0","0","0","0","0","0","0","0","0","312","429"
"30","02181","67","46","34","4","2841","0","0","0","0","0","0","0","0","0","1290","0","0","0","0","0","0","0","0","0","0","0","369","920"
"30","02182","67","46","34","4","1142","0","0","0","0","0","0","0","0","0","539","0","0","0","0","0","0","0","0","0","0","0","183","355"
"30","02187","68","46","34","4","3023","0","0","0","0","0","0","0","0","0","1161","0","0","0","0","0","0","0","0","0","0","0","292","869"
"30","02193","68","46","34","4","3306","0","0","0","0","0","0","0","0","0","1419","0","0","0","0","0","0","0","0","0","0","0","267","1152"
"30","02194","68","46","34","4","3485","0","0","0","0","0","0","0","0","0","1527","0","0","0","0","0","0","0","0","0","0","0","360","1167"
"30","02201","68","46","34","4","3327","0","0","0","0","0","0","0","0","0","1715","0","0","0","0","0","0","0","0","0","0","0","509","1204"
"30","02205","68","46","34","4","1585","0","0","0","0","0","0","0","0","0","650","0","0","0","0","0","0","0","0","0","0","0","125","525"
"30","02212","68","46","34","4","1265","0","0","0","0","0","0","0","0","0","576","0","0","0","0","0","0","0","0","0","0","0","162","414"
"30","02216","68","46","34","4","2598","0","0","0","0","0","0","0","0","0","1019","0","0","0","0","0","0","0","0","0","0","0","206","813"
"30","02224","68","46","34","4","3172","0","0","0","0","0","0","0","0","0","1423","0","0","0","0","0","0","0","0","0","0","0","461","961"
"30","02225","68","46","34","4","3659","0","0","0","0","0","0","0","0","0","1476","0","0","0","0","0","0","0","0","0","0","0","400","1076"
"30","02228","68","46","34","4","1411","0","0","0","0","0","0","0","0","0","460","0","0","0","0","0","0","0","0","0","0","0","87","371"
"30","02229","68","46","34","4","1777","0","0","0","0","0","0","0","0","0","788","0","0","0","0","0","0","0","0","0","0","0","310","478"
"30","02230","68","46","34","4","3486","0","0","0","0","0","0","0","0","0","1711","0","0","0","0","0","0","0","0","0","0","0","619","1092"
"30","02234","59","40","37","4","3318","0","0","0","0","0","0","0","0","0","1856","0","0","0","0","0","0","0","0","0","0","0","1040","816"
"30","02235","59","40","37","4","2373","0","0","0","0","0","0","0","0","0","1268","0","0","0","0","0","0","0","0","0","0","0","615","652"
"30","02238","59","40","37","4","0","0","0","0","0","0","0","0","0","0","0","0","0","0","0","0","0","0","0","0","0","0","0","0"
"30","02242","59","40","37","4","6","0","0","0","0","0","0","0","0","0","0","0","0","0","0","0","0","0","0","0","0","0","0","0"
"30","02303","67","46","34","4","12","0","0","0","0","0","0","0","0","0","0","0","0","0","0","0","0","0","0","0","0","0","0","0"
"30","02304","67","46","34","4","0","0","0","0","0","0","0","0","0","0","0","0","0","0","0","0","0","0","0","0","0","0","0","0"
"30","02306","67","46","34","4","155","0","0","0","0","0","0","0","0","0","62","0","0","0","0","0","0","0","0","0","0","0","21","41"
"30","02307","67","46","34","4","295","0","0","0","0","0","0","0","0","0","158","0","0","0","0","0","0","0","0","0","0","0","58","100"
"30","02315","67","46","34","4","2224","0","0","0","0","0","0","0","0","0","930","0","0","0","0","0","0","0","0","0","0","0","363","567"
"30","02319","67","46","34","4","773","0","0","0","0","0","0","0","0","0","284","0","0","0","0","0","0","0","0","0","0","0","83","201"
"30","02321","67","46","34","4","1548","0","0","0","0","0","0","0","0","0","660","0","0","0","0","0","0","0","0","0","0","0","196","463"
"30","02322","67","46","34","4","37","0","0","0","0","0","0","0","0","0","0","0","0","0","0","0","0","0","0","0","0","0","0","0"
"30","02331","67","46","34","4","311","0","0","0","0","0","0","0","0","0","161","0","0","0","0","0","0","0","0","0","0","0","66","95"
"30","02338","67","46","34","4","810","0","0","0","0","0","0","0","0","0","290","0","0","0","0","0","0","0","0","0","0","0","106","184"
"30","02341","68","46","34","4","1678","0","0","0","0","0","0","0","0","0","827","0","0","0","0","0","0","0","0","0","0","0","311","516"
"30","02347","67","46","34","4","1642","0","0","0","0","0","0","0","0","0","753","0","0","0","0","0","0","0","0","0","0","0","269","484"
"30","02352","67","46","34","4","1241","0","0","0","0","0","0","0","0","0","508","0","0","0","0","0","0","0","0","0","0","0","178","330"
"30","02355","67","46","34","4","312","0","0","0","0","0","0","0","0","0","162","0","0","0","0","0","0","0","0","0","0","0","39","123"
"30","02356","67","46","34","4","1492","0","0","0","0","0","0","0","0","0","629","0","0","0","0","0","0","0","0","0","0","0","192","437"
"30","02357","67","46","34","4","2049","0","0","0","0","0","0","0","0","0","921","0","0","0","0","0","0","0","0","0","0","0","350","571"
"30","02361","67","46","34","4","339","0","0","0","0","0","0","0","0","0","135","0","0","0","0","0","0","0","0","0","0","0","63","72"
"30","02362","67","46","34","4","789","0","0","0","0","0","0","0","0","0","350","0","0","0","0","0","0","0","0","0","0","0","126","224"
"30","02368","67","46","34","4","999","0","0","0","0","0","0","0","0","0","396","0","0","0","0","0","0","0","0","0","0","0","119","276"
"30","02370","68","46","34","4","282","0","0","0","0","0","0","0","0","0","112","0","0","0","0","0","0","0","0","0","0","0","31","81"
"30","02377","67","46","34","4","343","0","0","0","0","0","0","0","0","0","147","0","0","0","0","0","0","0","0","0","0","0","48","98"
"30","02385","67","46","34","4","802","0","0","0","0","0","0","0","0","0","355","0","0","0","0","0","0","0","0","0","0","0","128","227"
"30","02387","67","46","34","4","851","0","0","0","0","0","0","0","0","0","432","0","0","0","0","0","0","0","0","0","0","0","131","301"
"30","02389","68","46","34","4","1520","0","0","0","0","0","0","0","0","0","721","0","0","0","0","0","0","0","0","0","0","0","208","513"
"30","02391","68","46","34","4","2172","0","0","0","0","0","0","0","0","0","1023","0","0","0","0","0","0","0","0","0","0","0","341","682"
"30","02392","59","40","34","4","44","0","0","0","0","0","0","0","0","0","18","0","0","0","0","0","0","0","0","0","0","0","8","10"
"30","02395","68","46","34","4","2288","0","0","0","0","0","0","0","0","0","1192","0","0","0","0","0","0","0","0","0","0","0","501","691"
"30","02402","59","46","37","4","704","0","0","0","0","0","0","0","0","0","324","0","0","0","0","0","0","0","0","0","0","0","131","193"
"30","02405","67","46","34","4","4958","0","0","0","0","0","0","0","0","0","1867","0","0","0","0","0","0","0","0","0","0","0","351","1516"
"30","02408","59","46","37","4","0","0","0","0","0","0","0","0","0","0","0","0","0","0","0","0","0","0","0","0","0","0","0","0"
"30","02409","68","46","34","4","121","0","0","0","0","0","0","0","0","0","34","0","0","0","0","0","0","0","0","0","0","0","2","32"
"30","02423","68","46","34","4","894","0","0","0","0","0","0","0","0","0","428","0","0","0","0","0","0","0","0","0","0","0","158","270"
"30","02432","68","46","34","4","1541","0","0","0","0","0","0","0","0","0","724","0","0","0","0","0","0","0","0","0","0","0","249","475"
"30","02434","67","46","34","4","118","0","0","0","0","0","0","0","0","0","49","0","0","0","0","0","0","0","0","0","0","0","7","42"
"30","02437","67","46","34","4","3174","0","0","0","0","0","0","0","0","0","1416","0","0","0","0","0","0","0","0","0","0","0","548","867"
"30","02438","67","46","34","4","392","0","0","0","0","0","0","0","0","0","192","0","0","0","0","0","0","0","0","0","0","0","65","127"
"30","02440","67","46","34","4","1529","0","0","0","0","0","0","0","0","0","677","0","0","0","0","0","0","0","0","0","0","0","234","441"
"30","02441","59","40","37","4","376","0","0","0","0","0","0","0","0","0","133","0","0","0","0","0","0","0","0","0","0","0","32","101"
"30","02443","67","46","34","4","3234","0","0","0","0","0","0","0","0","0","1417","0","0","0","0","0","0","0","0","0","0","0","480","937"
"30","02448","67","46","34","4","2615","0","0","0","0","0","0","0","0","0","1025","0","0","0","0","0","0","0","0","0","0","0","285","740"
"30","02453","59","40","37","4","0","0","0","0","0","0","0","0","0","0","0","0","0","0","0","0","0","0","0","0","0","0","0","0"
"30","02455","59","40","37","4","0","0","0","0","0","0","0","0","0","0","0","0","0","0","0","0","0","0","0","0","0","0","0","0"
"30","02457","67","46","34","4","1436","0","0","0","0","0","0","0","0","0","602","0","0","0","0","0","0","0","0","0","0","0","194","408"
"30","02459","67","46","34","4","28","0","0","0","0","0","0","0","0","0","13","0","0","0","0","0","0","0","0","0","0","0","10","3"
"30","02460","59","40","37","4","0","0","0","0","0","0","0","0","0","0","0","0","0","0","0","0","0","0","0","0","0","0","0","0"
"30","02800","59","40","37","4","2","0","0","0","0","0","0","0","0","0","0","0","0","0","0","0","0","0","0","0","0","0","0","0"
"30","02802","59","40","37","4","0","0","0","0","0","0","0","0","0","0","0","0","0","0","0","0","0","0","0","0","0","0","0","0"
"30","02803","59","46","37","4","1","0","0","0","0","0","0","0","0","0","0","0","0","0","0","0","0","0","0","0","0","0","0","0"
"30","02806","67","46","34","4","4","0","0","0","0","0","0","0","0","0","0","0","0","0","0","0","0","0","0","0","0","0","0","0"
"30","02807","59","46","37","4","0","0","0","0","0","0","0","0","0","0","0","0","0","0","0","0","0","0","0","0","0","0","0","0"
"30","02808","68","46","34","4","285","0","0","0","0","0","0","0","0","0","157","0","0","0","0","0","0","0","0","0","0","0","69","88"
"30","02810","68","46","34","4","0","0","0","0","0","0","0","0","0","0","0","0","0","0","0","0","0","0","0","0","0","0","0","0"
"30","02811","68","46","34","4","0","0","0","0","0","0","0","0","0","0","0","0","0","0","0","0","0","0","0","0","0","0","0","0"
"30","02812","68","46","34","4","323","0","0","0","0","0","0","0","0","0","108","0","0","0","0","0","0","0","0","0","0","0","30","78"
"30","02813","68","46","34","4","0","0","0","0","0","0","0","0","0","0","0","0","0","0","0","0","0","0","0","0","0","0","0","0"
"30","02814","68","40","34","4","240","0","0","0","0","0","0","0","0","0","128","0","0","0","0","0","0","0","0","0","0","0","48","80"
"30","02815","67","46","34","4","0","0","0","0","0","0","0","0","0","0","0","0","0","0","0","0","0","0","0","0","0","0","0","0"
"30","02816","68","46","34","4","2","0","0","0","0","0","0","0","0","0","0","0","0","0","0","0","0","0","0","0","0","0","0","0"
"30","02817","68","40","34","4","77","0","0","0","0","0","0","0","0","0","31","0","0","0","0","0","0","0","0","0","0","0","8","23"
"30","02818","59","40","34","4","0","0","0","0","0","0","0","0","0","0","0","0","0","0","0","0","0","0","0","0","0","0","0","0"
"30","02819","59","40","37","4","110","0","0","0","0","0","0","0","0","0","40","0","0","0","0","0","0","0","0","0","0","0","15","25"
"30","02820","59","46","34","4","1279","0","0","0","0","0","0","0","0","0","503","0","0","0","0","0","0","0","0","0","0","0","117","386"
"30","02821","59","40","37","4","0","0","0","0","0","0","0","0","0","0","0","0","0","0","0","0","0","0","0","0","0","0","0","0"
"30","02822","59","40","37","4","0","0","0","0","0","0","0","0","0","0","0","0","0","0","0","0","0","0","0","0","0","0","0","0"
"30","02823","59","46","37","4","0","0","0","0","0","0","0","0","0","0","0","0","0","0","0","0","0","0","0","0","0","0","0","0"
"30","02824","59","40","37","4","1","0","0","0","0","0","0","0","0","0","0","0","0","0","0","0","0","0","0","0","0","0","0","0"
"30","02825","59","40","37","4","0","0","0","0","0","0","0","0","0","0","0","0","0","0","0","0","0","0","0","0","0","0","0","0"
"30","02826","67","46","34","4","702","0","0","0","0","0","0","0","0","0","315","0","0","0","0","0","0","0","0","0","0","0","125","189"
"30","02827","67","46","34","4","592","0","0","0","0","0","0","0","0","0","261","0","0","0","0","0","0","0","0","0","0","0","56","205"
"30","02828","67","46","34","4","242","0","0","0","0","0","0","0","0","0","105","0","0","0","0","0","0","0","0","0","0","0","39","66"
"30","02830","67","46","34","4","0","0","0","0","0","0","0","0","0","0","0","0","0","0","0","0","0","0","0","0","0","0","0","0"
"30","02831","59","40","37","4","0","0","0","0","0","0","0","0","0","0","0","0","0","0","0","0","0","0","0","0","0","0","0","0"
"30","02832","59","40","37","4","0","0","0","0","0","0","0","0","0","0","0","0","0","0","0","0","0","0","0","0","0","0","0","0"
"30","02833","59","40","37","4","0","0","0","0","0","0","0","0","0","0","0","0","0","0","0","0","0","0","0","0","0","0","0","0"
"30","02834","68","46","34","4","445","0","0","0","0","0","0","0","0","0","191","0","0","0","0","0","0","0","0","0","0","0","41","150"
"30","02836","68","46","34","4","681","0","0","0","0","0","0","0","0","0","249","0","0","0","0","0","0","0","0","0","0","0","43","206"
"30","02837","68","46","34","4","1822","0","0","0","0","0","0","0","0","0","678","0","0","0","0","0","0","0","0","0","0","0","129","549"
"30","02839","59","40","37","4","0","0","0","0","0","0","0","0","0","0","0","0","0","0","0","0","0","0","0","0","0","0","0","0"
"30","02840","59","40","37","4","3177","0","0","0","0","0","0","0","0","0","1686","0","0","0","0","0","0","0","0","0","0","0","792","893"
"30","02843","67","46","34","4","81","0","0","0","0","0","0","0","0","0","32","0","0","0","0","0","0","0","0","0","0","0","18","14"
"30","02844","67","46","34","4","317","0","0","0","0","0","0","0","0","0","143","0","0","0","0","0","0","0","0","0","0","0","74","69"
"30","02845","68","46","34","4","0","0","0","0","0","0","0","0","0","0","0","0","0","0","0","0","0","0","0","0","0","0","0","0"
"30","02847","68","46","34","4","1037","0","0","0","0","0","0","0","0","0","468","0","0","0","0","0","0","0","0","0","0","0","147","321"
"30","02849","68","46","34","4","0","0","0","0","0","0","0","0","0","0","0","0","0","0","0","0","0","0","0","0","0","0","0","0"
"30","02850","59","40","37","4","0","0","0","0","0","0","0","0","0","0","0","0","0","0","0","0","0","0","0","0","0","0","0","0"
"30","02851","68","46","34","4","0","0","0","0","0","0","0","0","0","0","0","0","0","0","0","0","0","0","0","0","0","0","0","0"
"30","05302","59","45","30","4","0","0","0","0","0","0","0","0","0","0","0","0","0","0","0","0","0","0","0","0","0","0","0","0"
"30","05303","59","45","30","4","1336","0","0","0","0","0","0","0","0","0","538","0","0","0","0","0","0","0","0","0","0","0","179","358"
"30","05307","59","45","30","4","1180","0","0","0","0","0","0","0","0","0","679","0","0","0","0","0","0","0","0","0","0","0","371","308"
"30","05308","59","45","30","4","732","0","0","0","0","0","0","0","0","0","401","0","0","0","0","0","0","0","0","0","0","0","142","259"
"30","05311","59","45","30","4","1316","0","0","0","0","0","0","0","0","0","658","0","0","0","0","0","0","0","0","0","0","0","287","371"
"30","05319","59","45","30","4","2399","0","0","0","0","0","0","0","0","0","1376","0","0","0","0","0","0","0","0","0","0","0","688","687"
"30","05320","59","45","30","4","0","0","0","0","0","0","0","0","0","0","0","0","0","0","0","0","0","0","0","0","0","0","0","0"
"30","05333","59","45","30","4","95","0","0","0","0","0","0","0","0","0","56","0","0","0","0","0","0","0","0","0","0","0","46","10"
"30","05334","59","40","32","4","333","0","0","0","0","0","0","0","0","0","203","0","0","0","0","0","0","0","0","0","0","0","109","94"
"30","05335","59","40","30","4","0","0","0","0","0","0","0","0","0","0","0","0","0","0","0","0","0","0","0","0","0","0","0","0"
"30","05336","59","40","30","4","0","0","0","0","0","0","0","0","0","0","0","0","0","0","0","0","0","0","0","0","0","0","0","0"
"30","05337","59","40","30","4","0","0","0","0","0","0","0","0","0","0","0","0","0","0","0","0","0","0","0","0","0","0","0","0"
"30","05339","59","40","30","4","2462","0","0","0","0","0","0","0","0","0","1267","0","0","0","0","0","0","0","0","0","0","0","614","650"
"30","05340","59","45","30","4","1793","0","0","0","0","0","0","0","0","0","1018","0","0","0","0","0","0","0","0","0","0","0","483","535"
"30","05379","59","40","30","4","1666","0","0","0","0","0","0","0","0","0","716","0","0","0","0","0","0","0","0","0","0","0","291","425"
"30","05380","59","45","30","4","2229","0","0","0","0","0","0","0","0","0","1222","0","0","0","0","0","0","0","0","0","0","0","588","632"
"30","05381","59","45","30","4","2773","0","0","0","0","0","0","0","0","0","1629","0","0","0","0","0","0","0","0","0","0","0","793","835"
"30","05384","59","45","30","4","823","0","0","0","0","0","0","0","0","0","438","0","0","0","0","0","0","0","0","0","0","0","246","192"
"30","05386","59","45","30","4","3372","0","0","0","0","0","0","0","0","0","1929","0","0","0","0","0","0","0","0","0","0","0","1011","918"
"30","05389","59","45","30","4","379","0","0","0","0","0","0","0","0","0","250","0","0","0","0","0","0","0","0","0","0","0","145","105"
"30","05391","59","45","30","4","0","0","0","0","0","0","0","0","0","0","0","0","0","0","0","0","0","0","0","0","0","0","0","0"
"30","05392","59","45","30","4","177","0","0","0","0","0","0","0","0","0","119","0","0","0","0","0","0","0","0","0","0","0","66","53"
"30","05396","59","45","30","4","213","0","0","0","0","0","0","0","0","0","99","0","0","0","0","0","0","0","0","0","0","0","50","49"
"30","05397","59","45","30","4","1486","0","0","0","0","0","0","0","0","0","824","0","0","0","0","0","0","0","0","0","0","0","432","392"
"30","05398","59","45","30","4","0","0","0","0","0","0","0","0","0","0","0","0","0","0","0","0","0","0","0","0","0","0","0","0"
"30","05800","59","40","30","4","731","0","0","0","0","0","0","0","0","0","487","0","0","0","0","0","0","0","0","0","0","0","270","216"
"30","05801","59","40","30","4","0","0","0","0","0","0","0","0","0","0","0","0","0","0","0","0","0","0","0","0","0","0","0","0"
"30","05802","59","40","30","4","0","0","0","0","0","0","0","0","0","0","0","0","0","0","0","0","0","0","0","0","0","0","0","0"
"30","05803","59","45","30","4","0","0","0","0","0","0","0","0","0","0","0","0","0","0","0","0","0","0","0","0","0","0","0","0"
"30","05804","59","45","30","4","191","0","0","0","0","0","0","0","0","0","93","0","0","0","0","0","0","0","0","0","0","0","35","58"
"30","05805","59","40","30","4","0","0","0","0","0","0","0","0","0","0","0","0","0","0","0","0","0","0","0","0","0","0","0","0"
"30","05806","59","40","32","4","225","0","0","0","0","0","0","0","0","0","80","0","0","0","0","0","0","0","0","0","0","0","22","58"
"30","05808","59","40","30","4","716","0","0","0","0","0","0","0","0","0","394","0","0","0","0","0","0","0","0","0","0","0","188","206"
"30","05810","59","45","30","4","18","0","0","0","0","0","0","0","0","0","0","0","0","0","0","0","0","0","0","0","0","0","0","0"
"30","05811","59","45","30","4","4233","0","0","0","0","0","0","0","0","0","2184","0","0","0","0","0","0","0","0","0","0","0","974","1210"
"30","05812","59","40","30","4","0","0","0","0","0","0","0","0","0","0","0","0","0","0","0","0","0","0","0","0","0","0","0","0"
"30","05813","59","40","30","4","5","0","0","0","0","0","0","0","0","0","0","0","0","0","0","0","0","0","0","0","0","0","0","0"
"30","06200","59","45","30","4","0","0","0","0","0","0","0","0","0","0","0","0","0","0","0","0","0","0","0","0","0","0","0","0"
"30","06205","59","40","30","4","1","0","0","0","0","0","0","0","0","0","0","0","0","0","0","0","0","0","0","0","0","0","0","0"
"30","06800","59","40","32","4","0","0","0","0","0","0","0","0","0","0","0","0","0","0","0","0","0","0","0","0","0","0","0","0"
"30","06801","59","40","32","4","0","0","0","0","0","0","0","0","0","0","0","0","0","0","0","0","0","0","0","0","0","0","0","0"
"30","07092","67","45","34","4","691","0","0","0","0","0","0","0","0","0","218","0","0","0","0","0","0","0","0","0","0","0","57","161"
"30","07093","67","45","36","4","201","0","0","0","0","0","0","0","0","0","58","0","0","0","0","0","0","0","0","0","0","0","15","43"
"30","07094","67","45","36","4","351","0","0","0","0","0","0","0","0","0","191","0","0","0","0","0","0","0","0","0","0","0","76","115"
"30","07095","67","45","36","4","278","0","0","0","0","0","0","0","0","0","101","0","0","0","0","0","0","0","0","0","0","0","39","62"
"30","07098","67","45","34","4","529","0","0","0","0","0","0","0","0","0","202","0","0","0","0","0","0","0","0","0","0","0","57","145"
"30","07101","67","45","36","4","811","0","0","0","0","0","0","0","0","0","312","0","0","0","0","0","0","0","0","0","0","0","91","221"
"30","07104","67","45","34","4","884","0","0","0","0","0","0","0","0","0","309","0","0","0","0","0","0","0","0","0","0","0","86","223"
"30","07106","67","45","36","4","398","0","0","0","0","0","0","0","0","0","176","0","0","0","0","0","0","0","0","0","0","0","63","113"
"30","07108","67","45","34","4","753","0","0","0","0","0","0","0","0","0","317","0","0","0","0","0","0","0","0","0","0","0","111","206"
"30","07109","67","45","36","4","1828","0","0","0","0","0","0","0","0","0","851","0","0","0","0","0","0","0","0","0","0","0","329","522"
"30","07110","67","45","34","4","788","0","0","0","0","0","0","0","0","0","367","0","0","0","0","0","0","0","0","0","0","0","133","234"
"30","07112","67","45","36","4","1042","0","0","0","0","0","0","0","0","0","369","0","0","0","0","0","0","0","0","0","0","0","110","259"
"30","07120","67","45","36","4","359","0","0","0","0","0","0","0","0","0","189","0","0","0","0","0","0","0","0","0","0","0","75","114"
"30","07121","67","45","36","4","387","0","0","0","0","0","0","0","0","0","173","0","0","0","0","0","0","0","0","0","0","0","83","90"
"30","07122","67","45","36","4","1781","0","0","0","0","0","0","0","0","0","913","0","0","0","0","0","0","0","0","0","0","0","386","526"
"30","07123","67","45","34","4","292","0","0","0","0","0","0","0","0","0","133","0","0","0","0","0","0","0","0","0","0","0","59","73"
"30","07124","67","45","36","4","357","0","0","0","0","0","0","0","0","0","166","0","0","0","0","0","0","0","0","0","0","0","60","106"
"30","07125","67","45","34","4","132","0","0","0","0","0","0","0","0","0","36","0","0","0","0","0","0","0","0","0","0","0","5","31"
"30","07126","67","45","36","4","1660","0","0","0","0","0","0","0","0","0","840","0","0","0","0","0","0","0","0","0","0","0","367","473"
"30","07127","67","45","36","4","277","0","0","0","0","0","0","0","0","0","123","0","0","0","0","0","0","0","0","0","0","0","53","70"
"30","07129","67","45","36","4","305","0","0","0","0","0","0","0","0","0","158","0","0","0","0","0","0","0","0","0","0","0","70","87"
"30","07130","67","45","36","4","54","0","0","0","0","0","0","0","0","0","11","0","0","0","0","0","0","0","0","0","0","0","3","8"
"30","07131","67","45","36","4","495","0","0","0","0","0","0","0","0","0","239","0","0","0","0","0","0","0","0","0","0","0","94","145"
"30","07133","67","45","36","4","272","0","0","0","0","0","0","0","0","0","137","0","0","0","0","0","0","0","0","0","0","0","57","80"
"30","07134","67","45","36","4","748","0","0","0","0","0","0","0","0","0","314","0","0","0","0","0","0","0","0","0","0","0","75","238"
"30","07135","67","45","36","4","649","0","0","0","0","0","0","0","0","0","321","0","0","0","0","0","0","0","0","0","0","0","155","166"
"30","07136","67","45","36","4","38","0","0","0","0","0","0","0","0","0","19","0","0","0","0","0","0","0","0","0","0","0","6","13"
"30","07137","67","45","36","4","319","0","0","0","0","0","0","0","0","0","162","0","0","0","0","0","0","0","0","0","0","0","73","89"
"30","07138","67","45","36","4","1357","0","0","0","0","0","0","0","0","0","671","0","0","0","0","0","0","0","0","0","0","0","306","364"
"30","07139","67","45","36","4","110","0","0","0","0","0","0","0","0","0","33","0","0","0","0","0","0","0","0","0","0","0","16","17"
"30","07140","67","45","36","4","874","0","0","0","0","0","0","0","0","0","421","0","0","0","0","0","0","0","0","0","0","0","199","221"
"30","07142","67","45","36","4","2","0","0","0","0","0","0","0","0","0","0","0","0","0","0","0","0","0","0","0","0","0","0","0"
"30","07145","67","45","36","4","814","0","0","0","0","0","0","0","0","0","415","0","0","0","0","0","0","0","0","0","0","0","166","249"
"30","07146","67","45","36","4","415","0","0","0","0","0","0","0","0","0","219","0","0","0","0","0","0","0","0","0","0","0","100","119"
"30","07147","67","45","36","4","475","0","0","0","0","0","0","0","0","0","238","0","0","0","0","0","0","0","0","0","0","0","90","148"
"30","07148","67","45","36","4","55","0","0","0","0","0","0","0","0","0","32","0","0","0","0","0","0","0","0","0","0","0","13","19"
"30","07149","67","45","36","4","1124","0","0","0","0","0","0","0","0","0","516","0","0","0","0","0","0","0","0","0","0","0","249","267"
"30","07151","67","45","36","4","1040","0","0","0","0","0","0","0","0","0","491","0","0","0","0","0","0","0","0","0","0","0","204","287"
"30","07152","67","45","36","4","1626","0","0","0","0","0","0","0","0","0","806","0","0","0","0","0","0","0","0","0","0","0","391","415"
"30","07158","67","45","36","4","699","0","0","0","0","0","0","0","0","0","302","0","0","0","0","0","0","0","0","0","0","0","136","166"
"30","07161","67","45","36","4","214","0","0","0","0","0","0","0","0","0","118","0","0","0","0","0","0","0","0","0","0","0","61","57"
"30","07166","67","45","36","4","1522","0","0","0","0","0","0","0","0","0","754","0","0","0","0","0","0","0","0","0","0","0","307","446"
"30","07167","67","45","36","4","2985","0","0","0","0","0","0","0","0","0","1427","0","0","0","0","0","0","0","0","0","0","0","557","869"
"30","07169","67","45","36","4","0","0","0","0","0","0","0","0","0","0","0","0","0","0","0","0","0","0","0","0","0","0","0","0"
"30","07170","67","45","36","4","674","0","0","0","0","0","0","0","0","0","360","0","0","0","0","0","0","0","0","0","0","0","176","184"
"30","07172","67","45","34","4","463","0","0","0","0","0","0","0","0","0","145","0","0","0","0","0","0","0","0","0","0","0","42","102"
"30","07174","67","45","34","4","732","0","0","0","0","0","0","0","0","0","322","0","0","0","0","0","0","0","0","0","0","0","125","196"
"30","07176","67","45","36","4","1601","0","0","0","0","0","0","0","0","0","791","0","0","0","0","0","0","0","0","0","0","0","364","427"
"30","07177","67","45","36","4","10","0","0","0","0","0","0","0","0","0","0","0","0","0","0","0","0","0","0","0","0","0","0","0"
"30","07181","67","45","36","4","66","0","0","0","0","0","0","0","0","0","31","0","0","0","0","0","0","0","0","0","0","0","12","19"
"30","07182","67","45","34","4","4127","0","0","0","0","0","0","0","0","0","1773","0","0","0","0","0","0","0","0","0","0","0","740","1033"
"30","07183","67","45","36","4","1","0","0","0","0","0","0","0","0","0","0","0","0","0","0","0","0","0","0","0","0","0","0","0"
"30","07185","67","45","34","4","495","0","0","0","0","0","0","0","0","0","160","0","0","0","0","0","0","0","0","0","0","0","44","116"
"30","07186","67","45","36","4","433","0","0","0","0","0","0","0","0","0","190","0","0","0","0","0","0","0","0","0","0","0","80","110"
"30","07187","67","45","36","4","216","0","0","0","0","0","0","0","0","0","90","0","0","0","0","0","0","0","0","0","0","0","41","49"
"30","07800","67","45","34","4","0","0","0","0","0","0","0","0","0","0","0","0","0","0","0","0","0","0","0","0","0","0","0","0"
"30","07801","67","45","34","4","190","0","0","0","0","0","0","0","0","0","61","0","0","0","0","0","0","0","0","0","0","0","8","53"
"30","07802","67","45","36","4","209","0","0","0","0","0","0","0","0","0","122","0","0","0","0","0","0","0","0","0","0","0","67","55"
"30","07803","67","45","34","4","571","0","0","0","0","0","0","0","0","0","203","0","0","0","0","0","0","0","0","0","0","0","54","149"
"30","07804","67","45","36","4","90","0","0","0","0","0","0","0","0","0","44","0","0","0","0","0","0","0","0","0","0","0","17","27"
"30","07805","67","45","36","4","430","0","0","0","0","0","0","0","0","0","132","0","0","0","0","0","0","0","0","0","0","0","28","104"
"30","07806","67","45","36","4","225","0","0","0","0","0","0","0","0","0","67","0","0","0","0","0","0","0","0","0","0","0","25","42"
"30","07807","67","45","36","4","162","0","0","0","0","0","0","0","0","0","54","0","0","0","0","0","0","0","0","0","0","0","14","40"
"30","07808","67","45","34","4","622","0","0","0","0","0","0","0","0","0","247","0","0","0","0","0","0","0","0","0","0","0","92","155"
"30","07809","67","45","36","4","680","0","0","0","0","0","0","0","0","0","277","0","0","0","0","0","0","0","0","0","0","0","85","192"
"30","07810","67","45","34","4","423","0","0","0","0","0","0","0","0","0","156","0","0","0","0","0","0","0","0","0","0","0","26","130"
"30","07811","67","45","36","4","1470","0","0","0","0","0","0","0","0","0","722","0","0","0","0","0","0","0","0","0","0","0","275","447"
"30","07812","67","45","36","4","0","0","0","0","0","0","0","0","0","0","0","0","0","0","0","0","0","0","0","0","0","0","0","0"
"30","07813","67","45","34","4","491","0","0","0","0","0","0","0","0","0","225","0","0","0","0","0","0","0","0","0","0","0","90","135"
"30","07814","67","45","34","4","170","0","0","0","0","0","0","0","0","0","100","0","0","0","0","0","0","0","0","0","0","0","31","67"
"30","07815","67","45","36","4","171","0","0","0","0","0","0","0","0","0","85","0","0","0","0","0","0","0","0","0","0","0","43","42"
"30","07816","67","45","34","4","405","0","0","0","0","0","0","0","0","0","167","0","0","0","0","0","0","0","0","0","0","0","49","118"
"30","07817","67","45","34","4","257","0","0","0","0","0","0","0","0","0","75","0","0","0","0","0","0","0","0","0","0","0","14","61"
"30","07818","67","45","34","4","431","0","0","0","0","0","0","0","0","0","161","0","0","0","0","0","0","0","0","0","0","0","32","129"
"30","07819","67","45","36","4","369","0","0","0","0","0","0","0","0","0","115","0","0","0","0","0","0","0","0","0","0","0","26","89"
"30","07820","67","45","36","4","326","0","0","0","0","0","0","0","0","0","159","0","0","0","0","0","0","0","0","0","0","0","55","104"
"30","10314","67","45","36","4","0","0","0","0","0","0","0","0","0","0","0","0","0","0","0","0","0","0","0","0","0","0","0","0"
"30","10315","67","45","36","4","130","0","0","0","0","0","0","0","0","0","73","0","0","0","0","0","0","0","0","0","0","0","33","40"
"30","10316","67","45","36","4","2041","0","0","0","0","0","0","0","0","0","1083","0","0","0","0","0","0","0","0","0","0","0","465","618"
"30","10317","67","45","36","4","1104","0","0","0","0","0","0","0","0","0","552","0","0","0","0","0","0","0","0","0","0","0","252","298"
"30","10319","67","45","36","4","3343","0","0","0","0","0","0","0","0","0","1781","0","0","0","0","0","0","0","0","0","0","0","831","948"
"30","10320","67","45","36","4","2041","0","0","0","0","0","0","0","0","0","1166","0","0","0","0","0","0","0","0","0","0","0","498","668"
"30","10325","67","45","36","4","1690","0","0","0","0","0","0","0","0","0","987","0","0","0","0","0","0","0","0","0","0","0","472","515"
"30","10326","67","45","36","4","648","0","0","0","0","0","0","0","0","0","371","0","0","0","0","0","0","0","0","0","0","0","148","223"
"30","10333","67","45","36","4","1084","0","0","0","0","0","0","0","0","0","595","0","0","0","0","0","0","0","0","0","0","0","280","315"
"30","10337","67","45","36","4","1195","0","0","0","0","0","0","0","0","0","696","0","0","0","0","0","0","0","0","0","0","0","317","378"
"30","10338","67","45","36","4","1361","0","0","0","0","0","0","0","0","0","796","0","0","0","0","0","0","0","0","0","0","0","426","370"
"30","10340","67","45","36","4","1774","0","0","0","0","0","0","0","0","0","719","0","0","0","0","0","0","0","0","0","0","0","271","448"
"30","10342","67","45","36","4","35","0","0","0","0","0","0","0","0","0","29","0","0","0","0","0","0","0","0","0","0","0","11","18"
"30","10343","67","45","36","4","1","0","0","0","0","0","0","0","0","0","0","0","0","0","0","0","0","0","0","0","0","0","0","0"
"30","10361","67","45","36","4","2134","0","0","0","0","0","0","0","0","0","1139","0","0","0","0","0","0","0","0","0","0","0","505","632"
"30","10362","67","45","36","4","1067","0","0","0","0","0","0","0","0","0","531","0","0","0","0","0","0","0","0","0","0","0","247","284"
"30","10364","67","45","36","4","1879","0","0","0","0","0","0","0","0","0","852","0","0","0","0","0","0","0","0","0","0","0","276","575"
"30","10367","67","45","36","4","1820","0","0","0","0","0","0","0","0","0","1040","0","0","0","0","0","0","0","0","0","0","0","534","505"
"30","10374","67","45","36","4","448","0","0","0","0","0","0","0","0","0","155","0","0","0","0","0","0","0","0","0","0","0","52","103"
"30","10380","67","45","36","4","2156","0","0","0","0","0","0","0","0","0","1235","0","0","0","0","0","0","0","0","0","0","0","623","611"
"30","10383","67","45","36","4","142","0","0","0","0","0","0","0","0","0","39","0","0","0","0","0","0","0","0","0","0","0","16","23"
"30","10388","67","45","36","4","899","0","0","0","0","0","0","0","0","0","475","0","0","0","0","0","0","0","0","0","0","0","224","251"
"30","10800","67","45","36","4","1411","0","0","0","0","0","0","0","0","0","556","0","0","0","0","0","0","0","0","0","0","0","196","359"
"30","10801","67","45","36","4","194","0","0","0","0","0","0","0","0","0","82","0","0","0","0","0","0","0","0","0","0","0","31","51"
"30","10808","67","45","36","4","164","0","0","0","0","0","0","0","0","0","63","0","0","0","0","0","0","0","0","0","0","0","16","47"
"30","10809","67","45","36","4","517","0","0","0","0","0","0","0","0","0","254","0","0","0","0","0","0","0","0","0","0","0","88","166"
"30","10810","67","45","36","4","1086","0","0","0","0","0","0","0","0","0","587","0","0","0","0","0","0","0","0","0","0","0","280","307"
"30","10811","67","45","36","4","1129","0","0","0","0","0","0","0","0","0","627","0","0","0","0","0","0","0","0","0","0","0","282","344"
"30","10812","67","45","36","4","1","0","0","0","0","0","0","0","0","0","0","0","0","0","0","0","0","0","0","0","0","0","0","0"
"30","10813","67","45","36","4","1121","0","0","0","0","0","0","0","0","0","597","0","0","0","0","0","0","0","0","0","0","0","290","307"
"30","11041","67","45","36","4","1228","0","0","0","0","0","0","0","0","0","698","0","0","0","0","0","0","0","0","0","0","0","327","370"
"30","11043","67","45","36","4","661","0","0","0","0","0","0","0","0","0","323","0","0","0","0","0","0","0","0","0","0","0","170","153"
"30","11075","67","45","36","4","143","0","0","0","0","0","0","0","0","0","64","0","0","0","0","0","0","0","0","0","0","0","26","38"
"30","11351","67","45","36","4","776","0","0","0","0","0","0","0","0","0","379","0","0","0","0","0","0","0","0","0","0","0","172","206"
"30","11355","67","45","36","4","1138","0","0","0","0","0","0","0","0","0","542","0","0","0","0","0","0","0","0","0","0","0","212","329"
"30","11357","67","45","36","4","46","0","0","0","0","0","0","0","0","0","22","0","0","0","0","0","0","0","0","0","0","0","17","5"
"30","11360","67","45","36","4","59","0","0","0","0","0","0","0","0","0","14","0","0","0","0","0","0","0","0","0","0","0","5","9"
"30","11362","67","45","36","4","417","0","0","0","0","0","0","0","0","0","198","0","0","0","0","0","0","0","0","0","0","0","82","116"
"30","11800","67","45","36","4","0","0","0","0","0","0","0","0","0","0","0","0","0","0","0","0","0","0","0","0","0","0","0","0"
"30","11801","67","45","36","4","1086","0","0","0","0","0","0","0","0","0","492","0","0","0","0","0","0","0","0","0","0","0","197","295"
"30","11802","67","45","36","4","880","0","0","0","0","0","0","0","0","0","426","0","0","0","0","0","0","0","0","0","0","0","153","273"
"30","11803","67","45","36","4","0","0","0","0","0","0","0","0","0","0","0","0","0","0","0","0","0","0","0","0","0","0","0","0"
"30","11804","67","45","36","4","0","0","0","0","0","0","0","0","0","0","0","0","0","0","0","0","0","0","0","0","0","0","0","0"
"30","11805","67","45","36","4","577","0","0","0","0","0","0","0","0","0","333","0","0","0","0","0","0","0","0","0","0","0","136","197"
"30","11806","67","45","36","4","809","0","0","0","0","0","0","0","0","0","447","0","0","0","0","0","0","0","0","0","0","0","188","259"
"30","11807","67","45","36","4","12","0","0","0","0","0","0","0","0","0","0","0","0","0","0","0","0","0","0","0","0","0","0","0"
"30","11808","67","45","36","4","401","0","0","0","0","0","0","0","0","0","212","0","0","0","0","0","0","0","0","0","0","0","85","127"
"30","11809","67","45","36","4","404","0","0","0","0","0","0","0","0","0","213","0","0","0","0","0","0","0","0","0","0","0","88","125"
"30","11810","67","45","36","4","412","0","0","0","0","0","0","0","0","0","239","0","0","0","0","0","0","0","0","0","0","0","102","137"
"30","11811","67","45","36","4","537","0","0","0","0","0","0","0","0","0","273","0","0","0","0","0","0","0","0","0","0","0","117","156"
"30","11812","67","45","36","4","369","0","0","0","0","0","0","0","0","0","209","0","0","0","0","0","0","0","0","0","0","0","90","119"
"30","11813","67","45","36","4","195","0","0","0","0","0","0","0","0","0","96","0","0","0","0","0","0","0","0","0","0","0","33","63"
"30","13030","67","46","34","4","66","0","0","0","0","0","0","0","0","0","26","0","0","0","0","0","0","0","0","0","0","0","8","18"
"30","13031","67","46","34","4","2","0","0","0","0","0","0","0","0","0","0","0","0","0","0","0","0","0","0","0","0","0","0","0"
"30","13032","67","46","34","4","380","0","0","0","0","0","0","0","0","0","166","0","0","0","0","0","0","0","0","0","0","0","47","119"
"30","13033","67","46","34","4","780","0","0","0","0","0","0","0","0","0","395","0","0","0","0","0","0","0","0","0","0","0","128","267"
"30","13034","67","46","34","4","1","0","0","0","0","0","0","0","0","0","0","0","0","0","0","0","0","0","0","0","0","0","0","0"
"30","13035","67","46","34","4","275","0","0","0","0","0","0","0","0","0","135","0","0","0","0","0","0","0","0","0","0","0","28","107"
"30","13036","67","46","34","4","129","0","0","0","0","0","0","0","0","0","70","0","0","0","0","0","0","0","0","0","0","0","13","57"
"30","13038","67","46","34","4","1448","0","0","0","0","0","0","0","0","0","805","0","0","0","0","0","0","0","0","0","0","0","299","505"
"30","13041","59","45","37","4","1996","0","0","0","0","0","0","0","0","0","1050","0","0","0","0","0","0","0","0","0","0","0","573","476"
"30","13042","67","46","34","4","214","0","0","0","0","0","0","0","0","0","95","0","0","0","0","0","0","0","0","0","0","0","35","60"
"30","13043","67","46","34","4","2286","0","0","0","0","0","0","0","0","0","978","0","0","0","0","0","0","0","0","0","0","0","228","750"
"30","13044","67","46","34","4","2057","0","0","0","0","0","0","0","0","0","999","0","0","0","0","0","0","0","0","0","0","0","370","629"
"30","13047","67","46","34","4","3539","0","0","0","0","0","0","0","0","0","1681","0","0","0","0","0","0","0","0","0","0","0","447","1232"
"30","13053","67","46","34","4","3878","0","0","0","0","0","0","0","0","0","1671","0","0","0","0","0","0","0","0","0","0","0","584","1087"
"30","13057","59","45","37","4","3403","0","0","0","0","0","0","0","0","0","2154","0","0","0","0","0","0","0","0","0","0","0","950","1202"
"30","13061","67","46","34","4","459","0","0","0","0","0","0","0","0","0","245","0","0","0","0","0","0","0","0","0","0","0","85","160"
"30","13063","59","45","37","4","2236","0","0","0","0","0","0","0","0","0","1224","0","0","0","0","0","0","0","0","0","0","0","690","533"
"30","13064","67","46","34","4","455","0","0","0","0","0","0","0","0","0","178","0","0","0","0","0","0","0","0","0","0","0","37","141"
"30","13065","67","45","37","4","947","0","0","0","0","0","0","0","0","0","501","0","0","0","0","0","0","0","0","0","0","0","31","470"
"30","13069","67","46","34","4","1275","0","0","0","0","0","0","0","0","0","644","0","0","0","0","0","0","0","0","0","0","0","199","445"
"30","13074","67","46","34","4","2193","0","0","0","0","0","0","0","0","0","962","0","0","0","0","0","0","0","0","0","0","0","223","738"
"30","13076","67","46","34","4","666","0","0","0","0","0","0","0","0","0","290","0","0","0","0","0","0","0","0","0","0","0","99","191"
"30","13077","59","45","37","4","962","0","0","0","0","0","0","0","0","0","606","0","0","0","0","0","0","0","0","0","0","0","287","319"
"30","13078","67","46","34","4","1084","0","0","0","0","0","0","0","0","0","565","0","0","0","0","0","0","0","0","0","0","0","188","376"
"30","13080","59","45","37","4","1797","0","0","0","0","0","0","0","0","0","929","0","0","0","0","0","0","0","0","0","0","0","312","617"
"30","13082","59","45","37","4","2608","0","0","0","0","0","0","0","0","0","1565","0","0","0","0","0","0","0","0","0","0","0","796","767"
"30","13086","59","45","37","4","3057","0","0","0","0","0","0","0","0","0","1766","0","0","0","0","0","0","0","0","0","0","0","910","856"
"30","13096","67","45","34","4","3900","0","0","0","0","0","0","0","0","0","1621","0","0","0","0","0","0","0","0","0","0","0","722","899"
"30","13098","67","45","34","4","1912","0","0","0","0","0","0","0","0","0","824","0","0","0","0","0","0","0","0","0","0","0","359","465"
"30","13099","59","45","34","4","1752","0","0","0","0","0","0","0","0","0","910","0","0","0","0","0","0","0","0","0","0","0","481","429"
"30","13100","67","46","34","4","0","0","0","0","0","0","0","0","0","0","0","0","0","0","0","0","0","0","0","0","0","0","0","0"
"30","13101","67","46","34","4","178","0","0","0","0","0","0","0","0","0","71","0","0","0","0","0","0","0","0","0","0","0","7","64"
"30","13102","67","46","34","4","591","0","0","0","0","0","0","0","0","0","321","0","0","0","0","0","0","0","0","0","0","0","129","192"
"30","13205","67","46","34","4","1130","0","0","0","0","0","0","0","0","0","604","0","0","0","0","0","0","0","0","0","0","0","271","332"
"30","13208","59","45","37","4","1251","0","0","0","0","0","0","0","0","0","682","0","0","0","0","0","0","0","0","0","0","0","282","399"
"30","13215","67","45","37","4","172","0","0","0","0","0","0","0","0","0","105","0","0","0","0","0","0","0","0","0","0","0","38","67"
"30","13216","59","45","37","4","242","0","0","0","0","0","0","0","0","0","149","0","0","0","0","0","0","0","0","0","0","0","84","65"
"30","13218","67","46","34","4","391","0","0","0","0","0","0","0","0","0","187","0","0","0","0","0","0","0","0","0","0","0","68","119"
"30","13220","67","45","37","4","2086","0","0","0","0","0","0","0","0","0","1271","0","0","0","0","0","0","0","0","0","0","0","470","800"
"30","13221","67","45","37","4","459","0","0","0","0","0","0","0","0","0","283","0","0","0","0","0","0","0","0","0","0","0","147","136"
"30","13227","59","45","37","4","1397","0","0","0","0","0","0","0","0","0","837","0","0","0","0","0","0","0","0","0","0","0","370","467"
"30","13231","67","46","34","4","690","0","0","0","0","0","0","0","0","0","352","0","0","0","0","0","0","0","0","0","0","0","141","211"
"30","13307","59","45","37","4","338","0","0","0","0","0","0","0","0","0","182","0","0","0","0","0","0","0","0","0","0","0","112","70"
"30","13374","67","46","34","4","0","0","0","0","0","0","0","0","0","0","0","0","0","0","0","0","0","0","0","0","0","0","0","0"
"30","13375","67","46","34","4","121","0","0","0","0","0","0","0","0","0","40","0","0","0","0","0","0","0","0","0","0","0","17","23"
"30","13376","59","45","37","4","1647","0","0","0","0","0","0","0","0","0","979","0","0","0","0","0","0","0","0","0","0","0","461","517"
"30","13377","67","45","34","4","3869","0","0","0","0","0","0","0","0","0","1646","0","0","0","0","0","0","0","0","0","0","0","707","938"
"30","13379","59","45","37","4","195","0","0","0","0","0","0","0","0","0","114","0","0","0","0","0","0","0","0","0","0","0","73","41"
"30","13380","59","45","37","4","3","0","0","0","0","0","0","0","0","0","0","0","0","0","0","0","0","0","0","0","0","0","0","0"
"30","13383","59","45","37","4","916","0","0","0","0","0","0","0","0","0","515","0","0","0","0","0","0","0","0","0","0","0","259","256"
"30","13395","67","45","34","4","1053","0","0","0","0","0","0","0","0","0","441","0","0","0","0","0","0","0","0","0","0","0","175","266"
"30","13396","67","46","34","4","3453","0","0","0","0","0","0","0","0","0","1462","0","0","0","0","0","0","0","0","0","0","0","445","1016"
"30","13398","67","46","34","4","1540","0","0","0","0","0","0","0","0","0","807","0","0","0","0","0","0","0","0","0","0","0","278","528"
"30","13416","59","45","37","4","359","0","0","0","0","0","0","0","0","0","212","0","0","0","0","0","0","0","0","0","0","0","99","113"
"30","13417","59","45","37","4","0","0","0","0","0","0","0","0","0","0","0","0","0","0","0","0","0","0","0","0","0","0","0","0"
"30","13431","59","45","37","4","1976","0","0","0","0","0","0","0","0","0","880","0","0","0","0","0","0","0","0","0","0","0","241","638"
"30","13432","59","45","37","4","1521","0","0","0","0","0","0","0","0","0","645","0","0","0","0","0","0","0","0","0","0","0","189","456"
"30","13434","67","46","34","4","219","0","0","0","0","0","0","0","0","0","114","0","0","0","0","0","0","0","0","0","0","0","35","79"
"30","13445","59","45","34","4","0","0","0","0","0","0","0","0","0","0","0","0","0","0","0","0","0","0","0","0","0","0","0","0"
"30","13460","59","45","37","4","429","0","0","0","0","0","0","0","0","0","267","0","0","0","0","0","0","0","0","0","0","0","167","100"
"30","13461","59","45","37","4","933","0","0","0","0","0","0","0","0","0","376","0","0","0","0","0","0","0","0","0","0","0","113","263"
"30","13463","59","45","37","4","1121","0","0","0","0","0","0","0","0","0","608","0","0","0","0","0","0","0","0","0","0","0","322","286"
"30","13467","67","46","34","4","0","0","0","0","0","0","0","0","0","0","0","0","0","0","0","0","0","0","0","0","0","0","0","0"
"30","13800","67","45","34","4","4","0","0","0","0","0","0","0","0","0","0","0","0","0","0","0","0","0","0","0","0","0","0","0"
"30","13801","67","46","34","4","0","0","0","0","0","0","0","0","0","0","0","0","0","0","0","0","0","0","0","0","0","0","0","0"
"30","13802","67","46","34","4","0","0","0","0","0","0","0","0","0","0","0","0","0","0","0","0","0","0","0","0","0","0","0","0"
"30","13803","67","46","34","4","0","0","0","0","0","0","0","0","0","0","0","0","0","0","0","0","0","0","0","0","0","0","0","0"
"30","13804","59","45","34","4","100","0","0","0","0","0","0","0","0","0","65","0","0","0","0","0","0","0","0","0","0","0","33","32"
"30","13805","67","46","34","4","0","0","0","0","0","0","0","0","0","0","0","0","0","0","0","0","0","0","0","0","0","0","0","0"
"30","13806","67","46","34","4","49","0","0","0","0","0","0","0","0","0","19","0","0","0","0","0","0","0","0","0","0","0","3","16"
"30","13807","59","45","34","4","54","0","0","0","0","0","0","0","0","0","47","0","0","0","0","0","0","0","0","0","0","0","28","19"
"30","13808","67","45","37","4","415","0","0","0","0","0","0","0","0","0","251","0","0","0","0","0","0","0","0","0","0","0","113","138"
"30","13809","67","46","34","4","81","0","0","0","0","0","0","0","0","0","29","0","0","0","0","0","0","0","0","0","0","0","9","20"
"30","13810","67","46","34","4","4","0","0","0","0","0","0","0","0","0","0","0","0","0","0","0","0","0","0","0","0","0","0","0"
"30","13811","67","45","37","4","0","0","0","0","0","0","0","0","0","0","0","0","0","0","0","0","0","0","0","0","0","0","0","0"
"30","13812","67","45","37","4","201","0","0","0","0","0","0","0","0","0","137","0","0","0","0","0","0","0","0","0","0","0","50","87"
"30","13813","67","45","34","4","77","0","0","0","0","0","0","0","0","0","53","0","0","0","0","0","0","0","0","0","0","0","20","33"
"30","13814","67","46","34","4","469","0","0","0","0","0","0","0","0","0","212","0","0","0","0","0","0","0","0","0","0","0","45","167"
"30","13815","67","45","37","4","658","0","0","0","0","0","0","0","0","0","405","0","0","0","0","0","0","0","0","0","0","0","172","233"
"30","13816","67","45","37","4","0","0","0","0","0","0","0","0","0","0","0","0","0","0","0","0","0","0","0","0","0","0","0","0"
"30","13817","59","45","34","4","670","0","0","0","0","0","0","0","0","0","268","0","0","0","0","0","0","0","0","0","0","0","70","198"
"30","13818","59","45","37","4","0","0","0","0","0","0","0","0","0","0","0","0","0","0","0","0","0","0","0","0","0","0","0","0"
"30","13819","59","45","37","4","101","0","0","0","0","0","0","0","0","0","31","0","0","0","0","0","0","0","0","0","0","0","8","23"
"30","13820","59","45","34","4","453","0","0","0","0","0","0","0","0","0","154","0","0","0","0","0","0","0","0","0","0","0","15","139"
"30","13821","67","45","37","4","0","0","0","0","0","0","0","0","0","0","0","0","0","0","0","0","0","0","0","0","0","0","0","0"
"30","13822","67","46","34","4","324","0","0","0","0","0","0","0","0","0","183","0","0","0","0","0","0","0","0","0","0","0","85","98"
"30","13823","67","46","34","4","641","0","0","0","0","0","0","0","0","0","379","0","0","0","0","0","0","0","0","0","0","0","157","222"
"30","13824","67","46","34","4","597","0","0","0","0","0","0","0","0","0","292","0","0","0","0","0","0","0","0","0","0","0","108","184"
"30","13825","59","45","37","4","0","0","0","0","0","0","0","0","0","0","0","0","0","0","0","0","0","0","0","0","0","0","0","0"
"30","13827","67","46","34","4","0","0","0","0","0","0","0","0","0","0","0","0","0","0","0","0","0","0","0","0","0","0","0","0"
"30","13830","59","45","37","4","0","0","0","0","0","0","0","0","0","0","0","0","0","0","0","0","0","0","0","0","0","0","0","0"
"30","13831","67","45","37","4","0","0","0","0","0","0","0","0","0","0","0","0","0","0","0","0","0","0","0","0","0","0","0","0"
"30","13832","67","46","34","4","23","0","0","0","0","0","0","0","0","0","0","0","0","0","0","0","0","0","0","0","0","0","0","0"
"30","13833","67","46","34","4","689","0","0","0","0","0","0","0","0","0","323","0","0","0","0","0","0","0","0","0","0","0","117","206"
"30","13834","59","45","37","4","510","0","0","0","0","0","0","0","0","0","278","0","0","0","0","0","0","0","0","0","0","0","132","146"
"30","13835","67","45","37","4","814","0","0","0","0","0","0","0","0","0","483","0","0","0","0","0","0","0","0","0","0","0","233","250"
"30","13836","59","45","37","4","397","0","0","0","0","0","0","0","0","0","257","0","0","0","0","0","0","0","0","0","0","0","128","129"
"30","13837","59","45","37","4","335","0","0","0","0","0","0","0","0","0","184","0","0","0","0","0","0","0","0","0","0","0","97","87"
"30","13838","59","45","34","4","213","0","0","0","0","0","0","0","0","0","98","0","0","0","0","0","0","0","0","0","0","0","6","92"
"30","14002","70","45","36","4","3002","0","0","0","0","0","0","0","0","0","1314","0","0","0","0","0","0","0","0","0","0","0","496","818"
"30","14005","70","45","36","4","825","0","0","0","0","0","0","0","0","0","338","0","0","0","0","0","0","0","0","0","0","0","128","210"
"30","14009","70","45","36","4","1612","0","0","0","0","0","0","0","0","0","662","0","0","0","0","0","0","0","0","0","0","0","259","403"
"30","14012","70","45","36","4","2277","0","0","0","0","0","0","0","0","0","901","0","0","0","0","0","0","0","0","0","0","0","360","541"
"30","14014","70","45","36","4","2302","0","0","0","0","0","0","0","0","0","1029","0","0","0","0","0","0","0","0","0","0","0","405","623"
"30","14018","70","45","34","4","1784","0","0","0","0","0","0","0","0","0","751","0","0","0","0","0","0","0","0","0","0","0","255","495"
"30","14020","70","45","36","4","3271","0","0","0","0","0","0","0","0","0","1521","0","0","0","0","0","0","0","0","0","0","0","636","885"
"30","14026","70","45","36","4","2457","0","0","0","0","0","0","0","0","0","1097","0","0","0","0","0","0","0","0","0","0","0","521","575"
"30","14031","70","45","36","4","3428","0","0","0","0","0","0","0","0","0","1387","0","0","0","0","0","0","0","0","0","0","0","567","820"
"30","14033","70","45","36","4","2034","0","0","0","0","0","0","0","0","0","981","0","0","0","0","0","0","0","0","0","0","0","460","521"
"30","14036","70","45","36","4","1732","0","0","0","0","0","0","0","0","0","777","0","0","0","0","0","0","0","0","0","0","0","373","403"
"30","14037","70","45","36","4","3410","0","0","0","0","0","0","0","0","0","1537","0","0","0","0","0","0","0","0","0","0","0","557","980"
"30","14040","70","45","36","4","3217","0","0","0","0","0","0","0","0","0","1227","0","0","0","0","0","0","0","0","0","0","0","469","758"
"30","14044","70","45","36","4","497","0","0","0","0","0","0","0","0","0","202","0","0","0","0","0","0","0","0","0","0","0","76","126"
"30","14045","70","45","34","4","17","0","0","0","0","0","0","0","0","0","0","0","0","0","0","0","0","0","0","0","0","0","0","0"
"30","14046","70","45","36","4","11","0","0","0","0","0","0","0","0","0","0","0","0","0","0","0","0","0","0","0","0","0","0","0"
"30","14047","70","45","36","4","2952","0","0","0","0","0","0","0","0","0","1168","0","0","0","0","0","0","0","0","0","0","0","456","712"
"30","14053","70","45","36","4","1883","0","0","0","0","0","0","0","0","0","715","0","0","0","0","0","0","0","0","0","0","0","246","469"
"30","14058","70","45","36","4","1700","0","0","0","0","0","0","0","0","0","689","0","0","0","0","0","0","0","0","0","0","0","283","406"
"30","14061","70","45","36","4","1933","0","0","0","0","0","0","0","0","0","833","0","0","0","0","0","0","0","0","0","0","0","343","489"
"30","14065","70","45","36","4","2","0","0","0","0","0","0","0","0","0","0","0","0","0","0","0","0","0","0","0","0","0","0","0"
"30","14066","70","45","36","4","1270","0","0","0","0","0","0","0","0","0","568","0","0","0","0","0","0","0","0","0","0","0","254","314"
"30","14069","70","45","36","4","1760","0","0","0","0","0","0","0","0","0","753","0","0","0","0","0","0","0","0","0","0","0","321","430"
"30","14071","70","45","36","4","2626","0","0","0","0","0","0","0","0","0","982","0","0","0","0","0","0","0","0","0","0","0","367","614"
"30","14075","70","45","36","4","3787","0","0","0","0","0","0","0","0","0","2328","0","0","0","0","0","0","0","0","0","0","0","1259","1068"
"30","14078","70","45","36","4","2404","0","0","0","0","0","0","0","0","0","1392","0","0","0","0","0","0","0","0","0","0","0","765","626"
"30","14082","70","45","36","4","6","0","0","0","0","0","0","0","0","0","0","0","0","0","0","0","0","0","0","0","0","0","0","0"
"30","14086","70","45","36","4","3292","0","0","0","0","0","0","0","0","0","1928","0","0","0","0","0","0","0","0","0","0","0","1035","892"
"30","14218","70","45","34","4","624","0","0","0","0","0","0","0","0","0","246","0","0","0","0","0","0","0","0","0","0","0","71","174"
"30","14221","70","45","34","4","3217","0","0","0","0","0","0","0","0","0","1347","0","0","0","0","0","0","0","0","0","0","0","353","994"
"30","14224","70","45","34","4","0","0","0","0","0","0","0","0","0","0","0","0","0","0","0","0","0","0","0","0","0","0","0","0"
"30","14229","70","45","36","4","3736","0","0","0","0","0","0","0","0","0","1730","0","0","0","0","0","0","0","0","0","0","0","668","1060"
"30","14235","70","45","34","4","1751","0","0","0","0","0","0","0","0","0","726","0","0","0","0","0","0","0","0","0","0","0","232","494"
"30","14236","70","45","34","4","3501","0","0","0","0","0","0","0","0","0","1591","0","0","0","0","0","0","0","0","0","0","0","524","1067"
"30","14237","70","45","34","4","3097","0","0","0","0","0","0","0","0","0","1271","0","0","0","0","0","0","0","0","0","0","0","382","888"
"30","14244","70","45","34","4","1234","0","0","0","0","0","0","0","0","0","497","0","0","0","0","0","0","0","0","0","0","0","166","331"
"30","14247","70","45","34","4","692","0","0","0","0","0","0","0","0","0","291","0","0","0","0","0","0","0","0","0","0","0","126","164"
"30","14249","70","45","36","4","1882","0","0","0","0","0","0","0","0","0","747","0","0","0","0","0","0","0","0","0","0","0","334","411"
"30","14251","70","45","36","4","1640","0","0","0","0","0","0","0","0","0","680","0","0","0","0","0","0","0","0","0","0","0","256","422"
"30","14274","70","45","36","4","1","0","0","0","0","0","0","0","0","0","0","0","0","0","0","0","0","0","0","0","0","0","0","0"
"30","14275","70","45","36","4","1183","0","0","0","0","0","0","0","0","0","561","0","0","0","0","0","0","0","0","0","0","0","259","301"
"30","14282","70","45","36","4","318","0","0","0","0","0","0","0","0","0","144","0","0","0","0","0","0","0","0","0","0","0","59","85"
"30","14285","70","46","34","4","78","0","0","0","0","0","0","0","0","0","29","0","0","0","0","0","0","0","0","0","0","0","6","23"
"30","14291","70","45","36","4","161","0","0","0","0","0","0","0","0","0","71","0","0","0","0","0","0","0","0","0","0","0","30","41"
"30","14293","70","45","34","4","666","0","0","0","0","0","0","0","0","0","267","0","0","0","0","0","0","0","0","0","0","0","52","215"
"30","14295","70","45","34","4","1073","0","0","0","0","0","0","0","0","0","420","0","0","0","0","0","0","0","0","0","0","0","116","304"
"30","14297","70","45","36","4","1508","0","0","0","0","0","0","0","0","0","642","0","0","0","0","0","0","0","0","0","0","0","296","345"
"30","14298","70","45","36","4","877","0","0","0","0","0","0","0","0","0","368","0","0","0","0","0","0","0","0","0","0","0","145","223"
"30","14308","70","45","36","4","1356","0","0","0","0","0","0","0","0","0","577","0","0","0","0","0","0","0","0","0","0","0","244","333"
"30","14316","70","45","36","4","1619","0","0","0","0","0","0","0","0","0","756","0","0","0","0","0","0","0","0","0","0","0","354","402"
"30","14317","70","45","36","4","3755","0","0","0","0","0","0","0","0","0","1489","0","0","0","0","0","0","0","0","0","0","0","690","797"
"30","14800","70","45","36","4","549","0","0","0","0","0","0","0","0","0","218","0","0","0","0","0","0","0","0","0","0","0","47","171"
"30","14801","70","45","34","4","258","0","0","0","0","0","0","0","0","0","105","0","0","0","0","0","0","0","0","0","0","0","28","77"
"30","14802","70","45","34","4","75","0","0","0","0","0","0","0","0","0","42","0","0","0","0","0","0","0","0","0","0","0","16","26"
"30","14804","70","45","34","4","254","0","0","0","0","0","0","0","0","0","102","0","0","0","0","0","0","0","0","0","0","0","42","60"
"30","14805","70","45","36","4","572","0","0","0","0","0","0","0","0","0","222","0","0","0","0","0","0","0","0","0","0","0","75","147"
"30","14808","70","45","36","4","1","0","0","0","0","0","0","0","0","0","0","0","0","0","0","0","0","0","0","0","0","0","0","0"
"30","14809","70","45","36","4","1242","0","0","0","0","0","0","0","0","0","545","0","0","0","0","0","0","0","0","0","0","0","241","304"
"30","14810","70","45","36","4","0","0","0","0","0","0","0","0","0","0","0","0","0","0","0","0","0","0","0","0","0","0","0","0"
"30","14812","70","45","36","4","0","0","0","0","0","0","0","0","0","0","0","0","0","0","0","0","0","0","0","0","0","0","0","0"
"30","14816","70","45","34","4","0","0","0","0","0","0","0","0","0","0","0","0","0","0","0","0","0","0","0","0","0","0","0","0"
"30","14817","70","45","36","4","0","0","0","0","0","0","0","0","0","0","0","0","0","0","0","0","0","0","0","0","0","0","0","0"
"30","14818","70","45","36","4","1","0","0","0","0","0","0","0","0","0","0","0","0","0","0","0","0","0","0","0","0","0","0","0"
"30","14819","70","45","36","4","0","0","0","0","0","0","0","0","0","0","0","0","0","0","0","0","0","0","0","0","0","0","0","0"
"30","14820","70","45","36","4","2631","0","0","0","0","0","0","0","0","0","1522","0","0","0","0","0","0","0","0","0","0","0","816","704"
"30","14821","70","45","34","4","110","0","0","0","0","0","0","0","0","0","38","0","0","0","0","0","0","0","0","0","0","0","14","24"
"30","14823","70","45","36","4","1109","0","0","0","0","0","0","0","0","0","474","0","0","0","0","0","0","0","0","0","0","0","205","268"
"30","16101","70","46","36","4","1174","0","0","0","0","0","0","0","0","0","480","0","0","0","0","0","0","0","0","0","0","0","193","287"
"30","16106","70","46","36","4","244","0","0","0","0","0","0","0","0","0","89","0","0","0","0","0","0","0","0","0","0","0","38","51"
"30","16109","70","46","34","4","103","0","0","0","0","0","0","0","0","0","24","0","0","0","0","0","0","0","0","0","0","0","2","22"
"30","16800","70","46","36","4","5","0","0","0","0","0","0","0","0","0","0","0","0","0","0","0","0","0","0","0","0","0","0","0"
"30","17251","64","38","34","4","3534","0","0","0","0","0","0","0","0","0","1877","0","0","0","0","0","0","0","0","0","0","0","833","1043"
"30","17255","64","38","34","4","3246","0","0","0","0","0","0","0","0","0","1353","0","0","0","0","0","0","0","0","0","0","0","403","950"
"30","17258","64","38","34","4","2123","0","0","0","0","0","0","0","0","0","880","0","0","0","0","0","0","0","0","0","0","0","257","623"
"30","17260","64","38","34","4","1241","0","0","0","0","0","0","0","0","0","659","0","0","0","0","0","0","0","0","0","0","0","287","372"
"30","17261","64","38","34","4","886","0","0","0","0","0","0","0","0","0","429","0","0","0","0","0","0","0","0","0","0","0","163","266"
"30","17263","64","38","34","4","132","0","0","0","0","0","0","0","0","0","65","0","0","0","0","0","0","0","0","0","0","0","19","46"
"30","17266","64","38","34","4","1096","0","0","0","0","0","0","0","0","0","501","0","0","0","0","0","0","0","0","0","0","0","219","282"
"30","17271","64","38","34","4","1102","0","0","0","0","0","0","0","0","0","513","0","0","0","0","0","0","0","0","0","0","0","265","246"
"30","17272","64","38","34","4","1557","0","0","0","0","0","0","0","0","0","776","0","0","0","0","0","0","0","0","0","0","0","307","468"
"30","17274","64","38","34","4","2729","0","0","0","0","0","0","0","0","0","1147","0","0","0","0","0","0","0","0","0","0","0","411","735"
"30","17278","64","38","34","4","1009","0","0","0","0","0","0","0","0","0","460","0","0","0","0","0","0","0","0","0","0","0","174","284"
"30","17279","64","38","34","4","1524","0","0","0","0","0","0","0","0","0","782","0","0","0","0","0","0","0","0","0","0","0","380","402"
"30","17281","64","38","34","4","2102","0","0","0","0","0","0","0","0","0","1169","0","0","0","0","0","0","0","0","0","0","0","600","567"
"30","17286","64","38","34","4","841","0","0","0","0","0","0","0","0","0","329","0","0","0","0","0","0","0","0","0","0","0","55","274"
"30","17290","64","38","34","4","4088","0","0","0","0","0","0","0","0","0","2162","0","0","0","0","0","0","0","0","0","0","0","979","1180"
"30","17334","64","38","34","4","912","0","0","0","0","0","0","0","0","0","515","0","0","0","0","0","0","0","0","0","0","0","259","256"
"30","17335","64","38","34","4","832","0","0","0","0","0","0","0","0","0","394","0","0","0","0","0","0","0","0","0","0","0","180","214"
"30","17345","64","38","34","4","1508","0","0","0","0","0","0","0","0","0","606","0","0","0","0","0","0","0","0","0","0","0","197","409"
"30","17348","64","38","34","4","1190","0","0","0","0","0","0","0","0","0","634","0","0","0","0","0","0","0","0","0","0","0","273","361"
"30","17355","64","38","34","4","3048","0","0","0","0","0","0","0","0","0","1318","0","0","0","0","0","0","0","0","0","0","0","437","879"
"30","17800","64","38","34","4","1003","0","0","0","0","0","0","0","0","0","576","0","0","0","0","0","0","0","0","0","0","0","272","304"
"30","17801","64","38","34","4","68","0","0","0","0","0","0","0","0","0","39","0","0","0","0","0","0","0","0","0","0","0","16","23"
"30","17802","64","38","34","4","0","0","0","0","0","0","0","0","0","0","0","0","0","0","0","0","0","0","0","0","0","0","0","0"
"30","17803","64","38","34","4","0","0","0","0","0","0","0","0","0","0","0","0","0","0","0","0","0","0","0","0","0","0","0","0"
"30","17804","64","38","34","4","0","0","0","0","0","0","0","0","0","0","0","0","0","0","0","0","0","0","0","0","0","0","0","0"
"30","17805","64","38","34","4","0","0","0","0","0","0","0","0","0","0","0","0","0","0","0","0","0","0","0","0","0","0","0","0"
"30","21369","67","46","34","4","1872","0","0","0","0","0","0","0","0","0","802","0","0","0","0","0","0","0","0","0","0","0","295","505"
"30","21375","67","46","34","4","61","0","0","0","0","0","0","0","0","0","34","0","0","0","0","0","0","0","0","0","0","0","14","19"
"30","21376","67","46","34","4","976","0","0","0","0","0","0","0","0","0","425","0","0","0","0","0","0","0","0","0","0","0","173","252"
"30","21377","67","46","34","4","221","0","0","0","0","0","0","0","0","0","96","0","0","0","0","0","0","0","0","0","0","0","28","68"
"30","21380","67","46","34","4","1890","0","0","0","0","0","0","0","0","0","764","0","0","0","0","0","0","0","0","0","0","0","249","515"
"30","21383","67","46","34","4","12","0","0","0","0","0","0","0","0","0","0","0","0","0","0","0","0","0","0","0","0","0","0","0"
"30","21402","59","46","37","4","0","0","0","0","0","0","0","0","0","0","0","0","0","0","0","0","0","0","0","0","0","0","0","0"
"30","21800","59","46","34","4","0","0","0","0","0","0","0","0","0","0","0","0","0","0","0","0","0","0","0","0","0","0","0","0"
"30","21801","59","46","37","4","0","0","0","0","0","0","0","0","0","0","0","0","0","0","0","0","0","0","0","0","0","0","0","0"
"30","21802","59","46","34","4","0","0","0","0","0","0","0","0","0","0","0","0","0","0","0","0","0","0","0","0","0","0","0","0"
"30","21803","59","46","34","4","0","0","0","0","0","0","0","0","0","0","0","0","0","0","0","0","0","0","0","0","0","0","0","0"
"30","22166","67","45","34","4","285","0","0","0","0","0","0","0","0","0","161","0","0","0","0","0","0","0","0","0","0","0","71","90"
"30","22800","67","45","36","4","0","0","0","0","0","0","0","0","0","0","0","0","0","0","0","0","0","0","0","0","0","0","0","0"
"30","23145","59","45","37","4","1010","0","0","0","0","0","0","0","0","0","496","0","0","0","0","0","0","0","0","0","0","0","167","329"
"30","23146","59","45","34","4","670","0","0","0","0","0","0","0","0","0","286","0","0","0","0","0","0","0","0","0","0","0","102","184"
"30","23147","59","45","37","4","2244","0","0","0","0","0","0","0","0","0","1365","0","0","0","0","0","0","0","0","0","0","0","709","655"
"30","23150","59","45","37","4","351","0","0","0","0","0","0","0","0","0","230","0","0","0","0","0","0","0","0","0","0","0","111","119"
"30","23151","59","45","37","4","0","0","0","0","0","0","0","0","0","0","0","0","0","0","0","0","0","0","0","0","0","0","0","0"
"30","23152","59","45","34","4","148","0","0","0","0","0","0","0","0","0","80","0","0","0","0","0","0","0","0","0","0","0","37","43"
"30","23153","59","45","37","4","356","0","0","0","0","0","0","0","0","0","136","0","0","0","0","0","0","0","0","0","0","0","47","89"
"30","23154","59","45","37","4","1234","0","0","0","0","0","0","0","0","0","660","0","0","0","0","0","0","0","0","0","0","0","295","365"
"30","23155","59","45","37","4","132","0","0","0","0","0","0","0","0","0","51","0","0","0","0","0","0","0","0","0","0","0","21","30"
"30","23156","59","45","37","4","212","0","0","0","0","0","0","0","0","0","100","0","0","0","0","0","0","0","0","0","0","0","48","52"
"30","23162","59","45","37","4","315","0","0","0","0","0","0","0","0","0","205","0","0","0","0","0","0","0","0","0","0","0","100","105"
"30","23163","59","45","37","4","5","0","0","0","0","0","0","0","0","0","0","0","0","0","0","0","0","0","0","0","0","0","0","0"
"30","23164","59","45","37","4","782","0","0","0","0","0","0","0","0","0","474","0","0","0","0","0","0","0","0","0","0","0","303","171"
"30","23165","59","45","37","4","367","0","0","0","0","0","0","0","0","0","212","0","0","0","0","0","0","0","0","0","0","0","124","88"
"30","23169","59","45","34","4","384","0","0","0","0","0","0","0","0","0","216","0","0","0","0","0","0","0","0","0","0","0","111","105"
"30","23174","59","45","37","4","1174","0","0","0","0","0","0","0","0","0","714","0","0","0","0","0","0","0","0","0","0","0","403","311"
"30","23177","59","45","37","4","715","0","0","0","0","0","0","0","0","0","404","0","0","0","0","0","0","0","0","0","0","0","199","205"
"30","23178","59","45","37","4","2263","0","0","0","0","0","0","0","0","0","1444","0","0","0","0","0","0","0","0","0","0","0","771","672"
"30","23180","59","45","37","4","3575","0","0","0","0","0","0","0","0","0","2088","0","0","0","0","0","0","0","0","0","0","0","1051","1037"
"30","23188","59","45","37","4","417","0","0","0","0","0","0","0","0","0","220","0","0","0","0","0","0","0","0","0","0","0","86","134"
"30","23193","59","45","34","4","807","0","0","0","0","0","0","0","0","0","408","0","0","0","0","0","0","0","0","0","0","0","205","203"
"30","23194","59","45","37","4","614","0","0","0","0","0","0","0","0","0","255","0","0","0","0","0","0","0","0","0","0","0","89","166"
"30","23196","59","45","37","4","2190","0","0","0","0","0","0","0","0","0","1117","0","0","0","0","0","0","0","0","0","0","0","441","676"
"30","23203","59","45","37","4","1591","0","0","0","0","0","0","0","0","0","980","0","0","0","0","0","0","0","0","0","0","0","483","497"
"30","23206","59","45","34","4","1359","0","0","0","0","0","0","0","0","0","474","0","0","0","0","0","0","0","0","0","0","0","84","389"
"30","23207","59","45","37","4","102","0","0","0","0","0","0","0","0","0","56","0","0","0","0","0","0","0","0","0","0","0","24","32"
"30","23213","59","45","34","4","322","0","0","0","0","0","0","0","0","0","118","0","0","0","0","0","0","0","0","0","0","0","18","100"
"30","23214","59","45","37","4","913","0","0","0","0","0","0","0","0","0","566","0","0","0","0","0","0","0","0","0","0","0","316","250"
"30","23216","59","45","37","4","466","0","0","0","0","0","0","0","0","0","315","0","0","0","0","0","0","0","0","0","0","0","172","141"
"30","23217","59","45","34","4","1214","0","0","0","0","0","0","0","0","0","562","0","0","0","0","0","0","0","0","0","0","0","179","383"
"30","23221","59","45","30","4","201","0","0","0","0","0","0","0","0","0","119","0","0","0","0","0","0","0","0","0","0","0","69","50"
"30","23223","59","45","30","4","233","0","0","0","0","0","0","0","0","0","141","0","0","0","0","0","0","0","0","0","0","0","80","61"
"30","23224","59","45","37","4","140","0","0","0","0","0","0","0","0","0","73","0","0","0","0","0","0","0","0","0","0","0","28","45"
"30","23225","59","45","34","4","1081","0","0","0","0","0","0","0","0","0","387","0","0","0","0","0","0","0","0","0","0","0","85","302"
"30","23227","59","45","30","4","265","0","0","0","0","0","0","0","0","0","130","0","0","0","0","0","0","0","0","0","0","0","75","55"
"30","23230","59","45","37","4","866","0","0","0","0","0","0","0","0","0","497","0","0","0","0","0","0","0","0","0","0","0","228","269"
"30","23800","59","45","34","4","677","0","0","0","0","0","0","0","0","0","322","0","0","0","0","0","0","0","0","0","0","0","102","220"
"30","23801","59","45","34","4","404","0","0","0","0","0","0","0","0","0","220","0","0","0","0","0","0","0","0","0","0","0","110","110"
"30","23802","59","45","34","4","194","0","0","0","0","0","0","0","0","0","85","0","0","0","0","0","0","0","0","0","0","0","49","36"
"30","23803","59","45","34","4","0","0","0","0","0","0","0","0","0","0","0","0","0","0","0","0","0","0","0","0","0","0","0","0"
"30","23804","59","45","30","4","236","0","0","0","0","0","0","0","0","0","142","0","0","0","0","0","0","0","0","0","0","0","71","71"
"30","23805","59","45","30","4","178","0","0","0","0","0","0","0","0","0","116","0","0","0","0","0","0","0","0","0","0","0","73","43"
"30","23806","59","45","30","4","28","0","0","0","0","0","0","0","0","0","20","0","0","0","0","0","0","0","0","0","0","0","16","4"
"30","23807","59","45","37","4","382","0","0","0","0","0","0","0","0","0","202","0","0","0","0","0","0","0","0","0","0","0","102","100"
"30","23809","59","45","34","4","22","0","0","0","0","0","0","0","0","0","17","0","0","0","0","0","0","0","0","0","0","0","9","8"
"30","23810","59","45","37","4","650","0","0","0","0","0","0","0","0","0","449","0","0","0","0","0","0","0","0","0","0","0","235","214"
"30","23811","59","45","37","4","1079","0","0","0","0","0","0","0","0","0","585","0","0","0","0","0","0","0","0","0","0","0","281","304"
"30","23812","59","45","37","4","134","0","0","0","0","0","0","0","0","0","91","0","0","0","0","0","0","0","0","0","0","0","49","42"
"30","23813","59","45","37","4","1","0","0","0","0","0","0","0","0","0","0","0","0","0","0","0","0","0","0","0","0","0","0","0"
"30","23814","59","45","37","4","381","0","0","0","0","0","0","0","0","0","244","0","0","0","0","0","0","0","0","0","0","0","133","111"
"30","23815","59","45","37","4","300","0","0","0","0","0","0","0","0","0","196","0","0","0","0","0","0","0","0","0","0","0","115","81"
"30","25230","72","47","37","4","783","0","0","0","0","0","0","0","0","0","577","0","0","0","0","0","0","0","0","0","0","0","249","328"
"30","25231","72","40","37","4","3568","0","0","0","0","0","0","0","0","0","2627","0","0","0","0","0","0","0","0","0","0","0","1078","1546"
"30","25234","72","40","37","4","3806","0","0","0","0","0","0","0","0","0","2769","0","0","0","0","0","0","0","0","0","0","0","1148","1619"
"30","25371","72","40","37","4","94","0","0","0","0","0","0","0","0","0","48","0","0","0","0","0","0","0","0","0","0","0","18","30"
"30","25377","72","40","37","4","140","0","0","0","0","0","0","0","0","0","105","0","0","0","0","0","0","0","0","0","0","0","60","45"
"30","25381","72","47","37","4","0","0","0","0","0","0","0","0","0","0","0","0","0","0","0","0","0","0","0","0","0","0","0","0"
"30","25382","72","40","37","4","737","0","0","0","0","0","0","0","0","0","452","0","0","0","0","0","0","0","0","0","0","0","179","272"
"30","25385","72","40","37","4","3163","0","0","0","0","0","0","0","0","0","2175","0","0","0","0","0","0","0","0","0","0","0","924","1249"
"30","25391","72","40","37","4","510","0","0","0","0","0","0","0","0","0","362","0","0","0","0","0","0","0","0","0","0","0","153","209"
"30","25800","72","40","37","4","2759","0","0","0","0","0","0","0","0","0","1966","0","0","0","0","0","0","0","0","0","0","0","785","1178"
"30","26197","59","40","32","4","0","0","0","0","0","0","0","0","0","0","0","0","0","0","0","0","0","0","0","0","0","0","0","0"
"30","26200","59","40","32","4","0","0","0","0","0","0","0","0","0","0","0","0","0","0","0","0","0","0","0","0","0","0","0","0"
"30","27113","70","46","36","4","1230","0","0","0","0","0","0","0","0","0","515","0","0","0","0","0","0","0","0","0","0","0","184","331"
"30","27115","70","46","36","4","376","0","0","0","0","0","0","0","0","0","177","0","0","0","0","0","0","0","0","0","0","0","80","97"
"30","27117","70","46","36","4","676","0","0","0","0","0","0","0","0","0","282","0","0","0","0","0","0","0","0","0","0","0","110","172"
"30","27133","70","46","36","4","137","0","0","0","0","0","0","0","0","0","47","0","0","0","0","0","0","0","0","0","0","0","12","35"
"30","27134","70","46","36","4","116","0","0","0","0","0","0","0","0","0","45","0","0","0","0","0","0","0","0","0","0","0","22","23"
"30","27135","70","46","36","4","558","0","0","0","0","0","0","0","0","0","180","0","0","0","0","0","0","0","0","0","0","0","59","120"
"30","27136","70","46","36","4","335","0","0","0","0","0","0","0","0","0","147","0","0","0","0","0","0","0","0","0","0","0","46","101"
"30","27138","70","46","36","4","379","0","0","0","0","0","0","0","0","0","163","0","0","0","0","0","0","0","0","0","0","0","66","97"
"30","27139","70","46","36","4","7","0","0","0","0","0","0","0","0","0","0","0","0","0","0","0","0","0","0","0","0","0","0","0"
"30","27140","70","46","36","4","11","0","0","0","0","0","0","0","0","0","0","0","0","0","0","0","0","0","0","0","0","0","0","0"
"30","27141","70","46","36","4","152","0","0","0","0","0","0","0","0","0","53","0","0","0","0","0","0","0","0","0","0","0","6","47"
"30","27142","70","46","36","4","453","0","0","0","0","0","0","0","0","0","162","0","0","0","0","0","0","0","0","0","0","0","39","123"
"30","27143","70","46","36","4","318","0","0","0","0","0","0","0","0","0","96","0","0","0","0","0","0","0","0","0","0","0","22","74"
"30","27145","70","46","36","4","733","0","0","0","0","0","0","0","0","0","320","0","0","0","0","0","0","0","0","0","0","0","121","199"
"30","27146","70","46","36","4","5","0","0","0","0","0","0","0","0","0","0","0","0","0","0","0","0","0","0","0","0","0","0","0"
"30","27147","70","46","36","4","1229","0","0","0","0","0","0","0","0","0","486","0","0","0","0","0","0","0","0","0","0","0","163","322"
"30","27149","70","46","36","4","1350","0","0","0","0","0","0","0","0","0","479","0","0","0","0","0","0","0","0","0","0","0","177","298"
"30","27156","70","46","36","4","1818","0","0","0","0","0","0","0","0","0","835","0","0","0","0","0","0","0","0","0","0","0","338","496"
"30","27157","70","46","36","4","46","0","0","0","0","0","0","0","0","0","0","0","0","0","0","0","0","0","0","0","0","0","0","0"
"30","27159","70","46","36","4","2513","0","0","0","0","0","0","0","0","0","1071","0","0","0","0","0","0","0","0","0","0","0","435","636"
"30","27161","70","46","36","4","1256","0","0","0","0","0","0","0","0","0","465","0","0","0","0","0","0","0","0","0","0","0","140","324"
"30","27162","70","46","36","4","1053","0","0","0","0","0","0","0","0","0","509","0","0","0","0","0","0","0","0","0","0","0","234","275"
"30","27163","70","46","36","4","1289","0","0","0","0","0","0","0","0","0","502","0","0","0","0","0","0","0","0","0","0","0","166","335"
"30","27164","70","46","36","4","186","0","0","0","0","0","0","0","0","0","69","0","0","0","0","0","0","0","0","0","0","0","15","54"
"30","27168","70","46","36","4","19","0","0","0","0","0","0","0","0","0","0","0","0","0","0","0","0","0","0","0","0","0","0","0"
"30","27170","70","46","36","4","1209","0","0","0","0","0","0","0","0","0","571","0","0","0","0","0","0","0","0","0","0","0","192","379"
"30","27800","70","46","36","4","448","0","0","0","0","0","0","0","0","0","176","0","0","0","0","0","0","0","0","0","0","0","71","105"
"30","27801","70","46","36","4","96","0","0","0","0","0","0","0","0","0","63","0","0","0","0","0","0","0","0","0","0","0","30","32"
"30","27802","70","46","36","4","171","0","0","0","0","0","0","0","0","0","74","0","0","0","0","0","0","0","0","0","0","0","32","42"
"30","27803","70","46","36","4","723","0","0","0","0","0","0","0","0","0","275","0","0","0","0","0","0","0","0","0","0","0","71","204"
"30","27804","70","46","36","4","9","0","0","0","0","0","0","0","0","0","0","0","0","0","0","0","0","0","0","0","0","0","0","0"
"30","27805","70","46","36","4","311","0","0","0","0","0","0","0","0","0","126","0","0","0","0","0","0","0","0","0","0","0","31","95"
"30","28200","59","40","32","4","701","0","0","0","0","0","0","0","0","0","381","0","0","0","0","0","0","0","0","0","0","0","176","205"
"30","28205","59","40","32","4","0","0","0","0","0","0","0","0","0","0","0","0","0","0","0","0","0","0","0","0","0","0","0","0"
"30","28206","59","40","32","4","0","0","0","0","0","0","0","0","0","0","0","0","0","0","0","0","0","0","0","0","0","0","0","0"
"30","28207","59","40","32","4","0","0","0","0","0","0","0","0","0","0","0","0","0","0","0","0","0","0","0","0","0","0","0","0"
"30","28247","59","40","32","4","693","0","0","0","0","0","0","0","0","0","441","0","0","0","0","0","0","0","0","0","0","0","318","123"
"30","28800","59","40","37","4","403","0","0","0","0","0","0","0","0","0","223","0","0","0","0","0","0","0","0","0","0","0","113","109"
"30","28801","59","40","32","4","0","0","0","0","0","0","0","0","0","0","0","0","0","0","0","0","0","0","0","0","0","0","0","0"
"30","29276","59","40","32","4","0","0","0","0","0","0","0","0","0","0","0","0","0","0","0","0","0","0","0","0","0","0","0","0"
"30","29277","59","40","32","4","2964","0","0","0","0","0","0","0","0","0","1681","0","0","0","0","0","0","0","0","0","0","0","931","750"
"30","29278","59","40","32","4","0","0","0","0","0","0","0","0","0","0","0","0","0","0","0","0","0","0","0","0","0","0","0","0"
"30","29279","59","40","32","4","2730","0","0","0","0","0","0","0","0","0","1668","0","0","0","0","0","0","0","0","0","0","0","1020","647"
"30","29285","59","40","32","4","4404","0","0","0","0","0","0","0","0","0","2540","0","0","0","0","0","0","0","0","0","0","0","1587","952"
"30","29286","59","40","32","4","1659","0","0","0","0","0","0","0","0","0","1010","0","0","0","0","0","0","0","0","0","0","0","617","393"
"30","29289","59","40","32","4","22","0","0","0","0","0","0","0","0","0","0","0","0","0","0","0","0","0","0","0","0","0","0","0"
"30","29292","59","40","32","4","1991","0","0","0","0","0","0","0","0","0","1235","0","0","0","0","0","0","0","0","0","0","0","805","430"
"30","29294","59","40","32","4","1768","0","0","0","0","0","0","0","0","0","1093","0","0","0","0","0","0","0","0","0","0","0","628","465"
"30","29295","59","40","32","4","510","0","0","0","0","0","0","0","0","0","278","0","0","0","0","0","0","0","0","0","0","0","145","132"
"30","29299","59","40","32","4","2660","0","0","0","0","0","0","0","0","0","1506","0","0","0","0","0","0","0","0","0","0","0","940","566"
"30","29300","59","40","32","4","1791","0","0","0","0","0","0","0","0","0","997","0","0","0","0","0","0","0","0","0","0","0","585","412"
"30","29304","59","40","32","4","1395","0","0","0","0","0","0","0","0","0","793","0","0","0","0","0","0","0","0","0","0","0","500","293"
"30","29306","59","40","32","4","0","0","0","0","0","0","0","0","0","0","0","0","0","0","0","0","0","0","0","0","0","0","0","0"
"30","29308","59","40","32","4","2247","0","0","0","0","0","0","0","0","0","1347","0","0","0","0","0","0","0","0","0","0","0","745","602"
"30","29314","59","40","32","4","3076","0","0","0","0","0","0","0","0","0","1806","0","0","0","0","0","0","0","0","0","0","0","1111","695"
"30","29315","59","40","32","4","0","0","0","0","0","0","0","0","0","0","0","0","0","0","0","0","0","0","0","0","0","0","0","0"
"30","29316","59","40","32","4","15","0","0","0","0","0","0","0","0","0","0","0","0","0","0","0","0","0","0","0","0","0","0","0"
"30","29317","59","40","32","4","0","0","0","0","0","0","0","0","0","0","0","0","0","0","0","0","0","0","0","0","0","0","0","0"
"30","29345","59","40","32","4","790","0","0","0","0","0","0","0","0","0","470","0","0","0","0","0","0","0","0","0","0","0","293","177"
"30","29346","59","45","37","4","440","0","0","0","0","0","0","0","0","0","263","0","0","0","0","0","0","0","0","0","0","0","152","111"
"30","29347","59","40","32","4","2919","0","0","0","0","0","0","0","0","0","1728","0","0","0","0","0","0","0","0","0","0","0","1083","645"
"30","29349","59","40","32","4","977","0","0","0","0","0","0","0","0","0","643","0","0","0","0","0","0","0","0","0","0","0","407","236"
"30","29356","59","40","32","4","2105","0","0","0","0","0","0","0","0","0","1394","0","0","0","0","0","0","0","0","0","0","0","858","535"
"30","29359","59","40","32","4","2889","0","0","0","0","0","0","0","0","0","1684","0","0","0","0","0","0","0","0","0","0","0","1063","620"
"30","29361","59","40","37","4","328","0","0","0","0","0","0","0","0","0","213","0","0","0","0","0","0","0","0","0","0","0","137","76"
"30","29362","59","40","32","4","2628","0","0","0","0","0","0","0","0","0","1362","0","0","0","0","0","0","0","0","0","0","0","730","630"
"30","29363","59","40","32","4","2186","0","0","0","0","0","0","0","0","0","1287","0","0","0","0","0","0","0","0","0","0","0","735","550"
"30","29365","59","40","32","4","1008","0","0","0","0","0","0","0","0","0","658","0","0","0","0","0","0","0","0","0","0","0","412","246"
"30","29370","59","40","32","4","3627","0","0","0","0","0","0","0","0","0","2275","0","0","0","0","0","0","0","0","0","0","0","1376","896"
"30","29371","59","40","32","4","137","0","0","0","0","0","0","0","0","0","32","0","0","0","0","0","0","0","0","0","0","0","6","26"
"30","29800","59","40","37","4","164","0","0","0","0","0","0","0","0","0","99","0","0","0","0","0","0","0","0","0","0","0","56","43"
"30","29801","59","40","37","4","334","0","0","0","0","0","0","0","0","0","184","0","0","0","0","0","0","0","0","0","0","0","87","97"
"30","29802","59","40","32","4","0","0","0","0","0","0","0","0","0","0","0","0","0","0","0","0","0","0","0","0","0","0","0","0"
"30","29803","59","40","32","4","0","0","0","0","0","0","0","0","0","0","0","0","0","0","0","0","0","0","0","0","0","0","0","0"
"30","29804","59","40","32","4","0","0","0","0","0","0","0","0","0","0","0","0","0","0","0","0","0","0","0","0","0","0","0","0"
"30","29808","59","40","32","4","0","0","0","0","0","0","0","0","0","0","0","0","0","0","0","0","0","0","0","0","0","0","0","0"
"30","29809","59","40","32","4","0","0","0","0","0","0","0","0","0","0","0","0","0","0","0","0","0","0","0","0","0","0","0","0"
"30","29810","59","40","32","4","1745","0","0","0","0","0","0","0","0","0","904","0","0","0","0","0","0","0","0","0","0","0","458","446"
"30","29811","59","40","32","4","0","0","0","0","0","0","0","0","0","0","0","0","0","0","0","0","0","0","0","0","0","0","0","0"
"30","29812","59","40","32","4","0","0","0","0","0","0","0","0","0","0","0","0","0","0","0","0","0","0","0","0","0","0","0","0"
"30","29813","59","40","32","4","0","0","0","0","0","0","0","0","0","0","0","0","0","0","0","0","0","0","0","0","0","0","0","0"
"30","29814","59","40","32","4","0","0","0","0","0","0","0","0","0","0","0","0","0","0","0","0","0","0","0","0","0","0","0","0"
"30","29815","59","40","32","4","0","0","0","0","0","0","0","0","0","0","0","0","0","0","0","0","0","0","0","0","0","0","0","0"
"30","29816","59","40","32","4","0","0","0","0","0","0","0","0","0","0","0","0","0","0","0","0","0","0","0","0","0","0","0","0"
"30","29817","59","40","32","4","0","0","0","0","0","0","0","0","0","0","0","0","0","0","0","0","0","0","0","0","0","0","0","0"
"30","29818","59","40","32","4","0","0","0","0","0","0","0","0","0","0","0","0","0","0","0","0","0","0","0","0","0","0","0","0"
"30","29819","59","40","32","4","0","0","0","0","0","0","0","0","0","0","0","0","0","0","0","0","0","0","0","0","0","0","0","0"
"30","29820","59","40","32","4","0","0","0","0","0","0","0","0","0","0","0","0","0","0","0","0","0","0","0","0","0","0","0","0"
"30","29821","59","40","32","4","10","0","0","0","0","0","0","0","0","0","0","0","0","0","0","0","0","0","0","0","0","0","0","0"
"30","29822","59","40","32","4","0","0","0","0","0","0","0","0","0","0","0","0","0","0","0","0","0","0","0","0","0","0","0","0"
"30","29823","59","40","32","4","0","0","0","0","0","0","0","0","0","0","0","0","0","0","0","0","0","0","0","0","0","0","0","0"
"30","31002","70","45","36","4","1359","0","0","0","0","0","0","0","0","0","859","0","0","0","0","0","0","0","0","0","0","0","452","406"
"30","31004","70","45","36","4","1410","0","0","0","0","0","0","0","0","0","633","0","0","0","0","0","0","0","0","0","0","0","246","386"
"30","31009","70","45","36","4","1295","0","0","0","0","0","0","0","0","0","670","0","0","0","0","0","0","0","0","0","0","0","336","332"
"30","31010","70","45","36","4","2596","0","0","0","0","0","0","0","0","0","1318","0","0","0","0","0","0","0","0","0","0","0","703","614"
"30","31013","70","45","36","4","1136","0","0","0","0","0","0","0","0","0","530","0","0","0","0","0","0","0","0","0","0","0","201","328"
"30","31014","70","45","36","4","759","0","0","0","0","0","0","0","0","0","400","0","0","0","0","0","0","0","0","0","0","0","215","185"
"30","31016","70","45","36","4","2405","0","0","0","0","0","0","0","0","0","1250","0","0","0","0","0","0","0","0","0","0","0","661","588"
"30","31018","70","45","36","4","0","0","0","0","0","0","0","0","0","0","0","0","0","0","0","0","0","0","0","0","0","0","0","0"
"30","31019","70","45","36","4","0","0","0","0","0","0","0","0","0","0","0","0","0","0","0","0","0","0","0","0","0","0","0","0"
"30","31201","70","45","36","4","1184","0","0","0","0","0","0","0","0","0","674","0","0","0","0","0","0","0","0","0","0","0","389","284"
"30","31210","70","45","36","4","466","0","0","0","0","0","0","0","0","0","221","0","0","0","0","0","0","0","0","0","0","0","113","108"
"30","31213","70","45","36","4","624","0","0","0","0","0","0","0","0","0","294","0","0","0","0","0","0","0","0","0","0","0","150","144"
"30","31214","70","45","36","4","1825","0","0","0","0","0","0","0","0","0","1059","0","0","0","0","0","0","0","0","0","0","0","507","551"
"30","31216","70","45","36","4","0","0","0","0","0","0","0","0","0","0","0","0","0","0","0","0","0","0","0","0","0","0","0","0"
"30","31218","70","45","36","4","3001","0","0","0","0","0","0","0","0","0","1413","0","0","0","0","0","0","0","0","0","0","0","623","790"
"30","31224","70","45","36","4","1529","0","0","0","0","0","0","0","0","0","951","0","0","0","0","0","0","0","0","0","0","0","518","433"
"30","31225","70","45","36","4","2109","0","0","0","0","0","0","0","0","0","1211","0","0","0","0","0","0","0","0","0","0","0","657","552"
"30","31246","70","45","36","4","1128","0","0","0","0","0","0","0","0","0","591","0","0","0","0","0","0","0","0","0","0","0","258","333"
"30","31248","70","45","36","4","2580","0","0","0","0","0","0","0","0","0","1501","0","0","0","0","0","0","0","0","0","0","0","739","761"
"30","31800","70","45","36","4","1","0","0","0","0","0","0","0","0","0","0","0","0","0","0","0","0","0","0","0","0","0","0","0"
"30","31802","70","45","36","4","1184","0","0","0","0","0","0","0","0","0","599","0","0","0","0","0","0","0","0","0","0","0","316","283"
"30","31803","70","45","36","4","1041","0","0","0","0","0","0","0","0","0","523","0","0","0","0","0","0","0","0","0","0","0","271","252"
"30","31808","70","45","36","4","1432","0","0","0","0","0","0","0","0","0","872","0","0","0","0","0","0","0","0","0","0","0","458","413"
"30","31809","70","45","36","4","1172","0","0","0","0","0","0","0","0","0","643","0","0","0","0","0","0","0","0","0","0","0","285","356"
"30","31810","70","45","36","4","1403","0","0","0","0","0","0","0","0","0","828","0","0","0","0","0","0","0","0","0","0","0","430","398"
"30","31811","70","45","36","4","1410","0","0","0","0","0","0","0","0","0","848","0","0","0","0","0","0","0","0","0","0","0","447","401"
"30","31812","70","45","36","4","1582","0","0","0","0","0","0","0","0","0","856","0","0","0","0","0","0","0","0","0","0","0","436","420"
"30","31813","70","45","36","4","1340","0","0","0","0","0","0","0","0","0","684","0","0","0","0","0","0","0","0","0","0","0","359","325"
"30","31814","70","45","36","4","0","0","0","0","0","0","0","0","0","0","0","0","0","0","0","0","0","0","0","0","0","0","0","0"
"30","31815","70","45","36","4","3306","0","0","0","0","0","0","0","0","0","1680","0","0","0","0","0","0","0","0","0","0","0","686","990"
"30","31816","70","45","36","4","4","0","0","0","0","0","0","0","0","0","0","0","0","0","0","0","0","0","0","0","0","0","0","0"
"30","31817","70","45","36","4","0","0","0","0","0","0","0","0","0","0","0","0","0","0","0","0","0","0","0","0","0","0","0","0"
"30","32100","72","47","36","4","2852","0","0","0","0","0","0","0","0","0","1504","0","0","0","0","0","0","0","0","0","0","0","684","820"
"30","32101","72","47","36","4","1308","0","0","0","0","0","0","0","0","0","871","0","0","0","0","0","0","0","0","0","0","0","539","332"
"30","32102","72","47","36","4","1415","0","0","0","0","0","0","0","0","0","972","0","0","0","0","0","0","0","0","0","0","0","617","354"
"30","32103","72","47","36","4","4234","0","0","0","0","0","0","0","0","0","2626","0","0","0","0","0","0","0","0","0","0","0","1327","1299"
"30","32106","72","47","36","4","2286","0","0","0","0","0","0","0","0","0","1318","0","0","0","0","0","0","0","0","0","0","0","648","670"
"30","32109","72","47","36","4","786","0","0","0","0","0","0","0","0","0","441","0","0","0","0","0","0","0","0","0","0","0","291","150"
"30","32111","72","47","36","4","25","0","0","0","0","0","0","0","0","0","13","0","0","0","0","0","0","0","0","0","0","0","10","3"
"30","32112","72","47","36","4","226","0","0","0","0","0","0","0","0","0","130","0","0","0","0","0","0","0","0","0","0","0","71","57"
"30","32113","72","47","36","4","2781","0","0","0","0","0","0","0","0","0","1266","0","0","0","0","0","0","0","0","0","0","0","622","642"
"30","32137","70","47","36","4","618","0","0","0","0","0","0","0","0","0","264","0","0","0","0","0","0","0","0","0","0","0","114","150"
"30","32143","72","47","36","4","1366","0","0","0","0","0","0","0","0","0","866","0","0","0","0","0","0","0","0","0","0","0","446","419"
"30","32145","72","47","36","4","985","0","0","0","0","0","0","0","0","0","697","0","0","0","0","0","0","0","0","0","0","0","386","311"
"30","32146","72","47","36","4","1338","0","0","0","0","0","0","0","0","0","856","0","0","0","0","0","0","0","0","0","0","0","473","383"
"30","32157","72","47","36","4","1190","0","0","0","0","0","0","0","0","0","722","0","0","0","0","0","0","0","0","0","0","0","495","227"
"30","32160","72","47","36","4","3429","0","0","0","0","0","0","0","0","0","1859","0","0","0","0","0","0","0","0","0","0","0","975","884"
"30","32166","70","47","36","4","1406","0","0","0","0","0","0","0","0","0","710","0","0","0","0","0","0","0","0","0","0","0","343","366"
"30","32171","70","47","36","4","1071","0","0","0","0","0","0","0","0","0","600","0","0","0","0","0","0","0","0","0","0","0","324","276"
"30","32178","72","47","36","4","1705","0","0","0","0","0","0","0","0","0","776","0","0","0","0","0","0","0","0","0","0","0","300","475"
"30","32179","72","47","36","4","1314","0","0","0","0","0","0","0","0","0","816","0","0","0","0","0","0","0","0","0","0","0","417","399"
"30","32180","72","47","36","4","956","0","0","0","0","0","0","0","0","0","607","0","0","0","0","0","0","0","0","0","0","0","316","291"
"30","32184","72","47","36","4","1280","0","0","0","0","0","0","0","0","0","756","0","0","0","0","0","0","0","0","0","0","0","457","298"
"30","32190","72","47","36","4","2758","0","0","0","0","0","0","0","0","0","1693","0","0","0","0","0","0","0","0","0","0","0","916","776"
"30","32193","72","47","36","4","1598","0","0","0","0","0","0","0","0","0","864","0","0","0","0","0","0","0","0","0","0","0","423","440"
"30","32195","72","47","36","4","3391","0","0","0","0","0","0","0","0","0","2047","0","0","0","0","0","0","0","0","0","0","0","1211","836"
"30","32196","72","47","36","4","4185","0","0","0","0","0","0","0","0","0","2476","0","0","0","0","0","0","0","0","0","0","0","1343","1133"
"30","32200","72","47","36","4","2598","0","0","0","0","0","0","0","0","0","1518","0","0","0","0","0","0","0","0","0","0","0","761","755"
"30","32205","72","47","36","4","1255","0","0","0","0","0","0","0","0","0","729","0","0","0","0","0","0","0","0","0","0","0","377","352"
"30","32208","72","47","36","4","2951","0","0","0","0","0","0","0","0","0","1910","0","0","0","0","0","0","0","0","0","0","0","1130","780"
"30","32210","72","47","36","4","0","0","0","0","0","0","0","0","0","0","0","0","0","0","0","0","0","0","0","0","0","0","0","0"
"30","32211","72","47","36","4","109","0","0","0","0","0","0","0","0","0","64","0","0","0","0","0","0","0","0","0","0","0","39","25"
"30","32212","72","47","36","4","613","0","0","0","0","0","0","0","0","0","423","0","0","0","0","0","0","0","0","0","0","0","226","196"
"30","32232","72","47","36","4","3373","0","0","0","0","0","0","0","0","0","2097","0","0","0","0","0","0","0","0","0","0","0","1134","961"
"30","32265","72","47","36","4","1433","0","0","0","0","0","0","0","0","0","851","0","0","0","0","0","0","0","0","0","0","0","452","399"
"30","32266","72","47","36","4","1873","0","0","0","0","0","0","0","0","0","1136","0","0","0","0","0","0","0","0","0","0","0","628","508"
"30","32269","72","47","36","4","1641","0","0","0","0","0","0","0","0","0","1080","0","0","0","0","0","0","0","0","0","0","0","672","408"
"30","32282","72","47","36","4","2316","0","0","0","0","0","0","0","0","0","1420","0","0","0","0","0","0","0","0","0","0","0","720","700"
"30","32287","72","47","36","4","3824","0","0","0","0","0","0","0","0","0","2229","0","0","0","0","0","0","0","0","0","0","0","1129","1100"
"30","32295","72","47","36","4","2596","0","0","0","0","0","0","0","0","0","1558","0","0","0","0","0","0","0","0","0","0","0","849","709"
"30","32300","70","47","36","4","310","0","0","0","0","0","0","0","0","0","189","0","0","0","0","0","0","0","0","0","0","0","110","79"
"30","32305","72","47","36","4","3067","0","0","0","0","0","0","0","0","0","1822","0","0","0","0","0","0","0","0","0","0","0","936","885"
"30","32306","72","47","36","4","2905","0","0","0","0","0","0","0","0","0","1955","0","0","0","0","0","0","0","0","0","0","0","1099","855"
"30","32307","72","47","36","4","561","0","0","0","0","0","0","0","0","0","355","0","0","0","0","0","0","0","0","0","0","0","186","169"
"30","32308","72","47","36","4","1853","0","0","0","0","0","0","0","0","0","1065","0","0","0","0","0","0","0","0","0","0","0","544","521"
"30","32309","72","47","36","4","1112","0","0","0","0","0","0","0","0","0","631","0","0","0","0","0","0","0","0","0","0","0","320","310"
"30","32314","72","47","36","4","1169","0","0","0","0","0","0","0","0","0","783","0","0","0","0","0","0","0","0","0","0","0","446","337"
"30","32316","72","47","36","4","1572","0","0","0","0","0","0","0","0","0","986","0","0","0","0","0","0","0","0","0","0","0","536","450"
"30","32319","72","47","36","4","1396","0","0","0","0","0","0","0","0","0","854","0","0","0","0","0","0","0","0","0","0","0","463","391"
"30","32335","70","47","36","4","2155","0","0","0","0","0","0","0","0","0","1055","0","0","0","0","0","0","0","0","0","0","0","552","503"
"30","32337","72","47","36","4","1785","0","0","0","0","0","0","0","0","0","921","0","0","0","0","0","0","0","0","0","0","0","514","407"
"30","32338","72","47","36","4","2539","0","0","0","0","0","0","0","0","0","1446","0","0","0","0","0","0","0","0","0","0","0","777","669"
"30","32349","72","47","36","4","1489","0","0","0","0","0","0","0","0","0","900","0","0","0","0","0","0","0","0","0","0","0","523","377"
"30","32355","72","47","36","4","3003","0","0","0","0","0","0","0","0","0","1910","0","0","0","0","0","0","0","0","0","0","0","1065","845"
"30","32356","72","47","36","4","1041","0","0","0","0","0","0","0","0","0","581","0","0","0","0","0","0","0","0","0","0","0","281","300"
"30","32362","72","47","36","4","192","0","0","0","0","0","0","0","0","0","133","0","0","0","0","0","0","0","0","0","0","0","85","48"
"30","32366","72","47","36","4","136","0","0","0","0","0","0","0","0","0","66","0","0","0","0","0","0","0","0","0","0","0","37","29"
"30","32367","72","47","36","4","5","0","0","0","0","0","0","0","0","0","0","0","0","0","0","0","0","0","0","0","0","0","0","0"
"30","32368","72","47","36","4","1045","0","0","0","0","0","0","0","0","0","558","0","0","0","0","0","0","0","0","0","0","0","298","260"
"30","32370","70","47","36","4","1489","0","0","0","0","0","0","0","0","0","728","0","0","0","0","0","0","0","0","0","0","0","346","382"
"30","32371","72","47","36","4","1532","0","0","0","0","0","0","0","0","0","896","0","0","0","0","0","0","0","0","0","0","0","436","459"
"30","32376","72","47","36","4","3418","0","0","0","0","0","0","0","0","0","1869","0","0","0","0","0","0","0","0","0","0","0","1013","854"
"30","32379","72","47","36","4","2710","0","0","0","0","0","0","0","0","0","1510","0","0","0","0","0","0","0","0","0","0","0","771","738"
"30","32400","72","47","36","4","2345","0","0","0","0","0","0","0","0","0","1464","0","0","0","0","0","0","0","0","0","0","0","844","619"
"30","32800","70","47","36","4","235","0","0","0","0","0","0","0","0","0","88","0","0","0","0","0","0","0","0","0","0","0","21","67"
"30","32801","70","47","36","4","19","0","0","0","0","0","0","0","0","0","0","0","0","0","0","0","0","0","0","0","0","0","0","0"
"30","32802","70","47","36","4","0","0","0","0","0","0","0","0","0","0","0","0","0","0","0","0","0","0","0","0","0","0","0","0"
"30","32804","70","47","36","4","582","0","0","0","0","0","0","0","0","0","199","0","0","0","0","0","0","0","0","0","0","0","58","141"
"30","32805","72","47","36","4","2372","0","0","0","0","0","0","0","0","0","969","0","0","0","0","0","0","0","0","0","0","0","255","713"
"30","32807","70","47","36","4","727","0","0","0","0","0","0","0","0","0","277","0","0","0","0","0","0","0","0","0","0","0","97","180"
"30","32811","70","47","36","4","0","0","0","0","0","0","0","0","0","0","0","0","0","0","0","0","0","0","0","0","0","0","0","0"
"30","32812","72","47","36","4","0","0","0","0","0","0","0","0","0","0","0","0","0","0","0","0","0","0","0","0","0","0","0","0"
"30","32813","72","47","36","4","1500","0","0","0","0","0","0","0","0","0","1173","0","0","0","0","0","0","0","0","0","0","0","558","614"
"30","32814","72","47","36","4","1377","0","0","0","0","0","0","0","0","0","895","0","0","0","0","0","0","0","0","0","0","0","442","453"
"30","32815","72","47","36","4","1359","0","0","0","0","0","0","0","0","0","856","0","0","0","0","0","0","0","0","0","0","0","504","352"
"30","32816","72","47","36","4","1295","0","0","0","0","0","0","0","0","0","837","0","0","0","0","0","0","0","0","0","0","0","457","380"
"30","32817","72","47","36","4","1402","0","0","0","0","0","0","0","0","0","788","0","0","0","0","0","0","0","0","0","0","0","389","398"
"30","32818","72","47","36","4","1026","0","0","0","0","0","0","0","0","0","697","0","0","0","0","0","0","0","0","0","0","0","362","335"
"30","32819","72","47","36","4","1420","0","0","0","0","0","0","0","0","0","912","0","0","0","0","0","0","0","0","0","0","0","512","400"
"30","32820","72","47","36","4","2349","0","0","0","0","0","0","0","0","0","1313","0","0","0","0","0","0","0","0","0","0","0","624","689"
"30","32821","72","47","36","4","1608","0","0","0","0","0","0","0","0","0","1033","0","0","0","0","0","0","0","0","0","0","0","578","454"
"30","32822","72","47","36","4","1303","0","0","0","0","0","0","0","0","0","759","0","0","0","0","0","0","0","0","0","0","0","405","354"
"30","32823","72","47","36","4","1299","0","0","0","0","0","0","0","0","0","771","0","0","0","0","0","0","0","0","0","0","0","466","305"
"30","32824","72","47","36","4","316","0","0","0","0","0","0","0","0","0","198","0","0","0","0","0","0","0","0","0","0","0","109","89"
"30","32825","72","47","36","4","1671","0","0","0","0","0","0","0","0","0","957","0","0","0","0","0","0","0","0","0","0","0","488","469"
"30","32826","72","47","36","4","1","0","0","0","0","0","0","0","0","0","0","0","0","0","0","0","0","0","0","0","0","0","0","0"
"30","32827","72","47","36","4","1815","0","0","0","0","0","0","0","0","0","809","0","0","0","0","0","0","0","0","0","0","0","323","486"
"30","32828","70","47","36","4","1403","0","0","0","0","0","0","0","0","0","719","0","0","0","0","0","0","0","0","0","0","0","351","368"
"30","32829","72","47","36","4","0","0","0","0","0","0","0","0","0","0","0","0","0","0","0","0","0","0","0","0","0","0","0","0"
"30","32830","70","47","36","4","1087","0","0","0","0","0","0","0","0","0","586","0","0","0","0","0","0","0","0","0","0","0","300","286"
"30","32831","72","47","36","4","1309","0","0","0","0","0","0","0","0","0","744","0","0","0","0","0","0","0","0","0","0","0","407","336"
"30","32832","72","47","36","4","964","0","0","0","0","0","0","0","0","0","415","0","0","0","0","0","0","0","0","0","0","0","130","285"
"30","33109","70","45","36","4","0","0","0","0","0","0","0","0","0","0","0","0","0","0","0","0","0","0","0","0","0","0","0","0"
"30","33114","70","45","36","4","312","0","0","0","0","0","0","0","0","0","208","0","0","0","0","0","0","0","0","0","0","0","96","112"
"30","33117","70","45","36","4","961","0","0","0","0","0","0","0","0","0","637","0","0","0","0","0","0","0","0","0","0","0","322","314"
"30","33118","70","45","36","4","1140","0","0","0","0","0","0","0","0","0","540","0","0","0","0","0","0","0","0","0","0","0","205","335"
"30","33122","70","45","36","4","849","0","0","0","0","0","0","0","0","0","529","0","0","0","0","0","0","0","0","0","0","0","287","242"
"30","33123","70","45","36","4","38","0","0","0","0","0","0","0","0","0","27","0","0","0","0","0","0","0","0","0","0","0","19","8"
"30","33124","70","45","36","4","0","0","0","0","0","0","0","0","0","0","0","0","0","0","0","0","0","0","0","0","0","0","0","0"
"30","33126","70","45","36","4","1475","0","0","0","0","0","0","0","0","0","807","0","0","0","0","0","0","0","0","0","0","0","406","401"
"30","33127","70","45","36","4","485","0","0","0","0","0","0","0","0","0","313","0","0","0","0","0","0","0","0","0","0","0","175","138"
"30","33128","70","45","36","4","694","0","0","0","0","0","0","0","0","0","313","0","0","0","0","0","0","0","0","0","0","0","111","202"
"30","33130","70","45","36","4","0","0","0","0","0","0","0","0","0","0","0","0","0","0","0","0","0","0","0","0","0","0","0","0"
"30","33131","70","45","36","4","20","0","0","0","0","0","0","0","0","0","0","0","0","0","0","0","0","0","0","0","0","0","0","0"
"30","33132","70","45","36","4","267","0","0","0","0","0","0","0","0","0","131","0","0","0","0","0","0","0","0","0","0","0","50","81"
"30","33133","70","45","36","4","0","0","0","0","0","0","0","0","0","0","0","0","0","0","0","0","0","0","0","0","0","0","0","0"
"30","33134","70","45","36","4","0","0","0","0","0","0","0","0","0","0","0","0","0","0","0","0","0","0","0","0","0","0","0","0"
"30","33135","70","45","36","4","330","0","0","0","0","0","0","0","0","0","155","0","0","0","0","0","0","0","0","0","0","0","65","90"
"30","33136","70","45","36","4","160","0","0","0","0","0","0","0","0","0","90","0","0","0","0","0","0","0","0","0","0","0","48","42"
"30","33137","70","45","36","4","0","0","0","0","0","0","0","0","0","0","0","0","0","0","0","0","0","0","0","0","0","0","0","0"
"30","33800","70","45","36","4","0","0","0","0","0","0","0","0","0","0","0","0","0","0","0","0","0","0","0","0","0","0","0","0"
"30","33801","70","45","36","4","0","0","0","0","0","0","0","0","0","0","0","0","0","0","0","0","0","0","0","0","0","0","0","0"
"30","33802","70","45","36","4","63","0","0","0","0","0","0","0","0","0","39","0","0","0","0","0","0","0","0","0","0","0","21","18"
"30","33803","70","45","36","4","0","0","0","0","0","0","0","0","0","0","0","0","0","0","0","0","0","0","0","0","0","0","0","0"
"30","33804","70","45","36","4","233","0","0","0","0","0","0","0","0","0","113","0","0","0","0","0","0","0","0","0","0","0","43","70"
"30","33805","70","45","36","4","150","0","0","0","0","0","0","0","0","0","69","0","0","0","0","0","0","0","0","0","0","0","35","34"
"30","33806","70","45","36","4","134","0","0","0","0","0","0","0","0","0","48","0","0","0","0","0","0","0","0","0","0","0","24","24"
"30","33807","70","45","36","4","0","0","0","0","0","0","0","0","0","0","0","0","0","0","0","0","0","0","0","0","0","0","0","0"
"30","33808","70","45","36","4","238","0","0","0","0","0","0","0","0","0","94","0","0","0","0","0","0","0","0","0","0","0","40","54"
"30","34091","70","45","36","4","394","0","0","0","0","0","0","0","0","0","131","0","0","0","0","0","0","0","0","0","0","0","48","83"
"30","34092","70","45","36","4","447","0","0","0","0","0","0","0","0","0","209","0","0","0","0","0","0","0","0","0","0","0","112","97"
"30","34093","70","45","36","4","498","0","0","0","0","0","0","0","0","0","185","0","0","0","0","0","0","0","0","0","0","0","61","123"
"30","34095","70","45","36","4","322","0","0","0","0","0","0","0","0","0","149","0","0","0","0","0","0","0","0","0","0","0","80","69"
"30","34097","70","45","36","4","1012","0","0","0","0","0","0","0","0","0","384","0","0","0","0","0","0","0","0","0","0","0","175","209"
"30","34098","70","45","36","4","422","0","0","0","0","0","0","0","0","0","177","0","0","0","0","0","0","0","0","0","0","0","72","105"
"30","34337","70","45","36","4","1711","0","0","0","0","0","0","0","0","0","689","0","0","0","0","0","0","0","0","0","0","0","309","379"
"30","35125","70","45","36","4","1066","0","0","0","0","0","0","0","0","0","699","0","0","0","0","0","0","0","0","0","0","0","382","317"
"30","35128","70","45","36","4","1137","0","0","0","0","0","0","0","0","0","709","0","0","0","0","0","0","0","0","0","0","0","355","354"
"30","35129","70","45","36","4","2297","0","0","0","0","0","0","0","0","0","1511","0","0","0","0","0","0","0","0","0","0","0","800","711"
"30","35134","70","45","36","4","1703","0","0","0","0","0","0","0","0","0","1164","0","0","0","0","0","0","0","0","0","0","0","559","604"
"30","35140","70","45","36","4","1913","0","0","0","0","0","0","0","0","0","1224","0","0","0","0","0","0","0","0","0","0","0","608","616"
"30","36003","72","47","36","4","639","0","0","0","0","0","0","0","0","0","466","0","0","0","0","0","0","0","0","0","0","0","225","241"
"30","36007","72","47","36","4","908","0","0","0","0","0","0","0","0","0","650","0","0","0","0","0","0","0","0","0","0","0","290","359"
"30","36008","72","47","36","4","1529","0","0","0","0","0","0","0","0","0","1153","0","0","0","0","0","0","0","0","0","0","0","571","581"
"30","36013","72","47","36","4","337","0","0","0","0","0","0","0","0","0","239","0","0","0","0","0","0","0","0","0","0","0","122","117"
"30","36014","72","47","36","4","2015","0","0","0","0","0","0","0","0","0","1491","0","0","0","0","0","0","0","0","0","0","0","691","798"
"30","36015","72","47","36","4","1126","0","0","0","0","0","0","0","0","0","842","0","0","0","0","0","0","0","0","0","0","0","428","413"
"30","36016","72","47","36","4","628","0","0","0","0","0","0","0","0","0","461","0","0","0","0","0","0","0","0","0","0","0","213","248"
"30","36017","72","47","36","4","0","0","0","0","0","0","0","0","0","0","0","0","0","0","0","0","0","0","0","0","0","0","0","0"
"30","36018","72","47","36","4","1","0","0","0","0","0","0","0","0","0","0","0","0","0","0","0","0","0","0","0","0","0","0","0"
"30","36105","70","47","36","4","651","0","0","0","0","0","0","0","0","0","460","0","0","0","0","0","0","0","0","0","0","0","230","230"
"30","36107","70","47","36","4","0","0","0","0","0","0","0","0","0","0","0","0","0","0","0","0","0","0","0","0","0","0","0","0"
"30","36264","72","47","36","4","1955","0","0","0","0","0","0","0","0","0","1223","0","0","0","0","0","0","0","0","0","0","0","616","607"
"30","36266","72","47","36","4","1453","0","0","0","0","0","0","0","0","0","933","0","0","0","0","0","0","0","0","0","0","0","422","511"
"30","36268","70","47","36","4","3757","0","0","0","0","0","0","0","0","0","2458","0","0","0","0","0","0","0","0","0","0","0","1249","1209"
"30","36277","70","47","36","4","112","0","0","0","0","0","0","0","0","0","66","0","0","0","0","0","0","0","0","0","0","0","38","28"
"30","36281","70","47","36","4","0","0","0","0","0","0","0","0","0","0","0","0","0","0","0","0","0","0","0","0","0","0","0","0"
"30","36282","70","47","36","4","0","0","0","0","0","0","0","0","0","0","0","0","0","0","0","0","0","0","0","0","0","0","0","0"
"30","36283","72","47","36","4","8","0","0","0","0","0","0","0","0","0","0","0","0","0","0","0","0","0","0","0","0","0","0","0"
"30","36284","72","47","36","4","110","0","0","0","0","0","0","0","0","0","35","0","0","0","0","0","0","0","0","0","0","0","15","20"
"30","36311","70","47","36","4","0","0","0","0","0","0","0","0","0","0","0","0","0","0","0","0","0","0","0","0","0","0","0","0"
"30","36312","70","47","36","4","0","0","0","0","0","0","0","0","0","0","0","0","0","0","0","0","0","0","0","0","0","0","0","0"
"30","36317","70","47","36","4","18","0","0","0","0","0","0","0","0","0","11","0","0","0","0","0","0","0","0","0","0","0","2","9"
"30","36318","70","47","36","4","76","0","0","0","0","0","0","0","0","0","47","0","0","0","0","0","0","0","0","0","0","0","16","30"
"30","36320","70","47","36","4","591","0","0","0","0","0","0","0","0","0","317","0","0","0","0","0","0","0","0","0","0","0","105","212"
"30","36321","72","47","36","4","0","0","0","0","0","0","0","0","0","0","0","0","0","0","0","0","0","0","0","0","0","0","0","0"
"30","36325","72","47","36","4","0","0","0","0","0","0","0","0","0","0","0","0","0","0","0","0","0","0","0","0","0","0","0","0"
"30","36326","72","47","36","4","0","0","0","0","0","0","0","0","0","0","0","0","0","0","0","0","0","0","0","0","0","0","0","0"
"30","36328","72","47","36","4","0","0","0","0","0","0","0","0","0","0","0","0","0","0","0","0","0","0","0","0","0","0","0","0"
"30","36329","72","47","36","4","9","0","0","0","0","0","0","0","0","0","0","0","0","0","0","0","0","0","0","0","0","0","0","0"
"30","36330","72","47","36","4","0","0","0","0","0","0","0","0","0","0","0","0","0","0","0","0","0","0","0","0","0","0","0","0"
"30","36331","72","47","36","4","0","0","0","0","0","0","0","0","0","0","0","0","0","0","0","0","0","0","0","0","0","0","0","0"
"30","36339","72","47","36","4","1116","0","0","0","0","0","0","0","0","0","665","0","0","0","0","0","0","0","0","0","0","0","294","371"
"30","36340","72","47","36","4","2200","0","0","0","0","0","0","0","0","0","1558","0","0","0","0","0","0","0","0","0","0","0","782","776"
"30","36346","72","47","36","4","0","0","0","0","0","0","0","0","0","0","0","0","0","0","0","0","0","0","0","0","0","0","0","0"
"30","36347","72","47","36","4","276","0","0","0","0","0","0","0","0","0","191","0","0","0","0","0","0","0","0","0","0","0","136","55"
"30","36800","72","47","36","4","0","0","0","0","0","0","0","0","0","0","0","0","0","0","0","0","0","0","0","0","0","0","0","0"
"30","36801","72","47","36","4","0","0","0","0","0","0","0","0","0","0","0","0","0","0","0","0","0","0","0","0","0","0","0","0"
"30","36802","70","45","36","4","0","0","0","0","0","0","0","0","0","0","0","0","0","0","0","0","0","0","0","0","0","0","0","0"
"30","36803","72","47","36","4","0","0","0","0","0","0","0","0","0","0","0","0","0","0","0","0","0","0","0","0","0","0","0","0"
"30","36804","70","47","36","4","0","0","0","0","0","0","0","0","0","0","0","0","0","0","0","0","0","0","0","0","0","0","0","0"
"30","36805","70","47","36","4","0","0","0","0","0","0","0","0","0","0","0","0","0","0","0","0","0","0","0","0","0","0","0","0"
"30","36806","70","47","36","4","0","0","0","0","0","0","0","0","0","0","0","0","0","0","0","0","0","0","0","0","0","0","0","0"
"30","36807","72","47","36","4","0","0","0","0","0","0","0","0","0","0","0","0","0","0","0","0","0","0","0","0","0","0","0","0"
"30","36808","70","47","36","4","0","0","0","0","0","0","0","0","0","0","0","0","0","0","0","0","0","0","0","0","0","0","0","0"
"30","36810","70","47","36","4","0","0","0","0","0","0","0","0","0","0","0","0","0","0","0","0","0","0","0","0","0","0","0","0"
"30","36811","70","47","36","4","0","0","0","0","0","0","0","0","0","0","0","0","0","0","0","0","0","0","0","0","0","0","0","0"
"30","36812","72","47","36","4","0","0","0","0","0","0","0","0","0","0","0","0","0","0","0","0","0","0","0","0","0","0","0","0"
"30","37202","72","47","36","4","0","0","0","0","0","0","0","0","0","0","0","0","0","0","0","0","0","0","0","0","0","0","0","0"
"30","37203","72","47","36","4","0","0","0","0","0","0","0","0","0","0","0","0","0","0","0","0","0","0","0","0","0","0","0","0"
"30","37204","72","47","36","4","0","0","0","0","0","0","0","0","0","0","0","0","0","0","0","0","0","0","0","0","0","0","0","0"
"30","38084","72","40","38","4","3758","0","0","0","0","0","0","0","0","0","2269","0","0","0","0","0","0","0","0","0","0","0","1160","1109"
"30","38293","72","40","38","4","3110","0","0","0","0","0","0","0","0","0","1572","0","0","0","0","0","0","0","0","0","0","0","620","952"
"30","38301","72","47","38","4","463","0","0","0","0","0","0","0","0","0","237","0","0","0","0","0","0","0","0","0","0","0","107","130"
"30","38302","72","47","38","4","1089","0","0","0","0","0","0","0","0","0","658","0","0","0","0","0","0","0","0","0","0","0","311","347"
"30","38305","72","47","38","4","1880","0","0","0","0","0","0","0","0","0","1047","0","0","0","0","0","0","0","0","0","0","0","419","626"
"30","38310","72","40","38","4","3012","0","0","0","0","0","0","0","0","0","1819","0","0","0","0","0","0","0","0","0","0","0","1020","797"
"30","38312","72","40","38","4","1006","0","0","0","0","0","0","0","0","0","570","0","0","0","0","0","0","0","0","0","0","0","233","337"
"30","38317","72","40","38","4","1947","0","0","0","0","0","0","0","0","0","1213","0","0","0","0","0","0","0","0","0","0","0","676","537"
"30","38318","72","40","38","4","5","0","0","0","0","0","0","0","0","0","0","0","0","0","0","0","0","0","0","0","0","0","0","0"
"30","38319","72","40","38","4","6","0","0","0","0","0","0","0","0","0","0","0","0","0","0","0","0","0","0","0","0","0","0","0"
"30","38320","72","40","38","4","2","0","0","0","0","0","0","0","0","0","0","0","0","0","0","0","0","0","0","0","0","0","0","0"
"30","38374","72","40","38","4","2323","0","0","0","0","0","0","0","0","0","1446","0","0","0","0","0","0","0","0","0","0","0","721","725"
"30","38378","72","40","38","4","30","0","0","0","0","0","0","0","0","0","24","0","0","0","0","0","0","0","0","0","0","0","11","13"
"30","38380","72","40","38","4","54","0","0","0","0","0","0","0","0","0","29","0","0","0","0","0","0","0","0","0","0","0","18","11"
"30","38384","72","40","38","4","1860","0","0","0","0","0","0","0","0","0","1020","0","0","0","0","0","0","0","0","0","0","0","477","542"
"30","38800","73","47","37","4","0","0","0","0","0","0","0","0","0","0","0","0","0","0","0","0","0","0","0","0","0","0","0","0"
"30","38801","72","40","38","4","1","0","0","0","0","0","0","0","0","0","0","0","0","0","0","0","0","0","0","0","0","0","0","0"
"30","38802","73","47","37","4","0","0","0","0","0","0","0","0","0","0","0","0","0","0","0","0","0","0","0","0","0","0","0","0"
"30","38803","72","40","38","4","0","0","0","0","0","0","0","0","0","0","0","0","0","0","0","0","0","0","0","0","0","0","0","0"
"30","39201","70","45","36","4","2470","0","0","0","0","0","0","0","0","0","1035","0","0","0","0","0","0","0","0","0","0","0","527","506"
"30","39204","70","45","36","4","1935","0","0","0","0","0","0","0","0","0","935","0","0","0","0","0","0","0","0","0","0","0","453","481"
"30","39206","70","45","36","4","4535","0","0","0","0","0","0","0","0","0","1737","0","0","0","0","0","0","0","0","0","0","0","638","1098"
"30","39208","70","45","36","4","484","0","0","0","0","0","0","0","0","0","237","0","0","0","0","0","0","0","0","0","0","0","118","119"
"30","39217","70","45","36","4","3564","0","0","0","0","0","0","0","0","0","2045","0","0","0","0","0","0","0","0","0","0","0","1124","919"
"30","39219","70","45","36","4","1750","0","0","0","0","0","0","0","0","0","688","0","0","0","0","0","0","0","0","0","0","0","271","416"
"30","39220","70","45","36","4","2013","0","0","0","0","0","0","0","0","0","937","0","0","0","0","0","0","0","0","0","0","0","388","549"
"30","39222","70","45","36","4","569","0","0","0","0","0","0","0","0","0","244","0","0","0","0","0","0","0","0","0","0","0","82","162"
"30","39223","70","45","36","4","865","0","0","0","0","0","0","0","0","0","361","0","0","0","0","0","0","0","0","0","0","0","137","224"
"30","39232","70","45","36","4","0","0","0","0","0","0","0","0","0","0","0","0","0","0","0","0","0","0","0","0","0","0","0","0"
"30","39233","70","45","36","4","345","0","0","0","0","0","0","0","0","0","155","0","0","0","0","0","0","0","0","0","0","0","76","78"
"30","39234","70","45","36","4","2907","0","0","0","0","0","0","0","0","0","1235","0","0","0","0","0","0","0","0","0","0","0","555","679"
"30","39239","70","45","36","4","1834","0","0","0","0","0","0","0","0","0","724","0","0","0","0","0","0","0","0","0","0","0","333","389"
"30","39243","70","45","36","4","361","0","0","0","0","0","0","0","0","0","170","0","0","0","0","0","0","0","0","0","0","0","71","98"
"30","39245","70","45","36","4","1","0","0","0","0","0","0","0","0","0","0","0","0","0","0","0","0","0","0","0","0","0","0","0"
"30","39274","70","45","36","4","204","0","0","0","0","0","0","0","0","0","115","0","0","0","0","0","0","0","0","0","0","0","62","53"
"30","39275","70","45","36","4","793","0","0","0","0","0","0","0","0","0","417","0","0","0","0","0","0","0","0","0","0","0","196","220"
"30","39312","70","45","36","4","0","0","0","0","0","0","0","0","0","0","0","0","0","0","0","0","0","0","0","0","0","0","0","0"
"30","39315","72","47","36","4","0","0","0","0","0","0","0","0","0","0","0","0","0","0","0","0","0","0","0","0","0","0","0","0"
"30","39317","70","45","36","4","3025","0","0","0","0","0","0","0","0","0","1244","0","0","0","0","0","0","0","0","0","0","0","588","653"
"30","39335","70","45","36","4","1352","0","0","0","0","0","0","0","0","0","619","0","0","0","0","0","0","0","0","0","0","0","309","309"
"30","39338","70","45","36","4","1982","0","0","0","0","0","0","0","0","0","1191","0","0","0","0","0","0","0","0","0","0","0","675","513"
"30","39341","70","45","36","4","519","0","0","0","0","0","0","0","0","0","210","0","0","0","0","0","0","0","0","0","0","0","109","101"
"30","39344","70","45","36","4","1527","0","0","0","0","0","0","0","0","0","648","0","0","0","0","0","0","0","0","0","0","0","282","366"
"30","39346","70","45","36","4","687","0","0","0","0","0","0","0","0","0","306","0","0","0","0","0","0","0","0","0","0","0","121","185"
"30","39350","70","45","36","4","1886","0","0","0","0","0","0","0","0","0","854","0","0","0","0","0","0","0","0","0","0","0","382","472"
"30","39361","70","45","36","4","2542","0","0","0","0","0","0","0","0","0","1057","0","0","0","0","0","0","0","0","0","0","0","547","509"
"30","39364","70","45","36","4","3102","0","0","0","0","0","0","0","0","0","1552","0","0","0","0","0","0","0","0","0","0","0","775","774"
"30","39369","70","45","36","4","1553","0","0","0","0","0","0","0","0","0","687","0","0","0","0","0","0","0","0","0","0","0","308","379"
"30","39373","70","45","36","4","2516","0","0","0","0","0","0","0","0","0","1160","0","0","0","0","0","0","0","0","0","0","0","570","589"
"30","39378","70","45","36","4","2795","0","0","0","0","0","0","0","0","0","1190","0","0","0","0","0","0","0","0","0","0","0","558","631"
"30","39800","70","45","36","4","833","0","0","0","0","0","0","0","0","0","459","0","0","0","0","0","0","0","0","0","0","0","240","219"
"30","39802","70","45","36","4","0","0","0","0","0","0","0","0","0","0","0","0","0","0","0","0","0","0","0","0","0","0","0","0"
"30","39803","70","45","36","4","0","0","0","0","0","0","0","0","0","0","0","0","0","0","0","0","0","0","0","0","0","0","0","0"
"30","39804","72","47","36","4","0","0","0","0","0","0","0","0","0","0","0","0","0","0","0","0","0","0","0","0","0","0","0","0"
"30","39805","70","45","36","4","0","0","0","0","0","0","0","0","0","0","0","0","0","0","0","0","0","0","0","0","0","0","0","0"
"30","39806","70","45","36","4","481","0","0","0","0","0","0","0","0","0","275","0","0","0","0","0","0","0","0","0","0","0","162","113"
"30","39807","70","45","36","4","179","0","0","0","0","0","0","0","0","0","57","0","0","0","0","0","0","0","0","0","0","0","25","32"
"30","39808","70","45","36","4","0","0","0","0","0","0","0","0","0","0","0","0","0","0","0","0","0","0","0","0","0","0","0","0"
"30","39809","70","45","36","4","0","0","0","0","0","0","0","0","0","0","0","0","0","0","0","0","0","0","0","0","0","0","0","0"
"30","39812","70","45","36","4","226","0","0","0","0","0","0","0","0","0","94","0","0","0","0","0","0","0","0","0","0","0","23","71"
"30","39814","70","45","36","4","870","0","0","0","0","0","0","0","0","0","415","0","0","0","0","0","0","0","0","0","0","0","179","235"
"30","39815","70","45","36","4","1698","0","0","0","0","0","0","0","0","0","681","0","0","0","0","0","0","0","0","0","0","0","324","355"
"30","39817","70","45","36","4","55","0","0","0","0","0","0","0","0","0","20","0","0","0","0","0","0","0","0","0","0","0","7","13"
"30","39820","70","45","36","4","658","0","0","0","0","0","0","0","0","0","284","0","0","0","0","0","0","0","0","0","0","0","139","145"
"30","39822","70","45","36","4","932","0","0","0","0","0","0","0","0","0","414","0","0","0","0","0","0","0","0","0","0","0","148","266"
"30","39823","70","45","36","4","442","0","0","0","0","0","0","0","0","0","200","0","0","0","0","0","0","0","0","0","0","0","82","118"
"30","39824","70","45","36","4","163","0","0","0","0","0","0","0","0","0","71","0","0","0","0","0","0","0","0","0","0","0","34","37"
"30","39825","70","45","36","4","487","0","0","0","0","0","0","0","0","0","245","0","0","0","0","0","0","0","0","0","0","0","114","131"
"30","39826","70","45","36","4","466","0","0","0","0","0","0","0","0","0","208","0","0","0","0","0","0","0","0","0","0","0","101","107"
"30","40159","74","49","38","4","0","0","0","0","0","0","0","0","0","0","0","0","0","0","0","0","0","0","0","0","0","0","0","0"
"30","40160","71","49","38","4","0","0","0","0","0","0","0","0","0","0","0","0","0","0","0","0","0","0","0","0","0","0","0","0"
"30","40800","74","49","38","4","0","0","0","0","0","0","0","0","0","0","0","0","0","0","0","0","0","0","0","0","0","0","0","0"
"30","41119","74","49","36","4","375","0","0","0","0","0","0","0","0","0","268","0","0","0","0","0","0","0","0","0","0","0","190","78"
"30","41121","74","49","36","4","1928","0","0","0","0","0","0","0","0","0","1270","0","0","0","0","0","0","0","0","0","0","0","692","576"
"30","41122","74","49","36","4","1211","0","0","0","0","0","0","0","0","0","737","0","0","0","0","0","0","0","0","0","0","0","374","363"
"30","41124","74","49","36","4","1443","0","0","0","0","0","0","0","0","0","869","0","0","0","0","0","0","0","0","0","0","0","499","369"
"30","41127","74","49","36","4","0","0","0","0","0","0","0","0","0","0","0","0","0","0","0","0","0","0","0","0","0","0","0","0"
"30","41154","74","49","36","4","760","0","0","0","0","0","0","0","0","0","448","0","0","0","0","0","0","0","0","0","0","0","236","212"
"30","41155","74","49","36","4","1846","0","0","0","0","0","0","0","0","0","1082","0","0","0","0","0","0","0","0","0","0","0","584","497"
"30","41157","74","49","36","4","0","0","0","0","0","0","0","0","0","0","0","0","0","0","0","0","0","0","0","0","0","0","0","0"
"30","41158","74","49","36","4","125","0","0","0","0","0","0","0","0","0","63","0","0","0","0","0","0","0","0","0","0","0","50","13"
"30","41161","74","49","36","4","972","0","0","0","0","0","0","0","0","0","604","0","0","0","0","0","0","0","0","0","0","0","310","294"
"30","41289","74","49","36","4","4","0","0","0","0","0","0","0","0","0","0","0","0","0","0","0","0","0","0","0","0","0","0","0"
"30","41291","74","49","36","4","1203","0","0","0","0","0","0","0","0","0","713","0","0","0","0","0","0","0","0","0","0","0","343","370"
"30","41292","74","49","36","4","1063","0","0","0","0","0","0","0","0","0","654","0","0","0","0","0","0","0","0","0","0","0","347","307"
"30","41293","74","49","36","4","1575","0","0","0","0","0","0","0","0","0","1071","0","0","0","0","0","0","0","0","0","0","0","545","526"
"30","41298","74","49","36","4","373","0","0","0","0","0","0","0","0","0","203","0","0","0","0","0","0","0","0","0","0","0","92","111"
"30","41302","74","49","36","4","485","0","0","0","0","0","0","0","0","0","201","0","0","0","0","0","0","0","0","0","0","0","87","114"
"30","41304","74","49","36","4","0","0","0","0","0","0","0","0","0","0","0","0","0","0","0","0","0","0","0","0","0","0","0","0"
"30","41305","74","49","36","4","264","0","0","0","0","0","0","0","0","0","134","0","0","0","0","0","0","0","0","0","0","0","62","71"
"30","41306","74","49","36","4","0","0","0","0","0","0","0","0","0","0","0","0","0","0","0","0","0","0","0","0","0","0","0","0"
"30","41313","74","49","36","4","373","0","0","0","0","0","0","0","0","0","156","0","0","0","0","0","0","0","0","0","0","0","52","104"
"30","41375","74","49","36","4","0","0","0","0","0","0","0","0","0","0","0","0","0","0","0","0","0","0","0","0","0","0","0","0"
"30","41378","74","49","36","4","2005","0","0","0","0","0","0","0","0","0","1240","0","0","0","0","0","0","0","0","0","0","0","674","565"
"30","41379","74","49","36","4","1225","0","0","0","0","0","0","0","0","0","835","0","0","0","0","0","0","0","0","0","0","0","474","361"
"30","41800","74","49","36","4","0","0","0","0","0","0","0","0","0","0","0","0","0","0","0","0","0","0","0","0","0","0","0","0"
"30","41801","74","49","36","4","313","0","0","0","0","0","0","0","0","0","203","0","0","0","0","0","0","0","0","0","0","0","163","40"
"30","41802","74","49","36","4","2234","0","0","0","0","0","0","0","0","0","1130","0","0","0","0","0","0","0","0","0","0","0","546","583"
"30","41803","74","49","36","4","919","0","0","0","0","0","0","0","0","0","605","0","0","0","0","0","0","0","0","0","0","0","315","290"
"30","41805","74","49","36","4","1144","0","0","0","0","0","0","0","0","0","698","0","0","0","0","0","0","0","0","0","0","0","412","286"
"30","41806","74","49","36","4","0","0","0","0","0","0","0","0","0","0","0","0","0","0","0","0","0","0","0","0","0","0","0","0"
"30","41807","74","49","36","4","0","0","0","0","0","0","0","0","0","0","0","0","0","0","0","0","0","0","0","0","0","0","0","0"
"30","41808","74","49","36","4","937","0","0","0","0","0","0","0","0","0","506","0","0","0","0","0","0","0","0","0","0","0","233","271"
"30","41810","74","49","36","4","541","0","0","0","0","0","0","0","0","0","304","0","0","0","0","0","0","0","0","0","0","0","166","136"
"30","41811","74","49","36","4","261","0","0","0","0","0","0","0","0","0","93","0","0","0","0","0","0","0","0","0","0","0","20","73"
"30","41812","74","49","36","4","46","0","0","0","0","0","0","0","0","0","26","0","0","0","0","0","0","0","0","0","0","0","20","6"
"30","41813","74","49","36","4","909","0","0","0","0","0","0","0","0","0","550","0","0","0","0","0","0","0","0","0","0","0","315","235"
"30","41817","74","49","36","4","0","0","0","0","0","0","0","0","0","0","0","0","0","0","0","0","0","0","0","0","0","0","0","0"
"30","41818","74","49","38","4","0","0","0","0","0","0","0","0","0","0","0","0","0","0","0","0","0","0","0","0","0","0","0","0"
"30","42101","72","47","36","4","0","0","0","0","0","0","0","0","0","0","0","0","0","0","0","0","0","0","0","0","0","0","0","0"
"30","42102","72","47","36","4","0","0","0","0","0","0","0","0","0","0","0","0","0","0","0","0","0","0","0","0","0","0","0","0"
"30","42110","72","47","36","4","0","0","0","0","0","0","0","0","0","0","0","0","0","0","0","0","0","0","0","0","0","0","0","0"
"30","42115","72","47","36","4","0","0","0","0","0","0","0","0","0","0","0","0","0","0","0","0","0","0","0","0","0","0","0","0"
"30","42800","72","47","36","4","0","0","0","0","0","0","0","0","0","0","0","0","0","0","0","0","0","0","0","0","0","0","0","0"
"30","42801","72","47","36","4","0","0","0","0","0","0","0","0","0","0","0","0","0","0","0","0","0","0","0","0","0","0","0","0"
"30","43120","72","47","36","4","0","0","0","0","0","0","0","0","0","0","0","0","0","0","0","0","0","0","0","0","0","0","0","0"
"30","43123","72","47","36","4","0","0","0","0","0","0","0","0","0","0","0","0","0","0","0","0","0","0","0","0","0","0","0","0"
"30","43125","72","47","36","4","0","0","0","0","0","0","0","0","0","0","0","0","0","0","0","0","0","0","0","0","0","0","0","0"
"30","43128","72","47","36","4","0","0","0","0","0","0","0","0","0","0","0","0","0","0","0","0","0","0","0","0","0","0","0","0"
"30","43129","72","47","36","4","0","0","0","0","0","0","0","0","0","0","0","0","0","0","0","0","0","0","0","0","0","0","0","0"
"30","43132","72","47","36","4","904","0","0","0","0","0","0","0","0","0","519","0","0","0","0","0","0","0","0","0","0","0","369","150"
"30","43133","72","47","36","4","2","0","0","0","0","0","0","0","0","0","0","0","0","0","0","0","0","0","0","0","0","0","0","0"
"30","43134","72","47","36","4","0","0","0","0","0","0","0","0","0","0","0","0","0","0","0","0","0","0","0","0","0","0","0","0"
"30","43135","72","47","36","4","0","0","0","0","0","0","0","0","0","0","0","0","0","0","0","0","0","0","0","0","0","0","0","0"
"30","43136","72","47","36","4","0","0","0","0","0","0","0","0","0","0","0","0","0","0","0","0","0","0","0","0","0","0","0","0"
"30","43137","72","47","36","4","0","0","0","0","0","0","0","0","0","0","0","0","0","0","0","0","0","0","0","0","0","0","0","0"
"30","43138","72","47","36","4","0","0","0","0","0","0","0","0","0","0","0","0","0","0","0","0","0","0","0","0","0","0","0","0"
"30","43800","72","47","37","4","0","0","0","0","0","0","0","0","0","0","0","0","0","0","0","0","0","0","0","0","0","0","0","0"
"30","43801","72","47","36","4","0","0","0","0","0","0","0","0","0","0","0","0","0","0","0","0","0","0","0","0","0","0","0","0"
"30","43802","72","47","36","4","0","0","0","0","0","0","0","0","0","0","0","0","0","0","0","0","0","0","0","0","0","0","0","0"
"30","43803","72","47","36","4","0","0","0","0","0","0","0","0","0","0","0","0","0","0","0","0","0","0","0","0","0","0","0","0"
"30","43804","72","47","36","4","0","0","0","0","0","0","0","0","0","0","0","0","0","0","0","0","0","0","0","0","0","0","0","0"
"30","43805","72","47","36","4","0","0","0","0","0","0","0","0","0","0","0","0","0","0","0","0","0","0","0","0","0","0","0","0"
"30","43806","72","47","36","4","0","0","0","0","0","0","0","0","0","0","0","0","0","0","0","0","0","0","0","0","0","0","0","0"
"30","44111","72","47","36","4","1590","0","0","0","0","0","0","0","0","0","950","0","0","0","0","0","0","0","0","0","0","0","374","575"
"30","44113","72","49","36","4","582","0","0","0","0","0","0","0","0","0","385","0","0","0","0","0","0","0","0","0","0","0","245","140"
"30","44114","72","47","36","4","0","0","0","0","0","0","0","0","0","0","0","0","0","0","0","0","0","0","0","0","0","0","0","0"
"30","44116","72","47","36","4","3286","0","0","0","0","0","0","0","0","0","2091","0","0","0","0","0","0","0","0","0","0","0","748","1343"
"30","44123","72","47","36","4","6","0","0","0","0","0","0","0","0","0","0","0","0","0","0","0","0","0","0","0","0","0","0","0"
"30","44138","72","47","36","4","3615","0","0","0","0","0","0","0","0","0","2245","0","0","0","0","0","0","0","0","0","0","0","737","1508"
"30","44142","72","47","36","4","3439","0","0","0","0","0","0","0","0","0","2093","0","0","0","0","0","0","0","0","0","0","0","873","1219"
"30","44144","72","47","36","4","606","0","0","0","0","0","0","0","0","0","342","0","0","0","0","0","0","0","0","0","0","0","110","231"
"30","44145","72","47","36","4","3834","0","0","0","0","0","0","0","0","0","2457","0","0","0","0","0","0","0","0","0","0","0","864","1590"
"30","44151","72","47","36","4","0","0","0","0","0","0","0","0","0","0","0","0","0","0","0","0","0","0","0","0","0","0","0","0"
"30","44156","72","47","36","4","0","0","0","0","0","0","0","0","0","0","0","0","0","0","0","0","0","0","0","0","0","0","0","0"
"30","44800","72","47","36","4","261","0","0","0","0","0","0","0","0","0","159","0","0","0","0","0","0","0","0","0","0","0","94","65"
"30","44801","72","49","36","4","83","0","0","0","0","0","0","0","0","0","49","0","0","0","0","0","0","0","0","0","0","0","16","33"
"30","44802","72","47","36","4","0","0","0","0","0","0","0","0","0","0","0","0","0","0","0","0","0","0","0","0","0","0","0","0"
"30","44803","72","47","36","4","873","0","0","0","0","0","0","0","0","0","415","0","0","0","0","0","0","0","0","0","0","0","114","300"
"30","44804","72","47","36","4","0","0","0","0","0","0","0","0","0","0","0","0","0","0","0","0","0","0","0","0","0","0","0","0"
"30","44805","72","47","36","4","0","0","0","0","0","0","0","0","0","0","0","0","0","0","0","0","0","0","0","0","0","0","0","0"
"30","44806","72","47","36","4","0","0","0","0","0","0","0","0","0","0","0","0","0","0","0","0","0","0","0","0","0","0","0","0"
"30","45102","72","40","37","4","3686","0","0","0","0","0","0","0","0","0","2048","0","0","0","0","0","0","0","0","0","0","0","908","1140"
"30","45104","72","40","37","4","2360","0","0","0","0","0","0","0","0","0","1132","0","0","0","0","0","0","0","0","0","0","0","416","716"
"30","45109","72","40","37","4","1513","0","0","0","0","0","0","0","0","0","886","0","0","0","0","0","0","0","0","0","0","0","385","500"
"30","45115","72","40","37","4","1904","0","0","0","0","0","0","0","0","0","935","0","0","0","0","0","0","0","0","0","0","0","350","584"
"30","45116","72","40","37","4","1250","0","0","0","0","0","0","0","0","0","685","0","0","0","0","0","0","0","0","0","0","0","282","403"
"30","45117","72","40","37","4","2359","0","0","0","0","0","0","0","0","0","1230","0","0","0","0","0","0","0","0","0","0","0","497","733"
"30","45118","72","40","37","4","2402","0","0","0","0","0","0","0","0","0","1407","0","0","0","0","0","0","0","0","0","0","0","656","751"
"30","45120","72","40","37","4","1736","0","0","0","0","0","0","0","0","0","974","0","0","0","0","0","0","0","0","0","0","0","430","544"
"30","45129","72","40","37","4","3904","0","0","0","0","0","0","0","0","0","1951","0","0","0","0","0","0","0","0","0","0","0","781","1170"
"30","45131","72","40","37","4","2651","0","0","0","0","0","0","0","0","0","1510","0","0","0","0","0","0","0","0","0","0","0","803","706"
"30","45240","72","40","37","4","2061","0","0","0","0","0","0","0","0","0","1192","0","0","0","0","0","0","0","0","0","0","0","558","634"
"30","45370","72","40","37","4","0","0","0","0","0","0","0","0","0","0","0","0","0","0","0","0","0","0","0","0","0","0","0","0"
"30","45371","72","40","37","4","842","0","0","0","0","0","0","0","0","0","354","0","0","0","0","0","0","0","0","0","0","0","65","289"
"30","45373","72","40","37","4","199","0","0","0","0","0","0","0","0","0","136","0","0","0","0","0","0","0","0","0","0","0","72","64"
"30","45800","72","40","37","4","0","0","0","0","0","0","0","0","0","0","0","0","0","0","0","0","0","0","0","0","0","0","0","0"
"30","45801","72","40","37","4","1955","0","0","0","0","0","0","0","0","0","1112","0","0","0","0","0","0","0","0","0","0","0","446","666"
"30","45802","72","40","37","4","779","0","0","0","0","0","0","0","0","0","414","0","0","0","0","0","0","0","0","0","0","0","174","240"
"30","45803","72","40","37","4","1131","0","0","0","0","0","0","0","0","0","603","0","0","0","0","0","0","0","0","0","0","0","231","372"
"30","45804","72","40","37","4","251","0","0","0","0","0","0","0","0","0","151","0","0","0","0","0","0","0","0","0","0","0","74","77"
"30","45805","72","40","37","4","823","0","0","0","0","0","0","0","0","0","430","0","0","0","0","0","0","0","0","0","0","0","182","248"
"30","45806","72","40","37","4","1424","0","0","0","0","0","0","0","0","0","790","0","0","0","0","0","0","0","0","0","0","0","361","428"
"30","45807","72","40","37","4","34","0","0","0","0","0","0","0","0","0","0","0","0","0","0","0","0","0","0","0","0","0","0","0"
"30","47201","71","40","38","4","1306","0","0","0","0","0","0","0","0","0","693","0","0","0","0","0","0","0","0","0","0","0","310","383"
"30","47203","71","40","38","4","2047","0","0","0","0","0","0","0","0","0","1092","0","0","0","0","0","0","0","0","0","0","0","515","577"
"30","47204","71","40","38","4","886","0","0","0","0","0","0","0","0","0","471","0","0","0","0","0","0","0","0","0","0","0","218","253"
"30","47246","71","40","38","4","0","0","0","0","0","0","0","0","0","0","0","0","0","0","0","0","0","0","0","0","0","0","0","0"
"30","47247","71","40","38","4","190","0","0","0","0","0","0","0","0","0","100","0","0","0","0","0","0","0","0","0","0","0","47","53"
"30","47248","71","40","38","4","1116","0","0","0","0","0","0","0","0","0","627","0","0","0","0","0","0","0","0","0","0","0","310","316"
"30","47251","71","40","38","4","2953","0","0","0","0","0","0","0","0","0","1970","0","0","0","0","0","0","0","0","0","0","0","963","1007"
"30","47253","71","40","38","4","4793","0","0","0","0","0","0","0","0","0","2805","0","0","0","0","0","0","0","0","0","0","0","1345","1460"
"30","47256","71","40","38","4","2345","0","0","0","0","0","0","0","0","0","1421","0","0","0","0","0","0","0","0","0","0","0","764","657"
"30","47258","71","40","38","4","1744","0","0","0","0","0","0","0","0","0","977","0","0","0","0","0","0","0","0","0","0","0","468","509"
"30","47259","71","40","38","4","1880","0","0","0","0","0","0","0","0","0","1179","0","0","0","0","0","0","0","0","0","0","0","668","511"
"30","47260","71","40","38","4","4143","0","0","0","0","0","0","0","0","0","2610","0","0","0","0","0","0","0","0","0","0","0","1334","1275"
"30","47262","71","40","38","4","2086","0","0","0","0","0","0","0","0","0","1334","0","0","0","0","0","0","0","0","0","0","0","660","673"
"30","47268","71","40","38","4","2225","0","0","0","0","0","0","0","0","0","1209","0","0","0","0","0","0","0","0","0","0","0","527","680"
"30","47271","71","40","38","4","1819","0","0","0","0","0","0","0","0","0","1116","0","0","0","0","0","0","0","0","0","0","0","609","506"
"30","47276","71","40","38","4","750","0","0","0","0","0","0","0","0","0","489","0","0","0","0","0","0","0","0","0","0","0","283","206"
"30","47278","71","40","38","4","3067","0","0","0","0","0","0","0","0","0","1755","0","0","0","0","0","0","0","0","0","0","0","780","971"
"30","47279","71","40","38","4","2237","0","0","0","0","0","0","0","0","0","1389","0","0","0","0","0","0","0","0","0","0","0","724","665"
"30","47283","71","40","38","4","1656","0","0","0","0","0","0","0","0","0","1028","0","0","0","0","0","0","0","0","0","0","0","498","530"
"30","47284","71","40","38","4","2490","0","0","0","0","0","0","0","0","0","1265","0","0","0","0","0","0","0","0","0","0","0","488","777"
"30","47285","71","40","38","4","2644","0","0","0","0","0","0","0","0","0","1883","0","0","0","0","0","0","0","0","0","0","0","919","963"
"30","47290","71","40","38","4","2818","0","0","0","0","0","0","0","0","0","1614","0","0","0","0","0","0","0","0","0","0","0","781","833"
"30","47293","71","40","38","4","3550","0","0","0","0","0","0","0","0","0","2246","0","0","0","0","0","0","0","0","0","0","0","1104","1142"
"30","47295","71","40","38","4","3855","0","0","0","0","0","0","0","0","0","2321","0","0","0","0","0","0","0","0","0","0","0","1150","1170"
"30","47296","71","40","38","4","2705","0","0","0","0","0","0","0","0","0","1642","0","0","0","0","0","0","0","0","0","0","0","872","770"
"30","47308","71","40","38","4","4","0","0","0","0","0","0","0","0","0","0","0","0","0","0","0","0","0","0","0","0","0","0","0"
"30","47322","71","40","38","4","0","0","0","0","0","0","0","0","0","0","0","0","0","0","0","0","0","0","0","0","0","0","0","0"
"30","47332","71","40","38","4","966","0","0","0","0","0","0","0","0","0","506","0","0","0","0","0","0","0","0","0","0","0","236","270"
"30","47336","71","40","38","4","1107","0","0","0","0","0","0","0","0","0","439","0","0","0","0","0","0","0","0","0","0","0","118","321"
"30","47339","71","40","38","4","0","0","0","0","0","0","0","0","0","0","0","0","0","0","0","0","0","0","0","0","0","0","0","0"
"30","47344","71","40","38","4","1781","0","0","0","0","0","0","0","0","0","910","0","0","0","0","0","0","0","0","0","0","0","389","521"
"30","47346","71","40","38","4","1396","0","0","0","0","0","0","0","0","0","815","0","0","0","0","0","0","0","0","0","0","0","418","397"
"30","47348","71","40","38","4","0","0","0","0","0","0","0","0","0","0","0","0","0","0","0","0","0","0","0","0","0","0","0","0"
"30","47351","71","40","38","4","422","0","0","0","0","0","0","0","0","0","224","0","0","0","0","0","0","0","0","0","0","0","89","135"
"30","47352","71","40","38","4","239","0","0","0","0","0","0","0","0","0","63","0","0","0","0","0","0","0","0","0","0","0","19","44"
"30","47353","71","40","38","4","0","0","0","0","0","0","0","0","0","0","0","0","0","0","0","0","0","0","0","0","0","0","0","0"
"30","47355","71","40","38","4","0","0","0","0","0","0","0","0","0","0","0","0","0","0","0","0","0","0","0","0","0","0","0","0"
"30","47357","71","40","38","4","46","0","0","0","0","0","0","0","0","0","28","0","0","0","0","0","0","0","0","0","0","0","15","13"
"30","47800","71","40","38","4","0","0","0","0","0","0","0","0","0","0","0","0","0","0","0","0","0","0","0","0","0","0","0","0"
"30","47801","71","40","38","4","0","0","0","0","0","0","0","0","0","0","0","0","0","0","0","0","0","0","0","0","0","0","0","0"
"30","47802","71","40","38","4","1077","0","0","0","0","0","0","0","0","0","589","0","0","0","0","0","0","0","0","0","0","0","311","278"
"30","47803","71","40","38","4","1","0","0","0","0","0","0","0","0","0","0","0","0","0","0","0","0","0","0","0","0","0","0","0"
"30","47804","71","40","38","4","0","0","0","0","0","0","0","0","0","0","0","0","0","0","0","0","0","0","0","0","0","0","0","0"
"30","47805","71","40","38","4","0","0","0","0","0","0","0","0","0","0","0","0","0","0","0","0","0","0","0","0","0","0","0","0"
"30","47807","71","40","38","4","901","0","0","0","0","0","0","0","0","0","483","0","0","0","0","0","0","0","0","0","0","0","220","263"
"30","47808","71","40","38","4","0","0","0","0","0","0","0","0","0","0","0","0","0","0","0","0","0","0","0","0","0","0","0","0"
"30","47809","71","40","38","4","0","0","0","0","0","0","0","0","0","0","0","0","0","0","0","0","0","0","0","0","0","0","0","0"
"30","47810","71","40","38","4","629","0","0","0","0","0","0","0","0","0","409","0","0","0","0","0","0","0","0","0","0","0","233","176"
"30","47811","71","40","38","4","0","0","0","0","0","0","0","0","0","0","0","0","0","0","0","0","0","0","0","0","0","0","0","0"
"30","47812","71","40","38","4","1319","0","0","0","0","0","0","0","0","0","774","0","0","0","0","0","0","0","0","0","0","0","381","393"
"30","47813","71","40","38","4","0","0","0","0","0","0","0","0","0","0","0","0","0","0","0","0","0","0","0","0","0","0","0","0"
"30","47814","71","40","38","4","2400","0","0","0","0","0","0","0","0","0","1630","0","0","0","0","0","0","0","0","0","0","0","901","727"
"30","47815","71","40","38","4","0","0","0","0","0","0","0","0","0","0","0","0","0","0","0","0","0","0","0","0","0","0","0","0"
"30","47816","71","40","38","4","0","0","0","0","0","0","0","0","0","0","0","0","0","0","0","0","0","0","0","0","0","0","0","0"
"30","48141","74","49","36","4","1969","0","0","0","0","0","0","0","0","0","1158","0","0","0","0","0","0","0","0","0","0","0","720","437"
"30","48142","74","49","36","4","3310","0","0","0","0","0","0","0","0","0","2012","0","0","0","0","0","0","0","0","0","0","0","1101","911"
"30","48143","74","49","36","4","2997","0","0","0","0","0","0","0","0","0","1566","0","0","0","0","0","0","0","0","0","0","0","801","764"
"30","48147","74","49","36","4","1695","0","0","0","0","0","0","0","0","0","1158","0","0","0","0","0","0","0","0","0","0","0","656","499"
"30","48148","74","49","36","4","3281","0","0","0","0","0","0","0","0","0","1926","0","0","0","0","0","0","0","0","0","0","0","1047","878"
"30","48151","74","49","36","4","4465","0","0","0","0","0","0","0","0","0","2655","0","0","0","0","0","0","0","0","0","0","0","1494","1161"
"30","48152","74","49","36","4","758","0","0","0","0","0","0","0","0","0","362","0","0","0","0","0","0","0","0","0","0","0","159","203"
"30","48155","74","49","36","4","3054","0","0","0","0","0","0","0","0","0","1952","0","0","0","0","0","0","0","0","0","0","0","1177","774"
"30","48156","74","49","36","4","2172","0","0","0","0","0","0","0","0","0","1431","0","0","0","0","0","0","0","0","0","0","0","870","561"
"30","48157","74","49","36","4","3850","0","0","0","0","0","0","0","0","0","2513","0","0","0","0","0","0","0","0","0","0","0","1504","1008"
"30","48161","74","49","36","4","1249","0","0","0","0","0","0","0","0","0","782","0","0","0","0","0","0","0","0","0","0","0","414","367"
"30","48165","74","49","36","4","4293","0","0","0","0","0","0","0","0","0","2608","0","0","0","0","0","0","0","0","0","0","0","1461","1147"
"30","48166","74","49","36","4","1906","0","0","0","0","0","0","0","0","0","1253","0","0","0","0","0","0","0","0","0","0","0","719","532"
"30","48169","74","49","36","4","2746","0","0","0","0","0","0","0","0","0","1778","0","0","0","0","0","0","0","0","0","0","0","1089","689"
"30","48173","74","49","36","4","2101","0","0","0","0","0","0","0","0","0","1279","0","0","0","0","0","0","0","0","0","0","0","750","528"
"30","48245","74","49","36","4","186","0","0","0","0","0","0","0","0","0","132","0","0","0","0","0","0","0","0","0","0","0","73","59"
"30","48249","74","49","36","4","1637","0","0","0","0","0","0","0","0","0","833","0","0","0","0","0","0","0","0","0","0","0","412","421"
"30","48250","74","49","36","4","317","0","0","0","0","0","0","0","0","0","196","0","0","0","0","0","0","0","0","0","0","0","101","95"
"30","48252","74","49","36","4","469","0","0","0","0","0","0","0","0","0","288","0","0","0","0","0","0","0","0","0","0","0","194","94"
"30","48257","74","49","36","4","547","0","0","0","0","0","0","0","0","0","362","0","0","0","0","0","0","0","0","0","0","0","182","180"
"30","48258","74","49","36","4","10","0","0","0","0","0","0","0","0","0","0","0","0","0","0","0","0","0","0","0","0","0","0","0"
"30","48259","74","49","36","4","0","0","0","0","0","0","0","0","0","0","0","0","0","0","0","0","0","0","0","0","0","0","0","0"
"30","48800","74","49","36","4","293","0","0","0","0","0","0","0","0","0","156","0","0","0","0","0","0","0","0","0","0","0","113","43"
"30","48801","74","49","36","4","1322","0","0","0","0","0","0","0","0","0","774","0","0","0","0","0","0","0","0","0","0","0","499","275"
"30","48802","74","49","36","4","0","0","0","0","0","0","0","0","0","0","0","0","0","0","0","0","0","0","0","0","0","0","0","0"
"30","48803","74","49","36","4","0","0","0","0","0","0","0","0","0","0","0","0","0","0","0","0","0","0","0","0","0","0","0","0"
"30","48804","74","49","36","4","0","0","0","0","0","0","0","0","0","0","0","0","0","0","0","0","0","0","0","0","0","0","0","0"
"30","48805","74","49","36","4","1","0","0","0","0","0","0","0","0","0","0","0","0","0","0","0","0","0","0","0","0","0","0","0"
"30","48806","74","49","36","4","1001","0","0","0","0","0","0","0","0","0","500","0","0","0","0","0","0","0","0","0","0","0","260","240"
"30","48807","74","49","36","4","334","0","0","0","0","0","0","0","0","0","146","0","0","0","0","0","0","0","0","0","0","0","57","89"
"30","48808","74","49","36","4","411","0","0","0","0","0","0","0","0","0","243","0","0","0","0","0","0","0","0","0","0","0","118","124"
"30","49113","74","49","38","4","0","0","0","0","0","0","0","0","0","0","0","0","0","0","0","0","0","0","0","0","0","0","0","0"
"30","49114","74","49","38","4","651","0","0","0","0","0","0","0","0","0","453","0","0","0","0","0","0","0","0","0","0","0","295","157"
"30","49116","74","49","38","4","1930","0","0","0","0","0","0","0","0","0","1198","0","0","0","0","0","0","0","0","0","0","0","786","409"
"30","49118","74","49","38","4","1849","0","0","0","0","0","0","0","0","0","1098","0","0","0","0","0","0","0","0","0","0","0","611","487"
"30","49125","74","49","38","4","0","0","0","0","0","0","0","0","0","0","0","0","0","0","0","0","0","0","0","0","0","0","0","0"
"30","49126","74","49","38","4","1193","0","0","0","0","0","0","0","0","0","778","0","0","0","0","0","0","0","0","0","0","0","463","315"
"30","49129","74","49","38","4","652","0","0","0","0","0","0","0","0","0","375","0","0","0","0","0","0","0","0","0","0","0","183","192"
"30","49131","74","49","38","4","651","0","0","0","0","0","0","0","0","0","233","0","0","0","0","0","0","0","0","0","0","0","59","174"
"30","49132","74","49","38","4","151","0","0","0","0","0","0","0","0","0","63","0","0","0","0","0","0","0","0","0","0","0","32","31"
"30","49133","74","49","38","4","0","0","0","0","0","0","0","0","0","0","0","0","0","0","0","0","0","0","0","0","0","0","0","0"
"30","49134","74","49","38","4","42","0","0","0","0","0","0","0","0","0","23","0","0","0","0","0","0","0","0","0","0","0","16","7"
"30","49135","74","49","38","4","0","0","0","0","0","0","0","0","0","0","0","0","0","0","0","0","0","0","0","0","0","0","0","0"
"30","49136","74","49","38","4","0","0","0","0","0","0","0","0","0","0","0","0","0","0","0","0","0","0","0","0","0","0","0","0"
"30","49331","74","49","38","4","7","0","0","0","0","0","0","0","0","0","0","0","0","0","0","0","0","0","0","0","0","0","0","0"
"30","49332","74","49","38","4","0","0","0","0","0","0","0","0","0","0","0","0","0","0","0","0","0","0","0","0","0","0","0","0"
"30","49333","74","49","38","4","733","0","0","0","0","0","0","0","0","0","277","0","0","0","0","0","0","0","0","0","0","0","66","211"
"30","49335","74","49","38","4","920","0","0","0","0","0","0","0","0","0","535","0","0","0","0","0","0","0","0","0","0","0","300","235"
"30","49338","74","49","38","4","315","0","0","0","0","0","0","0","0","0","234","0","0","0","0","0","0","0","0","0","0","0","147","87"
"30","49341","74","49","38","4","1122","0","0","0","0","0","0","0","0","0","498","0","0","0","0","0","0","0","0","0","0","0","169","328"
"30","49344","74","49","38","4","0","0","0","0","0","0","0","0","0","0","0","0","0","0","0","0","0","0","0","0","0","0","0","0"
"30","49346","74","49","38","4","1786","0","0","0","0","0","0","0","0","0","783","0","0","0","0","0","0","0","0","0","0","0","220","563"
"30","49348","74","49","38","4","3905","0","0","0","0","0","0","0","0","0","2668","0","0","0","0","0","0","0","0","0","0","0","1516","1150"
"30","49349","74","49","38","4","1197","0","0","0","0","0","0","0","0","0","660","0","0","0","0","0","0","0","0","0","0","0","382","278"
"30","49353","74","49","38","4","0","0","0","0","0","0","0","0","0","0","0","0","0","0","0","0","0","0","0","0","0","0","0","0"
"30","49354","74","49","38","4","0","0","0","0","0","0","0","0","0","0","0","0","0","0","0","0","0","0","0","0","0","0","0","0"
"30","49355","74","49","38","4","312","0","0","0","0","0","0","0","0","0","203","0","0","0","0","0","0","0","0","0","0","0","102","101"
"30","49356","74","49","38","4","0","0","0","0","0","0","0","0","0","0","0","0","0","0","0","0","0","0","0","0","0","0","0","0"
"30","49357","74","49","38","4","845","0","0","0","0","0","0","0","0","0","543","0","0","0","0","0","0","0","0","0","0","0","336","206"
"30","49358","74","49","38","4","0","0","0","0","0","0","0","0","0","0","0","0","0","0","0","0","0","0","0","0","0","0","0","0"
"30","49800","74","49","38","4","0","0","0","0","0","0","0","0","0","0","0","0","0","0","0","0","0","0","0","0","0","0","0","0"
"30","49801","74","49","38","4","1700","0","0","0","0","0","0","0","0","0","1010","0","0","0","0","0","0","0","0","0","0","0","557","453"
"30","49802","74","49","38","4","330","0","0","0","0","0","0","0","0","0","184","0","0","0","0","0","0","0","0","0","0","0","125","59"
"30","49806","74","49","38","4","0","0","0","0","0","0","0","0","0","0","0","0","0","0","0","0","0","0","0","0","0","0","0","0"
"30","49808","74","49","38","4","66","0","0","0","0","0","0","0","0","0","38","0","0","0","0","0","0","0","0","0","0","0","22","16"
"30","49809","74","49","38","4","0","0","0","0","0","0","0","0","0","0","0","0","0","0","0","0","0","0","0","0","0","0","0","0"
"30","49810","74","49","38","4","0","0","0","0","0","0","0","0","0","0","0","0","0","0","0","0","0","0","0","0","0","0","0","0"
"30","49811","74","49","38","4","1156","0","0","0","0","0","0","0","0","0","643","0","0","0","0","0","0","0","0","0","0","0","277","366"
"30","49813","74","49","38","4","49","0","0","0","0","0","0","0","0","0","27","0","0","0","0","0","0","0","0","0","0","0","8","19"
"30","49815","74","49","38","4","2","0","0","0","0","0","0","0","0","0","0","0","0","0","0","0","0","0","0","0","0","0","0","0"
"30","49816","74","49","38","4","0","0","0","0","0","0","0","0","0","0","0","0","0","0","0","0","0","0","0","0","0","0","0","0"
"30","49817","74","49","38","4","753","0","0","0","0","0","0","0","0","0","499","0","0","0","0","0","0","0","0","0","0","0","279","220"
"30","49818","74","49","38","4","216","0","0","0","0","0","0","0","0","0","148","0","0","0","0","0","0","0","0","0","0","0","77","71"
"30","49820","74","49","38","4","75","0","0","0","0","0","0","0","0","0","48","0","0","0","0","0","0","0","0","0","0","0","33","15"
"30","49821","74","49","38","4","0","0","0","0","0","0","0","0","0","0","0","0","0","0","0","0","0","0","0","0","0","0","0","0"
"30","49822","74","49","38","4","0","0","0","0","0","0","0","0","0","0","0","0","0","0","0","0","0","0","0","0","0","0","0","0"
"30","49825","74","49","38","4","330","0","0","0","0","0","0","0","0","0","207","0","0","0","0","0","0","0","0","0","0","0","82","125"
"30","49826","74","49","38","4","24","0","0","0","0","0","0","0","0","0","0","0","0","0","0","0","0","0","0","0","0","0","0","0"
"30","49827","74","49","38","4","0","0","0","0","0","0","0","0","0","0","0","0","0","0","0","0","0","0","0","0","0","0","0","0"
"30","49828","74","49","38","4","0","0","0","0","0","0","0","0","0","0","0","0","0","0","0","0","0","0","0","0","0","0","0","0"
"30","49829","74","49","38","4","34","0","0","0","0","0","0","0","0","0","24","0","0","0","0","0","0","0","0","0","0","0","9","15"
"30","49830","74","49","38","4","10","0","0","0","0","0","0","0","0","0","0","0","0","0","0","0","0","0","0","0","0","0","0","0"
"30","49831","74","49","38","4","172","0","0","0","0","0","0","0","0","0","64","0","0","0","0","0","0","0","0","0","0","0","11","53"
"30","49832","74","49","38","4","0","0","0","0","0","0","0","0","0","0","0","0","0","0","0","0","0","0","0","0","0","0","0","0"
"30","49833","74","49","38","4","0","0","0","0","0","0","0","0","0","0","0","0","0","0","0","0","0","0","0","0","0","0","0","0"
"30","49834","74","49","38","4","0","0","0","0","0","0","0","0","0","0","0","0","0","0","0","0","0","0","0","0","0","0","0","0"
"30","49835","74","49","38","4","0","0","0","0","0","0","0","0","0","0","0","0","0","0","0","0","0","0","0","0","0","0","0","0"
"30","49836","74","49","38","4","0","0","0","0","0","0","0","0","0","0","0","0","0","0","0","0","0","0","0","0","0","0","0","0"
"30","49837","74","49","38","4","0","0","0","0","0","0","0","0","0","0","0","0","0","0","0","0","0","0","0","0","0","0","0","0"
"30","49838","74","49","38","4","562","0","0","0","0","0","0","0","0","0","293","0","0","0","0","0","0","0","0","0","0","0","136","157"
"30","49839","74","49","38","4","0","0","0","0","0","0","0","0","0","0","0","0","0","0","0","0","0","0","0","0","0","0","0","0"
"30","49840","74","49","38","4","0","0","0","0","0","0","0","0","0","0","0","0","0","0","0","0","0","0","0","0","0","0","0","0"
"30","49841","74","49","38","4","0","0","0","0","0","0","0","0","0","0","0","0","0","0","0","0","0","0","0","0","0","0","0","0"
"30","50069","71","40","37","4","0","0","0","0","0","0","0","0","0","0","0","0","0","0","0","0","0","0","0","0","0","0","0","0"
"30","50070","71","40","38","4","2604","0","0","0","0","0","0","0","0","0","1496","0","0","0","0","0","0","0","0","0","0","0","1015","480"
"30","50072","71","40","37","4","1","0","0","0","0","0","0","0","0","0","0","0","0","0","0","0","0","0","0","0","0","0","0","0"
"30","50086","71","40","37","4","1","0","0","0","0","0","0","0","0","0","0","0","0","0","0","0","0","0","0","0","0","0","0","0"
"30","50088","71","40","37","4","0","0","0","0","0","0","0","0","0","0","0","0","0","0","0","0","0","0","0","0","0","0","0","0"
"30","50090","71","40","37","4","2","0","0","0","0","0","0","0","0","0","0","0","0","0","0","0","0","0","0","0","0","0","0","0"
"30","50091","71","40","37","4","472","0","0","0","0","0","0","0","0","0","264","0","0","0","0","0","0","0","0","0","0","0","153","111"
"30","50092","71","40","38","4","4421","0","0","0","0","0","0","0","0","0","2631","0","0","0","0","0","0","0","0","0","0","0","1670","960"
"30","50093","71","40","37","4","480","0","0","0","0","0","0","0","0","0","304","0","0","0","0","0","0","0","0","0","0","0","207","97"
"30","50094","71","40","38","4","1879","0","0","0","0","0","0","0","0","0","1156","0","0","0","0","0","0","0","0","0","0","0","717","439"
"30","50096","71","40","37","4","2","0","0","0","0","0","0","0","0","0","0","0","0","0","0","0","0","0","0","0","0","0","0","0"
"30","50105","71","40","37","4","0","0","0","0","0","0","0","0","0","0","0","0","0","0","0","0","0","0","0","0","0","0","0","0"
"30","50106","71","40","37","4","0","0","0","0","0","0","0","0","0","0","0","0","0","0","0","0","0","0","0","0","0","0","0","0"
"30","50107","71","40","37","4","0","0","0","0","0","0","0","0","0","0","0","0","0","0","0","0","0","0","0","0","0","0","0","0"
"30","50108","71","40","37","4","4","0","0","0","0","0","0","0","0","0","0","0","0","0","0","0","0","0","0","0","0","0","0","0"
"30","50109","71","40","37","4","0","0","0","0","0","0","0","0","0","0","0","0","0","0","0","0","0","0","0","0","0","0","0","0"
"30","50110","71","40","37","4","8","0","0","0","0","0","0","0","0","0","0","0","0","0","0","0","0","0","0","0","0","0","0","0"
"30","50111","71","40","37","4","0","0","0","0","0","0","0","0","0","0","0","0","0","0","0","0","0","0","0","0","0","0","0","0"
"30","50112","71","40","37","4","0","0","0","0","0","0","0","0","0","0","0","0","0","0","0","0","0","0","0","0","0","0","0","0"
"30","50113","71","40","37","4","0","0","0","0","0","0","0","0","0","0","0","0","0","0","0","0","0","0","0","0","0","0","0","0"
"30","50114","71","40","37","4","0","0","0","0","0","0","0","0","0","0","0","0","0","0","0","0","0","0","0","0","0","0","0","0"
"30","50115","71","40","37","4","296","0","0","0","0","0","0","0","0","0","183","0","0","0","0","0","0","0","0","0","0","0","115","68"
"30","50116","71","40","37","4","0","0","0","0","0","0","0","0","0","0","0","0","0","0","0","0","0","0","0","0","0","0","0","0"
"30","50117","71","40","37","4","0","0","0","0","0","0","0","0","0","0","0","0","0","0","0","0","0","0","0","0","0","0","0","0"
"30","50118","71","40","37","4","0","0","0","0","0","0","0","0","0","0","0","0","0","0","0","0","0","0","0","0","0","0","0","0"
"30","50800","71","40","37","4","0","0","0","0","0","0","0","0","0","0","0","0","0","0","0","0","0","0","0","0","0","0","0","0"
"30","50801","71","40","37","4","0","0","0","0","0","0","0","0","0","0","0","0","0","0","0","0","0","0","0","0","0","0","0","0"
"30","50802","71","40","37","4","0","0","0","0","0","0","0","0","0","0","0","0","0","0","0","0","0","0","0","0","0","0","0","0"
"30","50803","71","40","37","4","0","0","0","0","0","0","0","0","0","0","0","0","0","0","0","0","0","0","0","0","0","0","0","0"
"30","50805","71","40","37","4","0","0","0","0","0","0","0","0","0","0","0","0","0","0","0","0","0","0","0","0","0","0","0","0"
"30","50806","71","40","37","4","7","0","0","0","0","0","0","0","0","0","0","0","0","0","0","0","0","0","0","0","0","0","0","0"
"30","50807","71","40","37","4","0","0","0","0","0","0","0","0","0","0","0","0","0","0","0","0","0","0","0","0","0","0","0","0"
"30","50808","71","40","37","4","0","0","0","0","0","0","0","0","0","0","0","0","0","0","0","0","0","0","0","0","0","0","0","0"
"30","50810","71","40","37","4","0","0","0","0","0","0","0","0","0","0","0","0","0","0","0","0","0","0","0","0","0","0","0","0"
"30","51054","72","47","36","4","0","0","0","0","0","0","0","0","0","0","0","0","0","0","0","0","0","0","0","0","0","0","0","0"
"30","51063","72","47","36","4","0","0","0","0","0","0","0","0","0","0","0","0","0","0","0","0","0","0","0","0","0","0","0","0"
"30","51064","73","47","37","4","0","0","0","0","0","0","0","0","0","0","0","0","0","0","0","0","0","0","0","0","0","0","0","0"
"30","51066","73","47","37","4","0","0","0","0","0","0","0","0","0","0","0","0","0","0","0","0","0","0","0","0","0","0","0","0"
"30","51069","72","47","36","4","546","0","0","0","0","0","0","0","0","0","296","0","0","0","0","0","0","0","0","0","0","0","157","139"
"30","51072","73","47","37","4","0","0","0","0","0","0","0","0","0","0","0","0","0","0","0","0","0","0","0","0","0","0","0","0"
"30","51073","73","47","37","4","0","0","0","0","0","0","0","0","0","0","0","0","0","0","0","0","0","0","0","0","0","0","0","0"
"30","51165","72","47","36","4","0","0","0","0","0","0","0","0","0","0","0","0","0","0","0","0","0","0","0","0","0","0","0","0"
"30","51166","70","45","36","4","0","0","0","0","0","0","0","0","0","0","0","0","0","0","0","0","0","0","0","0","0","0","0","0"
"30","51167","70","47","36","4","0","0","0","0","0","0","0","0","0","0","0","0","0","0","0","0","0","0","0","0","0","0","0","0"
"30","51213","73","47","36","4","0","0","0","0","0","0","0","0","0","0","0","0","0","0","0","0","0","0","0","0","0","0","0","0"
"30","51215","72","47","36","4","0","0","0","0","0","0","0","0","0","0","0","0","0","0","0","0","0","0","0","0","0","0","0","0"
"30","51800","72","47","36","4","0","0","0","0","0","0","0","0","0","0","0","0","0","0","0","0","0","0","0","0","0","0","0","0"
"30","51801","72","47","36","4","0","0","0","0","0","0","0","0","0","0","0","0","0","0","0","0","0","0","0","0","0","0","0","0"
"30","51802","73","47","36","4","0","0","0","0","0","0","0","0","0","0","0","0","0","0","0","0","0","0","0","0","0","0","0","0"
"30","51803","72","47","36","4","0","0","0","0","0","0","0","0","0","0","0","0","0","0","0","0","0","0","0","0","0","0","0","0"
"30","51804","70","47","36","4","0","0","0","0","0","0","0","0","0","0","0","0","0","0","0","0","0","0","0","0","0","0","0","0"
"30","51805","70","45","36","4","0","0","0","0","0","0","0","0","0","0","0","0","0","0","0","0","0","0","0","0","0","0","0","0"
"30","51806","70","47","36","4","0","0","0","0","0","0","0","0","0","0","0","0","0","0","0","0","0","0","0","0","0","0","0","0"
"30","51807","72","47","36","4","0","0","0","0","0","0","0","0","0","0","0","0","0","0","0","0","0","0","0","0","0","0","0","0"
"30","51808","70","45","36","4","0","0","0","0","0","0","0","0","0","0","0","0","0","0","0","0","0","0","0","0","0","0","0","0"
"30","51809","72","47","36","4","0","0","0","0","0","0","0","0","0","0","0","0","0","0","0","0","0","0","0","0","0","0","0","0"
"30","51810","72","47","36","4","0","0","0","0","0","0","0","0","0","0","0","0","0","0","0","0","0","0","0","0","0","0","0","0"
"30","51811","73","47","36","4","0","0","0","0","0","0","0","0","0","0","0","0","0","0","0","0","0","0","0","0","0","0","0","0"
"30","51812","73","47","36","4","0","0","0","0","0","0","0","0","0","0","0","0","0","0","0","0","0","0","0","0","0","0","0","0"
"30","51813","72","47","36","4","0","0","0","0","0","0","0","0","0","0","0","0","0","0","0","0","0","0","0","0","0","0","0","0"
"30","51814","73","47","37","4","0","0","0","0","0","0","0","0","0","0","0","0","0","0","0","0","0","0","0","0","0","0","0","0"
"30","51815","73","47","37","4","0","0","0","0","0","0","0","0","0","0","0","0","0","0","0","0","0","0","0","0","0","0","0","0"
"30","51816","72","47","36","4","0","0","0","0","0","0","0","0","0","0","0","0","0","0","0","0","0","0","0","0","0","0","0","0"
"30","51817","73","47","36","4","0","0","0","0","0","0","0","0","0","0","0","0","0","0","0","0","0","0","0","0","0","0","0","0"
"30","52001","73","47","37","4","1089","0","0","0","0","0","0","0","0","0","441","0","0","0","0","0","0","0","0","0","0","0","98","343"
"30","52002","73","47","37","4","579","0","0","0","0","0","0","0","0","0","220","0","0","0","0","0","0","0","0","0","0","0","44","176"
"30","52003","73","47","37","4","1379","0","0","0","0","0","0","0","0","0","662","0","0","0","0","0","0","0","0","0","0","0","305","357"
"30","52004","73","47","37","4","1348","0","0","0","0","0","0","0","0","0","708","0","0","0","0","0","0","0","0","0","0","0","387","321"
"30","52009","73","47","37","4","2671","0","0","0","0","0","0","0","0","0","1453","0","0","0","0","0","0","0","0","0","0","0","718","733"
"30","52010","73","47","37","4","548","0","0","0","0","0","0","0","0","0","187","0","0","0","0","0","0","0","0","0","0","0","52","135"
"30","52011","73","47","37","4","1863","0","0","0","0","0","0","0","0","0","1127","0","0","0","0","0","0","0","0","0","0","0","540","587"
"30","52013","73","47","37","4","0","0","0","0","0","0","0","0","0","0","0","0","0","0","0","0","0","0","0","0","0","0","0","0"
"30","52014","73","47","37","4","0","0","0","0","0","0","0","0","0","0","0","0","0","0","0","0","0","0","0","0","0","0","0","0"
"30","52016","73","47","37","4","1252","0","0","0","0","0","0","0","0","0","486","0","0","0","0","0","0","0","0","0","0","0","87","399"
"30","52022","73","47","37","4","1042","0","0","0","0","0","0","0","0","0","637","0","0","0","0","0","0","0","0","0","0","0","317","320"
"30","52023","73","47","37","4","0","0","0","0","0","0","0","0","0","0","0","0","0","0","0","0","0","0","0","0","0","0","0","0"
"30","52024","73","47","37","4","796","0","0","0","0","0","0","0","0","0","375","0","0","0","0","0","0","0","0","0","0","0","128","247"
"30","52025","73","47","37","4","624","0","0","0","0","0","0","0","0","0","208","0","0","0","0","0","0","0","0","0","0","0","46","162"
"30","52026","73","47","37","4","335","0","0","0","0","0","0","0","0","0","147","0","0","0","0","0","0","0","0","0","0","0","65","82"
"30","52027","73","47","37","4","76","0","0","0","0","0","0","0","0","0","41","0","0","0","0","0","0","0","0","0","0","0","22","19"
"30","52029","73","47","37","4","207","0","0","0","0","0","0","0","0","0","86","0","0","0","0","0","0","0","0","0","0","0","44","42"
"30","52030","73","47","37","4","0","0","0","0","0","0","0","0","0","0","0","0","0","0","0","0","0","0","0","0","0","0","0","0"
"30","52031","73","47","37","4","1713","0","0","0","0","0","0","0","0","0","854","0","0","0","0","0","0","0","0","0","0","0","329","525"
"30","52032","73","47","37","4","1249","0","0","0","0","0","0","0","0","0","579","0","0","0","0","0","0","0","0","0","0","0","176","402"
"30","52033","73","47","37","4","547","0","0","0","0","0","0","0","0","0","269","0","0","0","0","0","0","0","0","0","0","0","118","151"
"30","52034","73","47","37","4","1500","0","0","0","0","0","0","0","0","0","853","0","0","0","0","0","0","0","0","0","0","0","386","467"
"30","52035","73","47","37","4","1472","0","0","0","0","0","0","0","0","0","871","0","0","0","0","0","0","0","0","0","0","0","454","416"
"30","52036","73","47","37","4","0","0","0","0","0","0","0","0","0","0","0","0","0","0","0","0","0","0","0","0","0","0","0","0"
"30","52037","73","47","37","4","2413","0","0","0","0","0","0","0","0","0","1298","0","0","0","0","0","0","0","0","0","0","0","601","697"
"30","52042","73","47","37","4","1513","0","0","0","0","0","0","0","0","0","855","0","0","0","0","0","0","0","0","0","0","0","409","445"
"30","52043","73","47","37","4","1327","0","0","0","0","0","0","0","0","0","645","0","0","0","0","0","0","0","0","0","0","0","238","407"
"30","52044","73","47","37","4","887","0","0","0","0","0","0","0","0","0","463","0","0","0","0","0","0","0","0","0","0","0","209","253"
"30","52045","73","47","37","4","1259","0","0","0","0","0","0","0","0","0","828","0","0","0","0","0","0","0","0","0","0","0","459","369"
"30","52047","73","47","37","4","87","0","0","0","0","0","0","0","0","0","43","0","0","0","0","0","0","0","0","0","0","0","31","12"
"30","52048","73","47","37","4","128","0","0","0","0","0","0","0","0","0","84","0","0","0","0","0","0","0","0","0","0","0","37","47"
"30","52049","73","47","37","4","83","0","0","0","0","0","0","0","0","0","45","0","0","0","0","0","0","0","0","0","0","0","22","23"
"30","52051","73","47","37","4","3483","0","0","0","0","0","0","0","0","0","2108","0","0","0","0","0","0","0","0","0","0","0","1041","1060"
"30","52052","73","47","37","4","421","0","0","0","0","0","0","0","0","0","220","0","0","0","0","0","0","0","0","0","0","0","109","111"
"30","52053","73","47","37","4","0","0","0","0","0","0","0","0","0","0","0","0","0","0","0","0","0","0","0","0","0","0","0","0"
"30","52057","73","47","37","4","331","0","0","0","0","0","0","0","0","0","120","0","0","0","0","0","0","0","0","0","0","0","20","100"
"30","52058","73","47","37","4","587","0","0","0","0","0","0","0","0","0","296","0","0","0","0","0","0","0","0","0","0","0","99","197"
"30","52059","73","47","37","4","1197","0","0","0","0","0","0","0","0","0","578","0","0","0","0","0","0","0","0","0","0","0","246","332"
"30","52062","73","47","37","4","520","0","0","0","0","0","0","0","0","0","217","0","0","0","0","0","0","0","0","0","0","0","51","165"
"30","52063","73","47","37","4","311","0","0","0","0","0","0","0","0","0","124","0","0","0","0","0","0","0","0","0","0","0","63","61"
"30","52064","73","47","37","4","62","0","0","0","0","0","0","0","0","0","44","0","0","0","0","0","0","0","0","0","0","0","27","17"
"30","52065","73","47","37","4","1740","0","0","0","0","0","0","0","0","0","998","0","0","0","0","0","0","0","0","0","0","0","568","429"
"30","52066","73","47","37","4","27","0","0","0","0","0","0","0","0","0","15","0","0","0","0","0","0","0","0","0","0","0","6","9"
"30","52067","73","47","37","4","0","0","0","0","0","0","0","0","0","0","0","0","0","0","0","0","0","0","0","0","0","0","0","0"
"30","52068","73","47","37","4","0","0","0","0","0","0","0","0","0","0","0","0","0","0","0","0","0","0","0","0","0","0","0","0"
"30","52069","73","47","37","4","0","0","0","0","0","0","0","0","0","0","0","0","0","0","0","0","0","0","0","0","0","0","0","0"
"30","52131","73","47","37","4","2748","0","0","0","0","0","0","0","0","0","1479","0","0","0","0","0","0","0","0","0","0","0","721","758"
"30","52164","73","47","37","4","1135","0","0","0","0","0","0","0","0","0","445","0","0","0","0","0","0","0","0","0","0","0","151","294"
"30","52167","73","47","37","4","2083","0","0","0","0","0","0","0","0","0","1160","0","0","0","0","0","0","0","0","0","0","0","532","628"
"30","52180","73","47","37","4","240","0","0","0","0","0","0","0","0","0","74","0","0","0","0","0","0","0","0","0","0","0","24","50"
"30","52184","73","47","37","4","1999","0","0","0","0","0","0","0","0","0","1040","0","0","0","0","0","0","0","0","0","0","0","561","479"
"30","52186","73","47","37","4","2341","0","0","0","0","0","0","0","0","0","1297","0","0","0","0","0","0","0","0","0","0","0","572","725"
"30","52188","73","47","37","4","19","0","0","0","0","0","0","0","0","0","11","0","0","0","0","0","0","0","0","0","0","0","5","6"
"30","52194","73","47","37","4","324","0","0","0","0","0","0","0","0","0","155","0","0","0","0","0","0","0","0","0","0","0","57","98"
"30","52195","73","47","37","4","777","0","0","0","0","0","0","0","0","0","339","0","0","0","0","0","0","0","0","0","0","0","82","257"
"30","52196","73","47","37","4","242","0","0","0","0","0","0","0","0","0","106","0","0","0","0","0","0","0","0","0","0","0","32","74"
"30","52197","73","47","37","4","1456","0","0","0","0","0","0","0","0","0","852","0","0","0","0","0","0","0","0","0","0","0","380","469"
"30","52198","73","47","37","4","0","0","0","0","0","0","0","0","0","0","0","0","0","0","0","0","0","0","0","0","0","0","0","0"
"30","52200","73","47","37","4","1748","0","0","0","0","0","0","0","0","0","978","0","0","0","0","0","0","0","0","0","0","0","385","592"
"30","52202","73","47","37","4","4","0","0","0","0","0","0","0","0","0","0","0","0","0","0","0","0","0","0","0","0","0","0","0"
"30","52204","73","47","37","4","0","0","0","0","0","0","0","0","0","0","0","0","0","0","0","0","0","0","0","0","0","0","0","0"
"30","52205","73","47","37","4","0","0","0","0","0","0","0","0","0","0","0","0","0","0","0","0","0","0","0","0","0","0","0","0"
"30","52206","73","47","37","4","0","0","0","0","0","0","0","0","0","0","0","0","0","0","0","0","0","0","0","0","0","0","0","0"
"30","52207","73","47","37","4","570","0","0","0","0","0","0","0","0","0","249","0","0","0","0","0","0","0","0","0","0","0","100","149"
"30","52210","73","47","37","4","497","0","0","0","0","0","0","0","0","0","224","0","0","0","0","0","0","0","0","0","0","0","43","181"
"30","52211","73","47","37","4","337","0","0","0","0","0","0","0","0","0","145","0","0","0","0","0","0","0","0","0","0","0","22","123"
"30","52212","73","47","37","4","376","0","0","0","0","0","0","0","0","0","159","0","0","0","0","0","0","0","0","0","0","0","22","137"
"30","52213","73","47","37","4","306","0","0","0","0","0","0","0","0","0","180","0","0","0","0","0","0","0","0","0","0","0","103","77"
"30","52216","73","47","37","4","74","0","0","0","0","0","0","0","0","0","34","0","0","0","0","0","0","0","0","0","0","0","6","28"
"30","52224","73","47","37","4","1942","0","0","0","0","0","0","0","0","0","722","0","0","0","0","0","0","0","0","0","0","0","206","516"
"30","52226","73","47","37","4","0","0","0","0","0","0","0","0","0","0","0","0","0","0","0","0","0","0","0","0","0","0","0","0"
"30","52231","73","47","37","4","0","0","0","0","0","0","0","0","0","0","0","0","0","0","0","0","0","0","0","0","0","0","0","0"
"30","52232","73","47","37","4","0","0","0","0","0","0","0","0","0","0","0","0","0","0","0","0","0","0","0","0","0","0","0","0"
"30","52233","73","47","37","4","1","0","0","0","0","0","0","0","0","0","0","0","0","0","0","0","0","0","0","0","0","0","0","0"
"30","52234","73","47","37","4","218","0","0","0","0","0","0","0","0","0","93","0","0","0","0","0","0","0","0","0","0","0","43","50"
"30","52235","73","47","37","4","5","0","0","0","0","0","0","0","0","0","0","0","0","0","0","0","0","0","0","0","0","0","0","0"
"30","52236","73","47","37","4","0","0","0","0","0","0","0","0","0","0","0","0","0","0","0","0","0","0","0","0","0","0","0","0"
"30","52237","73","47","37","4","373","0","0","0","0","0","0","0","0","0","160","0","0","0","0","0","0","0","0","0","0","0","42","118"
"30","52800","73","47","37","4","89","0","0","0","0","0","0","0","0","0","39","0","0","0","0","0","0","0","0","0","0","0","9","30"
"30","52801","73","47","37","4","0","0","0","0","0","0","0","0","0","0","0","0","0","0","0","0","0","0","0","0","0","0","0","0"
"30","52803","73","47","37","4","315","0","0","0","0","0","0","0","0","0","174","0","0","0","0","0","0","0","0","0","0","0","68","106"
"30","52805","73","47","37","4","522","0","0","0","0","0","0","0","0","0","323","0","0","0","0","0","0","0","0","0","0","0","155","168"
"30","52806","73","47","37","4","491","0","0","0","0","0","0","0","0","0","262","0","0","0","0","0","0","0","0","0","0","0","108","154"
"30","52807","73","47","37","4","68","0","0","0","0","0","0","0","0","0","37","0","0","0","0","0","0","0","0","0","0","0","19","18"
"30","52808","73","47","37","4","531","0","0","0","0","0","0","0","0","0","250","0","0","0","0","0","0","0","0","0","0","0","107","143"
"30","52809","73","47","37","4","421","0","0","0","0","0","0","0","0","0","180","0","0","0","0","0","0","0","0","0","0","0","53","127"
"30","52810","73","47","37","4","74","0","0","0","0","0","0","0","0","0","50","0","0","0","0","0","0","0","0","0","0","0","31","19"
"30","52811","73","47","37","4","895","0","0","0","0","0","0","0","0","0","450","0","0","0","0","0","0","0","0","0","0","0","173","277"
"30","52812","73","47","37","4","305","0","0","0","0","0","0","0","0","0","125","0","0","0","0","0","0","0","0","0","0","0","35","90"
"30","52813","73","47","37","4","434","0","0","0","0","0","0","0","0","0","191","0","0","0","0","0","0","0","0","0","0","0","72","119"
"30","52814","73","47","37","4","0","0","0","0","0","0","0","0","0","0","0","0","0","0","0","0","0","0","0","0","0","0","0","0"
"30","52816","73","47","37","4","0","0","0","0","0","0","0","0","0","0","0","0","0","0","0","0","0","0","0","0","0","0","0","0"
"30","52817","73","47","37","4","257","0","0","0","0","0","0","0","0","0","130","0","0","0","0","0","0","0","0","0","0","0","41","89"
"30","52818","73","47","37","4","379","0","0","0","0","0","0","0","0","0","216","0","0","0","0","0","0","0","0","0","0","0","109","107"
"30","52820","73","47","37","4","425","0","0","0","0","0","0","0","0","0","270","0","0","0","0","0","0","0","0","0","0","0","123","147"
"30","52821","73","47","37","4","132","0","0","0","0","0","0","0","0","0","82","0","0","0","0","0","0","0","0","0","0","0","31","51"
"30","52822","73","47","37","4","477","0","0","0","0","0","0","0","0","0","205","0","0","0","0","0","0","0","0","0","0","0","59","146"
"30","52823","73","47","37","4","37","0","0","0","0","0","0","0","0","0","16","0","0","0","0","0","0","0","0","0","0","0","3","13"
"30","52824","73","47","37","4","109","0","0","0","0","0","0","0","0","0","55","0","0","0","0","0","0","0","0","0","0","0","12","43"
"30","52825","73","47","37","4","92","0","0","0","0","0","0","0","0","0","37","0","0","0","0","0","0","0","0","0","0","0","23","14"
"30","52826","73","47","37","4","964","0","0","0","0","0","0","0","0","0","368","0","0","0","0","0","0","0","0","0","0","0","117","251"
"30","52827","73","47","37","4","591","0","0","0","0","0","0","0","0","0","325","0","0","0","0","0","0","0","0","0","0","0","136","189"
"30","53046","72","47","36","4","0","0","0","0","0","0","0","0","0","0","0","0","0","0","0","0","0","0","0","0","0","0","0","0"
"30","53048","72","47","36","4","0","0","0","0","0","0","0","0","0","0","0","0","0","0","0","0","0","0","0","0","0","0","0","0"
"30","53049","72","47","36","4","11","0","0","0","0","0","0","0","0","0","0","0","0","0","0","0","0","0","0","0","0","0","0","0"
"30","53052","72","47","36","4","939","0","0","0","0","0","0","0","0","0","422","0","0","0","0","0","0","0","0","0","0","0","179","243"
"30","53055","72","47","36","4","48","0","0","0","0","0","0","0","0","0","35","0","0","0","0","0","0","0","0","0","0","0","26","9"
"30","53056","72","47","36","4","7","0","0","0","0","0","0","0","0","0","0","0","0","0","0","0","0","0","0","0","0","0","0","0"
"30","53057","72","47","36","4","704","0","0","0","0","0","0","0","0","0","396","0","0","0","0","0","0","0","0","0","0","0","265","131"
"30","53058","72","47","36","4","0","0","0","0","0","0","0","0","0","0","0","0","0","0","0","0","0","0","0","0","0","0","0","0"
"30","53059","72","47","36","4","2329","0","0","0","0","0","0","0","0","0","1626","0","0","0","0","0","0","0","0","0","0","0","953","672"
"30","53062","72","47","36","4","1564","0","0","0","0","0","0","0","0","0","831","0","0","0","0","0","0","0","0","0","0","0","513","317"
"30","53064","72","47","36","4","3507","0","0","0","0","0","0","0","0","0","2133","0","0","0","0","0","0","0","0","0","0","0","1195","936"
"30","53065","72","47","36","4","108","0","0","0","0","0","0","0","0","0","62","0","0","0","0","0","0","0","0","0","0","0","34","28"
"30","53066","72","47","36","4","793","0","0","0","0","0","0","0","0","0","421","0","0","0","0","0","0","0","0","0","0","0","231","190"
"30","53067","72","47","36","4","6","0","0","0","0","0","0","0","0","0","0","0","0","0","0","0","0","0","0","0","0","0","0","0"
"30","53068","72","47","36","4","437","0","0","0","0","0","0","0","0","0","309","0","0","0","0","0","0","0","0","0","0","0","194","115"
"30","53069","72","47","36","4","979","0","0","0","0","0","0","0","0","0","580","0","0","0","0","0","0","0","0","0","0","0","407","173"
"30","53071","72","47","36","4","447","0","0","0","0","0","0","0","0","0","271","0","0","0","0","0","0","0","0","0","0","0","159","112"
"30","53073","72","47","36","4","2072","0","0","0","0","0","0","0","0","0","1053","0","0","0","0","0","0","0","0","0","0","0","693","358"
"30","53074","72","47","36","4","1622","0","0","0","0","0","0","0","0","0","949","0","0","0","0","0","0","0","0","0","0","0","519","430"
"30","53075","72","47","36","4","1442","0","0","0","0","0","0","0","0","0","958","0","0","0","0","0","0","0","0","0","0","0","681","276"
"30","53080","72","47","36","4","276","0","0","0","0","0","0","0","0","0","180","0","0","0","0","0","0","0","0","0","0","0","132","48"
"30","53081","72","47","36","4","1074","0","0","0","0","0","0","0","0","0","592","0","0","0","0","0","0","0","0","0","0","0","322","270"
"30","53082","72","47","36","4","1988","0","0","0","0","0","0","0","0","0","1269","0","0","0","0","0","0","0","0","0","0","0","865","404"
"30","53083","72","47","36","4","3503","0","0","0","0","0","0","0","0","0","2153","0","0","0","0","0","0","0","0","0","0","0","1406","747"
"30","53084","72","47","36","4","1096","0","0","0","0","0","0","0","0","0","674","0","0","0","0","0","0","0","0","0","0","0","414","260"
"30","53085","72","47","36","4","661","0","0","0","0","0","0","0","0","0","409","0","0","0","0","0","0","0","0","0","0","0","284","125"
"30","53087","72","47","36","4","0","0","0","0","0","0","0","0","0","0","0","0","0","0","0","0","0","0","0","0","0","0","0","0"
"30","53089","72","47","36","4","1902","0","0","0","0","0","0","0","0","0","1174","0","0","0","0","0","0","0","0","0","0","0","763","411"
"30","53090","72","47","36","4","343","0","0","0","0","0","0","0","0","0","211","0","0","0","0","0","0","0","0","0","0","0","133","78"
"30","53091","72","47","36","4","270","0","0","0","0","0","0","0","0","0","182","0","0","0","0","0","0","0","0","0","0","0","114","68"
"30","53097","72","47","36","4","1174","0","0","0","0","0","0","0","0","0","664","0","0","0","0","0","0","0","0","0","0","0","400","264"
"30","53098","72","47","36","4","993","0","0","0","0","0","0","0","0","0","616","0","0","0","0","0","0","0","0","0","0","0","421","195"
"30","53100","72","47","36","4","1489","0","0","0","0","0","0","0","0","0","747","0","0","0","0","0","0","0","0","0","0","0","463","284"
"30","53101","72","47","36","4","1932","0","0","0","0","0","0","0","0","0","925","0","0","0","0","0","0","0","0","0","0","0","431","493"
"30","53107","72","47","36","4","0","0","0","0","0","0","0","0","0","0","0","0","0","0","0","0","0","0","0","0","0","0","0","0"
"30","53108","72","47","36","4","800","0","0","0","0","0","0","0","0","0","499","0","0","0","0","0","0","0","0","0","0","0","277","222"
"30","53140","72","47","36","4","0","0","0","0","0","0","0","0","0","0","0","0","0","0","0","0","0","0","0","0","0","0","0","0"
"30","53142","72","47","36","4","1147","0","0","0","0","0","0","0","0","0","571","0","0","0","0","0","0","0","0","0","0","0","314","257"
"30","53143","72","47","36","4","4","0","0","0","0","0","0","0","0","0","0","0","0","0","0","0","0","0","0","0","0","0","0","0"
"30","53144","72","47","36","4","0","0","0","0","0","0","0","0","0","0","0","0","0","0","0","0","0","0","0","0","0","0","0","0"
"30","53145","72","47","36","4","1184","0","0","0","0","0","0","0","0","0","580","0","0","0","0","0","0","0","0","0","0","0","301","279"
"30","53146","72","47","36","4","2078","0","0","0","0","0","0","0","0","0","1096","0","0","0","0","0","0","0","0","0","0","0","610","486"
"30","53148","72","47","36","4","1988","0","0","0","0","0","0","0","0","0","1057","0","0","0","0","0","0","0","0","0","0","0","594","462"
"30","53150","72","47","36","4","0","0","0","0","0","0","0","0","0","0","0","0","0","0","0","0","0","0","0","0","0","0","0","0"
"30","53151","72","47","36","4","0","0","0","0","0","0","0","0","0","0","0","0","0","0","0","0","0","0","0","0","0","0","0","0"
"30","53152","72","47","36","4","0","0","0","0","0","0","0","0","0","0","0","0","0","0","0","0","0","0","0","0","0","0","0","0"
"30","53153","72","47","36","4","2","0","0","0","0","0","0","0","0","0","0","0","0","0","0","0","0","0","0","0","0","0","0","0"
"30","53154","72","47","36","4","1200","0","0","0","0","0","0","0","0","0","763","0","0","0","0","0","0","0","0","0","0","0","548","215"
"30","53155","72","47","36","4","363","0","0","0","0","0","0","0","0","0","230","0","0","0","0","0","0","0","0","0","0","0","116","113"
"30","53156","72","47","36","4","34","0","0","0","0","0","0","0","0","0","21","0","0","0","0","0","0","0","0","0","0","0","12","9"
"30","53158","72","47","36","4","170","0","0","0","0","0","0","0","0","0","101","0","0","0","0","0","0","0","0","0","0","0","48","53"
"30","53159","72","47","36","4","3","0","0","0","0","0","0","0","0","0","0","0","0","0","0","0","0","0","0","0","0","0","0","0"
"30","53160","72","47","36","4","977","0","0","0","0","0","0","0","0","0","490","0","0","0","0","0","0","0","0","0","0","0","307","182"
"30","53162","72","47","36","4","242","0","0","0","0","0","0","0","0","0","129","0","0","0","0","0","0","0","0","0","0","0","70","59"
"30","53164","72","47","36","4","0","0","0","0","0","0","0","0","0","0","0","0","0","0","0","0","0","0","0","0","0","0","0","0"
"30","53165","72","47","36","4","0","0","0","0","0","0","0","0","0","0","0","0","0","0","0","0","0","0","0","0","0","0","0","0"
"30","53166","72","47","36","4","0","0","0","0","0","0","0","0","0","0","0","0","0","0","0","0","0","0","0","0","0","0","0","0"
"30","53167","72","47","36","4","1","0","0","0","0","0","0","0","0","0","0","0","0","0","0","0","0","0","0","0","0","0","0","0"
"30","53168","72","47","36","4","0","0","0","0","0","0","0","0","0","0","0","0","0","0","0","0","0","0","0","0","0","0","0","0"
"30","53169","72","47","36","4","0","0","0","0","0","0","0","0","0","0","0","0","0","0","0","0","0","0","0","0","0","0","0","0"
"30","53170","72","47","36","4","65","0","0","0","0","0","0","0","0","0","41","0","0","0","0","0","0","0","0","0","0","0","27","14"
"30","53171","72","47","36","4","1301","0","0","0","0","0","0","0","0","0","755","0","0","0","0","0","0","0","0","0","0","0","481","274"
"30","53172","72","47","36","4","0","0","0","0","0","0","0","0","0","0","0","0","0","0","0","0","0","0","0","0","0","0","0","0"
"30","53173","72","47","36","4","0","0","0","0","0","0","0","0","0","0","0","0","0","0","0","0","0","0","0","0","0","0","0","0"
"30","53174","72","47","36","4","619","0","0","0","0","0","0","0","0","0","366","0","0","0","0","0","0","0","0","0","0","0","205","161"
"30","53305","72","47","36","4","1412","0","0","0","0","0","0","0","0","0","906","0","0","0","0","0","0","0","0","0","0","0","607","298"
"30","53322","72","47","36","4","0","0","0","0","0","0","0","0","0","0","0","0","0","0","0","0","0","0","0","0","0","0","0","0"
"30","53343","72","47","36","4","484","0","0","0","0","0","0","0","0","0","285","0","0","0","0","0","0","0","0","0","0","0","169","116"
"30","53344","72","47","36","4","0","0","0","0","0","0","0","0","0","0","0","0","0","0","0","0","0","0","0","0","0","0","0","0"
"30","53345","72","47","36","4","0","0","0","0","0","0","0","0","0","0","0","0","0","0","0","0","0","0","0","0","0","0","0","0"
"30","53346","72","47","36","4","313","0","0","0","0","0","0","0","0","0","104","0","0","0","0","0","0","0","0","0","0","0","51","53"
"30","53347","72","47","36","4","175","0","0","0","0","0","0","0","0","0","108","0","0","0","0","0","0","0","0","0","0","0","56","52"
"30","53348","72","47","36","4","303","0","0","0","0","0","0","0","0","0","195","0","0","0","0","0","0","0","0","0","0","0","109","86"
"30","53353","72","47","36","4","1371","0","0","0","0","0","0","0","0","0","859","0","0","0","0","0","0","0","0","0","0","0","488","371"
"30","53356","72","47","36","4","0","0","0","0","0","0","0","0","0","0","0","0","0","0","0","0","0","0","0","0","0","0","0","0"
"30","53363","72","47","36","4","186","0","0","0","0","0","0","0","0","0","115","0","0","0","0","0","0","0","0","0","0","0","75","40"
"30","53366","72","47","36","4","1290","0","0","0","0","0","0","0","0","0","629","0","0","0","0","0","0","0","0","0","0","0","342","287"
"30","53373","72","47","36","4","10","0","0","0","0","0","0","0","0","0","0","0","0","0","0","0","0","0","0","0","0","0","0","0"
"30","53375","72","47","36","4","408","0","0","0","0","0","0","0","0","0","237","0","0","0","0","0","0","0","0","0","0","0","128","109"
"30","53376","72","47","36","4","312","0","0","0","0","0","0","0","0","0","138","0","0","0","0","0","0","0","0","0","0","0","53","85"
"30","53380","72","47","36","4","1762","0","0","0","0","0","0","0","0","0","789","0","0","0","0","0","0","0","0","0","0","0","457","332"
"30","53381","72","47","36","4","432","0","0","0","0","0","0","0","0","0","254","0","0","0","0","0","0","0","0","0","0","0","125","129"
"30","53384","72","47","36","4","1006","0","0","0","0","0","0","0","0","0","646","0","0","0","0","0","0","0","0","0","0","0","383","263"
"30","53390","72","47","36","4","0","0","0","0","0","0","0","0","0","0","0","0","0","0","0","0","0","0","0","0","0","0","0","0"
"30","53393","72","47","36","4","1117","0","0","0","0","0","0","0","0","0","310","0","0","0","0","0","0","0","0","0","0","0","114","196"
"30","53404","72","47","36","4","0","0","0","0","0","0","0","0","0","0","0","0","0","0","0","0","0","0","0","0","0","0","0","0"
"30","53405","72","47","36","4","0","0","0","0","0","0","0","0","0","0","0","0","0","0","0","0","0","0","0","0","0","0","0","0"
"30","53800","72","47","36","4","0","0","0","0","0","0","0","0","0","0","0","0","0","0","0","0","0","0","0","0","0","0","0","0"
"30","53801","72","47","36","4","0","0","0","0","0","0","0","0","0","0","0","0","0","0","0","0","0","0","0","0","0","0","0","0"
"30","53802","72","47","36","4","0","0","0","0","0","0","0","0","0","0","0","0","0","0","0","0","0","0","0","0","0","0","0","0"
"30","53803","72","47","36","4","0","0","0","0","0","0","0","0","0","0","0","0","0","0","0","0","0","0","0","0","0","0","0","0"
"30","53808","72","47","36","4","708","0","0","0","0","0","0","0","0","0","411","0","0","0","0","0","0","0","0","0","0","0","229","182"
"30","53809","72","47","36","4","596","0","0","0","0","0","0","0","0","0","377","0","0","0","0","0","0","0","0","0","0","0","301","75"
"30","53810","72","47","36","4","269","0","0","0","0","0","0","0","0","0","169","0","0","0","0","0","0","0","0","0","0","0","120","49"
"30","53815","72","47","36","4","24","0","0","0","0","0","0","0","0","0","12","0","0","0","0","0","0","0","0","0","0","0","8","4"
"30","53816","72","47","36","4","368","0","0","0","0","0","0","0","0","0","246","0","0","0","0","0","0","0","0","0","0","0","169","76"
"30","53818","72","47","36","4","1","0","0","0","0","0","0","0","0","0","0","0","0","0","0","0","0","0","0","0","0","0","0","0"
"30","53819","72","47","36","4","218","0","0","0","0","0","0","0","0","0","88","0","0","0","0","0","0","0","0","0","0","0","40","48"
"30","53820","72","47","36","4","78","0","0","0","0","0","0","0","0","0","43","0","0","0","0","0","0","0","0","0","0","0","34","9"
"30","53821","72","47","36","4","0","0","0","0","0","0","0","0","0","0","0","0","0","0","0","0","0","0","0","0","0","0","0","0"
"30","53822","72","47","36","4","23","0","0","0","0","0","0","0","0","0","17","0","0","0","0","0","0","0","0","0","0","0","12","5"
"30","53823","72","47","36","4","0","0","0","0","0","0","0","0","0","0","0","0","0","0","0","0","0","0","0","0","0","0","0","0"
"30","53824","72","47","36","4","0","0","0","0","0","0","0","0","0","0","0","0","0","0","0","0","0","0","0","0","0","0","0","0"
"30","53825","72","47","36","4","0","0","0","0","0","0","0","0","0","0","0","0","0","0","0","0","0","0","0","0","0","0","0","0"
"30","53826","72","47","36","4","0","0","0","0","0","0","0","0","0","0","0","0","0","0","0","0","0","0","0","0","0","0","0","0"
"30","53827","72","47","36","4","1094","0","0","0","0","0","0","0","0","0","556","0","0","0","0","0","0","0","0","0","0","0","267","289"
"30","53828","72","47","36","4","0","0","0","0","0","0","0","0","0","0","0","0","0","0","0","0","0","0","0","0","0","0","0","0"
"30","53830","72","47","36","4","1299","0","0","0","0","0","0","0","0","0","758","0","0","0","0","0","0","0","0","0","0","0","500","258"
"30","54101","71","40","38","4","2750","0","0","0","0","0","0","0","0","0","1347","0","0","0","0","0","0","0","0","0","0","0","612","734"
"30","54102","71","40","38","4","1500","0","0","0","0","0","0","0","0","0","754","0","0","0","0","0","0","0","0","0","0","0","344","410"
"30","54103","71","40","38","4","1826","0","0","0","0","0","0","0","0","0","1071","0","0","0","0","0","0","0","0","0","0","0","505","566"
"30","54109","71","40","38","4","399","0","0","0","0","0","0","0","0","0","255","0","0","0","0","0","0","0","0","0","0","0","151","104"
"30","54111","71","40","38","4","0","0","0","0","0","0","0","0","0","0","0","0","0","0","0","0","0","0","0","0","0","0","0","0"
"30","54112","71","40","38","4","737","0","0","0","0","0","0","0","0","0","435","0","0","0","0","0","0","0","0","0","0","0","231","204"
"30","54117","71","40","38","4","0","0","0","0","0","0","0","0","0","0","0","0","0","0","0","0","0","0","0","0","0","0","0","0"
"30","54121","71","40","38","4","3819","0","0","0","0","0","0","0","0","0","2342","0","0","0","0","0","0","0","0","0","0","0","1088","1254"
"30","54123","71","40","38","4","2885","0","0","0","0","0","0","0","0","0","1510","0","0","0","0","0","0","0","0","0","0","0","723","785"
"30","54141","71","40","38","4","3131","0","0","0","0","0","0","0","0","0","1950","0","0","0","0","0","0","0","0","0","0","0","1150","799"
"30","54144","71","40","38","4","2762","0","0","0","0","0","0","0","0","0","1703","0","0","0","0","0","0","0","0","0","0","0","983","720"
"30","54161","71","40","38","4","859","0","0","0","0","0","0","0","0","0","515","0","0","0","0","0","0","0","0","0","0","0","254","261"
"30","54181","71","40","38","4","2289","0","0","0","0","0","0","0","0","0","1277","0","0","0","0","0","0","0","0","0","0","0","570","707"
"30","54184","71","40","38","4","1279","0","0","0","0","0","0","0","0","0","743","0","0","0","0","0","0","0","0","0","0","0","420","323"
"30","54186","71","40","38","4","0","0","0","0","0","0","0","0","0","0","0","0","0","0","0","0","0","0","0","0","0","0","0","0"
"30","54800","71","40","38","4","0","0","0","0","0","0","0","0","0","0","0","0","0","0","0","0","0","0","0","0","0","0","0","0"
"30","54801","71","40","38","4","0","0","0","0","0","0","0","0","0","0","0","0","0","0","0","0","0","0","0","0","0","0","0","0"
"30","54802","71","40","38","4","2968","0","0","0","0","0","0","0","0","0","1646","0","0","0","0","0","0","0","0","0","0","0","805","841"
"30","54803","71","40","38","4","0","0","0","0","0","0","0","0","0","0","0","0","0","0","0","0","0","0","0","0","0","0","0","0"
"30","54804","71","40","38","4","1439","0","0","0","0","0","0","0","0","0","790","0","0","0","0","0","0","0","0","0","0","0","391","398"
"30","54805","71","40","38","4","1","0","0","0","0","0","0","0","0","0","0","0","0","0","0","0","0","0","0","0","0","0","0","0"
"30","54806","71","40","38","4","0","0","0","0","0","0","0","0","0","0","0","0","0","0","0","0","0","0","0","0","0","0","0","0"
"30","54807","71","40","38","4","498","0","0","0","0","0","0","0","0","0","297","0","0","0","0","0","0","0","0","0","0","0","128","169"
"30","54808","71","40","38","4","488","0","0","0","0","0","0","0","0","0","269","0","0","0","0","0","0","0","0","0","0","0","156","113"
"30","54809","71","40","38","4","2301","0","0","0","0","0","0","0","0","0","1106","0","0","0","0","0","0","0","0","0","0","0","515","591"
"30","54810","71","40","38","4","419","0","0","0","0","0","0","0","0","0","303","0","0","0","0","0","0","0","0","0","0","0","157","146"
"30","54811","71","40","38","4","0","0","0","0","0","0","0","0","0","0","0","0","0","0","0","0","0","0","0","0","0","0","0","0"
"30","56064","72","40","37","4","0","0","0","0","0","0","0","0","0","0","0","0","0","0","0","0","0","0","0","0","0","0","0","0"
"30","56065","72","40","37","4","4013","0","0","0","0","0","0","0","0","0","1741","0","0","0","0","0","0","0","0","0","0","0","662","1075"
"30","56066","72","40","37","4","1819","0","0","0","0","0","0","0","0","0","1069","0","0","0","0","0","0","0","0","0","0","0","567","502"
"30","56070","72","40","37","4","2906","0","0","0","0","0","0","0","0","0","1522","0","0","0","0","0","0","0","0","0","0","0","630","892"
"30","56071","72","40","37","4","1910","0","0","0","0","0","0","0","0","0","1152","0","0","0","0","0","0","0","0","0","0","0","531","621"
"30","56073","72","40","37","4","2536","0","0","0","0","0","0","0","0","0","1377","0","0","0","0","0","0","0","0","0","0","0","542","834"
"30","56078","72","40","37","4","1006","0","0","0","0","0","0","0","0","0","516","0","0","0","0","0","0","0","0","0","0","0","177","338"
"30","56079","72","40","37","4","2140","0","0","0","0","0","0","0","0","0","1352","0","0","0","0","0","0","0","0","0","0","0","664","687"
"30","56081","72","40","37","4","86","0","0","0","0","0","0","0","0","0","33","0","0","0","0","0","0","0","0","0","0","0","9","24"
"30","56082","72","40","37","4","2","0","0","0","0","0","0","0","0","0","0","0","0","0","0","0","0","0","0","0","0","0","0","0"
"30","56083","72","40","37","4","587","0","0","0","0","0","0","0","0","0","279","0","0","0","0","0","0","0","0","0","0","0","113","166"
"30","56084","72","40","37","4","210","0","0","0","0","0","0","0","0","0","124","0","0","0","0","0","0","0","0","0","0","0","69","55"
"30","56090","72","40","37","4","826","0","0","0","0","0","0","0","0","0","495","0","0","0","0","0","0","0","0","0","0","0","264","231"
"30","56091","72","40","37","4","953","0","0","0","0","0","0","0","0","0","596","0","0","0","0","0","0","0","0","0","0","0","333","263"
"30","56094","72","40","37","4","912","0","0","0","0","0","0","0","0","0","537","0","0","0","0","0","0","0","0","0","0","0","250","287"
"30","56095","72","40","37","4","849","0","0","0","0","0","0","0","0","0","520","0","0","0","0","0","0","0","0","0","0","0","186","334"
"30","56096","72","40","37","4","2020","0","0","0","0","0","0","0","0","0","1018","0","0","0","0","0","0","0","0","0","0","0","433","585"
"30","56101","72","40","37","4","1449","0","0","0","0","0","0","0","0","0","878","0","0","0","0","0","0","0","0","0","0","0","370","508"
"30","56102","72","40","37","4","589","0","0","0","0","0","0","0","0","0","281","0","0","0","0","0","0","0","0","0","0","0","102","179"
"30","56104","72","40","37","4","0","0","0","0","0","0","0","0","0","0","0","0","0","0","0","0","0","0","0","0","0","0","0","0"
"30","56105","72","40","37","4","0","0","0","0","0","0","0","0","0","0","0","0","0","0","0","0","0","0","0","0","0","0","0","0"
"30","56107","72","40","37","4","0","0","0","0","0","0","0","0","0","0","0","0","0","0","0","0","0","0","0","0","0","0","0","0"
"30","56108","72","40","37","4","312","0","0","0","0","0","0","0","0","0","230","0","0","0","0","0","0","0","0","0","0","0","119","110"
"30","56109","72","40","37","4","2376","0","0","0","0","0","0","0","0","0","1452","0","0","0","0","0","0","0","0","0","0","0","721","728"
"30","56277","72","40","37","4","1210","0","0","0","0","0","0","0","0","0","643","0","0","0","0","0","0","0","0","0","0","0","292","351"
"30","56278","72","40","37","4","309","0","0","0","0","0","0","0","0","0","153","0","0","0","0","0","0","0","0","0","0","0","61","92"
"30","56279","72","40","37","4","0","0","0","0","0","0","0","0","0","0","0","0","0","0","0","0","0","0","0","0","0","0","0","0"
"30","56282","72","40","37","4","2696","0","0","0","0","0","0","0","0","0","1540","0","0","0","0","0","0","0","0","0","0","0","767","773"
"30","56286","72","40","37","4","1000","0","0","0","0","0","0","0","0","0","660","0","0","0","0","0","0","0","0","0","0","0","339","319"
"30","56287","72","40","37","4","3492","0","0","0","0","0","0","0","0","0","1957","0","0","0","0","0","0","0","0","0","0","0","920","1037"
"30","56288","72","40","37","4","732","0","0","0","0","0","0","0","0","0","459","0","0","0","0","0","0","0","0","0","0","0","250","209"
"30","56290","72","40","37","4","1826","0","0","0","0","0","0","0","0","0","1010","0","0","0","0","0","0","0","0","0","0","0","447","563"
"30","56292","72","40","37","4","1436","0","0","0","0","0","0","0","0","0","806","0","0","0","0","0","0","0","0","0","0","0","391","414"
"30","56294","72","40","37","4","917","0","0","0","0","0","0","0","0","0","538","0","0","0","0","0","0","0","0","0","0","0","249","289"
"30","56295","72","40","37","4","603","0","0","0","0","0","0","0","0","0","309","0","0","0","0","0","0","0","0","0","0","0","121","188"
"30","56296","72","40","37","4","530","0","0","0","0","0","0","0","0","0","305","0","0","0","0","0","0","0","0","0","0","0","119","186"
"30","56298","72","40","37","4","0","0","0","0","0","0","0","0","0","0","0","0","0","0","0","0","0","0","0","0","0","0","0","0"
"30","56301","72","40","37","4","1715","0","0","0","0","0","0","0","0","0","861","0","0","0","0","0","0","0","0","0","0","0","345","515"
"30","56302","72","40","37","4","1","0","0","0","0","0","0","0","0","0","0","0","0","0","0","0","0","0","0","0","0","0","0","0"
"30","56303","72","40","37","4","264","0","0","0","0","0","0","0","0","0","159","0","0","0","0","0","0","0","0","0","0","0","74","85"
"30","56304","72","40","37","4","0","0","0","0","0","0","0","0","0","0","0","0","0","0","0","0","0","0","0","0","0","0","0","0"
"30","56305","72","40","37","4","0","0","0","0","0","0","0","0","0","0","0","0","0","0","0","0","0","0","0","0","0","0","0","0"
"30","56306","72","40","37","4","0","0","0","0","0","0","0","0","0","0","0","0","0","0","0","0","0","0","0","0","0","0","0","0"
"30","56307","72","40","37","4","817","0","0","0","0","0","0","0","0","0","471","0","0","0","0","0","0","0","0","0","0","0","219","250"
"30","56308","72","40","37","4","2379","0","0","0","0","0","0","0","0","0","1461","0","0","0","0","0","0","0","0","0","0","0","609","852"
"30","56315","72","40","37","4","1624","0","0","0","0","0","0","0","0","0","1055","0","0","0","0","0","0","0","0","0","0","0","573","482"
"30","56316","72","40","37","4","0","0","0","0","0","0","0","0","0","0","0","0","0","0","0","0","0","0","0","0","0","0","0","0"
"30","56382","72","40","37","4","603","0","0","0","0","0","0","0","0","0","290","0","0","0","0","0","0","0","0","0","0","0","144","146"
"30","56800","72","40","37","4","0","0","0","0","0","0","0","0","0","0","0","0","0","0","0","0","0","0","0","0","0","0","0","0"
"30","56801","72","40","37","4","0","0","0","0","0","0","0","0","0","0","0","0","0","0","0","0","0","0","0","0","0","0","0","0"
"30","56802","72","40","37","4","0","0","0","0","0","0","0","0","0","0","0","0","0","0","0","0","0","0","0","0","0","0","0","0"
"30","56808","72","40","37","4","932","0","0","0","0","0","0","0","0","0","499","0","0","0","0","0","0","0","0","0","0","0","202","297"
"30","56809","72","40","37","4","294","0","0","0","0","0","0","0","0","0","138","0","0","0","0","0","0","0","0","0","0","0","66","71"
"30","56810","72","40","37","4","0","0","0","0","0","0","0","0","0","0","0","0","0","0","0","0","0","0","0","0","0","0","0","0"
"30","56814","72","40","37","4","0","0","0","0","0","0","0","0","0","0","0","0","0","0","0","0","0","0","0","0","0","0","0","0"
"30","56815","72","40","37","4","0","0","0","0","0","0","0","0","0","0","0","0","0","0","0","0","0","0","0","0","0","0","0","0"
"30","56816","72","40","37","4","1344","0","0","0","0","0","0","0","0","0","877","0","0","0","0","0","0","0","0","0","0","0","476","401"
"30","56817","72","40","37","4","0","0","0","0","0","0","0","0","0","0","0","0","0","0","0","0","0","0","0","0","0","0","0","0"
"30","56818","72","40","37","4","321","0","0","0","0","0","0","0","0","0","133","0","0","0","0","0","0","0","0","0","0","0","31","102"
"30","56819","72","40","37","4","2479","0","0","0","0","0","0","0","0","0","1418","0","0","0","0","0","0","0","0","0","0","0","772","645"
"30","56821","72","40","37","4","983","0","0","0","0","0","0","0","0","0","452","0","0","0","0","0","0","0","0","0","0","0","184","268"
"30","56823","72","40","37","4","0","0","0","0","0","0","0","0","0","0","0","0","0","0","0","0","0","0","0","0","0","0","0","0"
"30","56824","72","40","37","4","0","0","0","0","0","0","0","0","0","0","0","0","0","0","0","0","0","0","0","0","0","0","0","0"
"30","56826","72","40","37","4","0","0","0","0","0","0","0","0","0","0","0","0","0","0","0","0","0","0","0","0","0","0","0","0"
"30","56827","72","40","37","4","0","0","0","0","0","0","0","0","0","0","0","0","0","0","0","0","0","0","0","0","0","0","0","0"
"30","56828","72","40","37","4","0","0","0","0","0","0","0","0","0","0","0","0","0","0","0","0","0","0","0","0","0","0","0","0"
"30","57002","70","45","34","4","360","0","0","0","0","0","0","0","0","0","127","0","0","0","0","0","0","0","0","0","0","0","29","98"
"30","57004","70","45","34","4","0","0","0","0","0","0","0","0","0","0","0","0","0","0","0","0","0","0","0","0","0","0","0","0"
"30","57800","70","45","34","4","0","0","0","0","0","0","0","0","0","0","0","0","0","0","0","0","0","0","0","0","0","0","0","0"
"30","57801","70","45","34","4","0","0","0","0","0","0","0","0","0","0","0","0","0","0","0","0","0","0","0","0","0","0","0","0"
"30","57802","70","47","34","4","0","0","0","0","0","0","0","0","0","0","0","0","0","0","0","0","0","0","0","0","0","0","0","0"
"30","57803","70","47","34","4","0","0","0","0","0","0","0","0","0","0","0","0","0","0","0","0","0","0","0","0","0","0","0","0"
"30","57804","70","45","34","4","0","0","0","0","0","0","0","0","0","0","0","0","0","0","0","0","0","0","0","0","0","0","0","0"
"30","57805","70","45","34","4","0","0","0","0","0","0","0","0","0","0","0","0","0","0","0","0","0","0","0","0","0","0","0","0"
"30","57806","70","45","34","4","0","0","0","0","0","0","0","0","0","0","0","0","0","0","0","0","0","0","0","0","0","0","0","0"
"30","57807","70","45","34","4","0","0","0","0","0","0","0","0","0","0","0","0","0","0","0","0","0","0","0","0","0","0","0","0"
"30","57808","70","45","34","4","0","0","0","0","0","0","0","0","0","0","0","0","0","0","0","0","0","0","0","0","0","0","0","0"
"30","58106","74","49","37","4","0","0","0","0","0","0","0","0","0","0","0","0","0","0","0","0","0","0","0","0","0","0","0","0"
"30","58107","74","49","37","4","3222","0","0","0","0","0","0","0","0","0","2121","0","0","0","0","0","0","0","0","0","0","0","1168","952"
"30","58108","74","49","37","4","4132","0","0","0","0","0","0","0","0","0","2528","0","0","0","0","0","0","0","0","0","0","0","1270","1258"
"30","58111","74","49","37","4","490","0","0","0","0","0","0","0","0","0","299","0","0","0","0","0","0","0","0","0","0","0","173","126"
"30","58114","74","49","37","4","1722","0","0","0","0","0","0","0","0","0","860","0","0","0","0","0","0","0","0","0","0","0","404","456"
"30","58118","74","49","37","4","2253","0","0","0","0","0","0","0","0","0","1384","0","0","0","0","0","0","0","0","0","0","0","640","744"
"30","58121","74","49","37","4","3359","0","0","0","0","0","0","0","0","0","2189","0","0","0","0","0","0","0","0","0","0","0","1008","1180"
"30","58299","74","49","37","4","1056","0","0","0","0","0","0","0","0","0","676","0","0","0","0","0","0","0","0","0","0","0","408","268"
"30","58314","74","49","37","4","1332","0","0","0","0","0","0","0","0","0","885","0","0","0","0","0","0","0","0","0","0","0","501","383"
"30","58324","74","49","37","4","1619","0","0","0","0","0","0","0","0","0","1042","0","0","0","0","0","0","0","0","0","0","0","558","484"
"30","58327","74","49","37","4","725","0","0","0","0","0","0","0","0","0","377","0","0","0","0","0","0","0","0","0","0","0","184","193"
"30","58330","74","49","37","4","2753","0","0","0","0","0","0","0","0","0","1653","0","0","0","0","0","0","0","0","0","0","0","803","848"
"30","58334","74","49","37","4","0","0","0","0","0","0","0","0","0","0","0","0","0","0","0","0","0","0","0","0","0","0","0","0"
"30","58335","74","49","37","4","0","0","0","0","0","0","0","0","0","0","0","0","0","0","0","0","0","0","0","0","0","0","0","0"
"30","58336","74","49","37","4","1197","0","0","0","0","0","0","0","0","0","384","0","0","0","0","0","0","0","0","0","0","0","131","253"
"30","58350","74","49","37","4","3582","0","0","0","0","0","0","0","0","0","2357","0","0","0","0","0","0","0","0","0","0","0","1222","1135"
"30","58354","74","49","37","4","3255","0","0","0","0","0","0","0","0","0","2013","0","0","0","0","0","0","0","0","0","0","0","974","1039"
"30","58357","74","49","37","4","1579","0","0","0","0","0","0","0","0","0","801","0","0","0","0","0","0","0","0","0","0","0","349","451"
"30","58371","74","49","37","4","1835","0","0","0","0","0","0","0","0","0","1013","0","0","0","0","0","0","0","0","0","0","0","536","475"
"30","58372","74","49","37","4","4102","0","0","0","0","0","0","0","0","0","2483","0","0","0","0","0","0","0","0","0","0","0","1193","1290"
"30","58373","74","49","37","4","3276","0","0","0","0","0","0","0","0","0","1836","0","0","0","0","0","0","0","0","0","0","0","845","989"
"30","58802","74","49","37","4","0","0","0","0","0","0","0","0","0","0","0","0","0","0","0","0","0","0","0","0","0","0","0","0"
"30","58804","74","49","37","4","51","0","0","0","0","0","0","0","0","0","26","0","0","0","0","0","0","0","0","0","0","0","22","4"
"30","58805","74","49","37","4","4","0","0","0","0","0","0","0","0","0","0","0","0","0","0","0","0","0","0","0","0","0","0","0"
"30","58806","74","49","37","4","0","0","0","0","0","0","0","0","0","0","0","0","0","0","0","0","0","0","0","0","0","0","0","0"
"30","58807","74","49","37","4","150","0","0","0","0","0","0","0","0","0","104","0","0","0","0","0","0","0","0","0","0","0","50","54"
"30","58810","74","49","37","4","0","0","0","0","0","0","0","0","0","0","0","0","0","0","0","0","0","0","0","0","0","0","0","0"
"30","58813","74","49","37","4","806","0","0","0","0","0","0","0","0","0","520","0","0","0","0","0","0","0","0","0","0","0","250","269"
"30","58818","74","49","37","4","0","0","0","0","0","0","0","0","0","0","0","0","0","0","0","0","0","0","0","0","0","0","0","0"
"30","58819","74","49","37","4","1860","0","0","0","0","0","0","0","0","0","1095","0","0","0","0","0","0","0","0","0","0","0","466","629"
"30","58820","74","49","37","4","1160","0","0","0","0","0","0","0","0","0","752","0","0","0","0","0","0","0","0","0","0","0","342","410"
"30","58821","74","49","37","4","1007","0","0","0","0","0","0","0","0","0","671","0","0","0","0","0","0","0","0","0","0","0","348","322"
"30","59002","73","47","37","4","0","0","0","0","0","0","0","0","0","0","0","0","0","0","0","0","0","0","0","0","0","0","0","0"
"30","59006","73","47","37","4","655","0","0","0","0","0","0","0","0","0","317","0","0","0","0","0","0","0","0","0","0","0","124","193"
"30","59007","73","47","37","4","215","0","0","0","0","0","0","0","0","0","80","0","0","0","0","0","0","0","0","0","0","0","30","50"
"30","59009","73","47","37","4","1010","0","0","0","0","0","0","0","0","0","560","0","0","0","0","0","0","0","0","0","0","0","185","375"
"30","59015","73","47","37","4","1743","0","0","0","0","0","0","0","0","0","956","0","0","0","0","0","0","0","0","0","0","0","310","646"
"30","59016","73","47","37","4","4414","0","0","0","0","0","0","0","0","0","2177","0","0","0","0","0","0","0","0","0","0","0","796","1380"
"30","59018","73","47","37","4","2416","0","0","0","0","0","0","0","0","0","1511","0","0","0","0","0","0","0","0","0","0","0","653","857"
"30","59019","73","47","37","4","315","0","0","0","0","0","0","0","0","0","269","0","0","0","0","0","0","0","0","0","0","0","17","252"
"30","59020","73","47","37","4","2024","0","0","0","0","0","0","0","0","0","1147","0","0","0","0","0","0","0","0","0","0","0","443","703"
"30","59021","73","47","37","4","2557","0","0","0","0","0","0","0","0","0","1247","0","0","0","0","0","0","0","0","0","0","0","395","852"
"30","59022","73","47","37","4","1772","0","0","0","0","0","0","0","0","0","1051","0","0","0","0","0","0","0","0","0","0","0","514","537"
"30","59026","73","47","37","4","4476","0","0","0","0","0","0","0","0","0","2375","0","0","0","0","0","0","0","0","0","0","0","977","1395"
"30","59027","73","47","37","4","1069","0","0","0","0","0","0","0","0","0","610","0","0","0","0","0","0","0","0","0","0","0","222","386"
"30","59033","73","47","37","4","3777","0","0","0","0","0","0","0","0","0","2146","0","0","0","0","0","0","0","0","0","0","0","867","1279"
"30","59034","73","47","37","4","1210","0","0","0","0","0","0","0","0","0","745","0","0","0","0","0","0","0","0","0","0","0","345","400"
"30","59036","73","47","37","4","3856","0","0","0","0","0","0","0","0","0","2093","0","0","0","0","0","0","0","0","0","0","0","780","1311"
"30","59041","73","47","37","4","1946","0","0","0","0","0","0","0","0","0","1138","0","0","0","0","0","0","0","0","0","0","0","442","696"
"30","59042","73","47","37","4","883","0","0","0","0","0","0","0","0","0","407","0","0","0","0","0","0","0","0","0","0","0","159","248"
"30","59043","73","47","37","4","4616","0","0","0","0","0","0","0","0","0","2700","0","0","0","0","0","0","0","0","0","0","0","1191","1509"
"30","59045","73","47","37","4","4182","0","0","0","0","0","0","0","0","0","1923","0","0","0","0","0","0","0","0","0","0","0","752","1169"
"30","59047","73","47","37","4","2904","0","0","0","0","0","0","0","0","0","1635","0","0","0","0","0","0","0","0","0","0","0","609","1026"
"30","59054","73","47","37","4","1219","0","0","0","0","0","0","0","0","0","704","0","0","0","0","0","0","0","0","0","0","0","291","412"
"30","59057","73","47","37","4","1147","0","0","0","0","0","0","0","0","0","472","0","0","0","0","0","0","0","0","0","0","0","122","350"
"30","59058","73","47","37","4","2866","0","0","0","0","0","0","0","0","0","1958","0","0","0","0","0","0","0","0","0","0","0","245","1712"
"30","59062","73","47","37","4","1751","0","0","0","0","0","0","0","0","0","800","0","0","0","0","0","0","0","0","0","0","0","214","585"
"30","59072","73","47","37","4","2713","0","0","0","0","0","0","0","0","0","1480","0","0","0","0","0","0","0","0","0","0","0","557","923"
"30","59074","73","47","37","4","554","0","0","0","0","0","0","0","0","0","259","0","0","0","0","0","0","0","0","0","0","0","51","208"
"30","59075","73","47","37","4","601","0","0","0","0","0","0","0","0","0","319","0","0","0","0","0","0","0","0","0","0","0","151","168"
"30","59082","73","47","37","4","2445","0","0","0","0","0","0","0","0","0","1429","0","0","0","0","0","0","0","0","0","0","0","555","873"
"30","59084","73","47","37","4","0","0","0","0","0","0","0","0","0","0","0","0","0","0","0","0","0","0","0","0","0","0","0","0"
"30","59088","73","47","37","4","4616","0","0","0","0","0","0","0","0","0","2467","0","0","0","0","0","0","0","0","0","0","0","956","1509"
"30","59090","73","47","37","4","2712","0","0","0","0","0","0","0","0","0","1369","0","0","0","0","0","0","0","0","0","0","0","421","947"
"30","59092","73","47","37","4","2312","0","0","0","0","0","0","0","0","0","1159","0","0","0","0","0","0","0","0","0","0","0","467","691"
"30","59097","73","47","37","4","1138","0","0","0","0","0","0","0","0","0","563","0","0","0","0","0","0","0","0","0","0","0","176","387"
"30","59099","73","47","37","4","1559","0","0","0","0","0","0","0","0","0","568","0","0","0","0","0","0","0","0","0","0","0","143","424"
"30","59101","73","47","37","4","1290","0","0","0","0","0","0","0","0","0","596","0","0","0","0","0","0","0","0","0","0","0","147","449"
"30","59103","73","47","37","4","1557","0","0","0","0","0","0","0","0","0","601","0","0","0","0","0","0","0","0","0","0","0","176","423"
"30","59106","73","47","37","4","3467","0","0","0","0","0","0","0","0","0","1995","0","0","0","0","0","0","0","0","0","0","0","742","1252"
"30","59108","73","47","37","4","1012","0","0","0","0","0","0","0","0","0","327","0","0","0","0","0","0","0","0","0","0","0","74","253"
"30","59111","73","47","37","4","1251","0","0","0","0","0","0","0","0","0","689","0","0","0","0","0","0","0","0","0","0","0","252","436"
"30","59113","73","47","37","4","4318","0","0","0","0","0","0","0","0","0","1799","0","0","0","0","0","0","0","0","0","0","0","317","1482"
"30","59118","73","47","37","4","2258","0","0","0","0","0","0","0","0","0","1228","0","0","0","0","0","0","0","0","0","0","0","551","676"
"30","59127","73","47","37","4","2562","0","0","0","0","0","0","0","0","0","1344","0","0","0","0","0","0","0","0","0","0","0","567","776"
"30","59129","73","47","37","4","3818","0","0","0","0","0","0","0","0","0","1808","0","0","0","0","0","0","0","0","0","0","0","609","1198"
"30","59130","73","47","37","4","545","0","0","0","0","0","0","0","0","0","249","0","0","0","0","0","0","0","0","0","0","0","104","145"
"30","59132","73","47","37","4","3722","0","0","0","0","0","0","0","0","0","1756","0","0","0","0","0","0","0","0","0","0","0","609","1147"
"30","59133","73","47","37","4","1621","0","0","0","0","0","0","0","0","0","945","0","0","0","0","0","0","0","0","0","0","0","55","889"
"30","59134","73","47","37","4","0","0","0","0","0","0","0","0","0","0","0","0","0","0","0","0","0","0","0","0","0","0","0","0"
"30","59136","73","47","37","4","1662","0","0","0","0","0","0","0","0","0","782","0","0","0","0","0","0","0","0","0","0","0","351","430"
"30","59137","73","47","37","4","789","0","0","0","0","0","0","0","0","0","355","0","0","0","0","0","0","0","0","0","0","0","231","124"
"30","59138","73","47","37","4","0","0","0","0","0","0","0","0","0","0","0","0","0","0","0","0","0","0","0","0","0","0","0","0"
"30","59141","73","47","37","4","3989","0","0","0","0","0","0","0","0","0","1995","0","0","0","0","0","0","0","0","0","0","0","739","1256"
"30","59146","73","47","37","4","2629","0","0","0","0","0","0","0","0","0","1261","0","0","0","0","0","0","0","0","0","0","0","399","861"
"30","59149","73","47","37","4","2837","0","0","0","0","0","0","0","0","0","1161","0","0","0","0","0","0","0","0","0","0","0","333","828"
"30","59150","73","47","37","4","7","0","0","0","0","0","0","0","0","0","0","0","0","0","0","0","0","0","0","0","0","0","0","0"
"30","59151","73","47","37","4","3707","0","0","0","0","0","0","0","0","0","1620","0","0","0","0","0","0","0","0","0","0","0","597","1023"
"30","59152","73","47","37","4","607","0","0","0","0","0","0","0","0","0","249","0","0","0","0","0","0","0","0","0","0","0","94","155"
"30","59153","73","47","37","4","3108","0","0","0","0","0","0","0","0","0","1229","0","0","0","0","0","0","0","0","0","0","0","428","800"
"30","59158","73","47","37","4","190","0","0","0","0","0","0","0","0","0","184","0","0","0","0","0","0","0","0","0","0","0","7","177"
"30","59162","73","47","37","4","0","0","0","0","0","0","0","0","0","0","0","0","0","0","0","0","0","0","0","0","0","0","0","0"
"30","59163","73","47","37","4","740","0","0","0","0","0","0","0","0","0","284","0","0","0","0","0","0","0","0","0","0","0","97","187"
"30","59164","73","47","37","4","1699","0","0","0","0","0","0","0","0","0","621","0","0","0","0","0","0","0","0","0","0","0","287","334"
"30","59165","73","47","37","4","0","0","0","0","0","0","0","0","0","0","0","0","0","0","0","0","0","0","0","0","0","0","0","0"
"30","59169","73","47","37","4","3600","0","0","0","0","0","0","0","0","0","1512","0","0","0","0","0","0","0","0","0","0","0","483","1028"
"30","59170","73","47","37","4","103","0","0","0","0","0","0","0","0","0","44","0","0","0","0","0","0","0","0","0","0","0","19","25"
"30","59171","73","47","37","4","1","0","0","0","0","0","0","0","0","0","0","0","0","0","0","0","0","0","0","0","0","0","0","0"
"30","59172","73","47","37","4","2439","0","0","0","0","0","0","0","0","0","904","0","0","0","0","0","0","0","0","0","0","0","299","605"
"30","59173","73","47","37","4","1963","0","0","0","0","0","0","0","0","0","777","0","0","0","0","0","0","0","0","0","0","0","178","599"
"30","59174","73","47","37","4","4729","0","0","0","0","0","0","0","0","0","1931","0","0","0","0","0","0","0","0","0","0","0","582","1349"
"30","59175","73","47","37","4","1740","0","0","0","0","0","0","0","0","0","788","0","0","0","0","0","0","0","0","0","0","0","279","509"
"30","59177","73","40","37","4","0","0","0","0","0","0","0","0","0","0","0","0","0","0","0","0","0","0","0","0","0","0","0","0"
"30","59201","73","47","37","4","0","0","0","0","0","0","0","0","0","0","0","0","0","0","0","0","0","0","0","0","0","0","0","0"
"30","59202","73","47","37","4","0","0","0","0","0","0","0","0","0","0","0","0","0","0","0","0","0","0","0","0","0","0","0","0"
"30","59204","73","47","37","4","441","0","0","0","0","0","0","0","0","0","189","0","0","0","0","0","0","0","0","0","0","0","54","135"
"30","59205","73","47","37","4","30","0","0","0","0","0","0","0","0","0","17","0","0","0","0","0","0","0","0","0","0","0","9","8"
"30","59206","73","47","37","4","522","0","0","0","0","0","0","0","0","0","213","0","0","0","0","0","0","0","0","0","0","0","97","116"
"30","59207","73","47","37","4","22","0","0","0","0","0","0","0","0","0","0","0","0","0","0","0","0","0","0","0","0","0","0","0"
"30","59208","73","47","37","4","1733","0","0","0","0","0","0","0","0","0","717","0","0","0","0","0","0","0","0","0","0","0","209","508"
"30","59209","73","47","37","4","0","0","0","0","0","0","0","0","0","0","0","0","0","0","0","0","0","0","0","0","0","0","0","0"
"30","59210","73","47","37","4","1","0","0","0","0","0","0","0","0","0","0","0","0","0","0","0","0","0","0","0","0","0","0","0"
"30","59211","73","47","37","4","1782","0","0","0","0","0","0","0","0","0","919","0","0","0","0","0","0","0","0","0","0","0","383","536"
"30","59212","73","47","37","4","0","0","0","0","0","0","0","0","0","0","0","0","0","0","0","0","0","0","0","0","0","0","0","0"
"30","59214","73","47","37","4","2038","0","0","0","0","0","0","0","0","0","796","0","0","0","0","0","0","0","0","0","0","0","318","478"
"30","59215","73","47","37","4","1","0","0","0","0","0","0","0","0","0","0","0","0","0","0","0","0","0","0","0","0","0","0","0"
"30","59216","73","47","37","4","0","0","0","0","0","0","0","0","0","0","0","0","0","0","0","0","0","0","0","0","0","0","0","0"
"30","59217","73","47","37","4","0","0","0","0","0","0","0","0","0","0","0","0","0","0","0","0","0","0","0","0","0","0","0","0"
"30","59800","73","47","37","4","14","0","0","0","0","0","0","0","0","0","0","0","0","0","0","0","0","0","0","0","0","0","0","0"
"30","59801","73","47","37","4","0","0","0","0","0","0","0","0","0","0","0","0","0","0","0","0","0","0","0","0","0","0","0","0"
"30","59802","73","47","37","4","0","0","0","0","0","0","0","0","0","0","0","0","0","0","0","0","0","0","0","0","0","0","0","0"
"30","59803","73","47","37","4","0","0","0","0","0","0","0","0","0","0","0","0","0","0","0","0","0","0","0","0","0","0","0","0"
"30","59804","73","47","37","4","1143","0","0","0","0","0","0","0","0","0","514","0","0","0","0","0","0","0","0","0","0","0","143","371"
"30","59805","73","47","37","4","289","0","0","0","0","0","0","0","0","0","113","0","0","0","0","0","0","0","0","0","0","0","28","85"
"30","59806","73","47","37","4","0","0","0","0","0","0","0","0","0","0","0","0","0","0","0","0","0","0","0","0","0","0","0","0"
"30","59807","73","47","37","4","0","0","0","0","0","0","0","0","0","0","0","0","0","0","0","0","0","0","0","0","0","0","0","0"
"30","59808","73","47","37","4","0","0","0","0","0","0","0","0","0","0","0","0","0","0","0","0","0","0","0","0","0","0","0","0"
"30","59809","73","47","37","4","0","0","0","0","0","0","0","0","0","0","0","0","0","0","0","0","0","0","0","0","0","0","0","0"
"30","59810","73","47","37","4","992","0","0","0","0","0","0","0","0","0","442","0","0","0","0","0","0","0","0","0","0","0","119","323"
"30","59811","73","47","37","4","946","0","0","0","0","0","0","0","0","0","353","0","0","0","0","0","0","0","0","0","0","0","151","202"
"30","59812","73","47","37","4","0","0","0","0","0","0","0","0","0","0","0","0","0","0","0","0","0","0","0","0","0","0","0","0"
"30","59813","73","47","37","4","489","0","0","0","0","0","0","0","0","0","269","0","0","0","0","0","0","0","0","0","0","0","118","151"
"30","59814","73","47","37","4","0","0","0","0","0","0","0","0","0","0","0","0","0","0","0","0","0","0","0","0","0","0","0","0"
"30","59815","73","47","37","4","296","0","0","0","0","0","0","0","0","0","129","0","0","0","0","0","0","0","0","0","0","0","27","102"
"30","59816","73","47","37","4","0","0","0","0","0","0","0","0","0","0","0","0","0","0","0","0","0","0","0","0","0","0","0","0"
"30","59817","73","47","37","4","0","0","0","0","0","0","0","0","0","0","0","0","0","0","0","0","0","0","0","0","0","0","0","0"
"30","59818","73","47","37","4","0","0","0","0","0","0","0","0","0","0","0","0","0","0","0","0","0","0","0","0","0","0","0","0"
"30","59819","73","47","37","4","0","0","0","0","0","0","0","0","0","0","0","0","0","0","0","0","0","0","0","0","0","0","0","0"
"30","59820","73","47","37","4","3","0","0","0","0","0","0","0","0","0","0","0","0","0","0","0","0","0","0","0","0","0","0","0"
"30","59821","73","47","37","4","0","0","0","0","0","0","0","0","0","0","0","0","0","0","0","0","0","0","0","0","0","0","0","0"
"30","59822","73","47","37","4","731","0","0","0","0","0","0","0","0","0","284","0","0","0","0","0","0","0","0","0","0","0","46","238"
"30","59823","73","47","37","4","534","0","0","0","0","0","0","0","0","0","288","0","0","0","0","0","0","0","0","0","0","0","114","174"
"30","59824","73","47","37","4","0","0","0","0","0","0","0","0","0","0","0","0","0","0","0","0","0","0","0","0","0","0","0","0"
"30","59825","73","47","37","4","941","0","0","0","0","0","0","0","0","0","461","0","0","0","0","0","0","0","0","0","0","0","135","326"
"30","59826","73","47","37","4","773","0","0","0","0","0","0","0","0","0","360","0","0","0","0","0","0","0","0","0","0","0","156","204"
"30","59827","73","47","37","4","1","0","0","0","0","0","0","0","0","0","0","0","0","0","0","0","0","0","0","0","0","0","0","0"
"30","59828","73","47","37","4","162","0","0","0","0","0","0","0","0","0","98","0","0","0","0","0","0","0","0","0","0","0","39","59"
"30","59829","73","47","37","4","364","0","0","0","0","0","0","0","0","0","139","0","0","0","0","0","0","0","0","0","0","0","36","102"
"30","59830","73","47","37","4","438","0","0","0","0","0","0","0","0","0","241","0","0","0","0","0","0","0","0","0","0","0","119","122"
"30","59831","73","47","37","4","233","0","0","0","0","0","0","0","0","0","116","0","0","0","0","0","0","0","0","0","0","0","52","64"
"30","59832","73","47","37","4","0","0","0","0","0","0","0","0","0","0","0","0","0","0","0","0","0","0","0","0","0","0","0","0"
"30","59833","73","47","37","4","1006","0","0","0","0","0","0","0","0","0","392","0","0","0","0","0","0","0","0","0","0","0","138","254"
"30","59834","73","47","37","4","473","0","0","0","0","0","0","0","0","0","186","0","0","0","0","0","0","0","0","0","0","0","59","126"
"30","59835","73","47","37","4","703","0","0","0","0","0","0","0","0","0","421","0","0","0","0","0","0","0","0","0","0","0","145","275"
"30","59836","73","47","37","4","710","0","0","0","0","0","0","0","0","0","310","0","0","0","0","0","0","0","0","0","0","0","90","220"
"30","59837","73","47","37","4","890","0","0","0","0","0","0","0","0","0","297","0","0","0","0","0","0","0","0","0","0","0","108","189"
"30","59838","73","47","37","4","3558","0","0","0","0","0","0","0","0","0","1388","0","0","0","0","0","0","0","0","0","0","0","459","929"
"30","59839","73","47","37","4","35","0","0","0","0","0","0","0","0","0","17","0","0","0","0","0","0","0","0","0","0","0","5","12"
"30","59840","73","47","37","4","0","0","0","0","0","0","0","0","0","0","0","0","0","0","0","0","0","0","0","0","0","0","0","0"
"30","59841","73","47","37","4","340","0","0","0","0","0","0","0","0","0","206","0","0","0","0","0","0","0","0","0","0","0","105","101"
"30","59842","73","47","37","4","0","0","0","0","0","0","0","0","0","0","0","0","0","0","0","0","0","0","0","0","0","0","0","0"
"30","59843","73","47","37","4","673","0","0","0","0","0","0","0","0","0","282","0","0","0","0","0","0","0","0","0","0","0","109","173"
"30","59844","73","47","37","4","867","0","0","0","0","0","0","0","0","0","277","0","0","0","0","0","0","0","0","0","0","0","62","215"
"30","59845","73","47","37","4","0","0","0","0","0","0","0","0","0","0","0","0","0","0","0","0","0","0","0","0","0","0","0","0"
"30","59846","73","47","37","4","0","0","0","0","0","0","0","0","0","0","0","0","0","0","0","0","0","0","0","0","0","0","0","0"
"30","59847","73","47","37","4","0","0","0","0","0","0","0","0","0","0","0","0","0","0","0","0","0","0","0","0","0","0","0","0"
"30","59848","73","47","37","4","269","0","0","0","0","0","0","0","0","0","124","0","0","0","0","0","0","0","0","0","0","0","30","94"
"30","59849","73","47","37","4","625","0","0","0","0","0","0","0","0","0","248","0","0","0","0","0","0","0","0","0","0","0","69","179"
"30","59850","73","47","37","4","2785","0","0","0","0","0","0","0","0","0","1262","0","0","0","0","0","0","0","0","0","0","0","380","882"
"30","59851","73","47","37","4","0","0","0","0","0","0","0","0","0","0","0","0","0","0","0","0","0","0","0","0","0","0","0","0"
"30","59852","73","47","37","4","0","0","0","0","0","0","0","0","0","0","0","0","0","0","0","0","0","0","0","0","0","0","0","0"
"30","62081","68","46","37","4","218","0","0","0","0","0","0","0","0","0","94","0","0","0","0","0","0","0","0","0","0","0","37","57"
"30","62083","68","46","34","4","0","0","0","0","0","0","0","0","0","0","0","0","0","0","0","0","0","0","0","0","0","0","0","0"
"30","62800","68","46","34","4","1","0","0","0","0","0","0","0","0","0","0","0","0","0","0","0","0","0","0","0","0","0","0","0"
"30","62801","59","46","34","4","0","0","0","0","0","0","0","0","0","0","0","0","0","0","0","0","0","0","0","0","0","0","0","0"
"30","63001","59","40","37","4","1548","0","0","0","0","0","0","0","0","0","911","0","0","0","0","0","0","0","0","0","0","0","454","457"
"30","63002","68","46","34","4","1594","0","0","0","0","0","0","0","0","0","814","0","0","0","0","0","0","0","0","0","0","0","288","525"
"30","63005","68","46","34","4","1168","0","0","0","0","0","0","0","0","0","571","0","0","0","0","0","0","0","0","0","0","0","171","400"
"30","63009","68","40","37","4","2178","0","0","0","0","0","0","0","0","0","1216","0","0","0","0","0","0","0","0","0","0","0","525","690"
"30","63010","59","40","37","4","83","0","0","0","0","0","0","0","0","0","42","0","0","0","0","0","0","0","0","0","0","0","21","20"
"30","63011","59","40","37","4","1885","0","0","0","0","0","0","0","0","0","1071","0","0","0","0","0","0","0","0","0","0","0","540","530"
"30","63014","68","40","37","4","2045","0","0","0","0","0","0","0","0","0","1138","0","0","0","0","0","0","0","0","0","0","0","497","641"
"30","63018","59","40","37","4","113","0","0","0","0","0","0","0","0","0","67","0","0","0","0","0","0","0","0","0","0","0","35","32"
"30","63019","68","40","37","4","1894","0","0","0","0","0","0","0","0","0","1037","0","0","0","0","0","0","0","0","0","0","0","479","558"
"30","63023","59","40","37","4","83","0","0","0","0","0","0","0","0","0","53","0","0","0","0","0","0","0","0","0","0","0","15","38"
"30","63024","59","40","37","4","1835","0","0","0","0","0","0","0","0","0","1077","0","0","0","0","0","0","0","0","0","0","0","554","523"
"30","63026","59","40","37","4","597","0","0","0","0","0","0","0","0","0","341","0","0","0","0","0","0","0","0","0","0","0","177","164"
"30","63027","68","46","37","4","656","0","0","0","0","0","0","0","0","0","382","0","0","0","0","0","0","0","0","0","0","0","171","211"
"30","63028","59","40","37","4","2474","0","0","0","0","0","0","0","0","0","1469","0","0","0","0","0","0","0","0","0","0","0","783","685"
"30","63029","59","40","37","4","1349","0","0","0","0","0","0","0","0","0","619","0","0","0","0","0","0","0","0","0","0","0","184","435"
"30","63031","59","40","37","4","2306","0","0","0","0","0","0","0","0","0","1417","0","0","0","0","0","0","0","0","0","0","0","742","675"
"30","63032","68","46","34","4","1099","0","0","0","0","0","0","0","0","0","504","0","0","0","0","0","0","0","0","0","0","0","154","350"
"30","63034","68","46","34","4","173","0","0","0","0","0","0","0","0","0","68","0","0","0","0","0","0","0","0","0","0","0","26","42"
"30","63036","68","40","37","4","4012","0","0","0","0","0","0","0","0","0","2351","0","0","0","0","0","0","0","0","0","0","0","1066","1284"
"30","63037","59","40","37","4","0","0","0","0","0","0","0","0","0","0","0","0","0","0","0","0","0","0","0","0","0","0","0","0"
"30","63039","68","40","37","4","1795","0","0","0","0","0","0","0","0","0","808","0","0","0","0","0","0","0","0","0","0","0","245","563"
"30","63041","59","40","37","4","1659","0","0","0","0","0","0","0","0","0","910","0","0","0","0","0","0","0","0","0","0","0","393","517"
"30","63043","68","46","34","4","2498","0","0","0","0","0","0","0","0","0","1225","0","0","0","0","0","0","0","0","0","0","0","378","847"
"30","63044","59","40","37","4","2","0","0","0","0","0","0","0","0","0","0","0","0","0","0","0","0","0","0","0","0","0","0","0"
"30","63046","68","46","34","4","1058","0","0","0","0","0","0","0","0","0","525","0","0","0","0","0","0","0","0","0","0","0","196","328"
"30","63049","68","46","34","4","1193","0","0","0","0","0","0","0","0","0","463","0","0","0","0","0","0","0","0","0","0","0","72","391"
"30","63051","68","40","37","4","673","0","0","0","0","0","0","0","0","0","314","0","0","0","0","0","0","0","0","0","0","0","66","248"
"30","63052","59","40","37","4","22","0","0","0","0","0","0","0","0","0","14","0","0","0","0","0","0","0","0","0","0","0","8","6"
"30","63053","68","40","37","4","532","0","0","0","0","0","0","0","0","0","246","0","0","0","0","0","0","0","0","0","0","0","96","150"
"30","63056","59","40","37","4","304","0","0","0","0","0","0","0","0","0","129","0","0","0","0","0","0","0","0","0","0","0","28","101"
"30","63061","59","40","37","4","764","0","0","0","0","0","0","0","0","0","491","0","0","0","0","0","0","0","0","0","0","0","288","203"
"30","63066","59","40","37","4","217","0","0","0","0","0","0","0","0","0","140","0","0","0","0","0","0","0","0","0","0","0","88","52"
"30","63069","59","40","37","4","1032","0","0","0","0","0","0","0","0","0","561","0","0","0","0","0","0","0","0","0","0","0","233","327"
"30","63071","68","46","37","4","1190","0","0","0","0","0","0","0","0","0","688","0","0","0","0","0","0","0","0","0","0","0","364","324"
"30","63077","59","40","37","4","721","0","0","0","0","0","0","0","0","0","481","0","0","0","0","0","0","0","0","0","0","0","246","235"
"30","63079","59","40","37","4","390","0","0","0","0","0","0","0","0","0","256","0","0","0","0","0","0","0","0","0","0","0","145","111"
"30","63080","59","40","37","4","517","0","0","0","0","0","0","0","0","0","340","0","0","0","0","0","0","0","0","0","0","0","180","160"
"30","63083","59","40","37","4","0","0","0","0","0","0","0","0","0","0","0","0","0","0","0","0","0","0","0","0","0","0","0","0"
"30","63087","59","40","37","4","0","0","0","0","0","0","0","0","0","0","0","0","0","0","0","0","0","0","0","0","0","0","0","0"
"30","63088","59","40","37","4","610","0","0","0","0","0","0","0","0","0","389","0","0","0","0","0","0","0","0","0","0","0","253","136"
"30","63097","59","40","37","4","387","0","0","0","0","0","0","0","0","0","265","0","0","0","0","0","0","0","0","0","0","0","135","130"
"30","63098","59","40","37","4","0","0","0","0","0","0","0","0","0","0","0","0","0","0","0","0","0","0","0","0","0","0","0","0"
"30","63099","59","40","37","4","0","0","0","0","0","0","0","0","0","0","0","0","0","0","0","0","0","0","0","0","0","0","0","0"
"30","63101","59","40","37","4","0","0","0","0","0","0","0","0","0","0","0","0","0","0","0","0","0","0","0","0","0","0","0","0"
"30","63102","59","40","37","4","0","0","0","0","0","0","0","0","0","0","0","0","0","0","0","0","0","0","0","0","0","0","0","0"
"30","63103","59","40","37","4","0","0","0","0","0","0","0","0","0","0","0","0","0","0","0","0","0","0","0","0","0","0","0","0"
"30","63104","59","40","37","4","0","0","0","0","0","0","0","0","0","0","0","0","0","0","0","0","0","0","0","0","0","0","0","0"
"30","63120","68","40","37","4","170","0","0","0","0","0","0","0","0","0","56","0","0","0","0","0","0","0","0","0","0","0","11","44"
"30","63121","59","40","37","4","1","0","0","0","0","0","0","0","0","0","0","0","0","0","0","0","0","0","0","0","0","0","0","0"
"30","63122","68","46","34","4","210","0","0","0","0","0","0","0","0","0","103","0","0","0","0","0","0","0","0","0","0","0","42","61"
"30","63123","59","40","37","4","1502","0","0","0","0","0","0","0","0","0","904","0","0","0","0","0","0","0","0","0","0","0","398","506"
"30","63124","59","40","37","4","0","0","0","0","0","0","0","0","0","0","0","0","0","0","0","0","0","0","0","0","0","0","0","0"
"30","63150","68","40","37","4","3947","0","0","0","0","0","0","0","0","0","2408","0","0","0","0","0","0","0","0","0","0","0","1053","1355"
"30","63151","68","40","37","4","0","0","0","0","0","0","0","0","0","0","0","0","0","0","0","0","0","0","0","0","0","0","0","0"
"30","63152","59","40","37","4","0","0","0","0","0","0","0","0","0","0","0","0","0","0","0","0","0","0","0","0","0","0","0","0"
"30","63153","59","40","37","4","0","0","0","0","0","0","0","0","0","0","0","0","0","0","0","0","0","0","0","0","0","0","0","0"
"30","63154","59","40","37","4","0","0","0","0","0","0","0","0","0","0","0","0","0","0","0","0","0","0","0","0","0","0","0","0"
"30","63155","59","40","37","4","0","0","0","0","0","0","0","0","0","0","0","0","0","0","0","0","0","0","0","0","0","0","0","0"
"30","63170","68","40","37","4","534","0","0","0","0","0","0","0","0","0","217","0","0","0","0","0","0","0","0","0","0","0","58","159"
"30","63171","59","40","37","4","70","0","0","0","0","0","0","0","0","0","51","0","0","0","0","0","0","0","0","0","0","0","35","16"
"30","63172","59","40","37","4","34","0","0","0","0","0","0","0","0","0","20","0","0","0","0","0","0","0","0","0","0","0","13","7"
"30","63173","59","40","37","4","81","0","0","0","0","0","0","0","0","0","46","0","0","0","0","0","0","0","0","0","0","0","23","23"
"30","63174","59","40","37","4","0","0","0","0","0","0","0","0","0","0","0","0","0","0","0","0","0","0","0","0","0","0","0","0"
"30","63175","59","40","37","4","0","0","0","0","0","0","0","0","0","0","0","0","0","0","0","0","0","0","0","0","0","0","0","0"
"30","63201","59","40","37","4","0","0","0","0","0","0","0","0","0","0","0","0","0","0","0","0","0","0","0","0","0","0","0","0"
"30","63202","59","40","37","4","16","0","0","0","0","0","0","0","0","0","12","0","0","0","0","0","0","0","0","0","0","0","8","4"
"30","63203","59","40","37","4","0","0","0","0","0","0","0","0","0","0","0","0","0","0","0","0","0","0","0","0","0","0","0","0"
"30","63204","59","40","37","4","3","0","0","0","0","0","0","0","0","0","0","0","0","0","0","0","0","0","0","0","0","0","0","0"
"30","63205","59","40","37","4","3","0","0","0","0","0","0","0","0","0","0","0","0","0","0","0","0","0","0","0","0","0","0","0"
"30","63206","59","40","37","4","20","0","0","0","0","0","0","0","0","0","11","0","0","0","0","0","0","0","0","0","0","0","9","2"
"30","63207","59","40","37","4","8","0","0","0","0","0","0","0","0","0","0","0","0","0","0","0","0","0","0","0","0","0","0","0"
"30","63208","59","40","37","4","42","0","0","0","0","0","0","0","0","0","21","0","0","0","0","0","0","0","0","0","0","0","16","5"
"30","63210","59","40","37","4","109","0","0","0","0","0","0","0","0","0","53","0","0","0","0","0","0","0","0","0","0","0","35","18"
"30","63211","59","40","37","4","16","0","0","0","0","0","0","0","0","0","0","0","0","0","0","0","0","0","0","0","0","0","0","0"
"30","63212","59","40","37","4","6","0","0","0","0","0","0","0","0","0","0","0","0","0","0","0","0","0","0","0","0","0","0","0"
"30","63213","59","40","37","4","5","0","0","0","0","0","0","0","0","0","0","0","0","0","0","0","0","0","0","0","0","0","0","0"
"30","63214","59","40","37","4","33","0","0","0","0","0","0","0","0","0","24","0","0","0","0","0","0","0","0","0","0","0","17","6"
"30","63215","59","40","37","4","391","0","0","0","0","0","0","0","0","0","288","0","0","0","0","0","0","0","0","0","0","0","172","115"
"30","63216","59","40","37","4","2551","0","0","0","0","0","0","0","0","0","1566","0","0","0","0","0","0","0","0","0","0","0","794","771"
"30","63217","59","40","37","4","0","0","0","0","0","0","0","0","0","0","0","0","0","0","0","0","0","0","0","0","0","0","0","0"
"30","63219","59","40","37","4","95","0","0","0","0","0","0","0","0","0","55","0","0","0","0","0","0","0","0","0","0","0","22","33"
"30","63220","59","40","37","4","71","0","0","0","0","0","0","0","0","0","20","0","0","0","0","0","0","0","0","0","0","0","6","14"
"30","63221","59","40","37","4","572","0","0","0","0","0","0","0","0","0","234","0","0","0","0","0","0","0","0","0","0","0","64","170"
"30","63222","59","40","37","4","3","0","0","0","0","0","0","0","0","0","0","0","0","0","0","0","0","0","0","0","0","0","0","0"
"30","63223","59","40","37","4","12","0","0","0","0","0","0","0","0","0","0","0","0","0","0","0","0","0","0","0","0","0","0","0"
"30","63224","59","40","37","4","3","0","0","0","0","0","0","0","0","0","0","0","0","0","0","0","0","0","0","0","0","0","0","0"
"30","63225","59","40","37","4","0","0","0","0","0","0","0","0","0","0","0","0","0","0","0","0","0","0","0","0","0","0","0","0"
"30","63226","59","40","37","4","2","0","0","0","0","0","0","0","0","0","0","0","0","0","0","0","0","0","0","0","0","0","0","0"
"30","63227","59","40","37","4","8","0","0","0","0","0","0","0","0","0","0","0","0","0","0","0","0","0","0","0","0","0","0","0"
"30","63228","59","40","37","4","0","0","0","0","0","0","0","0","0","0","0","0","0","0","0","0","0","0","0","0","0","0","0","0"
"30","63229","59","40","37","4","0","0","0","0","0","0","0","0","0","0","0","0","0","0","0","0","0","0","0","0","0","0","0","0"
"30","63231","59","40","37","4","888","0","0","0","0","0","0","0","0","0","614","0","0","0","0","0","0","0","0","0","0","0","427","186"
"30","63235","59","40","37","4","1","0","0","0","0","0","0","0","0","0","0","0","0","0","0","0","0","0","0","0","0","0","0","0"
"30","63236","59","40","37","4","426","0","0","0","0","0","0","0","0","0","229","0","0","0","0","0","0","0","0","0","0","0","132","97"
"30","63237","59","40","37","4","1","0","0","0","0","0","0","0","0","0","0","0","0","0","0","0","0","0","0","0","0","0","0","0"
"30","63238","59","40","37","4","4","0","0","0","0","0","0","0","0","0","0","0","0","0","0","0","0","0","0","0","0","0","0","0"
"30","63251","59","40","37","4","177","0","0","0","0","0","0","0","0","0","77","0","0","0","0","0","0","0","0","0","0","0","25","52"
"30","63252","59","40","37","4","142","0","0","0","0","0","0","0","0","0","76","0","0","0","0","0","0","0","0","0","0","0","31","45"
"30","63255","59","40","37","4","0","0","0","0","0","0","0","0","0","0","0","0","0","0","0","0","0","0","0","0","0","0","0","0"
"30","63259","59","40","37","4","0","0","0","0","0","0","0","0","0","0","0","0","0","0","0","0","0","0","0","0","0","0","0","0"
"30","63260","68","46","34","4","0","0","0","0","0","0","0","0","0","0","0","0","0","0","0","0","0","0","0","0","0","0","0","0"
"30","63261","59","40","37","4","0","0","0","0","0","0","0","0","0","0","0","0","0","0","0","0","0","0","0","0","0","0","0","0"
"30","63262","59","40","37","4","1470","0","0","0","0","0","0","0","0","0","846","0","0","0","0","0","0","0","0","0","0","0","373","472"
"30","63347","59","40","37","4","3160","0","0","0","0","0","0","0","0","0","1844","0","0","0","0","0","0","0","0","0","0","0","1000","842"
"30","63348","68","40","37","4","356","0","0","0","0","0","0","0","0","0","123","0","0","0","0","0","0","0","0","0","0","0","16","107"
"30","63351","59","40","37","4","151","0","0","0","0","0","0","0","0","0","95","0","0","0","0","0","0","0","0","0","0","0","48","47"
"30","63353","59","40","37","4","55","0","0","0","0","0","0","0","0","0","30","0","0","0","0","0","0","0","0","0","0","0","16","14"
"30","63358","59","40","37","4","100","0","0","0","0","0","0","0","0","0","57","0","0","0","0","0","0","0","0","0","0","0","43","14"
"30","63361","59","40","37","4","67","0","0","0","0","0","0","0","0","0","44","0","0","0","0","0","0","0","0","0","0","0","19","25"
"30","63362","59","40","37","4","1201","0","0","0","0","0","0","0","0","0","700","0","0","0","0","0","0","0","0","0","0","0","345","355"
"30","63371","68","46","34","4","0","0","0","0","0","0","0","0","0","0","0","0","0","0","0","0","0","0","0","0","0","0","0","0"
"30","63372","68","46","34","4","176","0","0","0","0","0","0","0","0","0","66","0","0","0","0","0","0","0","0","0","0","0","10","56"
"30","63373","68","46","34","4","706","0","0","0","0","0","0","0","0","0","372","0","0","0","0","0","0","0","0","0","0","0","122","250"
"30","63374","68","46","34","4","1465","0","0","0","0","0","0","0","0","0","628","0","0","0","0","0","0","0","0","0","0","0","167","461"
"30","63375","68","46","34","4","3","0","0","0","0","0","0","0","0","0","0","0","0","0","0","0","0","0","0","0","0","0","0","0"
"30","63377","59","40","37","4","1860","0","0","0","0","0","0","0","0","0","1012","0","0","0","0","0","0","0","0","0","0","0","585","427"
"30","63383","59","40","37","4","230","0","0","0","0","0","0","0","0","0","149","0","0","0","0","0","0","0","0","0","0","0","86","63"
"30","63384","59","40","37","4","2308","0","0","0","0","0","0","0","0","0","1362","0","0","0","0","0","0","0","0","0","0","0","761","601"
"30","63386","59","40","37","4","7","0","0","0","0","0","0","0","0","0","0","0","0","0","0","0","0","0","0","0","0","0","0","0"
"30","63389","59","40","37","4","0","0","0","0","0","0","0","0","0","0","0","0","0","0","0","0","0","0","0","0","0","0","0","0"
"30","63390","68","46","37","4","1468","0","0","0","0","0","0","0","0","0","807","0","0","0","0","0","0","0","0","0","0","0","411","396"
"30","63391","59","40","37","4","260","0","0","0","0","0","0","0","0","0","152","0","0","0","0","0","0","0","0","0","0","0","98","54"
"30","63800","59","40","37","4","295","0","0","0","0","0","0","0","0","0","175","0","0","0","0","0","0","0","0","0","0","0","78","97"
"30","63801","59","40","37","4","0","0","0","0","0","0","0","0","0","0","0","0","0","0","0","0","0","0","0","0","0","0","0","0"
"30","63802","68","46","34","4","0","0","0","0","0","0","0","0","0","0","0","0","0","0","0","0","0","0","0","0","0","0","0","0"
"30","63803","59","40","37","4","0","0","0","0","0","0","0","0","0","0","0","0","0","0","0","0","0","0","0","0","0","0","0","0"
"30","63804","68","46","37","4","16","0","0","0","0","0","0","0","0","0","0","0","0","0","0","0","0","0","0","0","0","0","0","0"
"30","63805","68","46","37","4","0","0","0","0","0","0","0","0","0","0","0","0","0","0","0","0","0","0","0","0","0","0","0","0"
"30","63807","68","46","34","4","1556","0","0","0","0","0","0","0","0","0","866","0","0","0","0","0","0","0","0","0","0","0","388","478"
"30","63809","68","40","34","4","54","0","0","0","0","0","0","0","0","0","27","0","0","0","0","0","0","0","0","0","0","0","10","17"
"30","63810","68","46","37","4","0","0","0","0","0","0","0","0","0","0","0","0","0","0","0","0","0","0","0","0","0","0","0","0"
"30","63811","68","46","34","4","425","0","0","0","0","0","0","0","0","0","184","0","0","0","0","0","0","0","0","0","0","0","69","115"
"30","63812","68","46","37","4","0","0","0","0","0","0","0","0","0","0","0","0","0","0","0","0","0","0","0","0","0","0","0","0"
"30","63813","68","46","34","4","0","0","0","0","0","0","0","0","0","0","0","0","0","0","0","0","0","0","0","0","0","0","0","0"
"30","63814","68","46","37","4","0","0","0","0","0","0","0","0","0","0","0","0","0","0","0","0","0","0","0","0","0","0","0","0"
"30","63815","68","46","34","4","915","0","0","0","0","0","0","0","0","0","395","0","0","0","0","0","0","0","0","0","0","0","101","294"
"30","63816","68","46","37","4","0","0","0","0","0","0","0","0","0","0","0","0","0","0","0","0","0","0","0","0","0","0","0","0"
"30","63818","68","46","34","4","1410","0","0","0","0","0","0","0","0","0","673","0","0","0","0","0","0","0","0","0","0","0","231","440"
"30","63819","68","46","34","4","0","0","0","0","0","0","0","0","0","0","0","0","0","0","0","0","0","0","0","0","0","0","0","0"
"30","63820","59","40","37","4","0","0","0","0","0","0","0","0","0","0","0","0","0","0","0","0","0","0","0","0","0","0","0","0"
"30","63821","68","46","37","4","0","0","0","0","0","0","0","0","0","0","0","0","0","0","0","0","0","0","0","0","0","0","0","0"
"30","63822","59","46","37","4","0","0","0","0","0","0","0","0","0","0","0","0","0","0","0","0","0","0","0","0","0","0","0","0"
"30","63823","68","46","34","4","665","0","0","0","0","0","0","0","0","0","223","0","0","0","0","0","0","0","0","0","0","0","58","165"
"30","63825","59","40","37","4","131","0","0","0","0","0","0","0","0","0","88","0","0","0","0","0","0","0","0","0","0","0","41","47"
"30","63826","59","40","37","4","0","0","0","0","0","0","0","0","0","0","0","0","0","0","0","0","0","0","0","0","0","0","0","0"
"30","63827","59","40","37","4","0","0","0","0","0","0","0","0","0","0","0","0","0","0","0","0","0","0","0","0","0","0","0","0"
"30","63828","59","40","37","4","0","0","0","0","0","0","0","0","0","0","0","0","0","0","0","0","0","0","0","0","0","0","0","0"
"30","63830","68","46","34","4","1","0","0","0","0","0","0","0","0","0","0","0","0","0","0","0","0","0","0","0","0","0","0","0"
"30","63831","68","46","34","4","159","0","0","0","0","0","0","0","0","0","65","0","0","0","0","0","0","0","0","0","0","0","21","44"
"30","63832","68","46","34","4","835","0","0","0","0","0","0","0","0","0","446","0","0","0","0","0","0","0","0","0","0","0","170","276"
"30","63833","68","46","37","4","783","0","0","0","0","0","0","0","0","0","467","0","0","0","0","0","0","0","0","0","0","0","242","225"
"30","63834","68","46","37","4","1843","0","0","0","0","0","0","0","0","0","1027","0","0","0","0","0","0","0","0","0","0","0","530","497"
"30","63837","59","40","37","4","10","0","0","0","0","0","0","0","0","0","0","0","0","0","0","0","0","0","0","0","0","0","0","0"
"30","63838","59","40","37","4","1482","0","0","0","0","0","0","0","0","0","815","0","0","0","0","0","0","0","0","0","0","0","328","486"
"30","63840","68","46","34","4","0","0","0","0","0","0","0","0","0","0","0","0","0","0","0","0","0","0","0","0","0","0","0","0"
"30","63841","68","46","34","4","1384","0","0","0","0","0","0","0","0","0","530","0","0","0","0","0","0","0","0","0","0","0","109","421"
"30","63842","68","46","34","4","0","0","0","0","0","0","0","0","0","0","0","0","0","0","0","0","0","0","0","0","0","0","0","0"
"30","63843","59","40","37","4","0","0","0","0","0","0","0","0","0","0","0","0","0","0","0","0","0","0","0","0","0","0","0","0"
"30","63844","59","40","37","4","25","0","0","0","0","0","0","0","0","0","0","0","0","0","0","0","0","0","0","0","0","0","0","0"
"30","63845","68","46","34","4","592","0","0","0","0","0","0","0","0","0","225","0","0","0","0","0","0","0","0","0","0","0","39","186"
"30","65051","59","40","37","4","0","0","0","0","0","0","0","0","0","0","0","0","0","0","0","0","0","0","0","0","0","0","0","0"
"30","65052","59","40","37","4","0","0","0","0","0","0","0","0","0","0","0","0","0","0","0","0","0","0","0","0","0","0","0","0"
"30","65053","59","40","37","4","0","0","0","0","0","0","0","0","0","0","0","0","0","0","0","0","0","0","0","0","0","0","0","0"
"30","65055","59","40","37","4","6","0","0","0","0","0","0","0","0","0","0","0","0","0","0","0","0","0","0","0","0","0","0","0"
"30","65056","59","40","37","4","0","0","0","0","0","0","0","0","0","0","0","0","0","0","0","0","0","0","0","0","0","0","0","0"
"30","65057","59","40","37","4","0","0","0","0","0","0","0","0","0","0","0","0","0","0","0","0","0","0","0","0","0","0","0","0"
"30","65058","59","40","37","4","0","0","0","0","0","0","0","0","0","0","0","0","0","0","0","0","0","0","0","0","0","0","0","0"
"30","65060","59","40","37","4","0","0","0","0","0","0","0","0","0","0","0","0","0","0","0","0","0","0","0","0","0","0","0","0"
"30","65061","59","40","37","4","0","0","0","0","0","0","0","0","0","0","0","0","0","0","0","0","0","0","0","0","0","0","0","0"
"30","65062","59","40","37","4","0","0","0","0","0","0","0","0","0","0","0","0","0","0","0","0","0","0","0","0","0","0","0","0"
"30","65064","59","40","37","4","0","0","0","0","0","0","0","0","0","0","0","0","0","0","0","0","0","0","0","0","0","0","0","0"
"30","65065","59","40","37","4","0","0","0","0","0","0","0","0","0","0","0","0","0","0","0","0","0","0","0","0","0","0","0","0"
"30","65066","59","40","37","4","0","0","0","0","0","0","0","0","0","0","0","0","0","0","0","0","0","0","0","0","0","0","0","0"
"30","65067","59","40","37","4","0","0","0","0","0","0","0","0","0","0","0","0","0","0","0","0","0","0","0","0","0","0","0","0"
"30","65068","59","40","37","4","0","0","0","0","0","0","0","0","0","0","0","0","0","0","0","0","0","0","0","0","0","0","0","0"
"30","65069","59","40","37","4","0","0","0","0","0","0","0","0","0","0","0","0","0","0","0","0","0","0","0","0","0","0","0","0"
"30","65071","59","40","37","4","0","0","0","0","0","0","0","0","0","0","0","0","0","0","0","0","0","0","0","0","0","0","0","0"
"30","65081","59","40","37","4","796","0","0","0","0","0","0","0","0","0","496","0","0","0","0","0","0","0","0","0","0","0","333","162"
"30","65083","59","40","37","4","0","0","0","0","0","0","0","0","0","0","0","0","0","0","0","0","0","0","0","0","0","0","0","0"
"30","65087","59","40","37","4","1095","0","0","0","0","0","0","0","0","0","464","0","0","0","0","0","0","0","0","0","0","0","101","363"
"30","65091","59","40","37","4","321","0","0","0","0","0","0","0","0","0","164","0","0","0","0","0","0","0","0","0","0","0","47","117"
"30","65093","59","40","37","4","0","0","0","0","0","0","0","0","0","0","0","0","0","0","0","0","0","0","0","0","0","0","0","0"
"30","65097","59","40","37","4","0","0","0","0","0","0","0","0","0","0","0","0","0","0","0","0","0","0","0","0","0","0","0","0"
"30","65107","59","40","37","4","0","0","0","0","0","0","0","0","0","0","0","0","0","0","0","0","0","0","0","0","0","0","0","0"
"30","65800","59","40","37","4","32","0","0","0","0","0","0","0","0","0","18","0","0","0","0","0","0","0","0","0","0","0","11","7"
"30","65801","59","40","37","4","0","0","0","0","0","0","0","0","0","0","0","0","0","0","0","0","0","0","0","0","0","0","0","0"
"30","67114","71","49","38","4","2439","0","0","0","0","0","0","0","0","0","1526","0","0","0","0","0","0","0","0","0","0","0","834","691"
"30","67117","71","49","38","4","4708","0","0","0","0","0","0","0","0","0","2569","0","0","0","0","0","0","0","0","0","0","0","1246","1323"
"30","67118","71","49","38","4","3725","0","0","0","0","0","0","0","0","0","2112","0","0","0","0","0","0","0","0","0","0","0","1070","1042"
"30","67121","71","49","38","4","4877","0","0","0","0","0","0","0","0","0","2650","0","0","0","0","0","0","0","0","0","0","0","1439","1211"
"30","67801","71","49","38","4","0","0","0","0","0","0","0","0","0","0","0","0","0","0","0","0","0","0","0","0","0","0","0","0"
"30","67802","74","49","38","4","0","0","0","0","0","0","0","0","0","0","0","0","0","0","0","0","0","0","0","0","0","0","0","0"
"30","67804","71","49","38","4","368","0","0","0","0","0","0","0","0","0","218","0","0","0","0","0","0","0","0","0","0","0","92","126"
"30","68007","73","40","37","4","154","0","0","0","0","0","0","0","0","0","66","0","0","0","0","0","0","0","0","0","0","0","26","40"
"30","68043","68","46","34","4","37","0","0","0","0","0","0","0","0","0","14","0","0","0","0","0","0","0","0","0","0","0","4","10"
"30","68044","68","46","34","4","0","0","0","0","0","0","0","0","0","0","0","0","0","0","0","0","0","0","0","0","0","0","0","0"
"30","68050","70","46","34","4","3780","0","0","0","0","0","0","0","0","0","1600","0","0","0","0","0","0","0","0","0","0","0","617","983"
"30","68052","68","46","34","4","1201","0","0","0","0","0","0","0","0","0","432","0","0","0","0","0","0","0","0","0","0","0","58","374"
"30","68053","68","46","34","4","1792","0","0","0","0","0","0","0","0","0","1009","0","0","0","0","0","0","0","0","0","0","0","327","681"
"30","68057","70","46","34","4","2231","0","0","0","0","0","0","0","0","0","978","0","0","0","0","0","0","0","0","0","0","0","344","634"
"30","68058","70","46","34","4","5346","0","0","0","0","0","0","0","0","0","2117","0","0","0","0","0","0","0","0","0","0","0","667","1449"
"30","68061","68","46","34","4","3145","0","0","0","0","0","0","0","0","0","1291","0","0","0","0","0","0","0","0","0","0","0","249","1042"
"30","68070","68","46","34","4","893","0","0","0","0","0","0","0","0","0","392","0","0","0","0","0","0","0","0","0","0","0","92","300"
"30","68073","68","46","34","4","1943","0","0","0","0","0","0","0","0","0","1136","0","0","0","0","0","0","0","0","0","0","0","337","798"
"30","68074","68","46","34","4","3","0","0","0","0","0","0","0","0","0","0","0","0","0","0","0","0","0","0","0","0","0","0","0"
"30","68076","68","46","34","4","1188","0","0","0","0","0","0","0","0","0","598","0","0","0","0","0","0","0","0","0","0","0","165","432"
"30","68077","68","46","34","4","1668","0","0","0","0","0","0","0","0","0","921","0","0","0","0","0","0","0","0","0","0","0","237","684"
"30","68083","68","46","34","4","1162","0","0","0","0","0","0","0","0","0","420","0","0","0","0","0","0","0","0","0","0","0","78","342"
"30","68086","68","46","34","4","2202","0","0","0","0","0","0","0","0","0","765","0","0","0","0","0","0","0","0","0","0","0","89","676"
"30","68091","68","46","34","4","273","0","0","0","0","0","0","0","0","0","95","0","0","0","0","0","0","0","0","0","0","0","18","77"
"30","68094","68","46","34","4","3895","0","0","0","0","0","0","0","0","0","1525","0","0","0","0","0","0","0","0","0","0","0","169","1355"
"30","68098","68","46","34","4","1061","0","0","0","0","0","0","0","0","0","388","0","0","0","0","0","0","0","0","0","0","0","48","339"
"30","68100","68","46","34","4","3929","0","0","0","0","0","0","0","0","0","1488","0","0","0","0","0","0","0","0","0","0","0","176","1311"
"30","68103","68","46","34","4","3039","0","0","0","0","0","0","0","0","0","1197","0","0","0","0","0","0","0","0","0","0","0","166","1030"
"30","68106","68","46","34","4","771","0","0","0","0","0","0","0","0","0","333","0","0","0","0","0","0","0","0","0","0","0","80","253"
"30","68119","68","46","34","4","2678","0","0","0","0","0","0","0","0","0","1055","0","0","0","0","0","0","0","0","0","0","0","158","897"
"30","68123","68","46","34","4","1843","0","0","0","0","0","0","0","0","0","871","0","0","0","0","0","0","0","0","0","0","0","187","684"
"30","68128","68","46","34","4","2999","0","0","0","0","0","0","0","0","0","1324","0","0","0","0","0","0","0","0","0","0","0","198","1126"
"30","68130","68","46","34","4","2230","0","0","0","0","0","0","0","0","0","950","0","0","0","0","0","0","0","0","0","0","0","130","820"
"30","68131","68","46","34","4","1074","0","0","0","0","0","0","0","0","0","470","0","0","0","0","0","0","0","0","0","0","0","84","386"
"30","68133","68","46","34","4","1260","0","0","0","0","0","0","0","0","0","520","0","0","0","0","0","0","0","0","0","0","0","118","402"
"30","68135","68","46","34","4","3621","0","0","0","0","0","0","0","0","0","1491","0","0","0","0","0","0","0","0","0","0","0","292","1198"
"30","68137","68","46","34","4","1615","0","0","0","0","0","0","0","0","0","680","0","0","0","0","0","0","0","0","0","0","0","117","563"
"30","68138","68","46","34","4","3442","0","0","0","0","0","0","0","0","0","1577","0","0","0","0","0","0","0","0","0","0","0","394","1183"
"30","68145","68","46","34","4","1596","0","0","0","0","0","0","0","0","0","950","0","0","0","0","0","0","0","0","0","0","0","363","587"
"30","68158","68","46","34","4","3154","0","0","0","0","0","0","0","0","0","1515","0","0","0","0","0","0","0","0","0","0","0","425","1090"
"30","68163","68","46","34","4","0","0","0","0","0","0","0","0","0","0","0","0","0","0","0","0","0","0","0","0","0","0","0","0"
"30","68167","68","46","34","4","359","0","0","0","0","0","0","0","0","0","158","0","0","0","0","0","0","0","0","0","0","0","33","125"
"30","68177","68","46","34","4","887","0","0","0","0","0","0","0","0","0","357","0","0","0","0","0","0","0","0","0","0","0","46","311"
"30","68179","68","46","34","4","1105","0","0","0","0","0","0","0","0","0","466","0","0","0","0","0","0","0","0","0","0","0","93","373"
"30","68180","70","46","34","4","507","0","0","0","0","0","0","0","0","0","171","0","0","0","0","0","0","0","0","0","0","0","26","145"
"30","68181","70","46","34","4","1121","0","0","0","0","0","0","0","0","0","390","0","0","0","0","0","0","0","0","0","0","0","74","316"
"30","68183","68","46","34","4","1511","0","0","0","0","0","0","0","0","0","647","0","0","0","0","0","0","0","0","0","0","0","182","465"
"30","68185","70","46","34","4","3403","0","0","0","0","0","0","0","0","0","1326","0","0","0","0","0","0","0","0","0","0","0","452","872"
"30","68188","70","46","34","4","1163","0","0","0","0","0","0","0","0","0","435","0","0","0","0","0","0","0","0","0","0","0","102","333"
"30","68195","70","46","34","4","4002","0","0","0","0","0","0","0","0","0","1699","0","0","0","0","0","0","0","0","0","0","0","547","1151"
"30","68197","70","46","34","4","1878","0","0","0","0","0","0","0","0","0","806","0","0","0","0","0","0","0","0","0","0","0","414","392"
"30","68212","70","46","34","4","503","0","0","0","0","0","0","0","0","0","188","0","0","0","0","0","0","0","0","0","0","0","68","120"
"30","68214","68","46","34","4","133","0","0","0","0","0","0","0","0","0","54","0","0","0","0","0","0","0","0","0","0","0","10","44"
"30","68215","68","46","34","4","480","0","0","0","0","0","0","0","0","0","173","0","0","0","0","0","0","0","0","0","0","0","11","162"
"30","68216","68","46","34","4","1619","0","0","0","0","0","0","0","0","0","654","0","0","0","0","0","0","0","0","0","0","0","82","571"
"30","68217","68","46","34","4","324","0","0","0","0","0","0","0","0","0","125","0","0","0","0","0","0","0","0","0","0","0","14","111"
"30","68279","68","46","34","4","1145","0","0","0","0","0","0","0","0","0","492","0","0","0","0","0","0","0","0","0","0","0","116","376"
"30","68283","68","46","34","4","3291","0","0","0","0","0","0","0","0","0","1802","0","0","0","0","0","0","0","0","0","0","0","502","1298"
"30","68287","68","46","34","4","2587","0","0","0","0","0","0","0","0","0","1245","0","0","0","0","0","0","0","0","0","0","0","359","885"
"30","68296","68","46","34","4","1120","0","0","0","0","0","0","0","0","0","448","0","0","0","0","0","0","0","0","0","0","0","69","379"
"30","68297","68","46","34","4","1901","0","0","0","0","0","0","0","0","0","706","0","0","0","0","0","0","0","0","0","0","0","79","627"
"30","68302","68","46","34","4","791","0","0","0","0","0","0","0","0","0","259","0","0","0","0","0","0","0","0","0","0","0","32","227"
"30","68305","68","46","34","4","2","0","0","0","0","0","0","0","0","0","0","0","0","0","0","0","0","0","0","0","0","0","0","0"
"30","68306","68","46","34","4","1186","0","0","0","0","0","0","0","0","0","466","0","0","0","0","0","0","0","0","0","0","0","86","380"
"30","68311","68","46","34","4","54","0","0","0","0","0","0","0","0","0","18","0","0","0","0","0","0","0","0","0","0","0","8","10"
"30","68315","68","46","34","4","1996","0","0","0","0","0","0","0","0","0","1100","0","0","0","0","0","0","0","0","0","0","0","344","755"
"30","68316","68","46","34","4","1212","0","0","0","0","0","0","0","0","0","622","0","0","0","0","0","0","0","0","0","0","0","198","424"
"30","68318","68","46","34","4","2516","0","0","0","0","0","0","0","0","0","1232","0","0","0","0","0","0","0","0","0","0","0","439","789"
"30","68319","68","46","37","4","507","0","0","0","0","0","0","0","0","0","334","0","0","0","0","0","0","0","0","0","0","0","137","196"
"30","68324","68","46","34","4","2401","0","0","0","0","0","0","0","0","0","1354","0","0","0","0","0","0","0","0","0","0","0","467","887"
"30","68330","68","46","34","4","1449","0","0","0","0","0","0","0","0","0","497","0","0","0","0","0","0","0","0","0","0","0","49","448"
"30","68334","68","46","34","4","3884","0","0","0","0","0","0","0","0","0","1603","0","0","0","0","0","0","0","0","0","0","0","205","1395"
"30","68335","68","46","34","4","1153","0","0","0","0","0","0","0","0","0","391","0","0","0","0","0","0","0","0","0","0","0","69","322"
"30","68336","68","46","34","4","2682","0","0","0","0","0","0","0","0","0","1220","0","0","0","0","0","0","0","0","0","0","0","361","859"
"30","68350","70","46","34","4","947","0","0","0","0","0","0","0","0","0","334","0","0","0","0","0","0","0","0","0","0","0","131","202"
"30","68364","68","46","34","4","2598","0","0","0","0","0","0","0","0","0","1245","0","0","0","0","0","0","0","0","0","0","0","381","864"
"30","68369","68","46","34","4","705","0","0","0","0","0","0","0","0","0","241","0","0","0","0","0","0","0","0","0","0","0","59","182"
"30","68800","68","46","34","4","0","0","0","0","0","0","0","0","0","0","0","0","0","0","0","0","0","0","0","0","0","0","0","0"
"30","68801","68","46","34","4","0","0","0","0","0","0","0","0","0","0","0","0","0","0","0","0","0","0","0","0","0","0","0","0"
"30","68802","68","46","34","4","0","0","0","0","0","0","0","0","0","0","0","0","0","0","0","0","0","0","0","0","0","0","0","0"
"30","68804","68","46","34","4","68","0","0","0","0","0","0","0","0","0","31","0","0","0","0","0","0","0","0","0","0","0","5","26"
"30","68807","68","46","34","4","192","0","0","0","0","0","0","0","0","0","70","0","0","0","0","0","0","0","0","0","0","0","5","65"
"30","68809","68","46","34","4","592","0","0","0","0","0","0","0","0","0","213","0","0","0","0","0","0","0","0","0","0","0","56","157"
"30","68812","68","46","34","4","0","0","0","0","0","0","0","0","0","0","0","0","0","0","0","0","0","0","0","0","0","0","0","0"
"30","68814","68","46","34","4","0","0","0","0","0","0","0","0","0","0","0","0","0","0","0","0","0","0","0","0","0","0","0","0"
"30","68816","68","46","34","4","0","0","0","0","0","0","0","0","0","0","0","0","0","0","0","0","0","0","0","0","0","0","0","0"
"30","68817","68","46","34","4","0","0","0","0","0","0","0","0","0","0","0","0","0","0","0","0","0","0","0","0","0","0","0","0"
"30","68818","68","46","34","4","0","0","0","0","0","0","0","0","0","0","0","0","0","0","0","0","0","0","0","0","0","0","0","0"
"30","68819","68","46","34","4","0","0","0","0","0","0","0","0","0","0","0","0","0","0","0","0","0","0","0","0","0","0","0","0"
"30","68820","68","46","34","4","0","0","0","0","0","0","0","0","0","0","0","0","0","0","0","0","0","0","0","0","0","0","0","0"
"30","68821","68","46","34","4","0","0","0","0","0","0","0","0","0","0","0","0","0","0","0","0","0","0","0","0","0","0","0","0"
"30","68822","68","46","34","4","1531","0","0","0","0","0","0","0","0","0","783","0","0","0","0","0","0","0","0","0","0","0","180","603"
"30","68824","68","46","37","4","0","0","0","0","0","0","0","0","0","0","0","0","0","0","0","0","0","0","0","0","0","0","0","0"
"30","68825","68","46","34","4","1","0","0","0","0","0","0","0","0","0","0","0","0","0","0","0","0","0","0","0","0","0","0","0"
"30","68826","70","46","34","4","0","0","0","0","0","0","0","0","0","0","0","0","0","0","0","0","0","0","0","0","0","0","0","0"
"30","68827","68","46","34","4","0","0","0","0","0","0","0","0","0","0","0","0","0","0","0","0","0","0","0","0","0","0","0","0"
"30","68828","70","46","34","4","0","0","0","0","0","0","0","0","0","0","0","0","0","0","0","0","0","0","0","0","0","0","0","0"
"30","68829","68","46","34","4","0","0","0","0","0","0","0","0","0","0","0","0","0","0","0","0","0","0","0","0","0","0","0","0"
"30","68830","68","46","34","4","0","0","0","0","0","0","0","0","0","0","0","0","0","0","0","0","0","0","0","0","0","0","0","0"
"30","68831","68","46","34","4","4","0","0","0","0","0","0","0","0","0","0","0","0","0","0","0","0","0","0","0","0","0","0","0"
"30","68832","68","46","34","4","0","0","0","0","0","0","0","0","0","0","0","0","0","0","0","0","0","0","0","0","0","0","0","0"
"30","68833","70","46","34","4","482","0","0","0","0","0","0","0","0","0","188","0","0","0","0","0","0","0","0","0","0","0","43","145"
"30","68834","68","46","34","4","2315","0","0","0","0","0","0","0","0","0","891","0","0","0","0","0","0","0","0","0","0","0","140","749"
"30","68835","68","46","34","4","367","0","0","0","0","0","0","0","0","0","183","0","0","0","0","0","0","0","0","0","0","0","66","117"
"30","68836","68","46","34","4","872","0","0","0","0","0","0","0","0","0","439","0","0","0","0","0","0","0","0","0","0","0","154","285"
"30","68837","68","46","34","4","1544","0","0","0","0","0","0","0","0","0","679","0","0","0","0","0","0","0","0","0","0","0","189","490"
"30","68838","68","46","34","4","1189","0","0","0","0","0","0","0","0","0","645","0","0","0","0","0","0","0","0","0","0","0","298","346"
"30","68840","68","46","34","4","36","0","0","0","0","0","0","0","0","0","24","0","0","0","0","0","0","0","0","0","0","0","10","14"
"30","68841","68","46","34","4","955","0","0","0","0","0","0","0","0","0","445","0","0","0","0","0","0","0","0","0","0","0","109","333"
"30","68842","68","46","34","4","78","0","0","0","0","0","0","0","0","0","20","0","0","0","0","0","0","0","0","0","0","0","4","16"
"30","68843","68","46","34","4","1294","0","0","0","0","0","0","0","0","0","503","0","0","0","0","0","0","0","0","0","0","0","62","440"
"30","68845","68","46","34","4","1526","0","0","0","0","0","0","0","0","0","562","0","0","0","0","0","0","0","0","0","0","0","49","513"
"30","68847","68","46","34","4","624","0","0","0","0","0","0","0","0","0","228","0","0","0","0","0","0","0","0","0","0","0","19","209"
"30","68848","68","46","34","4","312","0","0","0","0","0","0","0","0","0","124","0","0","0","0","0","0","0","0","0","0","0","23","100"
"30","68849","68","46","34","4","555","0","0","0","0","0","0","0","0","0","213","0","0","0","0","0","0","0","0","0","0","0","58","154"
"30","68851","68","46","34","4","1513","0","0","0","0","0","0","0","0","0","740","0","0","0","0","0","0","0","0","0","0","0","222","518"
"30","68855","68","46","34","4","21","0","0","0","0","0","0","0","0","0","0","0","0","0","0","0","0","0","0","0","0","0","0","0"
"30","68857","68","46","34","4","32","0","0","0","0","0","0","0","0","0","0","0","0","0","0","0","0","0","0","0","0","0","0","0"
"30","68859","68","46","34","4","1600","0","0","0","0","0","0","0","0","0","678","0","0","0","0","0","0","0","0","0","0","0","111","567"
"30","68861","68","46","34","4","258","0","0","0","0","0","0","0","0","0","102","0","0","0","0","0","0","0","0","0","0","0","9","93"
"30","68862","68","46","34","4","1012","0","0","0","0","0","0","0","0","0","385","0","0","0","0","0","0","0","0","0","0","0","41","344"
"30","68863","68","46","34","4","2111","0","0","0","0","0","0","0","0","0","914","0","0","0","0","0","0","0","0","0","0","0","129","785"
"30","68865","68","46","34","4","616","0","0","0","0","0","0","0","0","0","306","0","0","0","0","0","0","0","0","0","0","0","86","218"
"30","69106","71","40","38","4","2225","0","0","0","0","0","0","0","0","0","1254","0","0","0","0","0","0","0","0","0","0","0","755","499"
"30","69110","71","49","38","4","4055","0","0","0","0","0","0","0","0","0","2232","0","0","0","0","0","0","0","0","0","0","0","1122","1110"
"30","69112","71","49","38","4","4916","0","0","0","0","0","0","0","0","0","2880","0","0","0","0","0","0","0","0","0","0","0","1443","1436"
"30","69122","71","49","38","4","0","0","0","0","0","0","0","0","0","0","0","0","0","0","0","0","0","0","0","0","0","0","0","0"
"30","69123","71","40","37","4","3","0","0","0","0","0","0","0","0","0","0","0","0","0","0","0","0","0","0","0","0","0","0","0"
"30","69124","71","49","38","4","1831","0","0","0","0","0","0","0","0","0","954","0","0","0","0","0","0","0","0","0","0","0","438","515"
"30","69125","71","49","38","4","1","0","0","0","0","0","0","0","0","0","0","0","0","0","0","0","0","0","0","0","0","0","0","0"
"30","69126","71","40","37","4","0","0","0","0","0","0","0","0","0","0","0","0","0","0","0","0","0","0","0","0","0","0","0","0"
"30","69127","71","49","38","4","0","0","0","0","0","0","0","0","0","0","0","0","0","0","0","0","0","0","0","0","0","0","0","0"
"30","69128","71","49","38","4","2408","0","0","0","0","0","0","0","0","0","1623","0","0","0","0","0","0","0","0","0","0","0","839","783"
"30","69129","71","49","38","4","0","0","0","0","0","0","0","0","0","0","0","0","0","0","0","0","0","0","0","0","0","0","0","0"
"30","69131","71","49","38","4","1","0","0","0","0","0","0","0","0","0","0","0","0","0","0","0","0","0","0","0","0","0","0","0"
"30","69141","71","49","38","4","0","0","0","0","0","0","0","0","0","0","0","0","0","0","0","0","0","0","0","0","0","0","0","0"
"30","69800","71","49","38","4","0","0","0","0","0","0","0","0","0","0","0","0","0","0","0","0","0","0","0","0","0","0","0","0"
"30","69801","71","40","37","4","7","0","0","0","0","0","0","0","0","0","0","0","0","0","0","0","0","0","0","0","0","0","0","0"
"30","69802","71","40","37","4","0","0","0","0","0","0","0","0","0","0","0","0","0","0","0","0","0","0","0","0","0","0","0","0"
"30","69803","71","49","38","4","0","0","0","0","0","0","0","0","0","0","0","0","0","0","0","0","0","0","0","0","0","0","0","0"
"30","69804","71","40","38","4","0","0","0","0","0","0","0","0","0","0","0","0","0","0","0","0","0","0","0","0","0","0","0","0"
"30","69805","71","40","38","4","0","0","0","0","0","0","0","0","0","0","0","0","0","0","0","0","0","0","0","0","0","0","0","0"
"30","69806","71","40","37","4","0","0","0","0","0","0","0","0","0","0","0","0","0","0","0","0","0","0","0","0","0","0","0","0"
"30","69807","71","40","38","4","0","0","0","0","0","0","0","0","0","0","0","0","0","0","0","0","0","0","0","0","0","0","0","0"
"30","69808","71","49","38","4","0","0","0","0","0","0","0","0","0","0","0","0","0","0","0","0","0","0","0","0","0","0","0","0"
"30","69812","71","49","38","4","0","0","0","0","0","0","0","0","0","0","0","0","0","0","0","0","0","0","0","0","0","0","0","0"
"30","69813","71","49","38","4","3","0","0","0","0","0","0","0","0","0","0","0","0","0","0","0","0","0","0","0","0","0","0","0"
"30","69814","71","49","38","4","0","0","0","0","0","0","0","0","0","0","0","0","0","0","0","0","0","0","0","0","0","0","0","0"
"30","69815","71","49","38","4","0","0","0","0","0","0","0","0","0","0","0","0","0","0","0","0","0","0","0","0","0","0","0","0"
"30","69816","71","49","38","4","0","0","0","0","0","0","0","0","0","0","0","0","0","0","0","0","0","0","0","0","0","0","0","0"
"30","69817","71","40","38","4","0","0","0","0","0","0","0","0","0","0","0","0","0","0","0","0","0","0","0","0","0","0","0","0"
"30","69818","71","49","38","4","0","0","0","0","0","0","0","0","0","0","0","0","0","0","0","0","0","0","0","0","0","0","0","0"
"30","69819","71","49","38","4","0","0","0","0","0","0","0","0","0","0","0","0","0","0","0","0","0","0","0","0","0","0","0","0"
"30","69820","71","49","38","4","0","0","0","0","0","0","0","0","0","0","0","0","0","0","0","0","0","0","0","0","0","0","0","0"
"30","69821","71","49","38","4","0","0","0","0","0","0","0","0","0","0","0","0","0","0","0","0","0","0","0","0","0","0","0","0"
"30","69822","71","49","38","4","302","0","0","0","0","0","0","0","0","0","130","0","0","0","0","0","0","0","0","0","0","0","69","61"
"30","69823","71","49","38","4","0","0","0","0","0","0","0","0","0","0","0","0","0","0","0","0","0","0","0","0","0","0","0","0"
"30","69824","71","49","38","4","0","0","0","0","0","0","0","0","0","0","0","0","0","0","0","0","0","0","0","0","0","0","0","0"
"30","69825","71","49","38","4","8","0","0","0","0","0","0","0","0","0","0","0","0","0","0","0","0","0","0","0","0","0","0","0"
"30","70075","71","40","37","4","0","0","0","0","0","0","0","0","0","0","0","0","0","0","0","0","0","0","0","0","0","0","0","0"
"30","70076","71","40","37","4","0","0","0","0","0","0","0","0","0","0","0","0","0","0","0","0","0","0","0","0","0","0","0","0"
"30","70079","59","40","37","4","0","0","0","0","0","0","0","0","0","0","0","0","0","0","0","0","0","0","0","0","0","0","0","0"
"30","70080","71","40","37","4","0","0","0","0","0","0","0","0","0","0","0","0","0","0","0","0","0","0","0","0","0","0","0","0"
"30","70085","71","40","37","4","0","0","0","0","0","0","0","0","0","0","0","0","0","0","0","0","0","0","0","0","0","0","0","0"
"30","70087","71","40","37","4","878","0","0","0","0","0","0","0","0","0","585","0","0","0","0","0","0","0","0","0","0","0","273","311"
"30","70089","59","40","37","4","0","0","0","0","0","0","0","0","0","0","0","0","0","0","0","0","0","0","0","0","0","0","0","0"
"30","70092","59","40","37","4","0","0","0","0","0","0","0","0","0","0","0","0","0","0","0","0","0","0","0","0","0","0","0","0"
"30","70093","59","40","37","4","0","0","0","0","0","0","0","0","0","0","0","0","0","0","0","0","0","0","0","0","0","0","0","0"
"30","70096","59","40","37","4","0","0","0","0","0","0","0","0","0","0","0","0","0","0","0","0","0","0","0","0","0","0","0","0"
"30","70111","71","40","37","4","0","0","0","0","0","0","0","0","0","0","0","0","0","0","0","0","0","0","0","0","0","0","0","0"
"30","70112","73","40","37","4","6","0","0","0","0","0","0","0","0","0","0","0","0","0","0","0","0","0","0","0","0","0","0","0"
"30","70115","73","40","37","4","0","0","0","0","0","0","0","0","0","0","0","0","0","0","0","0","0","0","0","0","0","0","0","0"
"30","70116","73","40","37","4","0","0","0","0","0","0","0","0","0","0","0","0","0","0","0","0","0","0","0","0","0","0","0","0"
"30","70117","71","40","37","4","21","0","0","0","0","0","0","0","0","0","12","0","0","0","0","0","0","0","0","0","0","0","4","8"
"30","70118","59","40","37","4","3","0","0","0","0","0","0","0","0","0","0","0","0","0","0","0","0","0","0","0","0","0","0","0"
"30","70119","59","40","37","4","0","0","0","0","0","0","0","0","0","0","0","0","0","0","0","0","0","0","0","0","0","0","0","0"
"30","70120","59","40","37","4","0","0","0","0","0","0","0","0","0","0","0","0","0","0","0","0","0","0","0","0","0","0","0","0"
"30","70121","59","40","37","4","0","0","0","0","0","0","0","0","0","0","0","0","0","0","0","0","0","0","0","0","0","0","0","0"
"30","70122","59","40","37","4","0","0","0","0","0","0","0","0","0","0","0","0","0","0","0","0","0","0","0","0","0","0","0","0"
"30","70123","59","40","37","4","0","0","0","0","0","0","0","0","0","0","0","0","0","0","0","0","0","0","0","0","0","0","0","0"
"30","70124","59","40","37","4","0","0","0","0","0","0","0","0","0","0","0","0","0","0","0","0","0","0","0","0","0","0","0","0"
"30","70125","71","40","37","4","434","0","0","0","0","0","0","0","0","0","274","0","0","0","0","0","0","0","0","0","0","0","158","116"
"30","70126","59","40","37","4","0","0","0","0","0","0","0","0","0","0","0","0","0","0","0","0","0","0","0","0","0","0","0","0"
"30","70127","59","40","37","4","0","0","0","0","0","0","0","0","0","0","0","0","0","0","0","0","0","0","0","0","0","0","0","0"
"30","70128","59","40","37","4","0","0","0","0","0","0","0","0","0","0","0","0","0","0","0","0","0","0","0","0","0","0","0","0"
"30","70133","73","40","37","4","0","0","0","0","0","0","0","0","0","0","0","0","0","0","0","0","0","0","0","0","0","0","0","0"
"30","70134","59","40","37","4","0","0","0","0","0","0","0","0","0","0","0","0","0","0","0","0","0","0","0","0","0","0","0","0"
"30","70135","73","40","37","4","0","0","0","0","0","0","0","0","0","0","0","0","0","0","0","0","0","0","0","0","0","0","0","0"
"30","70136","71","40","37","4","0","0","0","0","0","0","0","0","0","0","0","0","0","0","0","0","0","0","0","0","0","0","0","0"
"30","70800","73","40","37","4","0","0","0","0","0","0","0","0","0","0","0","0","0","0","0","0","0","0","0","0","0","0","0","0"
"30","70801","73","40","37","4","0","0","0","0","0","0","0","0","0","0","0","0","0","0","0","0","0","0","0","0","0","0","0","0"
"30","70802","73","40","37","4","0","0","0","0","0","0","0","0","0","0","0","0","0","0","0","0","0","0","0","0","0","0","0","0"
"30","70803","73","40","37","4","1","0","0","0","0","0","0","0","0","0","0","0","0","0","0","0","0","0","0","0","0","0","0","0"
"30","70804","71","40","37","4","0","0","0","0","0","0","0","0","0","0","0","0","0","0","0","0","0","0","0","0","0","0","0","0"
"30","70806","59","40","37","4","0","0","0","0","0","0","0","0","0","0","0","0","0","0","0","0","0","0","0","0","0","0","0","0"
"30","70807","71","40","37","4","0","0","0","0","0","0","0","0","0","0","0","0","0","0","0","0","0","0","0","0","0","0","0","0"
"30","70808","59","40","37","4","0","0","0","0","0","0","0","0","0","0","0","0","0","0","0","0","0","0","0","0","0","0","0","0"
"30","70809","71","40","37","4","0","0","0","0","0","0","0","0","0","0","0","0","0","0","0","0","0","0","0","0","0","0","0","0"
"30","70810","59","40","37","4","0","0","0","0","0","0","0","0","0","0","0","0","0","0","0","0","0","0","0","0","0","0","0","0"
"30","70811","71","40","37","4","0","0","0","0","0","0","0","0","0","0","0","0","0","0","0","0","0","0","0","0","0","0","0","0"
"30","70812","71","40","37","4","0","0","0","0","0","0","0","0","0","0","0","0","0","0","0","0","0","0","0","0","0","0","0","0"
"30","70813","73","40","37","4","0","0","0","0","0","0","0","0","0","0","0","0","0","0","0","0","0","0","0","0","0","0","0","0"
"30","70814","71","40","37","4","0","0","0","0","0","0","0","0","0","0","0","0","0","0","0","0","0","0","0","0","0","0","0","0"
"30","70815","59","40","37","4","0","0","0","0","0","0","0","0","0","0","0","0","0","0","0","0","0","0","0","0","0","0","0","0"
"30","70816","59","40","37","4","0","0","0","0","0","0","0","0","0","0","0","0","0","0","0","0","0","0","0","0","0","0","0","0"
"30","70817","59","40","37","4","0","0","0","0","0","0","0","0","0","0","0","0","0","0","0","0","0","0","0","0","0","0","0","0"
"30","70818","71","40","37","4","0","0","0","0","0","0","0","0","0","0","0","0","0","0","0","0","0","0","0","0","0","0","0","0"
"30","70819","71","40","37","4","0","0","0","0","0","0","0","0","0","0","0","0","0","0","0","0","0","0","0","0","0","0","0","0"
"30","70820","71","40","37","4","0","0","0","0","0","0","0","0","0","0","0","0","0","0","0","0","0","0","0","0","0","0","0","0"
"30","70821","71","40","37","4","0","0","0","0","0","0","0","0","0","0","0","0","0","0","0","0","0","0","0","0","0","0","0","0"
"30","70822","71","40","37","4","0","0","0","0","0","0","0","0","0","0","0","0","0","0","0","0","0","0","0","0","0","0","0","0"
"30","70823","71","40","37","4","0","0","0","0","0","0","0","0","0","0","0","0","0","0","0","0","0","0","0","0","0","0","0","0"
"30","70824","71","40","37","4","0","0","0","0","0","0","0","0","0","0","0","0","0","0","0","0","0","0","0","0","0","0","0","0"
"30","70825","71","40","37","4","0","0","0","0","0","0","0","0","0","0","0","0","0","0","0","0","0","0","0","0","0","0","0","0"
"30","70826","71","40","37","4","0","0","0","0","0","0","0","0","0","0","0","0","0","0","0","0","0","0","0","0","0","0","0","0"
"30","71120","73","40","37","4","1257","0","0","0","0","0","0","0","0","0","541","0","0","0","0","0","0","0","0","0","0","0","152","389"
"30","71121","73","40","37","4","960","0","0","0","0","0","0","0","0","0","444","0","0","0","0","0","0","0","0","0","0","0","122","322"
"30","71229","73","40","37","4","0","0","0","0","0","0","0","0","0","0","0","0","0","0","0","0","0","0","0","0","0","0","0","0"
"30","71231","73","40","37","4","1647","0","0","0","0","0","0","0","0","0","1103","0","0","0","0","0","0","0","0","0","0","0","513","590"
"30","71232","73","40","37","4","893","0","0","0","0","0","0","0","0","0","363","0","0","0","0","0","0","0","0","0","0","0","84","279"
"30","71237","73","40","37","4","2","0","0","0","0","0","0","0","0","0","0","0","0","0","0","0","0","0","0","0","0","0","0","0"
"30","71239","73","40","37","4","1414","0","0","0","0","0","0","0","0","0","575","0","0","0","0","0","0","0","0","0","0","0","126","449"
"30","71240","73","40","37","4","2755","0","0","0","0","0","0","0","0","0","1416","0","0","0","0","0","0","0","0","0","0","0","537","879"
"30","71245","73","40","37","4","2127","0","0","0","0","0","0","0","0","0","1238","0","0","0","0","0","0","0","0","0","0","0","566","672"
"30","71247","73","40","37","4","84","0","0","0","0","0","0","0","0","0","40","0","0","0","0","0","0","0","0","0","0","0","14","26"
"30","71253","73","40","37","4","0","0","0","0","0","0","0","0","0","0","0","0","0","0","0","0","0","0","0","0","0","0","0","0"
"30","71256","73","40","37","4","13","0","0","0","0","0","0","0","0","0","0","0","0","0","0","0","0","0","0","0","0","0","0","0"
"30","71258","73","40","37","4","1258","0","0","0","0","0","0","0","0","0","637","0","0","0","0","0","0","0","0","0","0","0","223","414"
"30","71259","73","40","37","4","0","0","0","0","0","0","0","0","0","0","0","0","0","0","0","0","0","0","0","0","0","0","0","0"
"30","71262","73","40","37","4","4555","0","0","0","0","0","0","0","0","0","2385","0","0","0","0","0","0","0","0","0","0","0","930","1455"
"30","71263","73","40","37","4","2228","0","0","0","0","0","0","0","0","0","1235","0","0","0","0","0","0","0","0","0","0","0","548","685"
"30","71266","73","40","37","4","2469","0","0","0","0","0","0","0","0","0","1383","0","0","0","0","0","0","0","0","0","0","0","616","765"
"30","71271","73","40","37","4","0","0","0","0","0","0","0","0","0","0","0","0","0","0","0","0","0","0","0","0","0","0","0","0"
"30","71272","73","40","37","4","20","0","0","0","0","0","0","0","0","0","0","0","0","0","0","0","0","0","0","0","0","0","0","0"
"30","71283","73","40","37","4","2897","0","0","0","0","0","0","0","0","0","1131","0","0","0","0","0","0","0","0","0","0","0","275","854"
"30","71284","73","40","37","4","595","0","0","0","0","0","0","0","0","0","342","0","0","0","0","0","0","0","0","0","0","0","131","211"
"30","71346","68","46","34","4","0","0","0","0","0","0","0","0","0","0","0","0","0","0","0","0","0","0","0","0","0","0","0","0"
"30","71347","73","40","37","4","1","0","0","0","0","0","0","0","0","0","0","0","0","0","0","0","0","0","0","0","0","0","0","0"
"30","71349","73","40","37","4","0","0","0","0","0","0","0","0","0","0","0","0","0","0","0","0","0","0","0","0","0","0","0","0"
"30","71350","73","40","37","4","1088","0","0","0","0","0","0","0","0","0","366","0","0","0","0","0","0","0","0","0","0","0","38","328"
"30","71356","73","40","37","4","0","0","0","0","0","0","0","0","0","0","0","0","0","0","0","0","0","0","0","0","0","0","0","0"
"30","71357","73","40","37","4","1150","0","0","0","0","0","0","0","0","0","489","0","0","0","0","0","0","0","0","0","0","0","141","347"
"30","71361","73","40","37","4","1259","0","0","0","0","0","0","0","0","0","787","0","0","0","0","0","0","0","0","0","0","0","379","407"
"30","71362","73","40","37","4","18","0","0","0","0","0","0","0","0","0","0","0","0","0","0","0","0","0","0","0","0","0","0","0"
"30","71364","73","40","37","4","630","0","0","0","0","0","0","0","0","0","298","0","0","0","0","0","0","0","0","0","0","0","114","183"
"30","71368","73","40","37","4","1424","0","0","0","0","0","0","0","0","0","652","0","0","0","0","0","0","0","0","0","0","0","241","410"
"30","71370","73","40","37","4","851","0","0","0","0","0","0","0","0","0","498","0","0","0","0","0","0","0","0","0","0","0","225","272"
"30","71378","73","40","37","4","0","0","0","0","0","0","0","0","0","0","0","0","0","0","0","0","0","0","0","0","0","0","0","0"
"30","71380","73","40","37","4","156","0","0","0","0","0","0","0","0","0","90","0","0","0","0","0","0","0","0","0","0","0","45","45"
"30","71381","73","40","37","4","3933","0","0","0","0","0","0","0","0","0","1897","0","0","0","0","0","0","0","0","0","0","0","659","1235"
"30","71401","59","40","37","4","0","0","0","0","0","0","0","0","0","0","0","0","0","0","0","0","0","0","0","0","0","0","0","0"
"30","71402","59","40","37","4","0","0","0","0","0","0","0","0","0","0","0","0","0","0","0","0","0","0","0","0","0","0","0","0"
"30","71403","59","40","37","4","0","0","0","0","0","0","0","0","0","0","0","0","0","0","0","0","0","0","0","0","0","0","0","0"
"30","71404","59","40","37","4","0","0","0","0","0","0","0","0","0","0","0","0","0","0","0","0","0","0","0","0","0","0","0","0"
"30","71405","59","40","37","4","0","0","0","0","0","0","0","0","0","0","0","0","0","0","0","0","0","0","0","0","0","0","0","0"
"30","71406","59","40","37","4","0","0","0","0","0","0","0","0","0","0","0","0","0","0","0","0","0","0","0","0","0","0","0","0"
"30","71407","59","40","37","4","0","0","0","0","0","0","0","0","0","0","0","0","0","0","0","0","0","0","0","0","0","0","0","0"
"30","71408","59","40","37","4","0","0","0","0","0","0","0","0","0","0","0","0","0","0","0","0","0","0","0","0","0","0","0","0"
"30","71800","73","40","37","4","0","0","0","0","0","0","0","0","0","0","0","0","0","0","0","0","0","0","0","0","0","0","0","0"
"30","71801","73","40","37","4","1286","0","0","0","0","0","0","0","0","0","731","0","0","0","0","0","0","0","0","0","0","0","270","461"
"30","71802","73","40","37","4","0","0","0","0","0","0","0","0","0","0","0","0","0","0","0","0","0","0","0","0","0","0","0","0"
"30","71803","73","40","37","4","176","0","0","0","0","0","0","0","0","0","98","0","0","0","0","0","0","0","0","0","0","0","27","71"
"30","71804","73","40","37","4","0","0","0","0","0","0","0","0","0","0","0","0","0","0","0","0","0","0","0","0","0","0","0","0"
"30","71805","73","40","37","4","0","0","0","0","0","0","0","0","0","0","0","0","0","0","0","0","0","0","0","0","0","0","0","0"
"30","71806","73","40","37","4","0","0","0","0","0","0","0","0","0","0","0","0","0","0","0","0","0","0","0","0","0","0","0","0"
"30","71808","73","40","37","4","326","0","0","0","0","0","0","0","0","0","146","0","0","0","0","0","0","0","0","0","0","0","43","103"
"30","71809","73","40","37","4","85","0","0","0","0","0","0","0","0","0","57","0","0","0","0","0","0","0","0","0","0","0","22","35"
"30","71811","73","40","37","4","292","0","0","0","0","0","0","0","0","0","121","0","0","0","0","0","0","0","0","0","0","0","14","107"
"30","71812","73","40","37","4","945","0","0","0","0","0","0","0","0","0","418","0","0","0","0","0","0","0","0","0","0","0","88","330"
"30","71813","73","40","37","4","1060","0","0","0","0","0","0","0","0","0","491","0","0","0","0","0","0","0","0","0","0","0","153","338"
"30","71814","73","40","37","4","3","0","0","0","0","0","0","0","0","0","0","0","0","0","0","0","0","0","0","0","0","0","0","0"
"30","71815","73","40","37","4","0","0","0","0","0","0","0","0","0","0","0","0","0","0","0","0","0","0","0","0","0","0","0","0"
"30","71816","73","40","37","4","594","0","0","0","0","0","0","0","0","0","346","0","0","0","0","0","0","0","0","0","0","0","159","187"
"30","71817","73","40","37","4","0","0","0","0","0","0","0","0","0","0","0","0","0","0","0","0","0","0","0","0","0","0","0","0"
"30","71818","73","40","37","4","0","0","0","0","0","0","0","0","0","0","0","0","0","0","0","0","0","0","0","0","0","0","0","0"
"30","71819","73","40","37","4","62","0","0","0","0","0","0","0","0","0","41","0","0","0","0","0","0","0","0","0","0","0","16","25"
"30","71820","73","40","37","4","1151","0","0","0","0","0","0","0","0","0","619","0","0","0","0","0","0","0","0","0","0","0","238","379"
"30","71821","73","40","37","4","0","0","0","0","0","0","0","0","0","0","0","0","0","0","0","0","0","0","0","0","0","0","0","0"
"30","71822","73","40","37","4","0","0","0","0","0","0","0","0","0","0","0","0","0","0","0","0","0","0","0","0","0","0","0","0"
"30","71823","73","40","37","4","0","0","0","0","0","0","0","0","0","0","0","0","0","0","0","0","0","0","0","0","0","0","0","0"
"30","71824","73","40","37","4","437","0","0","0","0","0","0","0","0","0","244","0","0","0","0","0","0","0","0","0","0","0","94","150"
"30","71825","73","40","37","4","1543","0","0","0","0","0","0","0","0","0","791","0","0","0","0","0","0","0","0","0","0","0","261","529"
"30","71826","73","40","37","4","0","0","0","0","0","0","0","0","0","0","0","0","0","0","0","0","0","0","0","0","0","0","0","0"
"30","71827","73","40","37","4","634","0","0","0","0","0","0","0","0","0","297","0","0","0","0","0","0","0","0","0","0","0","98","199"
"30","71828","73","40","37","4","0","0","0","0","0","0","0","0","0","0","0","0","0","0","0","0","0","0","0","0","0","0","0","0"
"30","72080","73","40","37","4","0","0","0","0","0","0","0","0","0","0","0","0","0","0","0","0","0","0","0","0","0","0","0","0"
"30","72081","59","40","37","4","632","0","0","0","0","0","0","0","0","0","372","0","0","0","0","0","0","0","0","0","0","0","215","157"
"30","72085","73","40","37","4","0","0","0","0","0","0","0","0","0","0","0","0","0","0","0","0","0","0","0","0","0","0","0","0"
"30","72087","59","40","37","4","0","0","0","0","0","0","0","0","0","0","0","0","0","0","0","0","0","0","0","0","0","0","0","0"
"30","72091","59","40","37","4","1597","0","0","0","0","0","0","0","0","0","985","0","0","0","0","0","0","0","0","0","0","0","588","397"
"30","72093","59","40","37","4","315","0","0","0","0","0","0","0","0","0","192","0","0","0","0","0","0","0","0","0","0","0","123","68"
"30","72096","59","40","37","4","2226","0","0","0","0","0","0","0","0","0","1442","0","0","0","0","0","0","0","0","0","0","0","754","688"
"30","72098","73","47","37","4","2","0","0","0","0","0","0","0","0","0","0","0","0","0","0","0","0","0","0","0","0","0","0","0"
"30","72110","59","40","37","4","0","0","0","0","0","0","0","0","0","0","0","0","0","0","0","0","0","0","0","0","0","0","0","0"
"30","72122","59","40","37","4","999","0","0","0","0","0","0","0","0","0","564","0","0","0","0","0","0","0","0","0","0","0","268","296"
"30","72197","59","40","37","4","1781","0","0","0","0","0","0","0","0","0","1089","0","0","0","0","0","0","0","0","0","0","0","611","478"
"30","72254","59","40","37","4","2507","0","0","0","0","0","0","0","0","0","1537","0","0","0","0","0","0","0","0","0","0","0","818","718"
"30","72255","59","40","37","4","1760","0","0","0","0","0","0","0","0","0","1041","0","0","0","0","0","0","0","0","0","0","0","470","571"
"30","72256","59","40","37","4","3087","0","0","0","0","0","0","0","0","0","1966","0","0","0","0","0","0","0","0","0","0","0","1082","883"
"30","72269","59","40","37","4","431","0","0","0","0","0","0","0","0","0","247","0","0","0","0","0","0","0","0","0","0","0","137","110"
"30","72272","59","40","37","4","1173","0","0","0","0","0","0","0","0","0","713","0","0","0","0","0","0","0","0","0","0","0","368","345"
"30","72312","59","40","37","4","338","0","0","0","0","0","0","0","0","0","210","0","0","0","0","0","0","0","0","0","0","0","121","89"
"30","72318","59","40","37","4","1241","0","0","0","0","0","0","0","0","0","736","0","0","0","0","0","0","0","0","0","0","0","342","394"
"30","72321","59","40","37","4","643","0","0","0","0","0","0","0","0","0","388","0","0","0","0","0","0","0","0","0","0","0","191","197"
"30","72800","59","40","37","4","271","0","0","0","0","0","0","0","0","0","146","0","0","0","0","0","0","0","0","0","0","0","71","75"
"30","72801","59","40","37","4","373","0","0","0","0","0","0","0","0","0","229","0","0","0","0","0","0","0","0","0","0","0","124","105"
"30","72803","59","40","37","4","0","0","0","0","0","0","0","0","0","0","0","0","0","0","0","0","0","0","0","0","0","0","0","0"
"30","72805","73","40","37","4","0","0","0","0","0","0","0","0","0","0","0","0","0","0","0","0","0","0","0","0","0","0","0","0"
"30","72806","73","40","37","4","0","0","0","0","0","0","0","0","0","0","0","0","0","0","0","0","0","0","0","0","0","0","0","0"
"30","72807","59","40","37","4","195","0","0","0","0","0","0","0","0","0","103","0","0","0","0","0","0","0","0","0","0","0","57","46"
"30","72808","59","40","37","4","94","0","0","0","0","0","0","0","0","0","62","0","0","0","0","0","0","0","0","0","0","0","34","28"
"30","72809","59","40","37","4","347","0","0","0","0","0","0","0","0","0","229","0","0","0","0","0","0","0","0","0","0","0","139","90"
"30","72810","59","40","37","4","128","0","0","0","0","0","0","0","0","0","92","0","0","0","0","0","0","0","0","0","0","0","66","26"
"30","72811","59","40","37","4","29","0","0","0","0","0","0","0","0","0","16","0","0","0","0","0","0","0","0","0","0","0","10","6"
"30","72812","59","40","37","4","1324","0","0","0","0","0","0","0","0","0","858","0","0","0","0","0","0","0","0","0","0","0","505","352"
"30","72814","59","40","37","4","343","0","0","0","0","0","0","0","0","0","218","0","0","0","0","0","0","0","0","0","0","0","97","121"
"30","72815","59","40","37","4","59","0","0","0","0","0","0","0","0","0","36","0","0","0","0","0","0","0","0","0","0","0","18","18"
"30","72816","73","40","37","4","0","0","0","0","0","0","0","0","0","0","0","0","0","0","0","0","0","0","0","0","0","0","0","0"
"30","72817","73","40","37","4","0","0","0","0","0","0","0","0","0","0","0","0","0","0","0","0","0","0","0","0","0","0","0","0"
"30","75110","59","40","37","4","1138","0","0","0","0","0","0","0","0","0","747","0","0","0","0","0","0","0","0","0","0","0","491","256"
"30","75112","59","40","37","4","0","0","0","0","0","0","0","0","0","0","0","0","0","0","0","0","0","0","0","0","0","0","0","0"
"30","75113","59","40","37","4","328","0","0","0","0","0","0","0","0","0","225","0","0","0","0","0","0","0","0","0","0","0","149","76"
"30","75114","59","40","37","4","1386","0","0","0","0","0","0","0","0","0","852","0","0","0","0","0","0","0","0","0","0","0","546","306"
"30","75115","59","40","37","4","7","0","0","0","0","0","0","0","0","0","0","0","0","0","0","0","0","0","0","0","0","0","0","0"
"30","75116","59","40","37","4","1038","0","0","0","0","0","0","0","0","0","627","0","0","0","0","0","0","0","0","0","0","0","377","248"
"30","75117","59","40","37","4","61","0","0","0","0","0","0","0","0","0","36","0","0","0","0","0","0","0","0","0","0","0","23","13"
"30","75120","59","40","37","4","3","0","0","0","0","0","0","0","0","0","0","0","0","0","0","0","0","0","0","0","0","0","0","0"
"30","75121","59","40","37","4","82","0","0","0","0","0","0","0","0","0","43","0","0","0","0","0","0","0","0","0","0","0","32","11"
"30","75122","59","40","37","4","353","0","0","0","0","0","0","0","0","0","234","0","0","0","0","0","0","0","0","0","0","0","140","93"
"30","75800","59","40","37","4","210","0","0","0","0","0","0","0","0","0","125","0","0","0","0","0","0","0","0","0","0","0","69","56"
"30","75801","59","40","37","4","2","0","0","0","0","0","0","0","0","0","0","0","0","0","0","0","0","0","0","0","0","0","0","0"
"30","75802","59","40","37","4","102","0","0","0","0","0","0","0","0","0","70","0","0","0","0","0","0","0","0","0","0","0","55","15"
"30","75803","59","40","37","4","54","0","0","0","0","0","0","0","0","0","43","0","0","0","0","0","0","0","0","0","0","0","18","25"
"30","99999","0","0","0","0","976","0","0","0","0","0","0","0","0","0","430","0","0","0","0","0","0","0","0","0","0","0","230","200"
"30","CNTYTOT","157092","102089","82651","9188","1911291","0","0","0","0","0","0","0","0","0","999918","0","0","0","0","0","0","0","0","0","0","0","444963","554430"
