"county","srprec","addist","cddist","sddist","bedist","TOTREG","DEMREG","REPREG","AIPREG","GRNREG","LIBREG","NLPREG","REFREG","DCLREG","MSCREG","TOTVOTE","DEMVOTE","REPVOTE","AIPVOTE","GRNVOTE","LIBVOTE","NLPVOTE","REFVOTE","DCLVOTE","MSCVOTE","PRCVOTE","ABSVOTE","PR_50_N","PR_50_Y"
"15","0010226","32","20","12","1","1487","0","0","0","0","0","0","0","0","0","915","0","0","0","0","0","0","0","0","0","0","0","629","285"
"15","0011151","35","22","16","1","1451","0","0","0","0","0","0","0","0","0","408","0","0","0","0","0","0","0","0","0","0","0","136","272"
"15","0011152","35","22","16","1","553","0","0","0","0","0","0","0","0","0","163","0","0","0","0","0","0","0","0","0","0","0","80","83"
"15","0011155","32","20","12","1","1305","0","0","0","0","0","0","0","0","0","672","0","0","0","0","0","0","0","0","0","0","0","481","189"
"15","0011190","32","20","12","1","1324","0","0","0","0","0","0","0","0","0","651","0","0","0","0","0","0","0","0","0","0","0","459","192"
"15","0011530","35","22","16","1","1342","0","0","0","0","0","0","0","0","0","416","0","0","0","0","0","0","0","0","0","0","0","129","284"
"15","0011540","35","22","16","1","1024","0","0","0","0","0","0","0","0","0","312","0","0","0","0","0","0","0","0","0","0","0","80","232"
"15","0011542","35","22","16","1","1072","0","0","0","0","0","0","0","0","0","309","0","0","0","0","0","0","0","0","0","0","0","95","214"
"15","0011544","35","22","16","1","1377","0","0","0","0","0","0","0","0","0","364","0","0","0","0","0","0","0","0","0","0","0","102","262"
"15","0011546","35","22","16","1","1023","0","0","0","0","0","0","0","0","0","281","0","0","0","0","0","0","0","0","0","0","0","76","205"
"15","0011548","35","22","16","1","1389","0","0","0","0","0","0","0","0","0","555","0","0","0","0","0","0","0","0","0","0","0","206","349"
"15","0011550","35","22","16","1","1474","0","0","0","0","0","0","0","0","0","511","0","0","0","0","0","0","0","0","0","0","0","182","326"
"15","0011552","35","22","16","1","1081","0","0","0","0","0","0","0","0","0","294","0","0","0","0","0","0","0","0","0","0","0","76","218"
"15","0011557","35","22","16","1","1043","0","0","0","0","0","0","0","0","0","275","0","0","0","0","0","0","0","0","0","0","0","71","204"
"15","0011570","35","22","16","1","1214","0","0","0","0","0","0","0","0","0","355","0","0","0","0","0","0","0","0","0","0","0","107","247"
"15","0011580","35","22","16","1","1205","0","0","0","0","0","0","0","0","0","393","0","0","0","0","0","0","0","0","0","0","0","116","277"
"15","0011590","35","22","16","1","1268","0","0","0","0","0","0","0","0","0","362","0","0","0","0","0","0","0","0","0","0","0","87","275"
"15","0011620","35","22","16","1","895","0","0","0","0","0","0","0","0","0","304","0","0","0","0","0","0","0","0","0","0","0","119","185"
"15","0011621","35","22","16","1","1266","0","0","0","0","0","0","0","0","0","345","0","0","0","0","0","0","0","0","0","0","0","86","256"
"15","0011626","35","22","16","1","924","0","0","0","0","0","0","0","0","0","292","0","0","0","0","0","0","0","0","0","0","0","106","184"
"15","0011628","35","22","16","1","1053","0","0","0","0","0","0","0","0","0","292","0","0","0","0","0","0","0","0","0","0","0","87","204"
"15","0011719","32","20","12","1","1243","0","0","0","0","0","0","0","0","0","678","0","0","0","0","0","0","0","0","0","0","0","444","234"
"15","0011991","32","20","12","1","1031","0","0","0","0","0","0","0","0","0","638","0","0","0","0","0","0","0","0","0","0","0","462","176"
"15","0012050","35","22","16","1","1087","0","0","0","0","0","0","0","0","0","314","0","0","0","0","0","0","0","0","0","0","0","107","207"
"15","0012052","35","22","16","1","1247","0","0","0","0","0","0","0","0","0","380","0","0","0","0","0","0","0","0","0","0","0","132","248"
"15","0012171","32","20","12","1","1227","0","0","0","0","0","0","0","0","0","556","0","0","0","0","0","0","0","0","0","0","0","392","164"
"15","0012402","35","22","16","1","1236","0","0","0","0","0","0","0","0","0","372","0","0","0","0","0","0","0","0","0","0","0","87","285"
"15","0012505","32","20","12","1","1149","0","0","0","0","0","0","0","0","0","629","0","0","0","0","0","0","0","0","0","0","0","468","160"
"15","0012596","35","22","16","1","1211","0","0","0","0","0","0","0","0","0","357","0","0","0","0","0","0","0","0","0","0","0","111","246"
"15","0012620","32","20","12","1","1080","0","0","0","0","0","0","0","0","0","346","0","0","0","0","0","0","0","0","0","0","0","206","140"
"15","0012623","32","20","12","1","1192","0","0","0","0","0","0","0","0","0","496","0","0","0","0","0","0","0","0","0","0","0","352","144"
"15","0012626","32","20","12","1","1135","0","0","0","0","0","0","0","0","0","389","0","0","0","0","0","0","0","0","0","0","0","272","116"
"15","0012627","32","20","12","1","1339","0","0","0","0","0","0","0","0","0","522","0","0","0","0","0","0","0","0","0","0","0","352","170"
"15","0012650","32","20","12","1","1382","0","0","0","0","0","0","0","0","0","722","0","0","0","0","0","0","0","0","0","0","0","585","137"
"15","0012656","32","20","12","1","1049","0","0","0","0","0","0","0","0","0","583","0","0","0","0","0","0","0","0","0","0","0","485","98"
"15","0012664","32","20","12","1","1474","0","0","0","0","0","0","0","0","0","871","0","0","0","0","0","0","0","0","0","0","0","671","198"
"15","0012680","32","22","12","1","930","0","0","0","0","0","0","0","0","0","356","0","0","0","0","0","0","0","0","0","0","0","264","92"
"15","0012700","32","20","12","1","1136","0","0","0","0","0","0","0","0","0","531","0","0","0","0","0","0","0","0","0","0","0","413","118"
"15","0012709","32","20","12","1","1056","0","0","0","0","0","0","0","0","0","422","0","0","0","0","0","0","0","0","0","0","0","305","116"
"15","0012847","32","20","12","1","1329","0","0","0","0","0","0","0","0","0","638","0","0","0","0","0","0","0","0","0","0","0","445","193"
"15","0012920","32","20","12","1","1308","0","0","0","0","0","0","0","0","0","633","0","0","0","0","0","0","0","0","0","0","0","371","262"
"15","0012921","32","20","12","1","1184","0","0","0","0","0","0","0","0","0","433","0","0","0","0","0","0","0","0","0","0","0","226","207"
"15","0012922","32","20","12","1","1323","0","0","0","0","0","0","0","0","0","654","0","0","0","0","0","0","0","0","0","0","0","391","261"
"15","0012923","32","20","12","1","1317","0","0","0","0","0","0","0","0","0","549","0","0","0","0","0","0","0","0","0","0","0","298","251"
"15","0012925","32","20","12","1","1264","0","0","0","0","0","0","0","0","0","617","0","0","0","0","0","0","0","0","0","0","0","390","227"
"15","0012926","32","20","12","1","1295","0","0","0","0","0","0","0","0","0","676","0","0","0","0","0","0","0","0","0","0","0","394","282"
"15","0012927","32","20","12","1","1275","0","0","0","0","0","0","0","0","0","580","0","0","0","0","0","0","0","0","0","0","0","375","205"
"15","0012929","32","20","12","1","1320","0","0","0","0","0","0","0","0","0","714","0","0","0","0","0","0","0","0","0","0","0","412","302"
"15","0012930","32","20","12","1","1276","0","0","0","0","0","0","0","0","0","695","0","0","0","0","0","0","0","0","0","0","0","428","267"
"15","0012931","32","20","12","1","1348","0","0","0","0","0","0","0","0","0","705","0","0","0","0","0","0","0","0","0","0","0","485","219"
"15","0012932","32","20","12","1","1226","0","0","0","0","0","0","0","0","0","540","0","0","0","0","0","0","0","0","0","0","0","305","234"
"15","0012933","32","20","12","1","1251","0","0","0","0","0","0","0","0","0","750","0","0","0","0","0","0","0","0","0","0","0","459","290"
"15","0012935","32","20","12","1","1218","0","0","0","0","0","0","0","0","0","647","0","0","0","0","0","0","0","0","0","0","0","408","239"
"15","0012996","32","20","12","1","1426","0","0","0","0","0","0","0","0","0","816","0","0","0","0","0","0","0","0","0","0","0","513","303"
"15","0013070","32","20","12","1","929","0","0","0","0","0","0","0","0","0","576","0","0","0","0","0","0","0","0","0","0","0","357","219"
"15","0013072","32","20","12","1","1195","0","0","0","0","0","0","0","0","0","697","0","0","0","0","0","0","0","0","0","0","0","505","192"
"15","0013077","32","20","12","1","1111","0","0","0","0","0","0","0","0","0","527","0","0","0","0","0","0","0","0","0","0","0","374","153"
"15","0013107","35","22","16","1","1078","0","0","0","0","0","0","0","0","0","309","0","0","0","0","0","0","0","0","0","0","0","84","225"
"15","0013110","35","22","16","1","1119","0","0","0","0","0","0","0","0","0","331","0","0","0","0","0","0","0","0","0","0","0","139","191"
"15","0013112","35","22","12","1","1022","0","0","0","0","0","0","0","0","0","447","0","0","0","0","0","0","0","0","0","0","0","265","182"
"15","0013115","35","22","16","1","997","0","0","0","0","0","0","0","0","0","460","0","0","0","0","0","0","0","0","0","0","0","309","147"
"15","0013116","35","22","16","1","1017","0","0","0","0","0","0","0","0","0","329","0","0","0","0","0","0","0","0","0","0","0","134","195"
"15","0013120","35","22","16","1","931","0","0","0","0","0","0","0","0","0","250","0","0","0","0","0","0","0","0","0","0","0","72","178"
"15","0013121","35","22","16","1","1159","0","0","0","0","0","0","0","0","0","462","0","0","0","0","0","0","0","0","0","0","0","281","181"
"15","0013122","35","22","12","1","1484","0","0","0","0","0","0","0","0","0","526","0","0","0","0","0","0","0","0","0","0","0","273","253"
"15","0015105","32","20","12","1","949","0","0","0","0","0","0","0","0","0","453","0","0","0","0","0","0","0","0","0","0","0","336","117"
"15","0015106","32","20","12","1","896","0","0","0","0","0","0","0","0","0","439","0","0","0","0","0","0","0","0","0","0","0","212","227"
"15","0015107","35","22","16","1","1098","0","0","0","0","0","0","0","0","0","472","0","0","0","0","0","0","0","0","0","0","0","235","235"
"15","0015108","35","22","16","1","1385","0","0","0","0","0","0","0","0","0","663","0","0","0","0","0","0","0","0","0","0","0","344","319"
"15","0015109","32","20","12","1","1219","0","0","0","0","0","0","0","0","0","720","0","0","0","0","0","0","0","0","0","0","0","491","228"
"15","0015111","32","20","12","1","1330","0","0","0","0","0","0","0","0","0","770","0","0","0","0","0","0","0","0","0","0","0","476","294"
"15","0015113","32","20","12","1","786","0","0","0","0","0","0","0","0","0","349","0","0","0","0","0","0","0","0","0","0","0","229","120"
"15","0015114","32","20","12","1","1321","0","0","0","0","0","0","0","0","0","597","0","0","0","0","0","0","0","0","0","0","0","398","198"
"15","0015122","32","20","12","1","1124","0","0","0","0","0","0","0","0","0","501","0","0","0","0","0","0","0","0","0","0","0","334","167"
"15","0015124","32","20","12","1","1267","0","0","0","0","0","0","0","0","0","577","0","0","0","0","0","0","0","0","0","0","0","390","187"
"15","0015125","32","20","12","1","1119","0","0","0","0","0","0","0","0","0","455","0","0","0","0","0","0","0","0","0","0","0","254","201"
"15","0015135","32","20","12","1","853","0","0","0","0","0","0","0","0","0","315","0","0","0","0","0","0","0","0","0","0","0","150","164"
"15","0015136","32","20","12","1","1204","0","0","0","0","0","0","0","0","0","754","0","0","0","0","0","0","0","0","0","0","0","463","291"
"15","0015142","35","22","16","1","1156","0","0","0","0","0","0","0","0","0","509","0","0","0","0","0","0","0","0","0","0","0","269","240"
"15","0020110","32","20","12","1","562","0","0","0","0","0","0","0","0","0","350","0","0","0","0","0","0","0","0","0","0","0","272","78"
"15","0020121","34","23","12","1","1201","0","0","0","0","0","0","0","0","0","562","0","0","0","0","0","0","0","0","0","0","0","362","200"
"15","0020175","32","20","12","1","991","0","0","0","0","0","0","0","0","0","583","0","0","0","0","0","0","0","0","0","0","0","405","178"
"15","0020179","34","23","12","1","442","0","0","0","0","0","0","0","0","0","186","0","0","0","0","0","0","0","0","0","0","0","130","55"
"15","0020185","34","20","12","1","894","0","0","0","0","0","0","0","0","0","301","0","0","0","0","0","0","0","0","0","0","0","151","149"
"15","0020232","35","22","16","1","935","0","0","0","0","0","0","0","0","0","303","0","0","0","0","0","0","0","0","0","0","0","64","238"
"15","0020236","35","22","16","1","1352","0","0","0","0","0","0","0","0","0","315","0","0","0","0","0","0","0","0","0","0","0","72","243"
"15","0020237","35","22","16","1","1446","0","0","0","0","0","0","0","0","0","468","0","0","0","0","0","0","0","0","0","0","0","129","339"
"15","0020243","35","22","16","1","1462","0","0","0","0","0","0","0","0","0","547","0","0","0","0","0","0","0","0","0","0","0","301","246"
"15","0020244","35","22","16","1","1039","0","0","0","0","0","0","0","0","0","350","0","0","0","0","0","0","0","0","0","0","0","117","233"
"15","0020246","35","22","16","1","1208","0","0","0","0","0","0","0","0","0","392","0","0","0","0","0","0","0","0","0","0","0","148","243"
"15","0020248","35","22","16","1","915","0","0","0","0","0","0","0","0","0","286","0","0","0","0","0","0","0","0","0","0","0","95","191"
"15","0020249","35","22","16","1","1453","0","0","0","0","0","0","0","0","0","492","0","0","0","0","0","0","0","0","0","0","0","219","272"
"15","0020250","35","22","16","1","806","0","0","0","0","0","0","0","0","0","301","0","0","0","0","0","0","0","0","0","0","0","136","165"
"15","0020253","35","22","16","1","690","0","0","0","0","0","0","0","0","0","221","0","0","0","0","0","0","0","0","0","0","0","87","134"
"15","0020254","35","22","16","1","1482","0","0","0","0","0","0","0","0","0","489","0","0","0","0","0","0","0","0","0","0","0","188","301"
"15","0020255","35","22","16","1","1312","0","0","0","0","0","0","0","0","0","454","0","0","0","0","0","0","0","0","0","0","0","188","265"
"15","0020256","35","22","16","1","1248","0","0","0","0","0","0","0","0","0","432","0","0","0","0","0","0","0","0","0","0","0","145","287"
"15","0020257","35","22","16","1","1482","0","0","0","0","0","0","0","0","0","447","0","0","0","0","0","0","0","0","0","0","0","169","278"
"15","0020260","35","22","16","1","1018","0","0","0","0","0","0","0","0","0","378","0","0","0","0","0","0","0","0","0","0","0","136","242"
"15","0020262","35","22","16","1","824","0","0","0","0","0","0","0","0","0","330","0","0","0","0","0","0","0","0","0","0","0","134","196"
"15","0020263","35","22","16","1","866","0","0","0","0","0","0","0","0","0","281","0","0","0","0","0","0","0","0","0","0","0","90","190"
"15","0020265","35","22","16","1","1384","0","0","0","0","0","0","0","0","0","548","0","0","0","0","0","0","0","0","0","0","0","238","309"
"15","0020266","35","22","16","1","1396","0","0","0","0","0","0","0","0","0","396","0","0","0","0","0","0","0","0","0","0","0","179","216"
"15","0020271","35","22","16","1","1106","0","0","0","0","0","0","0","0","0","400","0","0","0","0","0","0","0","0","0","0","0","126","274"
"15","0020273","35","22","16","1","1098","0","0","0","0","0","0","0","0","0","386","0","0","0","0","0","0","0","0","0","0","0","144","241"
"15","0020275","35","22","16","1","1066","0","0","0","0","0","0","0","0","0","391","0","0","0","0","0","0","0","0","0","0","0","153","238"
"15","0020279","35","22","16","1","839","0","0","0","0","0","0","0","0","0","207","0","0","0","0","0","0","0","0","0","0","0","74","133"
"15","0020281","32","22","12","1","1282","0","0","0","0","0","0","0","0","0","394","0","0","0","0","0","0","0","0","0","0","0","123","271"
"15","0020282","35","22","16","1","1360","0","0","0","0","0","0","0","0","0","557","0","0","0","0","0","0","0","0","0","0","0","222","334"
"15","0020284","35","22","16","1","1041","0","0","0","0","0","0","0","0","0","349","0","0","0","0","0","0","0","0","0","0","0","135","214"
"15","0020286","35","22","16","1","1002","0","0","0","0","0","0","0","0","0","371","0","0","0","0","0","0","0","0","0","0","0","135","236"
"15","0020288","35","22","16","1","994","0","0","0","0","0","0","0","0","0","296","0","0","0","0","0","0","0","0","0","0","0","111","185"
"15","0020289","35","22","16","1","1489","0","0","0","0","0","0","0","0","0","482","0","0","0","0","0","0","0","0","0","0","0","188","294"
"15","0020294","35","20","16","1","1214","0","0","0","0","0","0","0","0","0","431","0","0","0","0","0","0","0","0","0","0","0","170","261"
"15","0020295","35","20","16","1","1060","0","0","0","0","0","0","0","0","0","417","0","0","0","0","0","0","0","0","0","0","0","170","247"
"15","0020298","32","22","12","1","1404","0","0","0","0","0","0","0","0","0","418","0","0","0","0","0","0","0","0","0","0","0","130","288"
"15","0021144","32","20","12","1","1517","0","0","0","0","0","0","0","0","0","969","0","0","0","0","0","0","0","0","0","0","0","699","270"
"15","0021146","32","20","12","1","1255","0","0","0","0","0","0","0","0","0","835","0","0","0","0","0","0","0","0","0","0","0","566","269"
"15","0021148","32","20","12","1","1452","0","0","0","0","0","0","0","0","0","902","0","0","0","0","0","0","0","0","0","0","0","630","271"
"15","0021270","34","23","12","1","1556","0","0","0","0","0","0","0","0","0","647","0","0","0","0","0","0","0","0","0","0","0","315","332"
"15","0021274","34","23","12","1","856","0","0","0","0","0","0","0","0","0","325","0","0","0","0","0","0","0","0","0","0","0","167","157"
"15","0021280","34","23","12","1","1114","0","0","0","0","0","0","0","0","0","464","0","0","0","0","0","0","0","0","0","0","0","217","246"
"15","0021282","34","23","12","1","1215","0","0","0","0","0","0","0","0","0","490","0","0","0","0","0","0","0","0","0","0","0","244","245"
"15","0021286","34","23","12","1","1160","0","0","0","0","0","0","0","0","0","425","0","0","0","0","0","0","0","0","0","0","0","205","220"
"15","0021287","34","23","12","1","1308","0","0","0","0","0","0","0","0","0","525","0","0","0","0","0","0","0","0","0","0","0","230","295"
"15","0021301","32","20","12","1","617","0","0","0","0","0","0","0","0","0","323","0","0","0","0","0","0","0","0","0","0","0","269","54"
"15","0021512","32","20","12","1","1439","0","0","0","0","0","0","0","0","0","816","0","0","0","0","0","0","0","0","0","0","0","623","191"
"15","0021513","32","20","12","1","970","0","0","0","0","0","0","0","0","0","556","0","0","0","0","0","0","0","0","0","0","0","424","132"
"15","0021519","32","20","12","1","688","0","0","0","0","0","0","0","0","0","367","0","0","0","0","0","0","0","0","0","0","0","263","104"
"15","0021523","32","20","12","1","1268","0","0","0","0","0","0","0","0","0","711","0","0","0","0","0","0","0","0","0","0","0","490","220"
"15","0021710","34","23","12","1","565","0","0","0","0","0","0","0","0","0","307","0","0","0","0","0","0","0","0","0","0","0","201","105"
"15","0021752","35","22","16","1","833","0","0","0","0","0","0","0","0","0","234","0","0","0","0","0","0","0","0","0","0","0","74","159"
"15","0021885","32","20","12","1","1034","0","0","0","0","0","0","0","0","0","632","0","0","0","0","0","0","0","0","0","0","0","495","136"
"15","0021886","32","20","12","1","1229","0","0","0","0","0","0","0","0","0","536","0","0","0","0","0","0","0","0","0","0","0","347","189"
"15","0021889","32","20","12","1","1317","0","0","0","0","0","0","0","0","0","767","0","0","0","0","0","0","0","0","0","0","0","566","201"
"15","0021895","32","20","12","1","726","0","0","0","0","0","0","0","0","0","357","0","0","0","0","0","0","0","0","0","0","0","239","118"
"15","0022000","35","22","16","1","1211","0","0","0","0","0","0","0","0","0","337","0","0","0","0","0","0","0","0","0","0","0","99","238"
"15","0022002","35","22","16","1","835","0","0","0","0","0","0","0","0","0","328","0","0","0","0","0","0","0","0","0","0","0","121","207"
"15","0022003","35","22","16","1","1441","0","0","0","0","0","0","0","0","0","473","0","0","0","0","0","0","0","0","0","0","0","193","280"
"15","0022004","35","22","16","1","867","0","0","0","0","0","0","0","0","0","283","0","0","0","0","0","0","0","0","0","0","0","103","180"
"15","0022009","35","22","16","1","1057","0","0","0","0","0","0","0","0","0","316","0","0","0","0","0","0","0","0","0","0","0","105","210"
"15","0022010","35","22","16","1","1062","0","0","0","0","0","0","0","0","0","385","0","0","0","0","0","0","0","0","0","0","0","173","211"
"15","0022014","32","20","12","1","1163","0","0","0","0","0","0","0","0","0","447","0","0","0","0","0","0","0","0","0","0","0","195","252"
"15","0022018","32","20","12","1","1108","0","0","0","0","0","0","0","0","0","358","0","0","0","0","0","0","0","0","0","0","0","158","200"
"15","0022030","35","22","16","1","1287","0","0","0","0","0","0","0","0","0","417","0","0","0","0","0","0","0","0","0","0","0","155","260"
"15","0022032","32","20","12","1","1104","0","0","0","0","0","0","0","0","0","382","0","0","0","0","0","0","0","0","0","0","0","179","203"
"15","0022033","35","22","16","1","1236","0","0","0","0","0","0","0","0","0","452","0","0","0","0","0","0","0","0","0","0","0","223","228"
"15","0022037","32","22","12","1","1077","0","0","0","0","0","0","0","0","0","412","0","0","0","0","0","0","0","0","0","0","0","174","238"
"15","0022041","35","22","16","1","1331","0","0","0","0","0","0","0","0","0","496","0","0","0","0","0","0","0","0","0","0","0","219","277"
"15","0022047","32","22","12","1","928","0","0","0","0","0","0","0","0","0","280","0","0","0","0","0","0","0","0","0","0","0","120","160"
"15","0022452","34","20","12","1","740","0","0","0","0","0","0","0","0","0","252","0","0","0","0","0","0","0","0","0","0","0","132","119"
"15","0023020","34","20","12","1","1513","0","0","0","0","0","0","0","0","0","582","0","0","0","0","0","0","0","0","0","0","0","280","301"
"15","0023022","34","20","12","1","1261","0","0","0","0","0","0","0","0","0","495","0","0","0","0","0","0","0","0","0","0","0","242","253"
"15","0023023","34","20","12","1","1315","0","0","0","0","0","0","0","0","0","566","0","0","0","0","0","0","0","0","0","0","0","269","297"
"15","0023024","34","20","12","1","1093","0","0","0","0","0","0","0","0","0","488","0","0","0","0","0","0","0","0","0","0","0","285","202"
"15","0023025","34","20","12","1","1154","0","0","0","0","0","0","0","0","0","512","0","0","0","0","0","0","0","0","0","0","0","275","237"
"15","0023029","34","20","12","1","727","0","0","0","0","0","0","0","0","0","351","0","0","0","0","0","0","0","0","0","0","0","187","164"
"15","0023030","34","20","12","1","934","0","0","0","0","0","0","0","0","0","278","0","0","0","0","0","0","0","0","0","0","0","119","159"
"15","0023035","34","20","12","1","974","0","0","0","0","0","0","0","0","0","433","0","0","0","0","0","0","0","0","0","0","0","270","163"
"15","0023081","34","20","12","1","786","0","0","0","0","0","0","0","0","0","345","0","0","0","0","0","0","0","0","0","0","0","252","93"
"15","0023082","34","20","12","1","859","0","0","0","0","0","0","0","0","0","455","0","0","0","0","0","0","0","0","0","0","0","319","136"
"15","0023211","32","20","12","1","1291","0","0","0","0","0","0","0","0","0","749","0","0","0","0","0","0","0","0","0","0","0","551","198"
"15","0023212","32","20","12","1","904","0","0","0","0","0","0","0","0","0","543","0","0","0","0","0","0","0","0","0","0","0","393","150"
"15","0023239","35","22","16","1","855","0","0","0","0","0","0","0","0","0","288","0","0","0","0","0","0","0","0","0","0","0","124","164"
"15","0023241","35","22","16","1","1108","0","0","0","0","0","0","0","0","0","365","0","0","0","0","0","0","0","0","0","0","0","139","223"
"15","0023401","32","20","12","1","1070","0","0","0","0","0","0","0","0","0","520","0","0","0","0","0","0","0","0","0","0","0","339","181"
"15","0023402","32","20","12","1","1270","0","0","0","0","0","0","0","0","0","679","0","0","0","0","0","0","0","0","0","0","0","458","221"
"15","0023404","32","20","12","1","1102","0","0","0","0","0","0","0","0","0","520","0","0","0","0","0","0","0","0","0","0","0","327","193"
"15","0023405","32","20","12","1","1121","0","0","0","0","0","0","0","0","0","583","0","0","0","0","0","0","0","0","0","0","0","403","180"
"15","0023412","32","20","12","1","957","0","0","0","0","0","0","0","0","0","418","0","0","0","0","0","0","0","0","0","0","0","207","210"
"15","0023451","34","20","12","1","1471","0","0","0","0","0","0","0","0","0","601","0","0","0","0","0","0","0","0","0","0","0","290","310"
"15","0023464","34","20","12","1","759","0","0","0","0","0","0","0","0","0","312","0","0","0","0","0","0","0","0","0","0","0","170","141"
"15","0025270","35","20","16","1","1287","0","0","0","0","0","0","0","0","0","444","0","0","0","0","0","0","0","0","0","0","0","169","275"
"15","0025281","35","20","16","1","909","0","0","0","0","0","0","0","0","0","336","0","0","0","0","0","0","0","0","0","0","0","144","192"
"15","0025290","32","22","12","1","721","0","0","0","0","0","0","0","0","0","251","0","0","0","0","0","0","0","0","0","0","0","88","162"
"15","0030039","32","20","12","1","976","0","0","0","0","0","0","0","0","0","234","0","0","0","0","0","0","0","0","0","0","0","128","105"
"15","0030040","32","20","12","1","1127","0","0","0","0","0","0","0","0","0","327","0","0","0","0","0","0","0","0","0","0","0","210","117"
"15","0030150","32","20","12","1","1140","0","0","0","0","0","0","0","0","0","281","0","0","0","0","0","0","0","0","0","0","0","176","105"
"15","0030170","32","20","12","1","1091","0","0","0","0","0","0","0","0","0","319","0","0","0","0","0","0","0","0","0","0","0","185","134"
"15","0030301","32","22","12","1","853","0","0","0","0","0","0","0","0","0","399","0","0","0","0","0","0","0","0","0","0","0","233","166"
"15","0030302","35","22","16","1","1174","0","0","0","0","0","0","0","0","0","476","0","0","0","0","0","0","0","0","0","0","0","206","270"
"15","0030304","35","22","16","1","1489","0","0","0","0","0","0","0","0","0","528","0","0","0","0","0","0","0","0","0","0","0","249","278"
"15","0030306","35","22","16","1","1435","0","0","0","0","0","0","0","0","0","639","0","0","0","0","0","0","0","0","0","0","0","291","348"
"15","0030308","35","22","16","1","1164","0","0","0","0","0","0","0","0","0","420","0","0","0","0","0","0","0","0","0","0","0","153","267"
"15","0030314","35","22","16","1","1362","0","0","0","0","0","0","0","0","0","526","0","0","0","0","0","0","0","0","0","0","0","256","270"
"15","0030316","35","22","16","1","883","0","0","0","0","0","0","0","0","0","367","0","0","0","0","0","0","0","0","0","0","0","198","169"
"15","0030318","35","22","16","1","1287","0","0","0","0","0","0","0","0","0","540","0","0","0","0","0","0","0","0","0","0","0","258","281"
"15","0030324","35","22","16","1","711","0","0","0","0","0","0","0","0","0","154","0","0","0","0","0","0","0","0","0","0","0","54","100"
"15","0030328","35","22","16","1","1135","0","0","0","0","0","0","0","0","0","450","0","0","0","0","0","0","0","0","0","0","0","245","201"
"15","0030335","35","20","16","1","665","0","0","0","0","0","0","0","0","0","180","0","0","0","0","0","0","0","0","0","0","0","79","101"
"15","0030337","32","20","12","1","1132","0","0","0","0","0","0","0","0","0","534","0","0","0","0","0","0","0","0","0","0","0","288","246"
"15","0030338","35","22","16","1","936","0","0","0","0","0","0","0","0","0","402","0","0","0","0","0","0","0","0","0","0","0","195","206"
"15","0030343","35","22","16","1","1074","0","0","0","0","0","0","0","0","0","251","0","0","0","0","0","0","0","0","0","0","0","80","171"
"15","0030346","35","22","16","1","1199","0","0","0","0","0","0","0","0","0","460","0","0","0","0","0","0","0","0","0","0","0","199","261"
"15","0030348","35","22","16","1","754","0","0","0","0","0","0","0","0","0","305","0","0","0","0","0","0","0","0","0","0","0","146","159"
"15","0030349","32","20","12","1","499","0","0","0","0","0","0","0","0","0","238","0","0","0","0","0","0","0","0","0","0","0","158","79"
"15","0030354","32","20","12","1","692","0","0","0","0","0","0","0","0","0","354","0","0","0","0","0","0","0","0","0","0","0","211","143"
"15","0030363","32","20","12","1","914","0","0","0","0","0","0","0","0","0","398","0","0","0","0","0","0","0","0","0","0","0","234","164"
"15","0030367","35","22","16","1","1542","0","0","0","0","0","0","0","0","0","657","0","0","0","0","0","0","0","0","0","0","0","337","319"
"15","0030369","32","20","12","1","1001","0","0","0","0","0","0","0","0","0","352","0","0","0","0","0","0","0","0","0","0","0","182","170"
"15","0030370","32","20","12","1","505","0","0","0","0","0","0","0","0","0","219","0","0","0","0","0","0","0","0","0","0","0","116","103"
"15","0030372","32","20","12","1","1368","0","0","0","0","0","0","0","0","0","707","0","0","0","0","0","0","0","0","0","0","0","510","197"
"15","0030375","32","20","12","1","1215","0","0","0","0","0","0","0","0","0","537","0","0","0","0","0","0","0","0","0","0","0","326","210"
"15","0030385","32","20","12","1","1234","0","0","0","0","0","0","0","0","0","628","0","0","0","0","0","0","0","0","0","0","0","452","175"
"15","0030386","32","20","12","1","1161","0","0","0","0","0","0","0","0","0","560","0","0","0","0","0","0","0","0","0","0","0","369","191"
"15","0030387","32","20","12","1","1232","0","0","0","0","0","0","0","0","0","629","0","0","0","0","0","0","0","0","0","0","0","405","223"
"15","0030390","32","20","12","1","1309","0","0","0","0","0","0","0","0","0","720","0","0","0","0","0","0","0","0","0","0","0","523","195"
"15","0030393","32","20","12","1","684","0","0","0","0","0","0","0","0","0","292","0","0","0","0","0","0","0","0","0","0","0","180","112"
"15","0030396","32","20","12","1","1096","0","0","0","0","0","0","0","0","0","472","0","0","0","0","0","0","0","0","0","0","0","326","146"
"15","0031210","35","22","16","1","712","0","0","0","0","0","0","0","0","0","171","0","0","0","0","0","0","0","0","0","0","0","70","101"
"15","0031478","35","22","16","1","606","0","0","0","0","0","0","0","0","0","216","0","0","0","0","0","0","0","0","0","0","0","95","121"
"15","0031479","35","22","16","1","1004","0","0","0","0","0","0","0","0","0","413","0","0","0","0","0","0","0","0","0","0","0","208","205"
"15","0031641","35","22","16","1","1604","0","0","0","0","0","0","0","0","0","357","0","0","0","0","0","0","0","0","0","0","0","89","268"
"15","0031772","32","20","12","1","1502","0","0","0","0","0","0","0","0","0","448","0","0","0","0","0","0","0","0","0","0","0","271","177"
"15","0031935","35","22","16","1","1201","0","0","0","0","0","0","0","0","0","363","0","0","0","0","0","0","0","0","0","0","0","176","187"
"15","0031950","32","20","12","1","1159","0","0","0","0","0","0","0","0","0","375","0","0","0","0","0","0","0","0","0","0","0","243","132"
"15","0031953","35","22","16","1","629","0","0","0","0","0","0","0","0","0","205","0","0","0","0","0","0","0","0","0","0","0","78","127"
"15","0031958","35","22","16","1","793","0","0","0","0","0","0","0","0","0","196","0","0","0","0","0","0","0","0","0","0","0","71","125"
"15","0031960","35","22","16","1","1345","0","0","0","0","0","0","0","0","0","546","0","0","0","0","0","0","0","0","0","0","0","235","311"
"15","0032170","35","22","16","1","1530","0","0","0","0","0","0","0","0","0","711","0","0","0","0","0","0","0","0","0","0","0","363","347"
"15","0032214","32","20","12","1","1218","0","0","0","0","0","0","0","0","0","582","0","0","0","0","0","0","0","0","0","0","0","452","129"
"15","0032238","35","22","16","1","1280","0","0","0","0","0","0","0","0","0","470","0","0","0","0","0","0","0","0","0","0","0","216","253"
"15","0032330","32","20","12","1","1254","0","0","0","0","0","0","0","0","0","638","0","0","0","0","0","0","0","0","0","0","0","421","215"
"15","0032360","35","22","16","1","1224","0","0","0","0","0","0","0","0","0","341","0","0","0","0","0","0","0","0","0","0","0","125","216"
"15","0032370","35","22","16","1","1257","0","0","0","0","0","0","0","0","0","326","0","0","0","0","0","0","0","0","0","0","0","126","198"
"15","0032442","32","22","12","1","851","0","0","0","0","0","0","0","0","0","295","0","0","0","0","0","0","0","0","0","0","0","189","106"
"15","0032531","35","22","16","1","1147","0","0","0","0","0","0","0","0","0","271","0","0","0","0","0","0","0","0","0","0","0","87","184"
"15","0032532","35","22","16","1","762","0","0","0","0","0","0","0","0","0","195","0","0","0","0","0","0","0","0","0","0","0","65","129"
"15","0032632","35","22","16","1","575","0","0","0","0","0","0","0","0","0","141","0","0","0","0","0","0","0","0","0","0","0","41","100"
"15","0032652","32","20","12","1","1421","0","0","0","0","0","0","0","0","0","776","0","0","0","0","0","0","0","0","0","0","0","615","161"
"15","0032731","32","20","12","1","1345","0","0","0","0","0","0","0","0","0","485","0","0","0","0","0","0","0","0","0","0","0","331","154"
"15","0032751","35","22","16","1","1512","0","0","0","0","0","0","0","0","0","450","0","0","0","0","0","0","0","0","0","0","0","180","270"
"15","0032755","35","22","16","1","1284","0","0","0","0","0","0","0","0","0","436","0","0","0","0","0","0","0","0","0","0","0","174","261"
"15","0033042","32","20","12","1","1135","0","0","0","0","0","0","0","0","0","496","0","0","0","0","0","0","0","0","0","0","0","402","94"
"15","0033044","32","20","12","1","1037","0","0","0","0","0","0","0","0","0","472","0","0","0","0","0","0","0","0","0","0","0","373","99"
"15","0033161","35","22","16","1","412","0","0","0","0","0","0","0","0","0","188","0","0","0","0","0","0","0","0","0","0","0","93","95"
"15","0033221","35","22","16","1","394","0","0","0","0","0","0","0","0","0","135","0","0","0","0","0","0","0","0","0","0","0","32","103"
"15","0033222","35","22","16","1","1228","0","0","0","0","0","0","0","0","0","278","0","0","0","0","0","0","0","0","0","0","0","70","208"
"15","0033491","35","22","16","1","921","0","0","0","0","0","0","0","0","0","205","0","0","0","0","0","0","0","0","0","0","0","47","158"
"15","0033492","35","22","16","1","968","0","0","0","0","0","0","0","0","0","237","0","0","0","0","0","0","0","0","0","0","0","58","178"
"15","0033499","32","20","12","1","876","0","0","0","0","0","0","0","0","0","213","0","0","0","0","0","0","0","0","0","0","0","115","97"
"15","0035601","32","20","12","1","1343","0","0","0","0","0","0","0","0","0","615","0","0","0","0","0","0","0","0","0","0","0","407","207"
"15","0035602","32","20","12","1","1013","0","0","0","0","0","0","0","0","0","460","0","0","0","0","0","0","0","0","0","0","0","286","173"
"15","0035604","32","20","12","1","1388","0","0","0","0","0","0","0","0","0","663","0","0","0","0","0","0","0","0","0","0","0","436","227"
"15","0035624","32","20","12","1","1156","0","0","0","0","0","0","0","0","0","504","0","0","0","0","0","0","0","0","0","0","0","320","184"
"15","0035629","32","20","12","1","1139","0","0","0","0","0","0","0","0","0","471","0","0","0","0","0","0","0","0","0","0","0","297","174"
"15","0035631","32","20","12","1","726","0","0","0","0","0","0","0","0","0","280","0","0","0","0","0","0","0","0","0","0","0","164","116"
"15","0035633","32","20","12","1","1454","0","0","0","0","0","0","0","0","0","746","0","0","0","0","0","0","0","0","0","0","0","517","229"
"15","0035634","32","20","12","1","1312","0","0","0","0","0","0","0","0","0","580","0","0","0","0","0","0","0","0","0","0","0","421","157"
"15","0035646","32","20","12","1","612","0","0","0","0","0","0","0","0","0","274","0","0","0","0","0","0","0","0","0","0","0","181","93"
"15","0035652","35","22","16","1","607","0","0","0","0","0","0","0","0","0","225","0","0","0","0","0","0","0","0","0","0","0","89","136"
"15","0035658","32","20","12","1","1273","0","0","0","0","0","0","0","0","0","564","0","0","0","0","0","0","0","0","0","0","0","384","180"
"15","0035659","32","20","12","1","1162","0","0","0","0","0","0","0","0","0","535","0","0","0","0","0","0","0","0","0","0","0","366","169"
"15","0035672","32","20","12","1","866","0","0","0","0","0","0","0","0","0","399","0","0","0","0","0","0","0","0","0","0","0","283","115"
"15","0035675","32","20","12","1","776","0","0","0","0","0","0","0","0","0","413","0","0","0","0","0","0","0","0","0","0","0","262","150"
"15","0035676","35","22","16","1","1306","0","0","0","0","0","0","0","0","0","244","0","0","0","0","0","0","0","0","0","0","0","50","194"
"15","0035677","35","22","16","1","1448","0","0","0","0","0","0","0","0","0","429","0","0","0","0","0","0","0","0","0","0","0","109","318"
"15","0035678","32","20","12","1","753","0","0","0","0","0","0","0","0","0","271","0","0","0","0","0","0","0","0","0","0","0","155","115"
"15","0035683","35","22","16","1","1246","0","0","0","0","0","0","0","0","0","267","0","0","0","0","0","0","0","0","0","0","0","65","202"
"15","0035697","32","20","12","1","1092","0","0","0","0","0","0","0","0","0","423","0","0","0","0","0","0","0","0","0","0","0","237","186"
"15","0040086","32","20","12","1","1192","0","0","0","0","0","0","0","0","0","553","0","0","0","0","0","0","0","0","0","0","0","434","119"
"15","0040401","32","20","12","1","1036","0","0","0","0","0","0","0","0","0","690","0","0","0","0","0","0","0","0","0","0","0","444","245"
"15","0040402","32","20","12","1","1316","0","0","0","0","0","0","0","0","0","643","0","0","0","0","0","0","0","0","0","0","0","377","264"
"15","0040405","32","20","12","1","1192","0","0","0","0","0","0","0","0","0","621","0","0","0","0","0","0","0","0","0","0","0","391","230"
"15","0040406","32","20","12","1","1426","0","0","0","0","0","0","0","0","0","656","0","0","0","0","0","0","0","0","0","0","0","399","257"
"15","0040407","32","20","12","1","1483","0","0","0","0","0","0","0","0","0","558","0","0","0","0","0","0","0","0","0","0","0","310","247"
"15","0040409","32","20","12","1","741","0","0","0","0","0","0","0","0","0","290","0","0","0","0","0","0","0","0","0","0","0","155","135"
"15","0040411","35","22","16","1","1062","0","0","0","0","0","0","0","0","0","374","0","0","0","0","0","0","0","0","0","0","0","154","220"
"15","0040412","35","22","16","1","1037","0","0","0","0","0","0","0","0","0","393","0","0","0","0","0","0","0","0","0","0","0","132","261"
"15","0040413","32","20","12","1","1335","0","0","0","0","0","0","0","0","0","670","0","0","0","0","0","0","0","0","0","0","0","455","214"
"15","0040415","32","20","12","1","1206","0","0","0","0","0","0","0","0","0","642","0","0","0","0","0","0","0","0","0","0","0","402","239"
"15","0040418","32","20","12","1","1086","0","0","0","0","0","0","0","0","0","530","0","0","0","0","0","0","0","0","0","0","0","408","121"
"15","0040419","32","20","12","1","758","0","0","0","0","0","0","0","0","0","294","0","0","0","0","0","0","0","0","0","0","0","193","101"
"15","0040421","32","20","12","1","1563","0","0","0","0","0","0","0","0","0","698","0","0","0","0","0","0","0","0","0","0","0","387","311"
"15","0040422","35","22","16","1","1178","0","0","0","0","0","0","0","0","0","415","0","0","0","0","0","0","0","0","0","0","0","164","251"
"15","0040427","35","22","16","1","1042","0","0","0","0","0","0","0","0","0","319","0","0","0","0","0","0","0","0","0","0","0","133","186"
"15","0040430","32","20","12","1","829","0","0","0","0","0","0","0","0","0","305","0","0","0","0","0","0","0","0","0","0","0","182","123"
"15","0040432","32","20","12","1","1259","0","0","0","0","0","0","0","0","0","682","0","0","0","0","0","0","0","0","0","0","0","461","220"
"15","0040433","32","20","12","1","689","0","0","0","0","0","0","0","0","0","280","0","0","0","0","0","0","0","0","0","0","0","177","103"
"15","0040435","32","20","12","1","1444","0","0","0","0","0","0","0","0","0","731","0","0","0","0","0","0","0","0","0","0","0","486","245"
"15","0040436","32","20","12","1","802","0","0","0","0","0","0","0","0","0","413","0","0","0","0","0","0","0","0","0","0","0","318","95"
"15","0040437","32","20","12","1","854","0","0","0","0","0","0","0","0","0","424","0","0","0","0","0","0","0","0","0","0","0","302","122"
"15","0040439","32","20","12","1","1059","0","0","0","0","0","0","0","0","0","449","0","0","0","0","0","0","0","0","0","0","0","275","174"
"15","0040440","32","20","12","1","1337","0","0","0","0","0","0","0","0","0","718","0","0","0","0","0","0","0","0","0","0","0","496","220"
"15","0040441","32","20","12","1","1406","0","0","0","0","0","0","0","0","0","898","0","0","0","0","0","0","0","0","0","0","0","680","214"
"15","0040443","32","20","12","1","1135","0","0","0","0","0","0","0","0","0","507","0","0","0","0","0","0","0","0","0","0","0","278","229"
"15","0040445","35","22","16","1","1030","0","0","0","0","0","0","0","0","0","363","0","0","0","0","0","0","0","0","0","0","0","163","200"
"15","0040447","32","20","12","1","1232","0","0","0","0","0","0","0","0","0","509","0","0","0","0","0","0","0","0","0","0","0","309","199"
"15","0040449","32","20","12","1","1185","0","0","0","0","0","0","0","0","0","481","0","0","0","0","0","0","0","0","0","0","0","245","236"
"15","0040450","32","20","12","1","610","0","0","0","0","0","0","0","0","0","270","0","0","0","0","0","0","0","0","0","0","0","173","96"
"15","0040455","32","20","12","1","1178","0","0","0","0","0","0","0","0","0","507","0","0","0","0","0","0","0","0","0","0","0","358","148"
"15","0040457","32","20","12","1","1000","0","0","0","0","0","0","0","0","0","442","0","0","0","0","0","0","0","0","0","0","0","300","142"
"15","0040461","32","20","12","1","1240","0","0","0","0","0","0","0","0","0","734","0","0","0","0","0","0","0","0","0","0","0","478","255"
"15","0040462","32","20","12","1","1500","0","0","0","0","0","0","0","0","0","720","0","0","0","0","0","0","0","0","0","0","0","461","258"
"15","0040464","32","20","12","1","1262","0","0","0","0","0","0","0","0","0","558","0","0","0","0","0","0","0","0","0","0","0","335","223"
"15","0040465","32","20","12","1","834","0","0","0","0","0","0","0","0","0","325","0","0","0","0","0","0","0","0","0","0","0","208","117"
"15","0040466","32","20","12","1","1228","0","0","0","0","0","0","0","0","0","619","0","0","0","0","0","0","0","0","0","0","0","413","205"
"15","0040469","32","20","12","1","1092","0","0","0","0","0","0","0","0","0","474","0","0","0","0","0","0","0","0","0","0","0","243","229"
"15","0040470","32","20","12","1","1172","0","0","0","0","0","0","0","0","0","469","0","0","0","0","0","0","0","0","0","0","0","225","244"
"15","0040471","32","20","12","1","1194","0","0","0","0","0","0","0","0","0","416","0","0","0","0","0","0","0","0","0","0","0","221","195"
"15","0040475","32","20","12","1","1388","0","0","0","0","0","0","0","0","0","521","0","0","0","0","0","0","0","0","0","0","0","231","290"
"15","0040478","32","20","12","1","1101","0","0","0","0","0","0","0","0","0","465","0","0","0","0","0","0","0","0","0","0","0","219","245"
"15","0040479","32","20","12","1","785","0","0","0","0","0","0","0","0","0","248","0","0","0","0","0","0","0","0","0","0","0","102","146"
"15","0040489","32","20","12","1","1116","0","0","0","0","0","0","0","0","0","601","0","0","0","0","0","0","0","0","0","0","0","397","204"
"15","0040495","32","20","12","1","1475","0","0","0","0","0","0","0","0","0","730","0","0","0","0","0","0","0","0","0","0","0","438","291"
"15","0040498","32","20","12","1","914","0","0","0","0","0","0","0","0","0","442","0","0","0","0","0","0","0","0","0","0","0","236","206"
"15","0041240","35","22","12","1","540","0","0","0","0","0","0","0","0","0","181","0","0","0","0","0","0","0","0","0","0","0","91","89"
"15","0041481","35","22","16","1","1099","0","0","0","0","0","0","0","0","0","425","0","0","0","0","0","0","0","0","0","0","0","251","173"
"15","0041529","32","20","12","1","1198","0","0","0","0","0","0","0","0","0","630","0","0","0","0","0","0","0","0","0","0","0","500","129"
"15","0041720","32","20","12","1","605","0","0","0","0","0","0","0","0","0","304","0","0","0","0","0","0","0","0","0","0","0","253","51"
"15","0041779","32","20","12","1","1263","0","0","0","0","0","0","0","0","0","455","0","0","0","0","0","0","0","0","0","0","0","349","103"
"15","0041790","32","20","12","1","768","0","0","0","0","0","0","0","0","0","268","0","0","0","0","0","0","0","0","0","0","0","191","77"
"15","0041816","32","20","12","1","582","0","0","0","0","0","0","0","0","0","155","0","0","0","0","0","0","0","0","0","0","0","98","56"
"15","0041820","32","20","12","1","945","0","0","0","0","0","0","0","0","0","427","0","0","0","0","0","0","0","0","0","0","0","257","168"
"15","0041821","32","20","12","1","1187","0","0","0","0","0","0","0","0","0","628","0","0","0","0","0","0","0","0","0","0","0","401","227"
"15","0041853","35","22","12","1","715","0","0","0","0","0","0","0","0","0","233","0","0","0","0","0","0","0","0","0","0","0","130","103"
"15","0041913","32","20","12","1","823","0","0","0","0","0","0","0","0","0","430","0","0","0","0","0","0","0","0","0","0","0","331","99"
"15","0041960","32","20","12","1","892","0","0","0","0","0","0","0","0","0","485","0","0","0","0","0","0","0","0","0","0","0","366","118"
"15","0042260","35","22","16","1","470","0","0","0","0","0","0","0","0","0","119","0","0","0","0","0","0","0","0","0","0","0","17","102"
"15","0042390","32","20","12","1","483","0","0","0","0","0","0","0","0","0","229","0","0","0","0","0","0","0","0","0","0","0","181","46"
"15","0042637","32","20","12","1","855","0","0","0","0","0","0","0","0","0","370","0","0","0","0","0","0","0","0","0","0","0","303","67"
"15","0042842","32","20","12","1","1050","0","0","0","0","0","0","0","0","0","658","0","0","0","0","0","0","0","0","0","0","0","306","352"
"15","0042845","32","20","12","1","1251","0","0","0","0","0","0","0","0","0","734","0","0","0","0","0","0","0","0","0","0","0","455","279"
"15","0043040","32","20","12","1","1219","0","0","0","0","0","0","0","0","0","715","0","0","0","0","0","0","0","0","0","0","0","598","117"
"15","0043043","32","20","12","1","1154","0","0","0","0","0","0","0","0","0","680","0","0","0","0","0","0","0","0","0","0","0","555","125"
"15","0043050","32","20","12","1","1240","0","0","0","0","0","0","0","0","0","639","0","0","0","0","0","0","0","0","0","0","0","481","158"
"15","0043052","32","20","12","1","782","0","0","0","0","0","0","0","0","0","460","0","0","0","0","0","0","0","0","0","0","0","383","72"
"15","0043053","32","20","12","1","1234","0","0","0","0","0","0","0","0","0","737","0","0","0","0","0","0","0","0","0","0","0","567","168"
"15","0043055","32","20","12","1","691","0","0","0","0","0","0","0","0","0","391","0","0","0","0","0","0","0","0","0","0","0","331","60"
"15","0043057","32","20","12","1","1050","0","0","0","0","0","0","0","0","0","554","0","0","0","0","0","0","0","0","0","0","0","461","93"
"15","0043061","32","20","12","1","963","0","0","0","0","0","0","0","0","0","566","0","0","0","0","0","0","0","0","0","0","0","483","83"
"15","0043290","32","20","12","1","495","0","0","0","0","0","0","0","0","0","323","0","0","0","0","0","0","0","0","0","0","0","284","39"
"15","0043310","32","20","12","1","815","0","0","0","0","0","0","0","0","0","313","0","0","0","0","0","0","0","0","0","0","0","254","59"
"15","0043320","32","20","12","1","845","0","0","0","0","0","0","0","0","0","385","0","0","0","0","0","0","0","0","0","0","0","319","64"
"15","0043332","32","20","12","1","762","0","0","0","0","0","0","0","0","0","318","0","0","0","0","0","0","0","0","0","0","0","257","60"
"15","0043340","32","20","12","1","1091","0","0","0","0","0","0","0","0","0","445","0","0","0","0","0","0","0","0","0","0","0","355","90"
"15","0043360","32","20","12","1","778","0","0","0","0","0","0","0","0","0","300","0","0","0","0","0","0","0","0","0","0","0","214","85"
"15","0043510","35","22","16","1","1444","0","0","0","0","0","0","0","0","0","382","0","0","0","0","0","0","0","0","0","0","0","157","225"
"15","0043520","35","22","16","1","1446","0","0","0","0","0","0","0","0","0","375","0","0","0","0","0","0","0","0","0","0","0","128","245"
"15","0043557","35","22","16","1","887","0","0","0","0","0","0","0","0","0","239","0","0","0","0","0","0","0","0","0","0","0","63","176"
"15","0043563","35","22","16","1","973","0","0","0","0","0","0","0","0","0","286","0","0","0","0","0","0","0","0","0","0","0","97","187"
"15","0043569","35","22","16","1","838","0","0","0","0","0","0","0","0","0","296","0","0","0","0","0","0","0","0","0","0","0","121","174"
"15","0043576","35","22","16","1","1496","0","0","0","0","0","0","0","0","0","470","0","0","0","0","0","0","0","0","0","0","0","163","307"
"15","0044105","32","20","12","1","1139","0","0","0","0","0","0","0","0","0","428","0","0","0","0","0","0","0","0","0","0","0","188","240"
"15","0044106","32","20","12","1","1319","0","0","0","0","0","0","0","0","0","563","0","0","0","0","0","0","0","0","0","0","0","275","288"
"15","0044107","32","20","12","1","713","0","0","0","0","0","0","0","0","0","316","0","0","0","0","0","0","0","0","0","0","0","213","103"
"15","0044108","32","20","12","1","964","0","0","0","0","0","0","0","0","0","443","0","0","0","0","0","0","0","0","0","0","0","219","224"
"15","0044111","32","20","12","1","1065","0","0","0","0","0","0","0","0","0","608","0","0","0","0","0","0","0","0","0","0","0","353","253"
"15","0044113","32","20","12","1","802","0","0","0","0","0","0","0","0","0","341","0","0","0","0","0","0","0","0","0","0","0","179","160"
"15","0044115","32","20","12","1","686","0","0","0","0","0","0","0","0","0","259","0","0","0","0","0","0","0","0","0","0","0","124","135"
"15","0044117","32","20","12","1","978","0","0","0","0","0","0","0","0","0","324","0","0","0","0","0","0","0","0","0","0","0","157","167"
"15","0044128","32","20","12","1","814","0","0","0","0","0","0","0","0","0","299","0","0","0","0","0","0","0","0","0","0","0","111","188"
"15","0044129","32","20","12","1","828","0","0","0","0","0","0","0","0","0","280","0","0","0","0","0","0","0","0","0","0","0","98","182"
"15","0044132","32","20","12","1","855","0","0","0","0","0","0","0","0","0","619","0","0","0","0","0","0","0","0","0","0","0","486","132"
"15","0044135","32","20","12","1","660","0","0","0","0","0","0","0","0","0","296","0","0","0","0","0","0","0","0","0","0","0","181","114"
"15","0044142","32","20","12","1","624","0","0","0","0","0","0","0","0","0","222","0","0","0","0","0","0","0","0","0","0","0","101","121"
"15","0044147","32","20","12","1","636","0","0","0","0","0","0","0","0","0","282","0","0","0","0","0","0","0","0","0","0","0","134","148"
"15","0050020","35","22","16","1","1459","0","0","0","0","0","0","0","0","0","366","0","0","0","0","0","0","0","0","0","0","0","124","240"
"15","0050180","35","22","16","1","1192","0","0","0","0","0","0","0","0","0","318","0","0","0","0","0","0","0","0","0","0","0","59","258"
"15","0050185","35","22","16","1","1157","0","0","0","0","0","0","0","0","0","294","0","0","0","0","0","0","0","0","0","0","0","69","225"
"15","0050186","35","22","16","1","1182","0","0","0","0","0","0","0","0","0","326","0","0","0","0","0","0","0","0","0","0","0","81","245"
"15","0050187","35","22","16","1","1162","0","0","0","0","0","0","0","0","0","316","0","0","0","0","0","0","0","0","0","0","0","54","262"
"15","0050188","35","22","16","1","1094","0","0","0","0","0","0","0","0","0","290","0","0","0","0","0","0","0","0","0","0","0","46","244"
"15","0050190","35","22","16","1","708","0","0","0","0","0","0","0","0","0","174","0","0","0","0","0","0","0","0","0","0","0","50","124"
"15","0050502","35","22","16","1","1079","0","0","0","0","0","0","0","0","0","257","0","0","0","0","0","0","0","0","0","0","0","50","207"
"15","0050505","35","22","16","1","670","0","0","0","0","0","0","0","0","0","220","0","0","0","0","0","0","0","0","0","0","0","86","134"
"15","0050507","35","22","16","1","1112","0","0","0","0","0","0","0","0","0","231","0","0","0","0","0","0","0","0","0","0","0","58","172"
"15","0050509","35","22","16","1","1120","0","0","0","0","0","0","0","0","0","249","0","0","0","0","0","0","0","0","0","0","0","30","219"
"15","0050511","35","22","16","1","1032","0","0","0","0","0","0","0","0","0","174","0","0","0","0","0","0","0","0","0","0","0","29","145"
"15","0050512","35","22","16","1","778","0","0","0","0","0","0","0","0","0","194","0","0","0","0","0","0","0","0","0","0","0","43","151"
"15","0050514","35","22","16","1","1422","0","0","0","0","0","0","0","0","0","381","0","0","0","0","0","0","0","0","0","0","0","90","290"
"15","0050517","32","20","12","1","1147","0","0","0","0","0","0","0","0","0","569","0","0","0","0","0","0","0","0","0","0","0","290","279"
"15","0050518","35","22","16","1","1354","0","0","0","0","0","0","0","0","0","375","0","0","0","0","0","0","0","0","0","0","0","88","287"
"15","0050520","32","20","12","1","988","0","0","0","0","0","0","0","0","0","545","0","0","0","0","0","0","0","0","0","0","0","291","254"
"15","0050523","32","22","12","1","890","0","0","0","0","0","0","0","0","0","327","0","0","0","0","0","0","0","0","0","0","0","90","237"
"15","0050524","35","22","16","1","1209","0","0","0","0","0","0","0","0","0","369","0","0","0","0","0","0","0","0","0","0","0","71","297"
"15","0050525","35","22","16","1","992","0","0","0","0","0","0","0","0","0","257","0","0","0","0","0","0","0","0","0","0","0","68","189"
"15","0050532","35","22","16","1","697","0","0","0","0","0","0","0","0","0","158","0","0","0","0","0","0","0","0","0","0","0","34","124"
"15","0050536","35","22","16","1","1005","0","0","0","0","0","0","0","0","0","330","0","0","0","0","0","0","0","0","0","0","0","126","204"
"15","0050538","35","22","16","1","1439","0","0","0","0","0","0","0","0","0","371","0","0","0","0","0","0","0","0","0","0","0","82","289"
"15","0050541","35","22","16","1","796","0","0","0","0","0","0","0","0","0","239","0","0","0","0","0","0","0","0","0","0","0","53","186"
"15","0050542","35","22","16","1","1089","0","0","0","0","0","0","0","0","0","329","0","0","0","0","0","0","0","0","0","0","0","86","243"
"15","0050544","35","22","16","1","1648","0","0","0","0","0","0","0","0","0","480","0","0","0","0","0","0","0","0","0","0","0","113","367"
"15","0050548","35","22","16","1","576","0","0","0","0","0","0","0","0","0","170","0","0","0","0","0","0","0","0","0","0","0","47","123"
"15","0050551","35","22","16","1","1136","0","0","0","0","0","0","0","0","0","310","0","0","0","0","0","0","0","0","0","0","0","95","215"
"15","0050561","35","22","16","1","969","0","0","0","0","0","0","0","0","0","315","0","0","0","0","0","0","0","0","0","0","0","81","233"
"15","0050576","35","22","16","1","661","0","0","0","0","0","0","0","0","0","193","0","0","0","0","0","0","0","0","0","0","0","57","136"
"15","0050579","35","22","16","1","721","0","0","0","0","0","0","0","0","0","168","0","0","0","0","0","0","0","0","0","0","0","28","140"
"15","0050709","35","22","16","1","1017","0","0","0","0","0","0","0","0","0","297","0","0","0","0","0","0","0","0","0","0","0","83","214"
"15","0050731","35","22","16","1","1001","0","0","0","0","0","0","0","0","0","272","0","0","0","0","0","0","0","0","0","0","0","81","190"
"15","0050739","35","22","16","1","582","0","0","0","0","0","0","0","0","0","178","0","0","0","0","0","0","0","0","0","0","0","57","121"
"15","0050741","35","22","16","1","961","0","0","0","0","0","0","0","0","0","294","0","0","0","0","0","0","0","0","0","0","0","107","187"
"15","0050750","35","22","16","1","811","0","0","0","0","0","0","0","0","0","277","0","0","0","0","0","0","0","0","0","0","0","104","171"
"15","0050751","35","22","16","1","515","0","0","0","0","0","0","0","0","0","143","0","0","0","0","0","0","0","0","0","0","0","53","89"
"15","0050752","35","22","16","1","964","0","0","0","0","0","0","0","0","0","383","0","0","0","0","0","0","0","0","0","0","0","165","217"
"15","0050765","35","22","16","1","1188","0","0","0","0","0","0","0","0","0","501","0","0","0","0","0","0","0","0","0","0","0","214","287"
"15","0050779","35","22","16","1","644","0","0","0","0","0","0","0","0","0","196","0","0","0","0","0","0","0","0","0","0","0","55","141"
"15","0051180","35","22","16","1","1240","0","0","0","0","0","0","0","0","0","242","0","0","0","0","0","0","0","0","0","0","0","70","172"
"15","0051226","35","22","16","1","545","0","0","0","0","0","0","0","0","0","151","0","0","0","0","0","0","0","0","0","0","0","74","77"
"15","0051227","35","22","16","1","1260","0","0","0","0","0","0","0","0","0","497","0","0","0","0","0","0","0","0","0","0","0","300","197"
"15","0051298","35","22","16","1","312","0","0","0","0","0","0","0","0","0","92","0","0","0","0","0","0","0","0","0","0","0","37","55"
"15","0051331","35","22","16","1","833","0","0","0","0","0","0","0","0","0","270","0","0","0","0","0","0","0","0","0","0","0","95","174"
"15","0051332","35","22","16","1","855","0","0","0","0","0","0","0","0","0","275","0","0","0","0","0","0","0","0","0","0","0","105","170"
"15","0051334","35","22","16","1","826","0","0","0","0","0","0","0","0","0","280","0","0","0","0","0","0","0","0","0","0","0","117","163"
"15","0051690","35","22","16","1","1458","0","0","0","0","0","0","0","0","0","343","0","0","0","0","0","0","0","0","0","0","0","68","274"
"15","0051727","35","22","16","1","662","0","0","0","0","0","0","0","0","0","192","0","0","0","0","0","0","0","0","0","0","0","101","91"
"15","0051728","35","22","16","1","629","0","0","0","0","0","0","0","0","0","211","0","0","0","0","0","0","0","0","0","0","0","89","121"
"15","0052034","35","22","16","1","878","0","0","0","0","0","0","0","0","0","216","0","0","0","0","0","0","0","0","0","0","0","41","174"
"15","0052070","35","22","16","1","1125","0","0","0","0","0","0","0","0","0","227","0","0","0","0","0","0","0","0","0","0","0","51","176"
"15","0052080","35","22","16","1","919","0","0","0","0","0","0","0","0","0","220","0","0","0","0","0","0","0","0","0","0","0","50","170"
"15","0052110","35","22","16","1","1080","0","0","0","0","0","0","0","0","0","268","0","0","0","0","0","0","0","0","0","0","0","53","215"
"15","0052180","35","22","16","1","836","0","0","0","0","0","0","0","0","0","253","0","0","0","0","0","0","0","0","0","0","0","55","198"
"15","0052182","35","22","16","1","1216","0","0","0","0","0","0","0","0","0","351","0","0","0","0","0","0","0","0","0","0","0","81","270"
"15","0052183","35","22","16","1","1386","0","0","0","0","0","0","0","0","0","342","0","0","0","0","0","0","0","0","0","0","0","74","268"
"15","0052185","35","22","16","1","646","0","0","0","0","0","0","0","0","0","208","0","0","0","0","0","0","0","0","0","0","0","49","159"
"15","0052400","35","22","16","1","1304","0","0","0","0","0","0","0","0","0","307","0","0","0","0","0","0","0","0","0","0","0","73","234"
"15","0053472","35","22","16","1","802","0","0","0","0","0","0","0","0","0","183","0","0","0","0","0","0","0","0","0","0","0","53","130"
"15","7010010","34","20","12","1","2","0","0","0","0","0","0","0","0","0","2","0","0","0","0","0","0","0","0","0","0","0","***","***"
"15","7010012","32","20","12","1","28","0","0","0","0","0","0","0","0","0","15","0","0","0","0","0","0","0","0","0","0","0","13","2"
"15","7010015","32","20","12","1","87","0","0","0","0","0","0","0","0","0","46","0","0","0","0","0","0","0","0","0","0","0","29","17"
"15","7010050","32","20","12","1","36","0","0","0","0","0","0","0","0","0","18","0","0","0","0","0","0","0","0","0","0","0","13","5"
"15","7010080","32","20","12","1","161","0","0","0","0","0","0","0","0","0","89","0","0","0","0","0","0","0","0","0","0","0","63","26"
"15","7010084","32","20","12","1","0","0","0","0","0","0","0","0","0","0","0","0","0","0","0","0","0","0","0","0","0","0","0","0"
"15","7010085","32","22","12","1","0","0","0","0","0","0","0","0","0","0","0","0","0","0","0","0","0","0","0","0","0","0","0","0"
"15","7010087","32","20","12","1","6","0","0","0","0","0","0","0","0","0","1","0","0","0","0","0","0","0","0","0","0","0","***","***"
"15","7010089","35","22","16","1","30","0","0","0","0","0","0","0","0","0","19","0","0","0","0","0","0","0","0","0","0","0","11","8"
"15","7010091","35","22","16","1","51","0","0","0","0","0","0","0","0","0","23","0","0","0","0","0","0","0","0","0","0","0","19","4"
"15","7010225","35","22","16","1","0","0","0","0","0","0","0","0","0","0","0","0","0","0","0","0","0","0","0","0","0","0","0","0"
"15","7011134","32","22","12","1","132","0","0","0","0","0","0","0","0","0","76","0","0","0","0","0","0","0","0","0","0","0","63","13"
"15","7011135","32","20","12","1","2","0","0","0","0","0","0","0","0","0","1","0","0","0","0","0","0","0","0","0","0","0","***","***"
"15","7011136","32","20","12","1","0","0","0","0","0","0","0","0","0","0","0","0","0","0","0","0","0","0","0","0","0","0","0","0"
"15","7011154","35","22","16","1","5","0","0","0","0","0","0","0","0","0","0","0","0","0","0","0","0","0","0","0","0","0","0","0"
"15","7011156","35","22","16","1","75","0","0","0","0","0","0","0","0","0","33","0","0","0","0","0","0","0","0","0","0","0","11","22"
"15","7011171","35","22","16","1","63","0","0","0","0","0","0","0","0","0","29","0","0","0","0","0","0","0","0","0","0","0","9","20"
"15","7011172","35","22","16","1","105","0","0","0","0","0","0","0","0","0","27","0","0","0","0","0","0","0","0","0","0","0","13","14"
"15","7011195","32","20","12","1","181","0","0","0","0","0","0","0","0","0","100","0","0","0","0","0","0","0","0","0","0","0","88","12"
"15","7011196","35","22","12","1","12","0","0","0","0","0","0","0","0","0","0","0","0","0","0","0","0","0","0","0","0","0","0","0"
"15","7011200","35","22","16","1","25","0","0","0","0","0","0","0","0","0","13","0","0","0","0","0","0","0","0","0","0","0","7","6"
"15","7011202","35","22","16","1","0","0","0","0","0","0","0","0","0","0","0","0","0","0","0","0","0","0","0","0","0","0","0","0"
"15","7011209","35","22","16","1","61","0","0","0","0","0","0","0","0","0","12","0","0","0","0","0","0","0","0","0","0","0","7","5"
"15","7011290","35","22","16","1","116","0","0","0","0","0","0","0","0","0","45","0","0","0","0","0","0","0","0","0","0","0","31","14"
"15","7011382","32","22","12","1","0","0","0","0","0","0","0","0","0","0","0","0","0","0","0","0","0","0","0","0","0","0","0","0"
"15","7011391","32","20","12","1","14","0","0","0","0","0","0","0","0","0","9","0","0","0","0","0","0","0","0","0","0","0","***","***"
"15","7011462","32","22","12","1","151","0","0","0","0","0","0","0","0","0","93","0","0","0","0","0","0","0","0","0","0","0","78","15"
"15","7011539","35","22","16","1","89","0","0","0","0","0","0","0","0","0","18","0","0","0","0","0","0","0","0","0","0","0","10","8"
"15","7011541","35","22","16","1","4","0","0","0","0","0","0","0","0","0","2","0","0","0","0","0","0","0","0","0","0","0","***","***"
"15","7011632","35","22","16","1","75","0","0","0","0","0","0","0","0","0","32","0","0","0","0","0","0","0","0","0","0","0","9","23"
"15","7011683","35","22","16","1","8","0","0","0","0","0","0","0","0","0","3","0","0","0","0","0","0","0","0","0","0","0","***","***"
"15","7011684","35","22","16","1","20","0","0","0","0","0","0","0","0","0","8","0","0","0","0","0","0","0","0","0","0","0","***","***"
"15","7011690","32","20","12","1","269","0","0","0","0","0","0","0","0","0","158","0","0","0","0","0","0","0","0","0","0","0","96","61"
"15","7011701","32","22","12","1","0","0","0","0","0","0","0","0","0","0","0","0","0","0","0","0","0","0","0","0","0","0","0","0"
"15","7011702","35","22","12","1","31","0","0","0","0","0","0","0","0","0","24","0","0","0","0","0","0","0","0","0","0","0","23","1"
"15","7011703","35","22","16","1","83","0","0","0","0","0","0","0","0","0","52","0","0","0","0","0","0","0","0","0","0","0","49","3"
"15","7011704","32","22","12","1","0","0","0","0","0","0","0","0","0","0","0","0","0","0","0","0","0","0","0","0","0","0","0","0"
"15","7011706","35","22","12","1","1","0","0","0","0","0","0","0","0","0","0","0","0","0","0","0","0","0","0","0","0","0","0","0"
"15","7011723","32","20","12","1","26","0","0","0","0","0","0","0","0","0","9","0","0","0","0","0","0","0","0","0","0","0","***","***"
"15","7011753","35","22","16","1","0","0","0","0","0","0","0","0","0","0","0","0","0","0","0","0","0","0","0","0","0","0","0","0"
"15","7011756","35","22","16","1","56","0","0","0","0","0","0","0","0","0","36","0","0","0","0","0","0","0","0","0","0","0","35","1"
"15","7011814","32","20","12","1","455","0","0","0","0","0","0","0","0","0","316","0","0","0","0","0","0","0","0","0","0","0","278","38"
"15","7011838","35","22","16","1","107","0","0","0","0","0","0","0","0","0","27","0","0","0","0","0","0","0","0","0","0","0","7","20"
"15","7011853","32","22","12","1","292","0","0","0","0","0","0","0","0","0","145","0","0","0","0","0","0","0","0","0","0","0","116","29"
"15","7011854","35","22","16","1","6","0","0","0","0","0","0","0","0","0","4","0","0","0","0","0","0","0","0","0","0","0","***","***"
"15","7011865","32","22","12","1","0","0","0","0","0","0","0","0","0","0","0","0","0","0","0","0","0","0","0","0","0","0","0","0"
"15","7011870","34","20","12","1","0","0","0","0","0","0","0","0","0","0","0","0","0","0","0","0","0","0","0","0","0","0","0","0"
"15","7011872","34","23","12","1","0","0","0","0","0","0","0","0","0","0","0","0","0","0","0","0","0","0","0","0","0","0","0","0"
"15","7011873","34","23","12","1","0","0","0","0","0","0","0","0","0","0","0","0","0","0","0","0","0","0","0","0","0","0","0","0"
"15","7011916","32","20","12","1","263","0","0","0","0","0","0","0","0","0","175","0","0","0","0","0","0","0","0","0","0","0","159","16"
"15","7011937","32","20","12","1","1","0","0","0","0","0","0","0","0","0","1","0","0","0","0","0","0","0","0","0","0","0","***","***"
"15","7011938","35","22","16","1","14","0","0","0","0","0","0","0","0","0","9","0","0","0","0","0","0","0","0","0","0","0","***","***"
"15","7011943","32","20","12","1","66","0","0","0","0","0","0","0","0","0","43","0","0","0","0","0","0","0","0","0","0","0","39","4"
"15","7011983","35","22","12","1","51","0","0","0","0","0","0","0","0","0","26","0","0","0","0","0","0","0","0","0","0","0","26","0"
"15","7011984","35","22","16","1","12","0","0","0","0","0","0","0","0","0","6","0","0","0","0","0","0","0","0","0","0","0","***","***"
"15","7011987","35","22","12","1","0","0","0","0","0","0","0","0","0","0","0","0","0","0","0","0","0","0","0","0","0","0","0","0"
"15","7011992","32","20","12","1","2","0","0","0","0","0","0","0","0","0","0","0","0","0","0","0","0","0","0","0","0","0","0","0"
"15","7012001","32","20","12","1","8","0","0","0","0","0","0","0","0","0","4","0","0","0","0","0","0","0","0","0","0","0","***","***"
"15","7012010","35","22","16","1","45","0","0","0","0","0","0","0","0","0","34","0","0","0","0","0","0","0","0","0","0","0","32","2"
"15","7012014","35","22","12","1","0","0","0","0","0","0","0","0","0","0","0","0","0","0","0","0","0","0","0","0","0","0","0","0"
"15","7012015","35","20","12","1","0","0","0","0","0","0","0","0","0","0","0","0","0","0","0","0","0","0","0","0","0","0","0","0"
"15","7012042","34","23","12","1","55","0","0","0","0","0","0","0","0","0","20","0","0","0","0","0","0","0","0","0","0","0","13","7"
"15","7012043","34","23","12","1","0","0","0","0","0","0","0","0","0","0","0","0","0","0","0","0","0","0","0","0","0","0","0","0"
"15","7012049","35","22","16","1","65","0","0","0","0","0","0","0","0","0","26","0","0","0","0","0","0","0","0","0","0","0","20","6"
"15","7012057","35","22","16","1","15","0","0","0","0","0","0","0","0","0","8","0","0","0","0","0","0","0","0","0","0","0","***","***"
"15","7012059","35","22","16","1","3","0","0","0","0","0","0","0","0","0","3","0","0","0","0","0","0","0","0","0","0","0","***","***"
"15","7012162","32","22","12","1","19","0","0","0","0","0","0","0","0","0","8","0","0","0","0","0","0","0","0","0","0","0","***","***"
"15","7012164","32","20","12","1","76","0","0","0","0","0","0","0","0","0","43","0","0","0","0","0","0","0","0","0","0","0","31","12"
"15","7012167","35","22","16","1","14","0","0","0","0","0","0","0","0","0","11","0","0","0","0","0","0","0","0","0","0","0","11","0"
"15","7012169","35","22","16","1","59","0","0","0","0","0","0","0","0","0","30","0","0","0","0","0","0","0","0","0","0","0","28","2"
"15","7012233","35","22","12","1","6","0","0","0","0","0","0","0","0","0","4","0","0","0","0","0","0","0","0","0","0","0","***","***"
"15","7012277","35","22","16","1","100","0","0","0","0","0","0","0","0","0","52","0","0","0","0","0","0","0","0","0","0","0","49","3"
"15","7012382","32","22","12","1","122","0","0","0","0","0","0","0","0","0","90","0","0","0","0","0","0","0","0","0","0","0","78","12"
"15","7012385","35","22","16","1","5","0","0","0","0","0","0","0","0","0","2","0","0","0","0","0","0","0","0","0","0","0","***","***"
"15","7012395","32","20","12","1","0","0","0","0","0","0","0","0","0","0","0","0","0","0","0","0","0","0","0","0","0","0","0","0"
"15","7012414","35","22","16","1","8","0","0","0","0","0","0","0","0","0","1","0","0","0","0","0","0","0","0","0","0","0","***","***"
"15","7012425","34","20","12","1","0","0","0","0","0","0","0","0","0","0","0","0","0","0","0","0","0","0","0","0","0","0","0","0"
"15","7012590","35","22","16","1","128","0","0","0","0","0","0","0","0","0","29","0","0","0","0","0","0","0","0","0","0","0","10","19"
"15","7012594","35","22","16","1","0","0","0","0","0","0","0","0","0","0","0","0","0","0","0","0","0","0","0","0","0","0","0","0"
"15","7012601","35","22","16","1","0","0","0","0","0","0","0","0","0","0","0","0","0","0","0","0","0","0","0","0","0","0","0","0"
"15","7012604","35","22","16","1","0","0","0","0","0","0","0","0","0","0","0","0","0","0","0","0","0","0","0","0","0","0","0","0"
"15","7012605","35","22","16","1","108","0","0","0","0","0","0","0","0","0","30","0","0","0","0","0","0","0","0","0","0","0","4","26"
"15","7012606","35","22","16","1","97","0","0","0","0","0","0","0","0","0","20","0","0","0","0","0","0","0","0","0","0","0","6","14"
"15","7012607","35","22","16","1","26","0","0","0","0","0","0","0","0","0","10","0","0","0","0","0","0","0","0","0","0","0","1","9"
"15","7012631","35","22","16","1","21","0","0","0","0","0","0","0","0","0","14","0","0","0","0","0","0","0","0","0","0","0","13","1"
"15","7012670","32","20","12","1","205","0","0","0","0","0","0","0","0","0","100","0","0","0","0","0","0","0","0","0","0","0","67","33"
"15","7012710","32","22","12","1","0","0","0","0","0","0","0","0","0","0","0","0","0","0","0","0","0","0","0","0","0","0","0","0"
"15","7012721","32","20","12","1","140","0","0","0","0","0","0","0","0","0","59","0","0","0","0","0","0","0","0","0","0","0","41","18"
"15","7012723","35","22","16","1","30","0","0","0","0","0","0","0","0","0","14","0","0","0","0","0","0","0","0","0","0","0","14","0"
"15","7012725","32","20","12","1","137","0","0","0","0","0","0","0","0","0","68","0","0","0","0","0","0","0","0","0","0","0","62","6"
"15","7012742","32","20","12","1","0","0","0","0","0","0","0","0","0","0","0","0","0","0","0","0","0","0","0","0","0","0","0","0"
"15","7012757","32","20","12","1","44","0","0","0","0","0","0","0","0","0","21","0","0","0","0","0","0","0","0","0","0","0","19","2"
"15","7012831","32","22","12","1","6","0","0","0","0","0","0","0","0","0","2","0","0","0","0","0","0","0","0","0","0","0","***","***"
"15","7012842","32","20","12","1","0","0","0","0","0","0","0","0","0","0","0","0","0","0","0","0","0","0","0","0","0","0","0","0"
"15","7012843","35","20","16","1","3","0","0","0","0","0","0","0","0","0","0","0","0","0","0","0","0","0","0","0","0","0","0","0"
"15","7012844","35","22","12","1","50","0","0","0","0","0","0","0","0","0","24","0","0","0","0","0","0","0","0","0","0","0","21","3"
"15","7012856","34","20","12","1","0","0","0","0","0","0","0","0","0","0","0","0","0","0","0","0","0","0","0","0","0","0","0","0"
"15","7012880","34","23","12","1","111","0","0","0","0","0","0","0","0","0","75","0","0","0","0","0","0","0","0","0","0","0","55","20"
"15","7012882","34","23","12","1","0","0","0","0","0","0","0","0","0","0","0","0","0","0","0","0","0","0","0","0","0","0","0","0"
"15","7013047","32","22","12","1","0","0","0","0","0","0","0","0","0","0","0","0","0","0","0","0","0","0","0","0","0","0","0","0"
"15","7013063","35","22","12","1","0","0","0","0","0","0","0","0","0","0","0","0","0","0","0","0","0","0","0","0","0","0","0","0"
"15","7013068","35","22","12","1","0","0","0","0","0","0","0","0","0","0","0","0","0","0","0","0","0","0","0","0","0","0","0","0"
"15","7013074","32","20","12","1","10","0","0","0","0","0","0","0","0","0","7","0","0","0","0","0","0","0","0","0","0","0","***","***"
"15","7013075","32","20","12","1","46","0","0","0","0","0","0","0","0","0","24","0","0","0","0","0","0","0","0","0","0","0","16","8"
"15","7013101","35","22","12","1","1","0","0","0","0","0","0","0","0","0","0","0","0","0","0","0","0","0","0","0","0","0","0","0"
"15","7013102","35","22","12","1","21","0","0","0","0","0","0","0","0","0","15","0","0","0","0","0","0","0","0","0","0","0","13","2"
"15","7013104","35","22","12","1","0","0","0","0","0","0","0","0","0","0","0","0","0","0","0","0","0","0","0","0","0","0","0","0"
"15","7013105","35","22","12","1","34","0","0","0","0","0","0","0","0","0","14","0","0","0","0","0","0","0","0","0","0","0","8","6"
"15","7013108","35","22","16","1","0","0","0","0","0","0","0","0","0","0","1","0","0","0","0","0","0","0","0","0","0","0","***","***"
"15","7013114","35","22","12","1","424","0","0","0","0","0","0","0","0","0","127","0","0","0","0","0","0","0","0","0","0","0","68","59"
"15","7013117","35","22","12","1","0","0","0","0","0","0","0","0","0","0","0","0","0","0","0","0","0","0","0","0","0","0","0","0"
"15","7013118","35","22","16","1","3","0","0","0","0","0","0","0","0","0","3","0","0","0","0","0","0","0","0","0","0","0","***","***"
"15","7013182","35","22","12","1","67","0","0","0","0","0","0","0","0","0","50","0","0","0","0","0","0","0","0","0","0","0","47","3"
"15","7013183","35","22","12","1","12","0","0","0","0","0","0","0","0","0","3","0","0","0","0","0","0","0","0","0","0","0","***","***"
"15","7013184","35","22","12","1","0","0","0","0","0","0","0","0","0","0","0","0","0","0","0","0","0","0","0","0","0","0","0","0"
"15","7013370","35","22","16","1","0","0","0","0","0","0","0","0","0","0","0","0","0","0","0","0","0","0","0","0","0","0","0","0"
"15","7013445","35","20","12","1","1","0","0","0","0","0","0","0","0","0","0","0","0","0","0","0","0","0","0","0","0","0","0","0"
"15","7013502","32","20","12","1","0","0","0","0","0","0","0","0","0","0","0","0","0","0","0","0","0","0","0","0","0","0","0","0"
"15","7013569","35","22","16","1","0","0","0","0","0","0","0","0","0","0","0","0","0","0","0","0","0","0","0","0","0","0","0","0"
"15","7013602","35","22","16","1","6","0","0","0","0","0","0","0","0","0","0","0","0","0","0","0","0","0","0","0","0","0","0","0"
"15","7013666","35","22","16","1","0","0","0","0","0","0","0","0","0","0","0","0","0","0","0","0","0","0","0","0","0","0","0","0"
"15","7013705","35","22","16","1","1","0","0","0","0","0","0","0","0","0","1","0","0","0","0","0","0","0","0","0","0","0","***","***"
"15","7013709","35","22","16","1","0","0","0","0","0","0","0","0","0","0","0","0","0","0","0","0","0","0","0","0","0","0","0","0"
"15","7015131","32","20","12","1","0","0","0","0","0","0","0","0","0","0","0","0","0","0","0","0","0","0","0","0","0","0","0","0"
"15","7015141","32","22","12","1","0","0","0","0","0","0","0","0","0","0","0","0","0","0","0","0","0","0","0","0","0","0","0","0"
"15","7020012","32","20","12","1","7","0","0","0","0","0","0","0","0","0","4","0","0","0","0","0","0","0","0","0","0","0","***","***"
"15","7020014","34","23","12","1","0","0","0","0","0","0","0","0","0","0","0","0","0","0","0","0","0","0","0","0","0","0","0","0"
"15","7020036","34","23","12","1","0","0","0","0","0","0","0","0","0","0","0","0","0","0","0","0","0","0","0","0","0","0","0","0"
"15","7020122","34","23","12","1","0","0","0","0","0","0","0","0","0","0","0","0","0","0","0","0","0","0","0","0","0","0","0","0"
"15","7020127","34","20","12","1","132","0","0","0","0","0","0","0","0","0","31","0","0","0","0","0","0","0","0","0","0","0","11","20"
"15","7020143","32","20","12","1","2","0","0","0","0","0","0","0","0","0","0","0","0","0","0","0","0","0","0","0","0","0","0","0"
"15","7020176","32","20","12","1","117","0","0","0","0","0","0","0","0","0","54","0","0","0","0","0","0","0","0","0","0","0","34","20"
"15","7020264","32","20","12","1","9","0","0","0","0","0","0","0","0","0","6","0","0","0","0","0","0","0","0","0","0","0","***","***"
"15","7020267","35","22","16","1","0","0","0","0","0","0","0","0","0","0","0","0","0","0","0","0","0","0","0","0","0","0","0","0"
"15","7020285","35","22","16","1","108","0","0","0","0","0","0","0","0","0","40","0","0","0","0","0","0","0","0","0","0","0","14","26"
"15","7020297","32","22","12","1","0","0","0","0","0","0","0","0","0","0","0","0","0","0","0","0","0","0","0","0","0","0","0","0"
"15","7021136","32","20","12","1","0","0","0","0","0","0","0","0","0","0","0","0","0","0","0","0","0","0","0","0","0","0","0","0"
"15","7021138","32","20","12","1","7","0","0","0","0","0","0","0","0","0","0","0","0","0","0","0","0","0","0","0","0","0","0","0"
"15","7021139","32","20","12","1","111","0","0","0","0","0","0","0","0","0","69","0","0","0","0","0","0","0","0","0","0","0","56","13"
"15","7021140","32","20","12","1","0","0","0","0","0","0","0","0","0","0","0","0","0","0","0","0","0","0","0","0","0","0","0","0"
"15","7021150","32","20","12","1","0","0","0","0","0","0","0","0","0","0","0","0","0","0","0","0","0","0","0","0","0","0","0","0"
"15","7021152","32","20","12","1","0","0","0","0","0","0","0","0","0","0","0","0","0","0","0","0","0","0","0","0","0","0","0","0"
"15","7021153","32","20","12","1","0","0","0","0","0","0","0","0","0","0","0","0","0","0","0","0","0","0","0","0","0","0","0","0"
"15","7021182","32","20","12","1","316","0","0","0","0","0","0","0","0","0","184","0","0","0","0","0","0","0","0","0","0","0","166","18"
"15","7021222","32","22","12","1","78","0","0","0","0","0","0","0","0","0","26","0","0","0","0","0","0","0","0","0","0","0","24","2"
"15","7021231","35","22","16","1","0","0","0","0","0","0","0","0","0","0","0","0","0","0","0","0","0","0","0","0","0","0","0","0"
"15","7021235","35","22","16","1","73","0","0","0","0","0","0","0","0","0","30","0","0","0","0","0","0","0","0","0","0","0","24","6"
"15","7021241","35","22","16","1","0","0","0","0","0","0","0","0","0","0","0","0","0","0","0","0","0","0","0","0","0","0","0","0"
"15","7021243","32","22","12","1","0","0","0","0","0","0","0","0","0","0","0","0","0","0","0","0","0","0","0","0","0","0","0","0"
"15","7021257","32","20","12","1","43","0","0","0","0","0","0","0","0","0","17","0","0","0","0","0","0","0","0","0","0","0","14","3"
"15","7021261","34","20","12","1","47","0","0","0","0","0","0","0","0","0","28","0","0","0","0","0","0","0","0","0","0","0","15","13"
"15","7021267","34","20","12","1","15","0","0","0","0","0","0","0","0","0","6","0","0","0","0","0","0","0","0","0","0","0","***","***"
"15","7021276","34","23","12","1","0","0","0","0","0","0","0","0","0","0","0","0","0","0","0","0","0","0","0","0","0","0","0","0"
"15","7021285","34","23","12","1","46","0","0","0","0","0","0","0","0","0","25","0","0","0","0","0","0","0","0","0","0","0","12","13"
"15","7021292","34","23","12","1","0","0","0","0","0","0","0","0","0","0","0","0","0","0","0","0","0","0","0","0","0","0","0","0"
"15","7021296","34","20","12","1","0","0","0","0","0","0","0","0","0","0","0","0","0","0","0","0","0","0","0","0","0","0","0","0"
"15","7021304","32","20","12","1","1","0","0","0","0","0","0","0","0","0","1","0","0","0","0","0","0","0","0","0","0","0","***","***"
"15","7021381","32","20","12","1","7","0","0","0","0","0","0","0","0","0","1","0","0","0","0","0","0","0","0","0","0","0","***","***"
"15","7021383","34","20","12","1","0","0","0","0","0","0","0","0","0","0","0","0","0","0","0","0","0","0","0","0","0","0","0","0"
"15","7021387","32","20","12","1","168","0","0","0","0","0","0","0","0","0","68","0","0","0","0","0","0","0","0","0","0","0","56","12"
"15","7021477","32","20","12","1","191","0","0","0","0","0","0","0","0","0","74","0","0","0","0","0","0","0","0","0","0","0","57","17"
"15","7021493","34","23","12","1","0","0","0","0","0","0","0","0","0","0","0","0","0","0","0","0","0","0","0","0","0","0","0","0"
"15","7021501","32","22","12","1","14","0","0","0","0","0","0","0","0","0","4","0","0","0","0","0","0","0","0","0","0","0","***","***"
"15","7021503","32","22","12","1","1","0","0","0","0","0","0","0","0","0","0","0","0","0","0","0","0","0","0","0","0","0","0","0"
"15","7021509","34","23","12","1","109","0","0","0","0","0","0","0","0","0","51","0","0","0","0","0","0","0","0","0","0","0","37","14"
"15","7021531","35","22","16","1","17","0","0","0","0","0","0","0","0","0","5","0","0","0","0","0","0","0","0","0","0","0","***","***"
"15","7021535","32","22","12","1","141","0","0","0","0","0","0","0","0","0","38","0","0","0","0","0","0","0","0","0","0","0","24","14"
"15","7021634","35","22","16","1","86","0","0","0","0","0","0","0","0","0","20","0","0","0","0","0","0","0","0","0","0","0","16","4"
"15","7021637","32","20","12","1","159","0","0","0","0","0","0","0","0","0","75","0","0","0","0","0","0","0","0","0","0","0","58","17"
"15","7021717","35","22","16","1","12","0","0","0","0","0","0","0","0","0","4","0","0","0","0","0","0","0","0","0","0","0","***","***"
"15","7021879","32","20","12","1","0","0","0","0","0","0","0","0","0","0","0","0","0","0","0","0","0","0","0","0","0","0","0","0"
"15","7021899","32","20","12","1","12","0","0","0","0","0","0","0","0","0","3","0","0","0","0","0","0","0","0","0","0","0","***","***"
"15","7021905","32","20","12","1","1","0","0","0","0","0","0","0","0","0","1","0","0","0","0","0","0","0","0","0","0","0","***","***"
"15","7021951","32","20","12","1","6","0","0","0","0","0","0","0","0","0","5","0","0","0","0","0","0","0","0","0","0","0","***","***"
"15","7021999","35","22","16","1","11","0","0","0","0","0","0","0","0","0","1","0","0","0","0","0","0","0","0","0","0","0","***","***"
"15","7022001","35","22","16","1","32","0","0","0","0","0","0","0","0","0","7","0","0","0","0","0","0","0","0","0","0","0","***","***"
"15","7022017","32","20","12","1","186","0","0","0","0","0","0","0","0","0","60","0","0","0","0","0","0","0","0","0","0","0","15","44"
"15","7022020","35","22","16","1","0","0","0","0","0","0","0","0","0","0","0","0","0","0","0","0","0","0","0","0","0","0","0","0"
"15","7022022","35","22","16","1","0","0","0","0","0","0","0","0","0","0","0","0","0","0","0","0","0","0","0","0","0","0","0","0"
"15","7022027","35","22","16","1","0","0","0","0","0","0","0","0","0","0","0","0","0","0","0","0","0","0","0","0","0","0","0","0"
"15","7022044","35","22","16","1","0","0","0","0","0","0","0","0","0","0","0","0","0","0","0","0","0","0","0","0","0","0","0","0"
"15","7022205","32","20","12","1","201","0","0","0","0","0","0","0","0","0","149","0","0","0","0","0","0","0","0","0","0","0","106","43"
"15","7022217","32","20","12","1","0","0","0","0","0","0","0","0","0","0","0","0","0","0","0","0","0","0","0","0","0","0","0","0"
"15","7022227","32","22","12","1","0","0","0","0","0","0","0","0","0","0","0","0","0","0","0","0","0","0","0","0","0","0","0","0"
"15","7022228","32","20","12","1","13","0","0","0","0","0","0","0","0","0","5","0","0","0","0","0","0","0","0","0","0","0","***","***"
"15","7022234","32","20","12","1","2","0","0","0","0","0","0","0","0","0","0","0","0","0","0","0","0","0","0","0","0","0","0","0"
"15","7022283","35","22","16","1","173","0","0","0","0","0","0","0","0","0","59","0","0","0","0","0","0","0","0","0","0","0","40","19"
"15","7022421","32","22","12","1","48","0","0","0","0","0","0","0","0","0","5","0","0","0","0","0","0","0","0","0","0","0","***","***"
"15","7022451","34","20","12","1","0","0","0","0","0","0","0","0","0","0","0","0","0","0","0","0","0","0","0","0","0","0","0","0"
"15","7022454","34","20","12","1","0","0","0","0","0","0","0","0","0","0","0","0","0","0","0","0","0","0","0","0","0","0","0","0"
"15","7022462","34","23","12","1","0","0","0","0","0","0","0","0","0","0","0","0","0","0","0","0","0","0","0","0","0","0","0","0"
"15","7022478","34","20","12","1","4","0","0","0","0","0","0","0","0","0","2","0","0","0","0","0","0","0","0","0","0","0","***","***"
"15","7022492","34","23","12","1","0","0","0","0","0","0","0","0","0","0","0","0","0","0","0","0","0","0","0","0","0","0","0","0"
"15","7022495","32","20","12","1","3","0","0","0","0","0","0","0","0","0","3","0","0","0","0","0","0","0","0","0","0","0","***","***"
"15","7022518","32","20","12","1","133","0","0","0","0","0","0","0","0","0","67","0","0","0","0","0","0","0","0","0","0","0","48","19"
"15","7022520","34","20","12","1","150","0","0","0","0","0","0","0","0","0","36","0","0","0","0","0","0","0","0","0","0","0","10","26"
"15","7022600","35","22","16","1","18","0","0","0","0","0","0","0","0","0","10","0","0","0","0","0","0","0","0","0","0","0","6","4"
"15","7022659","32","23","12","1","0","0","0","0","0","0","0","0","0","0","0","0","0","0","0","0","0","0","0","0","0","0","0","0"
"15","7022661","32","23","12","1","0","0","0","0","0","0","0","0","0","0","0","0","0","0","0","0","0","0","0","0","0","0","0","0"
"15","7022670","32","23","12","1","0","0","0","0","0","0","0","0","0","0","0","0","0","0","0","0","0","0","0","0","0","0","0","0"
"15","7022672","32","20","12","1","0","0","0","0","0","0","0","0","0","0","0","0","0","0","0","0","0","0","0","0","0","0","0","0"
"15","7022792","35","22","16","1","94","0","0","0","0","0","0","0","0","0","42","0","0","0","0","0","0","0","0","0","0","0","26","16"
"15","7022797","32","22","12","1","11","0","0","0","0","0","0","0","0","0","8","0","0","0","0","0","0","0","0","0","0","0","***","***"
"15","7022803","35","22","16","1","156","0","0","0","0","0","0","0","0","0","52","0","0","0","0","0","0","0","0","0","0","0","28","24"
"15","7022806","32","22","12","1","33","0","0","0","0","0","0","0","0","0","11","0","0","0","0","0","0","0","0","0","0","0","6","5"
"15","7023012","32","20","12","1","1","0","0","0","0","0","0","0","0","0","0","0","0","0","0","0","0","0","0","0","0","0","0","0"
"15","7023017","32","20","12","1","0","0","0","0","0","0","0","0","0","0","0","0","0","0","0","0","0","0","0","0","0","0","0","0"
"15","7023034","34","20","12","1","0","0","0","0","0","0","0","0","0","0","0","0","0","0","0","0","0","0","0","0","0","0","0","0"
"15","7023084","32","20","12","1","10","0","0","0","0","0","0","0","0","0","6","0","0","0","0","0","0","0","0","0","0","0","***","***"
"15","7023148","32","20","12","1","6","0","0","0","0","0","0","0","0","0","4","0","0","0","0","0","0","0","0","0","0","0","***","***"
"15","7023201","32","20","12","1","1","0","0","0","0","0","0","0","0","0","0","0","0","0","0","0","0","0","0","0","0","0","0","0"
"15","7023213","32","20","12","1","89","0","0","0","0","0","0","0","0","0","62","0","0","0","0","0","0","0","0","0","0","0","48","14"
"15","7023242","35","22","16","1","0","0","0","0","0","0","0","0","0","0","0","0","0","0","0","0","0","0","0","0","0","0","0","0"
"15","7023394","32","20","12","1","22","0","0","0","0","0","0","0","0","0","9","0","0","0","0","0","0","0","0","0","0","0","***","***"
"15","7023395","32","20","12","1","0","0","0","0","0","0","0","0","0","0","0","0","0","0","0","0","0","0","0","0","0","0","0","0"
"15","7023409","32","20","12","1","0","0","0","0","0","0","0","0","0","0","0","0","0","0","0","0","0","0","0","0","0","0","0","0"
"15","7023416","32","20","12","1","0","0","0","0","0","0","0","0","0","0","0","0","0","0","0","0","0","0","0","0","0","0","0","0"
"15","7023426","32","20","12","1","51","0","0","0","0","0","0","0","0","0","28","0","0","0","0","0","0","0","0","0","0","0","21","7"
"15","7023454","32","20","12","1","148","0","0","0","0","0","0","0","0","0","66","0","0","0","0","0","0","0","0","0","0","0","51","15"
"15","7023461","32","20","12","1","5","0","0","0","0","0","0","0","0","0","5","0","0","0","0","0","0","0","0","0","0","0","***","***"
"15","7023508","32","20","12","1","4","0","0","0","0","0","0","0","0","0","1","0","0","0","0","0","0","0","0","0","0","0","***","***"
"15","7023604","32","20","12","1","0","0","0","0","0","0","0","0","0","0","0","0","0","0","0","0","0","0","0","0","0","0","0","0"
"15","7023607","32","20","12","1","0","0","0","0","0","0","0","0","0","0","0","0","0","0","0","0","0","0","0","0","0","0","0","0"
"15","7023610","32","20","12","1","0","0","0","0","0","0","0","0","0","0","0","0","0","0","0","0","0","0","0","0","0","0","0","0"
"15","7023665","34","20","12","1","24","0","0","0","0","0","0","0","0","0","9","0","0","0","0","0","0","0","0","0","0","0","***","***"
"15","7023766","32","20","12","1","2","0","0","0","0","0","0","0","0","0","0","0","0","0","0","0","0","0","0","0","0","0","0","0"
"15","7025275","35","22","16","1","0","0","0","0","0","0","0","0","0","0","0","0","0","0","0","0","0","0","0","0","0","0","0","0"
"15","7025276","35","22","16","1","0","0","0","0","0","0","0","0","0","0","0","0","0","0","0","0","0","0","0","0","0","0","0","0"
"15","7025277","35","22","16","1","0","0","0","0","0","0","0","0","0","0","0","0","0","0","0","0","0","0","0","0","0","0","0","0"
"15","7025278","35","22","16","1","0","0","0","0","0","0","0","0","0","0","0","0","0","0","0","0","0","0","0","0","0","0","0","0"
"15","7025279","35","22","16","1","0","0","0","0","0","0","0","0","0","0","0","0","0","0","0","0","0","0","0","0","0","0","0","0"
"15","7025280","32","20","12","1","491","0","0","0","0","0","0","0","0","0","130","0","0","0","0","0","0","0","0","0","0","0","37","92"
"15","7025296","35","20","16","1","2","0","0","0","0","0","0","0","0","0","0","0","0","0","0","0","0","0","0","0","0","0","0","0"
"15","7030037","32","20","12","1","151","0","0","0","0","0","0","0","0","0","54","0","0","0","0","0","0","0","0","0","0","0","39","15"
"15","7030038","32","20","12","1","1","0","0","0","0","0","0","0","0","0","1","0","0","0","0","0","0","0","0","0","0","0","***","***"
"15","7030083","32","20","12","1","132","0","0","0","0","0","0","0","0","0","41","0","0","0","0","0","0","0","0","0","0","0","32","9"
"15","7030085","32","20","12","1","22","0","0","0","0","0","0","0","0","0","6","0","0","0","0","0","0","0","0","0","0","0","***","***"
"15","7030086","32","22","12","1","0","0","0","0","0","0","0","0","0","0","1","0","0","0","0","0","0","0","0","0","0","0","***","***"
"15","7030175","32","22","12","1","11","0","0","0","0","0","0","0","0","0","4","0","0","0","0","0","0","0","0","0","0","0","***","***"
"15","7030179","32","22","12","1","0","0","0","0","0","0","0","0","0","0","0","0","0","0","0","0","0","0","0","0","0","0","0","0"
"15","7030303","35","22","16","1","117","0","0","0","0","0","0","0","0","0","70","0","0","0","0","0","0","0","0","0","0","0","42","28"
"15","7030319","32","20","12","1","41","0","0","0","0","0","0","0","0","0","19","0","0","0","0","0","0","0","0","0","0","0","16","3"
"15","7030327","32","20","12","1","0","0","0","0","0","0","0","0","0","0","0","0","0","0","0","0","0","0","0","0","0","0","0","0"
"15","7030329","32","22","12","1","2","0","0","0","0","0","0","0","0","0","0","0","0","0","0","0","0","0","0","0","0","0","0","0"
"15","7030336","32","20","12","1","0","0","0","0","0","0","0","0","0","0","0","0","0","0","0","0","0","0","0","0","0","0","0","0"
"15","7030340","32","22","12","1","122","0","0","0","0","0","0","0","0","0","80","0","0","0","0","0","0","0","0","0","0","0","68","12"
"15","7030341","32","22","12","1","3","0","0","0","0","0","0","0","0","0","3","0","0","0","0","0","0","0","0","0","0","0","***","***"
"15","7030342","35","22","16","1","11","0","0","0","0","0","0","0","0","0","6","0","0","0","0","0","0","0","0","0","0","0","***","***"
"15","7030344","35","22","16","1","0","0","0","0","0","0","0","0","0","0","0","0","0","0","0","0","0","0","0","0","0","0","0","0"
"15","7030345","32","20","12","1","0","0","0","0","0","0","0","0","0","0","0","0","0","0","0","0","0","0","0","0","0","0","0","0"
"15","7030355","32","20","12","1","0","0","0","0","0","0","0","0","0","0","0","0","0","0","0","0","0","0","0","0","0","0","0","0"
"15","7030359","32","20","12","1","0","0","0","0","0","0","0","0","0","0","0","0","0","0","0","0","0","0","0","0","0","0","0","0"
"15","7030360","32","20","12","1","4","0","0","0","0","0","0","0","0","0","1","0","0","0","0","0","0","0","0","0","0","0","***","***"
"15","7030362","35","20","16","1","0","0","0","0","0","0","0","0","0","0","0","0","0","0","0","0","0","0","0","0","0","0","0","0"
"15","7030366","32","20","12","1","0","0","0","0","0","0","0","0","0","0","0","0","0","0","0","0","0","0","0","0","0","0","0","0"
"15","7030373","35","20","16","1","25","0","0","0","0","0","0","0","0","0","4","0","0","0","0","0","0","0","0","0","0","0","***","***"
"15","7030376","35","20","16","1","0","0","0","0","0","0","0","0","0","0","0","0","0","0","0","0","0","0","0","0","0","0","0","0"
"15","7030378","32","20","12","1","0","0","0","0","0","0","0","0","0","0","0","0","0","0","0","0","0","0","0","0","0","0","0","0"
"15","7030379","32","20","12","1","12","0","0","0","0","0","0","0","0","0","1","0","0","0","0","0","0","0","0","0","0","0","***","***"
"15","7030388","32","20","12","1","0","0","0","0","0","0","0","0","0","0","0","0","0","0","0","0","0","0","0","0","0","0","0","0"
"15","7030394","32","20","12","1","162","0","0","0","0","0","0","0","0","0","43","0","0","0","0","0","0","0","0","0","0","0","25","18"
"15","7030398","32","22","12","1","152","0","0","0","0","0","0","0","0","0","36","0","0","0","0","0","0","0","0","0","0","0","7","29"
"15","7031178","35","22","16","1","0","0","0","0","0","0","0","0","0","0","0","0","0","0","0","0","0","0","0","0","0","0","0","0"
"15","7031211","35","22","16","1","236","0","0","0","0","0","0","0","0","0","73","0","0","0","0","0","0","0","0","0","0","0","43","30"
"15","7031217","35","22","16","1","5","0","0","0","0","0","0","0","0","0","3","0","0","0","0","0","0","0","0","0","0","0","***","***"
"15","7031740","32","20","12","1","91","0","0","0","0","0","0","0","0","0","36","0","0","0","0","0","0","0","0","0","0","0","23","13"
"15","7031741","32","20","12","1","146","0","0","0","0","0","0","0","0","0","78","0","0","0","0","0","0","0","0","0","0","0","58","20"
"15","7031743","32","20","12","1","225","0","0","0","0","0","0","0","0","0","40","0","0","0","0","0","0","0","0","0","0","0","23","17"
"15","7031940","32","20","12","1","0","0","0","0","0","0","0","0","0","0","0","0","0","0","0","0","0","0","0","0","0","0","0","0"
"15","7032213","32","20","12","1","16","0","0","0","0","0","0","0","0","0","11","0","0","0","0","0","0","0","0","0","0","0","11","0"
"15","7032236","35","22","16","1","0","0","0","0","0","0","0","0","0","0","0","0","0","0","0","0","0","0","0","0","0","0","0","0"
"15","7032253","35","22","16","1","86","0","0","0","0","0","0","0","0","0","18","0","0","0","0","0","0","0","0","0","0","0","9","9"
"15","7032389","32","20","12","1","0","0","0","0","0","0","0","0","0","0","0","0","0","0","0","0","0","0","0","0","0","0","0","0"
"15","7032493","35","22","16","1","0","0","0","0","0","0","0","0","0","0","0","0","0","0","0","0","0","0","0","0","0","0","0","0"
"15","7032733","32","20","12","1","199","0","0","0","0","0","0","0","0","0","102","0","0","0","0","0","0","0","0","0","0","0","70","32"
"15","7032835","35","20","12","1","0","0","0","0","0","0","0","0","0","0","0","0","0","0","0","0","0","0","0","0","0","0","0","0"
"15","7033209","32","22","12","1","0","0","0","0","0","0","0","0","0","0","0","0","0","0","0","0","0","0","0","0","0","0","0","0"
"15","7033225","35","22","16","1","14","0","0","0","0","0","0","0","0","0","2","0","0","0","0","0","0","0","0","0","0","0","***","***"
"15","7033226","35","22","16","1","110","0","0","0","0","0","0","0","0","0","32","0","0","0","0","0","0","0","0","0","0","0","9","23"
"15","7035600","32","20","12","1","106","0","0","0","0","0","0","0","0","0","47","0","0","0","0","0","0","0","0","0","0","0","19","28"
"15","7035606","32","20","12","1","0","0","0","0","0","0","0","0","0","0","0","0","0","0","0","0","0","0","0","0","0","0","0","0"
"15","7035639","32","20","12","1","67","0","0","0","0","0","0","0","0","0","41","0","0","0","0","0","0","0","0","0","0","0","29","11"
"15","7035641","32","20","12","1","50","0","0","0","0","0","0","0","0","0","21","0","0","0","0","0","0","0","0","0","0","0","7","14"
"15","7035642","32","20","12","1","0","0","0","0","0","0","0","0","0","0","0","0","0","0","0","0","0","0","0","0","0","0","0","0"
"15","7035643","32","20","12","1","6","0","0","0","0","0","0","0","0","0","0","0","0","0","0","0","0","0","0","0","0","0","0","0"
"15","7035649","35","22","16","1","0","0","0","0","0","0","0","0","0","0","0","0","0","0","0","0","0","0","0","0","0","0","0","0"
"15","7035651","32","22","12","1","121","0","0","0","0","0","0","0","0","0","58","0","0","0","0","0","0","0","0","0","0","0","31","27"
"15","7035667","32","20","12","1","0","0","0","0","0","0","0","0","0","0","0","0","0","0","0","0","0","0","0","0","0","0","0","0"
"15","7035670","32","20","12","1","0","0","0","0","0","0","0","0","0","0","0","0","0","0","0","0","0","0","0","0","0","0","0","0"
"15","7035680","32","20","12","1","0","0","0","0","0","0","0","0","0","0","0","0","0","0","0","0","0","0","0","0","0","0","0","0"
"15","7035685","32","20","12","1","0","0","0","0","0","0","0","0","0","0","0","0","0","0","0","0","0","0","0","0","0","0","0","0"
"15","7040087","32","20","12","1","212","0","0","0","0","0","0","0","0","0","153","0","0","0","0","0","0","0","0","0","0","0","122","31"
"15","7040137","35","22","16","1","0","0","0","0","0","0","0","0","0","0","0","0","0","0","0","0","0","0","0","0","0","0","0","0"
"15","7040138","35","22","16","1","0","0","0","0","0","0","0","0","0","0","0","0","0","0","0","0","0","0","0","0","0","0","0","0"
"15","7040139","35","22","16","1","0","0","0","0","0","0","0","0","0","0","0","0","0","0","0","0","0","0","0","0","0","0","0","0"
"15","7040140","35","22","16","1","21","0","0","0","0","0","0","0","0","0","5","0","0","0","0","0","0","0","0","0","0","0","***","***"
"15","7040142","35","22","16","1","27","0","0","0","0","0","0","0","0","0","9","0","0","0","0","0","0","0","0","0","0","0","***","***"
"15","7040144","32","20","12","1","149","0","0","0","0","0","0","0","0","0","64","0","0","0","0","0","0","0","0","0","0","0","41","23"
"15","7040213","35","22","16","1","0","0","0","0","0","0","0","0","0","0","0","0","0","0","0","0","0","0","0","0","0","0","0","0"
"15","7040220","35","22","16","1","6","0","0","0","0","0","0","0","0","0","1","0","0","0","0","0","0","0","0","0","0","0","***","***"
"15","7040224","35","22","16","1","5","0","0","0","0","0","0","0","0","0","4","0","0","0","0","0","0","0","0","0","0","0","***","***"
"15","7040300","35","22","16","1","0","0","0","0","0","0","0","0","0","0","0","0","0","0","0","0","0","0","0","0","0","0","0","0"
"15","7040410","32","20","12","1","0","0","0","0","0","0","0","0","0","0","0","0","0","0","0","0","0","0","0","0","0","0","0","0"
"15","7040420","32","20","12","1","29","0","0","0","0","0","0","0","0","0","9","0","0","0","0","0","0","0","0","0","0","0","***","***"
"15","7040438","32","20","12","1","0","0","0","0","0","0","0","0","0","0","0","0","0","0","0","0","0","0","0","0","0","0","0","0"
"15","7040484","32","20","12","1","2","0","0","0","0","0","0","0","0","0","2","0","0","0","0","0","0","0","0","0","0","0","***","***"
"15","7040490","32","20","12","1","0","0","0","0","0","0","0","0","0","0","0","0","0","0","0","0","0","0","0","0","0","0","0","0"
"15","7040492","32","20","12","1","0","0","0","0","0","0","0","0","0","0","0","0","0","0","0","0","0","0","0","0","0","0","0","0"
"15","7041139","35","22","12","1","0","0","0","0","0","0","0","0","0","0","0","0","0","0","0","0","0","0","0","0","0","0","0","0"
"15","7041140","32","20","12","1","38","0","0","0","0","0","0","0","0","0","15","0","0","0","0","0","0","0","0","0","0","0","14","1"
"15","7041141","32","20","12","1","6","0","0","0","0","0","0","0","0","0","5","0","0","0","0","0","0","0","0","0","0","0","***","***"
"15","7041144","32","22","12","1","4","0","0","0","0","0","0","0","0","0","2","0","0","0","0","0","0","0","0","0","0","0","***","***"
"15","7041149","35","22","12","1","9","0","0","0","0","0","0","0","0","0","4","0","0","0","0","0","0","0","0","0","0","0","***","***"
"15","7041164","32","22","12","1","0","0","0","0","0","0","0","0","0","0","0","0","0","0","0","0","0","0","0","0","0","0","0","0"
"15","7041166","35","22","12","1","4","0","0","0","0","0","0","0","0","0","2","0","0","0","0","0","0","0","0","0","0","0","***","***"
"15","7041242","35","22","16","1","22","0","0","0","0","0","0","0","0","0","7","0","0","0","0","0","0","0","0","0","0","0","***","***"
"15","7041243","35","22","16","1","23","0","0","0","0","0","0","0","0","0","6","0","0","0","0","0","0","0","0","0","0","0","***","***"
"15","7041246","35","22","12","1","0","0","0","0","0","0","0","0","0","0","0","0","0","0","0","0","0","0","0","0","0","0","0","0"
"15","7041248","32","22","12","1","14","0","0","0","0","0","0","0","0","0","4","0","0","0","0","0","0","0","0","0","0","0","***","***"
"15","7041252","35","22","12","1","0","0","0","0","0","0","0","0","0","0","0","0","0","0","0","0","0","0","0","0","0","0","0","0"
"15","7041256","35","22","12","1","9","0","0","0","0","0","0","0","0","0","7","0","0","0","0","0","0","0","0","0","0","0","***","***"
"15","7041305","32","20","12","1","1","0","0","0","0","0","0","0","0","0","1","0","0","0","0","0","0","0","0","0","0","0","***","***"
"15","7041476","32","20","12","1","121","0","0","0","0","0","0","0","0","0","51","0","0","0","0","0","0","0","0","0","0","0","44","7"
"15","7041482","35","22","16","1","133","0","0","0","0","0","0","0","0","0","79","0","0","0","0","0","0","0","0","0","0","0","61","18"
"15","7041495","32","20","12","1","200","0","0","0","0","0","0","0","0","0","117","0","0","0","0","0","0","0","0","0","0","0","59","58"
"15","7041502","32","20","12","1","2","0","0","0","0","0","0","0","0","0","2","0","0","0","0","0","0","0","0","0","0","0","***","***"
"15","7041506","32","20","12","1","0","0","0","0","0","0","0","0","0","0","0","0","0","0","0","0","0","0","0","0","0","0","0","0"
"15","7041526","32","22","12","1","0","0","0","0","0","0","0","0","0","0","0","0","0","0","0","0","0","0","0","0","0","0","0","0"
"15","7041769","32","20","12","1","57","0","0","0","0","0","0","0","0","0","25","0","0","0","0","0","0","0","0","0","0","0","25","0"
"15","7041778","32","20","12","1","0","0","0","0","0","0","0","0","0","0","0","0","0","0","0","0","0","0","0","0","0","0","0","0"
"15","7041801","32","20","12","1","0","0","0","0","0","0","0","0","0","0","0","0","0","0","0","0","0","0","0","0","0","0","0","0"
"15","7041811","32","20","12","1","2","0","0","0","0","0","0","0","0","0","0","0","0","0","0","0","0","0","0","0","0","0","0","0"
"15","7041845","32","20","12","1","19","0","0","0","0","0","0","0","0","0","9","0","0","0","0","0","0","0","0","0","0","0","***","***"
"15","7041876","35","22","16","1","1","0","0","0","0","0","0","0","0","0","0","0","0","0","0","0","0","0","0","0","0","0","0","0"
"15","7041909","32","20","12","1","11","0","0","0","0","0","0","0","0","0","5","0","0","0","0","0","0","0","0","0","0","0","***","***"
"15","7041910","32","20","12","1","108","0","0","0","0","0","0","0","0","0","61","0","0","0","0","0","0","0","0","0","0","0","58","3"
"15","7041915","32","20","12","1","165","0","0","0","0","0","0","0","0","0","100","0","0","0","0","0","0","0","0","0","0","0","81","19"
"15","7041933","35","22","16","1","148","0","0","0","0","0","0","0","0","0","83","0","0","0","0","0","0","0","0","0","0","0","73","10"
"15","7041936","32","20","12","1","2","0","0","0","0","0","0","0","0","0","1","0","0","0","0","0","0","0","0","0","0","0","***","***"
"15","7041967","32","20","12","1","149","0","0","0","0","0","0","0","0","0","72","0","0","0","0","0","0","0","0","0","0","0","64","8"
"15","7042000","35","22","16","1","32","0","0","0","0","0","0","0","0","0","5","0","0","0","0","0","0","0","0","0","0","0","***","***"
"15","7042002","35","22","16","1","3","0","0","0","0","0","0","0","0","0","1","0","0","0","0","0","0","0","0","0","0","0","***","***"
"15","7042222","32","20","12","1","0","0","0","0","0","0","0","0","0","0","0","0","0","0","0","0","0","0","0","0","0","0","0","0"
"15","7042223","32","20","12","1","3","0","0","0","0","0","0","0","0","0","0","0","0","0","0","0","0","0","0","0","0","0","0","0"
"15","7042262","35","22","16","1","0","0","0","0","0","0","0","0","0","0","0","0","0","0","0","0","0","0","0","0","0","0","0","0"
"15","7042267","35","22","16","1","0","0","0","0","0","0","0","0","0","0","0","0","0","0","0","0","0","0","0","0","0","0","0","0"
"15","7042276","32","22","12","1","19","0","0","0","0","0","0","0","0","0","9","0","0","0","0","0","0","0","0","0","0","0","***","***"
"15","7042289","35","22","16","1","0","0","0","0","0","0","0","0","0","0","0","0","0","0","0","0","0","0","0","0","0","0","0","0"
"15","7042427","32","20","12","1","13","0","0","0","0","0","0","0","0","0","6","0","0","0","0","0","0","0","0","0","0","0","***","***"
"15","7042428","32","20","12","1","55","0","0","0","0","0","0","0","0","0","26","0","0","0","0","0","0","0","0","0","0","0","15","11"
"15","7042430","32","20","12","1","0","0","0","0","0","0","0","0","0","0","0","0","0","0","0","0","0","0","0","0","0","0","0","0"
"15","7042438","32","20","12","1","1","0","0","0","0","0","0","0","0","0","1","0","0","0","0","0","0","0","0","0","0","0","***","***"
"15","7042441","32","20","12","1","0","0","0","0","0","0","0","0","0","0","0","0","0","0","0","0","0","0","0","0","0","0","0","0"
"15","7042447","32","20","12","1","180","0","0","0","0","0","0","0","0","0","72","0","0","0","0","0","0","0","0","0","0","0","62","10"
"15","7042514","32","20","12","1","1","0","0","0","0","0","0","0","0","0","0","0","0","0","0","0","0","0","0","0","0","0","0","0"
"15","7042517","32","20","12","1","4","0","0","0","0","0","0","0","0","0","3","0","0","0","0","0","0","0","0","0","0","0","***","***"
"15","7042521","32","20","12","1","1","0","0","0","0","0","0","0","0","0","1","0","0","0","0","0","0","0","0","0","0","0","***","***"
"15","7042628","32","20","12","1","0","0","0","0","0","0","0","0","0","0","0","0","0","0","0","0","0","0","0","0","0","0","0","0"
"15","7042633","32","20","12","1","0","0","0","0","0","0","0","0","0","0","0","0","0","0","0","0","0","0","0","0","0","0","0","0"
"15","7042785","32","20","12","1","0","0","0","0","0","0","0","0","0","0","0","0","0","0","0","0","0","0","0","0","0","0","0","0"
"15","7042860","32","20","12","1","128","0","0","0","0","0","0","0","0","0","48","0","0","0","0","0","0","0","0","0","0","0","39","9"
"15","7042989","35","22","16","1","2","0","0","0","0","0","0","0","0","0","2","0","0","0","0","0","0","0","0","0","0","0","***","***"
"15","7042991","35","22","16","1","0","0","0","0","0","0","0","0","0","0","0","0","0","0","0","0","0","0","0","0","0","0","0","0"
"15","7043030","32","20","12","1","0","0","0","0","0","0","0","0","0","0","0","0","0","0","0","0","0","0","0","0","0","0","0","0"
"15","7043041","32","20","12","1","57","0","0","0","0","0","0","0","0","0","27","0","0","0","0","0","0","0","0","0","0","0","24","3"
"15","7043101","35","22","16","1","0","0","0","0","0","0","0","0","0","0","0","0","0","0","0","0","0","0","0","0","0","0","0","0"
"15","7043317","32","20","12","1","0","0","0","0","0","0","0","0","0","0","0","0","0","0","0","0","0","0","0","0","0","0","0","0"
"15","7043329","32","20","12","1","2","0","0","0","0","0","0","0","0","0","0","0","0","0","0","0","0","0","0","0","0","0","0","0"
"15","7043442","32","20","12","1","0","0","0","0","0","0","0","0","0","0","0","0","0","0","0","0","0","0","0","0","0","0","0","0"
"15","7043456","32","20","12","1","0","0","0","0","0","0","0","0","0","0","0","0","0","0","0","0","0","0","0","0","0","0","0","0"
"15","7043511","35","22","16","1","205","0","0","0","0","0","0","0","0","0","52","0","0","0","0","0","0","0","0","0","0","0","25","27"
"15","7043512","35","22","16","1","81","0","0","0","0","0","0","0","0","0","24","0","0","0","0","0","0","0","0","0","0","0","4","20"
"15","7043562","35","22","16","1","125","0","0","0","0","0","0","0","0","0","32","0","0","0","0","0","0","0","0","0","0","0","19","13"
"15","7043567","35","22","16","1","228","0","0","0","0","0","0","0","0","0","65","0","0","0","0","0","0","0","0","0","0","0","12","53"
"15","7044099","32","20","12","1","0","0","0","0","0","0","0","0","0","0","0","0","0","0","0","0","0","0","0","0","0","0","0","0"
"15","7044109","32","20","12","1","0","0","0","0","0","0","0","0","0","0","0","0","0","0","0","0","0","0","0","0","0","0","0","0"
"15","7044110","32","20","12","1","167","0","0","0","0","0","0","0","0","0","46","0","0","0","0","0","0","0","0","0","0","0","27","19"
"15","7044116","32","20","12","1","42","0","0","0","0","0","0","0","0","0","20","0","0","0","0","0","0","0","0","0","0","0","18","2"
"15","7044118","32","20","12","1","80","0","0","0","0","0","0","0","0","0","19","0","0","0","0","0","0","0","0","0","0","0","13","6"
"15","7044119","32","20","12","1","0","0","0","0","0","0","0","0","0","0","0","0","0","0","0","0","0","0","0","0","0","0","0","0"
"15","7044136","32","20","12","1","0","0","0","0","0","0","0","0","0","0","0","0","0","0","0","0","0","0","0","0","0","0","0","0"
"15","7044141","32","20","12","1","0","0","0","0","0","0","0","0","0","0","0","0","0","0","0","0","0","0","0","0","0","0","0","0"
"15","7044149","32","20","12","1","0","0","0","0","0","0","0","0","0","0","0","0","0","0","0","0","0","0","0","0","0","0","0","0"
"15","7050032","35","22","16","1","20","0","0","0","0","0","0","0","0","0","4","0","0","0","0","0","0","0","0","0","0","0","***","***"
"15","7050184","35","22","16","1","7","0","0","0","0","0","0","0","0","0","4","0","0","0","0","0","0","0","0","0","0","0","***","***"
"15","7050504","35","22","16","1","58","0","0","0","0","0","0","0","0","0","12","0","0","0","0","0","0","0","0","0","0","0","4","8"
"15","7050513","32","20","12","1","149","0","0","0","0","0","0","0","0","0","50","0","0","0","0","0","0","0","0","0","0","0","21","29"
"15","7050516","32","20","12","1","1","0","0","0","0","0","0","0","0","0","1","0","0","0","0","0","0","0","0","0","0","0","***","***"
"15","7050522","32","22","12","1","88","0","0","0","0","0","0","0","0","0","16","0","0","0","0","0","0","0","0","0","0","0","5","11"
"15","7050526","35","22","16","1","0","0","0","0","0","0","0","0","0","0","0","0","0","0","0","0","0","0","0","0","0","0","0","0"
"15","7050527","32","20","12","1","78","0","0","0","0","0","0","0","0","0","22","0","0","0","0","0","0","0","0","0","0","0","8","14"
"15","7050529","35","22","16","1","319","0","0","0","0","0","0","0","0","0","87","0","0","0","0","0","0","0","0","0","0","0","32","54"
"15","7050535","35","22","16","1","0","0","0","0","0","0","0","0","0","0","0","0","0","0","0","0","0","0","0","0","0","0","0","0"
"15","7050543","35","22","16","1","11","0","0","0","0","0","0","0","0","0","1","0","0","0","0","0","0","0","0","0","0","0","***","***"
"15","7050546","35","22","16","1","0","0","0","0","0","0","0","0","0","0","0","0","0","0","0","0","0","0","0","0","0","0","0","0"
"15","7050550","32","20","12","1","37","0","0","0","0","0","0","0","0","0","11","0","0","0","0","0","0","0","0","0","0","0","5","6"
"15","7050555","35","22","16","1","43","0","0","0","0","0","0","0","0","0","6","0","0","0","0","0","0","0","0","0","0","0","***","***"
"15","7050557","35","22","16","1","78","0","0","0","0","0","0","0","0","0","21","0","0","0","0","0","0","0","0","0","0","0","8","13"
"15","7050563","35","22","16","1","228","0","0","0","0","0","0","0","0","0","58","0","0","0","0","0","0","0","0","0","0","0","16","42"
"15","7050565","35","22","16","1","0","0","0","0","0","0","0","0","0","0","0","0","0","0","0","0","0","0","0","0","0","0","0","0"
"15","7050567","35","22","16","1","4","0","0","0","0","0","0","0","0","0","4","0","0","0","0","0","0","0","0","0","0","0","***","***"
"15","7050573","35","22","16","1","6","0","0","0","0","0","0","0","0","0","3","0","0","0","0","0","0","0","0","0","0","0","***","***"
"15","7050701","32","22","12","1","38","0","0","0","0","0","0","0","0","0","10","0","0","0","0","0","0","0","0","0","0","0","5","5"
"15","7050712","35","22","16","1","0","0","0","0","0","0","0","0","0","0","0","0","0","0","0","0","0","0","0","0","0","0","0","0"
"15","7050723","35","22","16","1","0","0","0","0","0","0","0","0","0","0","0","0","0","0","0","0","0","0","0","0","0","0","0","0"
"15","7050734","35","22","16","1","205","0","0","0","0","0","0","0","0","0","93","0","0","0","0","0","0","0","0","0","0","0","48","45"
"15","7050749","35","22","16","1","164","0","0","0","0","0","0","0","0","0","32","0","0","0","0","0","0","0","0","0","0","0","10","21"
"15","7050776","35","22","16","1","0","0","0","0","0","0","0","0","0","0","0","0","0","0","0","0","0","0","0","0","0","0","0","0"
"15","7050793","32","22","12","1","0","0","0","0","0","0","0","0","0","0","0","0","0","0","0","0","0","0","0","0","0","0","0","0"
"15","7051293","35","22","16","1","182","0","0","0","0","0","0","0","0","0","77","0","0","0","0","0","0","0","0","0","0","0","41","36"
"15","7051294","35","22","16","1","27","0","0","0","0","0","0","0","0","0","7","0","0","0","0","0","0","0","0","0","0","0","***","***"
"15","7051490","32","22","12","1","3","0","0","0","0","0","0","0","0","0","2","0","0","0","0","0","0","0","0","0","0","0","***","***"
"15","7051492","35","22","16","1","83","0","0","0","0","0","0","0","0","0","9","0","0","0","0","0","0","0","0","0","0","0","***","***"
"15","7051494","35","22","16","1","115","0","0","0","0","0","0","0","0","0","37","0","0","0","0","0","0","0","0","0","0","0","19","18"
"15","7051679","35","22","16","1","5","0","0","0","0","0","0","0","0","0","4","0","0","0","0","0","0","0","0","0","0","0","***","***"
"15","7051704","35","22","16","1","79","0","0","0","0","0","0","0","0","0","14","0","0","0","0","0","0","0","0","0","0","0","5","9"
"15","7051715","35","22","16","1","106","0","0","0","0","0","0","0","0","0","32","0","0","0","0","0","0","0","0","0","0","0","20","11"
"15","7051732","35","22","16","1","21","0","0","0","0","0","0","0","0","0","2","0","0","0","0","0","0","0","0","0","0","0","***","***"
"15","7051739","35","22","16","1","194","0","0","0","0","0","0","0","0","0","61","0","0","0","0","0","0","0","0","0","0","0","42","19"
"15","7052057","35","22","16","1","191","0","0","0","0","0","0","0","0","0","45","0","0","0","0","0","0","0","0","0","0","0","12","33"
"15","7052140","35","22","16","1","181","0","0","0","0","0","0","0","0","0","56","0","0","0","0","0","0","0","0","0","0","0","30","26"
"15","7052143","35","22","16","1","158","0","0","0","0","0","0","0","0","0","60","0","0","0","0","0","0","0","0","0","0","0","43","17"
"15","7052146","35","22","16","1","99","0","0","0","0","0","0","0","0","0","31","0","0","0","0","0","0","0","0","0","0","0","9","22"
"15","7052500","35","22","16","1","158","0","0","0","0","0","0","0","0","0","62","0","0","0","0","0","0","0","0","0","0","0","46","15"
"15","7052633","35","22","16","1","86","0","0","0","0","0","0","0","0","0","36","0","0","0","0","0","0","0","0","0","0","0","30","6"
"15","7053495","35","22","16","1","0","0","0","0","0","0","0","0","0","0","0","0","0","0","0","0","0","0","0","0","0","0","0","0"
"15","7053752","35","22","16","1","14","0","0","0","0","0","0","0","0","0","6","0","0","0","0","0","0","0","0","0","0","0","***","***"
"15","7053755","35","22","16","1","12","0","0","0","0","0","0","0","0","0","4","0","0","0","0","0","0","0","0","0","0","0","***","***"
"15","7053762","35","22","16","1","13","0","0","0","0","0","0","0","0","0","2","0","0","0","0","0","0","0","0","0","0","0","***","***"
"15","CNTYTOT","28296","17824","11512","846","465945","0","0","0","0","0","0","0","0","0","186019","0","0","0","0","0","0","0","0","0","0","0","102458","83371"
