"county","srprec","addist","cddist","sddist","bedist","TOTREG","DEMREG","REPREG","AIPREG","GRNREG","LIBREG","NLPREG","REFREG","DCLREG","MSCREG","TOTVOTE","DEMVOTE","REPVOTE","AIPVOTE","GRNVOTE","LIBVOTE","NLPVOTE","REFVOTE","DCLVOTE","MSCVOTE","PRCVOTE","ABSVOTE","PR_50_N","PR_50_Y"
"19","0050001A","34","28","23","3","215","0","0","0","0","0","0","0","0","0","120","0","0","0","0","0","0","0","0","0","0","0","61","58"
"19","0050010A","41","28","25","3","3","0","0","0","0","0","0","0","0","0","1","0","0","0","0","0","0","0","0","0","0","0","***","***"
"19","0050014A","34","30","23","3","3139","0","0","0","0","0","0","0","0","0","1836","0","0","0","0","0","0","0","0","0","0","0","1240","595"
"19","0050059A","34","27","23","3","2613","0","0","0","0","0","0","0","0","0","1477","0","0","0","0","0","0","0","0","0","0","0","1014","462"
"19","0070001A","42","32","24","3","1025","0","0","0","0","0","0","0","0","0","475","0","0","0","0","0","0","0","0","0","0","0","237","238"
"19","0070002A","42","26","24","3","99","0","0","0","0","0","0","0","0","0","57","0","0","0","0","0","0","0","0","0","0","0","31","26"
"19","0070005A","42","32","24","3","1470","0","0","0","0","0","0","0","0","0","810","0","0","0","0","0","0","0","0","0","0","0","353","457"
"19","0070007A","42","32","24","3","1921","0","0","0","0","0","0","0","0","0","1074","0","0","0","0","0","0","0","0","0","0","0","375","699"
"19","0070027A","42","26","24","3","4","0","0","0","0","0","0","0","0","0","1","0","0","0","0","0","0","0","0","0","0","0","***","***"
"19","0080004A","42","26","24","3","4327","0","0","0","0","0","0","0","0","0","2776","0","0","0","0","0","0","0","0","0","0","0","1089","1685"
"19","0080007A","42","26","24","3","5024","0","0","0","0","0","0","0","0","0","3040","0","0","0","0","0","0","0","0","0","0","0","1037","2001"
"19","0080050A","42","26","24","3","5923","0","0","0","0","0","0","0","0","0","3481","0","0","0","0","0","0","0","0","0","0","0","1345","2133"
"19","0090002A","40","27","23","3","14","0","0","0","0","0","0","0","0","0","7","0","0","0","0","0","0","0","0","0","0","0","***","***"
"19","0090004A","40","27","23","3","2724","0","0","0","0","0","0","0","0","0","1562","0","0","0","0","0","0","0","0","0","0","0","1024","538"
"19","0090006A","40","27","23","3","73","0","0","0","0","0","0","0","0","0","33","0","0","0","0","0","0","0","0","0","0","0","16","17"
"19","0150003A","49","28","25","3","6178","0","0","0","0","0","0","0","0","0","2817","0","0","0","0","0","0","0","0","0","0","0","720","2093"
"19","0150012A","49","28","25","3","5691","0","0","0","0","0","0","0","0","0","2627","0","0","0","0","0","0","0","0","0","0","0","578","2048"
"19","0150016D","49","28","25","3","4538","0","0","0","0","0","0","0","0","0","2084","0","0","0","0","0","0","0","0","0","0","0","552","1528"
"19","0150023A","49","28","25","3","4575","0","0","0","0","0","0","0","0","0","2311","0","0","0","0","0","0","0","0","0","0","0","462","1848"
"19","0150034A","49","28","25","3","3883","0","0","0","0","0","0","0","0","0","2018","0","0","0","0","0","0","0","0","0","0","0","468","1548"
"19","0150039A","49","28","25","3","4195","0","0","0","0","0","0","0","0","0","1678","0","0","0","0","0","0","0","0","0","0","0","378","1299"
"19","0150049A","49","28","25","3","4122","0","0","0","0","0","0","0","0","0","1682","0","0","0","0","0","0","0","0","0","0","0","512","1168"
"19","0150065A","49","28","25","3","3906","0","0","0","0","0","0","0","0","0","1780","0","0","0","0","0","0","0","0","0","0","0","490","1290"
"19","0150072A","49","28","25","3","4952","0","0","0","0","0","0","0","0","0","1897","0","0","0","0","0","0","0","0","0","0","0","503","1393"
"19","0150079A","49","28","25","3","5403","0","0","0","0","0","0","0","0","0","2105","0","0","0","0","0","0","0","0","0","0","0","603","1501"
"19","0180001A","61","43","35","3","1300","0","0","0","0","0","0","0","0","0","457","0","0","0","0","0","0","0","0","0","0","0","85","372"
"19","0200001A","41","28","25","3","4107","0","0","0","0","0","0","0","0","0","1972","0","0","0","0","0","0","0","0","0","0","0","292","1678"
"19","0200015A","41","28","25","3","3731","0","0","0","0","0","0","0","0","0","1889","0","0","0","0","0","0","0","0","0","0","0","221","1668"
"19","0200016A","41","28","25","3","4595","0","0","0","0","0","0","0","0","0","2523","0","0","0","0","0","0","0","0","0","0","0","604","1918"
"19","0200019A","41","28","25","3","3712","0","0","0","0","0","0","0","0","0","1713","0","0","0","0","0","0","0","0","0","0","0","236","1477"
"19","0200033A","41","28","25","3","11","0","0","0","0","0","0","0","0","0","4","0","0","0","0","0","0","0","0","0","0","0","***","***"
"19","0200038A","41","28","25","3","5092","0","0","0","0","0","0","0","0","0","3070","0","0","0","0","0","0","0","0","0","0","0","865","2204"
"19","0200087A","41","28","25","3","3340","0","0","0","0","0","0","0","0","0","1445","0","0","0","0","0","0","0","0","0","0","0","226","1218"
"19","0300003A","39","27","23","3","61","0","0","0","0","0","0","0","0","0","20","0","0","0","0","0","0","0","0","0","0","0","10","9"
"19","0300013A","39","23","23","3","1001","0","0","0","0","0","0","0","0","0","372","0","0","0","0","0","0","0","0","0","0","0","240","131"
"19","0300020C","39","27","23","3","19","0","0","0","0","0","0","0","0","0","5","0","0","0","0","0","0","0","0","0","0","0","***","***"
"19","0300027A","39","27","23","3","0","0","0","0","0","0","0","0","0","0","0","0","0","0","0","0","0","0","0","0","0","0","0","0"
"19","0350003A","49","28","25","3","5012","0","0","0","0","0","0","0","0","0","1991","0","0","0","0","0","0","0","0","0","0","0","845","1142"
"19","0350007A","49","28","25","3","6365","0","0","0","0","0","0","0","0","0","3207","0","0","0","0","0","0","0","0","0","0","0","1400","1800"
"19","0350012A","49","28","25","3","5268","0","0","0","0","0","0","0","0","0","2583","0","0","0","0","0","0","0","0","0","0","0","1122","1458"
"19","0350020A","49","28","25","3","6398","0","0","0","0","0","0","0","0","0","2548","0","0","0","0","0","0","0","0","0","0","0","860","1685"
"19","0350038A","49","28","25","3","4939","0","0","0","0","0","0","0","0","0","2000","0","0","0","0","0","0","0","0","0","0","0","949","1051"
"19","0350053A","49","28","25","3","2782","0","0","0","0","0","0","0","0","0","1163","0","0","0","0","0","0","0","0","0","0","0","496","666"
"19","0350104A","49","28","25","3","2961","0","0","0","0","0","0","0","0","0","1314","0","0","0","0","0","0","0","0","0","0","0","493","820"
"19","0400001A","67","45","36","3","4592","0","0","0","0","0","0","0","0","0","1852","0","0","0","0","0","0","0","0","0","0","0","556","1294"
"19","0400004A","67","45","36","3","4555","0","0","0","0","0","0","0","0","0","1845","0","0","0","0","0","0","0","0","0","0","0","639","1204"
"19","0450008A","65","43","35","3","3245","0","0","0","0","0","0","0","0","0","1338","0","0","0","0","0","0","0","0","0","0","0","118","1216"
"19","0450010A","65","43","35","3","2849","0","0","0","0","0","0","0","0","0","1002","0","0","0","0","0","0","0","0","0","0","0","79","922"
"19","0500002A","69","42","33","3","1774","0","0","0","0","0","0","0","0","0","835","0","0","0","0","0","0","0","0","0","0","0","338","495"
"19","0520004A","56","31","30","3","3507","0","0","0","0","0","0","0","0","0","1695","0","0","0","0","0","0","0","0","0","0","0","412","1282"
"19","0520017A","56","31","30","3","2940","0","0","0","0","0","0","0","0","0","1153","0","0","0","0","0","0","0","0","0","0","0","267","885"
"19","0520024A","56","31","30","3","2483","0","0","0","0","0","0","0","0","0","932","0","0","0","0","0","0","0","0","0","0","0","218","712"
"19","0550012A","48","31","22","3","3522","0","0","0","0","0","0","0","0","0","1449","0","0","0","0","0","0","0","0","0","0","0","352","1093"
"19","0550016A","48","31","22","3","4342","0","0","0","0","0","0","0","0","0","1617","0","0","0","0","0","0","0","0","0","0","0","365","1249"
"19","0550021A","48","31","22","3","5978","0","0","0","0","0","0","0","0","0","2764","0","0","0","0","0","0","0","0","0","0","0","930","1833"
"19","0550025A","48","31","22","3","4205","0","0","0","0","0","0","0","0","0","1591","0","0","0","0","0","0","0","0","0","0","0","413","1178"
"19","0550084A","48","31","22","3","4575","0","0","0","0","0","0","0","0","0","2025","0","0","0","0","0","0","0","0","0","0","0","590","1434"
"19","0550086A","48","31","22","3","3041","0","0","0","0","0","0","0","0","0","1517","0","0","0","0","0","0","0","0","0","0","0","562","954"
"19","0600008B","48","31","22","3","3251","0","0","0","0","0","0","0","0","0","1306","0","0","0","0","0","0","0","0","0","0","0","241","1065"
"19","0600014A","48","31","22","3","3374","0","0","0","0","0","0","0","0","0","1259","0","0","0","0","0","0","0","0","0","0","0","293","964"
"19","0600019A","48","31","22","3","3924","0","0","0","0","0","0","0","0","0","1545","0","0","0","0","0","0","0","0","0","0","0","344","1200"
"19","0600029C","48","31","22","3","2486","0","0","0","0","0","0","0","0","0","871","0","0","0","0","0","0","0","0","0","0","0","154","717"
"19","0600034A","48","31","22","3","3664","0","0","0","0","0","0","0","0","0","1331","0","0","0","0","0","0","0","0","0","0","0","243","1086"
"19","0600035A","48","31","22","3","3529","0","0","0","0","0","0","0","0","0","1249","0","0","0","0","0","0","0","0","0","0","0","225","1022"
"19","0600036A","48","31","22","3","3034","0","0","0","0","0","0","0","0","0","1177","0","0","0","0","0","0","0","0","0","0","0","225","952"
"19","0600037A","48","31","22","3","3465","0","0","0","0","0","0","0","0","0","1270","0","0","0","0","0","0","0","0","0","0","0","260","1009"
"19","0600038A","48","31","22","3","3235","0","0","0","0","0","0","0","0","0","1155","0","0","0","0","0","0","0","0","0","0","0","204","951"
"19","0600039A","48","31","22","3","3150","0","0","0","0","0","0","0","0","0","1141","0","0","0","0","0","0","0","0","0","0","0","231","908"
"19","0600054A","48","31","22","3","3677","0","0","0","0","0","0","0","0","0","1367","0","0","0","0","0","0","0","0","0","0","0","274","1091"
"19","0650001A","54","42","26","3","0","0","0","0","0","0","0","0","0","0","0","0","0","0","0","0","0","0","0","0","0","0","0","0"
"19","0650002B","54","42","26","3","0","0","0","0","0","0","0","0","0","0","0","0","0","0","0","0","0","0","0","0","0","0","0","0"
"19","0670002A","48","31","22","3","1","0","0","0","0","0","0","0","0","0","1","0","0","0","0","0","0","0","0","0","0","0","***","***"
"19","0670008A","48","31","30","3","3430","0","0","0","0","0","0","0","0","0","1281","0","0","0","0","0","0","0","0","0","0","0","250","1026"
"19","0670142A","48","31","30","3","2890","0","0","0","0","0","0","0","0","0","1167","0","0","0","0","0","0","0","0","0","0","0","194","972"
"19","0670144A","48","31","30","3","1495","0","0","0","0","0","0","0","0","0","601","0","0","0","0","0","0","0","0","0","0","0","142","458"
"19","0700001A","64","42","33","3","3626","0","0","0","0","0","0","0","0","0","1399","0","0","0","0","0","0","0","0","0","0","0","188","1207"
"19","0700005B","64","42","33","3","78","0","0","0","0","0","0","0","0","0","20","0","0","0","0","0","0","0","0","0","0","0","8","12"
"19","0700007B","64","42","33","3","4018","0","0","0","0","0","0","0","0","0","1506","0","0","0","0","0","0","0","0","0","0","0","218","1285"
"19","0700010A","64","42","33","3","4190","0","0","0","0","0","0","0","0","0","1522","0","0","0","0","0","0","0","0","0","0","0","201","1319"
"19","0700012B","64","42","33","3","3511","0","0","0","0","0","0","0","0","0","1274","0","0","0","0","0","0","0","0","0","0","0","158","1115"
"19","0750007A","62","44","30","3","3012","0","0","0","0","0","0","0","0","0","1044","0","0","0","0","0","0","0","0","0","0","0","213","828"
"19","0750009A","62","42","30","3","4585","0","0","0","0","0","0","0","0","0","2016","0","0","0","0","0","0","0","0","0","0","0","621","1392"
"19","0750014A","62","42","30","3","4639","0","0","0","0","0","0","0","0","0","1871","0","0","0","0","0","0","0","0","0","0","0","559","1310"
"19","0750019A","62","42","30","3","4783","0","0","0","0","0","0","0","0","0","1939","0","0","0","0","0","0","0","0","0","0","0","485","1452"
"19","0750033A","62","42","30","3","5074","0","0","0","0","0","0","0","0","0","2106","0","0","0","0","0","0","0","0","0","0","0","658","1447"
"19","0750038A","62","42","30","3","4200","0","0","0","0","0","0","0","0","0","1807","0","0","0","0","0","0","0","0","0","0","0","556","1251"
"19","0750043A","62","42","30","3","4125","0","0","0","0","0","0","0","0","0","1932","0","0","0","0","0","0","0","0","0","0","0","650","1279"
"19","0750055A","62","42","30","3","4597","0","0","0","0","0","0","0","0","0","1674","0","0","0","0","0","0","0","0","0","0","0","345","1328"
"19","0750060A","62","44","30","3","3568","0","0","0","0","0","0","0","0","0","1214","0","0","0","0","0","0","0","0","0","0","0","239","975"
"19","0750076A","62","44","30","3","4694","0","0","0","0","0","0","0","0","0","1822","0","0","0","0","0","0","0","0","0","0","0","468","1351"
"19","0800001A","64","42","33","3","2504","0","0","0","0","0","0","0","0","0","865","0","0","0","0","0","0","0","0","0","0","0","101","764"
"19","0800003A","64","42","33","3","3334","0","0","0","0","0","0","0","0","0","1170","0","0","0","0","0","0","0","0","0","0","0","149","1018"
"19","0800005A","64","42","33","3","3773","0","0","0","0","0","0","0","0","0","1278","0","0","0","0","0","0","0","0","0","0","0","129","1148"
"19","0800007A","64","42","33","3","3511","0","0","0","0","0","0","0","0","0","1269","0","0","0","0","0","0","0","0","0","0","0","157","1110"
"19","0800017B","64","42","33","3","3707","0","0","0","0","0","0","0","0","0","1309","0","0","0","0","0","0","0","0","0","0","0","142","1167"
"19","0850005A","52","34","26","3","3538","0","0","0","0","0","0","0","0","0","1477","0","0","0","0","0","0","0","0","0","0","0","152","1324"
"19","0850009A","52","34","26","3","3770","0","0","0","0","0","0","0","0","0","1294","0","0","0","0","0","0","0","0","0","0","0","121","1172"
"19","0850013A","52","34","26","3","1868","0","0","0","0","0","0","0","0","0","717","0","0","0","0","0","0","0","0","0","0","0","69","646"
"19","0850014A","52","34","26","3","2859","0","0","0","0","0","0","0","0","0","1127","0","0","0","0","0","0","0","0","0","0","0","139","987"
"19","0850017A","52","34","26","3","3504","0","0","0","0","0","0","0","0","0","1402","0","0","0","0","0","0","0","0","0","0","0","158","1243"
"19","0850052A","52","34","26","3","1628","0","0","0","0","0","0","0","0","0","611","0","0","0","0","0","0","0","0","0","0","0","55","554"
"19","0850058A","52","34","26","3","3665","0","0","0","0","0","0","0","0","0","1399","0","0","0","0","0","0","0","0","0","0","0","174","1224"
"19","0900009A","51","36","24","3","4616","0","0","0","0","0","0","0","0","0","2321","0","0","0","0","0","0","0","0","0","0","0","1250","1065"
"19","0900010A","51","36","24","3","3885","0","0","0","0","0","0","0","0","0","2108","0","0","0","0","0","0","0","0","0","0","0","1461","645"
"19","0900026A","51","36","24","3","5324","0","0","0","0","0","0","0","0","0","2665","0","0","0","0","0","0","0","0","0","0","0","1016","1647"
"19","0900030A","51","36","24","3","4573","0","0","0","0","0","0","0","0","0","1949","0","0","0","0","0","0","0","0","0","0","0","824","1122"
"19","0900046A","51","36","24","3","4328","0","0","0","0","0","0","0","0","0","1947","0","0","0","0","0","0","0","0","0","0","0","810","1134"
"19","0930001A","69","42","33","3","1136","0","0","0","0","0","0","0","0","0","693","0","0","0","0","0","0","0","0","0","0","0","284","408"
"19","0940005A","41","31","22","3","630","0","0","0","0","0","0","0","0","0","321","0","0","0","0","0","0","0","0","0","0","0","167","154"
"19","0950001A","44","30","20","3","5266","0","0","0","0","0","0","0","0","0","2482","0","0","0","0","0","0","0","0","0","0","0","861","1620"
"19","0950012A","44","30","20","3","5257","0","0","0","0","0","0","0","0","0","3011","0","0","0","0","0","0","0","0","0","0","0","664","2347"
"19","0950018A","44","30","20","3","5392","0","0","0","0","0","0","0","0","0","2669","0","0","0","0","0","0","0","0","0","0","0","674","1993"
"19","0950029A","44","30","20","3","5137","0","0","0","0","0","0","0","0","0","2402","0","0","0","0","0","0","0","0","0","0","0","754","1648"
"19","0950045A","44","30","20","3","5104","0","0","0","0","0","0","0","0","0","3002","0","0","0","0","0","0","0","0","0","0","0","772","2229"
"19","0950053A","44","30","20","3","5582","0","0","0","0","0","0","0","0","0","3346","0","0","0","0","0","0","0","0","0","0","0","849","2494"
"19","0950138B","44","30","20","3","5418","0","0","0","0","0","0","0","0","0","2708","0","0","0","0","0","0","0","0","0","0","0","770","1933"
"19","0950141B","44","30","20","3","3069","0","0","0","0","0","0","0","0","0","1563","0","0","0","0","0","0","0","0","0","0","0","770","793"
"19","0950150A","44","30","20","3","5382","0","0","0","0","0","0","0","0","0","2362","0","0","0","0","0","0","0","0","0","0","0","850","1511"
"19","0950156A","44","30","20","3","5804","0","0","0","0","0","0","0","0","0","2621","0","0","0","0","0","0","0","0","0","0","0","626","1991"
"19","0950168A","44","30","20","3","5322","0","0","0","0","0","0","0","0","0","2372","0","0","0","0","0","0","0","0","0","0","0","487","1884"
"19","0950178A","44","30","20","3","5843","0","0","0","0","0","0","0","0","0","3409","0","0","0","0","0","0","0","0","0","0","0","677","2731"
"19","0950189A","44","30","20","3","4771","0","0","0","0","0","0","0","0","0","2729","0","0","0","0","0","0","0","0","0","0","0","715","2013"
"19","0950190A","44","30","20","3","4260","0","0","0","0","0","0","0","0","0","2645","0","0","0","0","0","0","0","0","0","0","0","644","2001"
"19","1000015A","42","26","24","3","5670","0","0","0","0","0","0","0","0","0","2866","0","0","0","0","0","0","0","0","0","0","0","1069","1792"
"19","1000016A","42","26","24","3","5090","0","0","0","0","0","0","0","0","0","2839","0","0","0","0","0","0","0","0","0","0","0","981","1855"
"19","1000033A","42","26","24","3","6144","0","0","0","0","0","0","0","0","0","3219","0","0","0","0","0","0","0","0","0","0","0","1382","1834"
"19","1020007A","40","27","23","3","54","0","0","0","0","0","0","0","0","0","28","0","0","0","0","0","0","0","0","0","0","0","14","14"
"19","1020017A","40","27","23","3","254","0","0","0","0","0","0","0","0","0","147","0","0","0","0","0","0","0","0","0","0","0","89","58"
"19","1020019B","40","29","20","3","1","0","0","0","0","0","0","0","0","0","0","0","0","0","0","0","0","0","0","0","0","0","0","0"
"19","1020022A","40","27","20","3","0","0","0","0","0","0","0","0","0","0","0","0","0","0","0","0","0","0","0","0","0","0","0","0"
"19","1020244A","40","27","20","3","1385","0","0","0","0","0","0","0","0","0","632","0","0","0","0","0","0","0","0","0","0","0","298","334"
"19","1030003A","65","44","35","3","3578","0","0","0","0","0","0","0","0","0","1563","0","0","0","0","0","0","0","0","0","0","0","235","1326"
"19","1030010A","65","44","35","3","3668","0","0","0","0","0","0","0","0","0","2158","0","0","0","0","0","0","0","0","0","0","0","166","1992"
"19","1030013A","69","44","35","3","4373","0","0","0","0","0","0","0","0","0","1776","0","0","0","0","0","0","0","0","0","0","0","557","1218"
"19","1030014A","65","44","35","3","3614","0","0","0","0","0","0","0","0","0","1869","0","0","0","0","0","0","0","0","0","0","0","201","1666"
"19","1030020A","69","44","35","3","3885","0","0","0","0","0","0","0","0","0","1666","0","0","0","0","0","0","0","0","0","0","0","377","1285"
"19","1030028A","69","44","35","3","4185","0","0","0","0","0","0","0","0","0","1678","0","0","0","0","0","0","0","0","0","0","0","410","1267"
"19","1030031A","69","44","35","3","4338","0","0","0","0","0","0","0","0","0","1702","0","0","0","0","0","0","0","0","0","0","0","460","1242"
"19","1030038A","69","44","35","3","4322","0","0","0","0","0","0","0","0","0","1701","0","0","0","0","0","0","0","0","0","0","0","404","1296"
"19","1030039A","69","44","35","3","3974","0","0","0","0","0","0","0","0","0","1533","0","0","0","0","0","0","0","0","0","0","0","450","1082"
"19","1030044A","69","44","35","3","4437","0","0","0","0","0","0","0","0","0","1835","0","0","0","0","0","0","0","0","0","0","0","550","1284"
"19","1030058A","65","44","35","3","3973","0","0","0","0","0","0","0","0","0","1407","0","0","0","0","0","0","0","0","0","0","0","373","1034"
"19","1030071A","69","44","35","3","2268","0","0","0","0","0","0","0","0","0","839","0","0","0","0","0","0","0","0","0","0","0","198","640"
"19","1030081A","65","44","35","3","3656","0","0","0","0","0","0","0","0","0","1802","0","0","0","0","0","0","0","0","0","0","0","257","1545"
"19","1030083A","69","44","35","3","3507","0","0","0","0","0","0","0","0","0","1142","0","0","0","0","0","0","0","0","0","0","0","211","930"
"19","1030102A","65","44","35","3","3549","0","0","0","0","0","0","0","0","0","1976","0","0","0","0","0","0","0","0","0","0","0","173","1803"
"19","1030106A","65","44","35","3","3470","0","0","0","0","0","0","0","0","0","1875","0","0","0","0","0","0","0","0","0","0","0","159","1710"
"19","1030113A","69","44","35","3","3757","0","0","0","0","0","0","0","0","0","1416","0","0","0","0","0","0","0","0","0","0","0","322","1094"
"19","1040001A","34","27","23","3","5489","0","0","0","0","0","0","0","0","0","2878","0","0","0","0","0","0","0","0","0","0","0","1605","1270"
"19","1040003A","40","27","23","3","5705","0","0","0","0","0","0","0","0","0","2874","0","0","0","0","0","0","0","0","0","0","0","1350","1519"
"19","1040005A","40","27","23","3","182","0","0","0","0","0","0","0","0","0","72","0","0","0","0","0","0","0","0","0","0","0","49","23"
"19","1040006A","34","27","23","3","0","0","0","0","0","0","0","0","0","0","0","0","0","0","0","0","0","0","0","0","0","0","0","0"
"19","1040017B","40","27","23","3","5346","0","0","0","0","0","0","0","0","0","2991","0","0","0","0","0","0","0","0","0","0","0","1598","1391"
"19","1040025A","34","27","23","3","0","0","0","0","0","0","0","0","0","0","0","0","0","0","0","0","0","0","0","0","0","0","0","0"
"19","1060001A","55","36","28","3","361","0","0","0","0","0","0","0","0","0","167","0","0","0","0","0","0","0","0","0","0","0","27","140"
"19","1070004A","67","45","36","3","2652","0","0","0","0","0","0","0","0","0","1327","0","0","0","0","0","0","0","0","0","0","0","458","869"
"19","1070021A","67","45","36","3","5250","0","0","0","0","0","0","0","0","0","2483","0","0","0","0","0","0","0","0","0","0","0","863","1620"
"19","1070024A","67","45","36","3","5864","0","0","0","0","0","0","0","0","0","2527","0","0","0","0","0","0","0","0","0","0","0","912","1613"
"19","1070029A","67","45","36","3","5545","0","0","0","0","0","0","0","0","0","2588","0","0","0","0","0","0","0","0","0","0","0","878","1706"
"19","1070037A","67","45","36","3","5465","0","0","0","0","0","0","0","0","0","2474","0","0","0","0","0","0","0","0","0","0","0","861","1609"
"19","1070040A","67","45","36","3","5619","0","0","0","0","0","0","0","0","0","2724","0","0","0","0","0","0","0","0","0","0","0","1028","1693"
"19","1070041A","67","45","36","3","5905","0","0","0","0","0","0","0","0","0","2689","0","0","0","0","0","0","0","0","0","0","0","946","1734"
"19","1100002A","48","31","22","3","72","0","0","0","0","0","0","0","0","0","43","0","0","0","0","0","0","0","0","0","0","0","24","19"
"19","1100004A","48","31","22","3","3732","0","0","0","0","0","0","0","0","0","1509","0","0","0","0","0","0","0","0","0","0","0","410","1097"
"19","1100005A","48","31","22","3","905","0","0","0","0","0","0","0","0","0","373","0","0","0","0","0","0","0","0","0","0","0","60","313"
"19","1100007A","48","31","22","3","2752","0","0","0","0","0","0","0","0","0","1038","0","0","0","0","0","0","0","0","0","0","0","209","829"
"19","1100027A","48","31","22","3","2752","0","0","0","0","0","0","0","0","0","1261","0","0","0","0","0","0","0","0","0","0","0","457","803"
"19","1100079A","48","31","22","3","6","0","0","0","0","0","0","0","0","0","2","0","0","0","0","0","0","0","0","0","0","0","***","***"
"19","1100081A","48","31","22","3","2756","0","0","0","0","0","0","0","0","0","1194","0","0","0","0","0","0","0","0","0","0","0","373","819"
"19","1100084A","48","31","22","3","621","0","0","0","0","0","0","0","0","0","283","0","0","0","0","0","0","0","0","0","0","0","79","204"
"19","1100086A","48","31","22","3","2750","0","0","0","0","0","0","0","0","0","1328","0","0","0","0","0","0","0","0","0","0","0","516","809"
"19","1150006B","40","27","23","3","1365","0","0","0","0","0","0","0","0","0","628","0","0","0","0","0","0","0","0","0","0","0","223","404"
"19","1150012A","46","32","27","3","1245","0","0","0","0","0","0","0","0","0","631","0","0","0","0","0","0","0","0","0","0","0","251","379"
"19","1250001A","48","31","25","3","173","0","0","0","0","0","0","0","0","0","93","0","0","0","0","0","0","0","0","0","0","0","50","43"
"19","1250004B","48","28","25","3","1","0","0","0","0","0","0","0","0","0","0","0","0","0","0","0","0","0","0","0","0","0","0","0"
"19","1250021A","48","31","25","3","58","0","0","0","0","0","0","0","0","0","28","0","0","0","0","0","0","0","0","0","0","0","12","16"
"19","1250067A","41","28","25","3","0","0","0","0","0","0","0","0","0","0","0","0","0","0","0","0","0","0","0","0","0","0","0","0"
"19","1250068A","41","28","25","3","0","0","0","0","0","0","0","0","0","0","0","0","0","0","0","0","0","0","0","0","0","0","0","0"
"19","1250069A","41","31","22","3","0","0","0","0","0","0","0","0","0","0","0","0","0","0","0","0","0","0","0","0","0","0","0","0"
"19","1250072A","48","31","22","3","0","0","0","0","0","0","0","0","0","0","0","0","0","0","0","0","0","0","0","0","0","0","0","0"
"19","1250078A","41","28","25","3","1","0","0","0","0","0","0","0","0","0","0","0","0","0","0","0","0","0","0","0","0","0","0","0"
"19","1250079A","41","28","25","3","0","0","0","0","0","0","0","0","0","0","0","0","0","0","0","0","0","0","0","0","0","0","0","0"
"19","1250081A","41","31","25","3","14","0","0","0","0","0","0","0","0","0","5","0","0","0","0","0","0","0","0","0","0","0","***","***"
"19","1250083A","48","31","22","3","163","0","0","0","0","0","0","0","0","0","92","0","0","0","0","0","0","0","0","0","0","0","34","57"
"19","1300018A","41","28","25","3","6253","0","0","0","0","0","0","0","0","0","3978","0","0","0","0","0","0","0","0","0","0","0","1280","2695"
"19","1300021A","41","28","25","3","5620","0","0","0","0","0","0","0","0","0","3554","0","0","0","0","0","0","0","0","0","0","0","731","2822"
"19","1300023C","41","28","25","3","5823","0","0","0","0","0","0","0","0","0","3183","0","0","0","0","0","0","0","0","0","0","0","784","2396"
"19","1300042B","41","28","25","3","6248","0","0","0","0","0","0","0","0","0","3659","0","0","0","0","0","0","0","0","0","0","0","1431","2225"
"19","1430002A","54","42","33","3","2693","0","0","0","0","0","0","0","0","0","1068","0","0","0","0","0","0","0","0","0","0","0","154","913"
"19","1430034A","54","42","33","3","2546","0","0","0","0","0","0","0","0","0","1175","0","0","0","0","0","0","0","0","0","0","0","182","991"
"19","1430036A","54","42","33","3","2217","0","0","0","0","0","0","0","0","0","805","0","0","0","0","0","0","0","0","0","0","0","111","692"
"19","1450007B","65","43","35","3","3750","0","0","0","0","0","0","0","0","0","1315","0","0","0","0","0","0","0","0","0","0","0","101","1212"
"19","1450008A","65","43","35","3","2788","0","0","0","0","0","0","0","0","0","779","0","0","0","0","0","0","0","0","0","0","0","58","721"
"19","1450036A","65","43","35","3","3434","0","0","0","0","0","0","0","0","0","1115","0","0","0","0","0","0","0","0","0","0","0","76","1037"
"19","1450038A","65","43","35","3","3668","0","0","0","0","0","0","0","0","0","1402","0","0","0","0","0","0","0","0","0","0","0","125","1274"
"19","1450042A","65","43","35","3","3528","0","0","0","0","0","0","0","0","0","1068","0","0","0","0","0","0","0","0","0","0","0","106","961"
"19","1450045A","65","43","35","3","3587","0","0","0","0","0","0","0","0","0","1398","0","0","0","0","0","0","0","0","0","0","0","127","1270"
"19","1450047A","65","43","35","3","3261","0","0","0","0","0","0","0","0","0","1259","0","0","0","0","0","0","0","0","0","0","0","113","1146"
"19","1450092A","65","43","35","3","38","0","0","0","0","0","0","0","0","0","11","0","0","0","0","0","0","0","0","0","0","0","0","11"
"19","1450113A","65","43","35","3","3947","0","0","0","0","0","0","0","0","0","1323","0","0","0","0","0","0","0","0","0","0","0","106","1217"
"19","1450133A","65","43","35","3","3306","0","0","0","0","0","0","0","0","0","1099","0","0","0","0","0","0","0","0","0","0","0","91","1008"
"19","1450137A","65","43","35","3","3457","0","0","0","0","0","0","0","0","0","1052","0","0","0","0","0","0","0","0","0","0","0","81","970"
"19","1450142A","65","43","35","3","3273","0","0","0","0","0","0","0","0","0","1121","0","0","0","0","0","0","0","0","0","0","0","109","1012"
"19","1450145A","65","43","35","3","3273","0","0","0","0","0","0","0","0","0","1123","0","0","0","0","0","0","0","0","0","0","0","89","1033"
"19","1450149A","65","43","35","3","3261","0","0","0","0","0","0","0","0","0","1092","0","0","0","0","0","0","0","0","0","0","0","111","980"
"19","1450156A","65","43","35","3","3679","0","0","0","0","0","0","0","0","0","1579","0","0","0","0","0","0","0","0","0","0","0","127","1451"
"19","1450162A","65","43","35","3","2632","0","0","0","0","0","0","0","0","0","908","0","0","0","0","0","0","0","0","0","0","0","84","822"
"19","1500004A","48","31","22","3","4966","0","0","0","0","0","0","0","0","0","2282","0","0","0","0","0","0","0","0","0","0","0","690","1590"
"19","1500005A","48","31","22","3","4791","0","0","0","0","0","0","0","0","0","2366","0","0","0","0","0","0","0","0","0","0","0","760","1605"
"19","1500025A","48","31","22","3","4935","0","0","0","0","0","0","0","0","0","2149","0","0","0","0","0","0","0","0","0","0","0","688","1457"
"19","1500037A","48","31","22","3","4747","0","0","0","0","0","0","0","0","0","2345","0","0","0","0","0","0","0","0","0","0","0","988","1353"
"19","1500074A","48","31","22","3","3667","0","0","0","0","0","0","0","0","0","1927","0","0","0","0","0","0","0","0","0","0","0","795","1132"
"19","1500082A","48","31","22","3","4722","0","0","0","0","0","0","0","0","0","2151","0","0","0","0","0","0","0","0","0","0","0","764","1386"
"19","1500087D","48","31","22","3","3856","0","0","0","0","0","0","0","0","0","1707","0","0","0","0","0","0","0","0","0","0","0","516","1190"
"19","1550001A","64","42","33","3","2974","0","0","0","0","0","0","0","0","0","1076","0","0","0","0","0","0","0","0","0","0","0","155","920"
"19","1550004A","64","42","33","3","3405","0","0","0","0","0","0","0","0","0","1069","0","0","0","0","0","0","0","0","0","0","0","132","935"
"19","1550009A","64","42","33","3","3133","0","0","0","0","0","0","0","0","0","986","0","0","0","0","0","0","0","0","0","0","0","100","885"
"19","1600002A","55","36","28","3","3350","0","0","0","0","0","0","0","0","0","1798","0","0","0","0","0","0","0","0","0","0","0","319","1478"
"19","1600003A","55","37","28","3","6398","0","0","0","0","0","0","0","0","0","3752","0","0","0","0","0","0","0","0","0","0","0","484","3264"
"19","1600011A","55","37","28","3","6114","0","0","0","0","0","0","0","0","0","3604","0","0","0","0","0","0","0","0","0","0","0","616","2984"
"19","1600025A","55","37","28","3","6492","0","0","0","0","0","0","0","0","0","3972","0","0","0","0","0","0","0","0","0","0","0","665","3301"
"19","1600034A","55","36","28","3","6753","0","0","0","0","0","0","0","0","0","4046","0","0","0","0","0","0","0","0","0","0","0","632","3414"
"19","1680002A","61","43","35","3","3071","0","0","0","0","0","0","0","0","0","1530","0","0","0","0","0","0","0","0","0","0","0","414","1111"
"19","1680004A","61","43","35","3","4190","0","0","0","0","0","0","0","0","0","2207","0","0","0","0","0","0","0","0","0","0","0","591","1615"
"19","1750001A","34","27","23","3","1827","0","0","0","0","0","0","0","0","0","978","0","0","0","0","0","0","0","0","0","0","0","664","314"
"19","1750012A","34","27","23","3","43","0","0","0","0","0","0","0","0","0","27","0","0","0","0","0","0","0","0","0","0","0","18","9"
"19","1750056A","34","27","23","3","1927","0","0","0","0","0","0","0","0","0","923","0","0","0","0","0","0","0","0","0","0","0","626","297"
"19","1750057A","34","27","23","3","23","0","0","0","0","0","0","0","0","0","8","0","0","0","0","0","0","0","0","0","0","0","***","***"
"19","1750058A","34","27","23","3","12","0","0","0","0","0","0","0","0","0","4","0","0","0","0","0","0","0","0","0","0","0","***","***"
"19","1750061D","34","27","23","3","92","0","0","0","0","0","0","0","0","0","33","0","0","0","0","0","0","0","0","0","0","0","24","9"
"19","1770001A","34","27","23","3","1413","0","0","0","0","0","0","0","0","0","524","0","0","0","0","0","0","0","0","0","0","0","196","328"
"19","1770003A","39","27","23","3","1","0","0","0","0","0","0","0","0","0","0","0","0","0","0","0","0","0","0","0","0","0","0","0"
"19","1770004A","34","27","23","3","1448","0","0","0","0","0","0","0","0","0","673","0","0","0","0","0","0","0","0","0","0","0","417","256"
"19","1770007A","39","27","23","3","209","0","0","0","0","0","0","0","0","0","51","0","0","0","0","0","0","0","0","0","0","0","6","43"
"19","1770008A","34","27","23","3","445","0","0","0","0","0","0","0","0","0","195","0","0","0","0","0","0","0","0","0","0","0","103","92"
"19","1770015A","34","27","23","3","600","0","0","0","0","0","0","0","0","0","305","0","0","0","0","0","0","0","0","0","0","0","175","130"
"19","1770017A","39","27","23","3","0","0","0","0","0","0","0","0","0","0","0","0","0","0","0","0","0","0","0","0","0","0","0","0"
"19","1770019A","34","27","23","3","510","0","0","0","0","0","0","0","0","0","230","0","0","0","0","0","0","0","0","0","0","0","116","114"
"19","1770070A","39","27","23","3","16","0","0","0","0","0","0","0","0","0","4","0","0","0","0","0","0","0","0","0","0","0","***","***"
"19","1780012A","56","38","30","3","6064","0","0","0","0","0","0","0","0","0","2575","0","0","0","0","0","0","0","0","0","0","0","1146","1428"
"19","1780021A","56","38","30","3","5903","0","0","0","0","0","0","0","0","0","2575","0","0","0","0","0","0","0","0","0","0","0","1143","1429"
"19","1780063A","56","38","30","3","5513","0","0","0","0","0","0","0","0","0","2774","0","0","0","0","0","0","0","0","0","0","0","1114","1659"
"19","1780067B","56","38","30","3","5672","0","0","0","0","0","0","0","0","0","2672","0","0","0","0","0","0","0","0","0","0","0","1076","1594"
"19","1780072A","56","38","30","3","5588","0","0","0","0","0","0","0","0","0","2626","0","0","0","0","0","0","0","0","0","0","0","945","1680"
"19","1780091A","56","38","30","3","6056","0","0","0","0","0","0","0","0","0","2676","0","0","0","0","0","0","0","0","0","0","0","1140","1536"
"19","1790001A","51","32","24","3","0","0","0","0","0","0","0","0","0","0","0","0","0","0","0","0","0","0","0","0","0","0","0","0"
"19","1800020B","65","44","35","3","1956","0","0","0","0","0","0","0","0","0","847","0","0","0","0","0","0","0","0","0","0","0","151","694"
"19","1850001A","64","42","30","3","2647","0","0","0","0","0","0","0","0","0","1150","0","0","0","0","0","0","0","0","0","0","0","331","817"
"19","1850012B","64","42","30","3","2539","0","0","0","0","0","0","0","0","0","966","0","0","0","0","0","0","0","0","0","0","0","191","774"
"19","1850015C","64","42","30","3","4771","0","0","0","0","0","0","0","0","0","1922","0","0","0","0","0","0","0","0","0","0","0","524","1395"
"19","1850019B","64","42","30","3","4610","0","0","0","0","0","0","0","0","0","1827","0","0","0","0","0","0","0","0","0","0","0","495","1331"
"19","1850025A","64","42","30","3","4577","0","0","0","0","0","0","0","0","0","1985","0","0","0","0","0","0","0","0","0","0","0","533","1450"
"19","1850027A","64","42","30","3","5039","0","0","0","0","0","0","0","0","0","2002","0","0","0","0","0","0","0","0","0","0","0","523","1478"
"19","1850030A","64","42","30","3","4653","0","0","0","0","0","0","0","0","0","2060","0","0","0","0","0","0","0","0","0","0","0","562","1495"
"19","1850033A","64","42","30","3","4721","0","0","0","0","0","0","0","0","0","2116","0","0","0","0","0","0","0","0","0","0","0","587","1529"
"19","1850041A","64","42","30","3","4121","0","0","0","0","0","0","0","0","0","1921","0","0","0","0","0","0","0","0","0","0","0","596","1321"
"19","1850045A","64","42","30","3","3746","0","0","0","0","0","0","0","0","0","1774","0","0","0","0","0","0","0","0","0","0","0","487","1286"
"19","1850062D","64","38","30","3","2848","0","0","0","0","0","0","0","0","0","1366","0","0","0","0","0","0","0","0","0","0","0","404","962"
"19","1850064A","64","42","30","3","4678","0","0","0","0","0","0","0","0","0","2122","0","0","0","0","0","0","0","0","0","0","0","710","1411"
"19","1850076A","64","38","30","3","4735","0","0","0","0","0","0","0","0","0","2201","0","0","0","0","0","0","0","0","0","0","0","700","1499"
"19","1850079A","64","38","30","3","3992","0","0","0","0","0","0","0","0","0","1685","0","0","0","0","0","0","0","0","0","0","0","492","1193"
"19","1850080A","64","42","30","3","4955","0","0","0","0","0","0","0","0","0","2067","0","0","0","0","0","0","0","0","0","0","0","597","1467"
"19","1850138A","64","42","30","3","5277","0","0","0","0","0","0","0","0","0","2006","0","0","0","0","0","0","0","0","0","0","0","511","1493"
"19","1900001A","48","31","22","3","4265","0","0","0","0","0","0","0","0","0","1942","0","0","0","0","0","0","0","0","0","0","0","464","1475"
"19","1900012A","48","31","22","3","4723","0","0","0","0","0","0","0","0","0","2590","0","0","0","0","0","0","0","0","0","0","0","933","1656"
"19","1900023A","48","31","22","3","5190","0","0","0","0","0","0","0","0","0","2662","0","0","0","0","0","0","0","0","0","0","0","763","1897"
"19","1940001A","48","31","22","3","3739","0","0","0","0","0","0","0","0","0","1500","0","0","0","0","0","0","0","0","0","0","0","315","1184"
"19","1940007A","48","31","25","3","3697","0","0","0","0","0","0","0","0","0","1861","0","0","0","0","0","0","0","0","0","0","0","730","1130"
"19","1940013A","49","31","22","3","2387","0","0","0","0","0","0","0","0","0","1111","0","0","0","0","0","0","0","0","0","0","0","449","662"
"19","1960001A","65","43","35","3","502","0","0","0","0","0","0","0","0","0","133","0","0","0","0","0","0","0","0","0","0","0","19","114"
"19","1960003A","65","43","35","3","2735","0","0","0","0","0","0","0","0","0","840","0","0","0","0","0","0","0","0","0","0","0","55","785"
"19","1960009A","65","43","35","3","128","0","0","0","0","0","0","0","0","0","34","0","0","0","0","0","0","0","0","0","0","0","5","29"
"19","1960010A","65","43","35","3","1829","0","0","0","0","0","0","0","0","0","574","0","0","0","0","0","0","0","0","0","0","0","56","517"
"19","1960012A","62","44","33","3","0","0","0","0","0","0","0","0","0","0","0","0","0","0","0","0","0","0","0","0","0","0","0","0"
"19","1960033A","65","43","35","3","1495","0","0","0","0","0","0","0","0","0","427","0","0","0","0","0","0","0","0","0","0","0","31","394"
"19","2000002A","52","34","26","3","3701","0","0","0","0","0","0","0","0","0","1241","0","0","0","0","0","0","0","0","0","0","0","124","1117"
"19","2000003A","52","34","26","3","3927","0","0","0","0","0","0","0","0","0","1340","0","0","0","0","0","0","0","0","0","0","0","163","1175"
"19","2000013A","52","34","26","3","3877","0","0","0","0","0","0","0","0","0","1616","0","0","0","0","0","0","0","0","0","0","0","213","1399"
"19","2000022A","52","34","26","3","3731","0","0","0","0","0","0","0","0","0","1414","0","0","0","0","0","0","0","0","0","0","0","143","1269"
"19","2000024A","52","34","26","3","3815","0","0","0","0","0","0","0","0","0","1323","0","0","0","0","0","0","0","0","0","0","0","160","1163"
"19","2000025B","52","34","26","3","3797","0","0","0","0","0","0","0","0","0","1422","0","0","0","0","0","0","0","0","0","0","0","163","1257"
"19","2000040A","52","34","26","3","3473","0","0","0","0","0","0","0","0","0","1180","0","0","0","0","0","0","0","0","0","0","0","100","1079"
"19","2000053A","52","34","26","3","4283","0","0","0","0","0","0","0","0","0","1603","0","0","0","0","0","0","0","0","0","0","0","176","1427"
"19","2000062A","52","34","26","3","2035","0","0","0","0","0","0","0","0","0","835","0","0","0","0","0","0","0","0","0","0","0","133","700"
"19","2000082A","52","34","26","3","4144","0","0","0","0","0","0","0","0","0","1662","0","0","0","0","0","0","0","0","0","0","0","224","1436"
"19","2020006A","41","28","25","3","1447","0","0","0","0","0","0","0","0","0","867","0","0","0","0","0","0","0","0","0","0","0","244","621"
"19","2020007A","49","28","25","3","3990","0","0","0","0","0","0","0","0","0","1963","0","0","0","0","0","0","0","0","0","0","0","558","1403"
"19","2040001A","49","28","25","3","539","0","0","0","0","0","0","0","0","0","227","0","0","0","0","0","0","0","0","0","0","0","63","164"
"19","2040006A","49","28","25","3","34","0","0","0","0","0","0","0","0","0","14","0","0","0","0","0","0","0","0","0","0","0","3","11"
"19","2040007A","49","28","25","3","34","0","0","0","0","0","0","0","0","0","13","0","0","0","0","0","0","0","0","0","0","0","5","8"
"19","2040008A","49","28","25","3","2117","0","0","0","0","0","0","0","0","0","855","0","0","0","0","0","0","0","0","0","0","0","278","577"
"19","2040009A","49","28","25","3","97","0","0","0","0","0","0","0","0","0","36","0","0","0","0","0","0","0","0","0","0","0","17","19"
"19","2040012A","49","28","25","3","3479","0","0","0","0","0","0","0","0","0","1548","0","0","0","0","0","0","0","0","0","0","0","590","958"
"19","2040021A","49","28","25","3","4118","0","0","0","0","0","0","0","0","0","2002","0","0","0","0","0","0","0","0","0","0","0","743","1258"
"19","2040030A","49","28","25","3","2528","0","0","0","0","0","0","0","0","0","1117","0","0","0","0","0","0","0","0","0","0","0","343","769"
"19","2050001F","56","38","30","3","33","0","0","0","0","0","0","0","0","0","24","0","0","0","0","0","0","0","0","0","0","0","17","7"
"19","2050003A","56","38","30","3","0","0","0","0","0","0","0","0","0","0","0","0","0","0","0","0","0","0","0","0","0","0","0","0"
"19","2050003D","56","38","30","3","0","0","0","0","0","0","0","0","0","0","0","0","0","0","0","0","0","0","0","0","0","0","0","0"
"19","2050004A","56","38","30","3","0","0","0","0","0","0","0","0","0","0","0","0","0","0","0","0","0","0","0","0","0","0","0","0"
"19","2050005A","56","38","30","3","0","0","0","0","0","0","0","0","0","0","0","0","0","0","0","0","0","0","0","0","0","0","0","0"
"19","2050048A","56","38","30","3","542","0","0","0","0","0","0","0","0","0","291","0","0","0","0","0","0","0","0","0","0","0","156","135"
"19","2050063A","56","38","30","3","0","0","0","0","0","0","0","0","0","0","0","0","0","0","0","0","0","0","0","0","0","0","0","0"
"19","2050205B","56","38","30","3","0","0","0","0","0","0","0","0","0","0","0","0","0","0","0","0","0","0","0","0","0","0","0","0"
"19","2080005A","66","43","24","3","4732","0","0","0","0","0","0","0","0","0","2172","0","0","0","0","0","0","0","0","0","0","0","621","1548"
"19","2100001A","49","31","22","3","4338","0","0","0","0","0","0","0","0","0","1596","0","0","0","0","0","0","0","0","0","0","0","429","1167"
"19","2100011A","56","31","22","3","4390","0","0","0","0","0","0","0","0","0","1428","0","0","0","0","0","0","0","0","0","0","0","256","1171"
"19","2100020A","49","31","22","3","4083","0","0","0","0","0","0","0","0","0","1656","0","0","0","0","0","0","0","0","0","0","0","480","1175"
"19","2100021A","56","31","22","3","4427","0","0","0","0","0","0","0","0","0","1565","0","0","0","0","0","0","0","0","0","0","0","316","1248"
"19","2100029A","49","31","22","3","4815","0","0","0","0","0","0","0","0","0","1591","0","0","0","0","0","0","0","0","0","0","0","331","1258"
"19","2100033B","49","31","22","3","4305","0","0","0","0","0","0","0","0","0","1393","0","0","0","0","0","0","0","0","0","0","0","306","1086"
"19","2100041C","49","31","22","3","3464","0","0","0","0","0","0","0","0","0","1291","0","0","0","0","0","0","0","0","0","0","0","357","932"
"19","2100101A","49","31","22","3","4380","0","0","0","0","0","0","0","0","0","1644","0","0","0","0","0","0","0","0","0","0","0","443","1198"
"19","2100112A","56","31","22","3","4570","0","0","0","0","0","0","0","0","0","1427","0","0","0","0","0","0","0","0","0","0","0","340","1085"
"19","2100121A","56","31","22","3","4189","0","0","0","0","0","0","0","0","0","1405","0","0","0","0","0","0","0","0","0","0","0","246","1156"
"19","2100122A","56","31","22","3","4104","0","0","0","0","0","0","0","0","0","1248","0","0","0","0","0","0","0","0","0","0","0","216","1030"
"19","2250011A","66","36","24","3","4967","0","0","0","0","0","0","0","0","0","2815","0","0","0","0","0","0","0","0","0","0","0","1069","1745"
"19","2250018A","66","36","24","3","3524","0","0","0","0","0","0","0","0","0","1920","0","0","0","0","0","0","0","0","0","0","0","590","1330"
"19","2250020A","66","36","24","3","4117","0","0","0","0","0","0","0","0","0","2438","0","0","0","0","0","0","0","0","0","0","0","854","1583"
"19","2300002A","57","42","33","3","2797","0","0","0","0","0","0","0","0","0","819","0","0","0","0","0","0","0","0","0","0","0","86","730"
"19","2300003A","57","42","33","3","1830","0","0","0","0","0","0","0","0","0","510","0","0","0","0","0","0","0","0","0","0","0","39","471"
"19","2300007A","57","42","33","3","1842","0","0","0","0","0","0","0","0","0","528","0","0","0","0","0","0","0","0","0","0","0","59","468"
"19","2300008A","57","42","33","3","3172","0","0","0","0","0","0","0","0","0","881","0","0","0","0","0","0","0","0","0","0","0","72","808"
"19","2300013A","57","42","35","3","2991","0","0","0","0","0","0","0","0","0","916","0","0","0","0","0","0","0","0","0","0","0","69","847"
"19","2300016A","57","42","35","3","2629","0","0","0","0","0","0","0","0","0","734","0","0","0","0","0","0","0","0","0","0","0","64","669"
"19","2300019A","57","42","35","3","2096","0","0","0","0","0","0","0","0","0","563","0","0","0","0","0","0","0","0","0","0","0","35","526"
"19","2300025A","57","42","33","3","3387","0","0","0","0","0","0","0","0","0","944","0","0","0","0","0","0","0","0","0","0","0","104","840"
"19","2300040A","57","42","35","3","2956","0","0","0","0","0","0","0","0","0","905","0","0","0","0","0","0","0","0","0","0","0","93","810"
"19","2300042A","57","42","33","3","2787","0","0","0","0","0","0","0","0","0","706","0","0","0","0","0","0","0","0","0","0","0","75","629"
"19","2350020C","41","28","25","3","0","0","0","0","0","0","0","0","0","0","0","0","0","0","0","0","0","0","0","0","0","0","0","0"
"19","2350021A","41","28","25","3","128","0","0","0","0","0","0","0","0","0","76","0","0","0","0","0","0","0","0","0","0","0","22","54"
"19","2350024A","41","31","22","3","881","0","0","0","0","0","0","0","0","0","470","0","0","0","0","0","0","0","0","0","0","0","238","231"
"19","2350025A","41","31","22","3","71","0","0","0","0","0","0","0","0","0","39","0","0","0","0","0","0","0","0","0","0","0","18","21"
"19","2350026B","41","31","25","3","633","0","0","0","0","0","0","0","0","0","320","0","0","0","0","0","0","0","0","0","0","0","136","184"
"19","2350028B","53","35","22","3","236","0","0","0","0","0","0","0","0","0","92","0","0","0","0","0","0","0","0","0","0","0","27","65"
"19","2350029A","53","35","22","3","165","0","0","0","0","0","0","0","0","0","81","0","0","0","0","0","0","0","0","0","0","0","23","58"
"19","2350030A","41","28","25","3","338","0","0","0","0","0","0","0","0","0","194","0","0","0","0","0","0","0","0","0","0","0","77","117"
"19","2400001A","51","32","24","3","0","0","0","0","0","0","0","0","0","0","0","0","0","0","0","0","0","0","0","0","0","0","0","0"
"19","2500003A","66","43","24","3","4910","0","0","0","0","0","0","0","0","0","2007","0","0","0","0","0","0","0","0","0","0","0","500","1506"
"19","2500005A","61","43","35","3","3336","0","0","0","0","0","0","0","0","0","1648","0","0","0","0","0","0","0","0","0","0","0","132","1515"
"19","2500008A","61","43","35","3","3026","0","0","0","0","0","0","0","0","0","1623","0","0","0","0","0","0","0","0","0","0","0","133","1488"
"19","2500010A","66","43","24","3","5635","0","0","0","0","0","0","0","0","0","2635","0","0","0","0","0","0","0","0","0","0","0","757","1875"
"19","2500018A","66","43","24","3","4962","0","0","0","0","0","0","0","0","0","1820","0","0","0","0","0","0","0","0","0","0","0","370","1448"
"19","2500041A","61","43","35","3","3987","0","0","0","0","0","0","0","0","0","1632","0","0","0","0","0","0","0","0","0","0","0","252","1379"
"19","2500043B","66","43","24","3","5702","0","0","0","0","0","0","0","0","0","2443","0","0","0","0","0","0","0","0","0","0","0","608","1833"
"19","2500052A","66","43","24","3","5316","0","0","0","0","0","0","0","0","0","2176","0","0","0","0","0","0","0","0","0","0","0","489","1685"
"19","2520001A","51","30","24","3","0","0","0","0","0","0","0","0","0","0","0","0","0","0","0","0","0","0","0","0","0","0","0","0"
"19","2550002A","44","30","25","3","3805","0","0","0","0","0","0","0","0","0","2045","0","0","0","0","0","0","0","0","0","0","0","774","1269"
"19","2550007A","44","30","25","3","3732","0","0","0","0","0","0","0","0","0","1909","0","0","0","0","0","0","0","0","0","0","0","724","1181"
"19","2550018A","44","30","25","3","5105","0","0","0","0","0","0","0","0","0","2640","0","0","0","0","0","0","0","0","0","0","0","949","1690"
"19","2550027A","44","30","25","3","4132","0","0","0","0","0","0","0","0","0","1990","0","0","0","0","0","0","0","0","0","0","0","738","1249"
"19","2550035A","44","30","25","3","4122","0","0","0","0","0","0","0","0","0","2018","0","0","0","0","0","0","0","0","0","0","0","747","1270"
"19","2550038A","52","30","25","3","4410","0","0","0","0","0","0","0","0","0","1407","0","0","0","0","0","0","0","0","0","0","0","376","1030"
"19","2550046A","44","30","25","3","4143","0","0","0","0","0","0","0","0","0","1228","0","0","0","0","0","0","0","0","0","0","0","398","830"
"19","2550058A","44","30","25","3","4043","0","0","0","0","0","0","0","0","0","1682","0","0","0","0","0","0","0","0","0","0","0","685","996"
"19","2550061A","52","30","25","3","4878","0","0","0","0","0","0","0","0","0","1506","0","0","0","0","0","0","0","0","0","0","0","400","1106"
"19","2550065A","44","30","25","3","5133","0","0","0","0","0","0","0","0","0","2406","0","0","0","0","0","0","0","0","0","0","0","1112","1291"
"19","2550067A","44","30","25","3","5943","0","0","0","0","0","0","0","0","0","2367","0","0","0","0","0","0","0","0","0","0","0","678","1687"
"19","2550074A","44","30","25","3","4997","0","0","0","0","0","0","0","0","0","2162","0","0","0","0","0","0","0","0","0","0","0","786","1374"
"19","2550075A","52","30","25","3","4631","0","0","0","0","0","0","0","0","0","1592","0","0","0","0","0","0","0","0","0","0","0","335","1256"
"19","2550077A","52","30","25","3","5785","0","0","0","0","0","0","0","0","0","2059","0","0","0","0","0","0","0","0","0","0","0","491","1561"
"19","2550080B","44","30","25","3","4396","0","0","0","0","0","0","0","0","0","1934","0","0","0","0","0","0","0","0","0","0","0","458","1476"
"19","2550097A","44","30","25","3","5218","0","0","0","0","0","0","0","0","0","1877","0","0","0","0","0","0","0","0","0","0","0","580","1296"
"19","2550098A","44","30","25","3","5231","0","0","0","0","0","0","0","0","0","2544","0","0","0","0","0","0","0","0","0","0","0","831","1711"
"19","2550115A","52","30","25","3","4542","0","0","0","0","0","0","0","0","0","1920","0","0","0","0","0","0","0","0","0","0","0","452","1463"
"19","2550118A","52","30","25","3","5008","0","0","0","0","0","0","0","0","0","1842","0","0","0","0","0","0","0","0","0","0","0","506","1333"
"19","2550123A","52","30","25","3","5000","0","0","0","0","0","0","0","0","0","1779","0","0","0","0","0","0","0","0","0","0","0","486","1292"
"19","2550132A","44","30","25","3","5151","0","0","0","0","0","0","0","0","0","1801","0","0","0","0","0","0","0","0","0","0","0","583","1212"
"19","2550148A","44","30","25","3","3861","0","0","0","0","0","0","0","0","0","1916","0","0","0","0","0","0","0","0","0","0","0","731","1184"
"19","2550151A","44","30","25","3","5098","0","0","0","0","0","0","0","0","0","2622","0","0","0","0","0","0","0","0","0","0","0","1040","1581"
"19","2550155A","44","30","25","3","5540","0","0","0","0","0","0","0","0","0","2578","0","0","0","0","0","0","0","0","0","0","0","767","1809"
"19","2600002A","48","31","25","3","5183","0","0","0","0","0","0","0","0","0","2718","0","0","0","0","0","0","0","0","0","0","0","1193","1523"
"19","2600019A","48","28","25","3","5168","0","0","0","0","0","0","0","0","0","2732","0","0","0","0","0","0","0","0","0","0","0","1359","1370"
"19","2600025A","48","31","25","3","4833","0","0","0","0","0","0","0","0","0","2440","0","0","0","0","0","0","0","0","0","0","0","1040","1398"
"19","2600026A","48","31","25","3","4668","0","0","0","0","0","0","0","0","0","2387","0","0","0","0","0","0","0","0","0","0","0","1061","1325"
"19","2600062A","48","31","25","3","5573","0","0","0","0","0","0","0","0","0","3421","0","0","0","0","0","0","0","0","0","0","0","2044","1377"
"19","2600104A","48","31","25","3","5268","0","0","0","0","0","0","0","0","0","3144","0","0","0","0","0","0","0","0","0","0","0","1878","1264"
"19","2600106A","48","31","25","3","5607","0","0","0","0","0","0","0","0","0","2656","0","0","0","0","0","0","0","0","0","0","0","1133","1521"
"19","2610001A","34","27","23","3","52","0","0","0","0","0","0","0","0","0","24","0","0","0","0","0","0","0","0","0","0","0","16","8"
"19","2620001A","34","27","23","3","709","0","0","0","0","0","0","0","0","0","363","0","0","0","0","0","0","0","0","0","0","0","226","137"
"19","2630001A","56","38","30","3","277","0","0","0","0","0","0","0","0","0","124","0","0","0","0","0","0","0","0","0","0","0","68","56"
"19","2630026A","56","38","30","3","4547","0","0","0","0","0","0","0","0","0","1794","0","0","0","0","0","0","0","0","0","0","0","481","1310"
"19","2630036A","56","38","30","3","4736","0","0","0","0","0","0","0","0","0","2072","0","0","0","0","0","0","0","0","0","0","0","571","1499"
"19","2630049A","56","38","30","3","5377","0","0","0","0","0","0","0","0","0","2409","0","0","0","0","0","0","0","0","0","0","0","862","1543"
"19","2630063A","56","38","30","3","5175","0","0","0","0","0","0","0","0","0","2169","0","0","0","0","0","0","0","0","0","0","0","739","1428"
"19","2630172A","56","38","30","3","2837","0","0","0","0","0","0","0","0","0","1156","0","0","0","0","0","0","0","0","0","0","0","469","686"
"19","2630177A","56","38","30","3","5910","0","0","0","0","0","0","0","0","0","2798","0","0","0","0","0","0","0","0","0","0","0","1051","1744"
"19","2630199A","56","38","30","3","5179","0","0","0","0","0","0","0","0","0","2541","0","0","0","0","0","0","0","0","0","0","0","1033","1507"
"19","2650007A","67","45","36","3","3600","0","0","0","0","0","0","0","0","0","1366","0","0","0","0","0","0","0","0","0","0","0","272","1094"
"19","2650013A","67","45","36","3","2806","0","0","0","0","0","0","0","0","0","1117","0","0","0","0","0","0","0","0","0","0","0","266","850"
"19","2700004A","61","43","35","3","4303","0","0","0","0","0","0","0","0","0","1631","0","0","0","0","0","0","0","0","0","0","0","198","1432"
"19","2700025A","61","43","35","3","5069","0","0","0","0","0","0","0","0","0","2159","0","0","0","0","0","0","0","0","0","0","0","503","1654"
"19","2700030A","61","43","35","3","4466","0","0","0","0","0","0","0","0","0","1565","0","0","0","0","0","0","0","0","0","0","0","264","1299"
"19","2700040A","61","43","35","3","3643","0","0","0","0","0","0","0","0","0","2230","0","0","0","0","0","0","0","0","0","0","0","632","1598"
"19","2700042A","61","43","35","3","4414","0","0","0","0","0","0","0","0","0","1592","0","0","0","0","0","0","0","0","0","0","0","209","1380"
"19","2700044A","61","43","35","3","5037","0","0","0","0","0","0","0","0","0","2034","0","0","0","0","0","0","0","0","0","0","0","345","1689"
"19","2700051A","61","43","35","3","3683","0","0","0","0","0","0","0","0","0","1705","0","0","0","0","0","0","0","0","0","0","0","140","1562"
"19","2700052A","61","43","35","3","4871","0","0","0","0","0","0","0","0","0","1696","0","0","0","0","0","0","0","0","0","0","0","220","1473"
"19","2700095A","61","43","35","3","4489","0","0","0","0","0","0","0","0","0","1875","0","0","0","0","0","0","0","0","0","0","0","411","1462"
"19","2700106A","61","43","35","3","4455","0","0","0","0","0","0","0","0","0","1596","0","0","0","0","0","0","0","0","0","0","0","210","1384"
"19","2750010A","66","36","24","3","7102","0","0","0","0","0","0","0","0","0","4048","0","0","0","0","0","0","0","0","0","0","0","1322","2724"
"19","2750019A","66","36","24","3","7653","0","0","0","0","0","0","0","0","0","4026","0","0","0","0","0","0","0","0","0","0","0","1290","2734"
"19","2780002A","42","32","24","3","1366","0","0","0","0","0","0","0","0","0","712","0","0","0","0","0","0","0","0","0","0","0","333","379"
"19","2850006A","62","42","33","3","3581","0","0","0","0","0","0","0","0","0","1341","0","0","0","0","0","0","0","0","0","0","0","189","1151"
"19","2850008A","62","42","33","3","4240","0","0","0","0","0","0","0","0","0","1469","0","0","0","0","0","0","0","0","0","0","0","152","1317"
"19","2850011A","62","42","33","3","3941","0","0","0","0","0","0","0","0","0","1591","0","0","0","0","0","0","0","0","0","0","0","203","1388"
"19","2850017A","62","42","33","3","4076","0","0","0","0","0","0","0","0","0","1417","0","0","0","0","0","0","0","0","0","0","0","162","1254"
"19","2850025A","62","42","33","3","3896","0","0","0","0","0","0","0","0","0","1575","0","0","0","0","0","0","0","0","0","0","0","200","1373"
"19","2850029A","62","42","33","3","2834","0","0","0","0","0","0","0","0","0","1094","0","0","0","0","0","0","0","0","0","0","0","132","961"
"19","2930004A","56","31","30","3","0","0","0","0","0","0","0","0","0","0","0","0","0","0","0","0","0","0","0","0","0","0","0","0"
"19","2930006B","56","31","30","3","3","0","0","0","0","0","0","0","0","0","0","0","0","0","0","0","0","0","0","0","0","0","0","0"
"19","2930007A","56","31","30","3","6","0","0","0","0","0","0","0","0","0","1","0","0","0","0","0","0","0","0","0","0","0","***","***"
"19","2930017A","56","31","30","3","47","0","0","0","0","0","0","0","0","0","24","0","0","0","0","0","0","0","0","0","0","0","16","8"
"19","2930019A","56","31","30","3","37","0","0","0","0","0","0","0","0","0","17","0","0","0","0","0","0","0","0","0","0","0","9","8"
"19","2930062A","56","38","30","3","7","0","0","0","0","0","0","0","0","0","2","0","0","0","0","0","0","0","0","0","0","0","***","***"
"19","2930063A","56","38","30","3","0","0","0","0","0","0","0","0","0","0","0","0","0","0","0","0","0","0","0","0","0","0","0","0"
"19","2950001A","61","43","35","3","4002","0","0","0","0","0","0","0","0","0","2182","0","0","0","0","0","0","0","0","0","0","0","151","2028"
"19","2950010A","61","43","35","3","3574","0","0","0","0","0","0","0","0","0","1837","0","0","0","0","0","0","0","0","0","0","0","110","1726"
"19","2950020A","61","43","35","3","3808","0","0","0","0","0","0","0","0","0","1895","0","0","0","0","0","0","0","0","0","0","0","123","1770"
"19","2950025A","61","43","35","3","3563","0","0","0","0","0","0","0","0","0","1447","0","0","0","0","0","0","0","0","0","0","0","130","1316"
"19","2950030A","61","43","35","3","3488","0","0","0","0","0","0","0","0","0","1276","0","0","0","0","0","0","0","0","0","0","0","130","1145"
"19","2950032A","61","43","35","3","3980","0","0","0","0","0","0","0","0","0","1675","0","0","0","0","0","0","0","0","0","0","0","146","1527"
"19","2950045A","61","43","35","3","3997","0","0","0","0","0","0","0","0","0","1546","0","0","0","0","0","0","0","0","0","0","0","128","1414"
"19","2950047A","61","43","35","3","3506","0","0","0","0","0","0","0","0","0","1360","0","0","0","0","0","0","0","0","0","0","0","168","1192"
"19","2950052B","61","43","35","3","3733","0","0","0","0","0","0","0","0","0","1355","0","0","0","0","0","0","0","0","0","0","0","121","1231"
"19","2950063A","61","43","35","3","4109","0","0","0","0","0","0","0","0","0","1964","0","0","0","0","0","0","0","0","0","0","0","159","1802"
"19","2950084A","61","43","35","3","4056","0","0","0","0","0","0","0","0","0","2057","0","0","0","0","0","0","0","0","0","0","0","219","1838"
"19","2950086A","61","43","35","3","3430","0","0","0","0","0","0","0","0","0","1322","0","0","0","0","0","0","0","0","0","0","0","111","1210"
"19","2950090A","61","43","35","3","230","0","0","0","0","0","0","0","0","0","144","0","0","0","0","0","0","0","0","0","0","0","15","129"
"19","2950092A","61","43","35","3","4923","0","0","0","0","0","0","0","0","0","2117","0","0","0","0","0","0","0","0","0","0","0","140","1973"
"19","2950095A","61","43","35","3","4017","0","0","0","0","0","0","0","0","0","1704","0","0","0","0","0","0","0","0","0","0","0","98","1603"
"19","2950141A","61","43","35","3","3444","0","0","0","0","0","0","0","0","0","1220","0","0","0","0","0","0","0","0","0","0","0","129","1090"
"19","2950146B","61","43","35","3","3476","0","0","0","0","0","0","0","0","0","1224","0","0","0","0","0","0","0","0","0","0","0","110","1113"
"19","2950152A","61","43","35","3","4131","0","0","0","0","0","0","0","0","0","2130","0","0","0","0","0","0","0","0","0","0","0","105","2024"
"19","3000003A","48","31","22","3","1037","0","0","0","0","0","0","0","0","0","463","0","0","0","0","0","0","0","0","0","0","0","110","353"
"19","3080001A","41","28","25","3","964","0","0","0","0","0","0","0","0","0","582","0","0","0","0","0","0","0","0","0","0","0","222","358"
"19","3150018A","41","28","25","3","4700","0","0","0","0","0","0","0","0","0","2633","0","0","0","0","0","0","0","0","0","0","0","1181","1451"
"19","3150023A","41","28","25","3","4977","0","0","0","0","0","0","0","0","0","2796","0","0","0","0","0","0","0","0","0","0","0","1080","1715"
"19","3150040A","41","28","25","3","6096","0","0","0","0","0","0","0","0","0","3517","0","0","0","0","0","0","0","0","0","0","0","1405","2110"
"19","3200001A","41","28","25","3","4547","0","0","0","0","0","0","0","0","0","2487","0","0","0","0","0","0","0","0","0","0","0","881","1606"
"19","3200018A","44","28","25","3","5584","0","0","0","0","0","0","0","0","0","2806","0","0","0","0","0","0","0","0","0","0","0","924","1881"
"19","3200071C","41","28","25","3","0","0","0","0","0","0","0","0","0","0","0","0","0","0","0","0","0","0","0","0","0","0","0","0"
"19","3230003A","56","38","30","3","4170","0","0","0","0","0","0","0","0","0","2309","0","0","0","0","0","0","0","0","0","0","0","1301","1005"
"19","3300007A","64","38","30","3","4566","0","0","0","0","0","0","0","0","0","2313","0","0","0","0","0","0","0","0","0","0","0","1041","1267"
"19","3300022A","64","38","30","3","5081","0","0","0","0","0","0","0","0","0","2419","0","0","0","0","0","0","0","0","0","0","0","1079","1338"
"19","3300026A","64","38","30","3","4443","0","0","0","0","0","0","0","0","0","2315","0","0","0","0","0","0","0","0","0","0","0","1094","1218"
"19","3300044A","64","38","30","3","3629","0","0","0","0","0","0","0","0","0","1678","0","0","0","0","0","0","0","0","0","0","0","693","985"
"19","3300045A","64","38","30","3","5704","0","0","0","0","0","0","0","0","0","2779","0","0","0","0","0","0","0","0","0","0","0","1252","1523"
"19","3300070A","64","38","30","3","4154","0","0","0","0","0","0","0","0","0","2116","0","0","0","0","0","0","0","0","0","0","0","933","1182"
"19","3300072A","64","38","30","3","5012","0","0","0","0","0","0","0","0","0","2228","0","0","0","0","0","0","0","0","0","0","0","829","1398"
"19","3330003A","56","31","30","3","3675","0","0","0","0","0","0","0","0","0","1450","0","0","0","0","0","0","0","0","0","0","0","316","1133"
"19","3330018A","56","31","30","3","3522","0","0","0","0","0","0","0","0","0","1406","0","0","0","0","0","0","0","0","0","0","0","271","1133"
"19","3330020B","56","31","30","3","4084","0","0","0","0","0","0","0","0","0","1540","0","0","0","0","0","0","0","0","0","0","0","275","1264"
"19","3330022A","56","31","30","3","2989","0","0","0","0","0","0","0","0","0","1186","0","0","0","0","0","0","0","0","0","0","0","242","941"
"19","3330025A","56","31","30","3","2561","0","0","0","0","0","0","0","0","0","911","0","0","0","0","0","0","0","0","0","0","0","188","721"
"19","3330033A","56","31","30","3","3116","0","0","0","0","0","0","0","0","0","1242","0","0","0","0","0","0","0","0","0","0","0","218","1023"
"19","3350001A","66","44","35","3","1239","0","0","0","0","0","0","0","0","0","491","0","0","0","0","0","0","0","0","0","0","0","181","309"
"19","3400003B","41","31","22","3","3485","0","0","0","0","0","0","0","0","0","1767","0","0","0","0","0","0","0","0","0","0","0","688","1077"
"19","3400004A","41","31","22","3","4602","0","0","0","0","0","0","0","0","0","2543","0","0","0","0","0","0","0","0","0","0","0","1116","1423"
"19","3400010A","41","31","22","3","4006","0","0","0","0","0","0","0","0","0","2329","0","0","0","0","0","0","0","0","0","0","0","1267","1058"
"19","3400011B","41","31","22","3","5651","0","0","0","0","0","0","0","0","0","3264","0","0","0","0","0","0","0","0","0","0","0","1415","1844"
"19","3400050A","41","31","22","3","4948","0","0","0","0","0","0","0","0","0","2995","0","0","0","0","0","0","0","0","0","0","0","1650","1343"
"19","3430003A","55","37","28","3","3833","0","0","0","0","0","0","0","0","0","2467","0","0","0","0","0","0","0","0","0","0","0","216","2250"
"19","3430020A","55","37","28","3","2473","0","0","0","0","0","0","0","0","0","1397","0","0","0","0","0","0","0","0","0","0","0","83","1314"
"19","3450002A","62","42","33","3","2866","0","0","0","0","0","0","0","0","0","1483","0","0","0","0","0","0","0","0","0","0","0","607","874"
"19","3450012A","62","44","33","3","4857","0","0","0","0","0","0","0","0","0","2449","0","0","0","0","0","0","0","0","0","0","0","884","1565"
"19","3450016A","62","44","33","3","5525","0","0","0","0","0","0","0","0","0","2722","0","0","0","0","0","0","0","0","0","0","0","1150","1569"
"19","3450019A","62","42","33","3","5011","0","0","0","0","0","0","0","0","0","2735","0","0","0","0","0","0","0","0","0","0","0","1230","1501"
"19","3450031A","62","44","33","3","5133","0","0","0","0","0","0","0","0","0","2453","0","0","0","0","0","0","0","0","0","0","0","757","1694"
"19","3450045A","62","44","33","3","5294","0","0","0","0","0","0","0","0","0","2754","0","0","0","0","0","0","0","0","0","0","0","926","1823"
"19","3450045D","62","44","33","3","2","0","0","0","0","0","0","0","0","0","0","0","0","0","0","0","0","0","0","0","0","0","0","0"
"19","3450046A","62","44","33","3","5469","0","0","0","0","0","0","0","0","0","2775","0","0","0","0","0","0","0","0","0","0","0","830","1942"
"19","3450054A","62","44","33","3","4776","0","0","0","0","0","0","0","0","0","2528","0","0","0","0","0","0","0","0","0","0","0","970","1555"
"19","3450059A","62","42","33","3","5132","0","0","0","0","0","0","0","0","0","2804","0","0","0","0","0","0","0","0","0","0","0","1206","1598"
"19","3450066A","62","44","33","3","2812","0","0","0","0","0","0","0","0","0","1581","0","0","0","0","0","0","0","0","0","0","0","671","910"
"19","3450073A","62","42","33","3","3049","0","0","0","0","0","0","0","0","0","1120","0","0","0","0","0","0","0","0","0","0","0","285","833"
"19","3450075A","62","45","33","3","3853","0","0","0","0","0","0","0","0","0","1642","0","0","0","0","0","0","0","0","0","0","0","558","1084"
"19","3450091A","62","42","33","3","3373","0","0","0","0","0","0","0","0","0","1402","0","0","0","0","0","0","0","0","0","0","0","366","1035"
"19","3500010C","41","28","25","3","16","0","0","0","0","0","0","0","0","0","5","0","0","0","0","0","0","0","0","0","0","0","***","***"
"19","3500013A","41","28","25","3","1","0","0","0","0","0","0","0","0","0","0","0","0","0","0","0","0","0","0","0","0","0","0","0"
"19","3500015A","41","31","22","3","0","0","0","0","0","0","0","0","0","0","0","0","0","0","0","0","0","0","0","0","0","0","0","0"
"19","3550007A","39","27","23","3","5021","0","0","0","0","0","0","0","0","0","1598","0","0","0","0","0","0","0","0","0","0","0","403","1194"
"19","3550011B","34","27","23","3","5681","0","0","0","0","0","0","0","0","0","2105","0","0","0","0","0","0","0","0","0","0","0","744","1361"
"19","3550014A","39","27","23","3","5261","0","0","0","0","0","0","0","0","0","1771","0","0","0","0","0","0","0","0","0","0","0","556","1213"
"19","3550017A","39","27","23","3","5766","0","0","0","0","0","0","0","0","0","2202","0","0","0","0","0","0","0","0","0","0","0","652","1549"
"19","3550019A","39","27","23","3","5385","0","0","0","0","0","0","0","0","0","1715","0","0","0","0","0","0","0","0","0","0","0","530","1185"
"19","3550025A","34","27","23","3","5424","0","0","0","0","0","0","0","0","0","1999","0","0","0","0","0","0","0","0","0","0","0","656","1341"
"19","3550026A","39","27","23","3","5591","0","0","0","0","0","0","0","0","0","2063","0","0","0","0","0","0","0","0","0","0","0","713","1349"
"19","3550028A","34","27","23","3","5487","0","0","0","0","0","0","0","0","0","1698","0","0","0","0","0","0","0","0","0","0","0","402","1295"
"19","3550045A","39","27","23","3","5529","0","0","0","0","0","0","0","0","0","2449","0","0","0","0","0","0","0","0","0","0","0","1183","1264"
"19","3550054A","39","27","23","3","5147","0","0","0","0","0","0","0","0","0","1569","0","0","0","0","0","0","0","0","0","0","0","461","1105"
"19","3550058A","39","27","23","3","5144","0","0","0","0","0","0","0","0","0","2549","0","0","0","0","0","0","0","0","0","0","0","1368","1177"
"19","3550061A","39","27","23","3","5739","0","0","0","0","0","0","0","0","0","2474","0","0","0","0","0","0","0","0","0","0","0","1008","1465"
"19","3550080A","34","27","23","3","5717","0","0","0","0","0","0","0","0","0","2390","0","0","0","0","0","0","0","0","0","0","0","1015","1374"
"19","3550090A","34","27","23","3","5117","0","0","0","0","0","0","0","0","0","2074","0","0","0","0","0","0","0","0","0","0","0","825","1248"
"19","3550098A","39","27","23","3","5113","0","0","0","0","0","0","0","0","0","1799","0","0","0","0","0","0","0","0","0","0","0","472","1324"
"19","3550099A","39","27","23","3","5299","0","0","0","0","0","0","0","0","0","1765","0","0","0","0","0","0","0","0","0","0","0","485","1278"
"19","3550101H","34","27","23","3","5292","0","0","0","0","0","0","0","0","0","2449","0","0","0","0","0","0","0","0","0","0","0","1185","1263"
"19","3550119A","34","27","23","3","5464","0","0","0","0","0","0","0","0","0","2460","0","0","0","0","0","0","0","0","0","0","0","1109","1351"
"19","3650004A","61","43","35","3","3456","0","0","0","0","0","0","0","0","0","1271","0","0","0","0","0","0","0","0","0","0","0","246","1024"
"19","3650006A","61","43","35","3","3682","0","0","0","0","0","0","0","0","0","1578","0","0","0","0","0","0","0","0","0","0","0","331","1244"
"19","3650011A","61","43","35","3","2685","0","0","0","0","0","0","0","0","0","1004","0","0","0","0","0","0","0","0","0","0","0","215","788"
"19","3650015A","61","43","35","3","3533","0","0","0","0","0","0","0","0","0","1386","0","0","0","0","0","0","0","0","0","0","0","279","1106"
"19","3650018B","61","43","35","3","3343","0","0","0","0","0","0","0","0","0","1299","0","0","0","0","0","0","0","0","0","0","0","340","958"
"19","3670001A","61","43","35","3","2953","0","0","0","0","0","0","0","0","0","1027","0","0","0","0","0","0","0","0","0","0","0","109","918"
"19","3670002A","61","43","35","3","3047","0","0","0","0","0","0","0","0","0","1036","0","0","0","0","0","0","0","0","0","0","0","98","936"
"19","3670013A","61","43","35","3","3202","0","0","0","0","0","0","0","0","0","1107","0","0","0","0","0","0","0","0","0","0","0","108","998"
"19","3680001A","34","27","23","3","1111","0","0","0","0","0","0","0","0","0","581","0","0","0","0","0","0","0","0","0","0","0","443","137"
"19","3700041A","39","27","23","3","3359","0","0","0","0","0","0","0","0","0","1188","0","0","0","0","0","0","0","0","0","0","0","489","696"
"19","3700043A","39","27","23","3","958","0","0","0","0","0","0","0","0","0","330","0","0","0","0","0","0","0","0","0","0","0","96","234"
"19","3700045A","39","27","23","3","13","0","0","0","0","0","0","0","0","0","7","0","0","0","0","0","0","0","0","0","0","0","***","***"
"19","3700046A","39","23","23","3","3166","0","0","0","0","0","0","0","0","0","1112","0","0","0","0","0","0","0","0","0","0","0","389","722"
"19","3750005A","41","23","23","3","890","0","0","0","0","0","0","0","0","0","457","0","0","0","0","0","0","0","0","0","0","0","288","169"
"19","3750005N","39","23","23","3","2","0","0","0","0","0","0","0","0","0","2","0","0","0","0","0","0","0","0","0","0","0","***","***"
"19","3800001A","66","36","24","3","2311","0","0","0","0","0","0","0","0","0","1204","0","0","0","0","0","0","0","0","0","0","0","449","755"
"19","3800006A","66","36","24","3","5472","0","0","0","0","0","0","0","0","0","2618","0","0","0","0","0","0","0","0","0","0","0","991","1625"
"19","3800022A","66","36","24","3","5322","0","0","0","0","0","0","0","0","0","2483","0","0","0","0","0","0","0","0","0","0","0","958","1523"
"19","3850008A","65","44","33","3","3068","0","0","0","0","0","0","0","0","0","1224","0","0","0","0","0","0","0","0","0","0","0","182","1041"
"19","3850016A","65","44","33","3","2545","0","0","0","0","0","0","0","0","0","876","0","0","0","0","0","0","0","0","0","0","0","147","727"
"19","3850017B","65","44","33","3","2883","0","0","0","0","0","0","0","0","0","952","0","0","0","0","0","0","0","0","0","0","0","117","835"
"19","3850025A","69","44","33","3","4140","0","0","0","0","0","0","0","0","0","1299","0","0","0","0","0","0","0","0","0","0","0","173","1124"
"19","3850027A","65","44","33","3","4110","0","0","0","0","0","0","0","0","0","1472","0","0","0","0","0","0","0","0","0","0","0","262","1207"
"19","3850040A","69","42","33","3","4029","0","0","0","0","0","0","0","0","0","1288","0","0","0","0","0","0","0","0","0","0","0","151","1134"
"19","3850046A","69","42","33","3","3607","0","0","0","0","0","0","0","0","0","940","0","0","0","0","0","0","0","0","0","0","0","122","817"
"19","3850047A","69","42","33","3","4921","0","0","0","0","0","0","0","0","0","1955","0","0","0","0","0","0","0","0","0","0","0","260","1693"
"19","3850051A","69","42","33","3","5776","0","0","0","0","0","0","0","0","0","3434","0","0","0","0","0","0","0","0","0","0","0","1169","2263"
"19","3850058A","69","44","33","3","3837","0","0","0","0","0","0","0","0","0","1366","0","0","0","0","0","0","0","0","0","0","0","248","1117"
"19","3850068A","65","44","33","3","4033","0","0","0","0","0","0","0","0","0","1373","0","0","0","0","0","0","0","0","0","0","0","195","1178"
"19","3850071A","69","44","33","3","4374","0","0","0","0","0","0","0","0","0","1965","0","0","0","0","0","0","0","0","0","0","0","338","1626"
"19","3850072A","69","42","33","3","6373","0","0","0","0","0","0","0","0","0","2957","0","0","0","0","0","0","0","0","0","0","0","437","2519"
"19","3850081A","69","44","33","3","6259","0","0","0","0","0","0","0","0","0","3790","0","0","0","0","0","0","0","0","0","0","0","877","2909"
"19","3850092A","69","44","33","3","3573","0","0","0","0","0","0","0","0","0","1395","0","0","0","0","0","0","0","0","0","0","0","322","1071"
"19","3850097B","69","44","33","3","3679","0","0","0","0","0","0","0","0","0","1204","0","0","0","0","0","0","0","0","0","0","0","211","992"
"19","3850101A","69","42","33","3","4058","0","0","0","0","0","0","0","0","0","1371","0","0","0","0","0","0","0","0","0","0","0","267","1103"
"19","3850102A","65","44","33","3","3696","0","0","0","0","0","0","0","0","0","1200","0","0","0","0","0","0","0","0","0","0","0","172","1025"
"19","3850103A","69","44","33","3","4141","0","0","0","0","0","0","0","0","0","1497","0","0","0","0","0","0","0","0","0","0","0","327","1168"
"19","3850119A","65","44","33","3","3659","0","0","0","0","0","0","0","0","0","1401","0","0","0","0","0","0","0","0","0","0","0","253","1146"
"19","3850134A","69","44","33","3","4017","0","0","0","0","0","0","0","0","0","1585","0","0","0","0","0","0","0","0","0","0","0","229","1353"
"19","3850141A","65","44","33","3","3841","0","0","0","0","0","0","0","0","0","1293","0","0","0","0","0","0","0","0","0","0","0","210","1083"
"19","3850146A","69","42","33","3","3372","0","0","0","0","0","0","0","0","0","910","0","0","0","0","0","0","0","0","0","0","0","110","799"
"19","3850151A","69","42","33","3","3384","0","0","0","0","0","0","0","0","0","906","0","0","0","0","0","0","0","0","0","0","0","121","785"
"19","3850175A","69","42","33","3","6686","0","0","0","0","0","0","0","0","0","2754","0","0","0","0","0","0","0","0","0","0","0","352","2397"
"19","3850193A","69","42","33","3","3071","0","0","0","0","0","0","0","0","0","954","0","0","0","0","0","0","0","0","0","0","0","122","832"
"19","3850198A","69","42","33","3","6527","0","0","0","0","0","0","0","0","0","3226","0","0","0","0","0","0","0","0","0","0","0","453","2770"
"19","3850210A","69","42","33","3","6745","0","0","0","0","0","0","0","0","0","3724","0","0","0","0","0","0","0","0","0","0","0","486","3235"
"19","3850223A","69","42","33","3","7347","0","0","0","0","0","0","0","0","0","4388","0","0","0","0","0","0","0","0","0","0","0","795","3591"
"19","3850255A","69","42","33","3","4585","0","0","0","0","0","0","0","0","0","2947","0","0","0","0","0","0","0","0","0","0","0","1073","1871"
"19","3850262A","69","42","33","3","4731","0","0","0","0","0","0","0","0","0","3054","0","0","0","0","0","0","0","0","0","0","0","891","2162"
"19","3850270A","69","42","33","3","7137","0","0","0","0","0","0","0","0","0","3960","0","0","0","0","0","0","0","0","0","0","0","873","3085"
"19","3850276A","69","42","33","3","7077","0","0","0","0","0","0","0","0","0","4594","0","0","0","0","0","0","0","0","0","0","0","2010","2580"
"19","3850286A","69","42","33","3","4649","0","0","0","0","0","0","0","0","0","1712","0","0","0","0","0","0","0","0","0","0","0","248","1462"
"19","3850294A","69","42","33","3","5602","0","0","0","0","0","0","0","0","0","3324","0","0","0","0","0","0","0","0","0","0","0","1242","2082"
"19","3850296A","69","44","33","3","3704","0","0","0","0","0","0","0","0","0","1043","0","0","0","0","0","0","0","0","0","0","0","105","938"
"19","3850337A","69","42","33","3","5280","0","0","0","0","0","0","0","0","0","3205","0","0","0","0","0","0","0","0","0","0","0","1074","2126"
"19","3850356A","69","44","33","3","5829","0","0","0","0","0","0","0","0","0","3601","0","0","0","0","0","0","0","0","0","0","0","1334","2267"
"19","3850367A","69","42","33","3","5415","0","0","0","0","0","0","0","0","0","3280","0","0","0","0","0","0","0","0","0","0","0","1282","1997"
"19","3850371A","69","42","33","3","5411","0","0","0","0","0","0","0","0","0","3204","0","0","0","0","0","0","0","0","0","0","0","1180","2022"
"19","3850374B","69","44","33","3","4590","0","0","0","0","0","0","0","0","0","2519","0","0","0","0","0","0","0","0","0","0","0","929","1590"
"19","3850400A","69","42","33","3","2474","0","0","0","0","0","0","0","0","0","699","0","0","0","0","0","0","0","0","0","0","0","93","606"
"19","3850410A","69","42","33","3","18","0","0","0","0","0","0","0","0","0","6","0","0","0","0","0","0","0","0","0","0","0","***","***"
"19","3850415A","69","44","33","3","4129","0","0","0","0","0","0","0","0","0","1444","0","0","0","0","0","0","0","0","0","0","0","290","1154"
"19","3850419A","69","44","33","3","5940","0","0","0","0","0","0","0","0","0","3127","0","0","0","0","0","0","0","0","0","0","0","967","2155"
"19","3850547A","65","44","33","3","4053","0","0","0","0","0","0","0","0","0","1391","0","0","0","0","0","0","0","0","0","0","0","263","1127"
"19","3850549A","69","44","33","3","4521","0","0","0","0","0","0","0","0","0","2394","0","0","0","0","0","0","0","0","0","0","0","582","1810"
"19","3850555A","65","44","33","3","4156","0","0","0","0","0","0","0","0","0","1568","0","0","0","0","0","0","0","0","0","0","0","287","1279"
"19","3850558A","69","44","33","3","4824","0","0","0","0","0","0","0","0","0","2403","0","0","0","0","0","0","0","0","0","0","0","584","1816"
"19","3850562A","69","44","33","3","5380","0","0","0","0","0","0","0","0","0","3064","0","0","0","0","0","0","0","0","0","0","0","826","2234"
"19","3850568A","69","44","33","3","4275","0","0","0","0","0","0","0","0","0","1966","0","0","0","0","0","0","0","0","0","0","0","456","1506"
"19","3850593A","69","42","33","3","5582","0","0","0","0","0","0","0","0","0","2403","0","0","0","0","0","0","0","0","0","0","0","276","2124"
"19","3850611D","69","42","33","3","4618","0","0","0","0","0","0","0","0","0","1579","0","0","0","0","0","0","0","0","0","0","0","207","1370"
"19","3850618A","69","42","33","3","5352","0","0","0","0","0","0","0","0","0","2437","0","0","0","0","0","0","0","0","0","0","0","399","2036"
"19","3850620A","69","42","33","3","4960","0","0","0","0","0","0","0","0","0","2272","0","0","0","0","0","0","0","0","0","0","0","355","1914"
"19","3850624A","69","42","33","3","5217","0","0","0","0","0","0","0","0","0","2831","0","0","0","0","0","0","0","0","0","0","0","839","1990"
"19","3850639B","69","42","33","3","5640","0","0","0","0","0","0","0","0","0","3520","0","0","0","0","0","0","0","0","0","0","0","1300","2218"
"19","3850649A","69","42","33","3","4504","0","0","0","0","0","0","0","0","0","2739","0","0","0","0","0","0","0","0","0","0","0","1057","1681"
"19","3850660A","69","44","33","3","3621","0","0","0","0","0","0","0","0","0","1357","0","0","0","0","0","0","0","0","0","0","0","246","1107"
"19","3850687A","65","44","33","3","3640","0","0","0","0","0","0","0","0","0","1387","0","0","0","0","0","0","0","0","0","0","0","238","1148"
"19","3850702A","69","44","33","3","3946","0","0","0","0","0","0","0","0","0","1122","0","0","0","0","0","0","0","0","0","0","0","116","1003"
"19","3900004A","56","38","30","3","47","0","0","0","0","0","0","0","0","0","20","0","0","0","0","0","0","0","0","0","0","0","2","18"
"19","3900005A","56","38","30","3","4584","0","0","0","0","0","0","0","0","0","2173","0","0","0","0","0","0","0","0","0","0","0","540","1631"
"19","3900007A","56","38","30","3","3430","0","0","0","0","0","0","0","0","0","1448","0","0","0","0","0","0","0","0","0","0","0","333","1114"
"19","3900008A","56","38","30","3","4112","0","0","0","0","0","0","0","0","0","1709","0","0","0","0","0","0","0","0","0","0","0","293","1415"
"19","3900061C","56","38","30","3","169","0","0","0","0","0","0","0","0","0","55","0","0","0","0","0","0","0","0","0","0","0","12","43"
"19","3900069A","56","38","30","3","3549","0","0","0","0","0","0","0","0","0","1625","0","0","0","0","0","0","0","0","0","0","0","389","1235"
"19","3990001A","62","44","33","3","4046","0","0","0","0","0","0","0","0","0","1428","0","0","0","0","0","0","0","0","0","0","0","164","1263"
"19","3990012A","62","44","33","3","3778","0","0","0","0","0","0","0","0","0","1334","0","0","0","0","0","0","0","0","0","0","0","141","1192"
"19","3990015A","62","44","33","3","3477","0","0","0","0","0","0","0","0","0","1271","0","0","0","0","0","0","0","0","0","0","0","141","1129"
"19","3990017A","62","44","33","3","4152","0","0","0","0","0","0","0","0","0","1449","0","0","0","0","0","0","0","0","0","0","0","183","1264"
"19","3990019A","62","44","33","3","3965","0","0","0","0","0","0","0","0","0","1608","0","0","0","0","0","0","0","0","0","0","0","143","1461"
"19","3990028A","62","44","33","3","4071","0","0","0","0","0","0","0","0","0","1347","0","0","0","0","0","0","0","0","0","0","0","135","1212"
"19","3990033A","62","44","33","3","4001","0","0","0","0","0","0","0","0","0","1587","0","0","0","0","0","0","0","0","0","0","0","168","1416"
"19","3990065A","62","44","33","3","3947","0","0","0","0","0","0","0","0","0","1463","0","0","0","0","0","0","0","0","0","0","0","173","1286"
"19","4050051A","42","32","24","3","4259","0","0","0","0","0","0","0","0","0","2377","0","0","0","0","0","0","0","0","0","0","0","864","1511"
"19","4050208A","42","32","24","3","3210","0","0","0","0","0","0","0","0","0","1551","0","0","0","0","0","0","0","0","0","0","0","630","920"
"19","4060003A","42","32","24","3","1612","0","0","0","0","0","0","0","0","0","819","0","0","0","0","0","0","0","0","0","0","0","307","512"
"19","4100019A","66","36","24","3","6813","0","0","0","0","0","0","0","0","0","3989","0","0","0","0","0","0","0","0","0","0","0","1620","2367"
"19","4100028A","66","36","24","3","6985","0","0","0","0","0","0","0","0","0","4344","0","0","0","0","0","0","0","0","0","0","0","1544","2797"
"19","4100033A","66","36","24","3","6253","0","0","0","0","0","0","0","0","0","3664","0","0","0","0","0","0","0","0","0","0","0","1309","2354"
"19","4100061A","66","36","24","3","6877","0","0","0","0","0","0","0","0","0","3793","0","0","0","0","0","0","0","0","0","0","0","1415","2378"
"19","4150010A","61","36","24","3","7313","0","0","0","0","0","0","0","0","0","3436","0","0","0","0","0","0","0","0","0","0","0","734","2700"
"19","4200002B","62","42","33","3","3642","0","0","0","0","0","0","0","0","0","1411","0","0","0","0","0","0","0","0","0","0","0","151","1259"
"19","4200005A","62","42","33","3","3755","0","0","0","0","0","0","0","0","0","1326","0","0","0","0","0","0","0","0","0","0","0","112","1212"
"19","4200012A","62","42","33","3","3669","0","0","0","0","0","0","0","0","0","1363","0","0","0","0","0","0","0","0","0","0","0","146","1214"
"19","4400001A","41","28","25","3","5009","0","0","0","0","0","0","0","0","0","3200","0","0","0","0","0","0","0","0","0","0","0","1218","1981"
"19","4400011A","41","28","25","3","5077","0","0","0","0","0","0","0","0","0","3125","0","0","0","0","0","0","0","0","0","0","0","1197","1926"
"19","4400019A","48","31","25","3","174","0","0","0","0","0","0","0","0","0","70","0","0","0","0","0","0","0","0","0","0","0","19","51"
"19","4400037A","41","31","25","3","4908","0","0","0","0","0","0","0","0","0","2522","0","0","0","0","0","0","0","0","0","0","0","703","1817"
"19","4400066A","41","31","25","3","4616","0","0","0","0","0","0","0","0","0","2261","0","0","0","0","0","0","0","0","0","0","0","545","1715"
"19","4400067A","49","31","25","3","4798","0","0","0","0","0","0","0","0","0","2244","0","0","0","0","0","0","0","0","0","0","0","574","1669"
"19","4450002A","54","38","30","3","4665","0","0","0","0","0","0","0","0","0","2123","0","0","0","0","0","0","0","0","0","0","0","350","1773"
"19","4450005A","54","38","30","3","4452","0","0","0","0","0","0","0","0","0","1677","0","0","0","0","0","0","0","0","0","0","0","344","1331"
"19","4450016A","54","38","30","3","4953","0","0","0","0","0","0","0","0","0","2422","0","0","0","0","0","0","0","0","0","0","0","656","1764"
"19","4450017A","54","38","30","3","4214","0","0","0","0","0","0","0","0","0","1880","0","0","0","0","0","0","0","0","0","0","0","375","1504"
"19","4450025A","54","38","30","3","4676","0","0","0","0","0","0","0","0","0","2357","0","0","0","0","0","0","0","0","0","0","0","652","1702"
"19","4450043A","54","38","30","3","3631","0","0","0","0","0","0","0","0","0","1366","0","0","0","0","0","0","0","0","0","0","0","217","1145"
"19","4450065A","54","38","30","3","3700","0","0","0","0","0","0","0","0","0","1534","0","0","0","0","0","0","0","0","0","0","0","263","1269"
"19","4450091A","54","38","30","3","4302","0","0","0","0","0","0","0","0","0","1700","0","0","0","0","0","0","0","0","0","0","0","318","1377"
"19","4500001A","49","28","25","3","4441","0","0","0","0","0","0","0","0","0","1503","0","0","0","0","0","0","0","0","0","0","0","437","1065"
"19","4500006A","49","28","25","3","3859","0","0","0","0","0","0","0","0","0","1301","0","0","0","0","0","0","0","0","0","0","0","402","895"
"19","4500015A","49","28","25","3","4914","0","0","0","0","0","0","0","0","0","2372","0","0","0","0","0","0","0","0","0","0","0","723","1648"
"19","4500018A","49","28","25","3","4577","0","0","0","0","0","0","0","0","0","2164","0","0","0","0","0","0","0","0","0","0","0","677","1485"
"19","4500034A","49","28","25","3","4829","0","0","0","0","0","0","0","0","0","2041","0","0","0","0","0","0","0","0","0","0","0","602","1430"
"19","4500042A","49","28","25","3","4627","0","0","0","0","0","0","0","0","0","2197","0","0","0","0","0","0","0","0","0","0","0","606","1588"
"19","4500090A","49","28","25","3","5331","0","0","0","0","0","0","0","0","0","2417","0","0","0","0","0","0","0","0","0","0","0","572","1844"
"19","4610024A","44","28","25","3","3769","0","0","0","0","0","0","0","0","0","1827","0","0","0","0","0","0","0","0","0","0","0","626","1201"
"19","4650001A","34","27","23","3","560","0","0","0","0","0","0","0","0","0","275","0","0","0","0","0","0","0","0","0","0","0","176","99"
"19","4700001A","40","27","23","3","128","0","0","0","0","0","0","0","0","0","44","0","0","0","0","0","0","0","0","0","0","0","16","28"
"19","4700005A","40","27","20","3","80","0","0","0","0","0","0","0","0","0","42","0","0","0","0","0","0","0","0","0","0","0","25","17"
"19","4780001A","56","38","30","3","3167","0","0","0","0","0","0","0","0","0","1624","0","0","0","0","0","0","0","0","0","0","0","511","1112"
"19","4780005B","56","38","30","3","0","0","0","0","0","0","0","0","0","0","0","0","0","0","0","0","0","0","0","0","0","0","0","0"
"19","4780008A","56","31","30","3","0","0","0","0","0","0","0","0","0","0","0","0","0","0","0","0","0","0","0","0","0","0","0","0"
"19","4780014A","56","38","30","3","0","0","0","0","0","0","0","0","0","0","0","0","0","0","0","0","0","0","0","0","0","0","0","0"
"19","4800001A","64","38","30","3","4358","0","0","0","0","0","0","0","0","0","1739","0","0","0","0","0","0","0","0","0","0","0","419","1319"
"19","4800003A","64","38","30","3","4358","0","0","0","0","0","0","0","0","0","1751","0","0","0","0","0","0","0","0","0","0","0","379","1371"
"19","4800009B","64","38","30","3","3960","0","0","0","0","0","0","0","0","0","1674","0","0","0","0","0","0","0","0","0","0","0","427","1246"
"19","4800010A","64","38","30","3","4370","0","0","0","0","0","0","0","0","0","1751","0","0","0","0","0","0","0","0","0","0","0","449","1299"
"19","4800028A","64","38","30","3","4766","0","0","0","0","0","0","0","0","0","1952","0","0","0","0","0","0","0","0","0","0","0","551","1398"
"19","4800029B","64","38","30","3","4525","0","0","0","0","0","0","0","0","0","1915","0","0","0","0","0","0","0","0","0","0","0","441","1472"
"19","4800032A","64","38","30","3","5316","0","0","0","0","0","0","0","0","0","2072","0","0","0","0","0","0","0","0","0","0","0","425","1644"
"19","4800035A","64","38","30","3","5017","0","0","0","0","0","0","0","0","0","2141","0","0","0","0","0","0","0","0","0","0","0","543","1597"
"19","4800037A","64","38","30","3","4680","0","0","0","0","0","0","0","0","0","1880","0","0","0","0","0","0","0","0","0","0","0","448","1430"
"19","4800047A","64","38","30","3","4815","0","0","0","0","0","0","0","0","0","2013","0","0","0","0","0","0","0","0","0","0","0","531","1482"
"19","4800048A","64","38","30","3","5058","0","0","0","0","0","0","0","0","0","2043","0","0","0","0","0","0","0","0","0","0","0","639","1404"
"19","4800060A","64","38","30","3","4310","0","0","0","0","0","0","0","0","0","2284","0","0","0","0","0","0","0","0","0","0","0","507","1775"
"19","4800067A","64","38","30","3","4239","0","0","0","0","0","0","0","0","0","1580","0","0","0","0","0","0","0","0","0","0","0","246","1333"
"19","4850002A","66","36","24","3","437","0","0","0","0","0","0","0","0","0","204","0","0","0","0","0","0","0","0","0","0","0","80","123"
"19","4850005A","66","36","24","3","1113","0","0","0","0","0","0","0","0","0","711","0","0","0","0","0","0","0","0","0","0","0","327","382"
"19","5000007A","34","27","23","3","4998","0","0","0","0","0","0","0","0","0","1482","0","0","0","0","0","0","0","0","0","0","0","437","1044"
"19","5000012A","34","27","23","3","4772","0","0","0","0","0","0","0","0","0","2093","0","0","0","0","0","0","0","0","0","0","0","847","1245"
"19","5000027B","34","27","23","3","5629","0","0","0","0","0","0","0","0","0","2653","0","0","0","0","0","0","0","0","0","0","0","1164","1487"
"19","5000032A","34","27","23","3","5663","0","0","0","0","0","0","0","0","0","2499","0","0","0","0","0","0","0","0","0","0","0","958","1538"
"19","5000038A","39","27","23","3","5477","0","0","0","0","0","0","0","0","0","1927","0","0","0","0","0","0","0","0","0","0","0","421","1502"
"19","5000045A","39","27","23","3","5054","0","0","0","0","0","0","0","0","0","1979","0","0","0","0","0","0","0","0","0","0","0","649","1330"
"19","5000056B","39","27","23","3","0","0","0","0","0","0","0","0","0","0","0","0","0","0","0","0","0","0","0","0","0","0","0","0"
"19","5000058A","39","27","23","3","5228","0","0","0","0","0","0","0","0","0","1957","0","0","0","0","0","0","0","0","0","0","0","431","1524"
"19","5000059A","34","27","23","3","5675","0","0","0","0","0","0","0","0","0","2237","0","0","0","0","0","0","0","0","0","0","0","656","1581"
"19","5000078A","39","27","23","3","5235","0","0","0","0","0","0","0","0","0","2048","0","0","0","0","0","0","0","0","0","0","0","550","1496"
"19","5000079A","39","27","23","3","4628","0","0","0","0","0","0","0","0","0","1663","0","0","0","0","0","0","0","0","0","0","0","443","1218"
"19","5000081A","39","27","23","3","4949","0","0","0","0","0","0","0","0","0","1766","0","0","0","0","0","0","0","0","0","0","0","421","1343"
"19","5000082A","34","27","23","3","5094","0","0","0","0","0","0","0","0","0","2661","0","0","0","0","0","0","0","0","0","0","0","1481","1177"
"19","5000085A","39","27","23","3","4704","0","0","0","0","0","0","0","0","0","1489","0","0","0","0","0","0","0","0","0","0","0","332","1156"
"19","5000086A","39","27","23","3","5212","0","0","0","0","0","0","0","0","0","1946","0","0","0","0","0","0","0","0","0","0","0","487","1454"
"19","5000097A","39","27","23","3","2780","0","0","0","0","0","0","0","0","0","740","0","0","0","0","0","0","0","0","0","0","0","177","563"
"19","5000122A","39","27","23","3","5877","0","0","0","0","0","0","0","0","0","2265","0","0","0","0","0","0","0","0","0","0","0","453","1810"
"19","5000134A","34","27","23","3","6178","0","0","0","0","0","0","0","0","0","2774","0","0","0","0","0","0","0","0","0","0","0","1172","1600"
"19","5000143A","39","27","23","3","4484","0","0","0","0","0","0","0","0","0","1592","0","0","0","0","0","0","0","0","0","0","0","380","1211"
"19","5000150A","39","27","23","3","2816","0","0","0","0","0","0","0","0","0","896","0","0","0","0","0","0","0","0","0","0","0","194","701"
"19","5050002A","66","36","24","3","5194","0","0","0","0","0","0","0","0","0","3095","0","0","0","0","0","0","0","0","0","0","0","1551","1541"
"19","5050010A","66","36","24","3","5693","0","0","0","0","0","0","0","0","0","3415","0","0","0","0","0","0","0","0","0","0","0","1594","1819"
"19","5100007A","62","44","33","3","4121","0","0","0","0","0","0","0","0","0","1509","0","0","0","0","0","0","0","0","0","0","0","246","1263"
"19","5100009A","62","44","33","3","2642","0","0","0","0","0","0","0","0","0","960","0","0","0","0","0","0","0","0","0","0","0","169","791"
"19","5100011A","62","44","33","3","3394","0","0","0","0","0","0","0","0","0","1084","0","0","0","0","0","0","0","0","0","0","0","111","973"
"19","5100014A","62","44","33","3","4266","0","0","0","0","0","0","0","0","0","1574","0","0","0","0","0","0","0","0","0","0","0","228","1346"
"19","5100020A","62","44","33","3","4422","0","0","0","0","0","0","0","0","0","1586","0","0","0","0","0","0","0","0","0","0","0","267","1319"
"19","5100027A","62","44","33","3","4126","0","0","0","0","0","0","0","0","0","1344","0","0","0","0","0","0","0","0","0","0","0","196","1148"
"19","5100054A","62","44","33","3","3609","0","0","0","0","0","0","0","0","0","1192","0","0","0","0","0","0","0","0","0","0","0","127","1064"
"19","5150001A","41","28","25","3","7844","0","0","0","0","0","0","0","0","0","4236","0","0","0","0","0","0","0","0","0","0","0","584","3649"
"19","5150008B","41","30","25","3","3759","0","0","0","0","0","0","0","0","0","1749","0","0","0","0","0","0","0","0","0","0","0","202","1547"
"19","5150009A","41","28","25","3","5479","0","0","0","0","0","0","0","0","0","3337","0","0","0","0","0","0","0","0","0","0","0","834","2501"
"19","5150012A","41","30","25","3","4263","0","0","0","0","0","0","0","0","0","2002","0","0","0","0","0","0","0","0","0","0","0","298","1703"
"19","5150022A","41","28","25","3","4594","0","0","0","0","0","0","0","0","0","2376","0","0","0","0","0","0","0","0","0","0","0","462","1912"
"19","5150025A","41","28","25","3","5062","0","0","0","0","0","0","0","0","0","2991","0","0","0","0","0","0","0","0","0","0","0","520","2471"
"19","5150028A","41","28","25","3","5779","0","0","0","0","0","0","0","0","0","3318","0","0","0","0","0","0","0","0","0","0","0","1034","2281"
"19","5150035A","41","28","25","3","5773","0","0","0","0","0","0","0","0","0","3625","0","0","0","0","0","0","0","0","0","0","0","1036","2585"
"19","5150042A","41","28","25","3","4631","0","0","0","0","0","0","0","0","0","2269","0","0","0","0","0","0","0","0","0","0","0","252","2013"
"19","5150075A","41","28","25","3","4572","0","0","0","0","0","0","0","0","0","2556","0","0","0","0","0","0","0","0","0","0","0","555","1999"
"19","5150092A","41","28","25","3","6748","0","0","0","0","0","0","0","0","0","4491","0","0","0","0","0","0","0","0","0","0","0","1155","3333"
"19","5150101A","41","28","25","3","4073","0","0","0","0","0","0","0","0","0","1951","0","0","0","0","0","0","0","0","0","0","0","234","1716"
"19","5150102A","41","28","25","3","7659","0","0","0","0","0","0","0","0","0","4628","0","0","0","0","0","0","0","0","0","0","0","947","3678"
"19","5150180A","41","28","25","3","5075","0","0","0","0","0","0","0","0","0","2880","0","0","0","0","0","0","0","0","0","0","0","692","2188"
"19","5150199A","41","28","25","3","5067","0","0","0","0","0","0","0","0","0","2584","0","0","0","0","0","0","0","0","0","0","0","391","2192"
"19","5150211A","41","28","25","3","6809","0","0","0","0","0","0","0","0","0","3785","0","0","0","0","0","0","0","0","0","0","0","718","3063"
"19","5150213A","41","28","25","3","4301","0","0","0","0","0","0","0","0","0","1893","0","0","0","0","0","0","0","0","0","0","0","264","1626"
"19","5200044A","39","23","23","3","1435","0","0","0","0","0","0","0","0","0","811","0","0","0","0","0","0","0","0","0","0","0","443","368"
"19","5230007A","56","38","30","3","4378","0","0","0","0","0","0","0","0","0","1814","0","0","0","0","0","0","0","0","0","0","0","341","1473"
"19","5230020A","56","38","30","3","4092","0","0","0","0","0","0","0","0","0","1721","0","0","0","0","0","0","0","0","0","0","0","345","1373"
"19","5230027A","56","38","30","3","4266","0","0","0","0","0","0","0","0","0","1971","0","0","0","0","0","0","0","0","0","0","0","329","1638"
"19","5230034A","56","38","30","3","4408","0","0","0","0","0","0","0","0","0","1979","0","0","0","0","0","0","0","0","0","0","0","394","1582"
"19","5230038A","56","38","30","3","4187","0","0","0","0","0","0","0","0","0","1970","0","0","0","0","0","0","0","0","0","0","0","466","1502"
"19","5230044A","56","38","30","3","4190","0","0","0","0","0","0","0","0","0","1721","0","0","0","0","0","0","0","0","0","0","0","295","1426"
"19","5230045A","56","38","30","3","4289","0","0","0","0","0","0","0","0","0","1751","0","0","0","0","0","0","0","0","0","0","0","327","1418"
"19","5230049A","56","38","30","3","4127","0","0","0","0","0","0","0","0","0","1946","0","0","0","0","0","0","0","0","0","0","0","367","1578"
"19","5230058A","56","38","30","3","4222","0","0","0","0","0","0","0","0","0","1936","0","0","0","0","0","0","0","0","0","0","0","502","1433"
"19","5240002A","62","42","33","3","68","0","0","0","0","0","0","0","0","0","42","0","0","0","0","0","0","0","0","0","0","0","16","26"
"19","5240020A","64","45","30","3","312","0","0","0","0","0","0","0","0","0","129","0","0","0","0","0","0","0","0","0","0","0","42","87"
"19","5250010A","53","35","22","3","5234","0","0","0","0","0","0","0","0","0","2199","0","0","0","0","0","0","0","0","0","0","0","563","1634"
"19","5250011B","53","35","22","3","4340","0","0","0","0","0","0","0","0","0","1469","0","0","0","0","0","0","0","0","0","0","0","299","1168"
"19","5250016A","53","35","22","3","5222","0","0","0","0","0","0","0","0","0","2371","0","0","0","0","0","0","0","0","0","0","0","724","1647"
"19","5250018A","53","35","22","3","1384","0","0","0","0","0","0","0","0","0","532","0","0","0","0","0","0","0","0","0","0","0","110","422"
"19","5250024A","53","35","22","3","4095","0","0","0","0","0","0","0","0","0","1423","0","0","0","0","0","0","0","0","0","0","0","249","1173"
"19","5250031A","53","35","22","3","4475","0","0","0","0","0","0","0","0","0","1356","0","0","0","0","0","0","0","0","0","0","0","226","1130"
"19","5250038B","53","35","22","3","4449","0","0","0","0","0","0","0","0","0","1927","0","0","0","0","0","0","0","0","0","0","0","478","1447"
"19","5250040A","53","35","22","3","4218","0","0","0","0","0","0","0","0","0","1390","0","0","0","0","0","0","0","0","0","0","0","290","1098"
"19","5250048A","53","35","22","3","4703","0","0","0","0","0","0","0","0","0","1870","0","0","0","0","0","0","0","0","0","0","0","406","1464"
"19","5250055A","53","35","22","3","4469","0","0","0","0","0","0","0","0","0","1821","0","0","0","0","0","0","0","0","0","0","0","483","1337"
"19","5250062A","53","35","22","3","4563","0","0","0","0","0","0","0","0","0","1386","0","0","0","0","0","0","0","0","0","0","0","245","1140"
"19","5250067A","53","35","22","3","4129","0","0","0","0","0","0","0","0","0","1145","0","0","0","0","0","0","0","0","0","0","0","185","959"
"19","5250070B","53","35","22","3","4316","0","0","0","0","0","0","0","0","0","1430","0","0","0","0","0","0","0","0","0","0","0","263","1165"
"19","5250076A","53","35","22","3","4068","0","0","0","0","0","0","0","0","0","1390","0","0","0","0","0","0","0","0","0","0","0","286","1103"
"19","5250087A","53","35","22","3","4111","0","0","0","0","0","0","0","0","0","1506","0","0","0","0","0","0","0","0","0","0","0","376","1128"
"19","5250147A","53","35","22","3","4557","0","0","0","0","0","0","0","0","0","1715","0","0","0","0","0","0","0","0","0","0","0","517","1198"
"19","5250151A","53","38","22","3","5353","0","0","0","0","0","0","0","0","0","2591","0","0","0","0","0","0","0","0","0","0","0","983","1604"
"19","5250155A","53","38","22","3","41","0","0","0","0","0","0","0","0","0","29","0","0","0","0","0","0","0","0","0","0","0","7","22"
"19","5250314A","53","35","22","3","5279","0","0","0","0","0","0","0","0","0","2303","0","0","0","0","0","0","0","0","0","0","0","685","1616"
"19","5400005A","34","27","23","3","1156","0","0","0","0","0","0","0","0","0","519","0","0","0","0","0","0","0","0","0","0","0","332","187"
"19","5400019A","34","27","23","3","3872","0","0","0","0","0","0","0","0","0","1713","0","0","0","0","0","0","0","0","0","0","0","967","744"
"19","5400045A","34","27","23","3","0","0","0","0","0","0","0","0","0","0","0","0","0","0","0","0","0","0","0","0","0","0","0","0"
"19","5400046A","34","27","23","3","781","0","0","0","0","0","0","0","0","0","426","0","0","0","0","0","0","0","0","0","0","0","212","212"
"19","5400048A","34","27","23","3","3282","0","0","0","0","0","0","0","0","0","1535","0","0","0","0","0","0","0","0","0","0","0","959","575"
"19","5400055A","34","27","23","3","475","0","0","0","0","0","0","0","0","0","253","0","0","0","0","0","0","0","0","0","0","0","131","122"
"19","5500005A","48","31","22","3","13","0","0","0","0","0","0","0","0","0","8","0","0","0","0","0","0","0","0","0","0","0","***","***"
"19","5500010A","48","31","22","3","805","0","0","0","0","0","0","0","0","0","365","0","0","0","0","0","0","0","0","0","0","0","106","258"
"19","5500025A","48","31","22","3","182","0","0","0","0","0","0","0","0","0","94","0","0","0","0","0","0","0","0","0","0","0","42","52"
"19","5500026A","48","31","22","3","42","0","0","0","0","0","0","0","0","0","22","0","0","0","0","0","0","0","0","0","0","0","8","14"
"19","5500027A","48","31","22","3","6","0","0","0","0","0","0","0","0","0","4","0","0","0","0","0","0","0","0","0","0","0","***","***"
"19","5500047A","48","31","22","3","325","0","0","0","0","0","0","0","0","0","134","0","0","0","0","0","0","0","0","0","0","0","48","86"
"19","5500099A","48","31","22","3","3197","0","0","0","0","0","0","0","0","0","1420","0","0","0","0","0","0","0","0","0","0","0","379","1039"
"19","5500102A","48","31","22","3","2583","0","0","0","0","0","0","0","0","0","1112","0","0","0","0","0","0","0","0","0","0","0","289","822"
"19","5500105A","48","31","22","3","485","0","0","0","0","0","0","0","0","0","260","0","0","0","0","0","0","0","0","0","0","0","110","150"
"19","5500106A","48","31","22","3","221","0","0","0","0","0","0","0","0","0","124","0","0","0","0","0","0","0","0","0","0","0","48","76"
"19","5500108A","48","31","22","3","10","0","0","0","0","0","0","0","0","0","5","0","0","0","0","0","0","0","0","0","0","0","***","***"
"19","5500109A","48","31","22","3","627","0","0","0","0","0","0","0","0","0","300","0","0","0","0","0","0","0","0","0","0","0","161","138"
"19","5500110A","48","31","22","3","982","0","0","0","0","0","0","0","0","0","495","0","0","0","0","0","0","0","0","0","0","0","235","260"
"19","5500112A","41","31","22","3","255","0","0","0","0","0","0","0","0","0","138","0","0","0","0","0","0","0","0","0","0","0","90","48"
"19","5500116B","48","31","22","3","371","0","0","0","0","0","0","0","0","0","156","0","0","0","0","0","0","0","0","0","0","0","55","101"
"19","5500117A","48","31","22","3","241","0","0","0","0","0","0","0","0","0","141","0","0","0","0","0","0","0","0","0","0","0","49","92"
"19","5500118A","48","31","22","3","175","0","0","0","0","0","0","0","0","0","76","0","0","0","0","0","0","0","0","0","0","0","31","44"
"19","5500119A","48","31","22","3","2","0","0","0","0","0","0","0","0","0","2","0","0","0","0","0","0","0","0","0","0","0","***","***"
"19","5530018A","66","36","24","3","6594","0","0","0","0","0","0","0","0","0","3669","0","0","0","0","0","0","0","0","0","0","0","1521","2148"
"19","5530027A","66","36","24","3","6316","0","0","0","0","0","0","0","0","0","3507","0","0","0","0","0","0","0","0","0","0","0","1508","1995"
"19","5530042A","66","36","24","3","5731","0","0","0","0","0","0","0","0","0","3407","0","0","0","0","0","0","0","0","0","0","0","1651","1754"
"19","5530055A","66","36","24","3","6319","0","0","0","0","0","0","0","0","0","3498","0","0","0","0","0","0","0","0","0","0","0","1421","2072"
"19","5530086A","66","36","24","3","6011","0","0","0","0","0","0","0","0","0","3428","0","0","0","0","0","0","0","0","0","0","0","1528","1897"
"19","5550014A","66","36","24","3","6742","0","0","0","0","0","0","0","0","0","3865","0","0","0","0","0","0","0","0","0","0","0","1275","2589"
"19","5550019A","66","36","24","3","6572","0","0","0","0","0","0","0","0","0","3809","0","0","0","0","0","0","0","0","0","0","0","1291","2515"
"19","5550045A","66","36","24","3","5420","0","0","0","0","0","0","0","0","0","3133","0","0","0","0","0","0","0","0","0","0","0","950","2183"
"19","5550047A","66","36","24","3","6065","0","0","0","0","0","0","0","0","0","3186","0","0","0","0","0","0","0","0","0","0","0","811","2372"
"19","5550050A","66","36","24","3","5693","0","0","0","0","0","0","0","0","0","3221","0","0","0","0","0","0","0","0","0","0","0","984","2233"
"19","5550071A","66","36","24","3","6598","0","0","0","0","0","0","0","0","0","3883","0","0","0","0","0","0","0","0","0","0","0","1413","2467"
"19","5550097A","66","36","24","3","6075","0","0","0","0","0","0","0","0","0","3396","0","0","0","0","0","0","0","0","0","0","0","1192","2204"
"19","5550098A","66","36","24","3","5777","0","0","0","0","0","0","0","0","0","3291","0","0","0","0","0","0","0","0","0","0","0","1027","2264"
"19","5600001A","56","38","22","3","0","0","0","0","0","0","0","0","0","0","0","0","0","0","0","0","0","0","0","0","0","0","0","0"
"19","5600005A","56","38","30","3","0","0","0","0","0","0","0","0","0","0","0","0","0","0","0","0","0","0","0","0","0","0","0","0"
"19","5600073A","56","38","22","3","748","0","0","0","0","0","0","0","0","0","236","0","0","0","0","0","0","0","0","0","0","0","53","183"
"19","5600086A","56","31","22","3","30","0","0","0","0","0","0","0","0","0","14","0","0","0","0","0","0","0","0","0","0","0","0","14"
"19","5700001A","66","36","24","3","1512","0","0","0","0","0","0","0","0","0","879","0","0","0","0","0","0","0","0","0","0","0","545","332"
"19","5730001A","66","36","24","3","5596","0","0","0","0","0","0","0","0","0","3137","0","0","0","0","0","0","0","0","0","0","0","1514","1621"
"19","5730008A","66","36","24","3","969","0","0","0","0","0","0","0","0","0","612","0","0","0","0","0","0","0","0","0","0","0","303","308"
"19","5750006A","49","28","25","3","3448","0","0","0","0","0","0","0","0","0","1346","0","0","0","0","0","0","0","0","0","0","0","412","933"
"19","5750011A","49","28","25","3","3158","0","0","0","0","0","0","0","0","0","1140","0","0","0","0","0","0","0","0","0","0","0","315","825"
"19","5750012A","49","28","25","3","3615","0","0","0","0","0","0","0","0","0","1260","0","0","0","0","0","0","0","0","0","0","0","400","859"
"19","5750017A","49","28","25","3","3457","0","0","0","0","0","0","0","0","0","1084","0","0","0","0","0","0","0","0","0","0","0","305","777"
"19","5750027A","49","28","25","3","3079","0","0","0","0","0","0","0","0","0","898","0","0","0","0","0","0","0","0","0","0","0","212","684"
"19","5750035A","49","28","25","3","4199","0","0","0","0","0","0","0","0","0","1379","0","0","0","0","0","0","0","0","0","0","0","363","1015"
"19","5750073A","49","28","25","3","3975","0","0","0","0","0","0","0","0","0","1425","0","0","0","0","0","0","0","0","0","0","0","328","1093"
"19","5850012A","56","38","30","3","5001","0","0","0","0","0","0","0","0","0","1887","0","0","0","0","0","0","0","0","0","0","0","604","1283"
"19","5850027A","56","38","30","3","4596","0","0","0","0","0","0","0","0","0","1998","0","0","0","0","0","0","0","0","0","0","0","841","1152"
"19","5850028A","56","38","30","3","5414","0","0","0","0","0","0","0","0","0","2215","0","0","0","0","0","0","0","0","0","0","0","975","1237"
"19","5850117A","56","38","30","3","2472","0","0","0","0","0","0","0","0","0","1012","0","0","0","0","0","0","0","0","0","0","0","414","596"
"19","5850118A","56","38","30","3","3850","0","0","0","0","0","0","0","0","0","1466","0","0","0","0","0","0","0","0","0","0","0","555","908"
"19","5850206A","56","38","30","3","0","0","0","0","0","0","0","0","0","0","0","0","0","0","0","0","0","0","0","0","0","0","0","0"
"19","5850211A","56","38","30","3","4475","0","0","0","0","0","0","0","0","0","1653","0","0","0","0","0","0","0","0","0","0","0","673","977"
"19","5850224A","56","38","30","3","0","0","0","0","0","0","0","0","0","0","0","0","0","0","0","0","0","0","0","0","0","0","0","0"
"19","5960001A","69","42","33","3","0","0","0","0","0","0","0","0","0","0","1","0","0","0","0","0","0","0","0","0","0","0","***","***"
"19","6000004A","41","31","22","3","3260","0","0","0","0","0","0","0","0","0","1833","0","0","0","0","0","0","0","0","0","0","0","947","883"
"19","6000006A","41","31","22","3","4880","0","0","0","0","0","0","0","0","0","2566","0","0","0","0","0","0","0","0","0","0","0","1200","1364"
"19","6000009A","41","31","22","3","5318","0","0","0","0","0","0","0","0","0","2812","0","0","0","0","0","0","0","0","0","0","0","1343","1466"
"19","6000023A","41","31","22","3","5326","0","0","0","0","0","0","0","0","0","2563","0","0","0","0","0","0","0","0","0","0","0","1090","1471"
"19","6000050A","41","31","22","3","5041","0","0","0","0","0","0","0","0","0","2817","0","0","0","0","0","0","0","0","0","0","0","1412","1404"
"19","6050009A","43","29","20","3","4644","0","0","0","0","0","0","0","0","0","1918","0","0","0","0","0","0","0","0","0","0","0","316","1602"
"19","6050012A","43","29","20","3","4500","0","0","0","0","0","0","0","0","0","2016","0","0","0","0","0","0","0","0","0","0","0","405","1609"
"19","6050016A","43","29","20","3","3594","0","0","0","0","0","0","0","0","0","1471","0","0","0","0","0","0","0","0","0","0","0","190","1279"
"19","6100004A","49","28","25","3","3746","0","0","0","0","0","0","0","0","0","1627","0","0","0","0","0","0","0","0","0","0","0","482","1144"
"19","6100008A","49","28","25","3","3806","0","0","0","0","0","0","0","0","0","2185","0","0","0","0","0","0","0","0","0","0","0","709","1476"
"19","6100013A","49","28","25","3","0","0","0","0","0","0","0","0","0","0","0","0","0","0","0","0","0","0","0","0","0","0","0","0"
"19","6100014A","49","28","25","3","4704","0","0","0","0","0","0","0","0","0","1926","0","0","0","0","0","0","0","0","0","0","0","556","1370"
"19","6100034A","49","28","25","3","4830","0","0","0","0","0","0","0","0","0","1792","0","0","0","0","0","0","0","0","0","0","0","540","1250"
"19","6100050A","49","28","25","3","3214","0","0","0","0","0","0","0","0","0","998","0","0","0","0","0","0","0","0","0","0","0","291","705"
"19","6200001A","49","28","25","3","4964","0","0","0","0","0","0","0","0","0","2613","0","0","0","0","0","0","0","0","0","0","0","1184","1427"
"19","6200016A","49","28","25","3","4297","0","0","0","0","0","0","0","0","0","2095","0","0","0","0","0","0","0","0","0","0","0","930","1164"
"19","6210001A","69","42","33","3","119","0","0","0","0","0","0","0","0","0","46","0","0","0","0","0","0","0","0","0","0","0","17","29"
"19","6220005A","40","27","23","3","5280","0","0","0","0","0","0","0","0","0","2823","0","0","0","0","0","0","0","0","0","0","0","1412","1405"
"19","6220008A","40","27","23","3","6366","0","0","0","0","0","0","0","0","0","3734","0","0","0","0","0","0","0","0","0","0","0","1884","1845"
"19","6220009A","40","27","23","3","6218","0","0","0","0","0","0","0","0","0","3249","0","0","0","0","0","0","0","0","0","0","0","1454","1795"
"19","6220019A","40","27","23","3","6851","0","0","0","0","0","0","0","0","0","3900","0","0","0","0","0","0","0","0","0","0","0","1757","2141"
"19","6220020A","40","27","23","3","6285","0","0","0","0","0","0","0","0","0","3563","0","0","0","0","0","0","0","0","0","0","0","1628","1932"
"19","6220024A","40","27","23","3","5854","0","0","0","0","0","0","0","0","0","3350","0","0","0","0","0","0","0","0","0","0","0","1459","1890"
"19","6220033A","40","27","23","3","6577","0","0","0","0","0","0","0","0","0","3573","0","0","0","0","0","0","0","0","0","0","0","1798","1775"
"19","6220036A","40","27","23","3","7258","0","0","0","0","0","0","0","0","0","3854","0","0","0","0","0","0","0","0","0","0","0","1677","2175"
"19","6220037E","40","27","23","3","6176","0","0","0","0","0","0","0","0","0","2572","0","0","0","0","0","0","0","0","0","0","0","957","1614"
"19","6220040A","40","27","23","3","5572","0","0","0","0","0","0","0","0","0","2984","0","0","0","0","0","0","0","0","0","0","0","1424","1558"
"19","6220055A","40","27","23","3","4910","0","0","0","0","0","0","0","0","0","2705","0","0","0","0","0","0","0","0","0","0","0","1451","1253"
"19","6220057B","40","27","23","3","4764","0","0","0","0","0","0","0","0","0","2481","0","0","0","0","0","0","0","0","0","0","0","1240","1240"
"19","6220066A","40","27","23","3","7041","0","0","0","0","0","0","0","0","0","3485","0","0","0","0","0","0","0","0","0","0","0","1661","1823"
"19","6220075A","40","27","23","3","5358","0","0","0","0","0","0","0","0","0","3060","0","0","0","0","0","0","0","0","0","0","0","1555","1504"
"19","6220083A","40","27","23","3","6764","0","0","0","0","0","0","0","0","0","3235","0","0","0","0","0","0","0","0","0","0","0","1271","1959"
"19","6220091A","40","27","23","3","6817","0","0","0","0","0","0","0","0","0","3440","0","0","0","0","0","0","0","0","0","0","0","1660","1777"
"19","6220107A","40","27","23","3","6384","0","0","0","0","0","0","0","0","0","3090","0","0","0","0","0","0","0","0","0","0","0","1260","1830"
"19","6220125A","40","27","23","3","5744","0","0","0","0","0","0","0","0","0","3046","0","0","0","0","0","0","0","0","0","0","0","1192","1850"
"19","6220140A","40","27","23","3","4978","0","0","0","0","0","0","0","0","0","2837","0","0","0","0","0","0","0","0","0","0","0","1466","1368"
"19","6220143A","40","27","23","3","0","0","0","0","0","0","0","0","0","0","0","0","0","0","0","0","0","0","0","0","0","0","0","0"
"19","6220148A","40","27","23","3","7422","0","0","0","0","0","0","0","0","0","4045","0","0","0","0","0","0","0","0","0","0","0","1712","2327"
"19","6220155A","40","27","23","3","8017","0","0","0","0","0","0","0","0","0","4270","0","0","0","0","0","0","0","0","0","0","0","1787","2481"
"19","6220173A","40","27","23","3","5611","0","0","0","0","0","0","0","0","0","3109","0","0","0","0","0","0","0","0","0","0","0","1617","1489"
"19","6220208A","40","27","23","3","5943","0","0","0","0","0","0","0","0","0","2681","0","0","0","0","0","0","0","0","0","0","0","1069","1609"
"19","6220210A","40","27","23","3","5962","0","0","0","0","0","0","0","0","0","2749","0","0","0","0","0","0","0","0","0","0","0","1041","1706"
"19","6220215A","40","27","23","3","6646","0","0","0","0","0","0","0","0","0","2562","0","0","0","0","0","0","0","0","0","0","0","712","1847"
"19","6230006A","64","38","30","3","3065","0","0","0","0","0","0","0","0","0","1392","0","0","0","0","0","0","0","0","0","0","0","392","997"
"19","6230008A","64","38","30","3","3520","0","0","0","0","0","0","0","0","0","1672","0","0","0","0","0","0","0","0","0","0","0","503","1163"
"19","6230013A","64","38","30","3","2801","0","0","0","0","0","0","0","0","0","1208","0","0","0","0","0","0","0","0","0","0","0","293","912"
"19","6230019A","64","38","30","3","2326","0","0","0","0","0","0","0","0","0","985","0","0","0","0","0","0","0","0","0","0","0","208","774"
"19","6230052B","64","38","30","3","25","0","0","0","0","0","0","0","0","0","7","0","0","0","0","0","0","0","0","0","0","0","***","***"
"19","6250002A","51","36","24","3","5644","0","0","0","0","0","0","0","0","0","3273","0","0","0","0","0","0","0","0","0","0","0","857","2413"
"19","6250018A","51","36","24","3","4703","0","0","0","0","0","0","0","0","0","2434","0","0","0","0","0","0","0","0","0","0","0","463","1969"
"19","6250020A","51","36","24","3","5320","0","0","0","0","0","0","0","0","0","2766","0","0","0","0","0","0","0","0","0","0","0","638","2128"
"19","6250038A","51","36","24","3","4309","0","0","0","0","0","0","0","0","0","1731","0","0","0","0","0","0","0","0","0","0","0","351","1377"
"19","6250043A","51","36","24","3","5277","0","0","0","0","0","0","0","0","0","2419","0","0","0","0","0","0","0","0","0","0","0","376","2043"
"19","6250046A","51","36","24","3","5513","0","0","0","0","0","0","0","0","0","2859","0","0","0","0","0","0","0","0","0","0","0","447","2408"
"19","6250061A","51","36","24","3","4804","0","0","0","0","0","0","0","0","0","2184","0","0","0","0","0","0","0","0","0","0","0","292","1891"
"19","6250063A","51","36","24","3","4447","0","0","0","0","0","0","0","0","0","2350","0","0","0","0","0","0","0","0","0","0","0","347","2003"
"19","6250067A","51","36","24","3","4789","0","0","0","0","0","0","0","0","0","2442","0","0","0","0","0","0","0","0","0","0","0","385","2057"
"19","6250078A","51","36","24","3","5564","0","0","0","0","0","0","0","0","0","3200","0","0","0","0","0","0","0","0","0","0","0","467","2731"
"19","6250083A","51","36","24","3","4323","0","0","0","0","0","0","0","0","0","2601","0","0","0","0","0","0","0","0","0","0","0","417","2181"
"19","6250109A","51","36","24","3","5547","0","0","0","0","0","0","0","0","0","3080","0","0","0","0","0","0","0","0","0","0","0","562","2516"
"19","6250110A","51","36","24","3","5032","0","0","0","0","0","0","0","0","0","2823","0","0","0","0","0","0","0","0","0","0","0","632","2189"
"19","6250127A","51","36","24","3","5084","0","0","0","0","0","0","0","0","0","2804","0","0","0","0","0","0","0","0","0","0","0","470","2333"
"19","6300006A","34","27","23","3","553","0","0","0","0","0","0","0","0","0","269","0","0","0","0","0","0","0","0","0","0","0","178","91"
"19","6300036A","40","27","23","3","0","0","0","0","0","0","0","0","0","0","0","0","0","0","0","0","0","0","0","0","0","0","0","0"
"19","6300099H","40","27","23","3","60","0","0","0","0","0","0","0","0","0","40","0","0","0","0","0","0","0","0","0","0","0","25","15"
"19","6300457E","34","27","23","3","27","0","0","0","0","0","0","0","0","0","11","0","0","0","0","0","0","0","0","0","0","0","10","1"
"19","6300459A","40","27","23","3","260","0","0","0","0","0","0","0","0","0","130","0","0","0","0","0","0","0","0","0","0","0","74","56"
"19","6400010A","41","28","25","3","4341","0","0","0","0","0","0","0","0","0","2797","0","0","0","0","0","0","0","0","0","0","0","914","1879"
"19","6400013A","41","28","25","3","4380","0","0","0","0","0","0","0","0","0","2910","0","0","0","0","0","0","0","0","0","0","0","879","2029"
"19","6450002C","69","42","33","3","3519","0","0","0","0","0","0","0","0","0","1594","0","0","0","0","0","0","0","0","0","0","0","324","1269"
"19","6450005A","69","42","33","3","4025","0","0","0","0","0","0","0","0","0","2068","0","0","0","0","0","0","0","0","0","0","0","527","1538"
"19","6530040A","56","31","22","3","3366","0","0","0","0","0","0","0","0","0","1109","0","0","0","0","0","0","0","0","0","0","0","192","917"
"19","6530044A","56","31","22","3","3410","0","0","0","0","0","0","0","0","0","1452","0","0","0","0","0","0","0","0","0","0","0","343","1105"
"19","6530046A","56","31","22","3","2530","0","0","0","0","0","0","0","0","0","915","0","0","0","0","0","0","0","0","0","0","0","178","736"
"19","6550004B","62","44","33","3","3683","0","0","0","0","0","0","0","0","0","1285","0","0","0","0","0","0","0","0","0","0","0","128","1156"
"19","6550010A","62","44","33","3","3958","0","0","0","0","0","0","0","0","0","1432","0","0","0","0","0","0","0","0","0","0","0","175","1256"
"19","6550017A","62","44","33","3","3333","0","0","0","0","0","0","0","0","0","1172","0","0","0","0","0","0","0","0","0","0","0","152","1019"
"19","6550021B","62","44","33","3","2356","0","0","0","0","0","0","0","0","0","923","0","0","0","0","0","0","0","0","0","0","0","91","832"
"19","6550025A","62","44","33","3","3991","0","0","0","0","0","0","0","0","0","1561","0","0","0","0","0","0","0","0","0","0","0","185","1374"
"19","6550028A","62","44","33","3","3743","0","0","0","0","0","0","0","0","0","1442","0","0","0","0","0","0","0","0","0","0","0","234","1206"
"19","6550029A","62","44","33","3","3954","0","0","0","0","0","0","0","0","0","1297","0","0","0","0","0","0","0","0","0","0","0","124","1173"
"19","6550032A","62","44","33","3","2334","0","0","0","0","0","0","0","0","0","854","0","0","0","0","0","0","0","0","0","0","0","117","737"
"19","6550048A","62","44","33","3","3465","0","0","0","0","0","0","0","0","0","1228","0","0","0","0","0","0","0","0","0","0","0","164","1061"
"19","6550050A","62","44","33","3","3826","0","0","0","0","0","0","0","0","0","1455","0","0","0","0","0","0","0","0","0","0","0","226","1228"
"19","6550052A","62","44","33","3","2901","0","0","0","0","0","0","0","0","0","1219","0","0","0","0","0","0","0","0","0","0","0","205","1013"
"19","6550057A","62","44","33","3","3686","0","0","0","0","0","0","0","0","0","1484","0","0","0","0","0","0","0","0","0","0","0","310","1174"
"19","6550062A","62","44","33","3","3051","0","0","0","0","0","0","0","0","0","1218","0","0","0","0","0","0","0","0","0","0","0","246","972"
"19","6550080A","62","44","33","3","3620","0","0","0","0","0","0","0","0","0","1324","0","0","0","0","0","0","0","0","0","0","0","149","1173"
"19","6600011A","49","28","25","3","5599","0","0","0","0","0","0","0","0","0","3418","0","0","0","0","0","0","0","0","0","0","0","606","2806"
"19","6600013A","49","28","25","3","5594","0","0","0","0","0","0","0","0","0","3608","0","0","0","0","0","0","0","0","0","0","0","724","2880"
"19","6600019A","49","28","25","3","7018","0","0","0","0","0","0","0","0","0","4030","0","0","0","0","0","0","0","0","0","0","0","831","3196"
"19","6650010A","49","38","22","3","283","0","0","0","0","0","0","0","0","0","106","0","0","0","0","0","0","0","0","0","0","0","25","81"
"19","6650032A","49","28","25","3","4370","0","0","0","0","0","0","0","0","0","1880","0","0","0","0","0","0","0","0","0","0","0","511","1367"
"19","6700004A","64","38","34","3","4681","0","0","0","0","0","0","0","0","0","2046","0","0","0","0","0","0","0","0","0","0","0","488","1557"
"19","6700009A","64","38","34","3","4161","0","0","0","0","0","0","0","0","0","1865","0","0","0","0","0","0","0","0","0","0","0","622","1242"
"19","6700010A","64","38","34","3","5167","0","0","0","0","0","0","0","0","0","2340","0","0","0","0","0","0","0","0","0","0","0","704","1633"
"19","6700012A","64","38","34","3","4556","0","0","0","0","0","0","0","0","0","2206","0","0","0","0","0","0","0","0","0","0","0","848","1357"
"19","6700014B","64","38","34","3","5186","0","0","0","0","0","0","0","0","0","2625","0","0","0","0","0","0","0","0","0","0","0","1119","1503"
"19","6700019A","64","38","34","3","4101","0","0","0","0","0","0","0","0","0","1377","0","0","0","0","0","0","0","0","0","0","0","278","1096"
"19","6700032A","64","38","34","3","4564","0","0","0","0","0","0","0","0","0","1953","0","0","0","0","0","0","0","0","0","0","0","639","1313"
"19","6700057A","64","38","34","3","4420","0","0","0","0","0","0","0","0","0","2037","0","0","0","0","0","0","0","0","0","0","0","669","1363"
"19","6700060A","64","38","34","3","3888","0","0","0","0","0","0","0","0","0","1417","0","0","0","0","0","0","0","0","0","0","0","340","1075"
"19","6750001A","48","31","22","3","0","0","0","0","0","0","0","0","0","0","0","0","0","0","0","0","0","0","0","0","0","0","0","0"
"19","6750021A","41","31","22","3","27","0","0","0","0","0","0","0","0","0","11","0","0","0","0","0","0","0","0","0","0","0","7","4"
"19","6750022A","53","35","30","3","47","0","0","0","0","0","0","0","0","0","14","0","0","0","0","0","0","0","0","0","0","0","1","13"
"19","6820007B","40","27","23","3","1156","0","0","0","0","0","0","0","0","0","641","0","0","0","0","0","0","0","0","0","0","0","330","311"
"19","6820018A","40","27","23","3","6211","0","0","0","0","0","0","0","0","0","3132","0","0","0","0","0","0","0","0","0","0","0","1396","1735"
"19","6820021A","40","27","23","3","4798","0","0","0","0","0","0","0","0","0","2713","0","0","0","0","0","0","0","0","0","0","0","1176","1537"
"19","6850002A","43","29","20","3","844","0","0","0","0","0","0","0","0","0","417","0","0","0","0","0","0","0","0","0","0","0","128","289"
"19","6850030A","40","30","20","3","129","0","0","0","0","0","0","0","0","0","63","0","0","0","0","0","0","0","0","0","0","0","39","24"
"19","6850033C","40","27","23","3","0","0","0","0","0","0","0","0","0","0","0","0","0","0","0","0","0","0","0","0","0","0","0","0"
"19","7050006A","49","28","25","3","5749","0","0","0","0","0","0","0","0","0","2544","0","0","0","0","0","0","0","0","0","0","0","1036","1506"
"19","7050011A","49","28","25","3","5329","0","0","0","0","0","0","0","0","0","2229","0","0","0","0","0","0","0","0","0","0","0","868","1359"
"19","7050064A","49","28","25","3","5187","0","0","0","0","0","0","0","0","0","2310","0","0","0","0","0","0","0","0","0","0","0","941","1367"
"19","7050068A","49","28","25","3","4896","0","0","0","0","0","0","0","0","0","2101","0","0","0","0","0","0","0","0","0","0","0","801","1299"
"19","7100004B","42","32","24","3","5875","0","0","0","0","0","0","0","0","0","3178","0","0","0","0","0","0","0","0","0","0","0","666","2511"
"19","7150006A","66","43","24","3","5915","0","0","0","0","0","0","0","0","0","2740","0","0","0","0","0","0","0","0","0","0","0","977","1762"
"19","7150008B","66","43","24","3","5743","0","0","0","0","0","0","0","0","0","2891","0","0","0","0","0","0","0","0","0","0","0","1044","1842"
"19","7150016A","66","43","24","3","6011","0","0","0","0","0","0","0","0","0","3027","0","0","0","0","0","0","0","0","0","0","0","1020","2002"
"19","7150028A","66","36","24","3","4902","0","0","0","0","0","0","0","0","0","2406","0","0","0","0","0","0","0","0","0","0","0","892","1512"
"19","7150038A","66","36","24","3","6153","0","0","0","0","0","0","0","0","0","2976","0","0","0","0","0","0","0","0","0","0","0","1134","1838"
"19","7150043A","66","36","24","3","60","0","0","0","0","0","0","0","0","0","26","0","0","0","0","0","0","0","0","0","0","0","11","15"
"19","7150044A","66","43","24","3","5261","0","0","0","0","0","0","0","0","0","3101","0","0","0","0","0","0","0","0","0","0","0","1246","1851"
"19","7150056B","66","36","24","3","6244","0","0","0","0","0","0","0","0","0","3248","0","0","0","0","0","0","0","0","0","0","0","1264","1982"
"19","7150060A","66","36","24","3","6162","0","0","0","0","0","0","0","0","0","2814","0","0","0","0","0","0","0","0","0","0","0","987","1825"
"19","7150065B","66","36","24","3","1","0","0","0","0","0","0","0","0","0","0","0","0","0","0","0","0","0","0","0","0","0","0","0"
"19","7150084A","66","36","24","3","4913","0","0","0","0","0","0","0","0","0","2586","0","0","0","0","0","0","0","0","0","0","0","1053","1530"
"19","7150092A","66","36","24","3","5519","0","0","0","0","0","0","0","0","0","3103","0","0","0","0","0","0","0","0","0","0","0","1333","1764"
"19","7150094B","66","36","24","3","5478","0","0","0","0","0","0","0","0","0","2973","0","0","0","0","0","0","0","0","0","0","0","1273","1700"
"19","7150096A","66","36","24","3","3821","0","0","0","0","0","0","0","0","0","2237","0","0","0","0","0","0","0","0","0","0","0","865","1369"
"19","7150112B","66","36","24","3","5840","0","0","0","0","0","0","0","0","0","3721","0","0","0","0","0","0","0","0","0","0","0","1554","2164"
"19","7150116B","66","36","24","3","5623","0","0","0","0","0","0","0","0","0","2955","0","0","0","0","0","0","0","0","0","0","0","1231","1721"
"19","7150121A","66","43","24","3","6653","0","0","0","0","0","0","0","0","0","3624","0","0","0","0","0","0","0","0","0","0","0","1416","2207"
"19","7150125A","66","36","24","3","6440","0","0","0","0","0","0","0","0","0","2953","0","0","0","0","0","0","0","0","0","0","0","1065","1885"
"19","7150300A","66","36","24","3","5122","0","0","0","0","0","0","0","0","0","3044","0","0","0","0","0","0","0","0","0","0","0","1315","1726"
"19","7300001A","51","30","27","3","0","0","0","0","0","0","0","0","0","0","0","0","0","0","0","0","0","0","0","0","0","0","0","0"
"19","7360001A","40","27","23","3","3680","0","0","0","0","0","0","0","0","0","1719","0","0","0","0","0","0","0","0","0","0","0","593","1126"
"19","7410003A","48","31","30","3","3942","0","0","0","0","0","0","0","0","0","1396","0","0","0","0","0","0","0","0","0","0","0","227","1167"
"19","7410006D","48","31","30","3","2464","0","0","0","0","0","0","0","0","0","839","0","0","0","0","0","0","0","0","0","0","0","154","683"
"19","7410017A","48","31","30","3","3924","0","0","0","0","0","0","0","0","0","1471","0","0","0","0","0","0","0","0","0","0","0","306","1165"
"19","7410023A","48","31","30","3","3068","0","0","0","0","0","0","0","0","0","1130","0","0","0","0","0","0","0","0","0","0","0","275","854"
"19","7410029A","48","31","30","3","4067","0","0","0","0","0","0","0","0","0","1595","0","0","0","0","0","0","0","0","0","0","0","374","1221"
"19","7410130B","48","31","30","3","1408","0","0","0","0","0","0","0","0","0","570","0","0","0","0","0","0","0","0","0","0","0","127","443"
"19","7410150A","48","31","30","3","4422","0","0","0","0","0","0","0","0","0","1720","0","0","0","0","0","0","0","0","0","0","0","435","1284"
"19","7410154A","48","31","30","3","4004","0","0","0","0","0","0","0","0","0","1496","0","0","0","0","0","0","0","0","0","0","0","354","1141"
"19","7450005A","54","42","26","3","111","0","0","0","0","0","0","0","0","0","49","0","0","0","0","0","0","0","0","0","0","0","8","41"
"19","7470001A","42","32","24","3","484","0","0","0","0","0","0","0","0","0","138","0","0","0","0","0","0","0","0","0","0","0","43","95"
"19","7510001A","55","37","28","3","3617","0","0","0","0","0","0","0","0","0","2154","0","0","0","0","0","0","0","0","0","0","0","141","2009"
"19","7510009A","55","37","28","3","4057","0","0","0","0","0","0","0","0","0","2597","0","0","0","0","0","0","0","0","0","0","0","159","2433"
"19","7510013A","55","37","28","3","1180","0","0","0","0","0","0","0","0","0","667","0","0","0","0","0","0","0","0","0","0","0","38","628"
"19","7600006A","56","38","30","3","4911","0","0","0","0","0","0","0","0","0","2256","0","0","0","0","0","0","0","0","0","0","0","884","1366"
"19","7600012A","56","38","30","3","5635","0","0","0","0","0","0","0","0","0","2629","0","0","0","0","0","0","0","0","0","0","0","1002","1625"
"19","7600017B","56","38","30","3","4761","0","0","0","0","0","0","0","0","0","2098","0","0","0","0","0","0","0","0","0","0","0","825","1271"
"19","7600033A","56","38","30","3","4317","0","0","0","0","0","0","0","0","0","1913","0","0","0","0","0","0","0","0","0","0","0","802","1111"
"19","7650001A","62","42","33","3","3922","0","0","0","0","0","0","0","0","0","1375","0","0","0","0","0","0","0","0","0","0","0","176","1198"
"19","7650002A","57","42","33","3","406","0","0","0","0","0","0","0","0","0","154","0","0","0","0","0","0","0","0","0","0","0","26","128"
"19","7650006A","62","42","33","3","3856","0","0","0","0","0","0","0","0","0","1499","0","0","0","0","0","0","0","0","0","0","0","151","1347"
"19","7670002A","61","43","35","3","3280","0","0","0","0","0","0","0","0","0","940","0","0","0","0","0","0","0","0","0","0","0","96","843"
"19","7670004A","61","43","35","3","3060","0","0","0","0","0","0","0","0","0","945","0","0","0","0","0","0","0","0","0","0","0","80","864"
"19","7670005B","61","43","35","3","3097","0","0","0","0","0","0","0","0","0","901","0","0","0","0","0","0","0","0","0","0","0","69","831"
"19","7670012A","61","43","35","3","3675","0","0","0","0","0","0","0","0","0","1690","0","0","0","0","0","0","0","0","0","0","0","107","1582"
"19","7670016A","61","43","35","3","3149","0","0","0","0","0","0","0","0","0","1000","0","0","0","0","0","0","0","0","0","0","0","79","921"
"19","7670017A","61","43","35","3","2287","0","0","0","0","0","0","0","0","0","851","0","0","0","0","0","0","0","0","0","0","0","75","776"
"19","7670020A","61","43","35","3","2369","0","0","0","0","0","0","0","0","0","1052","0","0","0","0","0","0","0","0","0","0","0","89","961"
"19","7670023A","61","43","35","3","2988","0","0","0","0","0","0","0","0","0","1209","0","0","0","0","0","0","0","0","0","0","0","85","1123"
"19","7680001A","65","44","35","3","0","0","0","0","0","0","0","0","0","0","1","0","0","0","0","0","0","0","0","0","0","0","***","***"
"19","7680005A","65","44","35","3","4730","0","0","0","0","0","0","0","0","0","1948","0","0","0","0","0","0","0","0","0","0","0","640","1306"
"19","7680013A","65","44","35","3","4845","0","0","0","0","0","0","0","0","0","2384","0","0","0","0","0","0","0","0","0","0","0","628","1755"
"19","7680015A","65","44","35","3","5144","0","0","0","0","0","0","0","0","0","2015","0","0","0","0","0","0","0","0","0","0","0","626","1384"
"19","7690002A","65","43","35","3","3656","0","0","0","0","0","0","0","0","0","1455","0","0","0","0","0","0","0","0","0","0","0","139","1312"
"19","7700001A","48","31","22","3","2886","0","0","0","0","0","0","0","0","0","1176","0","0","0","0","0","0","0","0","0","0","0","365","811"
"19","7700007A","48","31","30","3","5168","0","0","0","0","0","0","0","0","0","2203","0","0","0","0","0","0","0","0","0","0","0","615","1587"
"19","7700011A","48","31","22","3","2970","0","0","0","0","0","0","0","0","0","1407","0","0","0","0","0","0","0","0","0","0","0","456","947"
"19","7700016A","48","31","22","3","4592","0","0","0","0","0","0","0","0","0","1976","0","0","0","0","0","0","0","0","0","0","0","537","1439"
"19","7700024B","48","31","22","3","4599","0","0","0","0","0","0","0","0","0","2233","0","0","0","0","0","0","0","0","0","0","0","816","1415"
"19","7700035A","48","31","22","3","4755","0","0","0","0","0","0","0","0","0","2181","0","0","0","0","0","0","0","0","0","0","0","852","1329"
"19","7700036D","48","31","22","3","2703","0","0","0","0","0","0","0","0","0","1211","0","0","0","0","0","0","0","0","0","0","0","354","855"
"19","7700040A","48","31","22","3","4387","0","0","0","0","0","0","0","0","0","1939","0","0","0","0","0","0","0","0","0","0","0","567","1370"
"19","7700045A","48","31","22","3","4068","0","0","0","0","0","0","0","0","0","1743","0","0","0","0","0","0","0","0","0","0","0","485","1257"
"19","7700080A","48","31","30","3","4038","0","0","0","0","0","0","0","0","0","1624","0","0","0","0","0","0","0","0","0","0","0","508","1116"
"19","7700115A","48","31","22","3","3630","0","0","0","0","0","0","0","0","0","1494","0","0","0","0","0","0","0","0","0","0","0","511","983"
"19","7700140A","48","31","22","3","3843","0","0","0","0","0","0","0","0","0","1621","0","0","0","0","0","0","0","0","0","0","0","461","1158"
"19","7700143A","48","31","22","3","4630","0","0","0","0","0","0","0","0","0","2274","0","0","0","0","0","0","0","0","0","0","0","747","1526"
"19","7700144A","48","31","22","3","4808","0","0","0","0","0","0","0","0","0","2203","0","0","0","0","0","0","0","0","0","0","0","659","1540"
"19","7700148A","48","31","22","3","4008","0","0","0","0","0","0","0","0","0","1693","0","0","0","0","0","0","0","0","0","0","0","544","1147"
"19","7700158A","48","31","22","3","4063","0","0","0","0","0","0","0","0","0","1784","0","0","0","0","0","0","0","0","0","0","0","526","1257"
"19","7750002A","51","30","24","3","4648","0","0","0","0","0","0","0","0","0","2629","0","0","0","0","0","0","0","0","0","0","0","331","2298"
"19","7750003A","51","30","24","3","4292","0","0","0","0","0","0","0","0","0","2178","0","0","0","0","0","0","0","0","0","0","0","292","1886"
"19","7750005A","51","30","24","3","3307","0","0","0","0","0","0","0","0","0","1836","0","0","0","0","0","0","0","0","0","0","0","248","1588"
"19","7750006A","51","30","24","3","4817","0","0","0","0","0","0","0","0","0","2643","0","0","0","0","0","0","0","0","0","0","0","399","2241"
"19","7750024A","51","30","24","3","5104","0","0","0","0","0","0","0","0","0","2755","0","0","0","0","0","0","0","0","0","0","0","323","2430"
"19","7750038A","51","30","24","3","4468","0","0","0","0","0","0","0","0","0","2338","0","0","0","0","0","0","0","0","0","0","0","301","2032"
"19","7760001A","46","32","27","3","615","0","0","0","0","0","0","0","0","0","330","0","0","0","0","0","0","0","0","0","0","0","113","216"
"19","7770030A","42","26","24","3","6409","0","0","0","0","0","0","0","0","0","3972","0","0","0","0","0","0","0","0","0","0","0","1720","2250"
"19","7800012A","56","38","30","3","5326","0","0","0","0","0","0","0","0","0","2811","0","0","0","0","0","0","0","0","0","0","0","823","1986"
"19","7800022B","56","38","30","3","5332","0","0","0","0","0","0","0","0","0","2773","0","0","0","0","0","0","0","0","0","0","0","874","1897"
"19","7800048A","56","38","30","3","5120","0","0","0","0","0","0","0","0","0","2100","0","0","0","0","0","0","0","0","0","0","0","509","1590"
"19","7800052A","56","38","30","3","4652","0","0","0","0","0","0","0","0","0","2305","0","0","0","0","0","0","0","0","0","0","0","774","1530"
"19","7800064A","56","38","30","3","4277","0","0","0","0","0","0","0","0","0","2267","0","0","0","0","0","0","0","0","0","0","0","766","1501"
"19","7800072A","56","38","30","3","4596","0","0","0","0","0","0","0","0","0","2412","0","0","0","0","0","0","0","0","0","0","0","887","1525"
"19","7800079B","56","38","30","3","4567","0","0","0","0","0","0","0","0","0","2397","0","0","0","0","0","0","0","0","0","0","0","1060","1336"
"19","7800082A","56","38","30","3","5418","0","0","0","0","0","0","0","0","0","3097","0","0","0","0","0","0","0","0","0","0","0","1437","1658"
"19","7800095A","56","38","30","3","0","0","0","0","0","0","0","0","0","0","0","0","0","0","0","0","0","0","0","0","0","0","0","0"
"19","7800144A","56","38","30","3","4663","0","0","0","0","0","0","0","0","0","2239","0","0","0","0","0","0","0","0","0","0","0","609","1630"
"19","7800165B","56","38","30","3","5358","0","0","0","0","0","0","0","0","0","2231","0","0","0","0","0","0","0","0","0","0","0","478","1751"
"19","7800176B","56","38","30","3","4229","0","0","0","0","0","0","0","0","0","1588","0","0","0","0","0","0","0","0","0","0","0","330","1256"
"19","7800185A","56","38","30","3","4228","0","0","0","0","0","0","0","0","0","2536","0","0","0","0","0","0","0","0","0","0","0","947","1587"
"19","7850007A","65","43","35","3","3735","0","0","0","0","0","0","0","0","0","1153","0","0","0","0","0","0","0","0","0","0","0","94","1056"
"19","7850008A","65","43","35","3","3999","0","0","0","0","0","0","0","0","0","1542","0","0","0","0","0","0","0","0","0","0","0","120","1417"
"19","7850011A","65","43","35","3","3234","0","0","0","0","0","0","0","0","0","837","0","0","0","0","0","0","0","0","0","0","0","69","767"
"19","7850017A","65","43","35","3","3538","0","0","0","0","0","0","0","0","0","1063","0","0","0","0","0","0","0","0","0","0","0","76","987"
"19","7850029A","65","43","35","3","1168","0","0","0","0","0","0","0","0","0","326","0","0","0","0","0","0","0","0","0","0","0","33","293"
"19","7850050A","65","43","35","3","983","0","0","0","0","0","0","0","0","0","424","0","0","0","0","0","0","0","0","0","0","0","29","394"
"19","7900006A","39","23","23","3","3762","0","0","0","0","0","0","0","0","0","1336","0","0","0","0","0","0","0","0","0","0","0","482","853"
"19","7900009A","39","23","23","3","3417","0","0","0","0","0","0","0","0","0","1245","0","0","0","0","0","0","0","0","0","0","0","503","742"
"19","7900013A","39","23","23","3","67","0","0","0","0","0","0","0","0","0","16","0","0","0","0","0","0","0","0","0","0","0","6","10"
"19","9000002A","51","36","28","3","6061","0","0","0","0","0","0","0","0","0","3368","0","0","0","0","0","0","0","0","0","0","0","455","2911"
"19","9000008A","44","30","20","3","4223","0","0","0","0","0","0","0","0","0","1501","0","0","0","0","0","0","0","0","0","0","0","539","961"
"19","9000009A","43","29","20","3","3640","0","0","0","0","0","0","0","0","0","1436","0","0","0","0","0","0","0","0","0","0","0","342","1092"
"19","9000010A","52","34","26","3","4385","0","0","0","0","0","0","0","0","0","2595","0","0","0","0","0","0","0","0","0","0","0","400","2194"
"19","9000013A","40","27","23","3","0","0","0","0","0","0","0","0","0","0","0","0","0","0","0","0","0","0","0","0","0","0","0","0"
"19","9000016A","40","32","27","3","5556","0","0","0","0","0","0","0","0","0","2977","0","0","0","0","0","0","0","0","0","0","0","1260","1716"
"19","9000017A","40","27","27","3","5334","0","0","0","0","0","0","0","0","0","2884","0","0","0","0","0","0","0","0","0","0","0","1017","1864"
"19","9000021A","44","30","20","3","4142","0","0","0","0","0","0","0","0","0","1732","0","0","0","0","0","0","0","0","0","0","0","676","1053"
"19","9000025A","40","32","27","3","4503","0","0","0","0","0","0","0","0","0","1929","0","0","0","0","0","0","0","0","0","0","0","576","1352"
"19","9000030A","40","32","20","3","5816","0","0","0","0","0","0","0","0","0","3011","0","0","0","0","0","0","0","0","0","0","0","961","2046"
"19","9000033A","46","32","27","3","5493","0","0","0","0","0","0","0","0","0","3107","0","0","0","0","0","0","0","0","0","0","0","1194","1912"
"19","9000038C","54","34","26","3","2539","0","0","0","0","0","0","0","0","0","982","0","0","0","0","0","0","0","0","0","0","0","91","891"
"19","9000049A","54","34","26","3","5640","0","0","0","0","0","0","0","0","0","2133","0","0","0","0","0","0","0","0","0","0","0","339","1793"
"19","9000052A","54","34","26","3","3897","0","0","0","0","0","0","0","0","0","1514","0","0","0","0","0","0","0","0","0","0","0","211","1300"
"19","9000063A","46","32","20","3","5125","0","0","0","0","0","0","0","0","0","2135","0","0","0","0","0","0","0","0","0","0","0","449","1685"
"19","9000070A","43","29","20","3","3650","0","0","0","0","0","0","0","0","0","1308","0","0","0","0","0","0","0","0","0","0","0","146","1159"
"19","9000073A","40","32","20","3","4899","0","0","0","0","0","0","0","0","0","2199","0","0","0","0","0","0","0","0","0","0","0","671","1524"
"19","9000080A","43","29","20","3","3119","0","0","0","0","0","0","0","0","0","1079","0","0","0","0","0","0","0","0","0","0","0","98","980"
"19","9000086A","40","32","20","3","5178","0","0","0","0","0","0","0","0","0","2416","0","0","0","0","0","0","0","0","0","0","0","715","1701"
"19","9000088A","46","29","20","3","4056","0","0","0","0","0","0","0","0","0","1646","0","0","0","0","0","0","0","0","0","0","0","365","1281"
"19","9000091A","46","32","27","3","4684","0","0","0","0","0","0","0","0","0","2367","0","0","0","0","0","0","0","0","0","0","0","807","1559"
"19","9000094A","43","29","20","3","3524","0","0","0","0","0","0","0","0","0","1250","0","0","0","0","0","0","0","0","0","0","0","214","1036"
"19","9000101A","43","29","20","3","4235","0","0","0","0","0","0","0","0","0","1721","0","0","0","0","0","0","0","0","0","0","0","390","1331"
"19","9000107A","43","29","20","3","4639","0","0","0","0","0","0","0","0","0","1914","0","0","0","0","0","0","0","0","0","0","0","475","1437"
"19","9000110A","43","29","20","3","3498","0","0","0","0","0","0","0","0","0","1246","0","0","0","0","0","0","0","0","0","0","0","235","1010"
"19","9000113A","43","29","20","3","3755","0","0","0","0","0","0","0","0","0","1448","0","0","0","0","0","0","0","0","0","0","0","259","1187"
"19","9000124B","46","32","20","3","5940","0","0","0","0","0","0","0","0","0","2491","0","0","0","0","0","0","0","0","0","0","0","555","1935"
"19","9000127B","43","29","27","3","4386","0","0","0","0","0","0","0","0","0","2081","0","0","0","0","0","0","0","0","0","0","0","413","1667"
"19","9000128A","46","32","20","3","4698","0","0","0","0","0","0","0","0","0","2043","0","0","0","0","0","0","0","0","0","0","0","527","1511"
"19","9000135A","43","29","27","3","4241","0","0","0","0","0","0","0","0","0","1421","0","0","0","0","0","0","0","0","0","0","0","331","1090"
"19","9000139B","43","29","20","3","3661","0","0","0","0","0","0","0","0","0","1504","0","0","0","0","0","0","0","0","0","0","0","333","1168"
"19","9000151A","46","29","20","3","5077","0","0","0","0","0","0","0","0","0","2154","0","0","0","0","0","0","0","0","0","0","0","423","1729"
"19","9000154A","44","32","27","3","4256","0","0","0","0","0","0","0","0","0","2400","0","0","0","0","0","0","0","0","0","0","0","599","1798"
"19","9000158B","40","32","27","3","5704","0","0","0","0","0","0","0","0","0","2815","0","0","0","0","0","0","0","0","0","0","0","933","1882"
"19","9000160A","46","29","20","3","4281","0","0","0","0","0","0","0","0","0","2247","0","0","0","0","0","0","0","0","0","0","0","545","1701"
"19","9000165A","44","29","27","3","4746","0","0","0","0","0","0","0","0","0","2635","0","0","0","0","0","0","0","0","0","0","0","432","2201"
"19","9000172A","46","29","20","3","4969","0","0","0","0","0","0","0","0","0","2275","0","0","0","0","0","0","0","0","0","0","0","462","1811"
"19","9000174A","46","29","27","3","4518","0","0","0","0","0","0","0","0","0","2088","0","0","0","0","0","0","0","0","0","0","0","626","1460"
"19","9000192C","46","29","20","3","4546","0","0","0","0","0","0","0","0","0","2272","0","0","0","0","0","0","0","0","0","0","0","524","1745"
"19","9000205B","43","29","20","3","4829","0","0","0","0","0","0","0","0","0","1786","0","0","0","0","0","0","0","0","0","0","0","376","1409"
"19","9000212B","46","32","27","3","5622","0","0","0","0","0","0","0","0","0","2712","0","0","0","0","0","0","0","0","0","0","0","870","1841"
"19","9000223A","40","27","27","3","4822","0","0","0","0","0","0","0","0","0","2134","0","0","0","0","0","0","0","0","0","0","0","638","1496"
"19","9000244A","54","34","26","3","3115","0","0","0","0","0","0","0","0","0","926","0","0","0","0","0","0","0","0","0","0","0","111","813"
"19","9000246B","46","32","20","3","5018","0","0","0","0","0","0","0","0","0","2352","0","0","0","0","0","0","0","0","0","0","0","760","1588"
"19","9000248A","54","34","26","3","3399","0","0","0","0","0","0","0","0","0","1328","0","0","0","0","0","0","0","0","0","0","0","204","1121"
"19","9000249A","52","34","26","3","3831","0","0","0","0","0","0","0","0","0","1627","0","0","0","0","0","0","0","0","0","0","0","178","1444"
"19","9000255A","46","32","27","3","4291","0","0","0","0","0","0","0","0","0","1919","0","0","0","0","0","0","0","0","0","0","0","539","1377"
"19","9000257A","44","32","27","3","5146","0","0","0","0","0","0","0","0","0","2582","0","0","0","0","0","0","0","0","0","0","0","619","1960"
"19","9000270A","40","32","27","3","4660","0","0","0","0","0","0","0","0","0","2203","0","0","0","0","0","0","0","0","0","0","0","768","1434"
"19","9000283A","61","37","28","3","4006","0","0","0","0","0","0","0","0","0","1882","0","0","0","0","0","0","0","0","0","0","0","162","1720"
"19","9000288A","61","37","28","3","2824","0","0","0","0","0","0","0","0","0","1404","0","0","0","0","0","0","0","0","0","0","0","86","1313"
"19","9000290A","57","43","35","3","3267","0","0","0","0","0","0","0","0","0","890","0","0","0","0","0","0","0","0","0","0","0","69","819"
"19","9000295A","57","43","35","3","3208","0","0","0","0","0","0","0","0","0","850","0","0","0","0","0","0","0","0","0","0","0","62","786"
"19","9000301A","43","29","20","3","3858","0","0","0","0","0","0","0","0","0","1440","0","0","0","0","0","0","0","0","0","0","0","246","1193"
"19","9000312A","43","29","20","3","3999","0","0","0","0","0","0","0","0","0","1842","0","0","0","0","0","0","0","0","0","0","0","574","1265"
"19","9000315A","40","32","27","3","5164","0","0","0","0","0","0","0","0","0","2751","0","0","0","0","0","0","0","0","0","0","0","1032","1718"
"19","9000324A","43","29","20","3","3892","0","0","0","0","0","0","0","0","0","1352","0","0","0","0","0","0","0","0","0","0","0","144","1205"
"19","9000329A","44","30","20","3","4025","0","0","0","0","0","0","0","0","0","1547","0","0","0","0","0","0","0","0","0","0","0","603","942"
"19","9000331A","43","29","20","3","4173","0","0","0","0","0","0","0","0","0","1780","0","0","0","0","0","0","0","0","0","0","0","419","1361"
"19","9000335A","46","29","20","3","4793","0","0","0","0","0","0","0","0","0","1757","0","0","0","0","0","0","0","0","0","0","0","347","1409"
"19","9000336B","52","34","26","3","3625","0","0","0","0","0","0","0","0","0","1535","0","0","0","0","0","0","0","0","0","0","0","155","1378"
"19","9000341A","65","44","35","3","5508","0","0","0","0","0","0","0","0","0","2199","0","0","0","0","0","0","0","0","0","0","0","685","1513"
"19","9000342B","40","32","27","3","5151","0","0","0","0","0","0","0","0","0","2326","0","0","0","0","0","0","0","0","0","0","0","681","1644"
"19","9000348A","44","32","27","3","6474","0","0","0","0","0","0","0","0","0","3579","0","0","0","0","0","0","0","0","0","0","0","569","3010"
"19","9000352A","40","32","27","3","4311","0","0","0","0","0","0","0","0","0","1944","0","0","0","0","0","0","0","0","0","0","0","578","1366"
"19","9000354A","57","43","35","3","2740","0","0","0","0","0","0","0","0","0","735","0","0","0","0","0","0","0","0","0","0","0","63","672"
"19","9000358A","40","32","27","3","4668","0","0","0","0","0","0","0","0","0","2221","0","0","0","0","0","0","0","0","0","0","0","662","1559"
"19","9000359A","46","32","20","3","5120","0","0","0","0","0","0","0","0","0","2219","0","0","0","0","0","0","0","0","0","0","0","616","1602"
"19","9000369A","52","30","26","3","4324","0","0","0","0","0","0","0","0","0","2423","0","0","0","0","0","0","0","0","0","0","0","369","2052"
"19","9000376A","43","29","20","3","3934","0","0","0","0","0","0","0","0","0","1652","0","0","0","0","0","0","0","0","0","0","0","367","1280"
"19","9000385A","43","29","27","3","4200","0","0","0","0","0","0","0","0","0","1452","0","0","0","0","0","0","0","0","0","0","0","348","1098"
"19","9000388A","66","44","35","3","5384","0","0","0","0","0","0","0","0","0","2814","0","0","0","0","0","0","0","0","0","0","0","987","1825"
"19","9000401B","40","32","27","3","4950","0","0","0","0","0","0","0","0","0","2624","0","0","0","0","0","0","0","0","0","0","0","907","1715"
"19","9000410A","44","32","27","3","6262","0","0","0","0","0","0","0","0","0","3553","0","0","0","0","0","0","0","0","0","0","0","638","2911"
"19","9000420B","65","44","35","3","12","0","0","0","0","0","0","0","0","0","3","0","0","0","0","0","0","0","0","0","0","0","***","***"
"19","9000427A","65","44","35","3","3865","0","0","0","0","0","0","0","0","0","1193","0","0","0","0","0","0","0","0","0","0","0","236","956"
"19","9000429A","46","32","20","3","7298","0","0","0","0","0","0","0","0","0","2957","0","0","0","0","0","0","0","0","0","0","0","602","2352"
"19","9000443A","46","29","20","3","4132","0","0","0","0","0","0","0","0","0","1406","0","0","0","0","0","0","0","0","0","0","0","241","1162"
"19","9000451B","55","36","28","3","4802","0","0","0","0","0","0","0","0","0","2233","0","0","0","0","0","0","0","0","0","0","0","370","1860"
"19","9000454A","57","37","28","3","2842","0","0","0","0","0","0","0","0","0","910","0","0","0","0","0","0","0","0","0","0","0","86","823"
"19","9000464B","54","34","26","3","4084","0","0","0","0","0","0","0","0","0","1496","0","0","0","0","0","0","0","0","0","0","0","226","1269"
"19","9000465A","43","29","20","3","4129","0","0","0","0","0","0","0","0","0","1486","0","0","0","0","0","0","0","0","0","0","0","300","1183"
"19","9000467E","43","29","20","3","3532","0","0","0","0","0","0","0","0","0","1282","0","0","0","0","0","0","0","0","0","0","0","140","1141"
"19","9000472A","43","29","20","3","4126","0","0","0","0","0","0","0","0","0","1633","0","0","0","0","0","0","0","0","0","0","0","289","1342"
"19","9000481A","51","30","26","3","4452","0","0","0","0","0","0","0","0","0","1639","0","0","0","0","0","0","0","0","0","0","0","298","1338"
"19","9000496A","43","29","27","3","4694","0","0","0","0","0","0","0","0","0","1643","0","0","0","0","0","0","0","0","0","0","0","410","1229"
"19","9000500A","43","29","20","3","4146","0","0","0","0","0","0","0","0","0","1315","0","0","0","0","0","0","0","0","0","0","0","426","886"
"19","9000509A","43","29","27","3","4322","0","0","0","0","0","0","0","0","0","1544","0","0","0","0","0","0","0","0","0","0","0","356","1186"
"19","9000512C","43","29","20","3","4048","0","0","0","0","0","0","0","0","0","1459","0","0","0","0","0","0","0","0","0","0","0","262","1194"
"19","9000517A","54","34","26","3","4118","0","0","0","0","0","0","0","0","0","1351","0","0","0","0","0","0","0","0","0","0","0","182","1167"
"19","9000530A","51","30","26","3","5323","0","0","0","0","0","0","0","0","0","2096","0","0","0","0","0","0","0","0","0","0","0","315","1780"
"19","9000532A","43","29","20","3","3012","0","0","0","0","0","0","0","0","0","1127","0","0","0","0","0","0","0","0","0","0","0","246","880"
"19","9000536A","52","34","26","3","4393","0","0","0","0","0","0","0","0","0","1973","0","0","0","0","0","0","0","0","0","0","0","280","1690"
"19","9000545A","65","43","35","3","1928","0","0","0","0","0","0","0","0","0","546","0","0","0","0","0","0","0","0","0","0","0","44","501"
"19","9000551A","51","30","26","3","3893","0","0","0","0","0","0","0","0","0","1445","0","0","0","0","0","0","0","0","0","0","0","327","1117"
"19","9000567A","55","36","24","3","5998","0","0","0","0","0","0","0","0","0","3137","0","0","0","0","0","0","0","0","0","0","0","1306","1828"
"19","9000568A","43","29","27","3","3193","0","0","0","0","0","0","0","0","0","1366","0","0","0","0","0","0","0","0","0","0","0","370","995"
"19","9000578A","43","29","20","3","4265","0","0","0","0","0","0","0","0","0","1510","0","0","0","0","0","0","0","0","0","0","0","280","1228"
"19","9000580A","52","30","26","3","4707","0","0","0","0","0","0","0","0","0","1997","0","0","0","0","0","0","0","0","0","0","0","177","1819"
"19","9000582B","54","34","26","3","3121","0","0","0","0","0","0","0","0","0","1181","0","0","0","0","0","0","0","0","0","0","0","106","1075"
"19","9000606A","44","29","27","3","5020","0","0","0","0","0","0","0","0","0","2318","0","0","0","0","0","0","0","0","0","0","0","360","1955"
"19","9000623A","57","37","28","3","3617","0","0","0","0","0","0","0","0","0","1114","0","0","0","0","0","0","0","0","0","0","0","99","1015"
"19","9000628A","46","32","27","3","4483","0","0","0","0","0","0","0","0","0","2289","0","0","0","0","0","0","0","0","0","0","0","794","1493"
"19","9000634A","44","30","20","3","4219","0","0","0","0","0","0","0","0","0","1919","0","0","0","0","0","0","0","0","0","0","0","868","1051"
"19","9000641A","44","30","20","3","4633","0","0","0","0","0","0","0","0","0","1953","0","0","0","0","0","0","0","0","0","0","0","797","1152"
"19","9000642C","51","30","24","3","4965","0","0","0","0","0","0","0","0","0","1930","0","0","0","0","0","0","0","0","0","0","0","312","1616"
"19","9000648A","66","44","35","3","5154","0","0","0","0","0","0","0","0","0","2445","0","0","0","0","0","0","0","0","0","0","0","724","1716"
"19","9000679A","52","30","26","3","4450","0","0","0","0","0","0","0","0","0","2293","0","0","0","0","0","0","0","0","0","0","0","223","2069"
"19","9000682A","54","30","26","3","4283","0","0","0","0","0","0","0","0","0","1581","0","0","0","0","0","0","0","0","0","0","0","152","1425"
"19","9000692A","43","29","27","3","4829","0","0","0","0","0","0","0","0","0","1886","0","0","0","0","0","0","0","0","0","0","0","339","1546"
"19","9000727A","46","29","20","3","4096","0","0","0","0","0","0","0","0","0","1483","0","0","0","0","0","0","0","0","0","0","0","236","1244"
"19","9000732A","44","29","27","3","5915","0","0","0","0","0","0","0","0","0","3055","0","0","0","0","0","0","0","0","0","0","0","463","2589"
"19","9000736A","44","29","27","3","6362","0","0","0","0","0","0","0","0","0","2954","0","0","0","0","0","0","0","0","0","0","0","298","2656"
"19","9000738A","44","29","27","3","6745","0","0","0","0","0","0","0","0","0","3391","0","0","0","0","0","0","0","0","0","0","0","495","2894"
"19","9000748A","57","37","28","3","3262","0","0","0","0","0","0","0","0","0","938","0","0","0","0","0","0","0","0","0","0","0","103","835"
"19","9000763A","54","34","26","3","3643","0","0","0","0","0","0","0","0","0","1174","0","0","0","0","0","0","0","0","0","0","0","150","1022"
"19","9000770A","52","34","26","3","4860","0","0","0","0","0","0","0","0","0","2271","0","0","0","0","0","0","0","0","0","0","0","253","2016"
"19","9000775A","54","34","26","3","3375","0","0","0","0","0","0","0","0","0","1294","0","0","0","0","0","0","0","0","0","0","0","155","1138"
"19","9000780B","46","32","20","3","4997","0","0","0","0","0","0","0","0","0","2078","0","0","0","0","0","0","0","0","0","0","0","505","1571"
"19","9000795C","52","34","26","3","4743","0","0","0","0","0","0","0","0","0","2245","0","0","0","0","0","0","0","0","0","0","0","186","2057"
"19","9000800A","52","34","26","3","4741","0","0","0","0","0","0","0","0","0","2713","0","0","0","0","0","0","0","0","0","0","0","521","2190"
"19","9000801A","46","32","27","3","4682","0","0","0","0","0","0","0","0","0","1930","0","0","0","0","0","0","0","0","0","0","0","621","1305"
"19","9000816A","52","34","26","3","4256","0","0","0","0","0","0","0","0","0","2106","0","0","0","0","0","0","0","0","0","0","0","189","1917"
"19","9000834A","57","37","28","3","3595","0","0","0","0","0","0","0","0","0","1025","0","0","0","0","0","0","0","0","0","0","0","96","928"
"19","9000851A","52","30","26","3","5038","0","0","0","0","0","0","0","0","0","2568","0","0","0","0","0","0","0","0","0","0","0","190","2377"
"19","9000855A","52","30","26","3","5549","0","0","0","0","0","0","0","0","0","3114","0","0","0","0","0","0","0","0","0","0","0","231","2880"
"19","9000856A","52","28","26","3","4328","0","0","0","0","0","0","0","0","0","2260","0","0","0","0","0","0","0","0","0","0","0","241","2017"
"19","9000866A","52","30","26","3","4706","0","0","0","0","0","0","0","0","0","3057","0","0","0","0","0","0","0","0","0","0","0","236","2818"
"19","9000867A","65","43","35","3","2223","0","0","0","0","0","0","0","0","0","732","0","0","0","0","0","0","0","0","0","0","0","65","665"
"19","9000871B","52","30","26","3","4357","0","0","0","0","0","0","0","0","0","2299","0","0","0","0","0","0","0","0","0","0","0","198","2100"
"19","9000874A","52","30","26","3","4897","0","0","0","0","0","0","0","0","0","2892","0","0","0","0","0","0","0","0","0","0","0","262","2630"
"19","9000876A","52","34","26","3","4376","0","0","0","0","0","0","0","0","0","2114","0","0","0","0","0","0","0","0","0","0","0","186","1924"
"19","9000882A","52","34","26","3","5507","0","0","0","0","0","0","0","0","0","3125","0","0","0","0","0","0","0","0","0","0","0","450","2674"
"19","9000884B","51","34","26","3","5877","0","0","0","0","0","0","0","0","0","2485","0","0","0","0","0","0","0","0","0","0","0","522","1963"
"19","9000904A","52","34","26","3","4065","0","0","0","0","0","0","0","0","0","1808","0","0","0","0","0","0","0","0","0","0","0","271","1537"
"19","9000905A","52","34","26","3","4071","0","0","0","0","0","0","0","0","0","1837","0","0","0","0","0","0","0","0","0","0","0","232","1605"
"19","9000906A","57","37","28","3","3631","0","0","0","0","0","0","0","0","0","1042","0","0","0","0","0","0","0","0","0","0","0","75","966"
"19","9000913D","52","34","26","3","4265","0","0","0","0","0","0","0","0","0","1977","0","0","0","0","0","0","0","0","0","0","0","282","1693"
"19","9000918A","52","34","26","3","3873","0","0","0","0","0","0","0","0","0","1686","0","0","0","0","0","0","0","0","0","0","0","213","1471"
"19","9000921A","57","37","28","3","3310","0","0","0","0","0","0","0","0","0","909","0","0","0","0","0","0","0","0","0","0","0","78","829"
"19","9000922D","52","34","26","3","3784","0","0","0","0","0","0","0","0","0","1901","0","0","0","0","0","0","0","0","0","0","0","181","1719"
"19","9000945A","57","37","28","3","3316","0","0","0","0","0","0","0","0","0","1113","0","0","0","0","0","0","0","0","0","0","0","107","1006"
"19","9000948A","55","37","28","3","4281","0","0","0","0","0","0","0","0","0","2178","0","0","0","0","0","0","0","0","0","0","0","125","2053"
"19","9000966A","52","30","26","3","4227","0","0","0","0","0","0","0","0","0","2001","0","0","0","0","0","0","0","0","0","0","0","200","1801"
"19","9000968A","54","34","26","3","4141","0","0","0","0","0","0","0","0","0","1560","0","0","0","0","0","0","0","0","0","0","0","264","1294"
"19","9000978A","43","29","20","3","4964","0","0","0","0","0","0","0","0","0","1639","0","0","0","0","0","0","0","0","0","0","0","250","1386"
"19","9000979A","57","37","28","3","3362","0","0","0","0","0","0","0","0","0","921","0","0","0","0","0","0","0","0","0","0","0","81","838"
"19","9000986A","57","37","28","3","3207","0","0","0","0","0","0","0","0","0","863","0","0","0","0","0","0","0","0","0","0","0","86","776"
"19","9000988A","44","29","27","3","5442","0","0","0","0","0","0","0","0","0","2427","0","0","0","0","0","0","0","0","0","0","0","553","1870"
"19","9000993A","40","29","20","3","4710","0","0","0","0","0","0","0","0","0","1760","0","0","0","0","0","0","0","0","0","0","0","398","1362"
"19","9001000A","55","37","28","3","4120","0","0","0","0","0","0","0","0","0","1577","0","0","0","0","0","0","0","0","0","0","0","173","1403"
"19","9001001A","65","36","35","3","5256","0","0","0","0","0","0","0","0","0","1903","0","0","0","0","0","0","0","0","0","0","0","411","1490"
"19","9001019A","46","32","27","3","5480","0","0","0","0","0","0","0","0","0","2900","0","0","0","0","0","0","0","0","0","0","0","905","1991"
"19","9001027A","46","32","27","3","796","0","0","0","0","0","0","0","0","0","483","0","0","0","0","0","0","0","0","0","0","0","122","361"
"19","9001030A","55","37","28","3","3855","0","0","0","0","0","0","0","0","0","1407","0","0","0","0","0","0","0","0","0","0","0","126","1277"
"19","9001042A","65","43","35","3","2064","0","0","0","0","0","0","0","0","0","521","0","0","0","0","0","0","0","0","0","0","0","49","470"
"19","9001044A","46","32","27","3","4582","0","0","0","0","0","0","0","0","0","2440","0","0","0","0","0","0","0","0","0","0","0","986","1452"
"19","9001047B","54","34","26","3","3326","0","0","0","0","0","0","0","0","0","1149","0","0","0","0","0","0","0","0","0","0","0","147","998"
"19","9001050A","43","29","20","3","3654","0","0","0","0","0","0","0","0","0","1389","0","0","0","0","0","0","0","0","0","0","0","283","1106"
"19","9001052A","44","29","27","3","6179","0","0","0","0","0","0","0","0","0","3696","0","0","0","0","0","0","0","0","0","0","0","609","3084"
"19","9001061B","65","43","35","3","2068","0","0","0","0","0","0","0","0","0","349","0","0","0","0","0","0","0","0","0","0","0","37","311"
"19","9001078A","54","34","26","3","5223","0","0","0","0","0","0","0","0","0","1988","0","0","0","0","0","0","0","0","0","0","0","262","1724"
"19","9001091A","46","32","27","3","4662","0","0","0","0","0","0","0","0","0","2491","0","0","0","0","0","0","0","0","0","0","0","767","1723"
"19","9001094A","44","32","27","3","4741","0","0","0","0","0","0","0","0","0","2571","0","0","0","0","0","0","0","0","0","0","0","474","2097"
"19","9001103A","44","32","27","3","5126","0","0","0","0","0","0","0","0","0","3050","0","0","0","0","0","0","0","0","0","0","0","767","2282"
"19","9001104A","52","34","26","3","3975","0","0","0","0","0","0","0","0","0","1912","0","0","0","0","0","0","0","0","0","0","0","172","1740"
"19","9001106A","44","32","27","3","4450","0","0","0","0","0","0","0","0","0","2410","0","0","0","0","0","0","0","0","0","0","0","455","1953"
"19","9001111A","55","37","28","3","6200","0","0","0","0","0","0","0","0","0","3283","0","0","0","0","0","0","0","0","0","0","0","337","2944"
"19","9001113A","44","32","27","3","5255","0","0","0","0","0","0","0","0","0","3020","0","0","0","0","0","0","0","0","0","0","0","524","2495"
"19","9001120A","44","32","27","3","5101","0","0","0","0","0","0","0","0","0","2790","0","0","0","0","0","0","0","0","0","0","0","563","2226"
"19","9001128A","52","30","26","3","3731","0","0","0","0","0","0","0","0","0","1863","0","0","0","0","0","0","0","0","0","0","0","202","1658"
"19","9001151A","57","37","28","3","3552","0","0","0","0","0","0","0","0","0","1193","0","0","0","0","0","0","0","0","0","0","0","104","1088"
"19","9001163A","57","37","28","3","3583","0","0","0","0","0","0","0","0","0","940","0","0","0","0","0","0","0","0","0","0","0","93","845"
"19","9001173A","51","32","27","3","6329","0","0","0","0","0","0","0","0","0","3474","0","0","0","0","0","0","0","0","0","0","0","679","2794"
"19","9001175A","55","37","28","3","4240","0","0","0","0","0","0","0","0","0","1950","0","0","0","0","0","0","0","0","0","0","0","596","1353"
"19","9001177A","44","32","27","3","7047","0","0","0","0","0","0","0","0","0","4243","0","0","0","0","0","0","0","0","0","0","0","872","3368"
"19","9001185A","57","37","28","3","3678","0","0","0","0","0","0","0","0","0","1067","0","0","0","0","0","0","0","0","0","0","0","101","964"
"19","9001188A","65","43","35","3","2458","0","0","0","0","0","0","0","0","0","617","0","0","0","0","0","0","0","0","0","0","0","45","572"
"19","9001196A","51","30","24","3","5249","0","0","0","0","0","0","0","0","0","2529","0","0","0","0","0","0","0","0","0","0","0","286","2241"
"19","9001201A","51","30","24","3","5768","0","0","0","0","0","0","0","0","0","2869","0","0","0","0","0","0","0","0","0","0","0","528","2339"
"19","9001210A","54","34","26","3","3436","0","0","0","0","0","0","0","0","0","1236","0","0","0","0","0","0","0","0","0","0","0","142","1092"
"19","9001212A","42","32","24","3","5060","0","0","0","0","0","0","0","0","0","2661","0","0","0","0","0","0","0","0","0","0","0","770","1888"
"19","9001219C","42","32","24","3","59","0","0","0","0","0","0","0","0","0","37","0","0","0","0","0","0","0","0","0","0","0","29","8"
"19","9001226A","51","30","24","3","5821","0","0","0","0","0","0","0","0","0","2966","0","0","0","0","0","0","0","0","0","0","0","644","2320"
"19","9001256B","51","36","24","3","6228","0","0","0","0","0","0","0","0","0","3212","0","0","0","0","0","0","0","0","0","0","0","742","2464"
"19","9001277A","51","36","24","3","5357","0","0","0","0","0","0","0","0","0","2701","0","0","0","0","0","0","0","0","0","0","0","978","1722"
"19","9001280A","54","34","28","3","6514","0","0","0","0","0","0","0","0","0","2465","0","0","0","0","0","0","0","0","0","0","0","370","2094"
"19","9001290A","55","36","28","3","4937","0","0","0","0","0","0","0","0","0","2755","0","0","0","0","0","0","0","0","0","0","0","463","2290"
"19","9001296A","51","32","24","3","5350","0","0","0","0","0","0","0","0","0","2336","0","0","0","0","0","0","0","0","0","0","0","357","1978"
"19","9001303A","51","36","24","3","5015","0","0","0","0","0","0","0","0","0","2477","0","0","0","0","0","0","0","0","0","0","0","346","2128"
"19","9001310A","42","32","24","3","6084","0","0","0","0","0","0","0","0","0","3157","0","0","0","0","0","0","0","0","0","0","0","876","2281"
"19","9001330A","51","36","24","3","2129","0","0","0","0","0","0","0","0","0","1219","0","0","0","0","0","0","0","0","0","0","0","69","1150"
"19","9001338A","51","36","24","3","2939","0","0","0","0","0","0","0","0","0","1131","0","0","0","0","0","0","0","0","0","0","0","99","1032"
"19","9001345A","54","37","28","3","7849","0","0","0","0","0","0","0","0","0","2965","0","0","0","0","0","0","0","0","0","0","0","402","2562"
"19","9001352A","42","32","24","3","5744","0","0","0","0","0","0","0","0","0","3020","0","0","0","0","0","0","0","0","0","0","0","1080","1937"
"19","9001364A","46","32","24","3","6456","0","0","0","0","0","0","0","0","0","3590","0","0","0","0","0","0","0","0","0","0","0","1184","2404"
"19","9001367A","42","32","24","3","6703","0","0","0","0","0","0","0","0","0","3797","0","0","0","0","0","0","0","0","0","0","0","1367","2425"
"19","9001372A","57","37","28","3","1910","0","0","0","0","0","0","0","0","0","200","0","0","0","0","0","0","0","0","0","0","0","49","150"
"19","9001377A","55","36","28","3","6650","0","0","0","0","0","0","0","0","0","3445","0","0","0","0","0","0","0","0","0","0","0","394","3048"
"19","9001390A","61","43","35","3","316","0","0","0","0","0","0","0","0","0","130","0","0","0","0","0","0","0","0","0","0","0","10","120"
"19","9001390B","61","43","35","3","11","0","0","0","0","0","0","0","0","0","2","0","0","0","0","0","0","0","0","0","0","0","***","***"
"19","9001419A","52","34","26","3","4203","0","0","0","0","0","0","0","0","0","1650","0","0","0","0","0","0","0","0","0","0","0","188","1459"
"19","9001422A","51","30","24","3","5141","0","0","0","0","0","0","0","0","0","2222","0","0","0","0","0","0","0","0","0","0","0","325","1894"
"19","9001428A","51","30","24","3","5553","0","0","0","0","0","0","0","0","0","2802","0","0","0","0","0","0","0","0","0","0","0","350","2450"
"19","9001431A","57","37","28","3","3336","0","0","0","0","0","0","0","0","0","931","0","0","0","0","0","0","0","0","0","0","0","94","837"
"19","9001434A","65","43","35","3","3722","0","0","0","0","0","0","0","0","0","1449","0","0","0","0","0","0","0","0","0","0","0","103","1345"
"19","9001436A","51","30","26","3","5904","0","0","0","0","0","0","0","0","0","3002","0","0","0","0","0","0","0","0","0","0","0","575","2423"
"19","9001444A","55","37","28","3","4585","0","0","0","0","0","0","0","0","0","1995","0","0","0","0","0","0","0","0","0","0","0","538","1454"
"19","9001454A","51","36","24","3","4551","0","0","0","0","0","0","0","0","0","2461","0","0","0","0","0","0","0","0","0","0","0","551","1908"
"19","9001470A","54","34","26","3","5173","0","0","0","0","0","0","0","0","0","1924","0","0","0","0","0","0","0","0","0","0","0","349","1572"
"19","9001476A","51","37","28","3","6228","0","0","0","0","0","0","0","0","0","3795","0","0","0","0","0","0","0","0","0","0","0","850","2941"
"19","9001479B","65","44","35","3","5496","0","0","0","0","0","0","0","0","0","2775","0","0","0","0","0","0","0","0","0","0","0","800","1974"
"19","9001485A","55","37","28","3","5147","0","0","0","0","0","0","0","0","0","2183","0","0","0","0","0","0","0","0","0","0","0","933","1246"
"19","9001493A","57","37","28","3","3278","0","0","0","0","0","0","0","0","0","877","0","0","0","0","0","0","0","0","0","0","0","45","832"
"19","9001497A","55","37","28","3","4178","0","0","0","0","0","0","0","0","0","1878","0","0","0","0","0","0","0","0","0","0","0","228","1649"
"19","9001500A","52","34","26","3","4079","0","0","0","0","0","0","0","0","0","2084","0","0","0","0","0","0","0","0","0","0","0","290","1794"
"19","9001516A","55","36","28","3","5778","0","0","0","0","0","0","0","0","0","3293","0","0","0","0","0","0","0","0","0","0","0","574","2719"
"19","9001528B","51","36","28","3","5880","0","0","0","0","0","0","0","0","0","3043","0","0","0","0","0","0","0","0","0","0","0","447","2592"
"19","9001535A","55","36","28","3","5879","0","0","0","0","0","0","0","0","0","2991","0","0","0","0","0","0","0","0","0","0","0","312","2678"
"19","9001545A","61","36","24","3","4659","0","0","0","0","0","0","0","0","0","2293","0","0","0","0","0","0","0","0","0","0","0","229","2062"
"19","9001548B","57","37","28","3","3473","0","0","0","0","0","0","0","0","0","1123","0","0","0","0","0","0","0","0","0","0","0","97","1024"
"19","9001553B","61","36","24","3","5810","0","0","0","0","0","0","0","0","0","2975","0","0","0","0","0","0","0","0","0","0","0","407","2566"
"19","9001560A","55","36","28","3","4929","0","0","0","0","0","0","0","0","0","2963","0","0","0","0","0","0","0","0","0","0","0","571","2390"
"19","9001574A","57","43","35","3","3293","0","0","0","0","0","0","0","0","0","896","0","0","0","0","0","0","0","0","0","0","0","53","843"
"19","9001578A","51","30","24","3","4396","0","0","0","0","0","0","0","0","0","1635","0","0","0","0","0","0","0","0","0","0","0","212","1422"
"19","9001591A","57","37","28","3","3207","0","0","0","0","0","0","0","0","0","919","0","0","0","0","0","0","0","0","0","0","0","81","838"
"19","9001597A","57","37","28","3","3144","0","0","0","0","0","0","0","0","0","997","0","0","0","0","0","0","0","0","0","0","0","116","880"
"19","9001598A","57","37","28","3","3417","0","0","0","0","0","0","0","0","0","1140","0","0","0","0","0","0","0","0","0","0","0","119","1019"
"19","9001604A","65","44","35","3","3677","0","0","0","0","0","0","0","0","0","1151","0","0","0","0","0","0","0","0","0","0","0","175","976"
"19","9001608A","51","30","26","3","5394","0","0","0","0","0","0","0","0","0","2753","0","0","0","0","0","0","0","0","0","0","0","951","1799"
"19","9001610A","66","44","35","3","5036","0","0","0","0","0","0","0","0","0","2674","0","0","0","0","0","0","0","0","0","0","0","967","1703"
"19","9001617A","55","37","28","3","4177","0","0","0","0","0","0","0","0","0","1759","0","0","0","0","0","0","0","0","0","0","0","112","1645"
"19","9001621A","51","30","26","3","3694","0","0","0","0","0","0","0","0","0","2175","0","0","0","0","0","0","0","0","0","0","0","383","1790"
"19","9001631A","54","34","26","3","5378","0","0","0","0","0","0","0","0","0","2175","0","0","0","0","0","0","0","0","0","0","0","389","1786"
"19","9001642A","65","44","35","3","5071","0","0","0","0","0","0","0","0","0","2051","0","0","0","0","0","0","0","0","0","0","0","519","1530"
"19","9001647A","51","30","26","3","4708","0","0","0","0","0","0","0","0","0","2045","0","0","0","0","0","0","0","0","0","0","0","224","1820"
"19","9001658A","66","44","35","3","4467","0","0","0","0","0","0","0","0","0","1853","0","0","0","0","0","0","0","0","0","0","0","512","1337"
"19","9001665A","44","32","27","3","5059","0","0","0","0","0","0","0","0","0","2702","0","0","0","0","0","0","0","0","0","0","0","524","2177"
"19","9001666A","44","32","27","3","4940","0","0","0","0","0","0","0","0","0","2475","0","0","0","0","0","0","0","0","0","0","0","489","1983"
"19","9001678A","54","34","26","3","5137","0","0","0","0","0","0","0","0","0","1627","0","0","0","0","0","0","0","0","0","0","0","265","1358"
"19","9001695A","46","32","27","3","5201","0","0","0","0","0","0","0","0","0","2169","0","0","0","0","0","0","0","0","0","0","0","638","1529"
"19","9001696A","65","44","35","3","3503","0","0","0","0","0","0","0","0","0","1076","0","0","0","0","0","0","0","0","0","0","0","145","931"
"19","9001716A","55","37","28","3","4251","0","0","0","0","0","0","0","0","0","1590","0","0","0","0","0","0","0","0","0","0","0","177","1412"
"19","9001721A","55","37","28","3","3950","0","0","0","0","0","0","0","0","0","1433","0","0","0","0","0","0","0","0","0","0","0","162","1270"
"19","9001734A","65","44","35","3","3429","0","0","0","0","0","0","0","0","0","968","0","0","0","0","0","0","0","0","0","0","0","186","781"
"19","9001737A","51","30","24","3","4285","0","0","0","0","0","0","0","0","0","1658","0","0","0","0","0","0","0","0","0","0","0","203","1451"
"19","9001738A","54","34","28","3","3943","0","0","0","0","0","0","0","0","0","1468","0","0","0","0","0","0","0","0","0","0","0","161","1304"
"19","9001739A","57","37","28","3","3609","0","0","0","0","0","0","0","0","0","1275","0","0","0","0","0","0","0","0","0","0","0","143","1130"
"19","9001743A","40","27","27","3","6899","0","0","0","0","0","0","0","0","0","2894","0","0","0","0","0","0","0","0","0","0","0","1057","1836"
"19","9001755A","55","37","28","3","3701","0","0","0","0","0","0","0","0","0","1358","0","0","0","0","0","0","0","0","0","0","0","118","1239"
"19","9001757A","57","37","28","3","3117","0","0","0","0","0","0","0","0","0","969","0","0","0","0","0","0","0","0","0","0","0","77","890"
"19","9001758A","46","32","20","3","4499","0","0","0","0","0","0","0","0","0","1866","0","0","0","0","0","0","0","0","0","0","0","441","1424"
"19","9001764A","55","37","28","3","4314","0","0","0","0","0","0","0","0","0","1842","0","0","0","0","0","0","0","0","0","0","0","149","1692"
"19","9001776A","55","37","28","3","3812","0","0","0","0","0","0","0","0","0","1572","0","0","0","0","0","0","0","0","0","0","0","122","1447"
"19","9001782A","55","37","28","3","3875","0","0","0","0","0","0","0","0","0","1613","0","0","0","0","0","0","0","0","0","0","0","126","1487"
"19","9001800A","46","32","20","3","5203","0","0","0","0","0","0","0","0","0","1819","0","0","0","0","0","0","0","0","0","0","0","369","1448"
"19","9001801B","51","34","26","3","4379","0","0","0","0","0","0","0","0","0","1684","0","0","0","0","0","0","0","0","0","0","0","205","1477"
"19","9001804C","54","30","26","3","4362","0","0","0","0","0","0","0","0","0","1505","0","0","0","0","0","0","0","0","0","0","0","175","1330"
"19","9001805A","40","27","27","3","5100","0","0","0","0","0","0","0","0","0","2240","0","0","0","0","0","0","0","0","0","0","0","798","1438"
"19","9001809A","44","29","20","3","4439","0","0","0","0","0","0","0","0","0","1767","0","0","0","0","0","0","0","0","0","0","0","304","1462"
"19","9001812A","43","29","27","3","4787","0","0","0","0","0","0","0","0","0","2210","0","0","0","0","0","0","0","0","0","0","0","455","1755"
"19","9001824A","52","30","26","3","6462","0","0","0","0","0","0","0","0","0","3910","0","0","0","0","0","0","0","0","0","0","0","432","3477"
"19","9001825B","40","32","20","3","5278","0","0","0","0","0","0","0","0","0","2268","0","0","0","0","0","0","0","0","0","0","0","625","1642"
"19","9001826A","46","29","20","3","5248","0","0","0","0","0","0","0","0","0","2028","0","0","0","0","0","0","0","0","0","0","0","426","1600"
"19","9001839B","52","34","26","3","4244","0","0","0","0","0","0","0","0","0","1523","0","0","0","0","0","0","0","0","0","0","0","161","1360"
"19","9001842C","54","34","26","3","4315","0","0","0","0","0","0","0","0","0","1786","0","0","0","0","0","0","0","0","0","0","0","272","1502"
"19","9001851A","54","34","26","3","2965","0","0","0","0","0","0","0","0","0","995","0","0","0","0","0","0","0","0","0","0","0","82","910"
"19","9001861A","44","32","27","3","5717","0","0","0","0","0","0","0","0","0","3078","0","0","0","0","0","0","0","0","0","0","0","675","2403"
"19","9001862C","54","34","26","3","4875","0","0","0","0","0","0","0","0","0","1903","0","0","0","0","0","0","0","0","0","0","0","197","1704"
"19","9001876A","61","36","24","3","6371","0","0","0","0","0","0","0","0","0","3580","0","0","0","0","0","0","0","0","0","0","0","753","2826"
"19","9001889A","54","34","26","3","3669","0","0","0","0","0","0","0","0","0","1424","0","0","0","0","0","0","0","0","0","0","0","159","1264"
"19","9001891A","54","34","26","3","3212","0","0","0","0","0","0","0","0","0","1270","0","0","0","0","0","0","0","0","0","0","0","116","1151"
"19","9001923A","43","29","27","3","3819","0","0","0","0","0","0","0","0","0","1330","0","0","0","0","0","0","0","0","0","0","0","312","1017"
"19","9001938A","61","36","24","3","4514","0","0","0","0","0","0","0","0","0","1772","0","0","0","0","0","0","0","0","0","0","0","243","1526"
"19","9001948A","43","29","27","3","4904","0","0","0","0","0","0","0","0","0","2106","0","0","0","0","0","0","0","0","0","0","0","565","1540"
"19","9001949A","51","30","26","3","5283","0","0","0","0","0","0","0","0","0","2447","0","0","0","0","0","0","0","0","0","0","0","246","2200"
"19","9001956A","57","37","28","3","2776","0","0","0","0","0","0","0","0","0","909","0","0","0","0","0","0","0","0","0","0","0","130","779"
"19","9001958A","57","37","28","3","2921","0","0","0","0","0","0","0","0","0","991","0","0","0","0","0","0","0","0","0","0","0","94","895"
"19","9001959A","57","37","35","3","3623","0","0","0","0","0","0","0","0","0","1020","0","0","0","0","0","0","0","0","0","0","0","89","929"
"19","9002001A","54","34","28","3","4334","0","0","0","0","0","0","0","0","0","1505","0","0","0","0","0","0","0","0","0","0","0","244","1259"
"19","9002013A","43","29","20","3","5364","0","0","0","0","0","0","0","0","0","1981","0","0","0","0","0","0","0","0","0","0","0","368","1612"
"19","9002014A","57","37","28","3","3731","0","0","0","0","0","0","0","0","0","1146","0","0","0","0","0","0","0","0","0","0","0","115","1030"
"19","9002021A","57","37","28","3","3476","0","0","0","0","0","0","0","0","0","972","0","0","0","0","0","0","0","0","0","0","0","83","886"
"19","9002025A","57","37","28","3","3534","0","0","0","0","0","0","0","0","0","1042","0","0","0","0","0","0","0","0","0","0","0","94","947"
"19","9002037A","57","37","28","3","3175","0","0","0","0","0","0","0","0","0","891","0","0","0","0","0","0","0","0","0","0","0","52","839"
"19","9002039A","57","37","28","3","3479","0","0","0","0","0","0","0","0","0","1026","0","0","0","0","0","0","0","0","0","0","0","69","955"
"19","9002044A","54","34","26","3","5320","0","0","0","0","0","0","0","0","0","1735","0","0","0","0","0","0","0","0","0","0","0","235","1498"
"19","9002046A","52","30","26","3","4706","0","0","0","0","0","0","0","0","0","2742","0","0","0","0","0","0","0","0","0","0","0","263","2477"
"19","9002049A","65","43","35","3","1954","0","0","0","0","0","0","0","0","0","428","0","0","0","0","0","0","0","0","0","0","0","29","399"
"19","9002052A","57","37","28","3","3553","0","0","0","0","0","0","0","0","0","1047","0","0","0","0","0","0","0","0","0","0","0","65","980"
"19","9002065B","54","34","26","3","4883","0","0","0","0","0","0","0","0","0","1771","0","0","0","0","0","0","0","0","0","0","0","249","1522"
"19","9002067A","55","37","28","3","4178","0","0","0","0","0","0","0","0","0","2021","0","0","0","0","0","0","0","0","0","0","0","123","1898"
"19","9002068A","55","37","28","3","3821","0","0","0","0","0","0","0","0","0","1277","0","0","0","0","0","0","0","0","0","0","0","65","1212"
"19","9002073A","55","37","28","3","3823","0","0","0","0","0","0","0","0","0","1384","0","0","0","0","0","0","0","0","0","0","0","124","1258"
"19","9002080A","55","37","28","3","3190","0","0","0","0","0","0","0","0","0","1846","0","0","0","0","0","0","0","0","0","0","0","107","1733"
"19","9002084A","55","37","28","3","4126","0","0","0","0","0","0","0","0","0","1975","0","0","0","0","0","0","0","0","0","0","0","120","1849"
"19","9002086A","55","37","28","3","3704","0","0","0","0","0","0","0","0","0","1435","0","0","0","0","0","0","0","0","0","0","0","132","1301"
"19","9002098A","52","34","26","3","3599","0","0","0","0","0","0","0","0","0","1748","0","0","0","0","0","0","0","0","0","0","0","124","1623"
"19","9002099A","54","34","26","3","3064","0","0","0","0","0","0","0","0","0","1187","0","0","0","0","0","0","0","0","0","0","0","78","1109"
"19","9002101A","55","37","28","3","3049","0","0","0","0","0","0","0","0","0","1185","0","0","0","0","0","0","0","0","0","0","0","96","1088"
"19","9002108A","54","34","26","3","5421","0","0","0","0","0","0","0","0","0","1923","0","0","0","0","0","0","0","0","0","0","0","278","1643"
"19","9002114A","55","37","28","3","3607","0","0","0","0","0","0","0","0","0","1262","0","0","0","0","0","0","0","0","0","0","0","91","1170"
"19","9002125A","46","29","20","3","5807","0","0","0","0","0","0","0","0","0","2545","0","0","0","0","0","0","0","0","0","0","0","580","1963"
"19","9002128A","55","37","28","3","2935","0","0","0","0","0","0","0","0","0","1374","0","0","0","0","0","0","0","0","0","0","0","89","1284"
"19","9002131B","43","29","20","3","4255","0","0","0","0","0","0","0","0","0","1715","0","0","0","0","0","0","0","0","0","0","0","350","1364"
"19","9002132A","61","37","28","3","3843","0","0","0","0","0","0","0","0","0","2091","0","0","0","0","0","0","0","0","0","0","0","120","1969"
"19","9002144A","55","37","28","3","2997","0","0","0","0","0","0","0","0","0","1191","0","0","0","0","0","0","0","0","0","0","0","83","1106"
"19","9002146A","54","34","26","3","5073","0","0","0","0","0","0","0","0","0","1835","0","0","0","0","0","0","0","0","0","0","0","247","1585"
"19","9002153A","55","37","28","3","3494","0","0","0","0","0","0","0","0","0","1273","0","0","0","0","0","0","0","0","0","0","0","147","1125"
"19","9002158A","51","30","24","3","6065","0","0","0","0","0","0","0","0","0","2898","0","0","0","0","0","0","0","0","0","0","0","380","2515"
"19","9002162A","57","37","28","3","3414","0","0","0","0","0","0","0","0","0","1332","0","0","0","0","0","0","0","0","0","0","0","98","1233"
"19","9002163A","61","37","28","3","3654","0","0","0","0","0","0","0","0","0","1342","0","0","0","0","0","0","0","0","0","0","0","107","1231"
"19","9002164A","54","34","26","3","3276","0","0","0","0","0","0","0","0","0","1198","0","0","0","0","0","0","0","0","0","0","0","106","1092"
"19","9002165A","54","34","26","3","2641","0","0","0","0","0","0","0","0","0","990","0","0","0","0","0","0","0","0","0","0","0","97","893"
"19","9002166A","57","37","28","3","3457","0","0","0","0","0","0","0","0","0","1183","0","0","0","0","0","0","0","0","0","0","0","113","1068"
"19","9002170A","52","34","26","3","3802","0","0","0","0","0","0","0","0","0","1835","0","0","0","0","0","0","0","0","0","0","0","175","1660"
"19","9002176A","43","30","20","3","4401","0","0","0","0","0","0","0","0","0","1666","0","0","0","0","0","0","0","0","0","0","0","394","1272"
"19","9002178A","57","37","28","3","3904","0","0","0","0","0","0","0","0","0","1580","0","0","0","0","0","0","0","0","0","0","0","113","1464"
"19","9002182A","61","43","35","3","3413","0","0","0","0","0","0","0","0","0","1629","0","0","0","0","0","0","0","0","0","0","0","161","1464"
"19","9002186A","61","43","28","3","4819","0","0","0","0","0","0","0","0","0","2458","0","0","0","0","0","0","0","0","0","0","0","538","1918"
"19","9002197B","54","34","26","3","3108","0","0","0","0","0","0","0","0","0","1006","0","0","0","0","0","0","0","0","0","0","0","96","909"
"19","9002200A","54","34","26","3","3035","0","0","0","0","0","0","0","0","0","1030","0","0","0","0","0","0","0","0","0","0","0","81","949"
"19","9002202A","54","34","26","3","2815","0","0","0","0","0","0","0","0","0","1013","0","0","0","0","0","0","0","0","0","0","0","124","888"
"19","9002212A","57","37","28","3","3630","0","0","0","0","0","0","0","0","0","1704","0","0","0","0","0","0","0","0","0","0","0","112","1592"
"19","9002215A","57","37","28","3","3666","0","0","0","0","0","0","0","0","0","1517","0","0","0","0","0","0","0","0","0","0","0","97","1419"
"19","9002220A","43","29","20","3","4389","0","0","0","0","0","0","0","0","0","1492","0","0","0","0","0","0","0","0","0","0","0","237","1254"
"19","9002228A","46","29","20","3","4980","0","0","0","0","0","0","0","0","0","1941","0","0","0","0","0","0","0","0","0","0","0","372","1568"
"19","9002234A","51","30","24","3","3631","0","0","0","0","0","0","0","0","0","1761","0","0","0","0","0","0","0","0","0","0","0","172","1588"
"19","9002238A","51","30","24","3","4533","0","0","0","0","0","0","0","0","0","2311","0","0","0","0","0","0","0","0","0","0","0","404","1905"
"19","9002250C","51","30","24","3","6149","0","0","0","0","0","0","0","0","0","2750","0","0","0","0","0","0","0","0","0","0","0","400","2348"
"19","9002269A","43","29","20","3","5406","0","0","0","0","0","0","0","0","0","1972","0","0","0","0","0","0","0","0","0","0","0","414","1555"
"19","9002270A","55","30","28","3","4973","0","0","0","0","0","0","0","0","0","2151","0","0","0","0","0","0","0","0","0","0","0","518","1632"
"19","9002280A","55","30","24","3","4659","0","0","0","0","0","0","0","0","0","2399","0","0","0","0","0","0","0","0","0","0","0","419","1979"
"19","9002288A","43","29","20","3","2518","0","0","0","0","0","0","0","0","0","835","0","0","0","0","0","0","0","0","0","0","0","168","667"
"19","9002297A","55","37","28","3","5641","0","0","0","0","0","0","0","0","0","3034","0","0","0","0","0","0","0","0","0","0","0","349","2681"
"19","9002301A","43","29","20","3","3668","0","0","0","0","0","0","0","0","0","1282","0","0","0","0","0","0","0","0","0","0","0","211","1068"
"19","9002303A","55","37","28","3","4565","0","0","0","0","0","0","0","0","0","2169","0","0","0","0","0","0","0","0","0","0","0","225","1940"
"19","9002308A","44","29","20","3","4432","0","0","0","0","0","0","0","0","0","1864","0","0","0","0","0","0","0","0","0","0","0","376","1486"
"19","9002313A","44","29","27","3","4441","0","0","0","0","0","0","0","0","0","1715","0","0","0","0","0","0","0","0","0","0","0","213","1500"
"19","9002314A","43","29","20","3","5079","0","0","0","0","0","0","0","0","0","1494","0","0","0","0","0","0","0","0","0","0","0","194","1296"
"19","9002318A","43","29","20","3","3976","0","0","0","0","0","0","0","0","0","1401","0","0","0","0","0","0","0","0","0","0","0","300","1101"
"19","9002319A","43","29","20","3","3745","0","0","0","0","0","0","0","0","0","1284","0","0","0","0","0","0","0","0","0","0","0","200","1082"
"19","9002329A","55","37","28","3","4080","0","0","0","0","0","0","0","0","0","1703","0","0","0","0","0","0","0","0","0","0","0","141","1562"
"19","9002334A","55","37","28","3","4599","0","0","0","0","0","0","0","0","0","2759","0","0","0","0","0","0","0","0","0","0","0","186","2570"
"19","9002338A","65","44","35","3","4027","0","0","0","0","0","0","0","0","0","1329","0","0","0","0","0","0","0","0","0","0","0","220","1108"
"19","9002340A","55","37","28","3","4453","0","0","0","0","0","0","0","0","0","2047","0","0","0","0","0","0","0","0","0","0","0","177","1868"
"19","9002344A","57","37","28","3","3007","0","0","0","0","0","0","0","0","0","777","0","0","0","0","0","0","0","0","0","0","0","55","722"
"19","9002345A","55","37","28","3","4048","0","0","0","0","0","0","0","0","0","1701","0","0","0","0","0","0","0","0","0","0","0","150","1545"
"19","9002350A","57","37","28","3","3567","0","0","0","0","0","0","0","0","0","1034","0","0","0","0","0","0","0","0","0","0","0","87","941"
"19","9002366A","43","29","20","3","3267","0","0","0","0","0","0","0","0","0","1244","0","0","0","0","0","0","0","0","0","0","0","181","1062"
"19","9002368A","51","36","24","3","4768","0","0","0","0","0","0","0","0","0","2361","0","0","0","0","0","0","0","0","0","0","0","382","1979"
"19","9002385B","40","32","27","3","5391","0","0","0","0","0","0","0","0","0","2398","0","0","0","0","0","0","0","0","0","0","0","684","1713"
"19","9002388A","61","36","24","3","5426","0","0","0","0","0","0","0","0","0","2570","0","0","0","0","0","0","0","0","0","0","0","389","2178"
"19","9002395A","61","36","28","3","7573","0","0","0","0","0","0","0","0","0","3970","0","0","0","0","0","0","0","0","0","0","0","740","3228"
"19","9002397A","55","36","28","3","5415","0","0","0","0","0","0","0","0","0","2812","0","0","0","0","0","0","0","0","0","0","0","423","2385"
"19","9002405A","55","36","28","3","846","0","0","0","0","0","0","0","0","0","395","0","0","0","0","0","0","0","0","0","0","0","88","306"
"19","9002415A","61","36","24","3","6210","0","0","0","0","0","0","0","0","0","3434","0","0","0","0","0","0","0","0","0","0","0","817","2615"
"19","9002423A","61","36","28","3","7528","0","0","0","0","0","0","0","0","0","4211","0","0","0","0","0","0","0","0","0","0","0","922","3288"
"19","9002425B","65","44","35","3","4425","0","0","0","0","0","0","0","0","0","1692","0","0","0","0","0","0","0","0","0","0","0","475","1216"
"19","9002430A","61","36","28","3","4310","0","0","0","0","0","0","0","0","0","2449","0","0","0","0","0","0","0","0","0","0","0","612","1835"
"19","9002491A","57","37","28","3","3569","0","0","0","0","0","0","0","0","0","927","0","0","0","0","0","0","0","0","0","0","0","73","854"
"19","9002494A","61","43","35","3","2977","0","0","0","0","0","0","0","0","0","895","0","0","0","0","0","0","0","0","0","0","0","72","823"
"19","9002503A","61","43","28","3","2647","0","0","0","0","0","0","0","0","0","1206","0","0","0","0","0","0","0","0","0","0","0","105","1101"
"19","9002507A","61","37","28","3","2792","0","0","0","0","0","0","0","0","0","1323","0","0","0","0","0","0","0","0","0","0","0","99","1223"
"19","9002508A","55","37","28","3","2941","0","0","0","0","0","0","0","0","0","1158","0","0","0","0","0","0","0","0","0","0","0","85","1072"
"19","9002510A","61","43","35","3","3023","0","0","0","0","0","0","0","0","0","1112","0","0","0","0","0","0","0","0","0","0","0","99","1012"
"19","9002521A","57","37","35","3","3456","0","0","0","0","0","0","0","0","0","932","0","0","0","0","0","0","0","0","0","0","0","55","875"
"19","9002529A","57","43","35","3","3191","0","0","0","0","0","0","0","0","0","981","0","0","0","0","0","0","0","0","0","0","0","72","908"
"19","9002530A","57","43","35","3","3107","0","0","0","0","0","0","0","0","0","815","0","0","0","0","0","0","0","0","0","0","0","87","726"
"19","9002534A","65","43","35","3","2409","0","0","0","0","0","0","0","0","0","562","0","0","0","0","0","0","0","0","0","0","0","55","504"
"19","9002537A","65","43","35","3","2910","0","0","0","0","0","0","0","0","0","746","0","0","0","0","0","0","0","0","0","0","0","60","685"
"19","9002542B","65","43","35","3","1638","0","0","0","0","0","0","0","0","0","355","0","0","0","0","0","0","0","0","0","0","0","32","323"
"19","9002547A","57","34","26","3","5922","0","0","0","0","0","0","0","0","0","2449","0","0","0","0","0","0","0","0","0","0","0","474","1970"
"19","9002548A","65","43","35","3","2752","0","0","0","0","0","0","0","0","0","651","0","0","0","0","0","0","0","0","0","0","0","48","603"
"19","9002555A","65","43","35","3","2387","0","0","0","0","0","0","0","0","0","611","0","0","0","0","0","0","0","0","0","0","0","56","555"
"19","9002562A","61","36","28","3","5964","0","0","0","0","0","0","0","0","0","3668","0","0","0","0","0","0","0","0","0","0","0","920","2748"
"19","9002568A","57","43","35","3","3006","0","0","0","0","0","0","0","0","0","774","0","0","0","0","0","0","0","0","0","0","0","72","701"
"19","9002572A","61","43","35","3","3033","0","0","0","0","0","0","0","0","0","996","0","0","0","0","0","0","0","0","0","0","0","73","923"
"19","9002573A","51","30","24","3","5500","0","0","0","0","0","0","0","0","0","2140","0","0","0","0","0","0","0","0","0","0","0","225","1914"
"19","9002597A","65","44","35","3","3865","0","0","0","0","0","0","0","0","0","1257","0","0","0","0","0","0","0","0","0","0","0","223","1033"
"19","9002607A","51","30","26","3","6268","0","0","0","0","0","0","0","0","0","3345","0","0","0","0","0","0","0","0","0","0","0","527","2816"
"19","9002636A","65","44","35","3","3977","0","0","0","0","0","0","0","0","0","1445","0","0","0","0","0","0","0","0","0","0","0","280","1165"
"19","9002667A","65","44","35","3","4106","0","0","0","0","0","0","0","0","0","1403","0","0","0","0","0","0","0","0","0","0","0","283","1117"
"19","9002672A","57","37","28","3","3230","0","0","0","0","0","0","0","0","0","837","0","0","0","0","0","0","0","0","0","0","0","77","758"
"19","9002688A","66","44","35","3","5642","0","0","0","0","0","0","0","0","0","3465","0","0","0","0","0","0","0","0","0","0","0","1379","2079"
"19","9002719D","54","34","26","3","3007","0","0","0","0","0","0","0","0","0","1067","0","0","0","0","0","0","0","0","0","0","0","109","957"
"19","9002796A","44","30","20","3","4458","0","0","0","0","0","0","0","0","0","1804","0","0","0","0","0","0","0","0","0","0","0","801","1002"
"19","9002809A","52","34","26","3","3840","0","0","0","0","0","0","0","0","0","2103","0","0","0","0","0","0","0","0","0","0","0","229","1872"
"19","9002821A","57","37","28","3","4098","0","0","0","0","0","0","0","0","0","1354","0","0","0","0","0","0","0","0","0","0","0","152","1197"
"19","9002878A","43","29","20","3","4109","0","0","0","0","0","0","0","0","0","1300","0","0","0","0","0","0","0","0","0","0","0","255","1044"
"19","9002881A","52","34","26","3","4233","0","0","0","0","0","0","0","0","0","1941","0","0","0","0","0","0","0","0","0","0","0","216","1723"
"19","9002888A","43","29","20","3","3405","0","0","0","0","0","0","0","0","0","1313","0","0","0","0","0","0","0","0","0","0","0","221","1091"
"19","9002901A","51","36","24","3","5879","0","0","0","0","0","0","0","0","0","2828","0","0","0","0","0","0","0","0","0","0","0","656","2168"
"19","9002903A","43","30","20","3","4409","0","0","0","0","0","0","0","0","0","1700","0","0","0","0","0","0","0","0","0","0","0","235","1464"
"19","9002910A","65","43","35","3","4157","0","0","0","0","0","0","0","0","0","1652","0","0","0","0","0","0","0","0","0","0","0","302","1347"
"19","9002913A","61","36","28","3","5786","0","0","0","0","0","0","0","0","0","2912","0","0","0","0","0","0","0","0","0","0","0","384","2528"
"19","9002916A","54","34","26","3","4281","0","0","0","0","0","0","0","0","0","1370","0","0","0","0","0","0","0","0","0","0","0","218","1148"
"19","9002929B","57","37","28","3","3482","0","0","0","0","0","0","0","0","0","1005","0","0","0","0","0","0","0","0","0","0","0","87","916"
"19","9002957A","65","44","35","3","4550","0","0","0","0","0","0","0","0","0","1792","0","0","0","0","0","0","0","0","0","0","0","436","1356"
"19","9002967A","46","32","20","3","5184","0","0","0","0","0","0","0","0","0","2314","0","0","0","0","0","0","0","0","0","0","0","704","1607"
"19","9002972A","46","32","20","3","5900","0","0","0","0","0","0","0","0","0","2233","0","0","0","0","0","0","0","0","0","0","0","479","1751"
"19","9003036A","51","36","28","3","5666","0","0","0","0","0","0","0","0","0","2857","0","0","0","0","0","0","0","0","0","0","0","576","2279"
"19","9003043A","43","29","20","3","4732","0","0","0","0","0","0","0","0","0","1898","0","0","0","0","0","0","0","0","0","0","0","353","1543"
"19","9003068A","55","37","28","3","4479","0","0","0","0","0","0","0","0","0","1937","0","0","0","0","0","0","0","0","0","0","0","154","1782"
"19","9003070A","43","29","20","3","2758","0","0","0","0","0","0","0","0","0","975","0","0","0","0","0","0","0","0","0","0","0","94","880"
"19","9003073A","43","29","20","3","2967","0","0","0","0","0","0","0","0","0","1093","0","0","0","0","0","0","0","0","0","0","0","115","977"
"19","9003078A","42","36","24","3","5283","0","0","0","0","0","0","0","0","0","2704","0","0","0","0","0","0","0","0","0","0","0","989","1710"
"19","9003090A","44","32","27","3","6317","0","0","0","0","0","0","0","0","0","3637","0","0","0","0","0","0","0","0","0","0","0","684","2952"
"19","9003097A","55","36","28","3","6077","0","0","0","0","0","0","0","0","0","3264","0","0","0","0","0","0","0","0","0","0","0","598","2664"
"19","9003112A","44","32","27","3","4862","0","0","0","0","0","0","0","0","0","2559","0","0","0","0","0","0","0","0","0","0","0","528","2029"
"19","9003122A","46","32","27","3","5416","0","0","0","0","0","0","0","0","0","2968","0","0","0","0","0","0","0","0","0","0","0","1102","1864"
"19","9003181A","51","30","24","3","3636","0","0","0","0","0","0","0","0","0","1672","0","0","0","0","0","0","0","0","0","0","0","626","1044"
"19","9003187A","65","44","35","3","5326","0","0","0","0","0","0","0","0","0","1667","0","0","0","0","0","0","0","0","0","0","0","374","1292"
"19","9003188A","54","34","26","3","6168","0","0","0","0","0","0","0","0","0","2267","0","0","0","0","0","0","0","0","0","0","0","360","1903"
"19","9003195A","55","37","28","3","4498","0","0","0","0","0","0","0","0","0","1896","0","0","0","0","0","0","0","0","0","0","0","176","1717"
"19","9003368A","61","36","28","3","5620","0","0","0","0","0","0","0","0","0","3255","0","0","0","0","0","0","0","0","0","0","0","798","2453"
"19","9003438A","55","37","28","3","3374","0","0","0","0","0","0","0","0","0","1629","0","0","0","0","0","0","0","0","0","0","0","93","1535"
"19","9003606A","43","29","20","3","3330","0","0","0","0","0","0","0","0","0","1564","0","0","0","0","0","0","0","0","0","0","0","452","1110"
"19","9003663B","65","44","35","3","3527","0","0","0","0","0","0","0","0","0","1297","0","0","0","0","0","0","0","0","0","0","0","260","1035"
"19","9003937A","52","34","26","3","4288","0","0","0","0","0","0","0","0","0","2322","0","0","0","0","0","0","0","0","0","0","0","288","2032"
"19","9003961A","54","34","26","3","5510","0","0","0","0","0","0","0","0","0","1942","0","0","0","0","0","0","0","0","0","0","0","317","1622"
"19","9003981A","52","30","24","3","5567","0","0","0","0","0","0","0","0","0","3159","0","0","0","0","0","0","0","0","0","0","0","443","2714"
"19","9003991A","51","30","26","3","3468","0","0","0","0","0","0","0","0","0","1288","0","0","0","0","0","0","0","0","0","0","0","199","1088"
"19","9004060A","55","37","28","3","3281","0","0","0","0","0","0","0","0","0","1294","0","0","0","0","0","0","0","0","0","0","0","119","1173"
"19","9004090A","52","34","26","3","4044","0","0","0","0","0","0","0","0","0","1924","0","0","0","0","0","0","0","0","0","0","0","182","1741"
"19","9004123A","40","27","27","3","3696","0","0","0","0","0","0","0","0","0","1814","0","0","0","0","0","0","0","0","0","0","0","688","1123"
"19","9005108A","46","29","20","3","4519","0","0","0","0","0","0","0","0","0","1779","0","0","0","0","0","0","0","0","0","0","0","407","1371"
"19","9005113A","51","30","26","3","1","0","0","0","0","0","0","0","0","0","1","0","0","0","0","0","0","0","0","0","0","0","***","***"
"19","9005118A","52","30","26","3","6039","0","0","0","0","0","0","0","0","0","3365","0","0","0","0","0","0","0","0","0","0","0","279","3085"
"19","9005145C","44","29","27","3","6542","0","0","0","0","0","0","0","0","0","3505","0","0","0","0","0","0","0","0","0","0","0","752","2750"
"19","9005188A","43","29","20","3","5132","0","0","0","0","0","0","0","0","0","2008","0","0","0","0","0","0","0","0","0","0","0","311","1695"
"19","9005205A","61","37","28","3","3586","0","0","0","0","0","0","0","0","0","1263","0","0","0","0","0","0","0","0","0","0","0","85","1178"
"19","9005217A","57","37","28","3","3640","0","0","0","0","0","0","0","0","0","966","0","0","0","0","0","0","0","0","0","0","0","89","875"
"19","9005291A","55","36","28","3","5914","0","0","0","0","0","0","0","0","0","3262","0","0","0","0","0","0","0","0","0","0","0","485","2777"
"19","9005303A","55","37","28","3","5196","0","0","0","0","0","0","0","0","0","2522","0","0","0","0","0","0","0","0","0","0","0","286","2236"
"19","9005307A","55","37","28","3","5612","0","0","0","0","0","0","0","0","0","3198","0","0","0","0","0","0","0","0","0","0","0","469","2726"
"19","9005310A","51","30","26","3","6143","0","0","0","0","0","0","0","0","0","2846","0","0","0","0","0","0","0","0","0","0","0","280","2564"
"19","9005317A","55","37","28","3","4236","0","0","0","0","0","0","0","0","0","2106","0","0","0","0","0","0","0","0","0","0","0","187","1918"
"19","9005400A","54","34","26","3","3370","0","0","0","0","0","0","0","0","0","1030","0","0","0","0","0","0","0","0","0","0","0","187","842"
"19","9005428A","42","32","24","3","5250","0","0","0","0","0","0","0","0","0","2860","0","0","0","0","0","0","0","0","0","0","0","1237","1619"
"19","9005472A","57","37","28","3","3766","0","0","0","0","0","0","0","0","0","1103","0","0","0","0","0","0","0","0","0","0","0","90","1012"
"19","9005646A","44","30","20","3","4067","0","0","0","0","0","0","0","0","0","1765","0","0","0","0","0","0","0","0","0","0","0","675","1088"
"19","9005662A","44","29","20","3","4109","0","0","0","0","0","0","0","0","0","1522","0","0","0","0","0","0","0","0","0","0","0","386","1136"
"19","9005666B","43","29","20","3","2603","0","0","0","0","0","0","0","0","0","876","0","0","0","0","0","0","0","0","0","0","0","97","778"
"19","9005670A","43","29","20","3","3815","0","0","0","0","0","0","0","0","0","1386","0","0","0","0","0","0","0","0","0","0","0","176","1206"
"19","9005769B","54","34","26","3","3839","0","0","0","0","0","0","0","0","0","1123","0","0","0","0","0","0","0","0","0","0","0","196","924"
"19","9005818A","51","36","24","3","5461","0","0","0","0","0","0","0","0","0","2507","0","0","0","0","0","0","0","0","0","0","0","330","2172"
"19","9005833A","42","32","24","3","6456","0","0","0","0","0","0","0","0","0","3132","0","0","0","0","0","0","0","0","0","0","0","732","2398"
"19","9005931A","42","32","24","3","5914","0","0","0","0","0","0","0","0","0","2754","0","0","0","0","0","0","0","0","0","0","0","965","1787"
"19","9006050A","57","37","28","3","3450","0","0","0","0","0","0","0","0","0","1119","0","0","0","0","0","0","0","0","0","0","0","103","1015"
"19","9006080A","57","37","28","3","3652","0","0","0","0","0","0","0","0","0","1057","0","0","0","0","0","0","0","0","0","0","0","75","979"
"19","9006085A","57","43","28","3","3322","0","0","0","0","0","0","0","0","0","1347","0","0","0","0","0","0","0","0","0","0","0","77","1270"
"19","9006197A","43","29","20","3","4138","0","0","0","0","0","0","0","0","0","1943","0","0","0","0","0","0","0","0","0","0","0","546","1396"
"19","9006212A","43","29","20","3","4130","0","0","0","0","0","0","0","0","0","1837","0","0","0","0","0","0","0","0","0","0","0","466","1367"
"19","9006220A","40","27","27","3","5158","0","0","0","0","0","0","0","0","0","2442","0","0","0","0","0","0","0","0","0","0","0","959","1482"
"19","9006222A","43","29","20","3","4092","0","0","0","0","0","0","0","0","0","1516","0","0","0","0","0","0","0","0","0","0","0","250","1261"
"19","9006232A","40","27","27","3","4377","0","0","0","0","0","0","0","0","0","2114","0","0","0","0","0","0","0","0","0","0","0","799","1314"
"19","9006237A","40","27","27","3","5017","0","0","0","0","0","0","0","0","0","2354","0","0","0","0","0","0","0","0","0","0","0","996","1356"
"19","9006246A","40","27","27","3","5652","0","0","0","0","0","0","0","0","0","2835","0","0","0","0","0","0","0","0","0","0","0","1100","1732"
"19","9006248A","40","27","27","3","5710","0","0","0","0","0","0","0","0","0","2742","0","0","0","0","0","0","0","0","0","0","0","1135","1607"
"19","9006267A","40","32","20","3","5210","0","0","0","0","0","0","0","0","0","2733","0","0","0","0","0","0","0","0","0","0","0","935","1797"
"19","9006274A","40","32","27","3","4532","0","0","0","0","0","0","0","0","0","2227","0","0","0","0","0","0","0","0","0","0","0","686","1540"
"19","9006276B","40","32","20","3","5033","0","0","0","0","0","0","0","0","0","2198","0","0","0","0","0","0","0","0","0","0","0","576","1620"
"19","9006297A","46","32","20","3","5320","0","0","0","0","0","0","0","0","0","2395","0","0","0","0","0","0","0","0","0","0","0","713","1681"
"19","9006305A","52","30","26","3","4556","0","0","0","0","0","0","0","0","0","2476","0","0","0","0","0","0","0","0","0","0","0","337","2139"
"19","9006316A","52","34","26","3","5741","0","0","0","0","0","0","0","0","0","3540","0","0","0","0","0","0","0","0","0","0","0","453","3084"
"19","9006319A","52","34","26","3","4607","0","0","0","0","0","0","0","0","0","2354","0","0","0","0","0","0","0","0","0","0","0","301","2051"
"19","9006320A","52","34","26","3","4848","0","0","0","0","0","0","0","0","0","2560","0","0","0","0","0","0","0","0","0","0","0","366","2194"
"19","9006324A","52","34","26","3","5037","0","0","0","0","0","0","0","0","0","2618","0","0","0","0","0","0","0","0","0","0","0","465","2151"
"19","9006335B","52","34","26","3","4943","0","0","0","0","0","0","0","0","0","2999","0","0","0","0","0","0","0","0","0","0","0","485","2511"
"19","9006368A","65","36","35","3","4118","0","0","0","0","0","0","0","0","0","2001","0","0","0","0","0","0","0","0","0","0","0","717","1281"
"19","9006391A","65","44","35","3","4693","0","0","0","0","0","0","0","0","0","2437","0","0","0","0","0","0","0","0","0","0","0","884","1550"
"19","9006406A","46","32","20","3","5239","0","0","0","0","0","0","0","0","0","2048","0","0","0","0","0","0","0","0","0","0","0","516","1530"
"19","9006436A","46","32","27","3","5232","0","0","0","0","0","0","0","0","0","2497","0","0","0","0","0","0","0","0","0","0","0","802","1693"
"19","9006443A","46","32","20","3","4515","0","0","0","0","0","0","0","0","0","1962","0","0","0","0","0","0","0","0","0","0","0","481","1478"
"19","9006471B","46","32","27","3","3559","0","0","0","0","0","0","0","0","0","1763","0","0","0","0","0","0","0","0","0","0","0","567","1193"
"19","9006490B","46","32","27","3","4107","0","0","0","0","0","0","0","0","0","2212","0","0","0","0","0","0","0","0","0","0","0","783","1426"
"19","9006611A","46","32","27","3","4912","0","0","0","0","0","0","0","0","0","2378","0","0","0","0","0","0","0","0","0","0","0","665","1711"
"19","9006624A","46","32","27","3","6095","0","0","0","0","0","0","0","0","0","3296","0","0","0","0","0","0","0","0","0","0","0","939","2354"
"19","9006629A","46","32","27","3","4210","0","0","0","0","0","0","0","0","0","1763","0","0","0","0","0","0","0","0","0","0","0","672","1089"
"19","9006633A","46","32","27","3","5067","0","0","0","0","0","0","0","0","0","2692","0","0","0","0","0","0","0","0","0","0","0","912","1774"
"19","9006667A","42","32","27","3","6735","0","0","0","0","0","0","0","0","0","3900","0","0","0","0","0","0","0","0","0","0","0","1365","2533"
"19","9006917A","61","43","35","3","2858","0","0","0","0","0","0","0","0","0","879","0","0","0","0","0","0","0","0","0","0","0","87","791"
"19","9007018A","54","34","28","3","4215","0","0","0","0","0","0","0","0","0","1113","0","0","0","0","0","0","0","0","0","0","0","184","925"
"19","9007228B","55","37","28","3","5177","0","0","0","0","0","0","0","0","0","2762","0","0","0","0","0","0","0","0","0","0","0","248","2511"
"19","9007311A","44","30","20","3","3383","0","0","0","0","0","0","0","0","0","1483","0","0","0","0","0","0","0","0","0","0","0","582","900"
"19","9007321A","43","30","20","3","4647","0","0","0","0","0","0","0","0","0","2225","0","0","0","0","0","0","0","0","0","0","0","833","1390"
"19","9007341A","44","29","20","3","4662","0","0","0","0","0","0","0","0","0","1793","0","0","0","0","0","0","0","0","0","0","0","713","1077"
"19","9007434A","52","34","26","3","4554","0","0","0","0","0","0","0","0","0","2193","0","0","0","0","0","0","0","0","0","0","0","289","1904"
"19","9007674A","46","32","27","3","5426","0","0","0","0","0","0","0","0","0","2799","0","0","0","0","0","0","0","0","0","0","0","1195","1602"
"19","9007683A","42","32","24","3","4678","0","0","0","0","0","0","0","0","0","2243","0","0","0","0","0","0","0","0","0","0","0","825","1417"
"19","9007745A","43","29","20","3","4591","0","0","0","0","0","0","0","0","0","1924","0","0","0","0","0","0","0","0","0","0","0","391","1532"
"19","9007803A","40","32","20","3","4734","0","0","0","0","0","0","0","0","0","2101","0","0","0","0","0","0","0","0","0","0","0","681","1419"
"19","9007838A","40","32","27","3","4390","0","0","0","0","0","0","0","0","0","1863","0","0","0","0","0","0","0","0","0","0","0","538","1321"
"19","9007864A","46","32","20","3","6427","0","0","0","0","0","0","0","0","0","2502","0","0","0","0","0","0","0","0","0","0","0","616","1882"
"19","9007884A","46","32","20","3","4597","0","0","0","0","0","0","0","0","0","1787","0","0","0","0","0","0","0","0","0","0","0","413","1373"
"19","9007888A","46","32","20","3","4557","0","0","0","0","0","0","0","0","0","1792","0","0","0","0","0","0","0","0","0","0","0","443","1346"
"19","9007903A","46","32","20","3","5344","0","0","0","0","0","0","0","0","0","2255","0","0","0","0","0","0","0","0","0","0","0","554","1698"
"19","9007927A","46","32","27","3","4575","0","0","0","0","0","0","0","0","0","2491","0","0","0","0","0","0","0","0","0","0","0","902","1586"
"19","9007935A","46","32","27","3","4374","0","0","0","0","0","0","0","0","0","2311","0","0","0","0","0","0","0","0","0","0","0","833","1476"
"19","9007954A","46","32","27","3","6335","0","0","0","0","0","0","0","0","0","2796","0","0","0","0","0","0","0","0","0","0","0","810","1984"
"19","9007957A","46","32","27","3","4779","0","0","0","0","0","0","0","0","0","2634","0","0","0","0","0","0","0","0","0","0","0","920","1710"
"19","9008148A","43","29","20","3","4417","0","0","0","0","0","0","0","0","0","1890","0","0","0","0","0","0","0","0","0","0","0","345","1543"
"19","9990001A","0","0","0","3","0","0","0","0","0","0","0","0","0","0","0","0","0","0","0","0","0","0","0","0","0","0","0","0"
"19","9990002A","0","0","0","3","0","0","0","0","0","0","0","0","0","0","22","0","0","0","0","0","0","0","0","0","0","0","6","16"
"19","CNTYTOT","79071","52041","40578","4512","5844744","0","0","0","0","0","0","0","0","0","2625510","0","0","0","0","0","0","0","0","0","0","0","673059","1950068"
