"election","type","srprec","totreg_r","dem","rep","aip","paf","msc","lib","nlp","grn","ref","dcl","male","female","hispdem","hisprep","hispdcl","hispoth","jewdem","jewrep","jewdcl","jewoth","kordem","korrep","kordcl","koroth","jpndem","jpnrep","jpndcl","jpnoth","chidem","chirep","chidcl","chioth","inddem","indrep","inddcl","indoth","vietdem","vietrep","vietdcl","vietoth","fildem","filrep","fildcl","filoth","demmunk","demm1824","demm2534","demm3544","demm4554","demm5564","demm65pl","demfunk","demf1824","demf2534","demf3544","demf4554","demf5564","demf65pl","repmunk","repm1824","repm2534","repm3544","repm4554","repm5564","repm65pl","repfunk","repf1824","repf2534","repf3544","repf4554","repf5564","repf65pl","dclmunk","dclm1824","dclm2534","dclm3544","dclm4554","dclm5564","dclm65pl","dclfunk","dclf1824","dclf2534","dclf3544","dclf4554","dclf5564","dclf65pl","othmunk","othm1824","othm2534","othm3544","othm4554","othm5564","othm65pl","othfunk","othf1824","othf2534","othf3544","othf4554","othf5564","othf65pl","dreg1g","dreg2g","dreg3g","dreg4g","dreg5g","dreg6g","dreg7g","dreg8g","dreg9g","rreg1g","rreg2g","rreg3g","rreg4g","rreg5g","rreg6g","rreg7g","rreg8g","rreg9g","ireg1g","ireg2g","ireg3g","ireg4g","ireg5g","ireg6g","ireg7g","ireg8g","ireg9g","oreg1g","oreg2g","oreg3g","oreg4g","oreg5g","oreg6g","oreg7g","oreg8g","oreg9g"
"s25","voters","ADE1043","234","122","43","14","2","4","0","0","0","0","49","99","135","43","10","26","4","2","0","0","0","0","0","0","0","0","0","0","0","0","0","0","0","0","2","0","0","0","0","0","0","1","0","1","0","1","8","3","9","5","14","9","0","9","11","6","14","11","22","0","2","2","7","6","5","4","0","0","3","4","1","5","4","1","2","5","4","0","3","2","0","4","11","11","2","0","4","0","0","1","4","0","1","1","0","0","4","5","0","3","1","75","23","12","4","4","0","0","0","4","26","5","6","4","0","0","0","0","2","36","6","3","1","1","0","1","0","1","14","5","1","0","0","0","0","0","0"
"s25","voters","ADE1045","225","142","32","11","2","0","0","0","2","0","36","100","125","83","16","19","8","0","0","0","0","0","0","0","0","0","0","0","0","1","0","1","0","0","0","0","0","0","0","0","0","2","0","0","0","1","8","16","6","11","5","9","1","11","19","12","18","13","12","0","0","2","3","5","3","1","0","0","3","6","3","3","3","0","4","4","5","5","2","1","1","2","0","3","2","5","2","0","2","1","0","4","2","0","0","3","2","1","0","0","0","82","30","13","4","5","1","0","0","7","20","6","3","1","0","0","1","0","1","28","2","1","4","1","0","0","0","0","8","5","2","0","0","0","0","0","0"
"s25","voters","ADE1046","163","90","40","2","2","2","0","0","1","0","26","73","90","33","14","7","6","0","0","0","0","0","0","0","0","0","0","0","0","2","0","2","0","3","1","0","0","1","0","0","0","3","0","0","0","1","6","1","4","6","5","15","1","5","8","4","9","10","15","0","1","2","5","2","6","4","0","1","1","4","2","4","8","1","3","1","2","2","2","1","0","2","2","4","2","2","2","0","0","1","1","0","0","1","0","1","1","1","1","0","0","55","18","10","2","1","1","1","0","2","27","7","4","1","0","0","0","0","1","17","6","1","2","0","0","0","0","0","3","4","0","0","0","0","0","0","0"
"s25","voters","ADE1047","1765","937","402","92","14","10","11","0","6","0","293","767","998","485","180","174","55","4","12","5","3","1","0","0","0","0","0","0","0","1","0","1","0","7","1","0","0","2","2","1","1","8","4","6","1","5","51","57","45","46","69","99","10","91","71","85","84","95","129","5","11","31","34","35","59","43","4","6","19","25","33","41","56","5","21","28","16","18","18","16","8","29","41","26","29","21","17","0","6","13","12","3","13","8","1","13","12","9","15","17","11","564","152","109","27","29","10","10","2","34","249","55","35","8","14","5","2","3","31","180","33","34","11","13","6","5","3","8","69","32","28","0","2","0","0","0","2"
"s25","voters","ADE1048","13","3","8","0","0","1","0","0","0","0","1","10","3","0","0","0","0","0","2","0","0","0","0","0","0","0","0","0","0","0","0","0","0","0","0","0","0","0","0","0","0","0","0","0","0","0","0","0","0","0","0","3","0","0","0","0","0","0","0","0","0","0","1","0","1","3","0","0","0","1","1","0","1","0","0","0","0","0","0","1","0","0","0","0","0","0","0","0","0","0","0","1","0","0","0","0","0","0","0","0","0","0","0","1","0","1","0","0","0","1","7","0","0","1","0","0","0","0","0","0","0","1","0","0","0","0","0","0","1","0","0","0","0","0","0","0","0"
"s25","voters","ADE1049","496","306","94","22","2","2","6","0","1","0","63","209","287","127","42","40","11","2","2","0","1","0","0","0","0","0","0","0","0","0","0","0","0","5","0","0","0","1","0","0","1","3","3","0","0","4","17","12","13","18","23","22","5","31","28","25","42","23","43","1","4","8","8","7","18","6","0","2","5","7","10","10","8","0","12","5","5","7","5","2","1","7","5","6","5","1","2","1","2","3","1","2","2","1","1","3","4","2","4","4","3","174","74","28","11","8","0","1","1","9","58","16","12","1","0","0","0","0","7","39","9","8","2","2","0","0","0","3","23","5","3","1","1","0","0","0","0"
"s25","voters","ADE1050","1385","775","286","52","5","17","9","0","5","0","236","600","785","390","137","136","40","8","2","5","0","2","1","0","0","3","1","1","0","3","0","0","0","0","0","0","0","3","1","2","0","12","5","5","0","5","41","35","33","40","61","79","8","63","68","71","78","86","107","2","7","9","25","37","36","31","2","4","17","24","38","29","25","7","22","21","15","19","15","9","4","34","21","16","20","21","12","2","13","6","10","11","3","6","1","8","6","7","6","6","3","424","131","90","31","36","5","20","2","36","171","49","34","6","8","1","3","4","10","130","33","34","15","10","5","1","2","6","57","11","13","3","2","1","0","0","1"
"s25","voters","ADE1051","984","537","194","60","12","10","6","0","5","0","160","421","563","270","74","73","29","1","0","0","3","0","0","0","0","0","0","0","0","0","0","0","1","0","0","0","0","0","1","0","0","3","2","0","1","3","26","30","22","33","35","61","4","48","47","46","45","60","77","0","10","19","19","11","17","24","1","8","12","22","11","20","20","6","13","17","8","6","11","12","3","19","18","19","10","6","12","2","3","7","6","2","7","11","0","6","13","14","7","8","7","321","98","66","13","12","4","8","0","15","111","24","29","6","7","0","4","1","12","108","15","12","5","5","3","2","2","8","57","19","11","1","0","2","2","0","1"
"s25","voters","AP10004","2479","721","1291","152","4","14","18","0","2","0","277","1138","1341","201","246","83","41","19","42","5","5","1","5","0","0","4","1","0","0","0","5","4","1","3","0","8","0","2","0","0","0","12","8","0","0","1","13","25","26","32","48","134","6","34","42","29","55","80","196","4","25","42","72","102","141","244","2","21","49","74","85","159","271","4","10","21","24","26","20","30","3","18","31","22","14","24","30","3","10","8","13","8","16","36","0","4","11","11","20","23","27","405","114","99","16","14","4","5","1","63","708","193","172","42","34","6","9","9","118","154","43","22","23","7","3","4","1","20","114","38","18","6","3","0","1","4","6"
"s25","voters","AP10005","1497","518","656","93","8","12","14","0","5","0","191","685","812","188","113","63","29","5","22","2","3","1","3","0","0","0","0","0","0","4","0","1","0","0","2","0","0","0","0","0","0","3","4","3","2","2","12","24","24","33","32","76","2","26","35","51","33","62","106","3","11","25","45","51","69","107","0","13","28","48","57","77","122","3","11","14","16","18","15","23","3","12","13","19","11","16","17","0","6","17","11","5","17","15","1","9","8","12","8","12","11","304","98","57","12","11","2","4","2","28","345","112","92","20","25","1","6","7","48","111","22","22","9","12","1","4","3","7","86","23","12","0","7","1","0","0","3"
"s25","voters","AP10006","1170","379","565","67","0","7","9","0","2","0","141","562","608","130","86","43","17","6","15","0","1","0","1","0","0","0","2","0","0","1","1","1","1","1","1","1","0","0","4","2","0","6","5","2","2","0","12","14","18","16","29","63","5","19","18","39","27","53","66","2","12","19","37","44","64","103","1","15","15","44","36","62","111","1","9","17","16","17","9","16","0","8","11","10","4","5","18","0","3","4","10","6","8","13","1","6","3","5","6","8","12","211","67","46","16","14","2","5","1","17","289","83","73","23","27","3","6","2","59","70","22","24","8","6","0","5","0","6","59","9","12","1","2","0","0","0","2"
"s25","voters","AP20009","2503","669","1331","183","9","13","17","0","9","0","272","1152","1351","194","219","76","53","17","44","12","3","2","1","0","0","3","4","2","0","0","0","2","0","2","5","4","0","2","3","1","1","8","11","4","0","1","16","19","32","39","53","107","7","28","44","45","66","75","137","3","35","66","84","103","122","234","5","35","59","89","105","136","255","1","12","24","17","23","23","34","1","16","16","23","23","26","33","1","11","18","14","15","21","24","1","17","10","12","28","30","29","373","104","85","31","12","2","8","2","52","702","207","165","44","36","7","19","8","143","142","47","35","13","12","1","4","2","16","124","53","28","6","9","3","0","1","7"
"s25","voters","AP20010","793","197","454","42","1","9","5","0","0","0","85","370","423","55","71","25","8","4","11","2","3","2","1","0","0","2","0","1","0","1","0","0","0","0","0","0","0","3","0","0","0","0","0","0","0","1","4","8","10","5","27","31","1","9","10","9","11","21","50","1","10","23","30","32","43","74","2","11","16","25","31","52","104","0","7","6","7","5","3","17","0","5","2","4","9","8","12","0","0","2","5","3","7","9","0","0","2","7","7","6","9","114","43","19","5","4","1","0","1","10","245","72","56","12","9","2","4","1","53","45","13","8","9","0","0","1","0","9","32","11","8","0","2","0","1","2","1"
"s25","voters","AP20011","2970","984","1504","190","3","20","15","0","2","0","252","1235","1735","137","143","39","27","28","66","5","11","8","19","3","0","4","2","1","2","4","7","4","2","4","3","2","0","2","2","1","1","11","13","2","0","1","5","6","9","11","55","285","1","7","8","12","17","92","475","0","7","10","23","38","105","459","1","6","9","31","33","133","649","0","9","6","3","10","17","73","1","2","4","9","8","17","93","0","4","1","3","4","19","72","0","0","0","1","3","30","93","582","175","113","38","14","7","6","2","47","862","267","161","65","45","10","16","8","70","149","41","23","15","3","1","3","0","17","142","50","18","5","5","1","4","0","5"
"s25","voters","AP20012","1736","492","911","86","2","9","14","0","3","2","217","796","940","130","138","47","25","16","42","7","4","2","6","1","0","2","4","1","0","3","7","1","0","8","5","8","3","0","0","0","0","0","14","1","0","0","13","23","18","27","48","73","1","28","28","28","38","52","115","6","30","29","48","80","109","128","5","26","46","64","82","95","163","0","14","13","16","21","16","26","2","15","15","20","20","17","22","0","4","5","8","9","17","15","1","3","6","13","12","11","12","295","74","60","11","11","1","4","0","36","464","169","99","30","33","2","12","4","98","108","36","37","9","4","3","3","5","12","69","22","13","1","2","2","2","2","3"
"s25","voters","AP30014","350","78","203","27","0","4","1","0","1","0","36","169","181","21","23","9","4","4","3","0","0","0","0","0","0","0","0","0","0","0","0","0","0","0","0","0","0","0","0","0","0","0","0","0","0","0","0","4","4","1","5","13","0","2","7","4","3","8","27","0","2","9","11","16","30","32","0","5","8","13","20","25","32","1","0","6","1","4","1","8","0","2","3","3","3","1","3","1","2","1","3","2","4","8","0","1","0","1","0","4","6","40","16","12","5","3","0","0","0","2","127","27","21","6","3","1","2","1","15","21","6","3","2","0","1","1","0","2","16","2","6","1","2","1","0","0","5"
"s25","voters","AP30015","1573","569","642","93","9","7","23","0","5","0","225","705","868","255","109","70","34","6","9","6","2","0","0","0","0","1","2","0","0","1","2","1","1","0","0","3","0","0","1","0","0","4","6","1","1","0","21","25","25","26","39","75","8","46","43","54","45","49","113","0","14","38","44","50","75","95","2","16","35","43","48","79","103","3","11","12","13","17","22","27","4","25","21","13","21","14","22","0","7","15","13","6","16","16","1","7","6","6","12","17","15","324","110","59","15","20","6","7","2","26","334","102","89","21","18","3","6","6","63","124","26","29","16","5","6","6","1","12","78","30","10","9","4","0","0","0","6"
"s25","voters","AP30016","933","276","479","52","2","8","8","0","0","0","108","418","515","104","85","30","11","1","8","2","0","0","0","0","0","0","1","0","0","2","1","0","1","0","5","0","0","0","0","0","0","1","1","0","0","1","8","16","7","14","17","34","1","13","24","37","18","31","55","0","9","17","43","32","46","82","1","9","30","47","35","43","85","0","9","8","8","10","10","9","0","8","9","10","9","12","6","0","1","5","4","4","15","9","0","0","9","3","6","7","7","166","41","37","6","5","2","4","0","15","240","85","68","19","13","3","7","7","37","57","17","12","9","3","1","1","1","7","34","15","11","4","1","0","2","0","3"
"s25","voters","AP30017","1578","582","663","116","3","8","13","0","2","0","191","698","880","193","121","69","29","13","15","3","1","2","0","0","0","1","0","0","0","1","2","0","0","1","1","1","0","3","1","1","0","9","7","1","2","2","16","22","19","34","38","93","1","34","47","38","50","67","121","3","16","25","43","59","75","105","2","10","32","47","50","78","118","2","8","16","12","11","14","22","3","12","21","24","15","10","21","1","5","9","13","7","12","16","1","12","8","8","9","18","23","337","93","71","24","14","1","3","4","35","373","90","76","27","21","1","6","9","60","123","21","17","10","6","2","2","4","6","83","27","16","4","3","1","1","1","6"
"s25","voters","AP40018","783","272","357","45","3","1","7","1","11","0","86","361","422","93","75","27","19","11","17","1","2","2","0","0","0","0","0","0","0","3","0","0","1","0","0","0","0","0","1","1","0","3","2","0","0","2","17","16","7","12","19","38","0","15","19","28","21","28","50","1","4","17","28","24","35","73","0","5","16","12","27","39","76","0","4","9","6","5","5","8","0","5","11","9","8","7","9","0","4","7","6","2","6","6","0","7","2","8","1","9","10","158","33","44","11","8","3","2","1","12","210","51","44","7","8","3","5","4","25","48","8","11","6","2","1","0","4","6","43","15","7","1","0","0","1","0","1"
"s25","voters","AP40019","802","278","360","55","5","7","4","0","2","0","91","353","449","122","79","44","19","5","14","1","1","0","0","0","0","1","3","1","1","0","0","0","0","0","0","0","0","0","0","0","2","0","2","0","0","2","9","13","10","7","23","41","3","13","25","21","20","27","64","1","11","20","20","28","39","52","0","8","13","21","32","41","74","0","8","8","6","17","3","5","1","6","10","8","6","3","10","0","0","5","5","3","8","9","1","5","5","8","8","10","6","158","43","36","11","11","6","2","1","10","200","64","37","10","13","3","2","2","29","55","8","14","7","2","1","1","0","3","48","12","8","1","2","1","0","0","1"
"s25","voters","AP40020","1766","601","817","101","9","10","20","0","2","0","206","801","965","188","167","65","43","16","21","1","5","1","0","2","0","3","1","0","0","2","1","1","0","10","2","2","0","1","3","0","0","3","5","3","1","0","13","22","34","34","37","92","6","37","43","46","49","58","130","5","37","27","71","55","78","126","2","38","29","66","61","89","133","1","12","21","16","9","14","26","2","15","17","26","7","21","19","1","8","6","8","13","18","17","3","9","8","10","9","16","16","339","99","73","12","16","6","7","1","48","456","126","101","28","19","3","13","4","67","103","29","34","11","5","0","3","1","20","89","29","12","4","5","0","0","0","3"
"s25","voters","AP40021","69","17","38","6","0","1","1","0","0","0","6","33","36","7","1","1","1","0","2","0","0","0","0","0","0","0","0","0","0","0","0","0","0","0","0","0","0","0","0","0","0","0","0","0","0","0","0","1","0","0","2","3","0","0","1","3","0","0","7","0","0","3","1","0","5","10","0","1","1","1","1","7","8","0","0","2","0","0","1","0","0","1","0","0","0","1","1","0","1","1","0","1","1","1","0","1","0","1","0","0","1","9","5","2","0","0","0","0","0","1","26","6","4","0","1","0","0","0","1","4","1","0","1","0","0","0","0","0","6","2","0","0","0","0","0","0","0"
"s25","voters","AP40022","569","158","272","34","6","4","9","0","3","0","83","253","316","62","44","40","17","3","8","2","1","0","0","1","1","0","0","0","0","0","1","0","0","0","1","0","0","0","1","0","0","1","2","0","4","0","5","8","11","5","13","19","3","10","21","10","7","23","23","0","8","17","15","21","35","28","1","8","21","23","20","25","50","1","5","14","5","5","10","3","1","3","6","5","10","7","8","0","4","9","2","3","2","5","0","2","7","8","4","5","5","95","24","19","4","5","1","2","1","7","160","33","40","12","5","4","1","2","15","52","5","14","3","1","2","2","1","3","33","10","4","0","3","2","0","0","4"
"s25","voters","AP40023","684","189","339","42","1","10","6","0","0","0","97","321","363","72","56","26","19","0","8","2","2","1","0","1","0","0","0","0","0","0","0","0","0","0","0","0","0","0","0","0","0","4","0","1","1","0","6","9","10","9","17","28","1","7","16","12","15","16","43","2","11","19","22","17","38","49","2","7","14","22","27","39","70","0","7","2","16","8","8","13","0","6","8","7","5","5","12","1","2","6","3","7","2","9","1","1","2","9","7","3","6","97","42","18","6","7","0","3","2","14","197","46","50","9","11","1","1","0","24","53","15","8","7","3","0","1","1","9","33","15","5","3","1","0","1","0","1"
"s25","voters","BA10160","186","71","81","15","0","0","0","0","0","0","19","81","105","23","19","7","4","2","0","0","0","0","0","0","0","0","0","0","0","0","1","1","0","0","0","0","0","0","0","0","0","1","1","0","0","0","1","3","2","1","7","11","0","2","6","5","10","10","13","0","1","3","6","3","11","16","0","1","7","6","3","8","16","0","2","1","0","2","3","0","0","1","2","2","1","3","2","0","0","0","1","1","1","5","0","0","0","1","2","1","3","47","6","9","2","1","0","0","0","6","54","7","9","2","2","0","1","0","6","10","2","2","0","1","1","1","0","2","8","5","1","0","0","0","1","0","0"
"s25","voters","BA10161","363","166","116","29","1","1","2","0","1","0","47","168","195","55","29","17","10","0","3","0","1","0","2","0","0","1","0","0","0","0","0","0","0","0","0","0","0","0","0","0","0","2","0","0","0","0","5","6","9","5","11","25","5","7","8","11","9","32","33","0","5","9","4","6","14","28","1","3","1","9","6","8","22","0","1","3","7","2","4","4","0","3","6","4","4","7","2","0","0","3","3","1","7","6","0","1","2","1","0","3","7","114","20","13","5","5","0","0","0","9","74","17","9","2","2","0","0","2","10","37","3","4","1","0","0","0","1","1","18","12","3","0","0","0","0","0","1"
"s25","voters","BA10162","358","134","132","28","4","5","5","0","0","0","50","161","197","52","36","19","13","3","1","0","0","0","0","0","0","0","2","0","0","0","0","0","0","1","0","0","0","0","0","0","0","2","2","0","0","2","2","3","5","6","14","19","2","11","5","7","7","20","31","0","0","6","6","6","17","30","0","1","6","8","7","21","24","0","7","2","2","3","4","5","0","3","4","6","3","5","6","0","1","3","6","2","3","7","0","3","4","2","3","1","7","81","17","15","4","3","1","1","0","12","76","20","19","4","0","1","3","0","9","33","6","4","1","0","0","2","0","4","29","6","4","1","0","1","0","0","1"
"s25","voters","BA20163","546","185","239","24","1","5","8","0","1","0","83","260","286","69","59","27","9","1","10","3","2","0","0","0","2","0","0","0","2","1","0","0","0","0","0","1","0","0","0","0","1","4","5","5","2","1","8","10","6","9","14","32","0","10","9","14","15","23","34","0","8","8","20","21","30","38","1","7","8","19","19","31","29","0","2","2","8","9","4","10","3","8","5","7","8","7","10","0","1","1","5","4","2","7","0","0","3","3","6","3","4","108","30","23","7","4","1","0","4","8","132","43","20","17","5","1","3","2","16","53","9","8","7","1","2","0","0","3","20","7","7","1","0","0","0","0","4"
"s25","voters","BA20164","339","117","126","26","1","3","4","0","0","0","62","152","187","55","42","19","14","1","4","2","3","0","0","0","0","0","0","0","0","0","0","1","0","0","0","0","0","0","0","0","0","6","5","0","0","0","0","9","2","3","5","18","0","10","10","9","11","20","20","0","4","2","11","14","13","18","2","5","2","9","12","14","20","0","3","8","6","4","6","4","0","6","4","4","4","3","10","0","1","5","3","2","6","5","0","1","2","3","1","2","3","76","19","7","5","0","0","0","1","9","70","20","15","8","1","0","0","0","12","37","8","7","5","2","0","0","0","3","21","6","3","1","1","1","0","0","1"
"s25","voters","BA20165","142","67","49","7","0","1","1","0","2","0","15","69","73","32","13","3","2","0","0","0","0","0","0","0","0","0","0","0","0","0","0","0","0","0","0","0","0","0","1","0","0","0","0","2","0","1","3","4","5","2","5","11","0","4","3","5","4","7","13","0","1","2","4","6","8","2","0","3","0","6","5","3","9","0","1","0","1","3","1","2","0","0","1","1","2","2","1","0","0","3","1","3","0","0","0","1","0","1","1","0","1","38","13","5","0","1","0","1","0","9","30","7","5","2","1","0","2","0","2","9","0","2","1","0","0","0","0","3","7","0","2","0","1","1","0","0","0"
"s25","voters","BA20166","24","16","2","4","1","0","0","0","0","0","1","10","14","8","2","1","0","0","0","0","0","0","0","0","0","0","0","0","0","0","0","0","0","0","0","0","0","0","0","0","0","0","0","0","0","0","1","2","0","0","1","3","0","2","2","1","1","0","3","0","0","0","0","0","0","1","0","0","0","0","0","1","0","0","0","1","0","0","0","0","0","0","0","0","0","0","0","0","0","0","0","1","0","0","0","0","1","1","1","1","0","14","1","1","0","0","0","0","0","0","1","0","1","0","0","0","0","0","0","1","0","0","0","0","0","0","0","0","3","1","1","0","0","0","0","0","0"
"s25","voters","BA20167","255","103","100","18","2","1","1","0","0","0","30","114","141","36","27","13","5","0","2","0","0","0","0","0","0","0","0","0","0","0","0","0","0","0","0","0","0","0","0","0","0","1","3","0","0","0","0","4","6","3","8","18","1","5","5","6","6","17","24","0","2","6","10","7","12","16","0","1","3","9","10","11","13","0","1","1","3","1","5","3","0","1","2","1","5","4","3","0","2","1","2","0","2","1","0","1","2","0","3","5","3","54","19","11","4","2","1","2","0","10","53","17","17","3","2","1","1","0","6","16","5","5","2","0","0","0","0","2","7","5","6","1","1","1","0","0","1"
"s25","voters","BA30169","50","14","17","2","0","0","2","0","0","0","15","27","23","7","8","2","1","0","0","0","0","0","0","0","0","0","0","0","0","0","0","0","0","0","0","0","0","0","0","0","0","0","0","1","0","0","1","2","2","1","0","2","0","1","0","0","2","2","1","0","0","0","3","1","4","1","0","0","1","2","0","4","1","0","3","2","0","0","3","0","0","1","0","0","1","4","1","0","0","1","0","1","0","0","0","1","0","1","0","0","0","9","2","0","0","2","0","0","0","1","7","4","1","0","0","0","0","0","5","10","2","1","0","0","0","2","0","0","3","1","0","0","0","0","0","0","0"
"s25","voters","BA30170","241","93","90","14","1","0","0","0","2","0","41","114","127","25","20","11","5","3","1","2","0","0","0","0","0","0","0","0","0","3","1","1","0","0","0","0","0","0","0","0","0","3","4","1","0","0","2","6","7","2","6","17","2","6","5","9","7","9","15","0","2","7","10","6","15","9","0","1","5","6","7","10","12","0","0","3","3","2","6","4","0","3","2","3","5","4","6","0","2","1","0","3","0","1","0","0","0","2","1","3","4","48","18","9","6","6","0","0","0","6","51","15","10","1","1","1","1","0","10","27","2","2","2","3","0","0","0","5","14","2","1","0","0","0","0","0","0"
"s25","voters","BA30171","3","1","0","0","0","0","1","0","0","0","1","1","2","1","0","0","0","0","0","0","0","0","0","0","0","0","0","0","0","0","0","0","0","0","0","0","0","0","0","0","0","0","0","0","0","0","0","0","0","0","0","0","0","1","0","0","0","0","0","0","0","0","0","0","0","0","0","0","0","0","0","0","0","0","0","0","0","0","1","0","0","0","0","0","0","0","0","0","0","0","0","0","0","0","0","0","0","0","1","0","0","1","0","0","0","0","0","0","0","0","0","0","0","0","0","0","0","0","0","1","0","0","0","0","0","0","0","0","1","0","0","0","0","0","0","0","0"
"s25","voters","BA30172","32","15","11","3","0","0","0","0","0","0","3","19","13","8","1","2","1","0","0","0","0","0","0","0","0","0","0","0","0","0","0","0","0","0","0","0","0","0","0","0","0","0","0","0","0","0","0","1","1","1","3","1","0","2","2","0","1","0","3","0","0","1","0","2","1","4","0","0","0","0","0","1","2","0","0","0","0","0","1","1","1","0","0","0","0","0","0","0","0","0","1","0","0","1","0","0","0","0","0","1","0","11","1","2","0","0","0","0","0","1","8","3","0","0","0","0","0","0","0","2","0","1","0","0","0","0","0","0","2","1","0","0","0","0","0","0","0"
"s25","voters","BA30173","525","234","173","40","4","6","4","0","0","0","64","230","295","110","55","32","17","4","6","0","0","0","0","0","0","0","0","0","0","1","0","0","0","0","0","0","0","0","0","0","0","5","0","0","2","1","8","8","10","6","22","31","0","12","19","13","12","37","55","0","1","11","10","12","19","35","0","4","3","16","9","19","34","2","1","3","6","4","5","8","0","5","4","7","7","4","8","0","3","4","4","0","9","7","0","0","6","4","4","5","8","141","36","22","7","5","0","1","1","21","93","28","29","3","4","0","0","0","16","34","9","7","5","2","0","2","1","4","35","11","4","0","1","1","0","0","2"
"s25","voters","BA30175","0","0","0","0","0","0","0","0","0","0","0","0","0","0","0","0","0","0","0","0","0","0","0","0","0","0","0","0","0","0","0","0","0","0","0","0","0","0","0","0","0","0","0","0","0","0","0","0","0","0","0","0","0","0","0","0","0","0","0","0","0","0","0","0","0","0","0","0","0","0","0","0","0","0","0","0","0","0","0","0","0","0","0","0","0","0","0","0","0","0","0","0","0","0","0","0","0","0","0","0","0","0","0","0","0","0","0","0","0","0","0","0","0","0","0","0","0","0","0","0","0","0","0","0","0","0","0","0","0","0","0","0","0","0","0","0","0"
"s25","voters","BA30176","172","64","76","12","1","1","2","0","1","0","15","66","106","25","13","4","2","1","1","1","0","0","0","0","0","0","0","0","0","0","0","0","0","0","0","0","0","0","0","0","0","0","2","0","1","0","1","1","0","2","2","19","0","2","0","2","1","9","25","0","1","1","2","2","8","19","0","0","3","2","6","3","29","0","0","0","0","2","0","1","0","1","1","0","0","3","7","0","0","1","2","0","0","2","0","1","0","2","1","2","6","43","9","8","1","0","0","0","1","2","52","16","4","1","0","0","0","0","3","7","4","2","1","1","0","0","0","0","13","2","1","1","0","0","0","0","0"
"s25","voters","BA40179","30","5","17","4","0","1","1","0","0","0","2","15","15","4","8","0","4","0","0","0","0","0","0","0","0","0","0","0","0","0","0","0","0","0","0","0","0","0","0","0","0","0","0","0","0","0","0","0","1","0","1","1","0","0","0","0","0","0","2","0","0","0","2","0","3","3","0","0","0","3","1","2","3","0","0","1","0","0","0","1","0","0","0","0","0","0","0","0","0","0","1","0","1","0","0","0","0","2","1","0","1","2","1","1","0","1","0","0","0","0","8","3","4","0","1","0","0","0","1","2","0","0","0","0","0","0","0","0","3","2","1","0","0","0","0","0","0"
"s25","voters","BA40181","239","99","85","16","2","0","4","0","1","0","32","108","131","29","22","10","5","2","5","1","1","0","0","0","0","1","0","0","0","1","1","0","0","0","0","0","0","0","0","0","0","1","0","3","0","0","1","10","5","3","10","12","1","5","10","5","9","12","16","0","1","1","7","7","17","12","0","1","4","8","5","7","15","1","2","0","1","4","0","4","0","3","6","0","3","5","3","0","2","2","3","0","0","3","0","2","1","1","1","6","2","68","10","13","4","0","0","0","0","4","57","10","14","1","1","0","0","1","1","23","0","1","2","1","0","1","0","4","14","4","2","2","0","0","0","0","1"
"s25","voters","BA40182","346","154","106","27","6","3","5","0","0","0","45","150","196","63","29","20","11","1","2","1","1","0","0","0","0","0","0","0","0","1","0","0","0","2","0","0","0","0","0","0","0","1","1","0","0","1","4","3","4","5","16","22","2","6","8","17","11","19","36","0","0","8","9","5","15","18","0","0","4","3","10","18","16","1","5","5","5","2","7","2","0","0","1","5","3","3","6","1","1","2","1","1","4","3","0","0","7","11","1","5","4","94","34","21","0","0","1","0","0","4","62","13","14","3","2","0","1","2","9","29","4","6","3","2","0","0","0","1","27","9","4","0","0","0","0","0","1"
"s25","voters","BA40183","107","60","19","11","0","1","1","0","1","0","14","42","65","23","5","6","7","1","0","0","0","1","0","0","0","0","0","0","0","0","0","0","0","0","1","1","0","0","0","0","0","1","1","0","0","0","0","4","5","4","4","5","1","4","4","5","6","6","12","0","0","3","1","1","1","2","0","0","1","3","1","1","5","0","0","1","1","0","1","3","0","0","3","1","2","2","0","0","0","3","1","1","1","0","1","2","2","0","3","0","0","38","7","5","3","2","0","1","0","4","13","1","4","1","0","0","0","0","0","12","0","1","1","0","0","0","0","0","10","2","2","0","0","0","0","0","0"
"s25","voters","BA40185","64","13","44","3","0","0","0","0","0","0","4","33","31","7","7","1","0","2","0","0","0","0","0","0","0","0","0","0","0","0","0","0","0","0","0","0","0","0","0","0","0","0","0","0","0","0","0","0","0","1","1","0","0","0","3","1","0","3","4","0","1","3","4","2","8","8","0","1","1","2","3","2","9","0","1","0","0","0","1","1","0","0","0","1","0","0","0","0","0","0","0","1","0","1","0","0","0","0","0","0","1","6","3","2","0","0","1","0","0","1","21","4","9","2","1","0","0","0","7","3","0","0","1","0","0","0","0","0","0","2","1","0","0","0","0","0","0"
"s25","voters","BA40186","10","1","5","3","0","0","0","0","0","0","1","5","5","1","1","0","2","0","0","0","0","0","0","0","0","0","0","0","0","0","0","0","0","0","0","0","0","0","0","0","0","0","0","0","0","0","0","0","0","0","0","1","0","0","0","0","0","0","0","0","0","1","0","0","2","0","0","0","0","0","0","1","1","0","0","0","0","0","0","0","0","0","0","0","0","0","1","0","0","0","0","0","1","0","0","0","0","0","0","1","1","0","0","0","0","0","0","0","0","1","4","1","0","0","0","0","0","0","0","0","0","0","1","0","0","0","0","0","2","0","0","0","0","0","0","0","1"
"s25","voters","BA40188","1","0","0","1","0","0","0","0","0","0","0","1","0","0","0","0","0","0","0","0","0","0","0","0","0","0","0","0","0","0","0","0","0","0","0","0","0","0","0","0","0","0","0","0","0","0","0","0","0","0","0","0","0","0","0","0","0","0","0","0","0","0","0","0","0","0","0","0","0","0","0","0","0","0","0","0","0","0","0","0","0","0","0","0","0","0","0","0","0","0","0","0","0","1","0","0","0","0","0","0","0","0","0","0","0","0","0","0","0","0","0","0","0","0","0","0","0","0","0","0","0","0","0","0","0","0","0","0","0","1","0","0","0","0","0","0","0"
"s25","voters","BA40189","42","26","6","4","0","0","0","0","0","0","6","16","26","4","3","1","2","0","0","0","0","0","0","0","0","0","0","0","0","0","0","0","0","0","0","0","0","0","0","0","0","0","0","0","0","0","1","2","0","2","0","5","0","0","1","0","1","5","9","0","2","0","0","0","2","0","0","0","1","0","0","1","0","0","0","0","0","0","0","0","0","0","0","1","1","1","3","0","0","0","1","0","0","1","0","0","0","1","0","0","1","15","6","4","0","0","0","0","0","1","4","0","1","0","0","0","0","0","1","2","2","0","1","0","0","0","0","1","3","0","0","0","0","0","0","0","1"
"s25","voters","BA40190","26","2","20","2","0","0","1","0","0","0","1","13","13","0","2","0","0","0","0","0","0","0","0","0","0","0","0","0","0","0","0","0","0","0","0","0","0","0","0","0","0","0","0","0","0","0","0","0","0","0","0","1","0","0","0","0","0","0","1","0","1","0","0","0","4","5","0","0","0","0","2","4","4","0","0","0","0","0","0","0","0","0","0","0","0","1","0","0","0","0","1","0","1","0","1","0","0","0","0","0","0","1","1","0","0","0","0","0","0","0","13","1","1","0","0","0","0","1","4","1","0","0","0","0","0","0","0","0","2","0","0","0","1","0","0","0","0"
"s25","voters","BB10234","77","10","51","2","0","0","1","0","0","0","13","39","38","1","8","0","0","0","1","1","0","0","0","0","0","0","0","0","0","0","0","1","0","0","0","0","0","0","0","0","0","0","0","0","0","0","0","0","1","1","0","2","0","0","1","0","1","0","4","0","0","1","0","4","5","15","0","1","0","2","6","6","11","0","2","0","1","1","4","0","0","0","0","0","0","1","4","0","0","1","0","0","0","1","0","0","0","0","0","0","1","5","3","1","0","1","0","0","0","0","29","12","3","3","0","0","0","2","2","6","4","2","0","0","0","0","0","1","2","1","0","0","0","0","0","0","0"
"s25","voters","BB10235","99","32","45","10","1","2","0","0","0","0","9","41","58","1","1","0","2","2","1","1","0","0","0","0","0","0","0","1","0","0","0","0","0","0","0","0","0","0","0","0","0","0","1","0","0","0","0","0","1","1","1","7","0","0","0","1","2","3","16","0","2","0","0","2","3","13","0","0","0","0","4","4","17","0","0","0","0","0","3","3","0","0","0","1","0","1","1","0","0","0","1","1","1","2","0","1","1","0","0","1","5","18","6","3","1","1","0","0","0","3","28","6","4","1","0","0","1","0","5","7","0","0","2","0","0","0","0","0","9","0","0","0","2","0","1","0","1"
"s25","voters","BB10236","50","20","23","1","0","0","0","0","0","0","6","28","22","3","1","0","0","0","1","0","0","0","0","0","0","0","0","0","0","0","0","0","0","0","0","0","0","0","0","0","0","2","0","0","0","0","1","2","1","0","1","5","0","0","3","0","0","3","4","0","0","0","1","3","5","6","0","0","0","0","2","4","2","0","0","0","0","1","1","0","0","1","0","1","0","2","0","0","0","0","0","1","0","0","0","0","0","0","0","0","0","15","2","1","1","0","0","0","0","1","8","3","4","0","0","1","0","0","7","4","1","1","0","0","0","0","0","0","1","0","0","0","0","0","0","0","0"
"s25","voters","BB10238","10","5","3","2","0","0","0","0","0","0","0","4","6","0","0","0","0","0","0","0","0","0","0","0","0","0","0","0","0","0","0","0","0","0","0","0","0","0","0","0","0","0","0","0","0","0","0","0","0","0","0","1","0","0","0","1","1","0","2","0","0","0","0","0","0","1","0","0","0","0","0","0","2","0","0","0","0","0","0","0","0","0","0","0","0","0","0","0","0","0","0","0","2","0","0","0","0","0","0","0","0","1","4","0","0","0","0","0","0","0","2","0","0","0","1","0","0","0","0","0","0","0","0","0","0","0","0","0","2","0","0","0","0","0","0","0","0"
"s25","voters","BB10240","80","26","33","11","0","0","0","0","0","0","10","36","44","2","0","0","0","6","0","0","0","0","0","0","0","0","0","0","0","0","0","1","0","0","0","0","0","0","0","0","0","0","0","0","0","0","0","0","0","1","1","6","0","0","3","0","0","2","13","0","1","1","1","3","4","7","0","0","1","4","1","4","6","0","0","0","0","0","2","3","0","0","0","2","0","2","1","0","0","0","1","0","1","4","0","0","0","1","0","0","4","22","2","0","1","0","1","0","0","0","19","4","5","3","1","0","0","0","1","4","3","1","0","0","0","0","0","2","8","2","0","1","0","0","0","0","0"
"s25","voters","BB20241","98","32","48","2","0","0","1","0","1","0","14","49","49","6","2","1","1","2","2","3","1","0","0","0","0","0","0","0","0","0","0","0","0","0","0","0","0","0","0","0","0","1","0","0","0","0","0","1","0","1","1","8","0","0","2","2","3","3","11","1","0","1","1","3","4","17","0","0","1","3","2","1","14","0","0","0","1","2","0","5","0","0","1","0","2","0","3","0","0","0","1","2","0","0","0","0","0","0","0","0","1","20","6","3","2","0","0","0","0","1","24","5","7","6","0","0","0","1","5","9","2","0","2","1","0","0","0","0","2","0","2","0","0","0","0","0","0"
"s25","voters","BB20242","95","30","40","7","0","2","0","0","0","0","16","54","41","11","4","4","1","1","2","2","0","0","0","0","0","0","0","0","0","0","0","0","0","0","0","0","0","0","0","0","0","0","1","0","0","0","0","2","1","2","2","6","2","0","3","0","1","4","7","0","1","1","1","2","7","13","0","0","0","1","1","2","11","0","0","2","1","2","2","4","0","1","0","1","1","0","2","0","0","0","1","1","1","2","0","0","0","2","0","1","1","20","5","1","1","0","0","0","0","3","22","5","8","0","0","0","0","0","5","9","1","2","2","0","1","0","0","1","5","4","0","0","0","0","0","0","0"
"s25","voters","BB20243","33","4","19","2","0","0","0","0","0","0","8","17","16","0","0","0","0","0","0","0","0","0","0","0","0","0","0","0","0","0","0","0","0","0","0","0","0","0","0","0","0","0","0","0","0","0","0","0","1","0","1","1","0","0","0","0","0","0","1","0","0","0","2","2","2","3","0","1","0","2","0","4","3","0","0","0","1","1","0","2","0","0","0","1","1","1","1","0","0","0","0","0","0","1","0","0","0","0","0","0","1","2","0","0","1","0","0","1","0","0","10","3","2","3","0","0","1","0","0","3","3","1","0","0","0","1","0","0","0","1","1","0","0","0","0","0","0"
"s25","voters","BB20244","13","4","6","3","0","0","0","0","0","0","0","7","6","0","0","0","0","0","0","0","0","0","1","0","0","0","0","0","0","0","0","0","0","0","0","0","0","0","0","0","0","0","0","0","0","0","0","0","1","0","0","1","0","0","0","0","0","0","2","0","0","0","1","0","0","2","0","0","0","0","0","0","3","0","0","0","0","0","0","0","0","0","0","0","0","0","0","0","0","0","0","0","1","1","0","0","0","0","0","0","1","2","1","1","0","0","0","0","0","0","3","1","0","1","0","0","0","0","1","0","0","0","0","0","0","0","0","0","1","0","0","0","0","0","1","0","1"
"s25","voters","BB30245","156","49","84","8","1","2","1","0","0","0","11","77","79","8","4","0","1","2","2","0","0","0","0","0","0","0","0","0","0","1","0","0","0","0","0","0","0","0","0","0","0","0","0","0","1","0","1","0","1","3","3","11","1","0","0","2","2","2","23","0","0","2","1","6","5","29","0","0","2","2","5","8","24","0","0","0","0","2","0","5","0","0","0","0","1","2","1","0","0","0","0","3","1","4","0","0","0","0","0","0","4","36","7","4","1","0","0","0","0","1","55","8","16","2","0","1","0","0","2","7","3","1","0","0","0","0","0","0","5","0","2","2","1","1","0","0","1"
"s25","voters","BB30246","60","17","27","4","1","0","3","0","0","0","8","26","34","6","3","1","2","1","1","0","0","0","0","0","0","0","0","0","0","0","0","1","0","0","0","0","1","0","0","0","0","0","0","0","0","0","0","0","0","1","1","3","0","0","0","0","1","7","4","0","0","0","2","0","4","6","0","1","1","1","2","1","9","0","0","0","1","1","1","1","0","0","0","2","0","0","2","0","0","2","2","0","1","0","0","0","0","1","0","1","1","10","4","1","1","0","0","0","0","1","17","7","0","1","1","0","0","0","1","4","3","1","0","0","0","0","0","0","3","4","0","0","1","0","0","0","0"
"s25","voters","BB30247","32","8","17","2","0","0","0","0","0","0","5","18","14","1","3","0","1","0","0","0","0","0","0","0","0","0","0","0","0","0","0","0","0","0","0","0","0","0","0","0","0","0","0","0","0","0","0","0","0","0","2","1","0","0","0","0","2","2","1","0","0","0","1","1","3","4","0","0","1","1","3","0","3","0","0","0","0","1","3","1","0","0","0","0","0","0","0","0","0","0","0","1","0","0","0","0","0","1","0","0","0","3","3","2","0","0","0","0","0","0","11","1","2","3","0","0","0","0","0","2","3","0","0","0","0","0","0","0","0","1","0","0","1","0","0","0","0"
"s25","voters","BB30248","82","19","48","4","0","0","0","0","0","0","11","42","40","0","3","1","0","2","0","1","0","0","0","0","0","0","0","0","0","0","0","0","0","0","0","0","0","0","0","0","0","0","0","0","0","0","2","0","1","0","3","4","0","0","0","1","0","3","5","0","1","0","2","3","4","12","0","1","4","3","2","3","13","0","0","1","0","3","3","1","0","0","0","0","1","1","1","0","0","0","0","1","1","0","0","0","0","0","0","1","1","12","4","2","1","0","0","0","0","0","20","10","5","2","1","0","1","0","9","6","2","2","0","0","0","1","0","0","2","0","1","0","1","0","0","0","0"
"s25","voters","BB40249","373","109","186","18","0","0","3","0","0","0","57","192","181","18","10","6","3","9","3","3","0","1","0","0","0","0","1","0","0","0","3","2","0","0","0","0","0","0","0","0","0","2","1","1","0","0","1","4","3","4","9","28","0","0","4","4","13","12","27","0","0","0","10","6","19","58","0","3","6","3","7","28","46","0","0","9","6","5","6","13","0","0","0","2","3","7","6","0","0","0","0","3","1","7","0","0","0","1","1","3","5","64","19","15","1","5","0","0","0","5","106","31","25","5","4","0","1","2","12","34","11","5","1","5","0","0","0","1","14","5","1","0","0","0","0","1","0"
"s25","voters","BB50250","250","75","88","21","0","3","5","0","2","0","56","130","120","4","12","4","3","2","3","5","4","1","0","0","0","0","0","0","0","0","0","0","0","0","0","0","0","0","0","0","0","0","2","0","0","0","0","3","3","3","8","13","1","1","2","3","8","12","18","1","2","2","5","7","11","18","0","0","2","2","6","5","27","0","0","3","4","6","10","12","0","1","2","5","2","6","5","0","2","1","1","1","4","10","0","1","2","1","2","4","2","52","8","9","2","0","0","0","0","4","56","15","6","1","3","1","1","0","5","32","11","3","5","1","0","0","0","4","19","4","5","0","0","0","1","1","1"
"s25","voters","BB50251","71","22","27","6","0","0","2","0","0","0","14","34","37","4","0","0","1","1","4","1","0","1","0","0","0","0","0","0","0","0","0","0","0","0","0","0","0","0","0","0","0","0","0","0","0","0","0","0","1","2","1","3","0","2","1","3","3","2","4","0","0","1","2","2","5","5","0","1","1","2","0","3","5","0","1","1","1","0","2","2","0","0","1","1","3","1","1","0","0","2","0","1","0","2","0","0","1","0","0","2","0","13","5","2","1","0","0","0","0","1","12","5","6","0","0","0","0","0","4","6","5","0","1","1","0","1","0","0","3","4","0","0","0","0","0","0","1"
"s25","voters","CH11993","1189","343","555","54","3","12","13","0","3","0","206","592","597","90","92","33","20","10","12","5","2","9","7","2","0","5","4","0","0","24","44","50","5","14","5","11","0","4","7","4","1","6","17","3","1","0","14","15","19","23","25","48","0","15","23","25","25","38","73","0","19","12","21","46","78","114","3","19","10","15","44","74","100","1","11","13","11","24","23","30","4","7","7","14","21","17","23","0","5","6","4","6","12","12","0","6","3","3","3","12","13","180","51","49","16","11","1","2","0","33","280","83","71","16","15","1","3","5","81","114","24","27","14","8","1","1","1","16","52","18","8","0","2","2","0","0","3"
"s25","voters","CH11994","2691","947","1063","84","8","13","10","0","15","1","550","1296","1395","269","243","92","35","8","19","5","3","35","32","24","5","22","15","13","0","113","115","183","12","43","10","19","6","19","22","19","4","66","58","23","9","1","31","63","33","43","86","139","7","49","89","64","68","114","160","5","35","47","28","67","165","207","4","25","25","33","59","176","187","0","30","35","31","52","57","73","0","27","35","28","48","67","67","1","4","10","14","10","11","18","0","10","10","4","5","18","16","471","172","139","28","22","0","9","4","102","549","143","114","35","31","5","8","12","166","292","87","70","26","19","4","7","4","41","82","21","18","3","1","1","1","0","4"
"s25","voters","CH11995","1373","568","465","51","3","12","11","0","2","0","261","593","780","192","114","60","24","16","15","1","1","17","8","12","4","5","9","4","0","47","39","62","2","16","4","15","2","5","4","2","3","22","14","10","1","1","21","26","29","30","39","69","5","40","49","34","49","71","105","3","12","13","17","33","54","87","0","11","11","23","37","62","102","2","13","18","21","18","20","34","2","12","16","21","24","31","29","0","3","5","6","5","8","6","0","8","5","6","8","9","10","320","88","54","20","17","3","9","3","54","234","67","62","14","17","1","3","0","67","149","36","33","15","8","2","5","3","10","47","18","8","3","0","0","0","1","2"
"s25","voters","CH21997","12","6","6","0","0","0","0","0","0","0","0","6","6","4","3","0","0","0","0","0","0","0","0","0","0","0","0","0","0","0","0","0","0","0","0","0","0","0","0","0","0","0","0","0","0","0","0","1","1","0","0","0","0","1","1","1","1","0","0","0","0","0","1","1","2","0","0","0","1","0","1","0","0","0","0","0","0","0","0","0","0","0","0","0","0","0","0","0","0","0","0","0","0","0","0","0","0","0","0","0","0","1","2","1","1","0","0","0","1","0","5","1","0","0","0","0","0","0","0","0","0","0","0","0","0","0","0","0","0","0","0","0","0","0","0","0","0"
"s25","voters","CH21998","1122","438","449","33","0","2","6","0","4","0","190","546","576","123","94","41","15","17","4","1","2","6","22","8","1","12","4","1","0","36","58","55","2","33","13","9","2","13","15","4","0","24","19","9","2","0","14","22","19","23","46","67","1","23","36","27","31","52","77","1","17","21","18","33","68","68","1","17","17","16","35","67","70","3","16","16","11","15","20","25","2","11","10","9","13","20","19","0","0","3","4","3","6","7","0","4","5","0","2","6","5","243","85","42","14","11","3","3","1","36","232","63","55","19","12","1","10","3","54","97","39","26","6","2","2","5","1","12","29","7","5","0","1","0","1","0","2"
"s25","voters","CH21999","1065","352","454","34","1","10","8","1","1","0","204","490","575","76","63","37","12","11","17","7","2","9","10","8","0","2","5","3","1","23","32","34","2","11","1","8","0","5","1","1","0","5","9","8","4","1","5","20","14","18","18","64","1","16","27","16","26","37","89","1","14","12","9","27","50","114","0","14","9","11","32","50","111","1","9","11","12","12","22","32","1","16","11","10","14","30","23","0","2","2","1","3","5","11","0","5","2","3","1","7","13","171","73","44","11","3","1","2","3","44","242","60","45","11","11","2","4","5","74","104","38","22","11","7","4","5","0","13","32","12","6","3","0","0","0","1","1"
"s25","voters","CH22000","1775","740","608","75","3","13","4","0","3","0","329","839","936","236","139","62","33","14","15","5","3","14","20","11","2","12","12","8","1","44","60","83","5","15","5","5","1","18","14","9","3","41","33","13","9","3","12","40","42","35","52","118","2","34","57","48","34","85","178","3","23","24","20","55","68","120","1","15","18","23","62","75","101","2","13","31","27","23","25","52","1","16","16","25","22","34","42","0","7","5","7","9","8","15","1","6","8","5","9","8","10","376","126","94","22","17","0","3","5","97","344","76","63","14","19","1","7","2","82","179","45","28","19","9","4","2","2","41","47","26","17","1","2","0","2","1","2"
"s25","voters","CH22001","636","289","193","20","2","5","5","0","1","0","121","306","330","96","47","32","10","8","0","1","0","5","4","4","1","0","2","0","0","13","21","25","2","11","3","8","0","13","9","5","4","13","9","4","1","0","9","21","8","13","26","40","1","20","34","16","22","37","42","1","4","16","7","14","32","33","0","4","6","7","8","38","23","1","4","12","9","13","16","11","0","3","10","4","12","11","15","0","2","3","2","2","4","3","0","3","3","0","3","5","3","169","46","26","7","6","1","0","3","31","95","34","23","5","5","3","3","1","24","61","17","15","12","5","0","0","0","11","19","9","5","0","0","0","0","0","0"
"s25","voters","CH22002","292","112","104","8","0","3","6","0","1","0","58","127","165","37","19","10","4","4","0","2","0","3","5","1","0","3","4","3","0","9","5","9","1","2","3","6","0","1","1","1","0","3","3","7","2","1","6","6","1","6","7","7","2","5","9","13","8","18","23","1","2","4","6","10","15","16","0","5","2","5","8","16","14","0","2","2","5","6","6","6","0","4","3","8","6","2","8","0","1","2","2","1","4","2","0","0","1","2","0","2","1","65","13","19","1","2","0","0","2","10","61","19","7","2","3","1","1","1","9","32","7","9","2","2","0","1","0","5","9","4","2","0","3","0","0","0","0"
"s25","voters","CH22003","257","97","94","3","1","0","3","0","0","0","59","123","134","32","21","9","1","2","0","0","0","1","1","1","0","3","0","0","0","11","13","15","0","7","1","4","1","0","2","4","0","12","4","11","1","0","5","6","1","4","7","18","1","9","7","2","6","13","18","0","4","5","2","9","11","17","0","3","3","0","9","15","16","0","4","4","1","7","2","14","0","4","6","1","5","3","8","0","1","0","0","0","1","0","0","0","0","0","2","0","3","52","20","11","1","2","0","0","1","10","46","14","11","1","0","0","1","1","20","24","7","7","6","4","2","0","0","9","4","2","0","1","0","0","0","0","0"
"s25","voters","CH31982","1449","535","633","64","3","18","14","0","4","0","178","642","807","184","122","42","23","16","20","0","9","7","4","2","0","3","6","1","0","12","15","15","5","5","3","1","1","2","2","2","0","16","5","8","0","0","8","23","12","16","49","89","3","17","43","28","21","70","156","0","17","25","33","36","78","118","0","12","12","18","49","78","157","0","7","16","18","9","17","22","1","9","9","16","17","13","24","0","5","8","4","6","10","16","1","5","7","5","8","6","22","296","92","58","18","14","5","7","3","42","317","83","77","20","17","1","8","3","107","91","17","17","19","9","3","7","0","15","73","13","8","4","0","0","1","0","4"
"s25","voters","CH32004","2853","995","1248","128","3","21","19","0","13","0","426","1330","1523","288","273","89","52","17","36","13","3","18","21","12","3","9","14","2","0","31","44","60","7","19","7","12","5","10","9","6","2","29","38","17","3","3","29","64","38","47","78","134","4","59","97","58","81","118","185","5","39","56","64","84","149","232","3","29","41","84","77","169","216","2","24","31","30","39","37","53","1","30","24","39","35","42","39","0","10","10","13","15","24","20","2","14","8","16","17","16","19","539","152","115","31","25","4","11","7","111","643","160","154","45","21","6","17","6","196","223","64","49","19","19","2","10","4","36","109","28","26","6","2","0","2","1","10"
"s25","voters","CH32005","893","309","395","45","2","6","8","0","0","0","128","412","481","145","99","48","21","2","1","1","2","3","1","1","0","0","4","0","0","8","12","16","1","7","1","2","1","5","1","1","1","6","5","1","3","0","6","12","24","21","28","40","2","14","23","19","33","36","51","2","13","23","28","37","33","53","2","15","21","34","27","46","61","2","7","7","11","14","15","5","2","6","6","17","12","13","11","0","3","3","3","6","5","11","0","3","2","4","7","9","5","165","43","44","6","10","0","7","0","34","204","73","59","9","11","2","2","4","31","55","22","22","5","8","2","3","1","10","32","9","9","2","2","2","1","0","4"
"s25","voters","CH32006","41","17","17","3","0","0","0","0","0","0","4","20","21","8","3","0","0","0","0","0","0","0","0","0","0","3","2","0","0","0","0","0","0","0","0","0","0","0","0","0","0","0","0","0","0","0","0","0","0","2","1","4","0","1","1","2","2","0","4","0","1","0","0","2","3","2","0","0","0","0","3","3","3","0","0","1","0","0","0","2","0","1","0","0","0","0","0","0","0","0","0","0","1","1","0","0","0","0","0","1","0","10","2","5","0","0","0","0","0","0","11","3","2","0","0","0","0","0","1","2","1","1","0","0","0","0","0","0","2","0","0","0","1","0","0","0","0"
"s25","voters","CH32007","498","169","219","24","0","5","3","0","2","0","76","225","273","75","55","18","8","4","3","3","2","4","1","1","0","0","1","1","0","5","13","9","2","0","0","0","0","1","1","1","0","4","3","1","0","2","6","8","8","7","11","26","0","12","10","10","20","16","33","0","8","2","13","17","27","36","0","4","12","18","18","36","28","1","4","4","10","6","6","8","1","1","3","11","6","6","9","0","2","2","1","2","3","5","0","2","1","6","1","5","4","82","28","23","7","6","0","0","2","21","117","37","27","6","3","0","3","3","23","32","10","10","8","4","0","0","3","9","13","14","2","1","0","0","1","0","3"
"s25","voters","CH41983","842","330","301","19","0","4","4","0","3","0","181","392","450","103","67","50","9","0","11","1","0","7","2","3","0","6","2","0","0","22","27","37","3","19","5","12","1","1","7","3","2","32","16","17","1","0","10","16","16","33","29","28","1","20","32","29","43","41","32","2","30","11","17","43","47","13","1","16","10","16","45","31","19","1","11","10","7","18","20","18","3","16","7","11","29","15","15","0","0","1","2","1","4","4","2","8","3","0","4","1","0","181","47","45","13","7","4","6","1","26","157","50","35","13","7","2","9","4","24","92","31","18","13","6","1","2","3","15","23","4","2","0","0","0","0","0","1"
"s25","voters","CH41984","1209","489","435","33","4","9","12","0","3","0","224","534","675","256","155","83","29","6","10","0","0","11","11","8","0","5","3","0","0","26","32","35","0","3","3","0","0","9","9","12","0","20","3","4","0","2","24","28","32","20","35","51","4","55","50","45","51","36","56","4","24","23","34","33","53","45","5","14","26","33","42","57","42","1","13","11","23","21","15","16","1","21","17","24","19","20","22","0","2","9","4","6","3","2","0","5","13","3","6","4","4","268","98","54","21","10","3","5","0","30","223","68","59","14","18","2","9","3","39","119","39","20","16","8","3","1","2","16","37","14","3","2","2","0","1","0","2"
"s25","voters","CH41985","572","207","223","31","1","4","4","1","0","0","101","278","294","56","50","16","4","1","4","2","0","1","1","5","1","0","1","1","0","12","26","27","0","14","0","3","1","9","2","1","0","15","11","3","1","0","10","13","9","16","17","27","1","15","10","11","21","33","24","1","11","7","12","16","41","26","0","3","8","14","27","29","28","0","6","4","9","9","15","4","0","5","4","17","7","14","7","0","1","4","2","3","10","5","0","3","2","2","2","5","2","116","36","19","10","5","0","4","1","16","105","34","31","8","4","1","3","0","37","47","17","17","4","5","3","1","0","7","26","5","3","3","2","0","0","0","2"
"s25","voters","CH41986","147","46","69","7","0","2","0","0","0","0","23","72","75","13","10","6","0","2","0","0","2","0","4","0","0","0","0","1","0","2","3","2","0","2","0","4","0","0","0","0","0","0","6","2","0","0","1","2","2","4","4","5","0","3","6","3","3","5","8","1","4","3","0","6","15","6","0","4","1","1","7","14","7","0","0","2","5","2","2","4","0","1","3","0","0","2","2","0","0","1","2","0","1","0","0","0","3","0","1","0","1","25","6","7","0","2","0","0","0","6","34","6","17","1","1","1","1","3","5","11","5","1","2","0","0","0","0","4","8","0","0","0","1","0","0","0","0"
"s25","voters","CH41987","54","19","24","2","0","0","0","0","0","0","9","24","30","3","2","4","0","0","1","0","0","0","1","0","0","0","0","0","0","1","3","4","0","0","0","0","0","0","0","0","0","0","0","0","0","0","1","1","0","1","3","1","0","2","1","1","2","4","2","0","0","1","1","0","2","6","0","0","3","0","1","4","6","0","0","0","2","1","2","1","0","1","1","0","1","0","0","0","0","0","0","0","0","1","0","0","0","0","1","0","0","8","5","0","1","1","0","0","0","4","11","3","6","0","1","0","0","0","3","4","2","1","0","0","0","0","0","2","1","1","0","0","0","0","0","0","0"
"s25","voters","CH41988","266","160","61","9","0","3","1","0","0","0","32","111","155","82","28","19","4","1","3","1","0","0","0","0","0","0","0","0","0","5","4","1","0","1","3","0","0","0","0","0","0","2","1","0","0","1","7","19","11","6","10","7","2","15","34","11","13","11","13","1","2","6","1","7","5","7","0","3","6","6","4","7","6","1","3","6","2","1","1","1","0","0","4","6","5","1","1","0","1","3","2","0","0","0","0","0","0","3","0","2","2","113","22","10","3","4","3","1","2","2","41","11","6","1","1","0","0","0","1","16","5","3","4","2","0","1","0","1","9","2","1","0","0","0","0","0","1"
"s25","voters","CH42008","446","162","169","16","0","2","0","0","0","0","97","195","251","44","26","11","3","3","2","0","0","6","5","6","0","0","1","1","0","12","22","34","2","7","0","5","0","5","7","2","0","7","6","0","0","0","7","11","4","12","14","16","1","16","9","11","20","21","20","2","10","3","5","23","20","13","1","9","3","9","27","21","23","1","7","5","6","6","13","9","2","6","5","6","9","16","6","0","1","1","0","2","3","1","1","4","1","0","0","2","2","83","34","19","3","3","1","1","1","17","87","27","23","6","3","0","5","2","16","55","16","13","4","4","0","1","0","4","13","1","2","0","1","0","0","0","1"
"s25","voters","CH42009","742","345","236","22","5","6","7","0","5","0","116","342","400","228","86","47","30","2","5","0","0","1","3","0","0","0","1","0","0","3","13","7","1","0","2","2","0","2","2","0","0","10","6","7","0","2","14","25","22","16","28","29","3","29","51","24","25","38","39","3","3","17","19","17","23","34","1","8","15","11","28","28","29","2","10","13","8","7","16","8","2","6","10","6","8","11","9","0","2","2","5","5","8","4","1","6","2","6","2","1","1","184","56","33","14","14","2","10","2","30","135","29","28","6","6","0","5","2","25","75","10","6","5","8","2","1","1","8","27","12","3","1","0","0","0","0","2"
"s25","voters","CH42010","319","133","108","15","0","3","1","0","0","0","59","157","162","40","18","8","3","3","5","0","0","2","3","1","0","3","1","1","1","11","17","25","0","0","1","1","1","3","0","0","0","1","3","0","0","0","6","3","4","6","18","17","0","13","7","8","14","18","19","0","7","2","8","12","17","10","2","4","0","8","13","18","7","1","6","2","4","9","8","8","0","2","3","4","4","2","6","0","2","0","1","3","3","0","0","3","1","0","0","3","3","65","35","11","1","8","0","0","1","12","56","25","13","3","0","0","0","2","9","34","10","5","1","1","0","2","0","6","9","6","2","0","0","0","0","0","2"
"s25","voters","CH51989","1458","572","551","50","1","15","11","0","4","0","254","673","785","199","151","57","23","5","19","3","2","8","19","5","1","4","6","1","3","33","23","33","1","23","6","14","1","13","12","4","1","27","26","12","4","0","23","43","24","45","42","51","2","49","77","49","52","53","62","1","32","19","23","50","73","60","1","27","22","33","61","77","72","1","10","36","19","19","25","27","2","13","17","14","26","28","17","0","8","10","8","9","9","6","0","5","6","1","5","8","6","363","70","57","14","14","1","5","3","45","308","65","79","24","7","0","1","4","63","145","30","25","12","13","1","4","2","22","56","12","11","1","1","0","0","0","0"
"s25","voters","CH51990","4","4","0","0","0","0","0","0","0","0","0","1","3","0","0","0","0","0","0","0","0","0","0","0","0","0","0","0","0","0","0","0","0","0","0","0","0","0","0","0","0","0","0","0","0","0","0","0","0","0","1","0","0","0","2","0","0","1","0","0","0","0","0","0","0","0","0","0","0","0","0","0","0","0","0","0","0","0","0","0","0","0","0","0","0","0","0","0","0","0","0","0","0","0","0","0","0","0","0","0","0","2","1","1","0","0","0","0","0","0","0","0","0","0","0","0","0","0","0","0","0","0","0","0","0","0","0","0","0","0","0","0","0","0","0","0","0"
"s25","voters","CH51991","87","39","30","3","0","0","0","0","0","0","15","42","45","10","3","0","0","2","2","1","1","0","0","0","0","0","3","0","0","4","3","2","0","2","0","4","1","0","0","0","0","1","2","2","0","0","2","4","0","1","3","10","0","1","3","1","2","8","4","0","1","0","0","2","5","6","0","2","0","1","4","4","5","0","0","1","1","1","0","3","0","2","0","1","2","2","2","0","1","1","0","0","0","0","0","1","0","0","0","0","0","21","3","4","2","0","1","2","1","5","15","5","6","3","0","0","0","0","1","6","3","3","0","1","0","0","0","2","2","1","0","0","0","0","0","0","0"
"s25","voters","CH51992","125","72","22","11","0","1","0","0","1","0","18","45","80","15","9","3","3","2","0","0","0","0","0","1","0","0","0","0","0","0","0","0","0","1","0","1","0","0","0","0","0","2","0","2","0","0","1","3","5","4","5","0","0","6","18","11","8","6","5","0","2","2","3","2","2","1","1","0","1","3","3","2","0","0","2","1","2","3","2","0","1","1","2","4","0","0","0","0","0","0","1","2","2","0","0","0","0","2","4","1","1","60","7","5","0","0","0","0","0","0","18","1","3","0","0","0","0","0","0","16","0","1","1","0","0","0","0","0","10","0","3","0","0","0","0","0","0"
"s25","voters","CH52011","2155","811","881","80","5","16","9","0","7","0","346","1009","1146","242","220","83","33","20","35","9","7","19","24","8","0","5","10","1","0","52","46","55","5","30","7","15","1","7","14","4","1","22","19","9","0","3","26","49","45","52","56","103","3","41","74","61","76","87","135","2","27","41","49","76","132","112","3","19","39","51","94","131","105","0","25","27","34","35","26","32","2","19","19","26","41","34","26","0","7","13","8","6","7","16","0","7","12","10","12","9","10","459","125","104","32","23","3","7","2","56","478","118","102","28","23","6","8","10","108","188","54","37","27","10","1","6","1","22","82","18","12","1","3","0","0","0","1"
"s25","voters","CH52014","315","116","127","13","0","3","5","0","1","0","50","156","159","32","32","11","1","1","1","0","1","1","3","0","0","0","2","0","0","2","1","11","3","8","3","0","0","2","0","0","0","5","4","2","1","0","8","2","6","7","14","10","1","10","8","7","19","17","7","3","9","3","5","17","21","16","0","3","2","1","22","12","13","0","8","2","3","7","3","1","0","7","1","5","9","2","2","0","1","1","2","3","2","2","0","0","0","2","4","3","2","60","18","17","3","5","0","2","0","11","61","15","17","5","2","0","0","3","24","30","7","4","4","1","0","2","0","2","16","4","1","0","0","0","0","1","0"
"s25","voters","CH52015","9","0","6","2","0","0","0","0","0","0","1","4","5","0","2","1","0","0","0","0","0","0","0","0","0","0","0","0","0","0","0","0","0","0","0","0","0","0","0","0","0","0","0","0","0","0","0","0","0","0","0","0","0","0","0","0","0","0","0","0","0","0","1","0","0","2","0","0","0","1","0","1","1","0","0","0","0","0","0","0","0","0","0","1","0","0","0","0","0","1","0","0","0","0","0","0","0","0","0","0","1","0","0","0","0","0","0","0","0","0","1","0","3","0","0","0","0","0","2","1","0","0","0","0","0","0","0","0","2","0","0","0","0","0","0","0","0"
"s25","voters","CH52016","339","126","135","11","4","1","0","0","0","0","62","165","174","17","26","8","9","1","0","0","0","5","6","3","0","1","1","0","0","21","13","11","0","1","0","0","0","2","1","2","0","8","7","6","2","0","6","5","5","10","10","8","2","15","5","10","27","14","9","0","9","8","5","20","21","13","0","2","4","7","17","18","11","0","9","3","6","8","7","6","0","2","2","4","5","6","4","0","2","1","1","0","2","0","0","1","3","1","3","1","1","63","29","19","7","1","0","0","0","7","86","14","10","5","6","0","2","2","10","44","8","2","5","1","0","0","0","2","10","4","1","1","0","0","0","0","0"
"s25","voters","CH52017","47","13","18","0","0","0","2","0","1","0","13","23","24","2","2","2","0","1","0","0","0","0","0","0","0","1","0","0","0","0","5","2","0","0","0","1","1","1","0","1","0","1","0","1","0","0","2","2","0","1","0","1","0","2","0","0","1","1","3","0","0","2","2","1","4","0","0","2","0","0","2","3","2","0","2","1","0","0","2","2","0","1","1","1","1","2","0","0","0","0","0","1","0","0","0","0","1","0","1","0","0","7","3","3","0","0","0","0","0","0","12","3","2","0","0","0","0","0","1","9","2","2","0","0","0","0","0","0","1","0","2","0","0","0","0","0","0"
"s25","voters","CH52018","209","74","69","12","0","0","0","0","0","0","54","102","107","13","15","3","1","0","2","0","0","3","1","4","0","0","0","0","0","10","8","13","0","8","0","6","2","1","0","0","1","3","2","2","0","0","4","4","2","6","8","4","2","6","6","3","10","11","8","0","4","1","0","9","15","5","1","4","3","1","13","7","6","3","4","4","1","6","11","5","0","2","1","3","3","7","4","0","1","1","0","2","2","0","0","0","0","0","3","1","2","37","14","8","4","5","0","0","0","6","41","10","8","2","0","0","1","1","6","29","5","3","7","2","0","2","2","4","8","3","0","1","0","0","0","0","0"
"s25","voters","CN11829","853","410","305","27","1","4","3","0","3","0","100","365","488","224","103","62","16","9","6","2","1","0","0","0","0","3","1","1","0","1","11","6","1","3","0","1","0","4","2","2","0","15","5","1","1","1","11","16","16","18","31","59","1","22","39","32","27","52","85","1","10","9","12","21","27","64","0","4","8","19","28","29","73","0","6","12","8","7","7","11","1","10","6","6","10","5","11","0","0","2","6","0","4","6","1","5","1","1","3","3","6","237","59","47","13","6","0","8","3","37","172","43","37","6","12","2","4","1","28","43","17","19","10","4","0","2","0","5","26","6","2","2","1","0","0","1","0"
"s25","voters","CN11830","1229","594","368","50","6","13","13","0","9","0","176","534","695","390","194","112","47","0","1","0","0","3","0","0","0","1","1","0","0","6","3","0","0","1","0","0","0","8","4","0","1","11","4","4","0","1","22","30","30","31","54","60","7","52","44","39","42","68","114","3","13","23","29","26","46","49","0","8","19","24","33","39","56","2","9","18","15","12","15","14","2","17","14","22","14","12","10","1","5","5","6","5","6","4","0","14","12","10","6","11","6","333","91","65","15","29","2","6","3","50","217","50","45","8","10","1","6","0","31","90","27","23","13","6","3","6","1","7","58","22","7","2","0","1","0","0","1"
"s25","voters","CN11831","133","70","32","6","1","1","2","0","0","0","21","52","81","59","20","13","5","0","0","0","0","0","0","0","0","0","0","0","0","1","2","2","0","0","1","0","0","0","0","0","0","1","0","1","1","0","3","2","3","1","7","9","0","8","4","7","4","6","16","0","1","3","4","0","3","4","0","0","5","4","1","3","4","0","1","3","1","0","2","2","0","1","4","2","0","2","3","0","0","3","0","0","0","0","0","0","3","0","1","1","2","33","10","5","3","3","0","0","0","16","21","1","4","1","1","0","0","0","4","11","3","1","1","2","1","0","1","1","7","2","1","0","0","0","0","0","0"
"s25","voters","CN11832","309","161","91","12","0","3","1","0","1","0","40","142","167","55","39","7","7","4","6","0","0","1","2","0","0","2","0","0","0","5","2","10","0","2","2","2","1","5","0","1","0","8","3","3","0","0","0","8","8","4","18","32","0","4","11","12","5","16","43","1","1","4","7","9","11","12","0","1","2","5","4","12","22","0","2","3","4","3","1","5","0","1","1","3","3","5","9","0","0","1","1","1","2","4","0","0","0","1","1","3","3","112","20","14","4","6","1","0","0","4","65","9","7","4","1","0","0","1","4","28","6","3","2","1","0","0","0","0","12","3","2","0","0","0","0","0","0"
"s25","voters","CN11833","408","177","153","18","1","6","3","0","2","0","48","174","234","85","42","21","12","1","6","1","0","1","0","1","0","3","0","1","0","3","2","7","1","1","1","0","0","2","0","1","0","2","1","2","0","1","5","8","9","8","12","19","2","4","27","11","17","20","34","1","7","8","6","13","16","23","0","7","7","9","16","19","21","0","3","5","8","3","2","3","0","1","2","9","6","1","5","0","1","3","3","3","2","2","0","1","2","2","4","3","4","108","26","21","4","5","1","2","1","9","87","27","8","4","3","0","3","2","19","35","6","4","1","1","0","0","0","1","16","8","4","0","0","1","1","0","0"
"s25","voters","CN11834","1355","686","410","44","11","2","8","0","7","0","187","579","776","438","198","102","43","6","7","0","0","0","1","0","0","0","2","0","0","16","18","15","0","5","3","2","1","5","3","3","0","22","10","7","2","1","26","51","36","32","45","70","10","51","75","58","64","65","102","3","14","31","21","43","46","48","2","12","21","26","33","51","59","2","20","18","8","14","9","15","1","17","20","17","20","11","15","1","2","5","2","3","4","9","0","14","8","5","5","8","6","361","118","96","23","20","5","9","4","50","219","61","48","14","15","5","2","2","44","88","31","25","14","15","2","0","1","11","52","9","7","1","1","0","0","1","1"
"s25","voters","CN11835","523","216","203","16","0","3","4","0","0","0","81","254","269","107","70","32","7","9","3","1","0","4","0","0","0","3","0","0","0","6","1","2","0","0","0","0","0","1","3","3","0","2","5","4","0","0","6","6","8","13","16","37","2","9","19","11","19","29","41","1","4","7","19","12","26","37","0","2","5","9","17","33","31","0","5","7","9","7","7","11","0","6","6","5","8","4","6","1","2","4","2","1","1","5","0","1","2","1","1","1","1","126","29","24","3","5","1","1","3","24","108","26","30","4","4","0","2","0","29","40","12","14","5","3","0","2","0","5","17","3","1","1","1","0","0","0","0"
"s25","voters","CN11836","92","26","46","4","0","2","2","0","0","0","12","47","45","16","22","4","3","0","0","0","0","0","0","0","0","0","0","1","2","1","0","3","0","0","1","0","1","0","0","0","0","0","0","0","0","0","0","0","3","1","3","3","0","1","2","0","4","1","8","0","4","1","1","3","9","7","0","0","3","0","4","8","6","0","0","2","1","1","2","1","0","0","0","0","2","2","1","0","0","1","2","0","0","2","0","0","0","0","0","1","2","11","3","3","1","1","0","1","1","5","19","10","9","1","1","0","1","0","5","7","0","2","0","1","0","1","0","1","6","2","0","0","0","0","0","0","0"
"s25","voters","CN11837","122","80","19","6","2","0","0","0","0","0","15","59","63","55","14","12","5","0","0","0","0","0","2","0","0","0","0","0","0","0","0","0","0","0","0","0","0","0","0","0","0","1","0","0","0","0","7","6","7","1","6","7","0","7","8","2","7","12","10","0","0","2","1","2","4","1","0","2","2","0","1","3","1","0","1","5","1","0","2","1","0","1","2","0","1","1","0","0","0","0","3","2","0","0","1","0","0","1","0","1","0","48","11","15","0","1","2","0","0","3","11","5","2","1","0","0","0","0","0","10","1","2","0","1","0","0","1","0","7","0","1","0","0","0","0","0","0"
"s25","voters","CN21838","65","34","15","4","0","0","1","0","0","0","11","30","35","20","5","8","2","0","0","0","0","0","0","0","0","0","0","0","0","1","0","0","0","0","0","0","0","3","0","0","0","2","0","1","0","0","0","4","1","1","5","2","0","4","2","4","6","5","0","0","1","0","3","2","2","3","0","0","0","0","1","1","2","0","1","0","0","0","2","0","0","0","1","1","1","3","2","0","1","1","1","0","0","0","0","0","1","0","0","1","0","21","4","3","0","1","0","1","0","4","6","3","2","0","0","0","1","1","2","6","0","1","1","1","0","0","0","2","3","1","0","0","0","0","0","0","1"
"s25","voters","CN21839","1203","491","498","42","6","4","7","0","2","0","153","532","671","247","152","46","22","5","14","3","0","7","2","2","0","1","8","0","4","7","10","16","1","3","4","6","3","6","3","3","1","7","20","9","1","3","18","30","23","25","49","48","5","37","46","34","49","56","68","2","10","22","38","34","71","62","4","19","26","31","51","66","62","0","5","9","12","5","15","17","0","8","9","30","13","14","16","0","5","2","4","3","9","11","1","6","4","1","7","3","5","263","91","54","19","18","1","2","3","40","265","76","61","23","7","2","9","3","52","75","20","17","13","4","2","3","1","18","38","12","7","3","0","0","1","0","0"
"s25","voters","CN21840","1323","576","488","59","2","6","4","0","2","1","185","573","750","313","145","87","31","10","5","1","1","0","3","0","0","6","2","0","1","7","12","15","1","3","0","3","2","5","7","5","1","14","11","4","0","1","18","26","24","32","40","75","4","38","42","48","62","47","119","0","15","16","28","47","50","75","1","12","20","32","42","37","113","0","13","16","19","19","17","11","0","7","15","20","15","14","19","0","4","6","6","6","0","9","0","3","7","5","8","6","14","305","102","61","17","15","6","8","2","60","266","68","55","19","14","3","8","3","52","94","26","27","13","5","2","2","2","14","41","16","7","1","0","0","3","0","6"
"s25","voters","CN21841","1313","477","602","47","1","8","9","0","1","0","168","600","713","259","212","69","29","4","11","2","1","1","1","1","1","2","4","0","0","6","24","16","1","3","1","3","0","2","7","7","2","9","14","6","0","2","12","36","16","24","39","66","2","35","38","25","39","56","87","4","20","22","31","63","74","76","0","23","34","44","60","79","72","2","10","15","15","14","14","14","1","13","11","14","8","20","17","0","3","6","4","6","4","8","0","6","3","4","5","6","11","244","74","57","21","17","3","9","4","48","314","84","83","26","13","1","9","1","71","94","22","16","9","11","0","3","0","13","35","18","9","1","1","0","1","0","1"
"s25","voters","CN21842","1446","645","544","60","6","7","12","0","5","0","167","652","794","401","174","81","37","6","3","1","1","0","1","0","1","0","1","0","0","9","14","9","5","3","1","1","2","1","0","3","1","20","9","1","0","7","27","38","26","32","41","79","8","46","55","40","55","66","125","0","18","26","38","45","62","91","4","14","22","31","53","46","94","1","9","13","13","16","11","15","1","14","16","14","15","10","19","1","3","8","5","10","10","7","0","9","9","6","5","7","10","349","105","68","18","23","6","12","2","62","278","68","69","19","8","5","9","4","84","79","29","26","12","4","2","3","1","11","51","18","12","2","3","0","0","0","4"
"s25","voters","CN21843","30","17","6","2","0","0","0","0","0","0","5","11","19","13","5","1","2","0","0","0","0","0","0","0","0","0","0","0","0","0","0","0","0","0","0","0","0","0","0","0","0","0","0","1","0","0","0","0","1","1","1","0","1","3","2","1","4","1","2","0","0","0","0","2","1","0","0","1","0","1","0","1","0","0","1","0","0","0","2","1","0","1","0","0","0","0","0","0","0","0","0","0","0","1","0","0","0","0","0","1","0","7","5","3","1","0","0","0","0","1","3","1","1","0","0","0","0","0","1","2","0","1","0","0","0","1","0","1","0","0","0","1","0","0","0","0","1"
"s25","voters","CN21844","1940","787","768","76","2","20","11","0","8","0","268","872","1068","403","276","95","48","16","18","6","2","12","4","7","1","3","4","3","0","25","18","23","2","10","3","3","0","5","3","2","1","21","16","13","2","1","23","36","30","54","58","124","0","43","51","66","67","83","151","2","23","25","46","70","85","106","1","30","28","58","73","94","127","3","13","23","25","22","23","28","2","15","11","25","27","19","32","0","1","8","8","10","12","13","1","8","9","8","11","13","15","423","124","100","31","16","4","15","6","68","408","114","94","25","14","3","8","10","92","148","35","36","11","8","3","1","2","24","63","27","10","5","7","1","1","0","3"
"s25","voters","CN21845","333","118","172","12","0","1","2","0","0","0","28","155","178","71","43","13","5","2","10","0","1","0","1","0","0","0","3","0","0","3","2","2","0","2","0","0","0","1","3","2","0","2","2","0","0","0","8","3","2","3","13","20","1","8","10","5","11","15","19","0","9","8","10","16","15","31","0","1","6","8","13","25","30","0","1","2","4","1","1","2","0","1","3","3","3","3","4","0","1","0","0","0","2","3","0","0","2","1","0","2","4","60","19","16","4","3","3","0","0","13","72","27","26","9","8","0","1","1","28","11","6","5","1","2","1","1","0","1","9","2","3","0","0","1","0","0","0"
"s25","voters","CN31846","1965","791","710","80","6","12","10","0","7","0","349","878","1087","253","177","56","39","9","14","7","4","20","24","15","1","3","8","2","0","70","77","84","4","57","15","18","2","12","5","4","2","51","27","22","3","0","37","42","61","58","56","64","4","58","64","92","89","87","79","3","33","22","47","83","68","79","2","22","33","78","80","80","80","1","20","15","53","38","26","20","5","17","22","31","44","24","33","0","10","8","8","11","11","4","0","13","8","10","20","5","7","462","148","100","34","16","4","0","4","23","416","108","95","24","20","6","5","0","36","218","48","40","25","8","3","6","1","0","78","19","13","1","1","0","2","0","1"
"s25","voters","CN31847","3015","1396","883","106","7","24","27","0","3","0","569","1326","1689","461","247","142","51","14","11","6","4","29","35","22","0","4","13","2","2","82","46","104","5","30","13","18","3","22","5","14","2","89","38","25","8","8","51","92","140","110","74","54","8","109","151","200","192","99","108","6","29","46","96","121","79","55","4","28","48","117","119","67","68","3","33","48","57","73","37","29","9","32","45","68","63","38","34","0","10","13","23","23","8","8","1","8","20","19","18","8","8","913","275","127","27","24","2","12","2","14","590","137","80","18","21","4","6","9","18","350","115","49","22","11","8","4","1","9","123","29","10","0","1","1","2","0","1"
"s25","voters","CN31882","730","420","160","34","3","1","5","0","4","0","103","272","458","109","50","26","17","3","3","0","2","0","2","0","0","1","1","0","0","9","12","7","0","6","1","3","0","5","2","0","0","11","5","2","0","1","8","35","28","31","21","17","1","28","72","59","44","40","35","1","4","22","17","7","17","8","1","2","15","27","18","10","11","0","5","11","11","3","4","5","1","8","13","16","12","12","2","0","3","3","5","2","2","1","0","3","11","8","4","3","2","361","32","25","0","2","0","0","0","0","142","7","7","2","1","0","0","0","1","81","13","9","0","0","0","0","0","0","37","5","5","0","0","0","0","0","0"
"s25","voters","CN41848","293","109","107","16","0","3","5","0","3","0","50","139","154","39","48","15","12","3","2","2","0","1","2","0","0","0","1","0","0","6","1","5","0","1","2","0","0","0","1","0","0","5","1","1","1","0","5","10","7","5","11","9","3","7","13","6","7","10","16","0","3","11","5","8","12","7","2","3","9","10","14","10","13","1","4","8","3","3","3","9","1","1","5","7","2","0","3","0","2","1","4","4","4","0","0","1","1","1","2","4","3","58","23","12","7","4","0","0","1","4","64","21","8","2","4","2","1","1","4","22","8","6","6","4","0","0","0","4","18","6","1","1","1","0","0","0","0"
"s25","voters","CN41849","358","164","119","22","2","0","1","0","0","1","49","154","204","99","47","25","14","3","5","0","0","0","0","0","0","0","0","0","0","2","0","2","1","0","0","0","0","3","0","2","0","2","2","1","1","0","1","10","9","11","6","27","2","12","11","9","21","9","36","0","2","6","11","9","8","20","2","2","2","10","14","7","26","0","3","6","3","4","2","4","1","3","7","6","1","5","4","0","2","1","2","3","1","3","0","1","3","1","3","4","2","73","31","23","9","2","2","2","0","22","64","21","10","5","2","1","0","1","15","26","8","5","3","1","2","2","0","2","13","5","4","1","0","0","1","0","2"
"s25","voters","CN41850","323","137","104","15","4","3","3","0","2","0","55","140","183","81","35","24","10","3","1","4","1","0","0","0","0","1","3","2","1","0","1","1","0","0","1","0","0","1","0","0","0","1","4","3","0","0","9","2","5","10","11","22","0","8","12","7","10","10","31","0","1","6","5","6","11","15","0","6","2","7","10","18","17","0","2","4","6","6","5","4","1","2","3","3","8","5","6","0","2","2","0","2","3","1","0","2","4","3","3","4","1","79","24","17","2","5","0","2","0","8","56","15","14","6","4","2","2","1","4","34","6","6","2","4","0","1","0","2","17","4","4","0","1","1","0","0","0"
"s25","voters","CN41851","9","3","3","0","0","0","0","0","0","0","3","5","4","0","2","0","0","0","0","0","0","0","0","0","0","0","0","0","0","0","0","0","0","0","0","0","0","0","0","0","0","0","0","0","0","0","0","0","0","0","1","1","0","0","0","0","0","0","1","0","0","0","0","0","0","1","0","0","0","0","0","0","2","0","0","0","0","0","0","2","0","0","0","0","1","0","0","0","0","0","0","0","0","0","0","0","0","0","0","0","0","0","1","2","0","0","0","0","0","0","1","0","0","0","0","0","0","2","0","0","1","0","0","2","0","0","0","0","0","0","0","0","0","0","0","0","0"
"s25","voters","CN41853","1463","701","460","60","4","7","15","0","5","0","211","638","825","440","188","87","50","9","9","4","0","0","1","2","0","1","0","2","0","5","3","12","1","5","3","7","2","3","2","6","0","15","10","3","0","0","24","42","38","34","62","73","4","47","62","48","71","70","126","1","20","30","23","43","49","49","1","14","24","34","45","59","68","2","11","24","14","17","16","20","1","22","14","17","16","21","16","1","7","5","6","12","8","7","0","4","14","5","7","9","6","401","103","82","18","23","5","5","3","61","273","54","51","17","16","0","3","2","44","112","35","25","16","6","1","5","0","11","63","9","16","0","0","0","1","0","2"
"s25","voters","CN41854","142","62","51","8","0","2","2","0","0","0","17","58","84","37","14","10","8","0","1","0","0","0","1","1","0","1","0","0","0","1","1","1","0","0","0","0","0","0","0","0","0","0","0","0","0","0","2","4","1","3","6","11","1","4","4","2","5","6","13","0","1","1","1","1","6","10","0","1","4","2","2","6","16","0","2","2","0","0","0","2","0","1","2","2","1","1","4","0","0","1","0","1","1","2","0","0","1","0","0","3","3","31","11","7","1","3","1","2","0","6","24","12","6","0","3","0","1","0","5","11","4","2","0","0","0","0","0","0","8","1","2","0","0","0","0","0","1"
"s25","voters","CN41855","45","26","11","2","0","0","1","0","0","0","5","26","19","6","4","1","1","0","0","0","0","2","0","0","0","0","0","0","0","7","2","4","0","0","0","0","0","1","0","0","0","0","0","0","0","0","0","2","6","2","0","3","0","1","2","3","2","2","3","0","2","0","0","4","0","1","0","0","0","1","2","1","0","0","2","0","0","1","0","0","0","0","0","1","1","0","0","0","0","2","0","0","0","1","0","0","0","0","0","0","0","12","5","7","2","0","0","0","0","0","8","0","2","1","0","0","0","0","0","4","1","0","0","0","0","0","0","0","3","0","0","0","0","0","0","0","0"
"s25","voters","CN41856","3","2","1","0","0","0","0","0","0","0","0","2","1","0","0","0","0","0","0","0","0","0","0","0","0","0","0","0","0","0","0","0","0","0","0","0","0","0","0","0","0","0","0","0","0","0","0","0","0","0","0","1","0","0","0","0","0","1","0","0","0","0","0","0","1","0","0","0","0","0","0","0","0","0","0","0","0","0","0","0","0","0","0","0","0","0","0","0","0","0","0","0","0","0","0","0","0","0","0","0","0","0","0","0","0","1","0","0","0","1","1","0","0","0","0","0","0","0","0","0","0","0","0","0","0","0","0","0","0","0","0","0","0","0","0","0","0"
"s25","voters","CN41857","3","1","2","0","0","0","0","0","0","0","0","2","1","0","0","0","0","1","0","0","0","0","0","0","0","0","0","0","0","0","0","0","0","0","0","0","0","0","0","0","0","0","0","0","0","0","0","0","0","0","0","1","0","0","0","0","0","0","0","0","0","0","0","0","0","1","0","0","0","0","0","0","1","0","0","0","0","0","0","0","0","0","0","0","0","0","0","0","0","0","0","0","0","0","0","0","0","0","0","0","0","1","0","0","0","0","0","0","0","0","0","1","0","0","0","0","0","0","1","0","0","0","0","0","0","0","0","0","0","0","0","0","0","0","0","0","0"
"s25","voters","CN41858","8","0","8","0","0","0","0","0","0","0","0","5","3","0","5","0","0","0","0","0","0","0","0","0","0","0","0","0","0","0","0","0","0","0","0","0","0","0","0","0","0","0","0","0","0","0","0","0","0","0","0","0","0","0","0","0","0","0","0","0","1","2","0","1","1","0","0","0","0","0","1","1","1","0","0","0","0","0","0","0","0","0","0","0","0","0","0","0","0","0","0","0","0","0","0","0","0","0","0","0","0","0","0","0","0","0","0","0","0","0","5","1","0","0","0","0","1","0","1","0","0","0","0","0","0","0","0","0","0","0","0","0","0","0","0","0","0"
"s25","voters","CN41860","1385","594","510","66","1","10","5","0","5","0","194","617","768","298","152","76","38","7","17","3","2","5","3","7","1","5","2","1","0","20","20","22","2","2","5","0","0","5","8","4","1","8","13","6","1","1","21","31","26","30","50","73","1","27","58","36","38","70","132","1","12","25","18","28","51","111","1","16","11","28","39","49","120","1","9","20","13","18","16","25","0","9","15","10","13","22","23","0","4","7","5","7","5","9","0","10","5","6","10","10","9","295","107","79","23","20","2","6","3","59","261","85","56","15","8","1","6","1","77","104","34","30","5","7","1","3","1","9","53","16","7","4","1","0","2","1","3"
"s25","voters","CN41861","616","259","237","23","2","1","4","0","3","0","87","282","334","159","90","36","11","2","2","0","1","3","0","0","0","0","1","0","0","11","4","11","0","0","0","0","0","5","2","2","0","6","9","3","2","1","13","15","12","16","26","25","0","19","17","21","27","26","41","0","6","12","19","19","24","41","1","5","10","13","12","30","45","1","4","1","7","5","11","8","1","6","13","7","9","5","9","0","3","4","2","1","2","4","0","2","2","2","5","3","3","137","31","38","9","8","0","4","3","29","128","33","31","4","4","1","1","1","34","46","10","11","6","3","1","1","1","8","19","9","2","0","1","0","0","0","2"
"s25","voters","CN41862","2","0","2","0","0","0","0","0","0","0","0","1","1","0","0","0","0","0","0","0","0","0","0","0","0","0","0","0","0","0","0","0","0","0","0","0","0","0","0","0","0","0","0","0","0","0","0","0","0","0","0","0","0","0","0","0","0","0","0","0","0","0","0","0","0","1","0","0","0","0","0","0","1","0","0","0","0","0","0","0","0","0","0","0","0","0","0","0","0","0","0","0","0","0","0","0","0","0","0","0","0","0","0","0","0","0","0","0","0","0","0","0","0","0","0","0","0","0","2","0","0","0","0","0","0","0","0","0","0","0","0","0","0","0","0","0","0"
"s25","voters","CN41863","80","35","29","2","0","2","2","0","0","0","10","39","41","23","9","4","3","0","0","0","0","0","0","0","0","0","0","0","0","1","2","2","0","0","0","0","0","0","0","0","0","0","0","0","0","0","2","1","0","5","3","2","0","4","4","2","3","5","4","0","2","1","6","0","2","7","0","0","0","3","0","2","6","0","1","1","1","1","0","1","0","0","0","1","1","1","2","0","0","2","0","0","1","0","0","0","2","0","0","0","1","18","5","5","2","5","0","0","0","0","17","6","2","2","1","0","0","0","1","7","0","1","1","0","0","0","0","1","4","0","0","1","1","0","0","0","0"
"s25","voters","CN41864","18","12","5","0","0","0","0","0","0","0","1","8","10","9","2","0","0","0","0","0","0","0","0","0","0","0","0","0","0","0","0","0","0","0","0","0","0","0","0","0","0","0","2","0","0","0","0","3","1","0","0","0","0","1","3","2","0","1","1","0","0","0","0","0","1","2","0","0","0","0","0","1","1","0","0","0","1","0","0","0","0","0","0","0","0","0","0","0","0","0","0","0","0","0","0","0","0","0","0","0","0","5","3","2","1","0","0","0","1","0","2","0","1","0","0","0","0","0","2","0","1","0","0","0","0","0","0","0","0","0","0","0","0","0","0","0","0"
"s25","voters","CN41887","1528","630","616","61","5","20","9","0","3","0","184","710","818","342","184","84","44","11","18","1","0","2","3","1","0","1","0","0","0","14","17","12","1","2","4","4","0","12","6","0","0","11","20","4","0","1","23","43","29","33","45","77","9","36","48","49","57","57","123","3","26","24","42","41","70","109","0","11","17","43","50","69","111","3","9","16","17","9","10","25","1","11","8","19","14","19","23","0","2","13","7","14","11","8","1","6","2","6","13","10","5","329","108","81","26","25","2","5","3","51","309","100","78","28","17","0","7","4","73","98","21","18","17","6","1","3","2","18","65","16","6","3","3","1","1","0","3"
"s25","voters","CN41888","2","0","2","0","0","0","0","0","0","0","0","1","1","0","0","0","0","0","0","0","0","0","0","0","0","0","0","0","0","0","0","0","0","0","0","0","0","0","0","0","0","0","0","0","0","0","0","0","0","0","0","0","0","0","0","0","0","0","0","0","0","0","0","0","1","0","0","0","0","0","0","0","1","0","0","0","0","0","0","0","0","0","0","0","0","0","0","0","0","0","0","0","0","0","0","0","0","0","0","0","0","0","0","0","0","0","0","0","0","0","2","0","0","0","0","0","0","0","0","0","0","0","0","0","0","0","0","0","0","0","0","0","0","0","0","0","0"
"s25","voters","CN41889","189","63","87","2","1","0","3","0","1","0","32","92","97","30","29","11","2","2","0","1","0","0","1","0","0","0","2","0","0","1","0","1","0","0","0","0","0","0","0","1","0","0","8","1","0","1","3","2","5","6","4","6","0","4","3","9","7","5","8","2","3","3","3","8","13","13","0","3","3","5","8","10","13","0","3","1","5","4","2","3","0","1","2","2","4","2","3","0","0","0","1","1","0","0","0","0","1","3","1","0","0","32","13","8","2","1","1","0","0","6","49","15","8","2","1","0","0","1","11","15","5","6","2","0","0","0","1","3","6","1","0","0","0","0","0","0","0"
"s25","voters","CN41890","2","0","2","0","0","0","0","0","0","0","0","1","1","0","0","0","0","0","0","0","0","0","0","0","0","0","0","0","0","0","0","0","0","0","0","0","0","0","0","0","0","0","0","0","0","0","0","0","0","0","0","0","0","0","0","0","0","0","0","0","0","0","0","0","0","1","0","0","0","0","0","0","1","0","0","0","0","0","0","0","0","0","0","0","0","0","0","0","0","0","0","0","0","0","0","0","0","0","0","0","0","0","0","0","0","0","0","0","0","0","1","0","0","1","0","0","0","0","0","0","0","0","0","0","0","0","0","0","0","0","0","0","0","0","0","0","0"
"s25","voters","CN41891","208","66","102","11","0","1","1","0","0","0","27","104","104","27","16","9","6","1","3","0","0","2","0","0","0","0","0","0","0","1","2","10","0","0","0","0","0","0","0","0","0","5","2","0","0","0","7","0","4","4","5","15","0","3","0","1","6","5","16","0","5","2","4","3","12","26","0","2","2","3","6","13","24","0","2","1","0","1","1","7","0","0","3","1","3","2","6","0","0","1","0","0","1","3","0","1","0","0","1","3","3","33","14","8","4","1","0","0","1","5","57","13","9","5","1","0","3","1","13","12","5","6","1","1","0","0","0","2","8","3","2","0","0","0","0","0","0"
"s25","voters","CO11636","1","1","0","0","0","0","0","0","0","0","0","1","0","0","0","0","0","0","0","0","0","0","0","0","0","0","0","0","0","0","0","0","0","0","0","0","0","0","0","0","0","0","0","0","0","0","0","0","0","0","0","1","0","0","0","0","0","0","0","0","0","0","0","0","0","0","0","0","0","0","0","0","0","0","0","0","0","0","0","0","0","0","0","0","0","0","0","0","0","0","0","0","0","0","0","0","0","0","0","0","0","0","1","0","0","0","0","0","0","0","0","0","0","0","0","0","0","0","0","0","0","0","0","0","0","0","0","0","0","0","0","0","0","0","0","0","0"
"s25","voters","CO11640","5","3","1","0","0","0","0","0","0","0","1","3","2","2","0","1","0","0","0","0","0","0","0","0","0","0","0","0","0","0","0","0","0","0","0","0","0","0","0","0","0","0","0","0","0","0","1","1","0","0","0","0","0","0","0","0","0","1","0","0","0","0","0","0","0","1","0","0","0","0","0","0","0","0","0","0","0","0","0","0","0","1","0","0","0","0","0","0","0","0","0","0","0","0","0","0","0","0","0","0","0","0","1","2","0","0","0","0","0","0","1","0","0","0","0","0","0","0","0","1","0","0","0","0","0","0","0","0","0","0","0","0","0","0","0","0","0"
"s25","voters","CO11641","1125","686","224","42","9","4","3","0","4","0","153","507","618","481","139","102","40","4","7","0","0","0","0","0","0","2","0","0","0","1","1","0","1","3","0","0","0","5","2","3","0","12","5","6","0","4","26","41","30","42","60","86","3","50","62","48","47","72","115","1","12","10","24","15","24","37","0","5","12","14","12","26","32","2","9","17","13","14","8","10","3","19","23","13","4","8","10","1","4","2","2","5","3","5","0","8","7","7","6","9","3","356","105","67","18","33","4","6","2","95","131","32","22","6","6","1","1","1","24","75","18","19","14","10","1","1","2","13","41","8","7","1","0","0","1","1","3"
"s25","voters","CO11692","1185","742","169","51","12","14","3","0","8","0","186","486","699","432","83","112","45","0","2","0","0","1","0","0","0","0","0","1","0","5","1","2","0","2","0","0","0","1","0","0","0","15","4","7","0","1","21","43","31","35","68","74","8","66","78","66","78","81","92","1","11","15","19","8","11","23","1","3","12","14","13","19","19","4","9","20","13","15","12","14","4","18","25","20","18","6","8","1","7","9","6","3","10","2","0","10","10","8","4","11","7","389","142","102","19","24","2","13","4","47","94","27","24","8","1","1","3","0","11","110","29","23","7","2","4","4","0","7","55","18","11","3","1","0","0","0","0"
"s25","voters","CO11694","242","138","51","13","1","1","2","0","0","0","36","103","139","88","36","24","12","0","0","0","1","0","0","0","0","0","0","0","0","1","0","0","0","0","0","0","0","2","1","2","0","2","4","1","0","2","6","12","2","9","12","11","0","12","15","7","12","19","19","0","4","4","4","4","10","3","0","3","1","2","5","6","5","0","3","3","1","4","2","2","0","7","3","5","2","3","1","0","0","1","0","0","2","2","0","2","4","2","1","3","0","69","30","15","4","5","1","3","0","11","26","7","7","3","1","0","2","0","5","23","4","5","2","2","0","0","0","0","13","3","0","1","0","0","0","0","0"
"s25","voters","CO11695","277","149","53","12","2","1","0","0","1","0","59","124","153","106","27","41","9","1","0","0","0","0","0","0","0","0","0","0","0","1","0","0","0","0","0","3","0","0","3","2","0","2","3","4","0","1","7","12","8","9","15","11","1","12","20","15","10","14","14","0","6","1","4","0","6","7","0","2","4","7","5","3","8","0","6","4","8","4","4","4","0","4","6","4","6","7","2","0","3","1","2","1","0","0","0","3","0","3","1","2","0","78","25","26","7","5","0","0","0","8","35","3","6","0","1","0","3","0","5","28","10","6","7","3","0","0","0","5","11","2","1","0","1","0","1","0","0"
"s25","voters","CO21646","1016","635","193","37","6","12","7","0","5","0","121","440","576","516","140","94","49","2","0","1","0","1","0","0","0","0","0","0","0","0","0","0","0","0","0","0","0","1","0","2","0","7","3","0","0","3","23","36","29","33","42","86","3","41","49","49","53","72","116","1","13","12","15","17","19","23","0","6","9","17","18","14","29","2","8","12","12","6","8","11","5","9","10","13","2","9","14","0","4","7","4","5","3","6","2","6","8","5","5","5","7","318","114","73","25","22","0","4","2","77","117","29","20","7","6","0","3","0","11","66","9","15","8","7","3","3","0","10","45","10","8","0","2","0","1","0","1"
"s25","voters","CO21647","1440","900","226","49","8","23","10","0","5","0","219","607","833","676","151","166","65","0","0","2","1","1","0","0","0","0","0","0","0","1","1","1","0","1","0","2","0","1","1","0","0","8","6","1","0","5","34","58","42","47","68","107","5","75","103","71","59","89","137","0","8","20","18","15","24","30","2","7","10","19","23","23","27","2","20","21","19","3","13","15","2","30","24","23","13","16","18","0","3","6","7","6","8","8","2","7","9","12","8","9","10","477","161","113","17","36","5","16","3","72","151","26","23","4","6","0","1","0","15","113","31","32","14","5","3","6","1","14","59","17","6","4","3","0","2","2","2"
"s25","voters","CO21696","14","12","0","1","0","0","0","0","0","0","1","2","12","1","0","0","0","0","0","0","0","0","0","0","0","0","0","0","0","0","0","1","0","0","0","0","0","2","0","0","0","0","0","0","0","0","0","1","0","0","0","1","0","1","3","1","2","1","2","0","0","0","0","0","0","0","0","0","0","0","0","0","0","0","0","0","0","0","0","0","0","0","0","0","0","1","0","0","0","0","0","0","0","0","1","0","0","0","0","0","0","5","1","3","0","2","0","1","0","0","0","0","0","0","0","0","0","0","0","0","0","0","0","1","0","0","0","0","1","0","0","0","0","0","0","0","0"
"s25","voters","CO21700","0","0","0","0","0","0","0","0","0","0","0","0","0","0","0","0","0","0","0","0","0","0","0","0","0","0","0","0","0","0","0","0","0","0","0","0","0","0","0","0","0","0","0","0","0","0","0","0","0","0","0","0","0","0","0","0","0","0","0","0","0","0","0","0","0","0","0","0","0","0","0","0","0","0","0","0","0","0","0","0","0","0","0","0","0","0","0","0","0","0","0","0","0","0","0","0","0","0","0","0","0","0","0","0","0","0","0","0","0","0","0","0","0","0","0","0","0","0","0","0","0","0","0","0","0","0","0","0","0","0","0","0","0","0","0","0","0"
"s25","voters","CO31326","3","1","2","0","0","0","0","0","0","0","0","2","1","0","0","0","0","0","0","0","0","0","0","0","0","0","0","0","0","0","0","0","0","0","0","0","0","0","0","0","0","0","0","0","0","0","0","0","0","1","0","0","0","0","0","0","0","0","0","0","0","0","0","0","0","1","0","0","0","0","0","0","1","0","0","0","0","0","0","0","0","0","0","0","0","0","0","0","0","0","0","0","0","0","0","0","0","0","0","0","0","1","0","0","0","0","0","0","0","0","0","0","0","0","1","0","0","0","1","0","0","0","0","0","0","0","0","0","0","0","0","0","0","0","0","0","0"
"s25","voters","CO31327","1","0","1","0","0","0","0","0","0","0","0","1","0","0","0","0","0","0","0","0","0","0","1","0","0","0","0","0","0","0","0","0","0","0","0","0","0","0","0","0","0","0","0","0","0","0","0","0","0","0","0","0","0","0","0","0","0","0","0","0","0","0","0","0","1","0","0","0","0","0","0","0","0","0","0","0","0","0","0","0","0","0","0","0","0","0","0","0","0","0","0","0","0","0","0","0","0","0","0","0","0","0","0","0","0","0","0","0","0","0","1","0","0","0","0","0","0","0","0","0","0","0","0","0","0","0","0","0","0","0","0","0","0","0","0","0","0"
"s25","voters","CO31650","968","585","196","26","6","8","2","0","6","0","139","409","559","395","111","90","28","2","6","2","0","0","0","0","0","0","0","0","0","2","0","0","0","1","0","0","0","0","0","0","0","5","2","2","1","2","19","30","40","21","42","74","5","44","65","38","34","54","117","1","10","12","21","18","18","22","1","6","9","17","14","18","29","1","7","8","8","11","8","18","0","12","20","21","6","5","14","0","3","2","3","3","1","6","0","5","11","3","2","2","7","306","102","75","17","11","6","12","3","53","109","28","26","6","7","1","0","2","17","74","16","16","16","9","2","1","1","4","32","5","5","3","1","0","0","0","2"
"s25","voters","CO31651","579","358","95","13","6","4","6","0","2","0","95","257","322","294","65","72","23","0","1","0","0","0","0","0","0","1","0","1","0","0","0","0","0","0","0","0","0","0","0","2","0","4","2","1","1","2","12","16","18","22","21","51","2","25","37","27","26","34","65","0","7","10","10","7","8","11","0","6","8","2","7","7","12","0","7","11","4","7","10","8","1","14","12","7","7","5","2","1","7","4","1","0","1","1","0","4","4","2","3","2","1","185","54","37","9","22","3","3","1","44","62","11","8","2","3","0","3","1","5","56","16","12","7","1","0","0","0","3","20","4","5","1","1","0","0","0","0"
"s25","voters","CO31652","273","166","49","8","4","5","5","0","3","0","33","112","161","64","19","17","8","2","0","1","0","0","0","0","0","0","0","0","0","0","1","0","0","0","0","0","0","2","0","0","0","2","0","1","0","1","5","19","11","7","12","9","0","16","22","16","9","21","18","0","0","8","6","3","1","5","0","1","4","5","3","6","7","0","1","5","4","5","3","1","0","4","3","4","1","1","1","0","0","2","2","1","1","0","0","5","5","2","4","2","1","103","26","23","4","5","1","1","1","2","25","9","8","2","0","0","0","1","4","20","5","3","1","0","0","2","0","2","17","6","1","1","0","0","0","0","0"
"s25","voters","CO31653","639","283","198","42","5","11","4","0","3","0","93","296","343","189","84","59","36","1","3","2","1","0","0","1","0","0","0","0","0","0","0","0","0","0","0","0","0","1","1","0","0","0","2","0","4","4","11","13","13","17","18","35","5","28","22","28","18","30","41","1","5","15","18","17","17","33","0","0","4","9","17","19","43","0","12","11","6","6","5","6","2","13","9","12","6","3","2","0","12","2","3","4","6","6","0","4","4","12","4","5","3","146","61","32","15","5","0","4","0","20","104","32","22","6","5","2","1","1","25","55","10","10","8","4","0","2","0","4","42","13","7","0","0","1","0","0","2"
"s25","voters","CO40891","1137","496","377","61","3","17","10","0","3","0","170","495","642","166","83","51","29","6","7","0","4","4","2","3","0","1","0","0","0","4","5","3","0","7","7","8","0","3","8","2","3","21","10","7","1","0","13","26","28","19","32","59","3","30","42","51","31","62","100","0","8","15","21","20","47","74","0","10","22","16","27","38","79","1","15","8","15","15","16","18","3","8","9","19","15","15","13","0","5","8","8","2","6","16","0","6","9","5","3","9","17","286","95","50","15","14","2","2","0","32","213","52","49","10","9","2","3","2","37","99","27","19","8","2","3","2","1","9","64","19","7","0","3","0","0","0","1"
"s25","voters","CO40892","0","0","0","0","0","0","0","0","0","0","0","0","0","0","0","0","0","0","0","0","0","0","0","0","0","0","0","0","0","0","0","0","0","0","0","0","0","0","0","0","0","0","0","0","0","0","0","0","0","0","0","0","0","0","0","0","0","0","0","0","0","0","0","0","0","0","0","0","0","0","0","0","0","0","0","0","0","0","0","0","0","0","0","0","0","0","0","0","0","0","0","0","0","0","0","0","0","0","0","0","0","0","0","0","0","0","0","0","0","0","0","0","0","0","0","0","0","0","0","0","0","0","0","0","0","0","0","0","0","0","0","0","0","0","0","0","0"
"s25","voters","CO41320","378","210","72","21","2","12","2","0","1","0","58","152","226","83","20","20","12","0","0","0","0","0","1","0","0","0","0","0","0","0","0","0","1","0","0","2","0","0","0","0","0","5","4","0","0","1","4","16","11","12","19","9","0","12","40","26","23","19","18","0","1","11","4","2","3","15","0","1","5","4","6","7","13","2","4","5","5","3","2","4","0","6","8","5","9","2","3","0","3","1","3","0","5","7","0","3","3","4","4","3","2","144","24","24","7","0","0","2","1","8","42","8","11","1","1","1","0","0","8","42","10","1","1","1","0","1","0","2","28","5","5","0","0","0","0","0","0"
"s25","voters","CO41329","301","171","52","12","3","9","1","0","0","0","53","119","182","72","19","30","7","1","1","0","0","0","0","0","0","0","0","0","0","0","0","0","0","1","1","1","0","0","0","0","0","2","0","0","0","3","7","10","8","0","13","16","0","16","21","13","21","20","23","0","3","5","3","6","3","7","0","0","2","6","5","6","6","0","1","3","7","6","2","3","1","6","6","7","3","2","6","0","1","1","1","7","2","1","0","1","2","2","4","1","2","110","23","15","5","9","0","1","0","8","38","5","6","0","2","0","0","0","1","29","6","8","2","3","0","3","0","2","20","2","3","0","0","0","0","0","0"
"s25","voters","CO41634","901","438","264","46","2","12","4","0","6","0","129","405","496","202","93","61","25","3","7","1","1","2","0","2","2","1","0","3","0","1","5","0","0","6","6","2","3","5","7","1","1","16","7","8","4","0","9","28","18","25","29","65","3","27","41","38","41","43","71","2","8","8","18","23","27","46","1","5","10","15","26","35","40","2","6","18","10","9","13","10","2","9","16","11","5","6","12","0","4","6","2","6","2","11","0","8","4","5","5","7","10","226","75","48","21","24","2","2","1","39","151","46","26","7","2","0","1","2","29","69","21","14","9","4","2","2","0","8","44","11","10","0","0","0","2","0","3"
"s25","voters","CO41655","63","39","10","5","1","2","0","0","0","0","6","32","31","13","2","4","1","0","0","0","0","0","0","0","0","0","0","0","0","0","0","0","0","0","0","0","0","0","0","0","0","0","0","0","0","0","1","3","3","3","3","4","0","5","6","3","1","3","4","0","0","2","1","2","1","1","0","0","0","0","1","0","2","0","2","0","0","1","0","0","0","0","0","2","0","0","1","0","0","0","1","2","1","1","0","1","0","0","1","1","0","24","11","2","1","0","0","0","0","1","8","2","0","0","0","0","0","0","0","5","1","0","0","0","0","0","0","0","8","0","0","0","0","0","0","0","0"
"s25","voters","FO11359","1497","697","464","76","8","14","6","0","6","0","226","684","813","217","161","80","43","8","9","3","2","0","0","3","0","1","4","1","1","7","4","6","1","20","6","3","1","5","0","0","0","21","9","8","1","4","35","35","30","56","66","57","5","63","38","73","84","69","82","4","23","21","41","63","46","38","2","20","16","57","60","38","35","4","15","12","27","25","15","11","7","13","21","20","21","17","18","0","12","6","11","10","12","5","0","7","10","9","10","12","6","368","119","106","28","15","1","18","2","40","249","74","70","11","6","2","5","4","43","129","29","21","22","3","3","3","3","13","69","17","15","4","1","1","2","0","1"
"s25","voters","FO11361","481","239","131","26","1","3","4","0","3","0","74","211","270","113","49","29","13","1","5","0","0","1","0","0","0","1","0","0","0","10","4","5","0","1","1","1","2","0","2","0","0","2","2","4","2","1","10","14","12","23","24","14","3","18","19","16","27","30","28","1","5","9","9","17","10","18","1","3","7","12","17","10","12","0","4","8","8","8","0","2","1","12","8","4","10","3","6","1","1","1","2","2","3","4","1","5","4","7","3","2","1","139","37","25","6","6","2","8","0","16","77","18","15","1","3","0","5","1","11","48","7","5","3","4","1","1","0","5","24","5","5","1","2","0","0","0","0"
"s25","voters","FO11362","2763","1328","837","140","8","18","22","0","7","0","403","1237","1526","505","280","154","70","13","26","12","2","2","5","3","1","6","4","0","0","20","10","17","0","8","1","6","1","8","10","4","2","32","29","6","6","7","63","67","61","96","115","123","6","102","120","113","154","140","161","1","31","31","56","94","106","92","4","29","39","61","108","103","82","5","35","34","37","40","29","17","5","32","27","34","56","26","26","0","8","15","11","23","21","19","0","25","13","17","21","11","11","767","208","144","55","42","3","9","5","95","470","137","94","27","21","4","4","10","70","225","59","51","17","16","2","8","3","22","131","31","15","7","3","0","3","1","4"
"s25","voters","FO11364","838","431","199","34","2","11","6","0","0","0","155","361","477","145","67","74","24","8","1","2","0","2","4","2","0","0","1","0","0","7","6","8","0","4","4","0","0","0","0","1","0","20","15","13","1","3","16","18","18","35","30","33","7","41","37","33","65","48","47","1","13","7","19","27","20","13","0","4","11","18","25","20","21","4","12","9","13","21","8","12","5","13","9","14","12","13","10","0","6","6","4","7","3","3","0","4","4","2","6","5","3","257","72","49","15","10","2","7","1","18","110","36","27","7","2","3","4","0","10","93","21","13","10","2","2","1","0","13","35","14","4","0","0","0","0","0","0"
"s25","voters","FO11365","279","155","58","10","1","4","4","0","3","0","44","130","149","112","32","37","16","0","0","1","0","0","0","0","0","0","0","0","0","0","0","0","0","0","0","0","1","0","1","0","0","3","1","0","0","0","14","15","10","8","11","11","1","7","20","14","18","9","17","1","2","4","7","3","3","7","1","2","6","6","3","5","8","1","2","4","4","3","4","4","2","3","3","2","5","4","3","0","3","3","2","1","1","2","0","4","1","2","1","0","2","83","23","19","10","11","1","4","1","3","35","14","5","1","2","0","0","0","1","17","3","6","4","5","2","2","2","3","11","1","3","0","3","0","0","4","0"
"s25","voters","FO11621","646","260","258","22","2","6","5","0","1","0","92","307","339","104","70","29","13","2","0","0","0","0","2","0","0","0","0","0","0","5","1","5","1","4","2","1","0","2","3","2","1","5","7","6","2","1","17","6","15","32","20","16","0","18","21","22","43","25","24","3","13","8","28","51","20","12","3","9","8","30","48","15","10","0","6","6","7","12","10","4","4","7","1","7","16","7","5","0","7","2","3","4","4","0","0","2","4","2","5","2","1","136","42","36","10","10","2","3","3","18","130","55","30","13","4","2","3","4","17","45","13","12","9","1","0","3","2","7","17","7","9","0","3","0","0","0","0"
"s25","voters","FO11622","1002","451","356","33","4","7","10","0","4","0","137","450","552","165","120","36","17","6","9","4","0","4","0","1","0","1","0","1","0","0","0","5","1","8","0","2","0","4","0","2","0","5","11","4","1","1","17","23","24","36","28","39","3","27","24","49","46","71","63","3","17","14","33","34","47","31","2","13","8","33","42","45","34","3","9","10","15","16","12","7","1","9","10","18","14","5","8","1","3","5","5","5","8","4","0","6","3","4","4","6","4","228","86","58","13","18","4","1","0","43","184","54","52","5","10","0","7","6","38","73","14","21","9","10","2","0","1","7","39","10","6","2","1","0","0","0","0"
"s25","voters","FO11623","328","131","123","16","0","4","2","0","1","0","51","150","178","30","21","10","7","0","2","1","0","0","0","0","0","0","0","0","0","0","1","1","0","3","4","1","0","0","0","0","0","5","1","2","0","0","7","4","7","9","13","11","2","15","7","13","12","14","17","0","6","4","12","22","9","13","0","2","2","11","15","12","15","0","3","2","3","5","5","4","0","5","3","10","8","2","1","0","1","1","3","2","3","1","0","3","0","2","4","2","1","76","24","12","5","4","0","2","2","6","69","20","11","8","2","2","1","1","9","27","10","7","2","2","0","1","0","2","10","6","5","1","0","0","0","0","1"
"s25","voters","FO11624","989","417","373","45","3","12","7","0","4","3","125","476","513","112","81","41","11","12","7","2","0","0","5","2","0","1","0","0","0","2","1","1","0","4","5","2","0","1","4","3","0","10","10","2","0","0","20","17","23","30","33","60","3","30","28","27","37","52","57","3","14","12","34","48","35","42","1","14","18","32","48","35","37","2","13","13","7","12","13","5","0","6","10","9","18","10","7","0","6","4","6","3","12","9","0","7","7","5","5","5","5","224","75","45","11","14","2","6","5","35","194","65","52","15","8","0","6","0","33","67","19","16","7","4","1","0","3","8","49","13","7","1","1","0","1","0","2"
"s25","voters","FO11625","11","1","7","0","0","0","0","0","0","0","3","3","8","1","0","2","0","0","0","0","0","0","0","0","0","0","0","0","0","0","0","0","0","0","0","0","0","0","1","0","0","0","0","0","0","0","0","0","0","0","0","0","0","0","0","0","1","0","0","0","0","0","0","1","0","1","0","0","0","1","0","2","2","0","0","0","0","1","0","0","0","0","1","0","1","0","0","0","0","0","0","0","0","0","0","0","0","0","0","0","0","0","0","0","0","1","0","0","0","0","5","1","0","0","0","0","0","0","1","2","0","1","0","0","0","0","0","0","0","0","0","0","0","0","0","0","0"
"s25","voters","FO11626","1719","906","462","69","2","11","12","0","5","1","251","759","960","344","171","89","40","7","4","1","2","1","1","2","0","0","3","1","0","10","12","9","1","11","2","1","0","7","4","4","1","23","27","10","2","2","31","47","41","57","68","111","3","56","72","71","82","110","155","2","13","21","35","45","50","69","0","12","10","34","40","57","74","5","15","21","22","17","15","25","3","15","17","25","19","26","26","2","3","4","3","12","14","9","1","8","11","10","5","13","5","460","168","109","29","28","3","11","6","92","266","69","47","14","16","1","3","2","44","129","47","29","17","6","0","3","2","18","62","20","9","4","1","1","2","1","0"
"s25","voters","FO11627","2018","1001","587","83","3","19","21","0","13","0","291","908","1110","376","221","111","46","15","6","4","0","0","0","1","0","2","2","1","1","11","7","11","1","12","4","5","1","12","6","7","2","35","32","8","4","4","39","63","46","68","98","98","5","64","91","84","96","110","135","5","15","26","44","56","69","55","3","18","26","70","63","78","59","2","24","21","28","24","22","25","8","25","16","25","31","18","22","1","7","9","14","16","15","14","1","13","8","12","8","13","8","527","179","134","36","23","4","12","8","78","349","77","70","16","17","4","5","3","46","150","50","42","21","7","2","1","1","17","85","22","22","2","5","0","0","1","2"
"s25","voters","FO11628","216","92","84","16","0","0","0","0","0","0","24","104","112","38","25","9","3","0","2","0","0","2","1","1","0","0","0","0","0","0","1","0","0","2","1","0","1","2","1","0","0","3","4","3","0","0","4","10","12","8","6","5","1","7","8","9","8","9","5","1","2","6","9","12","4","6","1","2","6","14","9","3","9","0","4","0","3","5","0","1","1","0","1","3","3","1","2","0","0","0","0","2","4","0","0","0","2","1","4","1","2","85","3","1","0","2","0","0","0","1","66","8","3","3","1","0","0","1","2","23","1","0","0","0","0","0","0","0","15","0","0","0","0","0","0","0","1"
"s25","voters","FO11629","2504","1339","631","86","7","26","12","0","11","0","392","1112","1392","647","268","177","54","10","17","7","4","1","4","0","0","1","0","0","0","9","8","13","2","10","3","10","2","5","6","2","0","34","23","22","0","3","49","64","66","94","121","139","9","82","125","96","151","142","198","0","28","40","51","81","61","73","0","27","28","44","59","67","72","5","29","31","32","37","25","21","7","34","36","35","50","26","24","0","5","10","13","12","13","9","3","17","6","15","13","12","14","745","216","168","56","36","5","21","3","89","342","85","88","18","20","3","10","7","58","215","68","46","22","17","5","4","1","14","84","25","17","8","1","0","1","1","5"
"s25","voters","FO11915","73","43","15","3","1","0","0","0","1","1","9","36","37","23","7","4","3","0","0","0","0","0","0","0","0","0","0","0","0","0","1","1","0","0","0","0","0","0","0","0","0","1","0","0","0","0","5","4","3","2","4","1","0","4","10","3","2","2","3","0","1","1","0","1","3","1","0","0","1","2","1","2","2","0","1","0","1","1","1","2","0","1","0","0","2","0","0","0","0","1","0","0","1","2","0","0","1","0","0","0","1","30","3","6","0","1","0","0","0","3","10","2","1","0","0","0","0","1","1","4","1","2","1","1","0","0","0","0","1","4","0","0","0","0","0","0","1"
"s25","voters","FO11916","223","123","50","2","0","3","2","0","0","0","43","89","134","80","24","33","4","1","2","1","0","0","0","0","0","0","0","0","0","0","0","0","0","0","1","0","0","0","0","0","0","0","3","1","0","0","3","7","7","5","6","17","0","9","22","5","7","8","27","0","3","2","2","4","2","8","0","3","4","5","4","6","7","0","5","6","2","3","3","2","0","7","5","2","1","1","6","0","1","0","1","0","0","0","0","0","1","1","1","2","0","89","11","13","1","2","0","0","0","7","28","8","5","1","2","0","0","0","6","32","6","2","1","1","0","0","0","1","4","2","1","0","0","0","0","0","0"
"s25","voters","FO11917","32","23","2","1","0","1","1","0","0","0","4","10","22","15","1","3","1","0","0","0","0","0","0","0","0","0","0","0","0","0","0","0","0","0","0","0","0","0","0","0","0","0","0","0","0","0","0","2","0","1","1","4","0","2","4","3","0","4","2","0","0","0","0","0","0","0","0","1","1","0","0","0","0","0","1","1","0","0","0","0","0","0","1","0","0","0","1","0","0","0","0","0","0","0","0","0","1","1","0","1","0","13","3","3","1","1","0","1","0","1","2","0","0","0","0","0","0","0","0","3","0","1","0","0","0","0","0","0","0","1","2","0","0","0","0","0","0"
"s25","voters","FO21209","2","0","2","0","0","0","0","0","0","0","0","2","0","0","2","0","0","0","0","0","0","0","0","0","0","0","0","0","0","0","0","0","0","0","0","0","0","0","0","0","0","0","0","0","0","0","0","0","0","0","0","0","0","0","0","0","0","0","0","0","0","0","0","0","1","1","0","0","0","0","0","0","0","0","0","0","0","0","0","0","0","0","0","0","0","0","0","0","0","0","0","0","0","0","0","0","0","0","0","0","0","0","0","0","0","0","0","0","0","0","0","0","0","0","0","0","0","0","2","0","0","0","0","0","0","0","0","0","0","0","0","0","0","0","0","0","0"
"s25","voters","FO21363","504","236","144","27","2","6","4","0","1","0","84","238","266","97","46","25","11","1","1","1","0","1","2","1","0","3","0","0","0","0","0","3","0","1","1","1","1","1","0","1","0","6","3","2","1","2","16","9","13","25","17","19","2","15","19","16","33","24","26","2","3","4","14","24","12","7","0","8","4","13","23","12","18","1","8","8","9","8","8","4","2","9","3","8","11","3","2","0","2","5","6","1","7","4","0","5","1","3","1","2","3","130","51","26","9","2","0","3","1","14","81","23","21","4","9","0","1","0","5","44","16","9","4","5","0","1","0","5","25","6","5","1","1","0","0","0","2"
"s25","voters","FO21366","2331","1162","644","103","8","18","15","0","13","0","368","1052","1279","427","231","147","54","21","14","6","0","13","5","4","0","7","3","1","0","21","14","15","2","11","1","12","3","11","12","4","2","37","28","17","7","4","51","66","70","101","83","90","8","74","106","99","134","116","160","5","19","39","49","94","54","64","1","21","32","63","80","56","67","5","29","32","39","31","24","24","1","37","24","38","45","20","19","0","20","11","10","15","12","11","0","14","16","12","16","9","11","697","221","110","30","32","4","12","7","49","382","114","72","17","14","2","7","7","29","210","60","45","26","12","2","2","0","11","97","42","13","2","2","0","0","0","1"
"s25","voters","FO21367","641","315","215","17","0","4","4","0","0","0","86","282","359","104","73","21","8","5","10","1","0","3","0","0","0","0","2","0","0","7","3","2","0","7","6","5","0","5","2","0","0","6","3","4","0","1","12","13","26","26","23","16","2","21","31","34","55","28","27","2","13","8","23","26","11","19","0","8","8","27","31","22","17","2","6","7","9","12","8","6","0","6","6","7","7","7","3","0","1","3","2","1","5","1","0","2","2","3","1","2","2","213","61","25","3","2","2","2","1","6","136","44","24","2","3","2","1","0","3","55","16","9","3","2","0","0","0","1","21","3","1","0","0","0","0","0","0"
"s25","voters","FO21368","486","277","108","17","3","4","5","0","4","0","68","193","293","79","42","19","8","6","6","1","0","1","0","1","0","0","0","0","0","4","1","5","1","2","0","0","3","2","2","1","0","14","7","8","0","1","7","17","25","15","12","16","3","19","36","38","36","20","32","0","2","8","11","10","13","3","0","2","8","11","18","10","12","1","3","10","7","4","6","3","1","3","5","9","6","6","4","0","0","3","5","5","6","0","0","1","3","2","2","4","2","191","47","17","4","8","0","3","3","4","79","14","6","5","2","0","1","0","1","49","9","2","2","2","0","0","0","4","26","7","0","0","0","0","0","0","0"
"s25","voters","FO21369","1487","783","407","58","2","7","14","0","4","0","212","651","836","251","169","74","27","10","7","1","2","3","0","4","1","1","0","1","0","11","4","7","1","12","4","7","1","10","1","2","1","33","25","12","2","2","32","64","71","55","41","42","4","43","98","96","91","67","77","0","9","30","60","42","28","25","2","21","36","50","44","29","31","0","11","22","31","23","7","11","4","12","31","24","19","7","10","1","1","6","16","10","8","3","1","6","4","14","7","4","4","556","158","55","8","2","1","0","0","3","282","76","45","1","2","0","0","0","1","156","28","21","2","2","0","0","0","3","66","14","5","0","0","0","0","0","0"
"s25","voters","FO21370","38","23","8","1","0","0","1","0","0","0","5","17","21","10","6","2","0","4","0","0","0","0","0","0","0","0","0","0","0","0","0","0","0","0","0","1","0","0","0","0","0","1","2","0","0","0","1","3","2","2","2","0","0","1","3","3","3","2","1","0","0","1","1","1","0","0","0","0","0","3","1","0","1","0","0","1","0","1","1","0","0","1","0","0","1","0","0","0","0","0","0","0","1","0","0","1","0","0","0","0","0","14","9","0","0","0","0","0","0","0","6","2","0","0","0","0","0","0","0","4","1","0","0","0","0","0","0","0","0","2","0","0","0","0","0","0","0"
"s25","voters","FO21371","1719","948","406","65","7","12","12","0","5","0","264","753","966","430","218","125","43","7","9","3","0","0","0","0","0","2","1","1","0","10","7","8","1","12","2","6","1","3","7","5","0","29","19","12","1","4","36","43","42","69","85","92","8","63","73","94","110","101","128","1","18","20","40","56","31","40","2","14","24","36","45","37","42","4","22","23","19","23","18","23","4","15","33","28","25","9","18","0","5","1","11","14","5","8","0","9","11","5","8","13","11","556","163","108","36","21","3","10","5","46","242","61","46","15","7","2","4","2","27","151","50","21","19","12","4","1","1","5","67","21","9","2","0","0","1","0","1"
"s25","voters","FO21374","1192","655","306","38","4","13","7","0","2","0","167","506","686","278","130","71","26","8","9","2","2","0","1","1","0","1","0","0","0","8","8","5","0","13","6","6","0","2","2","1","0","28","10","12","3","4","26","23","37","53","47","62","1","46","60","64","79","69","84","0","14","8","31","40","35","24","2","12","13","33","40","30","24","2","6","15","16","17","10","12","4","13","17","18","19","11","7","0","3","3","4","5","4","5","2","3","6","10","8","5","6","356","96","82","26","25","3","11","7","49","184","49","34","7","11","1","2","4","14","94","17","15","18","13","2","0","0","8","34","16","10","3","1","0","0","0","0"
"s25","voters","FO21375","323","170","95","11","1","3","0","0","0","0","43","136","187","64","38","20","5","0","6","0","0","0","0","0","0","0","0","0","0","0","3","2","1","4","1","1","0","2","0","0","0","4","0","0","0","0","6","16","13","12","8","7","0","17","23","19","21","12","16","0","3","7","10","10","13","5","0","1","13","11","8","10","4","0","0","4","1","4","2","4","0","7","4","3","6","5","3","0","1","2","3","3","1","1","0","1","0","0","1","1","1","103","42","16","6","2","1","0","0","0","52","17","11","8","6","0","1","0","0","24","8","5","6","0","0","0","0","0","8","5","2","0","0","0","0","0","0"
"s25","voters","FO21376","628","370","152","20","2","5","5","0","1","0","73","262","366","202","75","37","15","0","3","1","0","0","0","0","0","1","2","0","0","3","0","0","1","3","2","0","0","0","0","0","1","3","4","1","0","3","10","25","19","24","23","34","1","24","40","34","32","37","64","0","7","6","13","13","14","18","1","3","9","22","12","14","20","0","8","7","3","7","9","5","0","2","10","10","7","3","2","0","3","2","5","2","1","1","0","2","1","6","7","0","3","220","54","38","14","17","4","4","0","19","85","21","24","3","2","0","3","1","13","39","9","6","9","4","0","1","0","5","23","7","1","1","0","1","0","0","0"
"s25","voters","FO21630","1635","983","309","63","7","15","5","0","8","1","244","714","921","631","164","162","57","5","8","2","2","4","2","0","0","0","0","0","0","3","0","2","1","3","1","1","0","2","3","2","2","12","9","4","3","8","45","55","54","45","82","92","12","103","101","82","86","87","131","2","13","23","30","34","38","31","0","12","17","16","28","23","42","3","21","35","18","8","13","16","4","26","29","22","20","13","16","1","5","12","10","7","6","7","2","6","9","14","10","6","4","533","146","126","31","39","10","20","2","76","172","53","47","3","10","0","1","2","21","139","26","28","17","13","6","2","1","12","52","26","11","5","0","0","1","0","4"
"s25","voters","FO21631","1918","1078","367","94","10","10","27","0","2","0","330","825","1093","701","194","205","88","8","6","3","3","0","0","1","0","0","0","0","0","8","7","2","1","7","2","5","0","2","2","2","1","15","11","14","1","9","44","71","60","61","77","113","11","87","110","83","88","113","151","1","22","26","31","23","38","47","2","16","23","30","28","48","32","1","17","24","28","22","18","20","1","35","45","39","25","32","23","0","12","14","13","12","13","8","2","25","11","12","9","2","10","569","206","127","47","25","4","15","7","78","232","51","30","10","15","0","3","2","24","194","39","39","25","7","1","4","2","19","97","23","14","4","4","0","0","0","1"
"s25","voters","FO21632","568","323","108","18","3","5","7","0","3","0","101","242","326","237","60","61","24","0","2","0","0","0","0","0","0","1","0","0","0","1","0","0","0","2","0","1","0","1","1","0","0","6","3","3","0","2","13","16","18","19","27","28","1","41","34","25","28","33","38","0","7","6","11","10","8","17","0","5","4","10","9","5","16","2","3","12","6","7","6","7","3","10","14","10","11","6","4","0","4","3","3","3","3","1","0","3","4","1","2","5","4","168","65","42","4","16","0","3","3","22","66","14","14","1","5","0","1","0","7","49","12","11","15","6","3","1","1","3","18","7","7","1","0","0","1","1","1"
"s25","voters","FO21919","585","342","115","20","6","3","5","0","1","0","93","252","333","193","69","63","22","3","4","0","2","0","0","0","0","0","0","0","0","0","0","0","0","3","0","0","0","1","1","0","0","8","0","2","0","3","20","26","14","17","22","30","2","39","42","29","23","35","40","0","7","3","10","9","13","14","0","3","10","8","11","8","19","0","8","7","6","7","6","7","1","10","12","9","3","11","6","0","2","9","3","3","2","4","0","3","4","0","1","1","3","196","60","44","7","16","1","3","1","14","71","18","15","1","4","0","0","0","6","60","4","12","7","3","1","0","0","6","25","2","2","1","2","0","0","1","2"
"s25","voters","FO21920","104","75","9","2","0","0","1","0","0","0","17","47","57","57","2","13","3","1","0","0","0","0","0","0","0","0","0","0","0","0","0","0","0","0","0","0","0","0","0","0","0","0","0","0","0","0","3","5","2","4","8","10","0","7","6","8","5","5","12","0","2","2","0","0","1","1","0","1","0","0","1","0","1","0","1","2","3","2","0","0","0","3","2","0","1","1","2","0","0","1","0","0","0","0","0","0","0","2","0","0","0","37","11","11","1","3","1","0","2","9","5","0","2","0","1","0","0","0","1","10","2","1","2","0","0","0","0","2","2","0","1","0","0","0","0","0","0"
"s25","voters","FO31906","1819","1035","329","86","7","19","14","0","11","0","318","791","1028","545","184","193","71","5","9","0","0","2","0","1","0","2","3","1","1","5","0","1","0","3","1","1","0","9","3","3","1","32","11","13","3","3","44","72","49","46","111","79","4","81","123","74","102","139","108","1","15","28","25","33","37","39","1","5","18","20","34","41","32","5","19","38","21","22","17","21","6","29","32","26","31","30","21","0","5","14","9","10","16","12","0","14","16","11","9","12","9","560","177","125","38","43","5","15","9","63","187","67","28","12","8","1","1","1","24","173","36","47","18","11","7","8","4","14","79","27","18","2","2","2","2","1","4"
"s25","voters","FO31907","931","547","200","36","3","8","5","0","3","0","129","399","532","282","95","68","23","5","3","0","0","0","0","0","0","2","0","0","0","2","3","2","0","1","3","1","0","2","1","2","1","6","7","8","2","6","20","24","30","35","49","46","3","50","54","51","51","57","71","0","11","10","19","19","27","19","1","5","7","21","17","25","19","1","8","11","10","14","4","8","1","6","14","16","13","15","8","1","2","4","9","6","4","2","1","7","5","2","5","3","4","286","89","76","19","20","7","10","2","38","126","20","23","9","5","1","6","0","10","75","17","10","11","7","3","0","2","4","38","7","5","3","2","0","0","0","0"
"s25","voters","FO31921","1376","845","234","36","2","19","5","0","4","0","231","579","797","583","132","156","35","3","4","0","1","1","1","0","0","0","0","0","0","2","0","2","0","0","0","2","0","0","0","0","0","24","5","8","0","7","36","48","40","43","69","83","10","102","104","81","62","63","97","2","7","19","25","17","23","28","0","5","11","17","13","27","40","4","12","24","9","8","22","15","1","32","41","17","13","15","18","1","10","9","6","4","2","6","0","7","2","2","8","4","5","461","150","110","30","29","6","6","5","48","132","36","35","7","7","0","0","3","14","135","24","29","14","16","4","2","0","7","35","13","10","4","0","0","2","1","1"
"s25","voters","FO31922","382","202","85","14","3","4","4","0","3","0","67","169","213","129","48","32","18","0","2","0","0","1","0","0","0","0","0","0","0","0","0","0","0","0","1","1","0","0","1","0","0","4","1","1","0","0","8","8","13","13","18","22","2","22","17","15","22","18","24","0","3","8","9","5","7","9","1","3","3","13","5","10","9","0","4","6","4","9","6","2","1","6","9","7","6","5","2","1","3","2","5","2","1","1","1","3","0","3","4","0","2","95","33","38","6","7","3","4","2","14","57","10","6","3","1","1","2","1","4","35","13","8","3","1","1","3","0","3","21","2","4","0","0","1","0","0","0"
"s25","voters","FO31923","173","93","42","5","0","2","1","0","1","0","29","83","90","72","23","21","6","1","0","1","0","0","0","0","0","0","0","0","0","0","0","0","1","0","0","0","0","0","0","0","0","0","0","1","0","1","6","5","3","6","11","10","2","12","6","5","8","7","11","0","1","4","1","4","8","8","0","1","0","4","2","4","5","0","0","2","3","2","1","2","0","5","5","3","4","2","0","0","1","1","0","0","1","2","0","1","0","2","0","1","0","52","16","9","4","4","0","0","1","7","29","4","4","2","0","0","0","0","3","20","3","2","0","0","0","2","0","2","5","3","1","0","0","0","0","0","0"
"s25","voters","FO31924","1162","689","223","30","10","7","6","0","4","0","193","496","666","506","108","134","38","4","5","1","1","0","0","0","0","1","0","1","0","4","2","1","0","3","0","1","0","0","0","0","0","6","3","5","1","0","31","42","33","22","47","85","5","73","89","56","51","64","91","0","9","14","15","9","21","40","1","6","14","19","18","17","40","4","22","29","15","8","12","9","1","16","24","20","7","14","12","0","7","5","0","6","5","6","1","6","5","3","3","4","6","363","115","93","24","22","4","9","4","55","122","38","25","10","14","0","1","0","13","113","28","22","12","4","1","3","2","8","40","7","5","3","1","0","0","0","1"
"s25","voters","FO31925","18","12","1","0","0","1","2","0","0","0","2","9","9","7","1","2","2","0","0","0","0","0","0","0","0","0","0","0","0","0","0","0","0","0","0","0","0","0","0","0","0","0","0","0","0","0","0","2","0","0","1","2","0","1","0","2","2","1","1","0","0","0","0","0","0","1","0","0","0","0","0","0","0","0","0","1","0","1","0","0","0","0","0","0","0","0","0","0","0","0","1","0","0","0","0","1","0","0","1","0","0","6","1","3","1","0","0","0","0","1","0","0","1","0","0","0","0","0","0","1","0","0","0","0","0","1","0","0","1","1","0","1","0","0","0","0","0"
"s25","voters","FO31926","36","22","12","0","1","0","0","0","0","0","1","17","19","18","7","1","1","0","0","0","0","0","0","0","0","0","0","0","0","0","0","0","0","0","0","0","0","0","0","0","0","0","0","0","0","0","2","0","1","2","2","1","0","3","2","2","1","3","3","1","0","0","0","0","1","5","0","0","1","1","1","1","1","0","0","0","1","0","0","0","0","0","0","0","0","0","0","0","1","0","0","0","0","0","0","0","0","0","0","0","0","10","7","1","0","0","1","0","0","3","8","0","2","1","0","0","0","0","1","0","0","1","0","0","0","0","0","0","1","0","0","0","0","0","0","0","0"
"s25","voters","FO31927","426","268","62","11","2","1","4","0","2","0","76","166","260","161","34","47","11","1","2","0","0","0","0","0","0","0","0","0","0","2","2","1","0","1","0","0","0","0","0","0","0","3","2","2","0","2","19","21","11","9","17","15","7","44","38","19","30","20","16","1","4","4","9","4","3","0","0","1","11","4","7","5","9","2","6","11","9","5","3","3","0","15","9","5","5","0","3","0","3","2","1","1","1","0","0","5","2","4","0","1","0","171","39","35","4","9","0","1","1","8","38","13","7","0","2","0","1","0","1","47","12","9","2","3","2","0","0","1","12","5","1","0","1","0","1","0","0"
"s25","voters","FO31928","497","284","97","24","5","3","6","0","2","0","76","214","283","195","51","49","21","0","0","0","0","2","0","0","0","0","0","0","0","1","3","1","0","1","0","2","0","0","0","0","0","1","0","0","0","0","9","15","12","15","22","39","3","24","29","30","20","26","40","0","4","2","10","4","8","14","0","4","3","9","4","16","19","0","10","10","5","3","4","7","1","5","5","8","4","8","6","0","3","3","7","4","3","1","1","1","5","3","4","2","3","145","50","40","5","10","5","3","1","25","58","14","11","3","3","0","0","0","8","36","12","8","8","3","1","2","0","6","23","12","4","0","0","0","1","0","0"
"s25","voters","FO31929","91","62","5","5","1","0","0","0","0","0","18","28","63","33","3","11","2","0","0","0","0","0","0","0","0","0","0","1","1","0","0","0","0","1","0","0","0","0","0","0","0","0","1","1","0","0","1","6","6","3","1","3","0","4","9","11","6","7","5","0","0","0","0","0","1","0","0","1","2","0","1","0","0","0","1","2","0","0","2","0","0","6","3","4","0","0","0","0","0","0","0","0","2","0","0","0","1","1","1","1","0","36","13","8","1","1","0","0","0","3","5","0","0","0","0","0","0","0","0","15","1","2","0","0","0","0","0","0","6","0","0","0","0","0","0","0","0"
"s25","voters","FO31930","19","12","4","0","0","0","0","0","0","0","3","4","15","12","3","3","0","0","0","0","0","0","0","0","0","0","0","0","0","0","0","0","0","0","0","0","0","0","0","0","0","0","0","0","0","0","0","0","0","0","2","0","0","1","6","1","1","0","1","0","1","0","0","0","0","0","0","0","1","0","0","2","0","0","0","1","0","0","0","0","0","0","2","0","0","0","0","0","0","0","0","0","0","0","0","0","0","0","0","0","0","3","6","1","0","1","0","0","0","1","3","0","1","0","0","0","0","0","0","2","0","0","0","1","0","0","0","0","0","0","0","0","0","0","0","0","0"
"s25","voters","FO31980","1910","1092","444","60","7","11","17","0","8","1","270","874","1036","699","258","176","61","7","3","0","0","0","1","1","0","3","1","0","1","1","4","3","0","11","0","1","1","4","3","2","1","12","6","1","0","3","52","66","42","60","114","104","10","103","127","90","83","122","116","4","26","36","41","44","49","47","2","15","21","32","42","40","45","1","19","30","23","21","23","22","4","14","27","23","22","23","18","1","9","4","8","8","9","8","0","11","10","13","7","8","8","555","192","148","35","37","9","19","2","95","271","70","43","11","8","2","3","2","34","141","42","35","10","14","4","5","6","13","72","14","11","1","0","0","0","2","4"
"s25","voters","FO31981","1586","941","317","49","10","16","5","0","5","0","243","688","898","586","173","150","47","12","4","3","4","2","0","1","0","3","1","0","0","1","3","2","0","8","0","2","0","4","0","0","0","16","2","6","1","5","36","70","51","41","76","88","9","75","101","90","80","104","115","1","13","27","20","30","45","33","1","6","14","20","35","40","32","1","33","21","22","15","13","12","1","29","26","21","21","18","10","0","5","8","9","6","6","1","1","10","10","7","13","6","3","475","193","121","32","35","7","13","5","60","179","61","34","8","8","0","5","2","20","141","31","36","15","7","3","0","1","9","45","25","8","0","3","1","0","0","3"
"s25","voters","FO41633","861","512","172","34","0","4","5","0","4","0","130","386","475","354","83","92","33","1","1","0","0","0","0","0","0","1","1","0","3","1","2","2","0","0","1","0","0","0","0","0","0","5","2","2","0","3","20","40","31","21","50","53","3","50","60","36","35","45","65","1","3","11","14","12","16","26","0","5","15","11","13","17","28","1","9","16","14","9","7","5","2","11","12","6","11","13","14","1","5","2","2","5","5","4","0","4","4","2","5","3","5","276","86","70","13","19","3","5","3","37","112","31","13","3","3","1","1","0","8","67","20","10","11","10","4","3","0","5","31","7","3","1","2","1","0","0","2"
"s25","voters","FO41908","2","2","0","0","0","0","0","0","0","0","0","0","2","2","0","0","0","0","0","0","0","0","0","0","0","0","0","0","0","0","0","0","0","0","0","0","0","0","0","0","0","0","0","0","0","0","0","0","0","0","0","0","0","1","0","0","0","1","0","0","0","0","0","0","0","0","0","0","0","0","0","0","0","0","0","0","0","0","0","0","0","0","0","0","0","0","0","0","0","0","0","0","0","0","0","0","0","0","0","0","0","1","0","1","0","0","0","0","0","0","0","0","0","0","0","0","0","0","0","0","0","0","0","0","0","0","0","0","0","0","0","0","0","0","0","0","0"
"s25","voters","FO41909","558","312","117","13","6","5","7","0","5","0","93","244","314","214","51","56","22","1","0","1","1","0","2","0","0","0","0","0","0","0","1","0","0","2","3","0","1","0","0","0","0","4","2","1","0","4","13","24","7","8","22","43","4","31","30","24","21","41","40","0","7","13","8","4","16","15","0","3","7","4","10","8","22","0","11","8","6","3","8","8","2","13","10","7","3","8","6","0","2","1","1","5","6","1","0","5","2","5","0","7","1","172","46","40","10","11","0","3","2","28","72","23","9","4","3","0","1","1","4","61","9","13","3","2","1","2","0","2","23","3","5","3","1","0","0","1","0"
"s25","voters","FO41910","1329","745","284","66","5","12","3","0","3","0","211","610","719","429","135","119","47","6","2","2","2","0","0","2","0","0","0","0","0","0","2","5","0","7","1","7","0","6","6","4","0","23","17","3","2","4","51","38","32","46","77","73","1","59","60","45","71","101","87","3","12","15","27","30","29","32","1","9","10","21","32","39","24","0","15","22","7","20","23","10","1","20","17","20","19","17","20","1","2","8","4","13","7","9","2","6","9","6","7","8","7","380","125","93","35","18","4","13","8","69","157","41","36","12","9","1","7","0","21","101","43","28","8","10","3","7","5","6","53","19","11","1","2","1","1","0","1"
"s25","voters","FO41931","216","133","30","8","1","1","3","0","1","0","39","99","117","99","14","27","8","1","2","0","0","0","0","0","0","0","0","0","0","1","0","2","0","0","0","0","0","0","0","0","0","1","1","0","0","1","11","3","8","10","12","10","3","16","20","10","8","10","11","0","3","2","1","1","1","8","0","2","1","3","2","3","3","1","7","9","3","1","1","1","1","4","4","1","3","2","1","0","2","1","0","1","0","1","0","3","0","1","1","2","2","80","23","11","5","4","1","1","0","8","20","4","2","0","0","0","1","0","3","25","3","6","1","2","1","0","1","0","10","2","1","1","0","0","0","0","0"
"s25","voters","FO41932","411","265","58","11","0","2","1","0","5","0","69","156","255","148","24","39","9","5","1","0","0","0","0","0","0","0","0","0","0","1","0","1","0","1","1","1","1","0","0","0","0","2","2","2","0","2","15","14","10","14","12","30","4","16","28","16","17","21","66","1","4","3","4","2","4","11","0","1","1","4","3","8","12","0","4","5","3","1","4","7","0","12","8","8","3","3","11","0","1","1","0","2","0","2","0","1","1","3","2","0","6","134","59","37","9","7","2","1","1","15","33","10","7","1","5","1","0","0","1","43","9","10","3","1","1","1","0","1","12","1","1","4","0","0","0","0","1"
"s25","voters","FO41933","2311","1284","551","95","8","19","10","0","15","0","329","1056","1255","801","246","219","69","6","9","2","1","0","0","0","0","0","0","0","0","3","2","3","0","0","1","0","1","1","3","0","0","11","4","4","2","2","64","74","59","70","98","176","11","111","117","98","97","119","188","4","18","40","46","34","61","66","1","9","31","31","39","72","99","4","27","43","21","21","31","20","4","31","39","19","24","23","22","0","13","12","11","10","16","15","2","5","13","10","13","12","15","698","234","149","35","41","3","14","7","103","314","83","60","10","19","3","5","4","53","193","35","39","29","13","9","1","2","8","90","21","21","2","4","1","1","0","7"
"s25","voters","FO41934","2317","1350","471","82","20","16","16","0","8","0","354","978","1339","858","229","227","75","5","5","1","1","0","0","1","1","0","0","0","1","0","0","0","0","0","1","0","0","0","0","0","0","10","4","8","1","3","57","90","65","57","88","157","11","123","132","84","117","119","247","3","20","22","40","47","34","71","0","11","25","36","29","48","85","2","30","30","29","16","16","25","6","49","47","20","23","19","42","1","16","14","8","9","16","12","3","9","15","7","10","15","7","732","227","171","49","48","3","24","5","91","263","71","59","8","10","2","4","2","52","215","47","25","16","17","10","5","1","18","89","21","20","2","1","1","3","1","4"
"s25","voters","FO41935","729","431","125","30","4","11","2","0","3","0","123","332","397","290","69","84","25","2","0","0","0","1","0","0","0","0","0","0","0","0","3","0","0","0","0","0","0","0","0","0","0","3","0","1","0","5","22","28","19","18","39","51","3","38","53","28","22","40","65","0","8","4","9","14","11","23","0","3","3","10","6","12","22","0","9","22","9","4","5","8","1","11","19","15","6","10","4","0","7","4","4","1","4","4","0","10","4","2","3","4","3","234","80","51","15","10","2","6","3","30","78","21","12","5","4","0","2","1","2","63","16","15","9","8","1","5","0","6","35","9","2","0","2","0","1","1","0"
"s25","voters","FO41936","221","108","61","9","2","2","2","0","0","0","37","96","125","62","26","23","6","1","1","0","0","0","1","0","0","0","0","0","0","0","1","0","0","0","0","0","0","0","0","0","0","3","2","0","2","0","5","9","5","1","6","14","2","14","13","11","4","11","13","0","3","4","4","6","5","9","0","0","4","1","6","8","11","0","3","4","1","4","2","5","0","5","5","1","1","2","4","0","0","1","3","0","1","1","0","1","1","4","1","1","1","65","18","14","2","3","0","2","0","4","31","7","12","3","3","0","0","1","4","20","3","4","4","0","0","0","2","4","7","1","6","0","0","0","1","0","0"
"s25","voters","FO41937","348","194","93","14","2","3","1","0","0","1","40","160","188","128","38","21","17","0","5","0","0","0","0","0","0","3","0","0","0","1","0","0","0","1","2","0","0","0","0","1","0","1","2","0","0","1","7","14","6","7","20","22","0","14","25","12","17","25","24","0","3","3","6","8","12","15","0","2","3","4","6","15","16","0","7","6","3","1","4","4","1","0","2","2","3","3","4","0","2","3","0","3","2","1","0","1","3","2","2","1","1","83","36","28","5","10","4","3","3","22","52","16","7","3","2","0","0","0","13","10","8","7","3","3","1","3","1","4","14","3","1","1","1","0","0","0","1"
"s25","voters","FO41938","173","103","26","2","1","3","4","0","4","0","30","67","106","70","16","23","7","2","1","0","0","0","0","0","0","0","0","0","0","0","0","0","0","0","0","0","0","0","1","0","0","0","0","1","0","1","4","8","6","4","8","2","5","15","16","10","9","10","5","0","0","3","2","2","3","5","0","1","3","1","3","3","0","2","3","4","2","0","0","0","2","6","6","3","2","0","0","0","3","3","1","0","1","0","0","1","2","2","1","0","0","65","17","12","1","5","0","0","1","2","12","2","3","2","3","0","2","0","2","25","1","3","0","0","0","0","0","1","7","6","0","0","1","0","0","0","0"
"s25","voters","GRA1331","23","7","9","2","0","0","0","0","0","0","5","11","12","2","0","1","0","0","0","0","0","0","0","0","0","0","0","0","0","0","0","0","0","0","0","0","0","0","0","1","0","0","0","0","0","0","0","0","0","0","2","1","0","0","1","1","0","1","1","0","1","1","0","0","2","1","0","0","0","0","0","2","2","0","0","0","0","0","2","0","0","0","0","1","1","0","1","0","0","0","0","1","0","0","0","0","0","0","0","1","0","3","1","2","0","1","0","0","0","0","4","2","1","1","0","0","0","0","1","2","0","1","1","0","1","0","0","0","2","0","0","0","0","0","0","0","0"
"s25","voters","GRA1332","4","0","3","0","0","0","0","0","0","0","1","2","2","0","0","0","0","0","0","0","0","0","0","0","0","0","0","0","0","0","0","0","0","0","0","0","0","0","0","0","0","0","0","0","0","0","0","0","0","0","0","0","0","0","0","0","0","0","0","0","0","1","0","0","1","0","0","0","0","0","0","0","1","0","0","0","0","0","0","0","0","0","0","0","0","1","0","0","0","0","0","0","0","0","0","0","0","0","0","0","0","0","0","0","0","0","0","0","0","0","1","0","0","0","2","0","0","0","0","0","0","0","0","1","0","0","0","0","0","0","0","0","0","0","0","0","0"
"s25","voters","GRA1333","2061","834","766","122","3","21","18","0","5","0","292","935","1126","338","211","98","64","9","15","9","1","3","4","1","0","2","4","1","1","8","1","5","0","11","6","5","0","0","0","0","2","11","6","4","3","4","28","36","45","49","47","126","3","51","57","56","76","84","172","3","20","21","47","55","90","139","4","11","27","59","58","77","155","1","21","18","22","25","28","29","0","11","22","28","33","26","28","0","6","18","15","10","18","14","1","9","13","11","13","18","23","476","139","97","29","19","5","9","2","58","396","121","93","33","26","6","3","11","77","169","39","37","18","4","2","3","0","20","104","34","19","3","2","1","1","0","5"
"s25","voters","GRA1334","214","101","67","10","2","6","0","0","1","0","27","92","122","62","23","17","9","3","0","0","0","0","0","0","0","0","0","0","0","0","0","0","0","0","0","0","0","0","1","0","0","1","1","0","0","1","5","10","5","2","9","6","2","9","10","3","11","11","17","0","5","2","3","4","7","14","0","0","3","4","6","8","11","0","3","3","1","2","2","1","2","3","4","0","1","4","1","0","2","1","0","0","2","2","0","0","2","1","5","1","3","66","15","8","1","5","1","1","0","4","37","7","11","4","3","0","1","1","3","20","4","1","1","0","1","0","0","0","12","2","3","0","0","0","0","1","1"
"s25","voters","GRA1335","1794","740","687","90","6","14","16","0","6","0","235","803","991","315","175","100","39","14","16","5","6","0","1","0","1","8","2","0","0","1","4","1","1","6","3","4","0","1","0","0","1","5","11","3","1","5","16","48","41","32","41","106","5","37","56","59","67","74","153","1","17","22","42","58","79","121","3","16","36","48","59","74","111","4","10","24","24","19","16","23","2","18","13","24","15","20","23","0","8","6","9","8","9","14","1","9","15","16","13","7","17","405","118","96","29","15","3","8","4","62","375","83","89","18","19","4","8","6","85","123","37","28","18","11","1","3","1","13","75","24","16","6","4","0","1","2","4"
"s25","voters","GRA1738","29","10","12","2","0","0","2","0","0","0","3","14","15","7","2","2","1","0","0","0","0","0","0","0","0","0","0","0","0","0","1","0","0","0","0","0","0","0","0","0","0","0","0","0","0","0","1","0","0","0","1","2","0","0","2","0","2","0","2","0","1","1","1","0","0","2","0","0","1","3","1","0","2","0","0","0","1","1","0","0","0","0","0","0","1","0","0","0","0","0","1","1","0","1","0","0","0","0","0","1","0","4","3","0","1","0","0","0","0","2","8","1","1","1","0","0","0","0","1","1","0","1","1","0","0","0","0","0","3","0","1","0","0","0","0","0","0"
"s25","voters","HE11011","553","219","220","22","2","5","2","0","1","0","82","261","292","139","63","41","12","3","2","0","0","0","0","0","0","0","0","0","0","0","0","0","0","0","0","0","0","0","1","0","0","2","6","0","0","3","8","7","7","14","15","31","3","14","20","20","20","24","33","1","7","15","13","20","18","40","1","4","11","14","15","28","33","1","8","9","9","8","4","5","1","3","7","7","5","10","5","2","1","3","3","0","1","8","0","2","0","1","2","4","5","116","38","28","6","11","1","4","3","12","115","38","35","6","4","1","0","1","20","52","12","9","2","0","2","2","1","2","21","7","1","1","1","1","0","0","0"
"s25","voters","HE11012","1726","723","647","77","7","16","16","1","2","0","237","783","943","411","190","139","52","3","11","2","1","0","0","0","1","2","0","1","0","0","2","2","0","0","1","0","0","2","3","0","0","8","10","1","1","5","30","46","33","37","47","84","7","64","69","58","61","70","112","3","22","32","37","51","72","115","1","28","22","33","51","62","118","4","17","21","22","19","8","18","2","33","26","23","17","15","12","1","6","14","9","6","7","17","0","9","9","12","9","8","12","429","109","93","25","21","1","6","3","36","360","94","90","25","13","3","6","3","53","134","34","24","17","8","2","3","3","12","68","25","13","1","3","0","3","0","6"
"s25","voters","HE11013","690","316","213","38","5","8","3","0","1","0","106","283","407","170","72","57","17","1","1","4","2","0","0","0","1","0","2","1","0","0","0","0","0","1","1","0","0","0","0","0","0","4","4","0","0","4","11","17","15","16","23","21","4","31","39","24","37","34","40","2","9","12","8","21","21","37","1","3","8","19","18","18","36","1","9","7","6","7","9","3","1","16","18","7","13","4","5","2","0","3","1","5","4","9","0","8","5","4","5","7","2","208","45","27","9","8","1","1","2","15","122","29","27","5","2","0","6","1","21","71","12","7","5","6","0","0","2","3","31","13","5","2","2","0","2","0","0"
"s25","voters","HE11014","1039","440","351","56","4","7","13","0","3","0","165","448","591","261","111","89","34","1","11","1","0","0","0","0","0","0","0","0","0","1","0","2","1","0","1","0","0","4","0","0","0","7","1","5","0","1","20","16","26","18","30","56","10","53","55","25","37","45","48","1","12","16","24","30","31","63","1","11","13","25","19","36","69","2","16","18","7","14","8","6","1","13","20","20","15","8","17","0","3","5","4","5","8","8","2","10","6","10","7","11","4","239","76","55","19","18","3","5","0","25","188","46","42","11","11","1","4","4","44","87","21","23","16","3","1","4","0","10","44","17","6","3","3","2","2","0","6"
"s25","voters","HE21015","1486","731","425","73","8","10","9","0","5","0","225","657","829","350","169","102","45","8","5","3","3","4","1","1","0","0","1","1","0","4","2","1","0","2","1","2","1","2","3","1","0","12","6","3","1","5","42","37","33","64","62","38","7","71","57","76","78","79","82","3","20","21","41","53","41","36","1","16","12","52","53","39","37","7","16","23","23","18","12","7","6","18","17","26","23","16","13","0","10","10","10","9","11","5","2","11","8","12","4","7","6","423","122","95","23","16","5","8","7","32","254","72","50","14","8","2","3","3","19","140","39","26","9","4","1","0","1","5","63","19","11","2","3","1","2","1","3"
"s25","voters","HE21016","211","91","72","8","2","4","4","0","0","0","30","80","131","50","22","17","6","1","2","0","0","0","0","0","0","0","0","0","0","0","0","0","0","1","0","0","0","0","0","0","0","0","0","0","1","0","4","4","1","5","3","10","2","12","16","6","9","8","11","0","1","7","4","5","8","9","0","2","3","6","5","7","15","1","3","2","2","2","0","1","0","3","6","4","1","3","2","0","1","2","0","3","0","2","0","2","3","0","2","2","1","48","14","16","4","3","0","1","0","5","45","7","11","0","2","0","0","2","5","16","5","5","2","1","0","0","0","1","13","2","1","1","0","0","0","0","1"
"s25","voters","HE21018","335","143","109","21","3","1","1","0","1","0","56","152","183","77","32","27","15","2","0","1","0","0","2","1","0","0","0","0","1","1","0","0","0","0","0","0","0","0","1","0","0","2","5","2","2","0","5","7","4","12","12","14","2","11","19","10","10","18","19","2","8","4","13","17","4","10","0","6","4","14","13","7","7","0","6","5","7","6","3","2","2","3","3","7","6","5","1","0","3","2","4","2","0","0","1","3","3","4","1","1","3","85","20","16","6","2","2","2","0","10","53","19","23","5","3","1","3","1","1","33","10","3","4","2","1","2","0","1","14","5","2","1","3","0","1","0","1"
"s25","voters","HE21019","929","456","309","39","1","6","8","0","4","0","106","386","543","248","94","47","17","4","5","1","0","0","0","0","0","2","0","0","0","0","0","0","0","0","0","0","0","0","1","1","0","3","2","1","3","5","16","21","21","14","32","47","1","52","41","33","38","49","86","2","13","13","24","31","19","52","2","8","13","24","22","32","54","1","7","9","10","9","6","7","2","7","12","8","11","4","13","2","0","6","4","2","5","8","1","2","4","5","3","7","9","261","79","54","18","9","3","11","1","20","184","43","35","10","7","2","2","1","25","55","14","17","8","4","0","1","2","5","38","9","8","0","1","1","0","0","1"
"s25","voters","HE21020","96","37","33","9","1","2","1","0","0","0","13","44","52","25","6","7","4","1","0","0","0","0","0","0","0","0","0","0","0","0","0","0","0","0","0","0","0","0","0","0","0","0","0","0","0","0","2","2","1","1","3","5","0","3","4","2","1","9","4","0","2","1","2","4","2","5","0","3","0","3","6","0","5","0","1","0","1","2","0","1","0","2","2","1","2","0","1","2","0","0","3","1","0","3","0","0","0","2","1","1","0","22","7","2","1","1","0","0","0","4","13","6","8","1","1","0","0","0","4","10","2","1","0","0","0","0","0","0","8","3","0","1","0","0","0","1","0"
"s25","voters","HE21021","26","19","4","1","0","0","0","0","0","0","2","7","19","8","3","2","1","0","0","0","0","0","0","0","0","0","0","0","0","0","0","0","0","0","0","0","0","0","0","0","0","0","0","0","0","0","1","0","2","1","0","1","1","1","3","1","2","3","3","0","0","0","0","1","0","0","0","0","1","0","1","0","1","0","0","1","0","0","0","0","0","0","1","0","0","0","0","0","0","0","0","0","0","0","0","0","1","0","0","0","0","11","4","2","0","1","0","0","0","1","3","1","0","0","0","0","0","0","0","2","0","0","0","0","0","0","0","0","1","0","0","0","0","0","0","0","0"
"s25","voters","HE21022","20","12","4","2","0","0","0","0","0","0","2","8","12","7","2","1","1","0","0","0","0","0","0","0","0","0","0","0","0","0","0","0","0","0","0","0","0","0","0","0","0","2","0","0","0","0","0","1","0","0","4","1","0","0","2","0","1","3","0","0","0","0","0","0","1","0","0","0","0","0","1","0","2","0","0","0","0","0","0","1","0","0","0","0","0","0","1","0","0","0","0","0","0","0","0","0","0","1","0","0","1","10","0","1","0","1","0","0","0","0","2","1","0","0","0","0","0","0","1","0","0","0","0","0","1","0","0","1","0","0","1","1","0","0","0","0","0"
"s25","voters","HE21023","8","3","4","0","0","0","0","0","0","0","1","5","3","3","0","1","0","0","0","0","0","0","0","0","0","0","0","0","0","0","0","0","0","0","0","0","0","0","0","0","0","0","0","0","0","0","1","0","0","0","1","0","0","1","0","0","0","0","0","0","0","0","0","1","0","1","0","0","0","0","0","0","2","1","0","0","0","0","0","0","0","0","0","0","0","0","0","0","0","0","0","0","0","0","0","0","0","0","0","0","0","3","0","0","0","0","0","0","0","0","3","1","0","0","0","0","0","0","0","1","0","0","0","0","0","0","0","0","0","0","0","0","0","0","0","0","0"
"s25","voters","HE21024","275","119","98","27","1","1","3","0","0","0","26","110","165","65","27","12","6","0","3","1","0","0","0","1","0","0","0","0","0","0","0","0","0","0","0","0","0","0","0","0","0","1","0","1","0","0","3","8","3","2","9","12","0","8","13","9","8","15","29","0","2","11","3","7","12","12","0","1","4","5","6","15","20","0","3","5","2","0","1","3","0","0","3","3","3","2","1","0","0","1","0","0","5","6","0","2","3","0","2","4","9","91","16","9","2","0","0","0","0","1","59","11","15","4","4","0","1","1","3","19","3","3","1","0","0","0","0","0","21","3","5","1","2","0","0","0","0"
"s25","voters","HE21025","50","21","14","2","0","1","3","0","0","0","9","19","31","10","7","4","4","0","0","0","0","0","0","0","0","0","0","0","0","0","0","0","0","0","0","0","0","0","0","0","0","0","0","0","0","0","3","0","0","0","2","1","0","2","1","1","3","4","4","0","1","0","1","2","1","1","0","2","1","1","3","1","0","0","2","1","0","0","1","1","0","1","0","1","1","0","1","0","2","0","0","0","0","0","0","1","3","0","0","0","0","9","6","2","0","0","0","1","0","3","10","4","0","0","0","0","0","0","0","7","1","1","0","0","0","0","0","0","3","2","1","0","0","0","0","0","0"
"s25","voters","HE21108","52","22","23","1","0","1","0","0","0","0","5","31","21","9","7","2","0","0","0","0","0","0","0","0","0","0","0","0","0","0","0","0","0","2","1","0","0","0","0","0","0","0","2","0","0","0","1","2","0","0","4","5","0","0","0","1","2","3","4","0","1","1","5","1","2","3","0","0","3","3","1","2","1","0","2","0","0","0","1","1","0","0","0","0","1","0","0","0","0","0","0","0","2","0","0","0","0","0","0","0","0","12","4","4","1","1","0","0","0","0","16","2","2","0","0","0","0","0","3","3","1","0","0","1","0","0","0","0","2","0","0","0","0","0","0","0","0"
"s25","voters","HE21109","147","33","83","7","1","0","2","0","0","0","21","72","75","11","13","8","0","0","6","0","0","0","0","0","0","0","0","0","0","0","0","0","0","1","0","0","0","0","0","0","0","0","0","0","0","0","0","3","3","0","3","4","0","4","1","5","0","2","8","0","2","4","5","5","9","17","0","3","4","3","8","7","16","0","0","1","4","0","2","3","0","1","3","4","1","1","1","0","0","0","2","0","3","2","0","0","0","0","0","1","2","19","8","3","1","2","0","0","0","0","58","14","7","1","1","0","1","0","1","19","0","1","1","0","0","0","0","0","7","1","2","0","0","0","0","0","0"
"s25","voters","HE21115","16","4","8","1","0","0","1","0","0","0","2","10","6","2","3","0","0","0","0","1","0","0","0","0","0","0","0","0","0","0","0","0","0","0","0","0","0","0","0","0","0","0","0","0","0","0","0","0","0","1","0","1","0","0","0","1","0","0","1","0","1","0","1","0","1","2","0","0","0","1","0","1","1","0","0","0","0","1","0","1","0","0","0","0","0","0","0","0","0","0","0","0","1","0","0","0","0","0","0","0","1","1","1","1","0","0","1","0","0","0","5","0","1","0","0","0","1","0","1","2","0","0","0","0","0","0","0","0","1","0","0","0","0","0","0","0","1"
"s25","voters","HE30926","787","258","359","55","5","5","10","0","3","0","92","349","438","121","87","39","26","4","10","3","3","0","0","0","0","2","0","0","1","3","1","0","0","1","0","0","0","1","0","0","1","3","0","0","0","2","6","15","13","15","20","26","3","22","13","17","25","19","62","2","9","11","35","34","30","60","3","8","12","29","35","26","65","1","5","6","5","7","6","9","1","6","9","8","11","10","8","0","2","3","4","6","6","11","1","5","7","5","7","10","11","156","41","35","4","5","1","1","2","13","204","64","41","7","6","0","3","2","32","52","10","15","5","3","2","0","1","4","40","18","13","2","2","1","1","1","0"
"s25","voters","HE30927","1225","456","506","76","6","7","8","0","3","0","163","545","680","257","127","84","33","5","14","3","4","0","1","0","0","1","1","0","0","0","0","0","0","0","1","0","0","0","1","0","0","6","4","1","0","3","16","17","23","30","29","53","3","36","46","38","35","39","88","1","14","31","32","39","58","71","0","11","20","37","39","62","91","0","11","11","16","17","13","14","2","15","12","12","14","11","15","0","5","8","10","6","6","11","3","4","7","10","7","10","13","237","86","56","11","15","1","7","1","42","258","85","73","20","15","2","5","3","45","84","34","16","10","5","4","0","3","7","56","18","11","3","6","1","3","0","2"
"s25","voters","HE30928","1905","647","855","104","7","19","23","0","5","0","245","920","985","333","178","119","47","3","17","4","6","0","0","1","0","0","0","0","0","0","3","0","1","1","1","0","0","0","0","0","0","1","4","0","1","4","37","36","28","36","55","78","5","49","44","44","57","60","114","6","25","37","50","75","101","162","6","19","24","59","52","95","144","2","21","19","15","19","13","27","4","22","27","21","23","11","21","3","7","8","14","5","14","23","0","10","13","10","11","15","25","343","125","85","19","16","2","4","1","52","479","123","110","33","31","3","9","4","63","126","38","34","14","7","1","6","4","15","101","28","18","1","4","1","1","2","2"
"s25","voters","HE30929","311","97","163","12","1","1","2","0","1","0","34","152","159","44","39","12","2","0","7","0","1","1","0","0","0","0","0","0","0","0","0","0","0","0","0","1","0","0","0","0","0","0","0","0","0","1","5","4","6","4","6","18","2","3","6","7","5","10","20","0","2","4","9","9","18","36","0","5","2","16","11","17","34","0","2","5","2","3","3","5","0","4","1","3","1","1","4","0","0","0","2","1","3","4","0","0","1","1","1","0","4","56","19","7","5","3","0","0","1","6","81","30","28","7","2","1","2","0","12","21","2","5","1","0","0","0","0","5","9","5","1","0","1","0","0","1","0"
"s25","voters","HE30930","63","25","22","3","0","1","0","0","0","0","12","27","36","16","4","9","1","0","0","0","0","0","0","0","0","0","0","0","0","0","0","0","0","0","0","0","0","0","0","0","0","0","1","1","0","0","0","1","0","2","3","5","0","3","4","1","2","2","2","0","0","1","0","0","2","5","1","1","0","0","2","4","6","1","3","1","1","1","0","0","0","1","0","1","0","1","2","0","1","0","0","0","0","0","0","1","0","0","1","0","1","14","5","5","0","0","0","0","0","1","10","0","7","1","1","0","0","1","2","6","3","1","1","0","0","0","0","1","1","2","1","0","0","0","0","0","0"
"s25","voters","HE30931","76","30","30","3","0","0","2","0","0","0","11","25","51","14","3","3","2","0","1","0","0","0","0","0","0","0","0","0","0","0","0","0","0","0","0","0","0","0","0","0","0","0","1","0","0","0","0","1","0","0","0","8","0","4","0","1","0","9","7","0","0","0","1","0","6","2","0","1","0","3","2","7","8","0","1","1","0","0","1","2","0","1","1","0","1","0","3","0","0","0","0","0","0","2","0","0","0","0","0","2","1","25","2","1","1","0","0","0","0","1","15","8","4","0","0","0","3","0","0","9","1","0","0","0","0","0","0","1","4","1","0","0","0","0","0","0","0"
"s25","voters","HE30932","272","78","130","16","2","2","3","0","1","0","40","129","143","32","37","14","7","0","3","0","3","0","0","0","0","0","0","0","0","0","0","0","0","2","0","0","0","0","0","0","0","1","0","1","0","0","2","0","5","6","11","7","0","4","1","4","5","8","25","0","4","4","15","10","11","17","1","3","6","15","7","15","22","0","1","5","7","3","5","1","0","3","4","5","3","1","2","0","3","2","2","2","3","3","0","0","1","1","0","4","3","45","10","11","7","2","0","1","0","2","70","23","19","4","2","1","0","0","11","20","7","6","3","0","1","2","0","1","10","4","7","0","1","1","1","0","0"
"s25","voters","HE30933","125","55","46","5","1","1","1","1","0","0","15","52","73","18","11","7","4","1","0","0","0","0","0","0","0","0","0","0","0","0","0","1","0","0","0","0","0","0","1","0","0","1","1","0","0","0","3","3","2","1","2","9","0","6","6","2","5","6","10","0","1","1","2","3","0","13","0","1","4","1","3","4","13","0","1","2","0","2","1","0","0","0","4","1","1","2","1","1","2","0","0","0","0","3","0","1","0","0","0","1","1","36","12","4","1","2","0","0","0","0","25","7","8","1","1","0","0","2","2","9","1","2","2","1","0","0","0","0","7","1","0","0","0","0","0","0","1"
"s25","voters","HE40934","69","29","33","2","1","0","0","0","0","0","4","30","39","17","9","2","0","0","1","1","0","0","0","0","0","0","0","0","0","0","0","0","0","0","0","0","0","0","0","0","0","0","0","0","0","0","0","1","1","0","3","4","0","3","1","5","2","3","6","0","1","0","1","3","5","7","0","0","2","1","3","5","5","0","0","0","0","1","0","1","0","0","1","1","0","0","0","0","0","1","0","0","1","0","0","0","0","0","1","0","0","15","7","5","1","0","0","0","0","1","14","7","5","1","0","0","0","1","5","0","2","0","0","1","0","1","0","0","0","2","0","0","0","0","0","1","0"
"s25","voters","HE40935","837","281","389","38","2","7","7","0","8","0","105","366","471","149","98","43","20","5","9","1","1","0","0","0","0","1","1","0","1","0","2","0","0","0","0","1","0","1","0","0","0","2","1","1","0","0","9","9","10","19","29","29","2","24","28","14","29","23","56","1","10","19","26","28","51","42","1","11","23","33","30","58","56","1","9","9","11","8","5","13","1","7","12","7","6","9","7","0","3","5","3","2","8","7","1","4","5","7","6","5","6","134","57","37","6","14","0","1","2","30","221","67","39","11","8","0","5","7","31","60","15","12","8","3","1","3","1","2","42","11","9","0","0","0","0","0","0"
"s25","voters","HE40936","303","79","171","14","0","5","3","0","0","0","31","152","151","41","38","10","2","1","3","0","1","0","0","0","0","0","0","0","0","0","0","0","0","1","0","0","0","0","0","0","0","0","1","0","0","1","0","3","5","5","9","11","3","4","7","7","7","7","10","0","8","4","9","16","18","31","1","7","5","10","13","15","34","0","1","2","3","4","2","4","0","3","3","4","3","1","1","0","0","0","6","3","2","5","0","1","1","1","0","2","1","50","5","13","2","2","0","1","1","5","105","22","19","4","3","0","3","0","15","17","3","6","2","2","0","0","0","1","15","4","1","1","1","0","0","0","0"
"s25","voters","HE40937","225","70","91","15","2","1","3","0","3","0","40","103","122","34","32","24","8","0","3","0","0","0","0","0","0","0","0","0","0","0","0","0","0","0","0","0","0","0","0","0","0","0","1","0","0","0","1","8","1","5","3","6","3","7","6","5","8","5","12","0","4","6","7","8","8","14","0","3","3","9","10","7","12","0","5","2","4","4","2","2","0","6","3","5","3","2","2","0","1","2","3","3","3","1","0","2","5","0","3","1","0","36","17","8","2","1","0","2","0","4","40","12","18","3","4","1","3","2","8","24","4","6","2","2","0","1","0","1","9","6","2","3","1","0","0","0","3"
"s25","voters","HE40939","186","71","77","8","2","2","4","0","0","0","22","86","100","38","8","12","3","0","4","0","0","0","0","0","0","0","0","0","0","0","0","0","0","0","0","0","0","0","0","0","0","0","0","0","0","2","4","1","4","4","3","10","0","7","7","4","3","6","16","1","0","3","2","7","11","14","0","3","2","3","5","6","20","0","1","3","1","0","1","4","1","4","2","0","1","3","1","0","0","0","1","4","2","3","0","1","1","0","1","1","2","42","13","7","2","1","0","0","0","6","34","19","8","2","3","1","2","0","8","12","5","4","1","0","0","0","0","0","10","2","2","1","0","0","0","0","1"
"s25","voters","HE40940","48","12","24","4","0","0","1","0","0","0","7","20","28","8","13","7","3","0","0","0","0","0","0","0","0","0","0","0","0","0","0","0","0","0","0","0","0","0","0","0","0","0","0","0","0","0","2","0","0","1","0","1","0","3","2","0","2","0","1","0","0","0","1","2","5","4","0","1","0","3","2","1","5","0","1","1","0","1","0","0","0","0","0","1","2","1","0","0","0","1","0","0","0","0","0","1","1","0","1","1","0","9","1","0","0","0","0","1","1","0","12","3","6","1","1","0","0","0","1","5","2","0","0","0","0","0","0","0","4","1","0","0","0","0","0","0","0"
"s25","voters","HE40941","105","42","38","3","0","2","1","0","0","0","19","47","58","23","7","4","2","0","0","0","0","0","0","0","0","0","0","0","0","0","0","0","0","0","1","1","1","0","0","0","0","0","0","0","0","0","1","1","1","2","4","3","0","7","3","2","5","5","8","0","1","2","1","5","7","7","0","0","2","2","2","5","4","0","0","3","1","2","3","0","1","2","1","1","2","1","2","0","0","2","0","1","0","0","0","0","0","2","1","0","0","20","4","11","1","3","0","0","0","3","19","6","6","1","1","0","1","1","3","13","3","1","0","0","1","1","0","0","4","1","1","0","0","0","0","0","0"
"s25","voters","HE40943","111","32","59","3","1","0","1","0","1","0","14","49","62","22","13","7","0","0","3","0","0","0","0","0","0","0","0","0","0","0","0","0","0","0","0","0","0","0","0","0","0","0","2","0","1","1","1","2","0","1","3","2","0","3","2","4","1","5","7","0","1","6","1","3","10","8","0","2","5","6","5","6","6","0","2","1","1","1","1","1","0","3","0","1","0","3","0","0","0","1","0","0","0","2","0","1","0","1","0","0","1","14","4","4","1","0","2","0","1","6","32","9","4","0","4","1","0","1","8","9","2","3","0","0","0","0","0","0","3","1","2","0","0","0","0","0","0"
"s25","voters","HE40944","306","98","144","15","1","3","1","0","0","0","44","138","168","57","24","17","6","0","3","0","0","0","0","0","0","0","0","0","0","0","2","0","0","0","0","0","0","0","0","0","0","1","0","1","0","1","6","5","3","4","10","10","0","11","4","8","14","9","13","1","5","3","10","8","18","18","0","7","8","8","13","24","21","0","8","2","3","5","7","0","0","5","2","2","4","2","4","0","1","0","0","1","6","3","0","1","2","1","0","4","1","49","16","17","4","2","1","0","3","6","77","26","18","5","1","1","1","1","14","23","4","4","6","1","0","0","0","6","13","3","3","0","0","0","0","0","1"
"s25","voters","HE41026","1106","446","396","47","7","13","6","0","6","1","184","476","630","227","134","96","30","2","7","1","1","0","2","0","1","0","1","1","0","1","2","0","0","6","3","0","1","4","2","1","2","5","4","1","3","4","11","15","27","23","36","49","4","34","41","42","42","51","67","0","17","23","29","41","32","44","2","13","27","40","37","40","51","4","15","16","20","12","9","11","1","22","26","13","17","7","11","0","3","9","3","5","12","6","0","9","7","8","9","3","6","264","75","55","21","17","1","2","0","11","233","58","53","14","14","1","2","3","18","121","21","18","9","5","2","3","0","5","44","24","7","3","1","0","0","0","1"
"s25","voters","HE41027","449","173","171","14","2","4","8","0","2","0","75","202","247","95","50","44","15","0","2","0","0","0","0","0","0","0","0","0","0","1","0","0","0","0","0","0","0","0","4","0","0","0","2","0","0","1","3","11","6","14","12","25","0","17","15","8","18","16","27","0","4","4","4","10","23","31","0","5","7","11","15","22","35","0","11","6","2","8","5","6","0","9","4","6","10","4","4","0","1","6","2","2","1","4","1","1","5","1","1","2","3","89","31","20","5","7","5","0","0","16","79","28","29","8","3","0","5","0","19","39","13","8","6","2","1","0","0","6","20","7","1","0","2","0","0","0","0"
"s25","voters","HE41028","59","13","35","1","0","0","0","0","0","0","10","27","32","6","13","6","1","0","0","0","0","0","0","0","0","0","0","0","0","0","0","0","0","0","0","0","0","0","0","0","0","0","0","0","0","0","0","0","0","1","3","1","0","0","1","0","1","1","5","0","1","2","1","1","3","6","0","1","1","1","2","6","10","0","1","2","0","2","0","2","0","1","0","0","0","2","0","0","0","1","0","0","0","0","0","0","0","0","0","0","0","10","2","1","0","0","0","0","0","0","20","5","4","0","0","0","0","0","6","6","3","1","0","0","0","0","0","0","1","0","0","0","0","0","0","0","0"
"s25","voters","HE41029","476","122","258","23","1","4","3","0","1","0","64","228","248","73","47","25","16","3","7","4","2","0","0","0","0","0","0","0","0","0","3","1","0","0","0","0","0","0","0","0","0","1","1","1","0","0","6","6","4","6","7","22","1","12","13","6","9","9","21","2","14","12","14","21","24","48","0","9","8","16","20","26","44","2","5","4","2","9","1","3","2","8","5","12","6","2","3","1","3","2","2","3","1","4","0","7","1","1","2","3","2","74","17","15","5","2","0","0","1","8","135","35","36","12","9","0","0","4","27","34","13","6","4","2","0","0","1","4","22","5","1","1","0","1","0","1","1"
"s25","voters","HE41030","183","91","50","9","3","1","2","0","0","0","27","73","110","52","12","16","7","0","2","0","0","0","1","0","0","0","0","0","0","0","0","0","0","0","0","0","0","0","0","0","0","3","0","0","0","0","2","6","5","1","9","6","2","9","10","11","8","11","11","0","1","5","5","5","6","4","1","0","2","5","3","6","7","0","0","5","3","1","1","0","0","5","3","2","4","2","1","1","2","2","1","0","1","1","0","3","2","1","0","0","1","61","8","9","2","4","1","2","1","3","31","9","4","0","2","0","2","0","2","19","4","2","2","0","0","0","0","0","9","3","2","0","1","0","0","0","0"
"s25","voters","HE41031","146","65","59","6","0","1","3","0","0","0","12","73","73","37","18","10","6","3","2","0","0","0","0","0","0","0","0","0","0","0","0","0","0","0","0","0","0","0","0","0","0","0","0","0","0","0","0","4","3","2","8","11","0","5","6","2","5","10","9","0","3","3","3","5","11","8","1","0","2","5","2","6","10","0","2","4","0","1","0","1","0","0","1","0","1","1","1","0","0","2","0","1","1","0","0","1","0","0","2","0","3","32","13","9","0","1","0","4","0","6","30","12","8","4","0","1","0","0","4","6","1","2","2","0","0","0","0","1","6","1","1","0","1","0","1","0","0"
"s25","voters","HE41032","152","60","62","4","0","2","4","0","2","0","18","60","92","30","17","12","3","2","0","0","0","0","0","0","0","0","0","0","0","1","0","0","1","0","0","0","0","0","0","0","0","0","0","0","0","1","0","2","5","2","3","5","0","5","6","7","7","8","9","0","2","2","5","7","5","8","1","1","2","8","1","6","14","1","1","2","1","0","0","3","0","2","2","1","1","1","3","0","0","1","0","0","2","2","0","1","2","2","1","0","1","41","5","6","2","1","0","0","0","5","32","9","10","0","2","0","2","1","6","15","0","2","1","0","0","0","0","0","8","1","1","0","1","0","0","0","1"
"s25","voters","HE41033","2","2","0","0","0","0","0","0","0","0","0","1","1","2","0","0","0","0","0","0","0","0","0","0","0","0","0","0","0","0","0","0","0","0","0","0","0","0","0","0","0","0","0","0","0","0","0","0","0","0","0","1","0","0","0","0","0","0","1","0","0","0","0","0","0","0","0","0","0","0","0","0","0","0","0","0","0","0","0","0","0","0","0","0","0","0","0","0","0","0","0","0","0","0","0","0","0","0","0","0","0","1","0","0","0","1","0","0","0","0","0","0","0","0","0","0","0","0","0","0","0","0","0","0","0","0","0","0","0","0","0","0","0","0","0","0","0"
"s25","voters","HE41034","1","0","1","0","0","0","0","0","0","0","0","0","1","0","0","0","0","0","0","0","0","0","0","0","0","0","0","0","0","0","0","0","0","0","0","0","0","0","0","0","0","0","0","0","0","0","0","0","0","0","0","0","0","0","0","0","0","0","0","0","0","0","0","0","0","0","0","0","0","0","0","0","1","0","0","0","0","0","0","0","0","0","0","0","0","0","0","0","0","0","0","0","0","0","0","0","0","0","0","0","0","0","0","0","0","0","0","0","0","0","0","1","0","0","0","0","0","0","0","0","0","0","0","0","0","0","0","0","0","0","0","0","0","0","0","0","0"
"s25","voters","HE50945","2","0","2","0","0","0","0","0","0","0","0","1","1","0","0","0","0","0","0","0","0","0","0","0","0","0","0","0","0","0","0","0","0","0","0","0","0","0","0","0","0","0","0","0","0","0","0","0","0","0","0","0","0","0","0","0","0","0","0","0","0","0","0","1","0","0","0","0","0","0","0","0","1","0","0","0","0","0","0","0","0","0","0","0","0","0","0","0","0","0","0","0","0","0","0","0","0","0","0","0","0","0","0","0","0","0","0","0","0","0","1","1","0","0","0","0","0","0","0","0","0","0","0","0","0","0","0","0","0","0","0","0","0","0","0","0","0"
"s25","voters","HE50946","697","304","240","44","4","6","9","0","1","0","89","274","423","122","46","32","24","6","12","3","0","0","0","0","0","0","0","0","0","1","2","1","0","0","0","0","0","1","3","0","0","2","1","0","1","0","11","13","10","8","31","35","3","18","24","23","32","32","64","0","7","13","9","15","23","41","0","1","12","14","10","23","72","2","4","7","5","3","7","9","1","7","14","11","6","5","8","0","1","6","6","1","3","4","1","1","12","5","5","7","12","214","47","23","4","7","1","1","1","6","144","43","25","4","5","2","3","3","11","61","13","12","2","0","0","0","0","1","45","5","11","1","1","0","0","0","1"
"s25","voters","HE50947","32","11","16","2","0","1","0","0","0","0","2","14","18","5","2","1","1","0","1","0","0","0","0","0","0","0","0","0","0","0","0","0","0","0","0","0","0","0","0","0","0","0","0","0","0","0","0","1","1","0","0","3","0","1","0","1","0","1","3","0","0","0","1","3","0","2","0","0","1","1","2","6","0","0","0","0","0","0","1","0","1","0","0","0","0","0","0","0","0","0","0","0","2","0","0","0","0","0","1","0","0","7","1","0","0","1","0","0","0","2","8","2","3","1","0","0","0","0","2","2","0","0","0","0","0","0","0","0","2","0","0","0","1","0","0","0","0"
"s25","voters","HE50948","492","132","262","24","2","5","6","0","2","0","59","244","248","49","43","24","14","3","10","0","2","2","0","0","0","0","0","0","0","1","0","0","0","0","0","0","0","0","0","0","0","0","3","0","0","0","9","5","5","9","6","20","1","12","9","9","13","15","19","1","6","12","29","32","22","34","0","11","12","29","25","17","32","1","5","3","8","3","8","7","0","4","3","5","2","3","7","0","1","2","7","2","5","2","2","3","0","8","4","1","2","81","13","25","5","2","0","2","0","4","147","50","30","7","7","0","4","1","16","35","3","10","7","2","0","0","0","2","25","6","6","0","2","0","0","0","0"
"s25","voters","HE50949","1747","523","826","114","3","13","21","0","3","0","244","823","924","270","175","105","54","7","21","4","2","1","0","0","0","1","0","0","0","3","0","3","0","0","1","0","0","0","1","1","0","3","4","2","1","2","26","25","16","24","48","58","3","45","37","42","44","64","89","3","28","38","68","65","90","123","2","28","41","66","63","94","117","1","17","27","20","21","21","23","2","22","20","17","10","16","27","0","7","12","9","11","16","24","2","12","9","11","6","14","21","312","79","54","13","13","6","1","3","42","451","137","122","19","13","4","8","7","65","126","29","38","13","7","5","6","2","18","88","37","13","7","3","1","1","2","2"
"s25","voters","HE50952","1671","438","880","113","12","17","21","0","1","0","189","784","887","201","153","72","43","7","20","3","2","0","0","0","0","0","0","0","0","1","4","0","2","0","2","0","0","0","0","0","0","6","5","2","3","0","20","20","21","23","28","66","0","31","33","36","36","45","79","2","19","42","72","71","75","148","1","23","39","78","59","85","166","1","10","16","16","16","11","20","1","12","21","19","18","12","16","0","11","9","22","9","16","20","0","12","13","16","8","10","18","244","64","53","24","14","2","3","4","30","471","137","129","24","28","2","15","9","65","103","37","15","11","5","5","1","3","9","88","36","14","8","5","3","1","3","6"
"s25","voters","HE50954","95","27","50","6","0","0","0","0","1","0","11","45","50","13","10","2","0","0","1","0","0","0","0","0","0","0","0","0","0","0","0","0","0","0","0","0","0","0","0","0","0","0","0","0","0","0","1","3","1","2","2","3","0","0","2","2","1","3","7","0","1","2","2","4","7","7","0","1","2","1","6","7","10","1","2","0","2","1","0","1","0","0","2","0","1","0","1","0","0","0","0","0","1","2","0","0","0","1","2","0","1","14","7","2","0","0","0","0","0","4","30","7","4","1","2","0","0","0","6","6","1","1","1","2","0","0","0","0","3","1","0","0","2","0","1","0","0"
"s25","voters","HE50961","143","46","75","6","0","0","0","0","1","0","15","69","74","17","13","4","2","2","5","0","0","0","1","0","0","0","0","0","0","0","0","0","0","4","0","0","0","0","0","0","0","1","2","0","0","0","1","1","3","6","4","6","0","2","2","4","7","2","8","0","1","2","10","4","6","14","0","3","1","12","5","10","7","0","1","1","2","1","1","2","0","0","2","4","0","0","1","0","1","0","0","0","0","2","0","0","1","0","0","1","2","29","2","11","0","2","0","0","1","1","31","20","7","0","4","0","2","2","9","6","1","4","3","1","0","0","0","0","6","1","0","0","0","0","0","0","0"
"s25","voters","HI11409","355","220","62","10","0","5","2","0","0","0","56","147","208","157","29","33","5","0","0","1","2","0","0","0","0","0","0","0","0","0","0","0","0","0","1","0","0","2","5","1","1","4","2","1","0","4","12","18","10","6","13","19","2","29","33","20","16","13","25","0","5","5","8","3","5","8","0","0","5","5","4","4","10","0","4","5","7","2","2","3","0","8","5","5","1","6","8","1","0","0","2","0","2","3","0","3","2","2","1","1","0","112","45","33","10","11","0","1","0","8","33","11","7","4","4","0","1","0","2","34","4","9","4","1","1","1","0","2","13","3","1","0","0","0","0","0","0"
"s25","voters","HI11410","900","510","159","28","7","8","8","0","3","0","177","358","542","332","78","102","28","1","2","1","1","0","0","0","0","0","0","0","0","3","0","5","0","0","0","1","0","8","7","8","1","5","4","2","0","2","18","35","24","19","33","44","9","44","99","30","52","43","58","1","5","15","13","8","11","29","0","4","9","14","9","18","23","2","20","17","5","5","16","14","2","34","21","11","10","9","11","0","3","6","2","0","6","5","1","8","6","5","4","6","2","296","73","63","17","23","5","7","1","25","99","23","18","1","3","3","2","4","6","115","15","15","14","9","2","2","1","4","34","13","4","1","0","0","1","0","1"
"s25","voters","HI11411","158","89","37","4","0","3","1","0","0","0","24","75","83","51","10","10","5","0","0","0","0","0","0","0","0","0","0","0","0","0","1","0","0","0","0","0","0","0","3","0","0","1","0","0","0","0","6","7","3","9","7","9","0","10","9","2","6","5","16","0","0","2","4","2","4","7","0","1","1","0","6","2","8","0","2","4","3","0","1","1","2","1","3","1","3","2","1","0","2","1","0","0","1","0","0","1","1","2","0","0","0","42","13","12","5","5","1","1","2","8","21","5","5","0","1","1","0","1","3","16","4","3","0","0","1","0","0","0","6","1","0","0","0","0","1","0","0"
"s25","voters","HI11412","16","7","5","3","0","0","0","0","0","0","1","7","9","4","2","0","1","0","0","0","0","0","0","0","0","0","0","0","0","0","0","0","0","0","0","0","0","0","0","0","0","1","0","0","0","0","1","0","0","0","1","0","0","1","2","1","0","1","0","0","0","1","0","1","1","1","0","0","0","0","0","1","0","0","0","0","0","0","0","0","0","1","0","0","0","0","0","0","0","0","0","0","0","1","0","0","1","0","0","0","1","3","1","2","0","1","0","0","0","0","4","0","1","0","0","0","0","0","0","1","0","0","0","0","0","0","0","0","2","0","0","0","1","0","0","0","0"
"s25","voters","HI21413","1194","695","226","40","6","17","15","0","6","0","189","482","712","394","94","112","37","1","0","0","1","0","0","1","0","0","1","0","0","3","10","2","1","0","0","0","0","14","12","1","2","11","0","1","0","4","33","43","31","28","57","63","12","72","95","51","60","54","92","1","7","23","12","17","23","33","2","6","12","32","12","13","33","2","19","20","13","4","13","4","5","29","28","16","16","9","11","0","8","9","5","2","4","4","3","10","11","9","5","6","8","402","99","86","31","31","6","3","5","32","137","34","25","5","10","0","1","4","10","122","24","23","9","6","0","0","1","4","57","11","10","2","3","1","0","0","0"
"s25","voters","HI21414","98","52","24","3","0","1","0","0","0","0","18","52","46","25","5","11","0","0","0","0","0","0","0","0","0","0","0","0","0","0","0","0","0","0","0","0","1","0","0","0","0","1","1","0","0","1","3","4","2","3","5","7","0","1","2","4","4","8","8","0","0","3","3","1","1","5","0","0","2","2","0","1","6","0","2","5","0","0","1","2","0","1","1","4","0","1","1","0","0","1","0","3","0","0","0","0","0","0","0","0","0","36","4","7","2","1","0","0","0","2","12","3","3","2","0","0","0","1","3","12","1","4","0","0","0","0","0","1","4","0","0","0","0","0","0","0","0"
"s25","voters","HI21415","3","2","0","1","0","0","0","0","0","0","0","3","0","1","0","0","0","1","0","0","0","0","0","0","0","0","0","0","0","0","0","0","0","0","0","0","0","0","0","0","0","0","0","0","0","0","0","0","1","0","0","1","0","0","0","0","0","0","0","0","0","0","0","0","0","0","0","0","0","0","0","0","0","0","0","0","0","0","0","0","0","0","0","0","0","0","0","0","0","0","0","0","1","0","0","0","0","0","0","0","0","2","0","0","0","0","0","0","0","0","0","0","0","0","0","0","0","0","0","0","0","0","0","0","0","0","0","0","1","0","0","0","0","0","0","0","0"
"s25","voters","HI21416","52","31","9","5","0","0","0","0","0","0","7","15","37","20","3","5","2","0","0","0","0","0","0","0","0","0","0","0","0","0","0","0","0","0","0","0","0","0","0","0","0","0","0","0","0","0","1","1","2","0","2","3","0","3","3","1","6","6","3","0","0","1","1","0","0","1","0","2","1","1","0","1","1","0","1","0","0","0","0","0","0","2","1","1","1","1","0","0","0","0","0","0","1","1","0","0","1","0","0","0","2","12","7","6","0","3","1","0","0","2","6","3","0","0","0","0","0","0","0","6","1","0","0","0","0","0","0","0","3","2","0","0","0","0","0","0","0"
"s25","voters","HI31357","618","280","192","30","4","9","7","0","2","0","94","262","356","119","56","34","14","5","5","2","2","0","0","1","0","0","0","0","0","3","0","1","1","1","0","0","0","8","1","6","1","1","6","0","1","3","12","12","20","17","15","23","2","24","31","20","24","31","46","1","7","9","10","17","21","26","0","4","14","16","14","21","32","1","7","6","10","4","9","7","3","9","11","4","7","7","9","0","4","5","7","4","4","1","1","7","5","3","3","6","2","150","49","33","10","12","0","4","3","19","101","30","20","13","7","5","2","2","12","54","12","12","10","3","0","0","0","3","38","8","4","1","1","0","0","0","0"
"s25","voters","HI31417","1641","840","387","80","10","20","16","0","5","2","281","672","969","438","127","156","47","2","6","2","2","1","1","0","0","1","0","1","0","5","0","4","1","2","1","0","2","13","15","5","1","15","8","9","0","7","26","47","37","36","61","83","5","73","92","71","70","89","143","0","9","21","17","33","42","63","0","10","11","26","28","41","86","3","25","18","19","18","14","25","3","37","26","31","13","15","34","1","11","10","9","13","11","13","2","5","11","7","12","6","22","445","128","118","39","33","3","5","5","64","209","64","43","10","11","5","6","4","35","179","36","36","11","5","3","2","2","7","76","26","14","2","9","1","0","0","5"
"s25","voters","HI41289","682","258","281","42","0","7","5","0","1","0","88","307","375","85","46","25","10","6","8","1","1","0","0","0","0","0","0","0","0","2","2","1","1","8","0","3","0","6","3","2","0","4","1","3","0","2","8","11","9","7","21","48","2","16","23","14","11","26","60","1","12","8","9","11","39","57","1","3","9","14","13","42","62","0","3","5","4","5","8","12","0","9","3","9","8","13","9","0","3","3","2","5","3","11","0","1","2","4","4","9","8","138","38","31","10","6","2","3","1","29","154","35","29","8","10","0","4","0","41","52","10","9","5","4","0","1","1","6","34","10","7","1","0","0","1","0","2"
"s25","voters","HI41305","739","305","273","50","3","1","3","1","0","0","103","320","419","90","56","30","17","4","5","7","2","2","0","0","0","0","0","0","0","4","3","3","1","5","3","3","0","6","3","0","0","4","2","0","2","2","10","20","19","13","16","24","2","15","27","31","37","40","49","1","6","15","18","19","31","40","0","4","11","22","23","35","48","1","7","6","13","11","10","9","0","5","6","5","10","10","10","0","4","7","1","7","3","7","3","4","3","3","7","6","3","154","70","35","15","3","1","2","0","25","149","24","40","9","14","1","2","3","31","40","18","14","14","2","1","2","0","12","38","11","3","1","2","0","1","1","1"
"s25","voters","HI41307","323","119","120","21","1","3","1","0","1","0","57","140","183","39","25","13","8","3","1","2","0","0","0","0","0","1","0","0","0","0","1","0","0","0","1","0","0","0","1","0","0","3","0","4","0","0","5","10","5","6","9","11","1","9","9","11","9","16","18","1","2","7","4","14","12","13","0","5","6","8","14","17","17","0","4","4","2","7","5","4","2","4","3","6","10","4","2","0","2","2","3","3","1","4","1","1","2","1","3","2","2","59","21","19","6","3","0","0","2","9","62","16","12","7","4","2","0","0","17","22","11","8","5","1","1","1","1","7","16","4","3","1","2","0","0","0","1"
"s25","voters","HI41308","974","399","370","54","0","5","6","0","2","0","138","475","499","133","62","43","17","11","12","1","1","1","4","2","0","2","0","0","1","3","7","5","0","5","2","2","0","10","8","7","2","9","8","5","0","4","21","11","21","29","31","71","5","13","21","28","32","30","82","3","11","17","23","34","42","55","1","10","12","25","30","40","67","2","11","15","10","12","10","14","0","8","7","7","13","10","19","0","6","2","2","4","6","8","0","7","1","4","6","8","13","216","67","41","15","10","1","3","5","41","184","60","49","14","14","4","5","5","35","86","17","12","9","4","2","1","0","7","44","12","6","2","0","0","0","1","2"
"s25","voters","HI41309","4","3","1","0","0","0","0","0","0","0","0","3","1","1","1","0","0","0","0","0","0","0","0","0","0","0","0","0","0","0","0","0","0","0","0","0","0","0","0","0","0","0","0","0","0","0","0","1","0","0","0","1","0","0","0","0","0","0","1","0","0","0","0","0","1","0","0","0","0","0","0","0","0","0","0","0","0","0","0","0","0","0","0","0","0","0","0","0","0","0","0","0","0","0","0","0","0","0","0","0","0","1","0","2","0","0","0","0","0","0","1","0","0","0","0","0","0","0","0","0","0","0","0","0","0","0","0","0","0","0","0","0","0","0","0","0","0"
"s25","voters","HI41348","403","114","198","19","0","3","2","0","0","0","67","181","222","36","24","10","3","3","7","4","0","0","1","0","0","0","2","0","0","0","1","1","0","0","1","1","0","1","4","5","0","0","3","0","0","2","5","2","1","9","11","18","2","5","11","4","13","12","19","0","4","2","8","9","26","37","0","3","7","12","17","30","43","0","4","3","6","10","9","4","1","6","3","3","8","5","5","0","1","2","1","1","1","5","0","3","1","1","0","2","6","65","18","7","3","3","0","1","0","17","95","34","19","8","8","2","2","2","28","35","11","5","5","0","0","2","2","7","14","4","2","2","0","0","1","0","1"
"s25","voters","HI41349","1","0","1","0","0","0","0","0","0","0","0","0","1","0","0","0","0","0","0","0","0","0","0","0","0","0","0","0","0","0","0","0","0","0","0","0","0","0","0","0","0","0","0","0","0","0","0","0","0","0","0","0","0","0","0","0","0","0","0","0","0","0","0","0","0","0","0","0","0","0","1","0","0","0","0","0","0","0","0","0","0","0","0","0","0","0","0","0","0","0","0","0","0","0","0","0","0","0","0","0","0","0","0","0","0","0","0","0","0","0","0","1","0","0","0","0","0","0","0","0","0","0","0","0","0","0","0","0","0","0","0","0","0","0","0","0","0"
"s25","voters","HI41352","54","36","9","1","0","1","1","0","0","0","6","22","32","19","3","1","2","0","0","0","0","0","0","0","0","0","0","1","0","0","0","0","0","2","0","0","0","0","0","0","0","0","3","0","0","0","0","11","3","0","0","0","1","4","6","4","3","2","2","0","1","0","1","2","0","1","0","0","0","3","0","0","1","0","0","0","1","1","0","0","0","0","2","2","0","0","0","0","0","1","0","0","0","0","0","0","1","1","0","0","0","32","1","3","0","0","0","0","0","0","9","0","0","0","0","0","0","0","0","6","0","0","0","0","0","0","0","0","3","0","0","0","0","0","0","0","0"
"s25","voters","HI41353","0","0","0","0","0","0","0","0","0","0","0","0","0","0","0","0","0","0","0","0","0","0","0","0","0","0","0","0","0","0","0","0","0","0","0","0","0","0","0","0","0","0","0","0","0","0","0","0","0","0","0","0","0","0","0","0","0","0","0","0","0","0","0","0","0","0","0","0","0","0","0","0","0","0","0","0","0","0","0","0","0","0","0","0","0","0","0","0","0","0","0","0","0","0","0","0","0","0","0","0","0","0","0","0","0","0","0","0","0","0","0","0","0","0","0","0","0","0","0","0","0","0","0","0","0","0","0","0","0","0","0","0","0","0","0","0","0"
"s25","voters","HI41358","1127","495","418","54","3","5","6","0","4","0","142","479","648","195","83","57","19","10","10","5","1","0","0","0","0","0","0","0","0","4","1","0","0","0","1","1","0","2","2","7","2","4","6","2","2","0","14","19","23","25","38","67","2","36","33","34","38","59","107","0","5","18","22","40","39","77","1","6","17","23","28","53","89","1","7","9","11","9","8","17","0","15","13","21","11","6","14","0","6","2","3","6","4","9","0","7","4","4","10","5","12","266","81","67","15","13","0","2","4","47","208","68","68","14","10","4","0","2","44","72","20","21","11","4","2","2","1","9","46","12","6","3","1","0","1","0","3"
"s25","voters","HI50426","80","24","43","3","0","0","0","0","0","0","10","40","40","5","8","1","1","0","1","0","0","0","0","0","0","0","0","0","0","0","0","0","0","0","0","0","0","0","1","0","1","1","3","0","0","0","1","2","1","2","2","3","0","2","0","1","4","4","2","0","2","3","1","2","8","7","0","0","2","2","5","3","8","0","0","0","0","0","3","2","1","1","0","0","1","0","2","0","0","0","0","1","0","0","0","0","0","1","1","0","0","14","4","2","1","0","0","0","0","3","21","8","5","3","0","0","2","0","4","5","1","1","2","1","0","0","0","0","1","1","1","0","0","0","0","0","0"
"s25","voters","HI50427","103","46","43","0","0","1","1","0","1","0","11","56","47","5","6","1","0","2","2","0","0","0","0","0","0","4","0","0","0","0","0","2","0","0","0","0","0","2","0","0","0","0","2","0","0","0","3","1","0","6","4","6","0","5","2","2","7","3","7","0","4","0","2","7","4","10","0","1","1","1","4","3","6","1","0","1","2","1","1","1","0","0","0","0","1","2","1","0","0","0","0","1","0","1","0","1","0","0","0","0","0","25","8","6","1","0","0","0","0","6","17","9","5","3","0","0","0","1","8","6","0","0","2","2","0","0","0","1","2","1","0","0","0","0","0","0","0"
"s25","voters","HI50428","990","349","460","49","2","11","7","0","7","0","105","479","511","110","91","20","13","9","9","4","1","0","3","2","0","2","0","0","0","2","4","2","3","4","2","2","1","4","3","2","1","5","9","7","4","1","15","9","17","25","34","41","1","30","20","25","45","46","40","1","21","19","25","50","65","60","3","14","16","31","50","48","57","2","10","7","6","14","10","6","1","9","9","4","7","13","7","0","6","8","3","10","8","6","0","6","5","2","3","9","10","204","58","38","14","5","2","1","0","27","229","70","58","15","16","1","8","2","61","59","16","9","7","2","1","3","0","8","33","30","6","2","0","0","2","0","3"
"s25","voters","HI50784","102","47","38","6","0","0","0","0","0","0","11","47","55","16","12","2","2","1","0","1","0","0","0","0","0","0","0","0","0","0","2","1","0","0","0","0","0","0","2","0","0","0","0","1","1","0","2","5","4","1","2","3","0","4","5","7","3","4","7","0","0","7","7","2","2","2","0","1","2","4","4","3","4","0","0","2","2","2","1","1","0","0","1","2","0","0","0","0","0","1","0","0","0","1","0","0","1","2","0","1","0","47","0","0","0","0","0","0","0","0","36","2","0","0","0","0","0","0","0","10","1","0","0","0","0","0","0","0","5","1","0","0","0","0","0","0","0"
"s25","voters","HI51290","642","256","227","47","0","1","3","0","2","0","106","284","358","69","56","26","11","8","4","5","4","2","0","0","0","0","0","0","0","4","1","5","1","0","0","0","0","0","3","0","0","3","9","0","0","0","7","7","7","12","14","38","0","11","19","19","29","32","61","0","15","9","13","14","35","31","1","5","12","15","20","36","21","1","1","6","7","12","9","21","0","5","4","11","10","6","13","0","2","2","5","1","7","8","1","2","5","3","2","5","10","136","42","32","9","3","2","1","2","29","134","29","26","5","3","1","4","1","24","53","13","19","10","2","1","0","0","8","36","9","2","4","0","0","0","0","2"
"s25","voters","HI51312","2206","792","1017","101","6","8","17","0","1","0","264","1014","1192","290","221","65","32","21","30","8","5","4","1","3","1","10","10","2","0","6","4","2","0","13","4","11","3","14","14","5","0","11","18","9","1","0","24","40","32","49","66","90","2","57","59","62","79","97","135","2","41","41","54","107","142","120","5","40","31","75","111","130","118","1","12","23","17","28","34","26","4","25","15","13","23","24","19","0","9","4","9","16","14","13","2","9","9","6","13","11","18","435","132","105","17","16","3","6","7","71","552","162","114","38","30","7","7","5","102","142","37","30","20","14","0","3","0","18","84","24","10","6","3","1","1","0","4"
"s25","voters","HI51313","32","12","13","3","0","0","2","0","1","0","1","15","17","2","0","0","1","0","0","0","0","0","0","0","0","0","0","0","0","0","0","0","0","0","0","0","0","1","1","0","0","0","0","0","0","0","0","0","0","1","1","2","0","2","0","0","4","1","1","0","0","0","0","2","1","4","0","0","0","0","0","2","4","0","0","0","0","1","0","0","0","0","0","0","0","0","0","0","1","1","0","1","0","0","0","2","0","0","0","0","1","8","2","1","0","0","0","0","0","1","10","1","1","0","0","0","1","0","0","1","0","0","0","0","0","0","0","0","4","1","1","0","0","0","0","0","0"
"s25","voters","HI51314","563","195","253","20","0","5","7","0","3","0","80","251","312","47","34","17","14","11","9","3","0","0","0","1","0","2","2","0","0","3","0","2","0","0","0","1","0","3","2","1","1","6","7","3","1","0","5","9","9","14","16","29","1","9","10","13","23","13","44","0","6","7","17","22","28","43","0","2","9","17","20","34","48","0","3","0","7","9","5","5","0","9","2","5","15","10","10","1","2","2","2","4","3","3","1","4","1","2","2","5","3","91","37","29","6","8","2","4","0","18","129","39","28","11","4","0","2","3","37","39","19","6","4","6","0","1","0","5","16","11","6","0","1","0","1","0","0"
"s25","voters","LL10898","872","415","229","40","5","5","7","0","3","0","168","368","504","140","63","58","20","4","5","0","4","2","1","1","1","2","0","3","0","5","4","4","1","5","0","1","0","8","3","1","1","14","10","16","2","2","18","33","21","15","23","38","7","33","55","32","42","37","59","1","7","12","23","14","23","33","1","8","9","28","7","32","31","1","15","13","17","10","13","10","1","7","26","17","9","10","19","0","3","4","2","4","5","8","1","5","5","5","5","8","5","260","73","40","9","11","1","2","0","19","143","32","24","7","9","0","1","1","12","103","28","19","8","3","0","2","2","3","34","15","8","0","1","0","1","0","1"
"s25","voters","LL20899","1106","512","297","42","4","10","7","0","6","0","228","463","643","119","86","50","16","8","6","4","5","12","6","6","2","2","3","1","0","15","4","14","1","15","10","21","2","13","3","4","2","21","10","14","1","3","8","40","38","32","19","47","7","25","71","64","45","42","71","1","7","21","28","21","25","36","1","6","25","34","25","28","39","0","11","14","29","29","4","25","3","18","21","19","24","14","17","0","2","7","3","6","3","4","0","6","5","8","9","8","8","369","80","31","9","8","0","3","1","11","209","44","18","6","8","0","1","0","11","149","44","15","10","2","1","0","0","7","44","14","9","0","0","0","0","0","2"
"s25","voters","LL20900","263","137","56","16","0","3","1","0","2","0","48","110","153","42","18","12","5","1","1","0","2","0","0","0","0","1","0","0","0","2","3","0","0","0","0","1","0","0","0","0","0","3","2","1","1","0","3","9","9","6","14","13","0","7","20","13","12","15","16","1","3","2","3","4","4","11","0","0","5","2","2","6","13","0","1","8","0","4","2","3","0","2","4","5","2","8","9","0","0","4","0","4","1","1","0","1","1","4","0","3","3","86","20","11","4","4","1","4","0","7","33","8","6","3","0","0","0","2","4","33","4","5","1","1","0","0","0","4","13","4","4","1","0","0","0","0","0"
"s25","voters","LL20902","133","62","36","5","1","2","0","0","0","0","27","47","86","16","2","7","2","1","0","0","0","0","0","0","0","0","0","0","0","0","0","0","1","0","0","0","0","0","0","0","0","4","0","4","1","0","0","5","4","1","6","4","0","6","7","4","4","7","14","0","0","0","2","0","5","7","0","0","0","1","2","4","15","0","2","1","1","0","1","4","2","3","1","0","5","1","6","0","1","0","0","0","1","2","0","1","1","1","0","0","1","39","16","4","1","1","0","0","0","1","24","7","2","0","0","0","2","0","1","24","1","2","0","0","0","0","0","0","5","2","1","0","0","0","0","0","0"
"s25","voters","LL30903","571","282","136","29","3","7","7","0","2","0","105","225","346","82","29","22","13","9","5","2","0","3","0","0","1","3","1","1","2","5","3","0","1","3","2","1","0","1","0","1","0","5","6","4","0","0","9","25","25","11","12","18","2","19","50","35","27","22","27","0","4","9","9","10","10","18","0","2","10","11","9","10","34","1","5","13","6","5","4","8","3","13","15","10","7","2","13","0","3","3","6","1","3","7","0","2","5","9","1","1","7","196","47","20","11","2","0","1","0","5","92","22","13","4","3","1","0","0","1","77","11","7","5","2","0","0","0","3","28","12","5","3","0","0","0","0","0"
"s25","voters","LL30904","528","197","196","22","1","9","3","0","4","0","96","226","302","30","21","10","6","9","15","7","2","2","1","2","1","4","0","1","0","4","9","6","2","6","6","3","1","2","3","2","0","12","9","5","4","0","4","12","9","12","10","28","2","11","18","17","18","16","40","0","5","5","7","7","17","48","1","3","6","9","10","17","61","0","7","10","4","5","2","15","1","6","9","4","5","7","21","0","1","3","3","2","3","7","0","3","1","1","2","5","8","130","19","27","4","3","1","2","0","11","109","25","21","5","9","0","3","3","21","63","9","14","1","2","0","2","0","5","23","8","2","5","0","0","0","0","1"
"s25","voters","LL40905","4","0","4","0","0","0","0","0","0","0","0","3","1","0","0","0","0","0","0","0","0","0","0","0","0","0","0","0","0","0","0","0","0","0","0","0","0","0","0","0","0","0","0","0","0","0","0","0","0","0","0","0","0","0","0","0","0","0","0","0","0","0","0","0","1","2","0","0","0","0","0","0","1","0","0","0","0","0","0","0","0","0","0","0","0","0","0","0","0","0","0","0","0","0","0","0","0","0","0","0","0","0","0","0","0","0","0","0","0","0","3","0","0","0","0","0","0","0","1","0","0","0","0","0","0","0","0","0","0","0","0","0","0","0","0","0","0"
"s25","voters","LL40906","1408","562","502","54","0","12","12","0","1","1","264","636","772","123","79","52","21","14","7","1","5","16","11","8","0","2","4","5","0","14","18","16","4","14","6","12","0","9","18","5","0","32","34","15","5","2","14","38","29","28","31","77","1","34","49","39","49","55","116","0","9","20","25","31","51","109","1","8","23","16","34","50","125","2","14","21","20","20","23","33","1","16","9","14","22","25","44","0","3","6","3","5","4","18","0","5","7","2","4","5","18","340","95","54","20","16","2","6","0","29","287","82","47","17","8","3","5","5","48","146","37","32","23","5","1","1","2","17","57","10","5","4","1","0","1","0","2"
"s25","voters","LL40907","195","100","43","8","0","1","1","0","1","0","41","84","111","27","3","10","1","2","0","0","1","2","2","4","0","0","0","2","0","3","1","4","0","2","1","1","0","1","2","0","0","2","1","0","0","0","2","5","12","2","4","9","0","5","14","16","11","10","10","0","0","4","2","5","7","5","1","0","1","2","4","2","10","0","2","5","4","3","4","3","0","2","1","3","6","4","4","1","0","1","0","3","0","1","0","0","1","0","1","1","2","67","18","12","2","1","0","0","0","0","27","8","6","0","0","1","0","0","1","33","5","3","0","0","0","0","0","0","9","1","1","0","0","0","0","0","0"
"s25","voters","LL40908","0","0","0","0","0","0","0","0","0","0","0","0","0","0","0","0","0","0","0","0","0","0","0","0","0","0","0","0","0","0","0","0","0","0","0","0","0","0","0","0","0","0","0","0","0","0","0","0","0","0","0","0","0","0","0","0","0","0","0","0","0","0","0","0","0","0","0","0","0","0","0","0","0","0","0","0","0","0","0","0","0","0","0","0","0","0","0","0","0","0","0","0","0","0","0","0","0","0","0","0","0","0","0","0","0","0","0","0","0","0","0","0","0","0","0","0","0","0","0","0","0","0","0","0","0","0","0","0","0","0","0","0","0","0","0","0","0"
"s25","voters","LL50893","488","255","144","28","1","3","2","0","0","1","54","196","292","45","23","6","7","5","3","0","0","0","3","2","0","3","3","1","0","4","1","0","1","1","0","3","0","2","1","1","1","1","11","1","1","0","3","6","6","7","20","52","2","8","16","3","13","31","88","0","4","1","6","4","18","32","0","2","1","4","6","16","50","0","3","4","3","5","4","8","2","1","1","0","3","3","17","0","0","0","0","1","5","4","1","1","3","3","2","2","13","167","32","23","10","8","0","3","1","11","85","25","13","3","5","3","1","0","9","37","5","4","5","0","0","0","0","3","20","8","4","2","1","0","0","0","0"
"s25","voters","LL50895","11","4","2","1","0","0","0","0","0","0","4","4","7","2","0","0","0","0","0","0","0","0","0","0","0","0","0","0","0","0","0","0","0","0","0","0","0","0","0","0","0","0","0","0","0","0","0","0","0","0","1","1","0","0","0","0","1","0","1","0","0","0","0","0","0","0","0","0","0","1","0","0","1","0","0","0","0","0","1","0","0","1","0","0","0","1","1","0","0","0","1","0","0","0","0","0","0","0","0","0","0","2","1","1","0","0","0","0","0","0","2","0","0","0","0","0","0","0","0","2","0","1","0","1","0","0","0","0","1","0","0","0","0","0","0","0","0"
"s25","voters","LL50909","475","145","197","31","2","1","5","0","0","0","94","218","257","24","18","8","9","2","10","11","2","1","6","5","1","2","2","0","0","3","10","6","1","4","0","2","0","1","0","0","0","4","6","3","1","0","4","18","8","3","11","16","0","5","13","10","6","12","39","0","3","5","15","9","12","54","0","2","7","9","6","18","57","0","5","8","8","4","4","20","0","3","4","9","8","7","14","0","1","1","1","0","3","5","1","4","4","2","2","2","13","92","26","14","3","0","1","0","1","8","122","28","22","2","3","0","0","1","19","56","18","12","0","4","0","1","1","2","29","3","4","2","1","0","0","0","0"
"s25","voters","LL50910","139","44","60","4","0","1","1","0","3","0","26","60","79","3","4","1","1","0","0","1","0","2","1","1","0","0","0","0","0","2","2","0","0","0","0","0","0","0","0","1","0","0","0","0","0","0","1","2","2","1","2","8","0","5","2","3","1","5","12","0","0","0","1","2","7","18","0","1","1","2","4","9","15","0","1","1","3","0","3","5","0","4","2","2","0","2","3","0","0","2","0","1","0","0","0","1","0","1","2","1","1","28","6","5","2","1","0","0","0","2","36","9","5","3","0","0","2","0","5","17","2","3","1","1","0","0","1","1","4","4","1","0","0","0","0","0","0"
"s25","voters","LL50911","235","120","56","8","2","1","2","0","3","0","43","102","133","39","8","8","7","4","3","1","0","3","0","1","0","0","1","0","0","2","1","0","0","4","0","0","0","0","0","0","0","1","4","1","0","2","5","12","8","7","5","9","0","11","18","9","8","16","10","0","0","5","3","7","4","8","0","1","10","4","4","4","6","1","1","6","6","4","0","1","0","5","7","2","2","3","5","0","0","3","2","1","2","0","0","2","1","3","1","1","0","82","22","8","2","2","0","0","0","4","35","10","4","1","2","0","1","1","2","33","5","3","1","1","0","0","0","0","14","0","2","0","0","0","0","0","0"
"s25","voters","MON1758","1683","948","388","55","14","10","11","0","6","0","251","699","984","525","144","131","53","3","6","3","0","3","0","3","1","5","0","0","0","17","5","16","0","2","2","2","0","36","35","13","4","20","11","10","2","5","48","79","34","30","68","92","9","131","109","67","80","73","123","1","12","22","37","26","36","63","0","15","12","26","29","34","75","1","14","23","16","11","13","23","4","26","31","29","15","18","27","1","8","7","9","11","3","6","2","11","9","4","8","7","10","545","137","110","27","38","9","14","6","62","224","58","50","10","6","3","3","2","32","144","34","34","11","7","2","5","1","13","58","18","14","2","3","0","0","0","1"
"s25","voters","MON1759","1000","546","221","42","7","8","9","0","1","0","166","417","583","275","89","76","24","4","9","3","2","0","0","2","0","0","0","2","0","4","7","7","0","4","0","4","2","8","1","4","0","12","3","7","1","3","10","45","41","27","30","42","2","46","75","48","51","45","81","0","10","13","18","23","21","24","1","3","9","25","16","15","43","2","11","22","11","15","6","11","1","11","20","16","13","10","17","1","4","2","7","8","7","3","1","9","3","7","9","5","1","320","95","59","17","15","1","4","3","32","141","29","19","6","7","2","3","2","12","106","17","19","7","7","1","3","1","5","47","9","7","2","1","0","1","0","0"
"s25","voters","MON1760","3040","1731","659","103","19","17","33","0","12","0","466","1341","1699","1123","311","268","98","17","5","5","4","3","2","2","0","4","0","2","0","10","3","8","1","5","3","3","0","28","37","24","4","27","14","17","4","3","69","95","87","106","135","204","17","145","141","152","149","150","278","1","22","37","41","45","67","105","0","15","28","39","60","66","133","5","28","47","42","40","30","41","1","37","60","36","30","35","34","1","12","15","12","16","17","18","3","19","21","17","10","10","13","930","277","213","59","56","11","23","13","149","385","92","87","10","12","1","9","5","58","254","57","54","28","18","9","7","3","36","125","28","16","5","4","2","0","1","3"
"s25","voters","MON1761","1291","687","336","54","4","5","8","0","2","0","195","562","729","459","147","115","33","10","14","4","3","0","3","2","0","1","0","0","0","4","3","3","0","0","0","2","0","6","9","2","0","10","4","6","1","4","14","38","27","39","54","83","3","35","58","52","76","79","125","0","15","18","24","19","46","45","1","6","20","12","24","43","63","1","13","20","19","18","10","10","2","8","12","16","24","15","27","1","6","7","6","12","5","8","0","2","9","2","3","7","5","335","106","102","21","20","5","13","11","74","170","60","50","7","8","0","4","5","32","103","26","23","11","8","6","3","2","13","42","13","13","1","2","0","0","1","1"
"s25","voters","MON1762","46","23","13","3","0","0","0","0","0","0","7","20","26","16","8","5","2","0","0","0","0","0","0","0","0","0","0","0","0","0","0","0","0","0","0","0","0","0","0","0","0","0","0","0","0","0","1","2","2","0","4","1","0","0","3","1","1","4","4","0","0","4","1","0","1","0","0","0","0","1","2","2","2","0","1","0","0","0","2","0","0","1","2","0","0","0","1","0","0","0","1","0","0","0","0","1","0","0","1","0","0","15","2","1","0","2","0","0","0","3","12","1","0","0","0","0","0","0","0","3","1","1","1","1","0","0","0","0","3","0","0","0","0","0","0","0","0"
"s25","voters","MON1763","530","270","140","21","1","2","9","0","1","0","86","224","306","139","52","31","12","0","0","0","0","2","0","0","0","0","0","0","0","16","11","8","1","0","0","2","0","11","17","15","4","10","6","7","1","2","17","12","15","9","16","29","2","20","35","24","23","24","42","0","2","4","8","10","17","25","0","6","6","5","11","14","32","0","8","9","4","2","10","8","1","7","7","6","7","6","11","0","1","5","3","0","5","3","1","3","3","3","3","1","3","151","44","27","12","10","1","4","2","19","94","15","15","1","4","0","2","1","8","50","4","16","7","3","0","1","1","4","25","4","3","1","0","0","0","0","1"
"s25","voters","MON1764","100","60","10","5","1","0","0","0","0","0","24","39","61","46","3","16","6","0","5","1","0","0","0","0","0","0","0","0","0","0","0","0","0","3","0","0","0","0","0","0","0","0","0","0","0","0","4","3","3","0","5","4","1","9","7","3","3","11","7","0","1","1","0","0","0","2","0","0","0","0","1","3","2","0","4","2","3","0","2","2","1","3","0","3","1","3","0","0","0","0","1","0","2","0","0","0","2","0","1","0","0","34","11","11","0","3","1","0","0","0","4","1","1","2","0","0","0","0","2","19","1","1","1","1","0","0","0","1","4","1","0","1","0","0","0","0","0"
"s25","voters","MON1765","288","181","59","12","3","2","3","0","0","0","28","122","166","135","33","15","10","0","1","1","0","0","0","0","0","0","0","0","0","1","1","1","0","0","0","0","1","0","0","0","0","1","0","1","0","1","7","11","11","6","14","17","2","13","13","16","20","23","27","0","0","7","6","3","10","8","1","0","3","5","2","4","10","0","2","4","1","0","1","3","0","3","4","2","2","2","4","0","1","0","3","1","4","1","0","3","1","3","0","0","3","98","31","16","7","7","0","4","1","17","34","8","10","0","2","1","1","2","1","16","5","3","1","1","2","0","0","0","10","3","6","0","1","0","0","0","0"
"s25","voters","NEE1163","220","67","102","19","0","0","2","0","0","0","30","96","124","16","7","4","4","1","3","0","1","0","0","0","0","0","0","0","0","0","0","0","0","0","0","0","0","0","0","0","0","0","0","0","0","0","0","1","2","3","7","15","0","1","3","2","1","11","21","0","0","2","1","7","12","21","1","0","1","3","5","10","39","0","1","1","1","2","5","6","0","0","1","2","2","3","6","0","0","0","1","1","3","4","0","0","2","0","2","5","3","34","8","12","1","3","2","0","0","7","58","14","9","2","3","0","4","2","10","16","5","2","3","2","0","0","0","2","12","7","1","0","0","0","0","0","1"
"s25","voters","NEE1164","238","86","112","11","1","3","0","0","0","0","25","111","127","17","17","7","3","2","4","0","0","0","0","0","0","0","0","0","0","0","0","0","0","0","0","0","1","0","0","0","0","0","0","0","0","0","2","2","2","1","8","16","0","3","4","1","11","11","25","1","5","2","2","8","8","31","0","1","0","3","11","13","27","0","2","2","1","1","5","4","0","1","1","3","1","3","1","0","0","1","1","0","3","3","0","0","0","0","1","3","3","43","17","14","1","2","0","1","0","8","59","15","17","5","9","0","1","1","5","13","2","4","4","0","1","0","0","1","11","1","2","0","0","0","1","0","0"
"s25","voters","NEE1165","294","104","124","24","1","2","4","0","1","0","34","139","155","19","9","6","3","5","13","2","0","0","1","0","1","0","0","0","0","0","2","0","0","0","0","0","0","0","0","0","0","0","0","0","0","0","1","4","2","5","10","25","0","3","4","4","8","7","31","0","3","2","5","11","8","32","0","2","1","5","10","14","31","0","1","4","3","2","1","7","0","4","0","1","3","3","5","0","0","1","1","0","3","8","0","1","0","2","3","3","10","66","9","8","4","4","0","0","0","13","70","13","24","1","4","0","1","0","11","18","4","8","1","1","0","0","0","2","16","9","3","1","2","0","0","0","1"
"s25","voters","NEE1166","161","41","69","16","2","4","0","0","1","0","28","76","85","5","6","3","2","2","3","1","2","0","0","0","0","0","0","0","0","0","0","0","0","0","0","0","0","0","0","0","0","0","0","0","0","1","2","1","0","1","3","8","0","2","2","1","5","5","10","2","1","0","4","5","10","13","0","1","2","2","6","5","18","0","0","1","2","4","2","5","0","0","0","3","3","1","7","0","0","1","0","3","4","3","0","2","0","1","1","3","5","23","6","3","3","1","0","0","0","5","36","13","7","2","4","0","1","1","5","13","4","7","0","1","0","0","0","3","13","3","3","1","1","1","0","0","1"
"s25","voters","ON11766","127","87","19","1","1","2","0","0","0","0","17","61","66","58","12","15","2","0","0","0","0","0","0","0","0","1","0","0","0","1","0","0","0","0","0","0","0","0","0","0","0","2","0","0","0","1","7","11","3","3","6","7","0","12","10","3","6","8","10","0","1","5","2","1","1","2","0","0","3","1","3","0","0","1","3","3","1","0","1","0","1","2","3","0","1","1","0","0","0","1","1","0","0","0","0","1","1","0","0","0","0","55","7","9","4","6","0","0","1","5","9","4","2","1","2","0","0","0","1","8","2","3","1","2","0","1","0","0","2","0","2","0","0","0","0","0","0"
"s25","voters","ON11767","309","174","69","12","0","6","0","0","0","0","48","128","181","106","32","32","11","1","0","0","0","0","0","0","0","0","0","0","0","0","0","1","0","0","0","0","0","0","2","0","0","1","0","0","0","0","11","19","3","10","13","12","2","20","15","16","14","17","22","0","1","5","8","8","3","11","1","1","4","2","6","8","11","0","5","6","1","2","2","1","0","10","5","4","8","1","3","0","4","0","0","0","2","1","0","2","3","2","1","0","3","100","38","22","3","2","1","2","0","6","31","11","12","3","2","2","1","1","6","26","3","9","2","5","0","1","0","2","13","1","1","1","1","0","0","0","1"
"s25","voters","ON11768","2645","1409","718","97","23","17","18","0","16","0","347","1157","1488","881","273","167","81","14","24","8","2","0","0","1","2","2","2","3","0","8","6","8","3","3","0","1","0","6","0","2","0","19","16","15","2","1","40","88","91","79","112","143","9","101","121","128","114","170","212","4","20","30","44","48","82","111","2","14","33","39","59","83","149","4","17","35","35","28","27","26","4","24","38","32","20","28","29","2","8","15","18","9","17","23","0","6","14","10","15","21","13","770","236","189","43","53","9","11","3","95","354","112","108","30","23","5","4","8","74","201","43","43","16","17","1","7","1","18","108","31","18","3","3","2","3","0","3"
"s25","voters","ON11769","2287","1098","735","120","11","23","10","0","8","1","281","1045","1242","572","236","122","71","20","19","8","9","0","0","0","0","3","0","2","0","8","2","3","0","2","1","0","0","2","6","0","0","13","6","0","0","0","36","52","70","56","76","148","8","58","85","100","108","105","196","2","15","39","53","63","67","132","2","8","25","54","52","82","141","2","17","27","28","24","19","28","4","13","21","32","21","20","25","0","3","25","18","9","16","20","1","6","17","11","12","14","21","586","174","152","33","38","4","13","4","94","355","115","97","35","14","4","11","2","102","144","52","28","16","18","1","3","1","18","109","30","20","2","3","3","0","1","5"
"s25","voters","ON11771","10","5","4","0","0","0","0","0","0","0","1","4","6","4","3","1","0","0","0","0","0","0","0","0","0","0","0","0","0","0","0","0","0","0","0","0","0","0","0","0","0","0","0","0","0","0","0","0","0","1","0","0","0","0","2","0","1","1","0","0","0","0","1","0","1","0","0","0","0","1","0","0","1","0","0","1","0","0","0","0","0","0","0","0","0","0","0","0","0","0","0","0","0","0","0","0","0","0","0","0","0","2","0","1","0","2","0","0","0","0","1","1","0","1","0","0","0","0","1","0","0","0","0","0","1","0","0","0","0","0","0","0","0","0","0","0","0"
"s25","voters","ON11772","1265","672","312","58","11","8","13","0","4","0","187","554","711","390","110","107","42","8","14","1","1","2","4","5","0","3","0","0","0","2","2","2","0","0","0","1","0","0","0","1","0","13","11","2","0","3","25","34","45","38","46","75","5","48","68","54","64","70","97","0","11","19","23","24","32","43","1","10","18","17","23","25","66","2","11","21","19","14","11","16","3","17","19","14","12","11","17","0","2","6","8","10","10","6","2","5","4","18","5","10","8","361","124","83","22","28","3","12","2","37","171","46","42","10","10","1","5","3","24","101","32","23","7","9","3","5","0","7","61","14","8","3","0","1","2","1","4"
"s25","voters","ON11773","611","342","132","23","3","7","4","0","4","0","96","251","360","222","62","59","20","0","0","1","0","0","0","0","0","0","0","0","0","3","2","1","0","2","2","2","1","3","1","1","0","1","0","1","0","3","11","23","11","13","24","38","1","20","38","22","31","31","76","1","5","12","6","11","12","18","0","4","5","11","8","14","25","2","5","9","10","6","6","8","1","7","11","8","8","6","9","0","1","2","7","1","2","4","0","4","6","1","1","5","7","195","44","45","14","10","3","5","3","23","80","11","20","4","2","0","0","1","14","61","14","8","3","3","1","3","1","2","27","9","2","1","0","0","0","0","2"
"s25","voters","ON11774","121","65","26","6","1","3","1","0","0","0","19","53","68","51","11","7","9","0","0","0","0","0","0","0","0","0","0","0","0","0","0","0","0","0","0","0","0","0","0","0","0","0","0","4","1","0","1","4","5","3","6","4","3","12","9","3","7","2","6","0","0","1","6","1","1","4","0","1","1","2","4","1","4","0","2","3","1","0","1","1","0","2","3","1","3","1","1","0","1","5","0","2","1","0","0","0","2","0","0","0","0","47","5","7","2","1","0","1","0","2","13","4","6","0","1","0","0","0","2","13","0","3","0","1","1","0","0","1","6","2","2","1","0","0","0","0","0"
"s25","voters","ON11775","8","6","0","1","0","0","0","0","0","0","1","2","6","4","0","1","1","0","0","0","0","0","0","0","0","0","0","0","0","0","0","0","0","0","0","0","0","0","0","0","0","1","0","0","0","0","0","0","0","0","0","1","0","2","1","0","0","1","1","0","0","0","0","0","0","0","0","0","0","0","0","0","0","0","0","0","0","0","0","0","0","0","0","0","0","1","0","0","0","1","0","0","0","0","0","0","0","0","0","0","0","4","1","0","0","1","0","0","0","0","0","0","0","0","0","0","0","0","0","1","0","0","0","0","0","0","0","0","1","0","0","0","0","0","0","0","0"
"s25","voters","ON11776","280","178","49","7","1","1","1","0","0","0","43","117","163","105","32","24","6","0","0","1","1","2","2","1","0","0","0","0","0","3","0","0","0","0","0","0","0","0","0","0","0","5","0","0","0","1","6","18","9","4","5","21","1","12","20","15","21","7","38","1","0","5","6","5","2","10","0","1","3","1","2","4","9","0","7","3","2","6","0","2","2","2","6","5","3","0","5","0","0","0","0","2","0","2","0","0","3","0","0","0","3","101","29","21","7","9","1","0","0","10","34","5","5","3","0","1","0","0","1","31","7","3","1","0","0","0","0","1","4","2","3","1","0","0","0","0","0"
"s25","voters","ON11777","81","43","12","6","1","1","0","0","1","0","17","37","44","18","6","9","4","1","0","1","0","0","0","0","0","0","0","0","0","0","0","0","0","0","0","0","0","1","0","1","0","1","0","0","0","0","6","3","4","1","1","4","1","2","5","7","4","2","3","0","1","0","1","1","2","1","0","0","0","1","1","0","4","0","2","2","2","0","1","1","0","3","3","1","1","0","1","0","0","0","1","0","2","1","0","2","1","1","1","0","0","32","4","5","0","2","0","0","0","0","7","2","0","0","2","0","0","0","1","12","3","1","0","1","0","0","0","0","6","1","1","1","0","0","0","0","0"
"s25","voters","ON11778","156","103","27","2","1","1","1","0","0","0","21","64","92","79","19","16","3","0","0","0","0","0","0","0","0","0","0","0","0","0","1","0","0","0","0","0","0","0","1","0","0","1","0","1","1","2","8","4","5","3","4","10","2","13","18","7","8","11","8","0","1","1","3","1","1","6","0","2","3","2","3","1","3","0","3","2","0","0","4","2","0","2","2","2","1","0","3","0","0","2","0","1","1","0","0","1","0","0","0","0","0","57","12","17","2","3","0","2","1","9","18","4","3","0","0","0","1","0","1","12","4","0","0","2","0","1","0","2","3","1","1","0","0","0","0","0","0"
"s25","voters","ON11779","416","259","65","21","7","3","4","0","2","0","55","170","246","189","29","39","19","0","0","0","0","0","0","0","0","0","0","0","0","0","0","0","0","0","0","0","0","3","0","0","1","3","0","1","0","0","13","14","14","8","21","23","1","22","30","25","26","31","31","1","4","1","6","4","10","7","1","2","4","5","0","7","13","0","3","8","6","4","3","1","1","7","4","7","4","3","4","0","0","3","4","5","4","3","0","5","8","2","2","0","1","131","39","43","6","10","3","3","3","21","32","11","9","2","1","0","0","2","8","35","7","5","3","2","3","0","0","0","18","8","4","4","2","0","0","0","1"
"s25","voters","ON11780","4","3","1","0","0","0","0","0","0","0","0","2","2","3","0","0","0","0","0","0","0","0","0","0","0","0","0","0","0","0","0","0","0","0","0","0","0","0","1","0","0","0","0","0","0","0","0","0","1","0","0","0","0","0","0","0","1","0","1","0","0","0","0","0","0","1","0","0","0","0","0","0","0","0","0","0","0","0","0","0","0","0","0","0","0","0","0","0","0","0","0","0","0","0","0","0","0","0","0","0","0","1","1","0","0","0","0","0","0","1","0","0","0","0","0","0","0","0","1","0","0","0","0","0","0","0","0","0","0","0","0","0","0","0","0","0","0"
"s25","voters","ON11781","331","187","60","12","2","2","4","0","3","0","61","137","194","134","34","39","11","3","1","1","0","0","0","0","0","0","0","0","0","0","0","0","0","0","0","0","0","1","0","1","1","0","0","0","2","1","8","10","15","4","15","18","5","16","24","15","18","19","19","0","1","6","3","5","8","8","0","3","1","2","6","7","10","1","3","5","6","5","5","1","0","5","8","5","6","9","2","0","1","1","4","2","1","0","0","3","3","3","1","3","1","106","27","26","7","9","1","0","0","11","35","9","6","4","0","0","0","0","6","34","7","9","3","3","1","3","0","1","15","2","6","0","0","0","0","0","0"
"s25","voters","ON11782","6","1","3","0","0","0","0","0","0","0","2","3","3","1","1","2","0","0","0","0","0","0","0","0","0","0","0","0","0","0","0","0","0","0","0","0","0","0","0","0","0","0","0","0","0","0","0","0","0","0","0","0","0","0","1","0","0","0","0","0","0","1","0","0","0","1","0","0","0","0","0","0","1","0","1","0","0","0","0","0","0","0","0","0","0","1","0","0","0","0","0","0","0","0","0","0","0","0","0","0","0","0","0","0","1","0","0","0","0","0","1","1","0","0","0","0","0","0","1","2","0","0","0","0","0","0","0","0","0","0","0","0","0","0","0","0","0"
"s25","voters","ON11783","84","59","6","2","0","1","2","0","1","0","13","32","52","39","1","11","1","0","0","1","0","0","0","0","0","0","0","0","0","0","0","0","0","0","0","0","0","0","0","0","0","0","0","0","0","0","1","5","5","2","0","9","3","9","8","5","4","3","5","0","1","0","1","0","2","0","0","1","0","0","0","1","0","1","0","0","1","0","0","1","0","1","2","2","1","3","1","0","2","1","0","0","0","0","0","1","1","0","0","0","1","31","10","7","1","3","0","0","1","6","3","1","1","0","0","0","0","0","1","5","2","4","0","0","0","0","1","1","4","2","0","0","0","0","0","0","0"
"s25","voters","ON11784","372","200","87","22","1","4","3","0","1","0","54","176","196","130","55","34","19","0","0","0","0","0","0","0","0","0","0","0","0","0","0","0","0","0","0","0","0","0","2","0","0","1","0","0","0","3","8","10","18","20","16","10","0","17","22","20","18","18","20","0","1","9","6","10","9","10","0","1","7","5","10","10","9","1","4","9","9","2","4","3","0","3","5","6","4","2","2","0","1","4","2","2","3","2","0","2","2","2","6","2","3","96","36","33","8","10","0","1","1","15","51","12","12","0","5","2","0","0","5","36","8","3","4","0","0","2","0","1","16","6","5","0","3","0","0","1","0"
"s25","voters","ON11785","155","102","20","5","4","0","2","0","2","0","20","60","95","87","15","16","12","0","0","0","0","0","0","0","0","0","0","0","0","0","0","0","0","0","0","0","0","0","0","0","0","0","0","1","0","1","5","4","5","5","8","8","0","19","17","6","7","10","7","0","1","2","2","1","2","3","0","1","0","3","2","0","3","0","3","2","2","2","0","0","0","0","5","1","1","0","4","0","0","0","2","2","0","0","0","4","3","0","1","1","0","55","11","17","2","1","2","2","2","10","13","3","4","0","0","0","0","0","0","15","2","0","2","0","0","0","0","1","9","4","0","0","0","0","0","0","0"
"s25","voters","ON21786","9","4","2","0","0","0","0","0","0","0","3","4","5","4","0","0","0","0","0","0","0","0","0","0","0","0","0","2","0","0","0","0","0","0","0","0","0","0","0","0","0","0","0","0","0","0","0","0","0","0","0","1","0","1","0","0","1","0","1","0","0","0","0","0","0","1","0","0","0","0","0","0","1","0","0","0","0","1","1","0","0","0","0","0","0","1","0","0","0","0","0","0","0","0","0","0","0","0","0","0","0","4","0","0","0","0","0","0","0","0","1","0","0","0","0","0","0","0","1","1","0","0","0","0","1","0","0","1","0","0","0","0","0","0","0","0","0"
"s25","voters","ON21787","380","194","89","17","2","0","1","0","2","1","74","158","222","98","29","37","11","5","3","1","0","2","0","1","1","0","0","0","0","1","4","9","0","1","0","0","0","2","2","0","0","4","0","2","1","0","9","16","16","8","11","13","2","14","31","23","12","14","25","0","4","5","4","6","11","13","0","2","2","10","6","14","12","1","3","6","5","5","7","7","2","5","10","8","5","8","2","0","2","0","0","3","2","1","0","3","2","1","3","3","3","131","23","20","3","6","0","3","0","8","45","18","8","2","1","0","0","0","15","39","12","8","4","3","0","1","3","4","16","3","2","1","0","0","0","0","1"
"s25","voters","ON21788","1793","986","431","63","7","8","9","0","4","0","285","764","1029","591","187","149","43","2","6","1","0","1","1","2","0","2","0","0","0","9","3","10","0","2","1","0","0","25","25","17","1","22","13","2","3","6","37","56","51","59","79","109","6","64","96","95","99","80","149","3","7","24","34","35","41","58","2","13","18","32","38","60","66","5","24","26","24","13","17","24","4","22","39","19","23","25","20","0","3","8","9","1","3","8","1","10","10","7","6","8","17","553","176","100","22","34","6","12","5","78","211","64","68","20","16","0","3","5","44","185","29","25","15","8","2","4","1","16","52","18","15","2","3","0","0","1","0"
"s25","voters","ON21789","1045","585","224","33","3","6","5","0","1","0","188","450","595","395","111","114","26","5","2","2","1","0","0","0","0","0","1","0","0","1","1","2","0","3","1","2","0","16","11","6","0","4","4","0","0","1","26","42","25","22","43","66","5","59","66","46","35","64","85","3","11","16","11","10","24","41","0","2","9","17","17","22","41","2","7","17","11","16","19","13","3","24","15","12","19","12","18","0","2","4","5","5","4","4","1","8","5","5","2","1","2","305","94","81","24","18","4","7","5","47","138","27","22","11","2","0","1","2","21","99","28","19","12","7","2","2","0","19","33","5","5","1","1","0","1","0","2"
"s25","voters","ON21790","515","223","209","17","3","1","3","0","0","0","59","230","285","111","47","34","6","1","7","0","1","1","1","1","0","0","0","0","0","1","1","1","1","0","0","0","0","2","1","0","0","4","2","0","0","2","5","12","11","10","13","34","2","13","16","20","13","19","53","0","3","6","17","12","20","38","1","11","8","10","12","26","45","0","4","4","4","6","9","5","2","1","2","4","5","6","7","0","1","5","1","5","2","1","0","1","1","1","1","1","4","123","32","22","5","6","2","3","4","26","108","38","21","4","4","1","2","2","29","36","5","6","5","2","2","2","1","0","17","3","2","1","0","0","1","0","0"
"s25","voters","ON21791","1737","1035","305","62","11","11","13","0","5","0","295","744","993","727","189","194","64","7","5","1","1","0","1","0","0","2","0","1","0","2","3","8","0","2","0","1","0","3","2","2","0","9","5","8","0","5","59","84","42","33","87","88","14","102","123","92","64","94","148","1","15","26","22","16","34","37","4","11","18","20","21","27","53","2","30","26","26","21","21","20","3","29","35","20","21","18","23","4","5","14","5","4","7","10","0","9","12","9","4","10","9","540","174","136","31","37","7","14","14","82","197","38","36","7","4","1","1","3","18","162","43","38","21","11","5","4","3","8","65","16","10","6","2","1","1","0","1"
"s25","voters","ON21792","139","65","40","3","0","2","0","0","2","0","27","50","89","29","21","11","2","0","0","0","0","0","0","1","0","0","0","0","0","2","2","6","0","0","1","1","0","1","0","0","0","2","0","2","0","0","2","2","4","1","3","4","0","4","16","7","4","12","6","0","1","1","4","4","2","9","1","0","5","2","3","2","6","0","0","2","3","0","1","3","0","2","3","2","1","3","7","0","0","2","2","0","0","0","1","1","1","0","0","0","0","39","14","9","1","0","0","0","0","2","23","5","6","0","1","0","0","0","5","18","2","4","3","0","0","0","0","0","7","0","0","0","0","0","0","0","0"
"s25","voters","ON21793","92","45","24","5","1","1","1","0","0","0","15","36","56","26","10","10","1","1","1","0","0","1","0","0","0","1","1","0","0","0","0","1","0","0","0","0","0","0","0","0","0","0","0","0","0","1","1","3","2","1","5","4","0","1","5","4","3","10","5","0","0","0","0","2","5","1","0","0","2","3","2","2","7","0","1","1","2","0","3","1","1","0","0","3","1","2","0","0","0","0","2","0","0","1","0","0","1","0","2","1","1","26","8","6","0","0","1","0","1","3","14","5","3","1","0","0","0","0","1","7","0","4","2","0","0","1","0","1","3","0","3","0","0","1","0","0","1"
"s25","voters","ON21794","1315","691","352","51","5","9","9","0","8","0","190","580","735","436","162","112","44","1","5","0","1","0","0","0","0","2","0","0","0","8","3","4","1","3","0","1","0","0","4","0","0","11","2","7","3","2","31","39","26","41","42","95","2","37","73","50","56","97","100","1","14","11","22","27","40","57","1","12","20","27","28","34","58","2","10","22","20","17","13","7","3","11","21","17","13","19","15","1","3","5","12","5","6","9","0","11","6","8","4","6","6","359","100","96","26","24","3","11","7","65","192","49","52","1","14","3","4","0","37","93","39","22","11","9","2","7","0","7","50","16","5","2","2","2","3","1","1"
"s25","voters","ON21795","1080","605","272","45","8","3","5","0","4","0","138","457","623","357","98","75","33","4","5","0","0","1","0","0","0","3","2","0","0","1","1","1","1","2","1","0","0","3","5","1","0","16","9","3","1","1","18","20","27","26","41","93","6","35","70","43","36","63","126","0","7","15","13","19","27","53","0","2","5","13","13","27","78","3","10","9","9","6","7","16","2","19","15","11","8","10","13","0","5","4","6","2","7","13","1","4","5","2","4","3","9","372","89","65","25","8","4","3","2","37","156","47","31","9","6","1","1","4","17","80","14","18","9","5","1","4","2","5","41","11","6","2","3","1","0","1","0"
"s25","voters","ON21796","64","27","17","6","0","0","1","0","0","0","13","30","34","15","10","11","5","0","0","0","0","0","0","0","0","0","0","0","0","0","0","0","0","0","0","0","0","0","0","0","0","0","1","0","0","0","1","2","1","1","2","5","0","3","5","3","0","1","3","0","1","1","2","1","2","1","0","0","0","2","3","3","1","0","1","1","2","1","1","2","0","1","1","0","0","3","0","0","0","0","0","0","1","1","0","1","1","1","0","1","1","21","4","2","0","0","0","0","0","0","11","2","1","1","0","0","0","1","1","5","3","1","1","2","0","0","0","1","7","0","0","0","0","0","0","0","0"
"s25","voters","ON21797","584","276","183","22","2","4","6","0","0","0","91","276","308","159","71","43","16","0","0","0","0","1","0","1","0","2","2","1","1","6","2","10","1","0","0","0","0","5","5","2","2","8","0","1","0","0","14","15","14","23","16","33","0","16","19","28","29","21","48","1","11","9","5","24","15","30","2","4","10","7","16","24","25","0","1","16","8","9","4","10","1","7","5","8","7","4","11","0","3","2","5","2","2","4","1","0","3","2","1","5","4","157","44","32","10","7","0","2","2","22","116","18","17","7","5","1","1","1","17","49","6","12","7","6","5","1","0","5","19","11","3","0","0","0","0","0","1"
"s25","voters","ON21798","462","173","205","19","3","2","1","0","1","0","58","195","267","86","42","23","9","2","11","2","0","1","0","1","0","0","0","0","0","1","1","4","0","1","0","0","0","2","1","2","0","1","0","0","0","2","2","15","10","11","8","22","2","6","14","13","17","17","34","0","2","2","11","11","13","49","0","1","2","7","12","20","75","1","2","2","6","5","3","8","1","5","5","6","3","3","8","0","1","2","1","2","1","3","0","3","1","2","2","1","7","93","27","21","2","9","1","0","1","19","124","34","16","9","4","4","2","0","12","35","6","9","2","2","0","2","0","2","18","4","1","1","0","0","0","0","2"
"s25","voters","ON21799","64","36","17","0","0","0","0","0","0","0","11","32","32","30","6","3","0","2","3","0","0","1","0","0","0","2","0","0","0","0","0","0","0","0","0","0","0","0","0","0","0","0","0","2","0","0","0","2","4","4","2","3","0","3","1","3","4","3","7","0","1","2","0","2","4","2","0","0","0","0","1","1","4","0","2","0","3","0","0","1","0","0","0","4","0","0","1","0","0","0","0","0","0","0","0","0","0","0","0","0","0","19","5","4","3","1","0","0","0","4","8","3","2","0","0","0","0","0","4","4","2","4","0","1","0","0","0","0","0","0","0","0","0","0","0","0","0"
"s25","voters","ON21802","2","0","1","0","0","0","0","0","0","0","1","1","1","0","0","0","0","0","0","0","0","0","0","0","0","0","0","0","0","0","0","1","0","0","0","0","0","0","0","0","0","0","0","0","0","0","0","0","0","0","0","0","0","0","0","0","0","0","0","0","0","0","0","0","1","0","0","0","0","0","0","0","0","0","0","0","0","0","0","0","0","0","0","0","0","1","0","0","0","0","0","0","0","0","0","0","0","0","0","0","0","0","0","0","0","0","0","0","0","0","1","0","0","0","0","0","0","0","0","1","0","0","0","0","0","0","0","0","0","0","0","0","0","0","0","0","0"
"s25","voters","ON21865","99","48","36","2","0","3","0","0","0","0","10","47","52","30","13","1","0","2","0","0","0","0","0","0","0","0","0","0","0","1","2","1","0","0","0","0","0","1","0","0","0","0","0","1","0","0","0","0","3","2","7","8","0","5","5","3","1","6","8","0","1","5","1","3","3","3","0","0","4","2","3","4","7","0","0","0","3","1","1","2","0","0","1","0","1","1","0","0","0","1","0","0","1","2","0","0","0","0","0","0","1","27","3","8","0","3","0","0","0","7","24","5","3","1","0","1","0","0","2","4","1","1","1","2","0","0","0","1","4","1","0","0","0","0","0","0","0"
"s25","voters","ON21866","6","4","1","0","0","0","0","0","0","0","1","2","4","4","1","1","0","0","0","0","0","0","0","0","0","0","0","0","0","0","0","0","0","0","0","0","0","0","0","0","0","0","0","0","0","0","0","0","0","1","0","0","0","0","0","0","1","1","1","0","0","0","0","0","0","0","0","0","0","1","0","0","0","1","0","0","0","0","0","0","0","0","0","0","0","0","0","0","0","0","0","0","0","0","0","0","0","0","0","0","0","3","0","1","0","0","0","0","0","0","0","1","0","0","0","0","0","0","0","1","0","0","0","0","0","0","0","0","0","0","0","0","0","0","0","0","0"
"s25","voters","ON31804","1324","642","426","51","6","8","8","0","2","0","181","587","737","403","161","100","40","8","15","2","4","0","3","0","0","5","1","0","0","6","3","3","2","2","0","0","1","2","0","2","0","7","3","8","2","4","20","42","33","37","39","85","6","45","56","49","67","56","103","1","14","17","34","37","37","75","1","7","9","24","37","40","93","2","13","14","14","14","13","11","2","14","18","14","24","14","14","0","7","5","3","4","6","6","0","6","12","9","7","4","6","330","107","87","17","28","6","12","2","53","208","62","45","14","19","3","8","5","62","99","27","15","14","9","1","4","1","11","52","13","4","3","1","0","1","0","1"
"s25","voters","ON31805","1901","969","528","88","5","9","16","0","8","0","278","867","1034","403","195","112","46","13","16","2","1","1","1","2","0","4","1","2","0","7","11","5","1","16","2","5","0","4","2","3","0","31","8","7","4","2","37","61","58","44","78","116","4","45","80","93","81","105","165","0","16","24","41","53","59","66","1","14","28","41","46","54","85","3","15","24","30","26","28","23","4","17","20","20","28","20","20","0","5","6","15","14","9","14","4","7","11","5","11","7","18","522","171","122","38","33","4","10","4","65","310","56","73","17","8","4","4","5","51","155","38","31","23","11","2","2","1","15","85","22","12","2","1","0","0","1","3"
"s25","voters","ON31806","2740","1306","847","113","4","16","19","0","6","0","429","1229","1511","423","231","124","45","17","16","5","4","18","15","3","0","10","4","3","0","75","61","70","8","38","12","16","2","14","8","7","5","69","28","33","7","2","34","87","140","68","74","134","8","46","131","185","108","110","179","4","19","67","89","56","84","88","1","15","70","67","90","79","118","1","10","50","48","31","27","39","0","15","43","60","25","37","43","0","4","8","22","20","11","12","2","6","14","16","18","11","14","897","239","144","17","8","0","1","0","0","632","117","82","11","3","1","0","1","0","304","80","38","4","3","0","0","0","0","102","29","21","3","3","0","0","0","0"
"s25","voters","ON31807","1276","668","311","57","2","7","7","0","3","0","221","570","706","211","103","59","22","7","6","5","3","5","11","3","0","3","2","5","0","53","16","29","6","19","3","11","2","17","9","8","1","39","20","15","2","2","15","48","77","53","33","32","4","32","98","105","64","46","59","2","5","29","44","29","20","24","0","5","36","46","23","32","16","1","11","23","33","18","15","12","2","11","25","27","18","14","11","1","2","10","10","11","7","3","0","1","6","10","5","6","4","460","137","43","20","8","0","0","0","0","218","62","18","11","1","0","1","0","0","148","52","15","6","0","0","0","0","0","55","16","5","0","0","0","0","0","0"
"s25","voters","ON31808","357","171","108","15","3","3","2","0","0","0","55","152","205","68","39","15","7","1","1","1","1","2","3","3","0","1","1","0","0","5","8","5","1","0","0","0","0","9","3","2","0","4","3","3","0","0","6","7","9","19","19","11","2","12","13","16","20","23","14","0","5","5","8","18","10","7","3","2","4","15","14","9","8","0","4","2","5","6","3","3","0","1","6","8","12","3","2","0","1","0","1","1","2","0","0","2","2","3","5","3","3","88","22","29","10","8","3","1","1","9","69","19","11","4","2","2","0","0","1","34","6","7","2","4","0","0","1","1","17","5","1","0","0","0","0","0","0"
"s25","voters","ON31809","1601","825","450","70","7","13","9","0","6","0","221","716","885","409","186","112","45","7","8","2","1","1","3","1","1","4","3","0","0","14","15","7","1","8","2","2","0","7","10","5","0","19","10","10","0","3","26","55","34","46","61","107","4","39","66","76","70","102","136","0","11","16","30","40","61","66","0","16","19","29","32","66","64","1","15","24","19","12","21","18","1","21","21","13","20","15","20","1","6","10","2","7","15","9","0","11","10","10","4","11","9","439","136","98","30","20","7","11","2","82","233","67","63","12","11","3","7","3","51","133","25","22","17","8","2","4","0","10","64","22","12","4","0","0","1","0","2"
"s25","voters","ON31810","504","268","155","19","2","2","2","0","1","0","55","233","271","125","59","22","9","5","8","0","2","0","0","0","0","2","0","0","0","3","3","1","0","3","2","1","0","4","3","1","0","2","5","2","1","1","9","15","13","9","22","42","0","16","20","17","17","35","52","0","4","3","13","9","26","20","0","6","7","8","14","26","19","0","7","8","3","4","3","9","0","4","3","2","6","4","2","0","1","5","1","2","3","1","0","1","3","0","0","5","4","150","48","24","6","7","1","6","2","24","73","29","21","10","3","1","2","0","16","26","9","10","1","1","3","3","0","2","9","8","5","1","1","0","0","0","2"
"s25","voters","ON31811","353","176","87","10","0","1","0","0","1","0","78","153","200","56","26","17","5","6","0","2","1","0","1","0","0","0","0","0","0","18","6","19","0","3","0","3","0","5","0","2","0","13","8","3","0","1","11","17","16","8","3","13","0","14","33","17","17","15","11","0","4","5","12","8","5","7","2","3","7","10","8","6","10","0","3","4","9","4","11","6","0","3","6","8","6","10","8","0","0","2","2","2","0","0","0","1","1","1","3","0","0","142","14","15","4","0","0","0","0","1","59","11","10","5","1","0","0","0","1","56","7","13","2","0","0","0","0","0","8","2","0","2","0","0","0","0","0"
"s25","voters","ON31812","415","184","125","15","1","1","6","0","5","0","78","179","236","51","48","16","6","1","1","0","1","3","1","1","0","0","0","0","0","22","15","25","4","9","4","2","1","7","0","3","0","13","12","4","0","1","5","18","16","13","10","11","1","11","24","39","12","9","14","0","4","13","6","15","10","10","1","6","14","10","15","12","9","0","2","4","10","9","5","4","0","5","10","10","6","9","4","0","2","2","3","2","2","2","0","0","5","5","2","0","3","144","39","0","0","1","0","0","0","0","100","23","2","0","0","0","0","0","0","62","14","2","0","0","0","0","0","0","25","3","0","0","0","0","0","0","0"
"s25","voters","ON31813","52","26","15","0","0","0","2","0","0","0","9","21","31","14","5","6","2","0","0","0","0","0","0","0","0","0","0","0","0","0","0","0","0","0","0","0","0","0","0","0","0","0","1","0","0","0","1","3","1","0","0","5","0","2","6","3","2","2","1","0","1","0","2","2","0","0","0","2","1","3","1","2","1","0","1","2","1","1","0","0","0","0","3","1","0","0","0","0","0","0","1","0","0","0","0","0","1","0","0","0","0","21","4","0","1","0","0","0","0","0","10","0","4","0","0","0","0","0","1","7","1","1","0","0","0","0","0","0","0","1","1","0","0","0","0","0","0"
"s25","voters","ON31814","142","78","46","3","0","1","0","0","0","0","14","67","75","38","20","8","4","0","0","1","0","0","0","0","0","0","0","0","0","0","0","1","0","0","0","0","0","0","6","1","0","5","4","0","0","0","7","6","3","3","4","11","1","7","4","4","4","7","17","0","1","5","1","4","5","8","0","1","3","1","5","5","7","0","0","2","1","0","1","2","0","3","0","1","1","0","3","0","0","0","1","1","0","1","0","0","0","0","1","0","0","40","12","10","3","8","0","1","0","4","28","8","4","1","0","0","0","0","5","8","1","1","3","0","0","0","0","1","2","2","0","0","0","0","0","0","0"
"s25","voters","ON31867","1629","777","512","68","3","10","13","0","4","0","242","710","919","490","219","144","47","5","13","4","2","1","1","0","1","0","0","0","0","4","2","3","0","2","4","1","1","4","2","1","1","12","12","4","1","6","17","39","43","44","44","99","6","62","63","73","69","91","121","0","19","26","38","49","45","76","1","13","25","42","42","50","86","3","15","22","21","21","18","19","3","22","25","18","12","18","25","0","8","11","3","9","8","7","1","12","6","7","8","9","9","404","140","109","21","26","3","6","1","67","282","67","60","23","12","2","4","2","60","127","33","31","19","7","5","1","3","16","65","17","11","2","2","0","0","0","1"
"s25","voters","ON31868","2119","965","742","92","4","17","11","0","7","0","281","972","1147","529","265","128","65","11","20","5","0","5","6","1","0","1","3","5","1","25","16","23","3","12","2","2","1","19","25","11","4","28","17","4","5","0","33","46","54","58","77","113","7","51","89","73","81","109","174","1","30","30","52","67","77","124","1","28","20","58","62","78","114","0","21","25","22","21","23","27","1","16","22","26","34","26","17","2","6","14","12","8","8","21","1","11","9","9","8","9","13","491","159","149","32","31","8","8","4","83","385","94","111","35","18","3","5","5","86","148","38","39","13","13","1","4","1","24","83","18","20","4","4","0","1","0","1"
"s25","voters","ON31869","60","14","34","1","0","0","0","0","0","0","11","31","29","9","4","7","1","0","0","0","0","0","0","0","0","0","0","0","0","0","0","0","0","1","0","1","0","0","0","0","0","0","1","0","0","0","1","0","0","1","2","0","0","7","1","0","0","2","0","0","2","1","0","4","4","7","0","2","2","1","2","2","7","0","3","1","1","0","1","2","0","2","1","0","0","0","0","0","1","0","0","0","0","0","0","0","0","0","0","0","0","8","2","2","0","0","0","0","1","1","20","3","6","0","0","0","0","0","5","7","0","4","0","0","0","0","0","0","1","0","0","0","0","0","0","0","0"
"s25","voters","ON31870","25","8","13","1","0","0","0","0","0","0","3","14","11","4","1","2","0","0","0","0","0","0","0","0","0","0","0","0","0","0","0","0","0","0","0","0","0","0","0","0","0","0","0","0","0","0","0","0","1","1","2","1","0","0","0","0","1","0","2","0","0","0","0","0","3","5","0","0","0","0","0","1","4","0","0","0","0","0","0","1","0","0","1","0","0","1","0","0","0","0","0","0","0","0","0","0","0","0","0","0","1","2","1","2","0","0","0","0","0","3","9","0","1","0","0","0","0","0","3","2","0","0","0","1","0","0","0","0","1","0","0","0","0","0","0","0","0"
"s25","voters","ON41740","301","156","69","12","0","5","0","0","2","0","57","127","174","114","38","39","13","2","0","0","0","0","0","0","0","0","0","0","0","0","0","2","0","0","0","0","0","3","1","1","0","2","3","1","0","0","5","12","10","12","12","12","1","12","14","9","16","16","25","0","3","4","3","7","3","13","0","3","5","4","4","7","13","1","6","2","7","2","3","3","2","9","7","1","5","5","4","0","1","3","0","2","1","0","0","2","3","0","3","2","2","74","32","29","5","5","0","1","2","8","38","10","8","2","0","0","2","1","8","32","6","12","5","1","0","1","0","0","13","2","4","0","0","0","0","0","0"
"s25","voters","ON41741","621","337","151","21","3","7","3","0","0","0","99","270","351","187","48","54","14","4","9","3","0","1","0","0","0","0","0","0","0","3","2","4","0","0","0","0","0","9","2","6","1","3","6","2","2","1","6","20","13","21","26","40","3","22","31","25","28","38","63","2","3","6","10","10","20","33","0","2","7","7","12","18","21","1","3","6","7","6","12","5","2","6","12","13","13","6","7","0","3","4","4","2","3","3","0","0","2","3","2","5","3","154","55","42","16","11","2","8","4","45","90","17","20","3","6","0","1","0","14","53","9","11","13","4","2","1","0","6","22","5","4","2","0","0","0","0","1"
"s25","voters","ON41742","514","293","115","15","2","2","4","1","0","0","82","205","309","138","43","40","11","6","2","1","0","3","1","0","0","1","0","2","0","2","2","2","0","1","1","1","0","4","6","2","1","6","4","3","0","0","7","12","10","17","21","35","6","28","34","23","28","24","48","0","4","9","7","5","14","19","0","1","6","9","6","15","20","0","8","7","4","4","3","6","1","12","10","3","7","6","11","0","3","2","1","3","1","3","1","2","1","3","1","1","2","161","47","39","9","7","1","3","2","24","68","15","16","3","3","0","1","0","9","48","11","12","3","2","0","2","0","4","12","6","4","0","1","0","0","0","1"
"s25","voters","ON41743","2","2","0","0","0","0","0","0","0","0","0","1","1","1","0","0","0","0","0","0","0","0","0","0","0","0","0","0","0","0","0","0","0","0","0","0","0","0","0","0","0","0","0","0","0","0","0","0","0","0","1","0","0","0","0","0","0","1","0","0","0","0","0","0","0","0","0","0","0","0","0","0","0","0","0","0","0","0","0","0","0","0","0","0","0","0","0","0","0","0","0","0","0","0","0","0","0","0","0","0","0","2","0","0","0","0","0","0","0","0","0","0","0","0","0","0","0","0","0","0","0","0","0","0","0","0","0","0","0","0","0","0","0","0","0","0","0"
"s25","voters","ON41744","30","22","4","1","0","0","0","0","0","0","3","16","14","22","4","3","1","0","0","0","0","0","0","0","0","0","0","0","0","0","0","0","0","0","0","0","0","0","0","0","0","0","0","0","0","0","1","4","2","1","1","4","1","0","2","2","3","1","0","0","0","0","0","1","0","0","0","1","0","0","1","1","0","0","1","0","1","0","0","0","0","0","1","0","0","0","0","0","0","0","0","0","0","0","0","1","0","0","0","0","0","12","0","4","1","1","0","1","0","3","4","0","0","0","0","0","0","0","0","1","0","2","0","0","0","0","0","0","1","0","0","0","0","0","0","0","0"
"s25","voters","ON41745","112","66","18","4","0","3","1","0","1","0","19","50","62","44","11","13","4","1","0","0","0","0","0","0","0","0","0","0","0","0","1","0","0","0","0","0","0","0","0","0","0","2","0","0","0","0","5","10","1","0","5","6","0","7","9","4","2","8","9","0","0","3","1","1","2","4","0","0","1","4","0","1","1","0","3","1","0","3","0","0","1","2","3","0","1","2","3","0","0","1","2","0","0","2","0","0","1","1","0","1","1","42","8","9","1","1","0","1","0","4","9","2","3","1","0","1","0","0","2","9","1","6","0","1","0","0","1","1","3","3","2","0","1","0","0","0","0"
"s25","voters","ON41746","1669","942","361","54","18","13","9","0","5","0","267","756","913","680","173","185","56","8","1","3","0","0","0","0","0","1","1","0","0","0","1","2","0","3","1","2","0","5","2","2","2","14","7","6","2","2","33","59","54","51","63","113","10","58","105","85","74","95","140","2","15","25","23","27","40","57","0","9","13","23","20","48","59","5","18","36","30","16","18","15","3","20","31","14","22","18","21","0","8","11","7","7","12","9","0","5","13","5","8","6","8","487","153","133","26","41","3","11","5","83","188","55","40","16","12","2","4","2","42","150","32","34","18","8","4","7","5","9","63","19","9","3","1","0","1","0","3"
"s25","voters","ON41747","96","54","19","3","1","1","1","0","0","0","17","33","63","20","11","5","3","0","0","0","0","1","0","2","0","0","2","0","0","0","1","0","0","0","0","0","0","2","0","0","0","3","0","0","0","0","2","1","1","5","4","4","0","5","4","8","6","8","6","0","0","2","2","2","1","1","0","1","2","0","4","0","4","0","1","1","2","0","2","1","1","1","1","2","0","4","1","0","0","0","0","0","1","0","0","1","2","0","0","2","0","40","6","5","0","2","0","0","0","1","15","2","2","0","0","0","0","0","0","12","3","0","2","0","0","0","0","0","4","2","0","0","0","0","0","0","0"
"s25","voters","ON41749","1069","635","180","49","5","7","5","0","5","0","183","409","660","223","50","63","17","2","3","1","3","1","6","3","0","4","0","0","0","12","6","8","2","5","4","3","0","5","2","1","0","9","4","5","0","0","20","50","41","32","36","29","3","38","129","65","50","84","58","0","3","16","16","19","21","13","0","5","15","22","12","17","21","1","9","22","15","17","9","10","1","13","26","23","19","8","10","0","2","4","9","8","4","3","1","5","6","12","6","9","2","477","72","42","15","6","2","2","0","19","135","21","13","5","2","0","0","0","4","132","25","14","6","2","1","0","1","2","48","13","8","1","1","0","0","0","0"
"s25","voters","ON41751","157","76","36","9","1","2","3","0","1","0","29","65","92","24","14","7","6","0","3","1","0","1","2","0","0","1","0","0","0","1","1","0","1","0","0","0","0","0","0","0","0","1","2","0","0","0","2","8","5","6","1","4","0","3","22","11","6","3","5","1","3","5","5","1","3","0","0","2","6","2","5","2","1","0","1","3","4","3","1","0","0","3","6","4","1","3","0","0","1","4","3","1","0","0","0","0","2","1","2","1","1","64","11","1","0","0","0","0","0","0","29","5","2","0","0","0","0","0","0","24","3","2","0","0","0","0","0","0","14","1","1","0","0","0","0","0","0"
"s25","voters","ON41752","174","102","29","6","1","4","2","0","1","0","29","79","95","29","10","7","0","0","0","1","0","1","1","0","0","0","0","1","0","5","0","1","0","1","0","1","2","2","0","0","0","2","0","0","0","0","2","15","10","3","5","5","0","1","21","11","13","11","5","0","0","4","1","6","5","1","0","0","3","0","3","4","2","1","1","6","2","2","2","1","0","0","4","5","3","1","1","0","0","2","1","2","2","0","0","1","0","2","2","1","1","85","6","7","1","1","0","1","0","1","25","2","1","0","0","0","0","0","1","23","2","1","3","0","0","0","0","0","13","1","0","0","0","0","0","0","0"
"s25","voters","ON41815","225","120","60","14","0","4","1","0","0","0","26","78","147","66","31","11","7","1","0","0","0","0","0","2","0","0","0","0","0","0","0","2","0","1","0","0","0","2","2","0","0","5","1","4","0","0","4","5","6","8","3","6","0","14","17","17","12","14","14","0","4","1","3","5","6","8","0","2","5","3","9","7","7","0","1","0","1","1","2","5","0","5","4","3","1","2","1","0","4","4","0","1","0","0","0","0","2","1","4","2","1","70","19","15","4","5","0","2","0","5","32","15","8","4","0","0","0","0","1","18","4","2","1","1","0","0","0","0","16","3","0","0","0","0","0","0","0"
"s25","voters","ON41816","1506","919","276","60","12","11","12","0","7","1","208","651","855","594","131","136","55","4","4","1","3","0","7","2","0","0","0","0","0","9","3","5","2","1","0","0","0","1","0","1","2","14","5","6","0","4","39","61","43","56","60","109","9","67","110","70","78","70","143","1","5","19","31","17","27","38","0","5","11","24","18","39","41","3","12","26","17","16","7","15","3","10","34","25","11","15","14","1","7","16","6","4","9","2","2","10","15","10","6","7","8","501","133","116","31","39","9","13","7","70","168","43","38","7","4","0","3","0","13","130","25","21","12","10","1","1","1","7","75","15","5","4","1","1","0","0","2"
"s25","voters","ON41817","329","209","33","12","6","3","2","0","0","0","64","136","193","153","20","50","21","2","0","0","0","0","0","0","0","0","0","0","0","0","0","0","0","0","0","0","0","4","2","1","0","2","0","1","0","0","14","16","13","8","15","11","4","34","34","15","15","13","17","0","1","2","6","3","4","3","0","0","2","4","1","1","6","0","8","11","5","3","0","3","1","14","5","3","1","7","3","0","1","3","4","1","1","0","1","2","2","4","3","1","0","119","32","24","8","7","2","4","1","12","18","8","6","0","1","0","0","0","0","43","7","5","3","2","0","0","2","2","16","5","1","0","1","0","0","0","0"
"s25","voters","ON41818","437","252","81","22","6","4","2","0","3","0","67","180","257","176","43","39","20","0","1","0","0","0","0","0","0","0","0","0","0","1","0","0","0","1","1","0","0","0","0","1","0","5","4","0","2","1","20","9","15","11","20","22","7","35","23","23","23","19","24","0","0","3","6","7","9","13","0","1","9","7","4","8","14","0","2","6","6","4","4","4","1","12","9","6","6","6","1","0","4","4","4","3","2","1","0","3","6","4","2","3","1","148","44","26","8","8","1","1","1","15","44","11","14","4","2","1","0","0","5","37","12","7","6","3","0","2","0","0","20","7","7","1","1","0","0","0","1"
"s25","voters","ON41819","833","531","125","21","7","9","10","0","5","0","125","349","484","355","60","74","28","4","4","1","0","0","0","0","0","3","0","1","1","3","0","2","0","0","0","0","0","1","0","1","0","11","2","1","1","1","20","34","31","29","43","41","4","45","60","57","47","46","73","0","2","10","8","12","13","15","1","0","7","17","9","12","19","1","9","14","12","7","14","8","2","4","18","13","6","7","10","0","3","7","8","3","3","1","0","4","6","4","6","5","2","285","89","65","18","20","4","12","4","34","67","20","15","1","3","0","2","1","16","70","19","13","5","5","3","1","1","8","34","9","5","4","0","0","0","0","0"
"s25","voters","ON41820","3","2","0","0","0","0","0","0","0","0","1","0","3","0","0","0","0","0","0","0","0","0","0","0","0","0","0","0","0","0","0","0","0","0","0","0","0","0","0","0","0","0","0","0","0","0","0","0","0","0","0","0","0","0","0","0","1","0","1","0","0","0","0","0","0","0","0","0","0","0","0","0","0","0","0","0","0","0","0","0","0","0","0","1","0","0","0","0","0","0","0","0","0","0","0","0","0","0","0","0","0","2","0","0","0","0","0","0","0","0","0","0","0","0","0","0","0","0","0","0","1","0","0","0","0","0","0","0","0","0","0","0","0","0","0","0","0"
"s25","voters","ON41821","1","0","1","0","0","0","0","0","0","0","0","0","1","0","0","0","0","0","0","0","0","0","1","0","0","0","0","0","0","0","0","0","0","0","0","0","0","0","0","0","0","0","0","0","0","0","0","0","0","0","0","0","0","0","0","0","0","0","0","0","0","0","0","0","0","0","0","0","0","0","1","0","0","0","0","0","0","0","0","0","0","0","0","0","0","0","0","0","0","0","0","0","0","0","0","0","0","0","0","0","0","0","0","0","0","0","0","0","0","0","0","1","0","0","0","0","0","0","0","0","0","0","0","0","0","0","0","0","0","0","0","0","0","0","0","0","0"
"s25","voters","ON41822","1","0","1","0","0","0","0","0","0","0","0","0","1","0","0","0","0","0","0","0","0","0","0","0","0","0","0","0","0","0","0","0","0","0","0","0","0","0","0","0","0","0","0","0","0","0","0","0","0","0","0","0","0","0","0","0","0","0","0","0","0","0","0","0","0","0","0","0","0","1","0","0","0","0","0","0","0","0","0","0","0","0","0","0","0","0","0","0","0","0","0","0","0","0","0","0","0","0","0","0","0","0","0","0","0","0","0","0","0","0","1","0","0","0","0","0","0","0","0","0","0","0","0","0","0","0","0","0","0","0","0","0","0","0","0","0","0"
"s25","voters","ON41823","3","0","2","1","0","0","0","0","0","0","0","2","1","0","0","0","1","0","0","0","0","0","0","0","0","0","0","0","0","0","0","0","0","0","0","0","0","0","0","0","0","0","0","0","0","0","0","0","0","0","0","0","0","0","0","0","0","0","0","0","0","0","0","0","0","2","0","0","0","0","0","0","0","0","0","0","0","0","0","0","0","0","0","0","0","0","0","0","0","0","0","0","0","0","0","0","0","0","0","1","0","0","0","0","0","0","0","0","0","0","1","1","0","0","0","0","0","0","0","0","0","0","0","0","0","0","0","0","0","1","0","0","0","0","0","0","0"
"s25","voters","ON41824","1","0","0","0","0","0","0","0","0","0","1","0","1","0","0","1","0","0","0","0","0","0","0","0","0","0","0","0","0","0","0","0","0","0","0","0","0","0","0","0","0","0","0","0","0","0","0","0","0","0","0","0","0","0","0","0","0","0","0","0","0","0","0","0","0","0","0","0","0","0","0","0","0","0","0","0","0","0","0","0","0","0","0","0","0","0","1","0","0","0","0","0","0","0","0","0","0","0","0","0","0","0","0","0","0","0","0","0","0","0","0","0","0","0","0","0","0","0","0","0","0","1","0","0","0","0","0","0","0","0","0","0","0","0","0","0","0"
"s25","voters","RC11221","337","92","181","18","0","1","0","0","0","0","45","161","176","27","36","2","3","2","2","0","0","1","0","1","0","0","0","0","0","2","0","4","0","0","0","0","0","1","0","0","0","1","0","1","1","0","0","6","5","6","4","17","0","6","6","5","5","13","19","0","4","7","10","8","21","40","2","4","7","6","8","25","39","0","4","1","4","2","4","8","0","3","1","3","3","5","7","0","1","1","0","0","1","7","1","0","1","1","1","2","3","55","12","11","5","3","0","2","0","4","88","33","21","1","5","1","0","3","29","23","3","9","3","0","1","0","1","5","14","3","1","1","0","0","0","0","0"
"s25","voters","RC11222","408","155","176","20","2","4","5","0","0","0","46","176","232","44","41","12","10","6","4","1","0","2","2","0","0","0","0","0","0","3","2","4","0","3","0","0","0","0","0","0","0","2","2","0","0","1","4","7","10","10","7","15","0","10","10","12","20","12","37","1","6","5","7","17","25","27","0","4","9","9","14","18","34","0","2","3","4","8","1","5","0","3","3","4","3","6","4","0","0","3","2","1","0","5","0","4","2","1","1","4","8","85","26","17","6","4","2","2","2","11","103","24","23","6","4","2","0","1","13","29","6","7","1","0","0","0","0","3","21","9","1","0","0","0","0","0","0"
"s25","voters","RC11223","1829","584","946","89","1","9","6","0","7","1","186","867","962","205","195","39","26","9","21","4","3","2","0","2","0","1","4","3","0","5","1","7","0","5","3","3","0","1","3","1","0","9","16","4","5","1","20","21","20","29","42","113","4","21","31","39","50","48","145","5","23","34","52","67","93","194","1","19","29","66","58","107","198","2","13","11","22","13","20","23","0","8","10","17","15","10","22","1","2","4","7","10","10","15","0","3","6","7","13","11","24","294","107","66","24","7","2","3","3","78","470","135","106","47","28","4","13","7","136","95","29","23","10","6","0","4","0","19","70","26","7","3","2","1","0","0","4"
"s25","voters","RC11224","764","222","413","25","0","7","7","0","2","0","88","348","416","90","96","18","12","9","25","4","2","3","0","0","0","0","0","0","0","0","3","0","0","3","0","0","0","0","1","0","0","3","2","2","1","0","5","4","9","12","14","44","3","6","12","14","16","27","56","2","17","13","29","30","31","78","0","9","12","41","28","50","73","0","2","4","12","7","6","11","0","6","3","8","9","6","14","0","1","1","3","4","5","4","0","4","1","2","3","5","8","129","33","21","6","9","0","2","2","20","210","57","57","13","7","3","7","2","57","42","17","11","5","1","1","0","2","9","30","5","2","0","2","1","0","0","1"
"s25","voters","RC11225","3372","929","1778","165","7","15","35","0","6","1","436","1618","1754","244","247","77","54","20","57","9","6","2","2","0","0","8","9","5","1","13","14","22","2","13","9","7","1","7","6","3","1","7","5","2","1","2","34","32","30","49","61","165","3","44","53","64","78","97","217","4","58","70","102","137","186","343","2","46","37","128","110","224","331","1","23","25","42","48","37","63","4","27","11","37","31","33","54","2","12","10","17","19","26","20","0","13","16","15","18","22","39","461","163","108","35","25","4","10","4","119","896","287","218","72","39","10","25","13","218","232","66","48","35","11","4","7","4","29","127","45","30","10","7","1","1","1","7"
"s25","voters","RC11226","854","233","465","41","1","4","6","0","4","0","100","408","446","57","63","17","8","5","10","7","1","6","2","1","0","2","0","0","0","10","0","3","1","4","4","5","0","0","0","0","0","3","4","2","0","0","5","9","6","12","19","48","1","7","12","10","19","24","61","2","15","11","29","34","39","97","0","9","19","30","32","52","96","0","6","6","6","4","21","14","1","10","4","8","7","10","3","0","5","3","0","3","6","8","0","4","4","4","2","8","9","122","35","27","7","4","0","5","2","31","234","71","47","19","11","0","3","2","78","46","16","14","7","7","0","2","0","8","34","10","4","4","2","1","0","0","1"
"s25","voters","RC11227","560","147","282","40","3","3","5","0","1","0","79","280","280","43","38","12","10","2","18","2","2","0","1","0","0","0","0","0","0","1","1","6","3","4","4","2","2","0","3","4","2","2","2","4","0","1","4","4","4","6","13","29","0","8","11","7","10","18","32","0","7","9","17","18","32","66","0","5","5","15","19","32","57","2","4","3","10","5","6","10","1","3","3","6","9","11","6","1","2","1","6","4","6","10","0","4","0","2","1","8","7","78","23","17","3","2","1","2","0","21","151","25","40","10","6","1","9","4","36","48","10","8","5","1","0","1","0","6","34","12","5","0","0","0","0","0","1"
"s25","voters","RC11228","649","188","340","28","3","5","3","0","0","0","82","327","322","71","47","17","11","4","9","1","0","0","4","2","0","1","2","2","1","0","0","1","0","1","0","1","0","2","0","0","0","5","0","0","0","0","8","4","8","9","9","39","0","10","15","10","13","18","45","2","13","11","22","25","43","59","0","6","8","28","25","39","59","0","9","4","11","11","11","6","0","4","6","4","6","3","7","0","3","3","3","2","4","8","0","1","0","3","4","4","4","91","33","28","7","3","0","0","4","22","190","49","33","11","7","0","2","3","45","34","17","9","5","5","2","4","0","6","16","14","2","4","2","0","0","0","1"
"s25","voters","RC11229","504","217","174","31","1","8","6","0","1","0","66","229","275","82","34","21","11","11","4","0","0","0","0","0","0","1","1","0","0","1","0","2","1","0","0","0","0","0","0","0","0","3","5","3","1","0","6","7","13","11","14","34","2","8","15","22","15","28","42","2","2","7","12","8","19","32","0","4","3","13","16","26","30","0","2","4","6","6","8","11","0","4","5","4","7","3","6","0","2","0","6","4","5","8","0","1","2","1","3","5","10","109","39","20","9","9","0","7","1","23","90","19","28","8","6","1","2","0","20","39","5","6","7","2","1","2","0","4","27","9","7","1","1","0","0","0","2"
"s25","voters","RC11230","495","146","263","15","2","3","2","0","1","0","63","241","254","31","40","12","6","5","12","2","1","4","1","0","0","0","4","0","0","1","3","3","0","5","5","6","0","0","4","0","1","1","2","3","3","2","5","4","4","12","14","26","4","3","4","10","10","15","33","1","9","9","17","13","27","55","0","8","8","17","20","24","55","0","3","6","1","8","9","7","1","4","3","1","9","6","5","0","1","2","2","0","0","4","0","1","1","2","3","4","3","80","22","17","9","2","0","3","1","12","134","34","25","10","3","0","6","4","47","36","11","11","1","1","0","2","0","1","11","6","1","2","0","0","0","2","1"
"s25","voters","RC11231","502","193","195","25","0","3","2","0","0","0","84","237","265","53","40","13","4","6","6","1","0","2","0","2","0","0","0","1","0","9","2","7","1","3","0","4","0","1","1","3","0","6","3","2","0","1","7","6","9","9","10","31","2","6","17","12","19","30","34","1","6","10","15","18","22","33","0","5","8","11","13","23","30","1","5","0","5","8","9","14","0","6","6","6","7","11","6","0","1","2","2","1","7","4","0","2","3","1","2","4","1","109","31","22","3","3","1","2","2","20","98","31","26","5","5","0","3","1","26","47","12","10","3","6","0","2","0","4","23","1","2","0","2","0","0","1","1"
"s25","voters","RC11255","160","61","73","8","0","1","0","0","2","0","15","79","81","29","20","3","3","0","2","1","0","0","0","0","0","0","0","0","0","0","0","0","0","0","0","0","0","0","0","0","1","0","0","1","0","0","2","3","4","2","9","8","1","3","4","3","9","6","7","0","2","2","1","6","9","17","0","3","0","1","5","9","18","0","0","2","1","2","3","0","0","0","1","1","2","2","1","0","0","2","3","1","0","0","0","1","1","0","1","1","1","33","10","6","3","5","0","0","0","4","35","11","8","4","2","2","0","0","11","7","3","3","1","0","0","0","0","1","7","1","2","0","0","0","0","0","1"
"s25","voters","RC11256","620","221","281","23","2","1","10","0","2","0","80","287","333","98","53","24","8","5","2","3","1","3","0","1","0","0","0","0","1","5","1","1","0","3","0","0","0","1","0","1","1","1","3","0","0","1","6","12","11","6","18","34","1","8","17","14","24","24","45","0","13","13","19","26","30","39","0","8","16","23","28","31","35","1","8","5","8","7","5","7","1","4","5","5","10","7","7","1","1","5","3","3","1","4","0","0","1","7","4","3","5","115","41","25","7","8","1","3","2","19","154","31","41","6","10","0","3","1","35","35","15","8","12","1","1","0","2","6","23","5","7","2","0","0","0","0","1"
"s25","voters","RC11257","927","362","365","62","2","5","5","0","4","1","121","416","511","123","59","45","22","13","20","4","3","7","2","3","0","1","0","0","0","1","5","2","0","1","0","1","0","1","0","0","0","2","1","0","0","0","15","15","16","24","31","44","2","18","24","36","39","27","71","0","9","14","19","33","38","64","1","9","12","22","30","43","71","2","7","8","8","10","11","17","2","5","6","11","14","13","7","0","2","3","5","5","5","11","1","7","8","10","5","5","12","202","78","30","12","8","2","3","2","25","187","51","42","21","9","4","0","3","48","76","18","11","4","4","1","1","1","5","50","17","7","0","3","0","0","0","2"
"s25","voters","RC11260","25","8","8","2","0","1","0","0","0","0","6","11","14","0","2","0","0","2","0","0","0","0","0","0","0","0","0","0","0","1","0","1","0","0","0","0","0","0","0","0","0","0","0","0","0","0","0","0","0","0","1","2","0","0","1","1","1","1","1","0","0","0","1","0","2","0","0","0","1","2","0","1","1","0","0","0","1","0","0","2","0","0","0","0","0","2","1","0","1","1","0","0","0","0","0","0","0","0","0","0","1","8","0","0","0","0","0","0","0","0","6","1","0","0","0","0","0","0","1","2","2","0","1","0","0","0","0","1","2","1","0","0","0","0","0","0","0"
"s25","voters","RC11287","362","179","117","17","2","2","2","0","1","0","42","127","235","49","39","12","5","2","1","1","1","0","0","0","0","0","0","0","0","2","0","2","0","1","0","0","1","0","1","1","0","2","1","2","0","0","5","7","11","6","6","17","1","5","13","18","17","19","54","1","5","3","4","8","14","16","0","2","3","9","9","17","26","1","1","2","0","3","3","4","0","4","4","4","5","3","8","0","1","1","2","3","0","3","0","1","2","2","2","1","6","112","36","11","5","5","2","0","1","7","82","13","11","2","3","0","1","1","4","31","3","4","1","1","0","0","1","1","18","4","2","0","0","0","0","0","0"
"s25","voters","RC11704","1845","675","813","73","14","7","14","0","13","0","236","844","1001","254","204","74","32","13","25","15","4","4","4","2","1","3","2","0","0","6","4","4","0","5","2","1","1","8","2","1","0","3","9","2","0","4","18","33","39","36","47","88","5","35","51","50","56","74","139","2","18","35","54","74","88","132","3","19","37","45","62","89","155","0","12","20","28","19","17","26","2","17","22","27","19","14","13","0","4","5","13","14","9","9","2","10","9","14","9","12","11","356","106","88","24","27","3","4","0","67","398","122","104","26","20","8","10","11","114","116","36","40","14","9","3","1","2","15","76","20","13","3","1","1","1","2","4"
"s25","voters","RC11705","354","133","151","18","0","1","5","0","0","0","46","172","182","57","47","15","8","4","7","1","0","0","2","1","0","0","1","1","2","0","0","1","1","0","0","0","0","0","1","0","0","3","2","0","0","0","1","10","9","8","9","13","0","8","8","14","14","14","25","3","6","8","8","17","21","19","0","2","6","11","12","14","24","0","2","7","6","2","5","6","1","2","2","2","1","4","6","0","1","3","0","2","2","4","0","0","0","1","2","4","5","68","23","15","5","6","1","3","2","10","81","24","22","3","5","0","1","1","14","19","11","7","2","2","0","1","0","4","16","5","1","1","0","0","0","0","1"
"s25","voters","RC11706","1010","411","402","44","2","5","10","1","4","0","131","457","553","168","114","52","21","9","11","2","1","0","0","0","0","1","0","0","0","4","3","0","0","2","0","0","0","2","0","2","1","11","5","0","0","3","12","15","24","19","30","56","5","22","25","28","44","46","82","0","5","23","32","27","45","62","0","10","23","30","32","43","70","1","10","14","11","12","13","7","2","3","12","12","9","15","10","0","5","4","5","5","9","8","0","3","5","4","3","7","8","217","74","46","15","12","1","2","2","42","218","49","47","12","15","3","5","5","48","59","18","25","6","6","2","2","2","11","43","12","8","0","1","0","0","0","2"
"s25","voters","RC11707","697","306","245","36","3","6","7","0","0","0","94","282","415","101","46","31","14","3","10","3","0","0","2","1","0","0","0","0","1","2","1","2","0","2","0","1","0","0","0","1","0","5","3","2","0","0","7","9","12","12","23","51","1","5","19","17","14","39","97","2","0","5","6","11","30","51","1","1","9","12","11","26","80","0","3","9","5","2","6","16","1","4","9","8","6","7","18","0","2","2","3","2","4","9","1","1","4","6","3","5","10","182","46","34","10","4","1","4","0","25","131","38","34","9","6","2","2","2","21","44","16","19","4","3","0","0","1","7","32","10","7","0","2","0","1","0","0"
"s25","voters","RC11708","1498","607","569","84","4","7","12","0","4","0","211","643","855","181","113","47","23","11","20","5","4","4","2","0","0","2","1","1","0","3","7","12","1","6","5","1","0","4","3","2","0","2","0","1","1","0","19","27","32","37","42","69","5","19","46","34","70","72","135","3","11","21","31","43","50","101","2","21","18","31","45","66","126","2","17","16","19","18","17","18","0","14","15","13","27","10","25","1","6","6","7","13","5","12","0","4","15","9","9","12","12","339","105","76","23","12","3","8","1","40","322","71","71","25","11","3","8","1","57","123","28","22","14","6","2","4","4","8","75","19","11","0","2","0","2","0","2"
"s25","voters","RC11709","304","111","129","15","1","3","1","0","0","0","44","146","158","48","26","15","5","0","1","1","0","0","0","0","0","1","3","0","1","1","1","1","0","1","1","1","0","0","0","0","0","5","2","1","0","0","5","6","4","4","10","17","2","6","8","8","12","7","22","0","6","6","6","13","9","26","0","8","7","4","9","14","21","0","5","3","7","3","2","3","0","0","5","3","6","3","4","0","1","1","1","3","3","2","0","1","3","1","2","1","1","61","20","14","0","0","0","1","1","14","76","19","12","4","2","1","1","1","13","18","10","7","2","1","0","0","0","6","13","3","2","0","1","0","1","0","0"
"s25","voters","RC11710","22","11","4","1","0","0","0","0","0","0","6","9","13","7","0","4","0","0","0","0","0","0","0","0","0","0","0","0","0","0","0","0","0","0","0","0","0","0","0","0","0","1","0","0","0","0","0","0","1","0","2","0","0","2","1","2","1","2","0","0","0","0","0","1","1","0","0","0","0","0","0","1","1","0","0","1","1","1","0","1","0","0","0","1","0","1","0","0","0","0","0","0","0","0","0","0","1","0","0","0","0","4","4","3","0","0","0","0","0","0","4","0","0","0","0","0","0","0","0","5","1","0","0","0","0","0","0","0","0","1","0","0","0","0","0","0","0"
"s25","voters","RC11711","370","151","151","11","1","5","4","0","1","0","46","176","194","48","32","13","6","1","6","2","4","0","0","0","0","0","0","0","0","2","5","2","0","1","0","2","1","0","0","1","0","6","4","3","1","1","7","9","12","8","12","12","1","8","9","11","13","21","27","0","6","5","14","18","17","17","0","3","7","13","17","12","22","0","3","4","5","4","6","4","0","3","1","3","7","3","3","0","1","1","4","2","1","3","0","0","1","2","6","0","1","85","27","16","4","3","3","3","0","10","83","18","21","4","9","3","0","0","13","27","6","5","3","2","0","0","0","3","9","5","6","0","0","0","2","0","0"
"s25","voters","RC11943","29","14","13","0","0","0","0","0","0","0","2","12","17","3","1","1","0","3","0","0","0","0","0","0","0","0","0","0","0","0","0","0","0","0","0","0","0","0","0","0","0","0","0","0","0","0","0","1","0","0","1","1","0","0","1","0","0","1","9","0","0","0","1","1","1","5","0","0","0","1","1","1","2","0","0","0","1","0","0","0","0","0","0","1","0","0","0","0","0","0","0","0","0","0","0","0","0","0","0","0","0","7","1","1","2","1","0","0","0","2","6","1","2","0","0","0","0","1","3","1","0","0","0","0","1","0","0","0","0","0","0","0","0","0","0","0","0"
"s25","voters","RC21712","444","219","141","18","0","5","3","0","4","0","54","178","266","76","33","17","7","3","1","0","0","0","0","0","0","0","0","0","0","2","2","2","1","3","1","2","2","1","0","0","0","4","0","1","0","1","2","3","18","13","10","24","0","11","16","20","20","19","62","2","3","6","10","11","9","23","2","1","7","6","12","10","39","0","0","7","7","4","4","7","0","0","5","3","6","6","5","0","1","3","2","3","4","1","0","3","5","1","5","1","1","142","40","14","6","3","1","1","0","12","75","23","17","6","1","0","1","1","17","26","9","11","2","3","0","0","0","3","20","6","4","0","0","0","0","0","0"
"s25","voters","RC21713","655","273","250","32","0","8","5","0","5","0","82","282","373","119","64","36","9","4","12","2","2","2","5","1","0","1","4","1","0","1","1","2","0","0","0","0","0","1","2","1","0","9","3","0","0","0","7","12","11","16","15","35","0","14","17","13","27","21","85","2","10","10","14","19","25","41","0","5","8","13","24","28","51","2","3","5","6","10","8","8","2","7","4","6","5","4","12","0","3","3","6","2","6","3","0","0","2","5","3","9","8","156","42","18","10","12","1","1","1","32","139","42","25","10","3","0","2","3","26","50","9","9","3","3","0","3","1","4","29","10","5","1","0","1","2","0","2"
"s25","voters","RC21714","262","95","101","15","1","1","3","0","1","0","45","122","140","58","33","19","8","0","1","0","0","0","0","0","0","0","0","1","0","0","1","0","0","3","0","0","1","0","1","0","0","3","0","2","0","2","9","6","7","5","4","9","0","12","4","4","12","6","15","0","1","6","7","10","13","13","0","1","6","9","10","12","13","0","1","4","2","4","5","4","0","1","5","3","7","3","6","0","1","1","3","3","0","2","1","2","2","2","3","1","0","59","11","11","3","1","0","0","1","9","57","11","10","2","1","1","0","0","19","27","5","2","2","2","1","2","0","4","11","6","1","2","0","0","0","0","1"
"s25","voters","RC21715","149","73","36","9","0","2","1","0","1","0","27","58","91","20","12","8","2","1","2","1","1","0","0","0","0","0","0","0","0","0","1","1","0","0","0","1","1","0","0","0","0","6","1","0","0","0","3","4","5","1","6","5","0","3","8","8","7","12","11","0","0","0","2","1","1","6","0","0","2","2","3","8","11","0","2","1","4","1","5","4","0","0","0","5","2","2","1","0","0","1","3","1","1","1","0","0","1","2","2","1","0","46","13","8","1","4","0","0","0","1","24","1","8","1","0","0","1","0","1","13","6","0","2","1","0","3","1","1","7","4","2","0","0","0","0","0","0"
"s25","voters","RC21716","13","4","7","1","0","0","0","0","0","0","1","3","10","4","3","1","1","0","0","0","0","0","0","0","0","0","0","0","0","0","0","0","0","0","0","0","0","0","0","0","0","0","0","0","0","0","0","0","0","0","1","0","0","0","1","0","0","1","1","0","0","0","0","0","0","1","0","0","1","1","1","1","2","0","0","0","0","0","0","0","0","0","0","0","0","0","1","0","0","0","0","1","0","0","0","0","0","0","0","0","0","3","0","1","0","0","0","0","0","0","3","1","3","0","0","0","0","0","0","1","0","0","0","0","0","0","0","0","0","1","0","0","0","0","0","0","0"
"s25","voters","RC21717","344","138","132","17","1","1","3","0","2","0","50","155","189","57","31","16","8","4","4","2","0","1","0","1","0","0","0","0","0","1","2","2","0","0","0","0","0","0","0","0","0","1","0","0","0","1","3","6","5","9","6","24","0","7","14","12","13","12","26","0","3","7","4","9","19","21","0","4","4","11","9","15","26","0","2","7","3","6","3","7","1","1","3","6","3","4","4","0","0","1","1","4","1","3","0","2","5","2","1","2","2","79","17","17","2","5","0","0","2","16","66","18","15","6","2","0","1","1","23","22","6","8","6","2","0","1","0","5","14","3","5","1","0","1","0","0","0"
"s25","voters","RC21718","545","209","214","27","0","1","2","0","2","0","90","253","292","95","39","30","13","3","9","1","0","0","0","1","0","2","1","1","0","2","1","4","1","0","0","0","0","0","1","1","0","2","3","0","1","0","11","10","10","16","18","15","1","11","19","20","16","28","34","0","5","7","13","21","22","44","0","2","8","15","21","15","41","1","6","7","12","5","11","7","1","7","5","7","4","7","10","0","0","3","1","3","1","4","0","4","3","0","2","6","5","109","35","23","6","10","3","2","2","19","107","34","27","8","5","0","1","1","31","42","21","6","3","2","1","5","2","8","17","4","5","1","1","0","3","0","1"
"s25","voters","RC21944","808","377","227","43","6","9","3","0","5","0","138","337","471","160","83","57","27","2","4","0","0","5","2","2","0","0","2","0","0","2","1","1","1","4","0","0","0","4","0","1","0","0","3","2","0","1","8","18","24","15","15","52","1","20","40","41","34","37","71","0","6","9","17","21","20","34","1","4","7","11","26","23","48","1","14","8","15","9","10","13","3","8","12","15","8","9","13","0","1","8","6","3","2","7","2","5","9","3","2","13","5","226","52","45","11","4","4","5","2","28","143","35","21","9","3","1","0","1","14","88","12","19","6","6","0","2","0","5","41","13","9","1","0","0","0","1","1"
"s25","voters","RC21945","1173","551","371","45","6","9","11","0","6","0","174","476","697","197","100","46","32","9","2","7","2","3","1","2","0","0","0","0","0","7","5","6","1","6","1","0","0","7","5","6","1","5","6","3","3","2","17","23","22","25","33","75","3","29","56","45","37","59","125","1","11","9","17","27","35","61","1","5","15","19","34","48","88","1","4","15","19","17","14","12","1","7","15","18","17","11","23","0","2","7","4","3","12","8","0","4","1","6","9","6","15","329","93","57","17","17","2","5","1","30","198","60","59","12","11","1","2","0","28","99","30","17","10","5","0","1","3","9","46","15","7","4","0","1","0","0","4"
"s25","voters","RC21946","126","66","36","5","0","0","1","0","0","0","18","45","81","21","10","7","1","1","0","0","0","1","0","0","0","0","0","0","0","2","1","2","0","0","0","0","0","0","0","0","0","7","0","0","0","0","2","4","5","1","3","6","0","2","9","6","6","9","13","1","1","3","3","1","3","5","0","1","2","3","2","5","6","0","1","1","2","0","0","1","1","1","1","3","4","1","2","0","0","0","0","0","1","1","1","1","0","1","0","0","1","34","10","8","1","1","1","1","0","10","18","8","3","0","2","0","0","0","5","8","4","3","0","1","1","0","0","1","4","1","0","0","0","0","0","0","1"
"s25","voters","RC21947","759","437","144","34","5","6","6","0","2","0","125","320","439","227","61","66","27","6","0","1","0","1","2","0","0","3","1","0","0","3","0","1","0","0","0","0","0","4","1","2","1","7","7","6","1","2","13","22","17","27","31","53","1","34","39","34","47","47","70","0","6","8","14","12","16","14","2","4","4","17","12","19","16","2","12","10","10","13","7","6","1","14","9","5","9","12","15","0","4","4","5","2","7","3","1","6","3","4","2","8","4","253","70","55","9","13","3","4","0","30","83","19","14","3","6","0","0","2","17","74","17","13","4","5","0","2","1","9","35","8","7","1","0","1","1","0","0"
"s25","voters","RC21948","918","472","247","39","5","4","5","0","4","0","142","413","505","192","87","56","26","8","5","1","2","8","0","2","1","1","2","1","0","12","9","11","1","2","2","2","2","8","5","8","1","24","16","7","0","0","12","17","20","27","43","72","2","34","51","28","37","42","87","0","8","7","20","31","24","38","0","4","7","16","24","28","40","1","8","13","7","9","11","13","3","8","12","7","17","12","21","0","2","10","2","5","4","9","1","3","3","5","3","4","6","262","90","55","13","7","0","2","5","38","132","40","26","6","11","1","3","2","26","84","17","17","7","3","1","5","1","7","36","8","8","2","0","1","0","0","2"
"s25","voters","RC21949","31","20","2","1","1","1","0","0","1","0","5","10","21","16","1","4","2","0","0","0","0","0","0","0","0","0","0","0","0","0","0","0","0","0","0","0","0","0","0","0","0","0","0","0","0","0","1","1","0","0","1","3","0","1","7","0","1","3","2","0","0","1","0","0","0","1","0","0","0","0","0","0","0","0","0","0","0","0","0","0","0","2","0","1","0","1","1","0","0","0","1","0","0","1","0","1","1","0","0","0","0","10","6","1","0","1","0","0","0","2","2","0","0","0","0","0","0","0","0","4","0","1","0","0","0","0","0","0","3","0","1","0","0","0","0","0","0"
"s25","voters","RC21950","153","81","34","12","2","0","0","0","1","0","23","58","95","19","12","11","7","1","0","0","0","1","0","0","0","0","0","0","0","2","1","0","0","0","0","0","0","0","2","0","0","2","0","0","0","0","0","8","7","4","2","3","0","6","14","12","9","7","9","0","2","5","1","2","4","2","0","0","7","3","6","1","1","0","0","4","2","3","2","0","0","1","5","5","1","0","0","0","2","1","2","1","1","0","0","2","0","1","3","1","1","58","9","6","1","4","1","0","0","2","30","1","2","0","0","0","0","0","1","18","3","1","1","0","0","0","0","0","13","1","0","0","0","0","0","0","1"
"s25","voters","RC21951","0","0","0","0","0","0","0","0","0","0","0","0","0","0","0","0","0","0","0","0","0","0","0","0","0","0","0","0","0","0","0","0","0","0","0","0","0","0","0","0","0","0","0","0","0","0","0","0","0","0","0","0","0","0","0","0","0","0","0","0","0","0","0","0","0","0","0","0","0","0","0","0","0","0","0","0","0","0","0","0","0","0","0","0","0","0","0","0","0","0","0","0","0","0","0","0","0","0","0","0","0","0","0","0","0","0","0","0","0","0","0","0","0","0","0","0","0","0","0","0","0","0","0","0","0","0","0","0","0","0","0","0","0","0","0","0","0"
"s25","voters","RC21952","24","9","9","2","0","0","0","0","0","0","4","11","13","6","2","2","2","0","0","0","0","0","1","0","0","0","0","0","0","0","0","0","0","0","0","0","0","0","0","0","0","0","0","0","0","0","0","0","2","0","2","0","0","0","0","2","1","0","2","0","0","1","1","0","1","1","0","0","0","0","2","0","3","0","1","1","0","0","0","0","0","0","0","1","0","1","0","0","0","0","0","0","1","0","0","0","0","0","0","1","0","5","3","0","0","0","0","0","0","1","2","3","0","1","1","0","0","0","2","2","1","0","0","0","1","0","0","0","1","1","0","0","0","0","0","0","0"
"s25","voters","RC21953","538","263","155","19","5","4","1","0","0","0","91","247","291","130","56","38","10","4","3","0","0","2","1","0","0","1","0","0","0","4","3","1","0","2","0","1","0","0","1","0","0","3","1","3","0","0","4","20","15","18","13","42","3","11","17","24","15","31","50","0","3","14","10","7","23","21","1","5","3","16","16","14","22","2","6","8","7","6","10","7","1","6","10","6","7","10","5","1","0","2","1","2","4","1","0","3","5","2","0","6","2","132","40","29","13","9","2","3","4","31","79","27","19","2","7","2","3","2","14","41","20","10","5","6","2","0","1","6","19","8","0","0","1","0","0","0","1"
"s25","voters","RC21954","199","102","61","11","3","1","1","0","1","0","19","87","112","26","14","8","0","0","0","0","0","2","1","2","0","0","0","0","0","0","1","0","0","0","0","0","0","0","0","0","0","6","0","0","0","0","6","7","8","7","4","3","0","6","12","21","13","3","12","0","1","3","6","10","7","8","1","1","3","6","5","4","6","0","2","2","3","1","1","0","0","0","3","2","1","2","2","0","0","1","3","2","2","0","0","2","3","1","2","1","0","77","9","11","2","0","0","1","1","1","37","7","5","2","2","0","0","0","8","14","0","2","0","0","0","1","0","2","12","1","2","2","0","0","0","0","0"
"s25","voters","RC21955","2","1","0","0","0","1","0","0","0","0","0","1","1","0","0","0","0","0","0","0","0","0","0","0","0","0","0","0","0","0","0","0","0","0","0","0","0","0","0","0","0","0","0","0","0","0","0","0","0","0","0","0","0","0","0","1","0","0","0","0","0","0","0","0","0","0","0","0","0","0","0","0","0","0","0","0","0","0","0","0","0","0","0","0","0","0","0","0","0","0","0","1","0","0","0","0","0","0","0","0","0","0","0","1","0","0","0","0","0","0","0","0","0","0","0","0","0","0","0","0","0","0","0","0","0","0","0","0","0","0","1","0","0","0","0","0","0"
"s25","voters","RC21956","1159","586","298","64","1","8","1","0","7","0","194","492","667","281","136","91","41","7","8","2","0","1","0","0","0","1","1","0","0","3","5","5","0","1","0","0","0","1","0","0","0","13","6","1","1","5","19","38","28","31","39","49","3","46","53","47","51","65","112","2","12","22","20","29","41","27","1","4","10","30","16","41","43","2","11","15","19","20","8","18","1","10","18","17","12","24","19","1","2","9","3","14","2","6","0","11","6","9","3","5","10","341","100","70","13","13","1","6","4","38","185","38","40","6","7","3","1","3","15","110","28","24","9","8","2","3","2","8","55","11","6","5","2","0","1","0","1"
"s25","voters","RC21957","246","130","47","12","1","5","2","0","2","0","47","97","149","73","16","11","12","0","0","1","0","0","1","1","0","0","0","0","0","3","0","0","0","0","0","2","0","0","0","0","0","4","2","2","0","0","3","7","7","5","6","14","0","8","20","11","10","18","21","0","3","1","7","2","4","3","0","2","2","3","6","7","7","1","3","9","5","1","4","4","0","0","3","4","7","2","4","0","0","2","4","0","0","2","1","1","1","2","3","3","3","90","18","14","2","2","0","0","1","3","23","12","6","3","1","0","0","0","2","29","5","3","2","2","1","1","1","3","16","0","2","0","2","0","0","0","2"
"s25","voters","RC21958","217","117","52","8","1","2","1","0","3","0","33","92","125","35","15","8","7","0","1","0","0","3","1","1","0","0","0","0","0","0","0","0","0","0","0","0","0","0","0","0","0","2","3","1","0","0","2","16","7","5","2","12","1","4","20","10","6","12","20","0","1","1","7","3","5","7","0","0","3","6","5","6","8","1","3","5","5","3","0","1","0","2","4","3","3","1","2","1","1","2","1","1","0","0","0","0","2","2","0","4","1","77","20","12","3","3","0","0","0","2","30","7","10","1","3","0","0","0","1","25","3","1","3","0","0","0","0","1","13","1","1","0","0","0","0","0","0"
"s25","voters","RC21959","3","1","1","0","0","0","0","0","0","0","1","1","2","0","0","0","0","0","0","0","0","0","0","0","0","0","0","0","0","0","0","0","0","0","0","0","0","0","0","0","0","0","0","0","0","0","0","0","0","0","0","0","0","0","0","0","1","0","0","0","0","1","0","0","0","0","0","0","0","0","0","0","0","0","0","0","0","0","0","0","0","0","0","1","0","0","0","0","0","0","0","0","0","0","0","0","0","0","0","0","0","1","0","0","0","0","0","0","0","0","1","0","0","0","0","0","0","0","0","1","0","0","0","0","0","0","0","0","0","0","0","0","0","0","0","0","0"
"s25","voters","RC21960","538","281","138","21","6","5","5","0","1","0","81","202","336","125","45","41","19","4","6","0","0","1","1","1","0","0","0","0","0","3","3","4","0","2","0","1","0","2","4","2","0","6","5","1","1","2","9","9","12","16","17","19","2","26","31","38","39","27","34","1","7","9","13","10","16","16","0","4","5","13","8","20","16","1","5","3","10","10","6","3","0","7","6","7","11","7","5","0","1","1","2","0","1","3","1","5","5","3","3","7","6","182","41","30","5","9","2","2","1","9","95","19","12","3","6","0","1","1","1","49","15","10","4","1","0","0","0","2","31","1","6","0","0","0","0","0","0"
"s25","voters","RC21961","229","88","89","11","0","2","3","0","1","0","35","97","132","49","33","20","8","0","2","1","0","0","0","0","0","0","0","0","0","0","0","0","0","0","1","0","0","0","1","0","0","0","0","0","0","0","3","6","6","3","7","8","0","3","12","7","7","9","17","2","1","4","6","3","14","14","2","1","3","8","3","12","16","0","3","1","3","4","2","1","1","4","4","2","4","2","4","0","0","1","1","2","0","2","0","2","3","1","1","3","1","47","17","8","0","7","0","1","3","5","46","11","12","2","6","2","0","0","10","17","2","3","7","0","2","0","0","4","9","3","4","0","1","0","0","0","0"
"s25","voters","RC21963","924","500","196","47","3","11","11","0","6","0","150","360","564","126","49","34","23","12","6","2","1","6","5","0","0","1","2","0","0","8","4","7","0","7","0","3","1","2","2","1","0","16","5","5","1","0","3","58","38","15","25","38","2","17","84","46","40","43","91","0","4","19","17","11","13","25","0","8","14","21","11","20","33","0","5","24","17","7","6","7","1","8","25","18","8","12","12","0","2","3","8","6","6","3","0","4","14","11","4","7","10","396","60","28","9","0","1","2","1","3","148","33","12","1","0","1","1","0","0","131","9","6","1","0","0","1","0","2","64","10","4","0","0","0","0","0","0"
"s25","voters","RC21964","0","0","0","0","0","0","0","0","0","0","0","0","0","0","0","0","0","0","0","0","0","0","0","0","0","0","0","0","0","0","0","0","0","0","0","0","0","0","0","0","0","0","0","0","0","0","0","0","0","0","0","0","0","0","0","0","0","0","0","0","0","0","0","0","0","0","0","0","0","0","0","0","0","0","0","0","0","0","0","0","0","0","0","0","0","0","0","0","0","0","0","0","0","0","0","0","0","0","0","0","0","0","0","0","0","0","0","0","0","0","0","0","0","0","0","0","0","0","0","0","0","0","0","0","0","0","0","0","0","0","0","0","0","0","0","0","0"
"s25","voters","RC21967","9","1","5","0","0","1","0","0","0","0","2","6","3","0","1","1","0","0","0","0","0","0","0","0","0","0","0","0","0","0","1","0","0","0","0","0","0","0","0","0","0","0","0","0","0","0","0","0","0","0","0","0","0","0","0","0","0","0","1","0","1","0","0","1","1","0","0","0","1","0","1","0","0","0","0","0","1","0","0","1","0","0","0","0","0","0","0","0","0","0","0","0","0","1","0","0","0","0","0","0","0","1","0","0","0","0","0","0","0","0","2","1","2","0","0","0","0","0","0","1","0","1","0","0","0","0","0","0","0","0","1","0","0","0","0","0","0"
"s25","voters","RC21968","10","3","4","0","0","0","0","0","0","0","3","3","7","1","3","3","0","0","0","0","0","0","0","0","0","0","0","0","0","0","0","0","0","0","0","0","0","0","0","0","0","0","0","0","0","0","0","0","0","0","0","0","0","1","2","0","0","0","0","0","0","0","1","0","1","0","0","0","0","2","0","0","0","0","0","0","0","0","1","0","0","0","1","0","1","0","0","0","0","0","0","0","0","0","0","0","0","0","0","0","0","1","1","0","0","1","0","0","0","0","4","0","0","0","0","0","0","0","0","0","0","2","0","1","0","0","0","0","0","0","0","0","0","0","0","0","0"
"s25","voters","RC31719","898","398","328","54","3","10","8","0","0","0","97","378","520","134","76","35","20","5","12","2","1","0","0","0","0","1","0","0","1","6","3","4","2","2","3","1","0","0","0","0","1","9","6","2","1","1","10","22","20","22","28","47","2","20","32","37","46","41","70","1","4","17","24","32","28","42","2","2","20","20","26","46","64","1","7","9","8","3","11","9","0","5","9","9","6","11","9","0","3","3","3","8","8","7","0","6","9","6","7","8","7","238","61","54","11","8","0","3","1","22","189","44","39","9","7","2","3","4","31","60","14","7","4","3","1","1","0","7","52","9","4","6","1","0","1","0","2"
"s25","voters","RC31720","2077","1055","542","101","12","19","18","0","11","0","319","869","1208","294","178","88","40","24","23","5","1","7","0","0","1","5","0","2","0","19","9","12","2","8","4","5","0","6","7","6","0","11","14","8","3","3","31","50","60","64","75","87","7","57","116","116","107","133","149","1","18","28","44","45","70","69","0","9","29","44","52","57","76","2","21","24","32","28","22","23","5","20","29","35","28","20","30","0","7","11","14","12","16","12","2","12","13","13","17","19","13","667","156","116","36","20","0","11","7","42","323","82","56","11","19","2","3","4","42","198","28","35","20","12","2","2","3","19","118","24","16","1","2","0","0","0","0"
"s25","voters","RC31722","2158","851","811","98","5","8","13","0","12","0","360","1035","1123","248","181","95","41","26","26","3","4","11","6","4","0","9","3","3","0","24","32","33","5","28","6","9","5","6","10","11","2","40","35","13","4","4","30","37","45","55","75","109","5","46","53","57","78","113","144","2","22","27","40","74","121","124","2","19","26","48","69","120","117","2","25","28","25","42","44","34","4","23","20","32","31","24","26","2","8","12","10","10","14","14","0","11","7","9","10","14","15","418","157","110","40","21","9","7","5","84","419","123","99","28","21","4","9","8","100","187","60","49","13","10","4","8","2","27","82","20","18","8","2","0","2","1","3"
"s25","voters","RC31723","917","496","231","46","1","8","4","0","3","1","127","364","553","111","72","31","20","9","5","4","0","4","1","0","0","1","0","0","0","2","3","1","0","4","1","1","0","1","3","3","0","9","7","1","0","0","14","18","25","27","30","53","1","15","43","57","54","58","101","1","7","16","17","28","23","18","1","6","11","17","25","24","37","2","7","13","14","14","7","6","3","8","14","11","11","10","7","1","1","5","4","1","3","9","1","1","7","5","9","6","10","355","64","51","9","4","1","1","0","11","156","35","19","10","1","0","1","0","9","91","14","13","5","1","0","1","0","2","44","12","7","0","0","0","0","0","0"
"s25","voters","RC31724","432","194","133","21","2","5","5","0","1","0","71","193","239","78","38","27","12","2","0","0","0","3","0","0","0","0","0","1","0","2","2","2","0","0","0","0","0","1","0","0","0","2","2","0","0","0","3","10","15","6","18","16","4","12","19","18","19","23","31","0","3","9","15","16","17","17","0","2","9","11","11","9","14","0","2","4","6","7","7","6","0","2","7","11","9","6","4","0","2","4","5","1","3","1","1","2","2","3","3","3","4","122","29","21","4","3","1","3","2","9","85","26","12","1","0","0","1","0","8","44","5","9","2","6","0","1","1","3","24","6","3","0","0","0","0","0","1"
"s25","voters","RC31725","1305","628","360","56","4","8","9","0","3","0","237","590","715","158","89","53","16","14","16","6","3","14","6","5","2","1","2","0","0","25","16","25","1","7","1","10","0","7","6","7","2","26","9","10","3","5","27","25","26","30","57","66","5","46","42","57","69","81","92","4","18","17","23","46","45","39","2","7","15","24","37","38","45","5","23","19","21","20","19","13","2","19","11","16","31","21","17","1","3","6","4","7","8","13","1","2","6","6","10","5","8","361","106","59","25","13","2","9","1","52","200","62","31","12","14","1","5","2","33","138","36","25","15","4","1","2","3","13","44","16","12","3","3","1","0","0","1"
"s25","voters","RC31726","2096","882","764","99","4","18","13","0","4","0","312","924","1172","285","225","80","34","20","19","9","3","17","15","3","0","3","0","0","1","19","15","11","3","20","1","8","1","8","0","3","3","18","25","2","4","3","28","52","44","56","68","84","6","52","78","75","105","82","149","2","31","29","56","89","97","71","3","25","27","59","90","87","98","1","24","19","33","35","28","16","0","25","15","33","33","24","26","1","7","10","11","3","14","12","2","10","15","8","13","13","19","519","154","88","25","18","3","10","3","62","415","102","103","24","16","6","3","6","89","164","58","41","16","11","1","3","0","18","89","22","16","5","2","0","0","0","4"
"s25","voters","RC31727","2071","834","753","114","5","13","16","0","7","1","328","960","1111","290","189","88","44","23","17","5","1","5","1","0","0","8","3","0","0","11","12","13","1","11","3","4","4","9","9","4","5","26","17","18","2","2","39","38","42","54","78","94","7","33","70","70","93","88","126","2","24","32","49","80","101","96","1","19","28","43","76","98","104","3","20","28","16","29","32","27","6","28","29","22","33","24","31","0","12","8","13","10","18","13","1","7","14","14","16","20","10","487","132","91","26","28","1","10","6","53","413","100","95","32","9","5","7","9","83","190","43","31","25","11","2","3","6","17","97","29","14","8","0","1","1","2","4"
"s25","voters","RC31728","101","56","25","3","1","1","0","0","1","0","14","38","63","15","8","6","2","2","0","0","0","0","0","0","0","0","0","0","0","0","1","1","0","2","0","0","0","0","0","0","0","4","0","1","1","0","1","3","3","7","1","3","2","7","8","5","8","3","5","0","0","4","4","2","1","0","0","1","3","4","3","1","2","0","0","1","1","1","2","1","0","1","1","3","3","0","0","0","1","1","0","0","1","0","0","0","1","0","1","1","0","41","6","7","1","0","0","0","1","0","22","2","0","0","0","1","0","0","0","11","0","1","0","0","0","0","0","2","5","1","0","0","0","0","0","0","0"
"s25","voters","RC41194","4","0","2","0","0","0","0","0","0","0","2","2","2","0","0","0","0","0","0","0","0","0","0","0","0","0","0","0","0","0","0","0","0","0","0","0","0","0","0","0","0","0","0","0","0","0","0","0","0","0","0","0","0","0","0","0","0","0","0","0","0","0","0","0","0","0","0","0","1","0","1","0","0","0","1","0","0","1","0","0","0","0","0","0","0","0","0","0","0","0","0","0","0","0","0","0","0","0","0","0","0","0","0","0","0","0","0","0","0","0","2","0","0","0","0","0","0","0","0","0","1","0","0","0","0","0","0","1","0","0","0","0","0","0","0","0","0"
"s25","voters","RC41195","4","0","3","0","0","0","0","0","0","0","1","2","2","0","0","0","0","0","0","0","0","0","0","0","0","0","0","0","0","0","0","0","0","0","0","0","0","0","0","0","0","0","0","0","0","0","0","0","0","0","0","0","0","0","0","0","0","0","0","0","0","0","0","0","0","2","0","0","0","0","0","1","0","0","0","0","0","0","0","0","0","0","0","0","0","0","1","0","0","0","0","0","0","0","0","0","0","0","0","0","0","0","0","0","0","0","0","0","0","0","2","1","0","0","0","0","0","0","0","0","1","0","0","0","0","0","0","0","0","0","0","0","0","0","0","0","0"
"s25","voters","RC41232","411","213","100","23","1","4","4","0","2","0","64","162","249","59","40","17","7","3","0","1","1","4","0","1","0","0","0","0","0","5","2","7","0","0","2","0","0","0","1","1","0","6","1","0","0","1","6","12","15","12","8","16","0","13","28","25","22","27","28","0","1","11","14","5","11","6","0","2","6","11","12","10","11","0","3","7","4","8","4","4","0","2","8","8","4","6","6","1","1","4","4","2","1","1","0","1","5","4","1","6","3","141","31","20","8","6","2","0","1","4","69","15","8","4","3","0","0","0","1","46","8","4","3","2","0","0","0","1","27","5","2","0","0","0","0","0","0"
"s25","voters","RC41233","759","217","389","27","1","4","5","0","3","1","112","362","397","44","65","12","10","9","9","3","2","2","7","2","0","1","0","0","0","9","10","6","1","16","11","23","3","0","3","0","0","4","3","1","0","1","12","6","7","11","11","45","2","10","19","16","20","17","40","0","14","10","21","30","49","73","2","13","11","21","29","47","69","2","6","3","8","9","14","17","2","1","4","5","13","15","13","0","1","0","1","1","5","5","0","5","1","5","6","4","7","111","50","28","6","4","0","0","0","18","204","73","47","10","8","4","2","3","38","64","13","17","6","5","0","1","2","4","28","5","4","3","0","0","0","0","1"
"s25","voters","RC41234","1047","412","420","48","0","4","7","0","1","0","155","501","546","100","85","38","13","9","15","3","0","7","7","1","0","3","1","1","2","11","11","14","0","10","2","3","0","3","2","0","1","7","11","4","0","1","13","25","19","24","29","65","1","26","25","24","34","48","78","3","14","9","20","27","56","80","2","9","15","23","30","51","81","1","11","9","14","19","17","16","1","5","5","15","16","14","12","0","1","4","7","3","7","7","0","4","2","3","6","8","8","212","73","49","11","12","2","7","2","44","223","63","52","12","7","1","2","8","52","85","19","22","9","3","3","1","1","12","32","13","7","5","1","1","0","0","1"
"s25","voters","RC41235","1045","405","402","65","3","10","9","0","2","0","149","475","570","150","109","38","20","6","8","1","3","8","1","0","1","1","4","0","0","7","9","12","0","4","2","3","0","1","2","1","3","7","3","3","4","2","14","28","22","31","25","40","4","22","29","34","50","47","57","1","8","14","27","36","38","62","1","9","17","31","39","53","66","3","10","7","18","14","14","13","1","2","8","12","17","12","18","1","4","8","4","12","7","12","0","5","4","7","10","10","5","211","65","56","15","12","0","11","2","33","217","54","47","17","9","1","7","4","46","85","22","18","9","5","0","3","0","7","48","23","10","3","0","0","1","2","2"
"s25","voters","RC41236","144","54","46","11","0","0","1","0","1","0","31","71","73","15","7","10","3","0","0","0","0","0","0","0","0","0","0","0","2","2","0","4","0","0","1","0","0","1","1","0","0","4","1","5","0","0","2","1","2","3","5","7","0","4","0","6","7","7","10","0","3","3","2","6","8","5","0","0","1","2","3","8","5","0","3","1","3","3","2","4","1","1","2","1","4","3","3","0","3","1","0","0","2","2","0","0","0","0","1","3","1","27","9","6","3","1","0","1","0","7","24","7","5","2","1","0","1","0","6","16","5","4","1","0","1","1","1","2","10","1","1","0","0","0","0","0","1"
"s25","voters","RC41340","1244","450","564","47","2","8","6","0","5","0","162","593","651","144","118","37","14","10","16","4","2","2","0","0","0","1","4","1","0","9","10","11","2","8","4","2","0","6","6","3","0","18","14","5","0","3","20","21","24","33","31","56","6","30","26","40","47","43","70","6","24","21","35","62","62","81","6","13","16","44","74","64","56","1","9","13","16","14","12","15","5","14","3","11","15","13","21","0","6","4","6","9","5","4","1","3","2","4","8","6","10","245","76","49","23","12","0","12","5","28","313","68","65","32","19","5","6","6","50","92","23","11","12","5","4","2","0","13","34","17","6","2","0","0","2","1","6"
"s25","voters","RC41343","2327","937","932","104","2","12","9","0","3","0","328","1094","1233","239","184","62","30","8","18","9","1","7","9","8","1","3","0","3","0","41","29","30","9","50","12","15","0","7","5","6","0","17","7","5","1","1","46","44","42","59","95","102","2","59","63","70","97","130","127","5","34","37","50","110","105","120","2","22","33","61","111","115","127","2","20","27","25","39","30","27","4","34","15","34","35","25","11","0","6","5","10","14","21","18","0","8","8","8","10","8","14","514","160","101","34","29","5","18","7","69","497","147","125","30","22","4","15","10","82","176","45","50","22","12","4","7","3","9","80","24","13","3","4","0","3","0","3"
"s25","voters","RC41344","1338","516","544","54","2","9","5","0","1","0","207","619","719","135","137","31","17","11","12","5","1","5","4","1","0","2","1","0","0","17","16","30","1","29","5","17","1","1","5","4","0","24","11","6","1","2","33","18","14","33","58","50","0","42","44","27","59","61","75","2","32","13","25","50","84","54","3","29","16","26","76","81","53","3","13","15","13","31","24","18","2","15","7","15","22","17","12","0","6","4","3","12","4","5","1","10","1","5","9","9","2","256","99","66","22","10","3","3","3","54","301","75","73","21","14","1","4","3","52","112","32","34","10","6","2","2","1","8","46","15","6","2","2","0","0","0","0"
"s25","voters","RC41729","894","386","320","44","5","8","12","0","3","0","116","406","488","150","97","38","16","9","11","6","4","1","0","0","0","1","2","0","0","1","3","2","0","5","2","1","0","1","0","4","1","1","4","1","3","3","12","21","19","24","20","47","1","26","37","34","31","45","66","4","7","14","34","26","32","44","0","4","16","31","22","33","53","2","8","6","13","6","9","12","0","10","8","12","10","8","12","0","2","5","14","6","9","7","0","5","2","3","6","7","6","201","67","44","10","19","3","7","1","34","175","46","41","11","13","2","6","1","25","66","15","13","12","5","1","0","0","4","48","14","5","0","3","0","0","1","1"
"s25","voters","RC41730","122","60","38","7","0","1","0","0","0","1","15","47","75","13","13","5","3","2","0","1","0","0","0","2","0","0","0","0","0","1","0","0","1","0","4","0","0","0","0","0","0","0","0","0","0","0","1","3","0","3","3","9","0","2","1","5","7","12","14","2","1","1","3","0","1","9","0","0","1","3","6","1","10","0","0","1","1","2","2","1","0","1","0","1","2","3","1","0","1","0","0","1","1","1","0","0","0","1","1","1","2","41","14","0","2","0","1","0","0","2","27","7","2","2","0","0","0","0","0","10","2","2","0","0","0","0","0","1","8","1","0","0","0","0","0","0","0"
"s25","voters","RC41731","1116","455","427","54","2","6","10","0","2","0","160","510","606","168","115","38","16","7","15","2","4","5","2","4","0","3","4","2","0","11","6","8","0","1","1","1","1","8","6","2","4","11","6","4","0","4","19","21","25","34","37","45","3","24","38","40","45","50","70","1","8","18","25","38","50","69","2","9","14","25","44","60","64","1","9","11","12","13","17","16","0","10","15","13","12","19","12","0","3","6","7","5","10","6","2","5","3","6","5","6","10","244","85","54","16","8","0","4","6","38","237","68","49","12","3","3","4","4","47","93","18","23","4","5","1","2","2","12","46","10","12","0","1","0","2","0","3"
"s25","voters","RC41732","2459","891","1084","137","4","18","18","0","4","0","303","1132","1327","288","246","83","39","33","34","6","3","11","2","2","1","4","3","0","0","12","9","12","4","3","7","1","0","4","4","3","0","8","25","6","3","1","17","36","43","47","79","130","5","31","60","52","74","95","221","2","24","35","67","70","125","215","5","13","27","56","76","132","237","5","15","11","26","31","26","41","0","16","19","20","34","24","35","3","12","11","14","8","14","24","1","12","11","12","13","13","33","423","151","128","38","21","1","15","7","107","548","173","127","33","27","11","8","9","148","161","42","35","19","10","4","8","2","22","122","33","14","4","3","1","2","0","2"
"s25","voters","RC41733","515","254","141","26","3","5","5","0","3","0","78","220","295","80","40","20","14","5","4","4","0","2","0","0","0","1","0","0","0","4","5","3","0","2","0","3","0","3","1","1","0","21","8","8","0","1","12","11","16","15","18","19","1","19","27","22","30","28","35","0","7","6","10","17","13","21","1","3","5","11","20","7","20","2","7","0","6","9","5","5","1","6","8","7","11","2","9","0","1","3","3","6","3","4","0","6","2","1","1","3","9","173","29","29","7","7","1","1","1","6","86","17","22","0","2","1","0","1","12","48","10","7","3","0","0","2","1","7","31","5","4","0","0","0","0","0","2"
"s25","voters","RC41734","665","276","255","18","1","5","5","0","3","0","102","301","364","81","61","32","5","12","8","4","1","2","3","0","0","1","2","0","1","3","2","7","0","12","5","4","4","0","0","0","0","2","4","0","1","3","11","10","11","17","24","31","1","18","20","23","27","33","47","0","8","9","14","18","28","47","1","4","11","15","24","36","40","0","7","6","9","12","11","14","0","10","3","12","7","5","6","0","0","0","2","1","3","5","1","1","2","1","8","5","3","145","41","44","5","8","1","2","3","27","136","43","36","13","4","0","1","1","21","55","13","10","4","3","3","1","0","13","19","4","7","1","0","0","1","0","0"
"s25","voters","RC41735","369","170","117","24","1","5","3","0","1","1","47","156","213","59","38","14","11","3","0","2","0","0","0","0","0","0","1","0","0","2","2","0","0","4","0","5","1","0","0","0","1","7","0","0","1","1","7","6","3","9","14","22","1","15","8","12","17","21","34","0","2","4","5","13","12","21","0","0","1","6","10","16","27","0","1","3","3","3","6","4","1","6","2","4","5","4","5","0","5","3","0","2","2","5","0","6","3","2","3","3","1","101","24","18","6","4","1","2","1","13","62","16","20","5","1","1","1","1","10","20","6","12","5","1","0","1","1","1","24","7","2","0","0","0","0","0","2"
"s25","voters","RC41736","325","137","117","11","1","0","2","0","1","0","56","148","177","48","38","17","3","2","1","2","2","0","2","1","0","1","0","1","0","3","2","0","0","4","0","2","0","2","4","0","0","5","5","4","0","0","6","3","5","15","9","14","4","13","8","10","20","15","15","3","11","3","9","14","9","13","0","10","5","10","9","14","7","0","1","2","4","5","4","7","0","6","4","6","7","5","5","0","1","0","3","5","2","0","0","0","0","0","2","1","1","75","24","20","4","4","0","1","3","6","78","15","11","2","0","1","0","1","9","38","4","12","1","0","1","0","0","0","9","3","0","0","1","0","1","1","0"
"s25","voters","RC41737","275","104","105","11","0","1","4","0","0","0","50","128","147","40","41","12","6","3","2","1","0","0","1","0","0","0","0","0","0","1","2","5","0","0","0","0","0","4","2","1","0","1","3","1","1","1","2","3","12","6","17","6","2","4","4","7","16","12","12","0","7","4","9","12","7","10","1","4","4","7","13","15","12","0","5","1","5","2","6","4","1","7","4","4","6","1","4","0","1","0","1","6","1","0","0","0","3","2","0","2","0","49","22","20","3","3","0","1","0","6","69","10","15","2","2","1","0","1","5","33","6","10","1","0","0","0","0","0","12","3","0","0","1","0","0","0","0"
"s25","voters","RE10912","341","158","94","22","1","2","7","0","3","0","54","138","203","22","9","6","6","6","2","2","1","1","0","0","0","1","0","0","0","2","1","1","1","0","0","2","0","0","0","0","0","0","0","0","0","0","2","5","13","10","6","16","1","5","12","19","15","17","37","0","0","1","5","9","7","17","0","0","7","11","8","11","18","0","0","3","4","7","4","8","0","2","4","10","1","5","6","0","1","4","5","3","4","4","0","1","2","3","1","2","5","95","25","14","6","3","0","3","1","11","56","8","9","5","2","2","0","1","11","28","7","9","5","1","0","1","0","3","22","7","2","1","1","0","0","1","1"
"s25","voters","RE10913","3716","1823","1063","152","21","27","41","1","17","0","571","1621","2095","436","218","104","56","67","23","14","7","4","6","4","0","7","2","0","0","11","5","9","0","10","6","8","4","7","3","4","1","23","15","14","3","4","45","154","128","94","93","189","5","93","223","194","137","162","302","2","23","61","67","88","112","161","1","17","45","94","81","116","195","3","25","55","55","47","35","53","3","29","71","63","44","28","60","0","10","18","27","14","26","32","1","17","25","24","16","14","35","1187","263","170","40","54","8","7","7","87","630","137","121","33","23","5","13","8","93","347","83","70","29","12","0","8","0","22","171","42","24","9","3","1","3","0","6"
"s25","voters","RE10914","123","38","65","2","0","1","2","0","0","0","15","58","65","3","4","0","0","0","2","0","0","2","3","0","0","1","0","0","0","0","2","0","0","3","1","4","1","1","0","1","0","0","0","0","0","0","1","3","3","3","3","4","0","1","5","3","2","2","8","1","0","2","4","2","6","20","0","0","2","0","3","3","22","0","0","1","0","0","0","3","1","1","1","2","1","2","3","0","1","0","0","0","0","1","0","0","0","1","0","0","2","23","6","5","0","0","0","0","0","4","34","12","7","4","1","0","0","0","7","10","1","0","3","0","0","0","0","1","1","3","1","0","0","0","0","0","0"
"s25","voters","RE11323","5","3","1","0","0","1","0","0","0","0","0","2","3","0","0","0","0","0","0","0","0","0","0","0","0","0","0","0","0","0","0","0","0","0","0","0","0","0","0","0","0","0","0","0","0","0","0","0","0","0","0","1","0","0","0","0","0","0","2","0","0","0","0","0","0","0","0","0","0","0","1","0","0","0","0","0","0","0","0","0","0","0","0","0","0","0","0","0","0","0","0","1","0","0","0","0","0","0","0","0","0","1","0","1","0","0","0","0","0","1","0","0","0","0","1","0","0","0","0","0","0","0","0","0","0","0","0","0","1","0","0","0","0","0","0","0","0"
"s25","voters","RE11378","6","4","1","0","0","0","0","0","0","0","1","4","2","0","0","1","0","0","0","0","0","0","0","0","0","0","0","0","0","0","0","0","0","0","0","0","0","0","0","0","0","0","0","0","0","0","0","1","0","0","0","2","0","0","0","0","0","0","1","0","0","0","0","0","0","1","0","0","0","0","0","0","0","0","0","0","0","0","0","0","0","0","0","1","0","0","0","0","0","0","0","0","0","0","0","0","0","0","0","0","0","4","0","0","0","0","0","0","0","0","1","0","0","0","0","0","0","0","0","1","0","0","0","0","0","0","0","0","0","0","0","0","0","0","0","0","0"
"s25","voters","RE11380","5","1","3","0","0","0","0","0","0","0","1","3","2","1","1","1","0","0","0","0","0","0","0","0","0","0","0","0","0","0","0","0","0","0","0","0","0","0","0","0","0","0","0","0","0","0","0","0","0","0","0","0","0","0","0","0","0","0","1","0","0","0","0","1","0","2","0","0","0","0","0","0","0","0","0","0","0","0","0","0","0","0","0","1","0","0","0","0","0","0","0","0","0","0","0","0","0","0","0","0","0","0","0","0","0","0","0","0","0","1","1","1","0","0","0","0","0","0","1","1","0","0","0","0","0","0","0","0","0","0","0","0","0","0","0","0","0"
"s25","voters","RE20915","35","20","5","1","0","0","0","0","1","0","8","16","19","5","4","4","2","0","0","1","0","0","0","0","0","0","0","0","0","0","0","0","0","0","0","1","0","0","0","0","0","0","0","0","0","0","0","4","1","2","0","1","0","0","4","2","1","2","3","0","0","0","0","0","2","0","0","0","0","0","0","2","1","0","2","1","0","0","0","2","0","1","1","0","0","0","1","0","0","0","0","0","1","0","0","0","0","1","0","0","0","16","2","0","1","0","0","0","0","1","1","2","0","1","0","0","0","0","1","6","1","0","0","0","0","0","0","1","1","0","1","0","0","0","0","0","0"
"s25","voters","RE21324","56","32","13","0","1","3","0","0","0","0","7","30","26","22","8","4","2","0","0","0","0","0","0","0","0","0","0","0","0","0","0","0","0","0","0","0","0","0","0","0","0","0","0","0","0","0","2","2","1","1","5","3","0","3","2","2","3","3","5","1","2","1","1","2","1","1","0","0","1","1","1","0","1","0","2","1","1","0","0","0","0","0","0","2","0","1","0","0","1","0","1","1","0","0","0","0","0","1","0","0","0","13","11","5","2","1","0","0","0","0","8","1","1","0","1","0","0","1","1","3","1","2","1","0","0","0","0","0","3","0","0","0","0","0","1","0","0"
"s25","voters","RE21386","674","364","178","33","4","5","5","0","4","0","81","302","372","181","65","36","24","4","2","1","0","0","0","0","0","2","0","0","0","3","0","2","1","1","0","1","0","2","7","1","1","16","6","3","1","1","5","18","24","16","27","52","4","22","33","21","33","35","73","0","8","8","17","15","16","31","0","4","10","11","8","19","31","3","6","7","7","9","4","6","1","4","10","7","8","4","5","0","2","0","6","2","3","9","1","5","4","7","4","3","5","186","67","39","22","14","3","2","1","30","101","32","17","6","5","0","2","1","14","49","8","16","3","3","0","0","0","2","25","11","10","1","1","0","2","0","1"
"s25","voters","RE21387","811","451","170","34","5","7","5","0","0","0","139","328","483","282","90","73","28","5","4","4","1","0","0","0","0","6","0","0","0","1","0","0","0","0","1","2","1","1","0","0","0","8","8","3","1","0","12","29","25","16","28","55","8","41","48","43","32","38","76","1","5","15","14","15","24","18","0","6","10","13","11","19","19","1","5","13","8","6","6","8","3","15","20","18","16","11","9","0","1","6","5","3","7","2","1","3","6","5","7","3","2","247","74","53","19","14","3","6","2","33","98","26","22","5","7","0","3","0","9","84","14","17","15","2","1","2","0","4","33","9","8","0","1","0","0","0","0"
"s25","voters","RE21388","842","389","238","36","5","6","10","0","5","0","153","378","464","179","65","48","21","4","6","2","0","3","1","5","0","2","2","2","0","6","4","3","1","12","3","6","4","3","1","1","0","22","17","13","6","2","12","22","26","31","17","49","4","19","39","41","38","33","56","0","7","17","19","22","23","34","0","1","20","15","22","22","36","1","5","18","16","9","9","11","2","12","15","15","15","9","16","0","1","3","6","9","6","3","0","9","9","1","4","6","5","241","59","38","8","19","1","2","4","17","151","35","25","10","2","1","1","2","11","101","16","13","11","1","0","3","2","6","35","11","6","6","3","0","0","0","1"
"s25","voters","RE21392","903","434","279","37","9","4","9","0","2","1","128","408","495","266","102","62","21","3","3","1","2","0","0","0","0","1","0","0","0","6","2","0","0","0","1","1","1","2","2","1","1","9","5","3","1","2","17","29","27","28","27","48","2","32","38","38","30","43","73","3","9","14","20","22","29","38","0","5","16","24","28","37","34","1","10","8","14","12","10","5","2","8","14","7","14","9","14","0","4","7","9","2","7","6","0","5","5","5","4","2","6","233","76","46","17","15","0","6","2","39","152","47","32","11","11","1","2","2","21","70","14","14","14","2","0","3","2","9","38","13","6","2","0","1","0","1","1"
"s25","voters","RE21393","224","125","41","8","1","3","3","0","0","0","43","84","140","83","22","25","6","2","0","0","0","0","0","0","0","0","0","0","0","0","0","1","0","0","0","0","0","0","0","0","0","2","1","0","0","1","4","3","3","1","9","15","3","11","16","11","7","14","27","1","2","0","6","2","5","2","0","2","1","6","2","4","8","0","3","6","6","2","1","3","0","7","5","3","5","0","2","0","0","3","1","0","2","3","0","0","1","2","1","2","0","74","23","10","4","2","0","0","1","11","28","3","6","0","2","0","2","0","0","28","4","4","5","0","0","0","0","2","9","4","1","0","0","0","1","0","0"
"s25","voters","RE30788","2","0","1","0","0","0","0","0","0","0","1","1","1","0","0","0","0","0","0","0","0","0","0","0","0","0","0","0","0","0","0","0","0","0","0","0","0","0","0","0","0","0","0","0","0","0","0","0","0","0","0","0","0","0","0","0","0","0","0","0","0","0","1","0","0","0","0","0","0","0","0","0","0","0","0","0","0","0","0","0","0","0","0","0","1","0","0","0","0","0","0","0","0","0","0","0","0","0","0","0","0","0","0","0","0","0","0","0","0","0","0","1","0","0","0","0","0","0","0","1","0","0","0","0","0","0","0","0","0","0","0","0","0","0","0","0","0"
"s25","voters","RE31293","3","2","1","0","0","0","0","0","0","0","0","0","3","1","0","0","0","0","0","0","0","0","0","0","0","0","0","0","0","0","0","0","0","0","0","0","0","0","0","0","0","0","0","0","0","0","0","0","0","0","0","0","0","0","0","0","0","1","1","0","0","0","0","0","0","0","0","0","0","0","0","1","0","0","0","0","0","0","0","0","0","0","0","0","0","0","0","0","0","0","0","0","0","0","0","0","0","0","0","0","0","0","1","0","0","0","0","0","0","1","0","0","0","1","0","0","0","0","0","0","0","0","0","0","0","0","0","0","0","0","0","0","0","0","0","0","0"
"s25","voters","RE31295","3","0","3","0","0","0","0","0","0","0","0","2","1","0","1","0","0","0","0","0","0","0","0","0","0","0","0","0","0","0","0","0","0","0","0","0","0","0","0","0","0","0","0","0","0","0","0","0","0","0","0","0","0","0","0","0","0","0","0","0","0","1","0","0","1","0","0","0","0","0","1","0","0","0","0","0","0","0","0","0","0","0","0","0","0","0","0","0","0","0","0","0","0","0","0","0","0","0","0","0","0","0","0","0","0","0","0","0","0","0","2","1","0","0","0","0","0","0","0","0","0","0","0","0","0","0","0","0","0","0","0","0","0","0","0","0","0"
"s25","voters","RE31394","2934","1224","1079","145","4","14","24","0","10","0","434","1321","1613","406","231","118","47","34","26","6","8","6","1","2","0","4","3","1","0","14","7","6","2","27","17","16","1","11","15","6","2","28","19","16","4","2","33","54","62","70","64","164","11","64","72","109","120","136","263","3","32","35","78","91","106","197","3","28","38","68","92","120","188","3","24","24","48","44","39","47","4","24","23","44","35","35","40","1","9","12","12","20","22","25","1","12","10","10","18","15","30","683","207","135","42","42","0","6","10","99","584","174","143","38","21","3","5","6","105","254","65","51","28","9","1","6","3","17","126","34","17","6","4","2","1","3","4"
"s25","voters","RE31395","1397","617","496","75","5","11","12","0","7","0","174","643","754","205","107","55","30","12","14","4","2","0","0","0","0","1","0","0","0","3","0","0","1","8","2","2","0","0","5","0","0","13","3","6","2","4","17","31","35","46","34","77","1","29","50","67","71","41","114","1","14","23","52","52","51","75","0","6","20","34","34","48","86","1","12","9","20","15","11","14","2","16","13","18","11","14","18","0","5","6","6","10","10","12","0","7","2","16","7","11","18","335","102","79","25","13","3","6","3","51","262","79","50","27","7","1","3","3","64","97","24","20","12","2","1","3","5","10","72","12","14","4","2","0","1","0","5"
"s25","voters","RE31396","221","104","70","8","1","1","5","0","0","0","32","102","119","24","12","6","3","2","3","0","1","0","0","0","0","0","0","0","0","0","1","0","0","0","0","0","0","0","0","0","0","4","1","1","1","1","7","2","7","4","10","9","0","9","10","9","16","10","10","1","2","0","3","6","11","11","0","0","3","10","5","8","10","0","5","2","3","2","2","4","0","1","1","5","2","2","3","0","1","2","4","0","1","2","0","0","0","2","1","0","2","63","14","13","5","3","0","1","0","5","37","9","9","4","2","0","0","2","7","21","1","4","2","1","0","1","0","2","7","3","4","0","0","0","0","0","1"
"s25","voters","RE31397","334","165","79","17","3","1","2","1","2","0","64","139","195","53","16","25","8","4","2","3","1","0","0","0","0","1","0","0","0","2","0","0","0","1","0","0","0","0","0","0","0","1","0","0","0","0","5","9","9","9","11","16","0","13","20","15","19","16","23","1","5","5","3","5","8","10","3","1","3","5","4","9","17","1","4","7","3","9","3","2","1","5","5","9","5","6","4","0","2","2","3","1","4","2","0","3","4","1","1","2","1","100","23","17","8","6","0","0","0","11","46","8","13","2","0","0","2","1","7","46","12","2","2","0","0","1","0","1","15","6","3","0","1","0","0","0","1"
"s25","voters","RE31398","63","22","28","2","0","1","2","0","0","0","8","33","30","6","7","1","2","1","1","0","0","0","0","0","0","0","0","0","0","0","1","0","0","0","0","4","0","0","0","0","0","4","0","0","0","0","1","1","4","0","2","4","0","1","0","2","0","2","5","0","0","1","4","3","1","6","0","1","1","3","2","1","5","0","1","1","0","2","1","0","0","0","0","0","2","1","0","0","0","0","0","0","0","1","0","1","2","1","0","0","0","13","3","4","0","0","0","0","0","2","16","4","5","0","0","0","0","0","3","2","2","2","2","0","0","0","0","0","4","1","0","0","0","0","0","0","0"
"s25","voters","RE40916","726","299","269","44","3","3","7","0","2","0","99","318","408","76","39","15","8","5","7","3","3","0","1","1","0","3","2","0","1","1","1","0","0","1","0","1","0","1","0","0","0","0","0","0","2","2","10","15","15","25","13","29","4","10","22","33","39","32","50","0","11","5","17","15","27","55","0","4","13","15","19","21","67","2","3","6","9","11","10","9","0","5","8","9","9","5","13","1","3","2","3","7","7","6","0","3","4","3","7","3","10","176","52","33","13","6","1","2","0","16","137","41","34","7","10","0","4","1","35","55","15","9","6","3","0","1","0","10","34","14","7","1","1","0","0","1","1"
"s25","voters","RE40917","1171","520","380","67","10","7","12","0","8","0","167","474","697","98","57","23","28","22","15","4","0","0","1","1","0","0","2","1","0","2","0","2","0","4","0","3","1","2","1","2","0","2","0","4","0","0","6","29","33","24","24","75","3","22","40","50","33","22","159","0","8","11","17","17","31","72","0","4","18","20","28","36","118","1","7","14","16","9","10","21","1","7","14","14","11","9","33","0","6","5","7","11","5","15","1","6","9","7","8","7","17","337","82","45","20","11","1","2","3","19","197","62","49","13","11","8","2","6","32","102","31","14","7","4","4","1","0","4","62","24","12","1","2","0","0","0","3"
"s25","voters","RE40918","2","1","1","0","0","0","0","0","0","0","0","2","0","0","0","0","0","0","0","0","0","0","0","0","0","0","0","0","0","0","0","0","0","0","0","0","0","0","0","0","0","0","0","0","0","0","0","1","0","0","0","0","0","0","0","0","0","0","0","0","1","0","0","0","0","0","0","0","0","0","0","0","0","0","0","0","0","0","0","0","0","0","0","0","0","0","0","0","0","0","0","0","0","0","0","0","0","0","0","0","0","0","1","0","0","0","0","0","0","0","1","0","0","0","0","0","0","0","0","0","0","0","0","0","0","0","0","0","0","0","0","0","0","0","0","0","0"
"s25","voters","RE41125","1676","593","746","89","5","8","14","0","3","1","217","762","914","118","72","35","19","22","23","8","4","5","2","6","0","2","2","1","0","8","1","7","1","7","15","9","1","4","5","1","0","4","9","3","0","2","16","17","36","31","37","100","1","25","31","51","49","48","149","0","16","12","30","50","59","175","3","13","23","43","49","73","200","1","9","9","23","27","21","36","3","8","10","14","15","9","32","0","4","5","11","4","13","18","1","7","5","11","7","12","22","345","114","49","21","8","4","6","1","45","363","116","89","30","15","5","6","4","118","115","28","28","15","7","3","2","2","17","79","17","14","1","2","1","1","1","4"
"s25","voters","RE41126","1","0","1","0","0","0","0","0","0","0","0","0","1","0","0","0","0","0","0","0","0","0","0","0","0","0","0","0","0","0","0","0","0","0","0","0","0","0","0","0","0","0","0","0","0","0","0","0","0","0","0","0","0","0","0","0","0","0","0","0","0","0","0","0","0","0","0","0","0","0","0","0","1","0","0","0","0","0","0","0","0","0","0","0","0","0","0","0","0","0","0","0","0","0","0","0","0","0","0","0","0","0","0","0","0","0","0","0","0","0","0","1","0","0","0","0","0","0","0","0","0","0","0","0","0","0","0","0","0","0","0","0","0","0","0","0","0"
"s25","voters","RE41127","293","113","128","10","0","1","2","0","0","0","39","134","159","27","23","5","0","0","4","0","0","0","0","0","0","0","0","0","0","1","1","1","0","5","0","1","0","2","0","1","0","2","3","3","0","0","2","6","7","11","5","9","1","10","9","8","14","10","21","1","1","5","13","15","14","23","0","3","3","11","4","16","19","1","1","3","4","3","2","4","0","0","2","6","3","5","5","0","0","2","0","1","1","0","0","1","1","0","2","2","3","57","23","17","8","1","1","0","0","6","73","14","12","5","6","0","0","2","16","17","9","6","6","0","0","0","0","1","9","2","1","1","0","0","0","0","0"
"s25","voters","RE41298","4","2","0","0","0","0","0","0","0","0","2","0","4","2","0","2","0","0","0","0","0","0","0","0","0","0","0","0","0","0","0","0","0","0","0","0","0","0","0","0","0","0","0","0","0","0","0","0","0","0","0","0","0","0","0","1","0","1","0","0","0","0","0","0","0","0","0","0","0","0","0","0","0","0","0","0","0","0","0","0","0","0","0","2","0","0","0","0","0","0","0","0","0","0","0","0","0","0","0","0","0","1","0","1","0","0","0","0","0","0","0","0","0","0","0","0","0","0","0","1","0","0","0","1","0","0","0","0","0","0","0","0","0","0","0","0","0"
"s25","voters","RE41325","33","16","6","3","0","1","0","0","0","0","7","14","19","9","1","3","1","0","0","0","0","0","0","0","0","0","0","0","0","0","0","0","0","0","0","0","0","0","0","0","0","0","0","0","0","0","0","2","1","1","0","0","1","2","2","2","1","2","2","0","0","0","0","1","2","1","0","0","0","0","1","0","1","0","0","1","0","0","2","1","0","0","0","0","1","0","2","0","0","1","0","1","0","0","0","1","0","1","0","0","0","7","2","7","0","0","0","0","0","0","2","1","1","1","1","0","0","0","0","5","1","0","1","0","0","0","0","0","4","0","0","0","0","0","0","0","0"
"s25","voters","RE41399","100","44","29","5","1","2","1","0","0","0","18","49","51","17","6","4","5","0","1","1","0","0","0","0","0","0","0","0","0","0","0","1","0","0","0","0","0","0","0","0","0","0","1","1","1","0","2","6","2","0","4","4","1","0","10","4","3","4","4","0","2","1","2","2","5","4","0","2","2","3","2","0","4","0","0","3","3","3","0","1","0","2","1","3","1","0","1","1","0","2","0","0","2","0","0","2","1","0","0","1","0","28","8","4","1","0","0","0","1","2","15","6","4","0","0","0","0","2","2","9","4","4","1","0","0","0","0","0","8","1","0","0","0","0","0","0","0"
"s25","voters","RE41400","1310","510","512","69","4","7","13","0","13","0","182","581","729","141","77","33","28","12","21","6","6","3","1","0","0","1","0","0","0","2","5","1","0","3","1","1","0","2","0","1","0","6","11","1","0","1","15","30","34","26","27","55","3","32","40","57","42","44","104","1","19","17","25","43","57","84","3","9","25","26","46","48","109","2","11","13","19","20","12","14","1","11","10","15","19","22","13","1","9","6","9","5","12","14","0","5","8","9","8","9","11","260","112","62","18","10","1","4","2","41","257","70","63","25","22","2","4","8","61","85","37","33","11","3","1","3","1","8","62","26","12","1","1","0","1","2","1"
"s25","voters","RE41401","398","222","83","26","3","3","2","0","4","0","55","178","220","76","28","28","11","5","0","1","0","0","2","1","0","0","0","0","0","0","1","0","0","2","1","0","0","2","1","0","0","4","1","1","0","0","8","19","17","12","14","13","1","16","28","25","16","18","35","1","6","6","6","3","11","10","0","2","9","11","5","4","9","0","4","11","5","6","0","8","2","4","3","4","1","1","6","0","1","3","8","4","1","1","0","1","5","4","2","3","5","141","32","28","7","4","2","1","1","6","47","12","10","3","5","1","2","1","2","39","3","1","4","3","0","5","0","0","22","10","4","1","1","0","0","0","0"
"s25","voters","RE50793","1356","484","603","59","3","6","14","0","2","0","185","632","724","61","51","19","12","15","22","7","3","2","3","1","1","5","1","1","2","11","5","4","0","6","1","2","2","0","1","1","0","1","3","0","0","1","11","13","30","27","33","81","0","16","23","51","37","50","111","3","15","19","25","35","68","120","2","9","16","35","38","83","135","1","15","13","9","19","16","31","3","7","9","14","14","14","20","0","7","1","4","8","8","19","0","4","3","6","4","7","13","262","82","49","19","10","3","4","0","55","311","83","54","21","11","8","4","3","108","92","37","16","11","6","1","6","2","14","49","20","9","3","0","0","0","0","3"
"s25","voters","RE50794","1813","640","769","85","0","9","10","1","9","0","290","853","960","106","48","13","10","34","34","19","4","3","4","1","1","0","2","0","1","7","11","11","0","5","3","7","0","11","3","0","0","3","6","1","0","0","21","19","27","44","39","110","1","22","27","53","60","66","151","1","15","15","34","45","78","192","4","9","26","43","42","85","180","0","15","8","28","30","25","48","0","10","15","17","24","24","46","1","4","3","14","13","8","16","0","6","9","8","9","9","14","356","108","75","21","12","4","5","1","58","384","111","75","30","24","3","10","6","126","156","49","41","13","12","0","5","0","14","71","18","15","3","3","0","1","0","3"
"s25","voters","RE50795","778","274","330","35","3","7","4","0","0","0","125","360","418","28","35","7","7","13","12","7","2","1","2","0","0","3","5","0","0","9","7","6","0","5","1","3","0","0","3","0","1","1","2","1","0","0","7","5","10","24","12","49","1","15","8","22","29","28","64","1","9","9","14","23","19","84","0","8","7","23","20","30","83","0","8","6","14","7","14","17","2","4","5","9","14","11","14","0","2","2","1","5","9","9","1","1","2","4","3","2","8","153","46","30","15","4","0","2","1","23","158","47","42","9","9","4","4","0","57","67","18","12","14","4","1","1","2","6","34","6","6","1","0","0","2","0","0"
"s25","voters","RE50796","391","107","193","21","0","4","4","0","2","0","60","189","202","15","19","10","4","5","3","1","0","0","5","0","0","1","0","0","0","3","3","2","1","2","1","1","0","2","3","1","0","0","0","1","0","0","1","2","4","6","13","14","0","13","1","9","12","12","20","0","11","3","5","19","25","32","0","10","6","7","14","27","34","0","5","4","8","6","7","7","0","3","3","4","6","3","4","1","2","1","1","4","4","4","0","0","2","2","5","4","1","63","21","5","4","6","0","1","0","7","115","26","16","5","5","0","3","2","21","34","9","8","2","3","3","1","0","0","19","10","0","2","0","0","0","0","0"
"s25","voters","RE50797","907","279","429","27","1","5","4","0","1","0","161","433","474","25","29","11","4","13","24","4","3","1","4","1","0","2","2","1","1","8","5","3","0","8","8","9","1","1","0","0","0","0","4","0","1","1","7","8","19","8","20","51","0","8","11","25","24","37","60","2","19","9","25","25","47","88","1","10","7","25","23","50","98","1","5","6","10","16","19","25","2","10","10","3","12","19","23","0","3","2","0","4","4","9","0","3","1","2","1","4","5","155","57","24","13","5","2","1","0","22","211","82","38","16","11","1","4","4","62","87","22","24","12","4","1","1","0","10","25","6","2","1","3","0","0","0","1"
"s25","voters","RE50820","29","10","14","1","0","0","2","0","0","0","2","13","16","4","0","0","0","0","0","0","0","0","0","0","0","0","0","0","0","0","0","0","0","0","0","0","0","0","0","0","0","0","0","0","0","0","0","2","0","0","1","1","0","0","3","0","1","0","2","0","0","0","0","1","2","4","0","0","0","1","0","3","3","0","0","0","0","0","0","1","0","0","1","0","0","0","0","0","0","1","0","0","0","0","0","0","0","0","1","0","1","5","0","3","0","0","0","1","0","1","7","0","2","0","2","1","0","0","2","2","0","0","0","0","0","0","0","0","3","0","0","0","0","0","0","0","0"
"s25","voters","RE50821","92","30","43","5","0","1","0","0","0","0","13","44","48","12","9","1","2","0","1","2","0","0","0","0","0","0","0","0","0","0","1","0","0","0","0","0","0","0","0","0","0","0","0","0","0","0","1","1","2","2","3","5","1","0","3","4","2","3","3","0","1","1","2","1","1","13","0","2","1","3","1","2","15","0","1","0","0","2","2","3","0","0","1","0","2","0","2","0","0","0","2","0","0","1","0","1","0","1","0","1","0","18","5","3","2","1","0","0","0","1","19","7","11","1","1","2","1","0","1","7","2","2","1","0","0","0","0","1","3","2","0","0","1","0","0","0","0"
"s25","voters","RE50822","22","8","13","0","0","0","0","0","0","0","1","9","13","1","0","0","0","0","0","0","0","0","0","0","0","0","0","0","0","0","0","0","0","0","0","0","0","2","0","0","0","0","0","0","0","0","0","0","0","1","0","2","0","0","0","1","1","1","2","0","0","1","1","0","1","2","0","2","0","1","2","2","1","0","0","0","0","0","1","0","0","0","0","0","0","0","0","0","0","0","0","0","0","0","0","0","0","0","0","0","0","4","0","2","0","1","0","0","0","1","7","3","3","0","0","0","0","0","0","1","0","0","0","0","0","0","0","0","0","0","0","0","0","0","0","0","0"
"s25","voters","RE50919","2320","1062","761","97","6","13","27","0","7","0","347","1079","1241","163","105","58","29","47","34","11","11","4","3","0","0","3","0","0","0","11","11","3","0","10","0","4","2","2","3","0","1","8","3","3","0","4","30","36","79","74","70","142","5","47","63","97","107","102","206","1","28","20","49","58","71","150","1","17","20","47","50","91","158","3","12","20","27","46","38","39","2","13","15","28","37","33","34","0","4","10","18","13","13","24","2","8","10","3","8","13","24","593","184","119","35","27","5","5","7","87","396","127","80","26","18","3","4","2","105","187","56","41","18","15","1","5","1","23","91","30","18","3","3","0","1","1","3"
"s25","voters","RE50920","76","18","38","5","0","1","0","0","0","0","14","29","47","3","1","1","1","3","2","1","0","0","0","0","0","0","0","0","0","0","0","0","0","0","0","0","0","0","0","0","0","0","0","0","0","0","0","0","2","0","0","2","0","0","4","2","1","1","6","0","0","2","5","5","0","4","0","2","5","6","1","2","6","0","0","1","1","0","0","3","0","2","2","2","2","1","0","0","1","0","0","0","1","2","0","0","0","0","0","1","1","15","1","0","1","1","0","0","0","0","18","7","4","0","1","1","0","0","7","11","0","2","1","0","0","0","0","0","4","1","1","0","0","0","0","0","0"
"s25","voters","RE51129","15","5","5","2","0","0","0","0","0","0","3","8","7","1","1","1","0","1","0","0","0","0","0","0","0","0","0","0","0","0","0","0","0","0","0","0","0","0","0","0","0","0","0","0","0","0","0","1","0","1","0","0","0","0","0","0","1","1","1","0","0","0","0","1","0","2","0","0","0","0","0","0","2","0","1","0","1","0","0","0","0","0","0","1","0","0","0","0","0","0","0","0","0","1","0","0","0","0","0","0","1","3","2","0","0","0","0","0","0","0","5","0","0","0","0","0","0","0","0","3","0","0","0","0","0","0","0","0","2","0","0","0","0","0","0","0","0"
"s25","voters","RIA1431","205","124","39","6","1","2","4","0","0","0","29","90","115","81","23","20","4","0","0","0","0","0","0","0","0","0","0","0","0","0","0","0","0","4","0","1","0","0","0","0","0","3","0","3","2","1","6","7","8","9","9","13","1","10","8","12","9","14","17","0","3","3","1","0","9","7","0","0","1","2","0","5","8","0","3","4","1","1","0","0","1","2","3","2","4","4","4","0","1","1","0","1","0","2","1","2","1","0","3","0","1","62","22","16","3","4","0","2","1","14","24","3","6","4","0","0","0","0","2","23","2","0","1","3","0","0","0","0","10","1","1","0","0","0","0","1","0"
"s25","voters","RIA1436","0","0","0","0","0","0","0","0","0","0","0","0","0","0","0","0","0","0","0","0","0","0","0","0","0","0","0","0","0","0","0","0","0","0","0","0","0","0","0","0","0","0","0","0","0","0","0","0","0","0","0","0","0","0","0","0","0","0","0","0","0","0","0","0","0","0","0","0","0","0","0","0","0","0","0","0","0","0","0","0","0","0","0","0","0","0","0","0","0","0","0","0","0","0","0","0","0","0","0","0","0","0","0","0","0","0","0","0","0","0","0","0","0","0","0","0","0","0","0","0","0","0","0","0","0","0","0","0","0","0","0","0","0","0","0","0","0"
"s25","voters","RIA1437","381","247","60","10","1","1","4","0","2","0","56","151","230","163","30","42","11","0","3","0","0","0","0","0","0","0","0","0","0","0","0","0","0","1","1","0","0","4","1","2","1","5","3","0","0","1","5","13","12","14","18","33","1","14","30","18","21","19","48","0","3","2","3","2","7","10","0","1","4","8","0","9","11","1","5","3","2","1","1","3","0","8","6","10","9","3","4","0","2","2","0","0","2","6","0","1","2","1","1","0","1","111","49","34","12","11","2","0","2","26","32","11","7","1","2","0","0","0","7","34","6","5","2","2","1","4","0","2","13","4","1","0","0","0","0","0","0"
"s25","voters","RIA1438","335","185","70","13","1","1","0","0","1","0","64","137","198","120","34","47","10","0","0","0","1","0","0","0","0","0","0","1","0","0","0","0","0","2","0","1","0","0","3","0","0","1","0","1","0","1","9","8","6","7","17","19","1","16","21","18","16","14","32","0","3","2","5","9","2","12","0","0","5","6","5","3","18","2","7","5","3","4","3","3","1","2","14","7","8","3","2","0","0","2","1","3","2","2","0","2","2","0","0","1","1","106","28","21","5","9","1","2","1","12","41","14","2","1","2","0","1","0","9","36","8","10","3","4","1","0","1","1","11","2","1","2","0","0","0","0","0"
"s25","voters","RIA1439","8","6","0","1","0","0","0","0","0","0","1","4","4","6","0","1","1","0","0","0","0","0","0","0","0","0","0","0","0","0","0","0","0","0","0","0","0","0","0","0","0","0","0","0","0","0","0","1","0","0","1","1","0","0","0","0","0","3","0","0","0","0","0","0","0","0","0","0","0","0","0","0","0","0","0","0","0","0","0","0","0","0","0","1","0","0","0","0","0","0","0","0","0","1","0","0","0","0","0","0","0","2","0","3","0","0","0","0","0","1","0","0","0","0","0","0","0","0","0","0","1","0","0","0","0","0","0","0","1","0","0","0","0","0","0","0","0"
"s25","voters","RIA1440","116","60","30","4","0","3","0","0","1","0","18","47","69","25","12","6","5","2","1","0","0","0","0","0","0","0","0","0","0","0","0","0","0","0","0","0","0","1","0","0","0","0","1","3","0","0","0","2","3","2","6","8","0","6","5","6","5","7","10","0","0","2","2","4","2","5","0","1","2","5","4","0","3","0","0","1","2","1","2","2","0","1","1","3","3","0","2","0","0","2","1","0","0","0","0","3","1","1","0","0","0","34","11","11","0","1","0","0","0","3","18","2","7","0","1","0","0","0","2","8","1","3","3","1","0","1","1","0","4","2","2","0","0","0","0","0","0"
"s25","voters","RIA1441","0","0","0","0","0","0","0","0","0","0","0","0","0","0","0","0","0","0","0","0","0","0","0","0","0","0","0","0","0","0","0","0","0","0","0","0","0","0","0","0","0","0","0","0","0","0","0","0","0","0","0","0","0","0","0","0","0","0","0","0","0","0","0","0","0","0","0","0","0","0","0","0","0","0","0","0","0","0","0","0","0","0","0","0","0","0","0","0","0","0","0","0","0","0","0","0","0","0","0","0","0","0","0","0","0","0","0","0","0","0","0","0","0","0","0","0","0","0","0","0","0","0","0","0","0","0","0","0","0","0","0","0","0","0","0","0","0"
"s25","voters","RIA1451","883","570","139","23","2","7","5","0","1","0","136","346","537","319","67","85","19","6","0","0","1","0","0","0","0","0","0","0","0","3","2","0","0","1","1","0","0","5","1","1","1","7","2","1","0","3","35","37","16","34","50","34","8","58","64","40","50","68","73","0","8","10","15","9","18","7","1","5","8","5","20","16","17","5","12","15","5","4","7","6","0","16","22","14","13","4","13","0","7","4","1","1","2","1","0","6","6","3","2","1","4","333","102","63","15","16","2","8","1","30","94","22","8","1","3","0","1","0","10","89","13","9","6","8","2","2","2","5","30","6","2","0","0","0","0","0","0"
"s25","voters","RIA1452","294","175","47","12","3","3","3","0","3","0","48","126","168","112","13","31","13","1","0","0","0","0","0","2","0","0","0","0","0","0","0","0","0","2","0","0","0","0","0","0","0","0","0","0","0","2","12","12","2","7","12","16","2","17","21","15","21","12","24","0","2","3","6","5","5","8","0","1","3","2","1","4","7","0","4","4","6","4","2","3","1","6","3","5","4","5","1","0","1","1","4","1","3","1","0","5","4","3","1","0","0","91","33","26","4","6","0","5","1","9","29","4","7","2","3","0","0","0","2","27","8","10","2","0","0","1","0","0","20","1","1","1","0","0","0","0","1"
"s25","voters","RIA1453","526","299","117","24","1","7","7","0","1","0","70","222","304","202","52","51","19","0","0","0","0","0","0","0","0","0","1","0","0","0","1","0","1","0","0","0","0","4","0","0","0","4","2","1","0","1","10","22","10","12","20","36","1","22","31","23","24","31","56","1","4","4","7","10","13","23","0","5","4","10","5","11","20","0","5","8","10","4","1","3","2","5","6","9","3","8","6","0","1","4","3","1","5","4","1","3","4","3","3","2","6","152","65","30","13","10","0","2","2","25","61","18","21","2","1","1","0","0","13","29","13","13","4","3","0","1","0","7","20","6","6","3","4","0","0","0","1"
"s25","voters","RIA1457","1796","861","560","90","8","11","17","0","2","1","246","791","1005","370","223","106","55","12","9","3","0","0","3","0","0","1","1","0","0","1","0","3","0","6","3","2","1","0","3","0","0","9","6","4","0","1","24","46","28","46","72","107","1","56","76","65","88","107","144","5","25","35","47","55","71","59","0","15","24","51","50","61","62","2","18","16","27","23","14","14","7","22","22","23","25","16","17","0","5","10","9","9","13","10","1","12","17","11","13","9","10","430","159","106","36","30","4","13","3","80","312","89","58","15","16","3","10","4","53","125","37","30","23","5","2","6","2","16","71","29","19","1","2","0","2","0","5"
"s25","voters","RIA1458","839","518","169","42","4","3","9","0","2","0","92","352","487","196","69","37","24","6","3","1","0","1","0","1","0","0","0","0","0","10","0","4","0","6","0","0","0","1","3","1","0","9","4","1","2","1","14","32","28","27","34","55","3","37","69","50","52","56","60","0","9","16","25","15","11","13","0","4","18","20","12","6","20","0","4","11","9","5","6","8","1","3","15","8","8","10","4","0","0","10","5","5","7","2","0","2","7","4","7","1","10","398","39","35","10","4","3","5","1","23","125","20","11","2","2","0","2","0","7","67","10","5","6","3","0","0","0","1","46","6","1","5","0","0","0","0","2"
"s25","voters","RIA1459","1549","903","298","59","13","19","13","0","11","0","233","655","894","429","137","129","52","9","2","4","0","0","0","0","0","2","0","0","0","3","0","3","0","2","2","2","0","2","1","1","0","10","3","5","1","2","28","44","47","40","71","95","11","59","76","88","86","98","158","0","11","18","23","22","29","54","1","5","19","23","21","41","31","5","22","22","27","9","12","11","0","24","18","25","21","17","20","0","9","9","12","17","7","9","1","14","8","7","6","7","9","485","137","120","29","31","11","10","7","73","182","50","28","8","4","0","3","2","21","141","23","24","12","9","4","3","1","16","77","16","8","4","4","2","0","1","3"
"s25","voters","RIA1460","3046","1703","737","101","19","30","13","0","3","1","439","1333","1713","832","319","241","75","10","23","6","2","1","0","0","0","0","1","0","0","6","0","0","1","9","0","3","0","0","4","0","3","27","20","6","0","11","61","82","64","81","158","211","10","123","156","124","149","175","298","2","28","29","63","61","77","113","3","23","27","60","50","76","125","5","41","30","37","34","30","40","4","38","40","47","28","27","38","0","9","11","14","12","17","12","2","21","21","15","5","8","20","885","288","201","80","60","6","26","12","145","394","119","105","19","17","5","3","6","69","253","58","52","32","13","3","6","2","20","93","31","23","9","6","0","1","0","4"
"s25","voters","RIA1461","903","551","159","35","10","12","6","0","4","0","126","378","525","351","83","68","29","5","0","1","3","0","0","0","0","0","0","0","0","0","0","1","0","1","0","0","0","0","0","0","1","2","6","1","2","2","23","36","18","26","51","57","9","50","49","40","37","62","91","0","2","10","16","13","12","24","0","4","11","17","15","13","22","0","13","10","10","7","7","5","2","12","20","12","13","8","7","0","4","12","6","4","6","4","2","6","9","5","3","4","2","284","90","69","22","27","4","10","6","39","98","19","16","6","6","0","1","1","12","68","18","13","12","6","0","5","0","4","39","14","10","1","1","0","1","0","1"
"s25","voters","RIA1463","2251","1392","378","70","20","22","16","0","7","0","346","951","1300","853","189","206","66","2","4","1","2","0","0","0","0","0","0","0","0","5","4","2","0","2","0","0","0","4","1","0","0","21","8","11","2","7","59","90","61","62","105","150","14","115","156","110","113","124","226","3","14","30","36","23","36","64","1","15","20","33","22","29","52","5","23","39","22","24","29","17","4","39","36","32","29","22","25","0","9","14","10","8","9","2","0","18","16","13","10","9","17","728","272","147","47","56","9","27","5","101","227","59","43","8","10","2","5","2","22","194","52","38","26","14","1","5","4","12","95","15","20","1","2","1","0","0","1"
"s25","voters","RIA1464","2149","1314","349","92","21","24","15","0","14","0","320","919","1230","714","169","202","92","14","3","1","0","0","0","0","0","4","2","0","0","3","0","4","0","2","2","2","0","2","5","1","0","15","11","9","2","4","64","78","63","61","104","143","6","121","133","119","111","132","175","2","8","22","30","36","32","51","1","13","23","22","28","27","54","6","36","34","19","22","11","13","5","47","34","31","26","18","18","2","15","20","10","12","10","11","0","16","16","16","13","13","12","704","221","176","39","40","8","18","3","105","194","64","42","15","6","0","1","3","24","198","46","30","17","8","3","5","1","12","107","30","15","6","2","2","0","1","3"
"s25","voters","RIA1465","1416","839","281","57","9","11","9","0","3","0","207","573","843","422","128","118","36","3","5","2","2","3","0","0","0","0","0","0","0","1","1","2","1","0","0","0","0","2","5","5","3","8","5","6","1","6","22","33","30","44","55","110","9","55","71","63","61","88","192","0","6","12","20","17","29","56","0","7","10","22","19","28","55","5","17","20","13","12","10","17","4","18","25","15","17","16","18","0","6","7","5","5","8","8","1","6","9","13","6","8","7","416","169","99","32","23","4","16","7","73","173","41","37","3","4","0","3","0","20","121","23","20","22","8","3","2","1","7","55","13","13","5","3","0","0","0","0"
"s25","voters","RIA1468","4","3","0","0","0","1","0","0","0","0","0","3","1","0","0","0","0","0","0","0","0","0","0","0","0","0","0","0","0","0","0","0","0","0","0","0","0","0","0","0","0","0","0","0","0","0","0","0","0","1","0","1","0","0","0","0","0","0","1","0","0","0","0","0","0","0","0","0","0","0","0","0","0","0","0","0","0","0","0","0","0","0","0","0","0","0","0","0","0","0","0","0","0","1","0","0","0","0","0","0","0","1","2","0","0","0","0","0","0","0","0","0","0","0","0","0","0","0","0","0","0","0","0","0","0","0","0","0","1","0","0","0","0","0","0","0","0"
"s25","voters","RIA1471","42","24","8","2","0","1","0","0","1","0","6","19","23","5","5","3","2","0","0","0","0","0","0","0","0","0","0","0","0","0","0","0","0","0","0","0","0","0","0","0","0","0","0","0","0","0","1","0","1","3","1","4","1","3","2","1","1","4","2","0","0","1","2","0","1","0","0","0","1","1","0","1","1","0","0","0","0","0","0","3","0","2","1","0","0","0","0","0","0","0","0","1","1","0","0","0","0","0","0","0","2","13","2","5","0","0","0","1","0","3","6","1","1","0","0","0","0","0","0","4","0","0","1","1","0","0","0","0","2","0","1","0","1","0","0","0","0"
"s25","voters","RIA1472","1907","1126","335","59","8","12","19","0","8","0","340","773","1134","723","157","228","56","4","7","2","0","0","0","0","0","1","0","0","0","0","0","0","0","0","1","1","0","1","2","1","0","10","2","5","0","3","45","63","45","43","89","131","11","125","139","88","61","107","176","0","15","18","25","23","36","44","1","7","20","30","22","22","72","4","31","40","27","15","16","20","6","40","38","33","22","16","32","0","7","11","10","4","2","6","0","14","18","12","6","7","9","613","187","157","42","37","3","15","6","66","211","33","37","5","13","1","2","1","32","193","46","41","25","12","1","5","2","15","73","13","9","4","4","0","2","0","1"
"s25","voters","RIA1473","2253","1332","416","76","15","22","17","1","8","0","366","938","1315","840","206","238","82","4","6","1","1","0","1","0","0","1","1","1","0","5","4","4","2","2","1","2","0","0","1","2","3","15","2","4","1","4","68","74","46","61","107","155","15","134","133","95","115","116","209","2","13","32","28","31","26","70","1","19","21","30","25","50","68","5","26","44","23","17","26","15","4","43","37","30","32","31","33","0","14","9","6","8","7","21","4","22","16","8","6","7","11","733","244","168","39","54","8","16","7","63","240","56","54","9","12","1","2","4","38","229","44","45","19","10","6","3","2","8","92","24","14","6","0","0","0","1","2"
"s25","voters","RIA1474","923","540","175","34","3","8","7","0","3","0","153","396","527","380","91","117","30","6","0","0","0","0","0","0","0","0","0","0","0","3","3","0","0","1","1","0","0","1","0","0","0","5","1","0","0","3","30","27","26","22","41","52","3","49","67","36","44","47","93","3","8","9","19","10","15","29","1","5","13","14","11","11","27","2","15","19","6","10","10","11","0","24","22","12","5","10","7","1","3","6","5","6","6","2","0","8","4","5","2","2","5","309","74","61","10","15","3","5","5","58","101","29","23","1","7","1","0","2","11","99","22","11","6","4","2","2","0","7","35","11","7","1","1","0","0","0","0"
"s25","voters","RIA1475","240","126","61","12","0","5","0","0","0","0","36","112","128","64","34","25","6","0","4","0","0","0","0","0","0","0","0","0","0","1","0","0","0","0","0","0","0","0","0","0","1","0","0","0","0","1","8","6","6","8","5","20","0","9","10","6","11","14","22","0","2","3","10","5","4","9","0","1","0","7","2","3","15","0","3","3","2","4","5","2","1","4","2","1","3","4","2","0","1","1","0","3","0","1","0","2","0","4","3","2","0","60","25","16","8","2","1","3","0","11","31","4","12","4","1","0","1","0","8","12","6","7","4","0","0","0","0","7","12","3","0","1","0","0","0","0","1"
"s25","voters","RIA1476","555","348","93","27","3","7","1","0","3","0","73","229","326","204","46","48","28","1","2","1","0","0","0","0","0","0","0","0","0","1","0","0","0","2","0","0","0","0","0","0","0","7","1","2","1","0","12","15","22","20","27","34","2","24","37","32","35","25","63","0","3","6","13","6","14","8","1","2","1","11","8","10","10","0","5","7","5","1","5","2","0","10","10","9","8","8","3","0","1","6","6","4","3","4","1","2","4","3","4","3","0","187","52","42","18","10","1","9","4","25","57","11","14","0","0","2","1","1","7","47","7","7","6","2","2","2","0","0","23","10","7","0","0","0","0","0","1"
"s25","voters","RIA1478","9","6","0","0","0","0","0","0","0","0","3","2","7","2","0","0","0","0","0","0","0","0","0","0","0","0","0","0","0","0","0","0","0","0","0","0","0","0","0","0","0","0","0","0","0","0","0","0","0","0","1","0","0","2","0","1","0","0","2","0","0","0","0","0","0","0","0","0","0","0","0","0","0","0","0","1","0","0","0","0","1","0","0","0","1","0","0","0","0","0","0","0","0","0","0","0","0","0","0","0","0","4","1","0","0","0","0","0","0","1","0","0","0","0","0","0","0","0","0","2","0","0","0","1","0","0","0","0","0","0","0","0","0","0","0","0","0"
"s25","voters","RIA1479","133","87","23","5","1","1","0","0","0","0","16","61","72","35","16","7","4","0","0","0","0","0","0","0","0","0","0","0","0","1","0","1","0","0","0","0","0","0","0","0","0","7","0","2","0","1","4","5","3","9","4","10","1","8","8","4","9","7","14","0","0","2","3","2","3","2","0","1","4","2","1","1","2","0","3","3","2","2","0","0","0","2","2","1","0","1","0","0","0","0","2","0","0","1","0","2","0","0","1","0","1","38","22","11","5","3","1","2","0","5","17","3","3","0","0","0","0","0","0","8","2","3","2","0","0","0","0","1","4","2","0","0","0","0","0","0","1"
"s25","voters","RIA1480","30","16","3","1","0","0","1","0","1","0","8","13","17","3","0","3","1","0","1","0","0","0","0","0","0","0","0","0","0","0","0","0","0","0","0","1","1","0","0","0","0","0","0","0","0","0","0","1","1","1","3","2","0","0","2","1","2","1","2","0","0","0","1","0","0","1","0","0","0","0","0","1","0","0","0","1","0","0","2","0","0","1","0","1","0","0","3","0","0","0","0","0","0","0","0","0","0","1","0","1","1","8","3","1","0","1","0","0","0","3","1","0","2","0","0","0","0","0","0","5","1","0","2","0","0","0","0","0","3","0","0","0","0","0","0","0","0"
"s25","voters","RIA1481","49","31","6","3","0","1","1","0","0","0","7","18","31","15","1","5","0","1","0","0","0","0","0","0","0","0","0","0","0","0","0","0","0","0","0","0","0","0","0","0","0","0","0","0","0","0","1","0","2","2","3","3","1","1","5","2","1","5","5","0","0","0","1","1","1","1","0","0","0","0","1","1","0","0","0","1","0","1","0","0","0","2","1","2","0","0","0","0","0","0","1","0","0","0","0","0","0","1","2","1","0","19","4","2","2","1","0","0","0","3","4","1","1","0","0","0","0","0","0","4","1","2","0","0","0","0","0","0","3","1","0","0","0","0","0","0","1"
"s25","voters","RIA1509","17","7","5","0","1","0","2","0","0","0","2","5","12","4","0","0","1","0","0","0","0","0","0","0","0","0","0","0","0","0","0","0","0","0","0","0","0","0","1","1","0","1","0","0","0","0","0","1","0","0","0","0","0","0","3","1","0","2","0","0","0","0","0","3","0","0","0","0","0","1","1","0","0","0","0","0","0","0","0","0","0","0","0","2","0","0","0","0","0","0","1","0","0","0","0","0","1","0","0","0","1","7","0","0","0","0","0","0","0","0","5","0","0","0","0","0","0","0","0","2","0","0","0","0","0","0","0","0","3","0","0","0","0","0","0","0","0"
"s25","voters","RIA1656","3","2","0","0","0","0","1","0","0","0","0","2","1","2","0","0","0","0","0","0","0","0","0","0","0","0","0","0","0","0","0","0","0","0","0","0","0","0","0","0","0","0","0","0","0","0","0","0","0","0","1","0","0","0","0","0","0","1","0","0","0","0","0","0","0","0","0","0","0","0","0","0","0","0","0","0","0","0","0","0","0","0","0","0","0","0","0","0","0","1","0","0","0","0","0","0","0","0","0","0","0","1","0","1","0","0","0","0","0","0","0","0","0","0","0","0","0","0","0","0","0","0","0","0","0","0","0","0","0","0","1","0","0","0","0","0","0"
"s25","voters","RIA1657","7","2","2","1","1","0","0","0","0","0","1","5","2","2","0","0","1","0","0","0","0","0","0","0","0","0","0","0","0","0","0","0","0","0","0","0","0","0","0","0","0","0","0","0","0","0","0","0","0","0","0","1","0","0","0","0","0","0","1","0","0","0","0","0","0","1","0","0","0","0","0","0","1","0","1","0","0","0","0","0","0","0","0","0","0","0","0","0","0","0","1","0","0","1","0","0","0","0","0","0","0","1","0","0","0","1","0","0","0","0","1","0","0","0","0","0","0","0","1","1","0","0","0","0","0","0","0","0","2","0","0","0","0","0","0","0","0"
"s25","voters","SB11510","1456","975","194","34","11","7","8","0","4","0","223","618","838","731","142","153","38","1","1","3","0","1","0","0","0","0","0","0","0","0","0","1","0","4","0","0","0","4","0","5","0","11","5","3","0","2","60","57","44","23","79","114","5","94","110","64","56","80","187","0","12","16","20","17","18","30","0","5","11","17","10","20","18","4","19","19","17","12","15","11","7","37","24","21","13","13","11","1","8","3","3","4","4","6","1","9","7","7","5","5","1","501","169","120","34","35","8","11","4","93","117","23","22","9","9","6","0","3","5","128","33","25","14","8","4","5","0","6","45","15","3","0","0","1","0","0","0"
"s25","voters","SB11511","869","510","151","27","12","13","6","1","2","0","147","340","529","280","59","83","27","7","1","1","2","2","0","2","0","0","0","0","0","5","6","5","2","1","2","2","0","12","3","4","0","9","3","4","3","2","23","20","18","9","33","75","6","32","47","23","36","46","140","0","6","7","10","9","14","28","0","1","7","10","12","12","35","2","12","9","5","9","5","24","4","11","14","6","13","9","24","0","3","1","5","0","3","8","0","7","7","5","3","5","14","312","80","61","19","14","4","2","2","16","101","15","15","4","9","1","0","0","6","93","19","14","6","7","2","3","0","3","42","7","7","3","2","0","0","0","0"
"s25","voters","SB11512","1","0","0","0","1","0","0","0","0","0","0","0","1","0","0","0","1","0","0","0","0","0","0","0","0","0","0","0","0","0","0","0","0","0","0","0","0","0","0","0","0","0","0","0","0","0","0","0","0","0","0","0","0","0","0","0","0","0","0","0","0","0","0","0","0","0","0","0","0","0","0","0","0","0","0","0","0","0","0","0","0","0","0","0","0","0","0","0","0","0","0","0","0","0","0","1","0","0","0","0","0","0","0","0","0","0","0","0","0","0","0","0","0","0","0","0","0","0","0","0","0","0","0","0","0","0","0","0","1","0","0","0","0","0","0","0","0"
"s25","voters","SB11513","73","46","10","2","1","2","1","0","0","0","11","29","44","16","5","7","2","1","0","0","0","0","0","0","0","1","0","0","0","0","0","0","0","2","0","0","0","0","0","0","0","0","0","1","0","0","3","4","0","1","2","6","0","8","4","3","5","5","5","1","0","3","1","0","1","1","0","0","0","0","0","1","2","0","2","0","1","2","0","0","0","2","0","1","1","0","2","0","0","0","1","0","0","0","1","1","0","1","2","0","0","41","4","1","0","0","0","0","0","0","7","0","1","0","0","1","0","1","0","10","0","1","0","0","0","0","0","0","5","1","0","0","0","0","0","0","0"
"s25","voters","SB11514","1","1","0","0","0","0","0","0","0","0","0","1","0","0","0","0","0","0","0","0","0","0","0","0","0","0","0","0","0","0","0","0","0","0","0","0","0","0","0","0","0","0","0","0","0","0","0","0","0","0","1","0","0","0","0","0","0","0","0","0","0","0","0","0","0","0","0","0","0","0","0","0","0","0","0","0","0","0","0","0","0","0","0","0","0","0","0","0","0","0","0","0","0","0","0","0","0","0","0","0","0","1","0","0","0","0","0","0","0","0","0","0","0","0","0","0","0","0","0","0","0","0","0","0","0","0","0","0","0","0","0","0","0","0","0","0","0"
"s25","voters","SB11515","5","4","0","0","0","0","0","0","0","0","1","3","2","3","0","1","0","0","0","0","0","0","0","0","0","0","0","0","0","0","0","0","0","0","0","0","0","0","0","0","0","0","0","0","0","0","0","0","2","0","0","1","0","1","0","0","0","0","0","0","0","0","0","0","0","0","0","0","0","0","0","0","0","0","0","0","0","0","0","0","0","0","0","1","0","0","0","0","0","0","0","0","0","0","0","0","0","0","0","0","0","3","1","0","0","0","0","0","0","0","0","0","0","0","0","0","0","0","0","0","0","1","0","0","0","0","0","0","0","0","0","0","0","0","0","0","0"
"s25","voters","SB11516","183","106","37","7","0","2","1","0","3","0","27","84","99","71","18","16","7","0","1","0","0","0","0","1","0","0","0","0","0","0","0","1","0","0","0","0","0","8","2","1","0","2","3","2","0","0","8","8","5","5","4","14","1","7","10","6","12","4","22","1","1","2","4","3","2","7","0","3","1","1","2","6","4","0","5","3","1","1","2","1","1","2","4","0","0","1","6","0","2","1","2","0","2","0","0","0","1","1","1","2","1","57","17","17","6","2","0","1","1","5","24","6","4","0","1","0","0","1","1","20","2","2","1","1","1","0","0","0","8","4","1","0","0","0","0","0","0"
"s25","voters","SB11518","1","0","0","0","1","0","0","0","0","0","0","0","1","0","0","0","1","0","0","0","0","0","0","0","0","0","0","0","0","0","0","0","0","0","0","0","0","0","0","0","0","0","0","0","0","0","0","0","0","0","0","0","0","0","0","0","0","0","0","0","0","0","0","0","0","0","0","0","0","0","0","0","0","0","0","0","0","0","0","0","0","0","0","0","0","0","0","0","0","0","0","0","0","0","0","1","0","0","0","0","0","0","0","0","0","0","0","0","0","0","0","0","0","0","0","0","0","0","0","0","0","0","0","0","0","0","0","0","1","0","0","0","0","0","0","0","0"
"s25","voters","SB11519","2","1","1","0","0","0","0","0","0","0","0","1","1","0","0","0","0","0","0","0","0","0","0","0","0","0","0","0","0","0","0","0","0","0","0","0","0","0","0","0","0","0","0","0","0","0","0","0","0","0","0","1","0","0","0","0","0","0","0","0","0","0","0","0","0","0","0","0","0","0","0","0","1","0","0","0","0","0","0","0","0","0","0","0","0","0","0","0","0","0","0","0","0","0","0","0","0","0","0","0","0","1","0","0","0","0","0","0","0","0","0","0","0","1","0","0","0","0","0","0","0","0","0","0","0","0","0","0","0","0","0","0","0","0","0","0","0"
"s25","voters","SB11520","1","1","0","0","0","0","0","0","0","0","0","0","1","1","0","0","0","0","0","0","0","0","0","0","0","0","0","0","0","0","0","0","0","0","0","0","0","0","0","0","0","0","0","0","0","0","0","0","0","0","0","0","0","0","0","0","0","1","0","0","0","0","0","0","0","0","0","0","0","0","0","0","0","0","0","0","0","0","0","0","0","0","0","0","0","0","0","0","0","0","0","0","0","0","0","0","0","0","0","0","0","1","0","0","0","0","0","0","0","0","0","0","0","0","0","0","0","0","0","0","0","0","0","0","0","0","0","0","0","0","0","0","0","0","0","0","0"
"s25","voters","SB11524","37","17","13","2","1","0","0","0","0","0","4","17","20","7","4","1","0","0","0","0","0","0","0","0","0","0","0","0","0","0","0","0","0","0","0","0","0","0","0","0","0","0","0","0","0","0","1","0","0","0","1","3","0","3","2","1","1","2","3","0","0","0","3","1","3","1","0","1","0","2","0","0","2","0","0","1","0","1","0","1","0","0","0","0","0","0","1","0","0","0","0","0","1","0","0","0","0","1","0","1","0","12","1","3","1","0","0","0","0","0","12","1","0","0","0","0","0","0","0","2","1","0","0","0","0","0","0","1","3","0","0","0","0","0","0","0","0"
"s25","voters","SB11525","138","82","15","4","3","3","2","0","0","0","29","51","87","50","6","16","4","1","0","1","0","0","0","0","0","0","0","0","0","0","2","0","0","0","0","0","0","1","1","3","0","0","0","0","0","3","4","5","5","2","5","7","0","10","11","6","7","6","11","0","0","3","1","1","2","0","0","1","1","1","0","2","3","0","0","3","3","0","3","1","0","5","6","2","1","1","4","0","1","1","0","0","0","1","0","0","3","3","1","1","1","48","18","8","5","3","0","0","0","0","7","6","1","1","0","0","0","0","0","21","5","1","1","0","0","0","0","1","10","2","0","0","0","0","0","0","0"
"s25","voters","SB11528","511","331","61","9","2","11","2","0","1","0","94","223","288","202","30","57","10","1","3","0","0","0","0","0","0","0","0","0","0","1","0","2","0","0","0","0","0","2","0","1","1","3","1","1","0","1","15","22","18","17","32","35","8","30","42","24","17","32","38","0","2","6","7","5","8","8","0","4","3","5","2","1","10","0","8","12","5","4","7","5","2","12","12","7","7","5","8","0","2","2","0","0","1","1","1","4","3","4","2","1","4","195","43","33","16","21","3","0","1","19","41","7","5","1","4","0","0","1","2","55","16","9","4","5","1","0","0","4","21","4","0","0","0","0","0","0","0"
"s25","voters","SB11529","111","65","19","4","1","1","1","0","1","0","19","36","75","22","11","2","1","1","0","0","0","0","0","0","0","0","0","0","0","0","0","0","0","0","1","0","0","0","1","0","0","0","0","0","0","0","3","3","2","3","1","5","0","8","3","5","4","10","18","0","1","4","1","0","4","0","0","0","1","2","2","4","0","0","3","1","1","0","2","0","1","2","3","1","4","1","0","0","0","0","0","0","1","1","0","0","1","1","2","1","1","36","11","9","3","1","0","0","0","5","10","3","4","0","1","0","0","0","1","13","4","1","1","0","0","0","0","0","5","1","1","1","0","0","0","0","0"
"s25","voters","SB11530","138","90","14","5","2","3","1","0","0","0","23","55","83","66","10","15","8","0","0","0","0","0","0","0","0","0","0","0","0","0","0","0","0","0","0","0","0","0","0","0","0","1","0","0","0","0","8","6","2","3","8","6","3","13","13","8","6","7","7","0","3","1","3","1","1","2","0","0","1","1","0","0","1","0","3","3","0","0","1","1","1","8","3","1","1","1","0","0","1","1","1","0","0","0","0","4","1","1","1","0","1","45","16","11","7","5","1","1","2","2","7","3","3","0","1","0","0","0","0","15","5","1","2","0","0","0","0","0","6","2","3","0","0","0","0","0","0"
"s25","voters","SB11531","1","1","0","0","0","0","0","0","0","0","0","0","1","1","0","0","0","0","0","0","0","0","0","0","0","0","0","0","0","0","0","0","0","0","0","0","0","0","0","0","0","0","0","0","0","0","0","0","0","0","0","0","0","0","0","0","0","1","0","0","0","0","0","0","0","0","0","0","0","0","0","0","0","0","0","0","0","0","0","0","0","0","0","0","0","0","0","0","0","0","0","0","0","0","0","0","0","0","0","0","0","1","0","0","0","0","0","0","0","0","0","0","0","0","0","0","0","0","0","0","0","0","0","0","0","0","0","0","0","0","0","0","0","0","0","0","0"
"s25","voters","SB21532","324","190","63","7","1","2","6","0","2","0","53","137","187","114","25","28","15","4","0","0","0","0","0","0","0","0","1","0","0","0","0","1","0","0","0","0","0","1","3","1","0","3","0","0","0","0","8","14","6","7","11","24","4","11","17","12","19","25","32","1","1","7","4","3","13","6","0","2","3","5","3","6","9","0","4","5","5","3","4","3","0","4","7","7","2","3","6","0","0","0","3","1","2","2","0","2","2","1","2","2","1","108","22","27","11","6","4","2","0","10","29","12","9","4","2","0","2","0","5","34","8","5","3","0","0","2","0","1","11","2","3","0","0","0","1","0","1"
"s25","voters","SB21533","43","26","5","1","1","1","1","0","1","0","7","19","24","15","1","2","2","1","0","0","0","0","0","0","0","0","0","0","0","0","0","0","0","0","0","0","0","0","0","0","0","0","0","0","0","0","2","1","1","1","3","1","0","4","5","1","2","1","4","0","0","0","0","1","1","2","0","0","0","0","1","0","0","0","1","3","0","0","0","0","0","0","1","1","0","0","1","0","1","0","0","0","0","1","0","0","0","1","0","2","0","14","4","6","0","1","0","0","0","1","2","1","1","1","0","0","0","0","0","5","0","1","1","0","0","0","0","0","5","0","0","0","0","0","0","0","0"
"s25","voters","SB21534","210","130","35","7","1","6","1","0","1","0","29","90","120","84","19","19","9","1","1","0","0","0","0","0","0","0","0","0","0","0","0","0","0","2","0","0","0","0","0","1","0","3","0","0","0","2","13","9","6","7","6","9","4","18","12","12","7","9","16","0","3","0","1","2","4","7","0","0","3","2","3","3","7","0","8","3","1","1","1","1","1","2","4","3","1","2","1","0","1","4","0","1","0","0","0","3","1","4","1","1","0","73","18","15","7","6","2","1","1","7","23","5","1","1","1","0","2","0","2","18","6","2","1","0","0","0","0","2","11","4","1","0","0","0","0","0","0"
"s25","voters","SB21535","36","28","4","1","0","0","0","0","0","0","3","13","23","16","2","3","1","0","0","0","0","0","0","0","0","0","0","0","0","0","0","0","0","0","0","0","0","0","0","0","0","0","0","0","0","0","3","1","0","1","0","4","0","3","7","2","2","1","4","0","1","0","0","0","0","1","0","0","1","0","1","0","0","0","1","0","1","0","0","0","0","0","0","1","0","0","0","0","0","0","0","0","0","0","0","1","0","0","0","0","0","20","1","5","1","1","0","0","0","0","2","2","0","0","0","0","0","0","0","0","1","1","1","0","0","0","0","0","1","0","0","0","0","0","0","0","0"
"s25","voters","SB21537","274","159","53","10","1","5","3","0","2","0","41","113","161","96","22","20","11","2","1","0","0","0","0","0","0","0","0","0","0","0","0","0","0","0","0","0","0","0","0","0","0","0","3","0","0","0","11","11","2","9","8","22","2","14","19","14","11","11","25","0","2","2","6","4","6","10","0","1","5","6","3","2","6","0","3","5","2","4","1","0","1","8","6","2","5","2","2","0","2","1","0","1","1","0","0","6","3","2","2","2","1","72","28","27","9","10","2","0","1","10","34","6","4","1","1","0","0","0","7","22","6","4","4","2","0","1","1","1","13","3","5","0","0","0","0","0","0"
"s25","voters","SB21538","758","475","92","25","5","16","4","0","3","0","138","308","450","284","50","83","31","2","2","1","0","0","0","0","0","0","0","0","0","0","0","2","0","0","0","0","0","0","0","0","0","7","1","3","2","4","22","36","18","18","35","33","3","55","77","35","37","48","54","0","3","10","9","7","8","15","1","3","10","7","4","6","9","6","16","18","6","3","8","11","4","13","23","3","9","10","8","0","3","5","2","4","4","4","2","4","12","4","2","5","2","246","94","56","27","28","2","7","2","13","64","8","10","1","3","2","0","0","4","102","9","15","5","1","1","2","0","3","38","7","4","2","1","0","0","0","1"
"s25","voters","SB21539","904","562","163","22","7","16","7","0","4","0","123","395","509","346","89","81","22","2","3","0","0","0","0","0","0","0","0","0","0","1","0","0","0","0","0","1","0","2","1","0","0","7","3","0","0","4","27","40","40","23","39","59","4","44","63","49","34","62","74","1","8","16","13","12","14","21","2","5","19","9","14","15","14","3","11","16","6","5","4","10","2","10","21","12","8","7","8","0","6","6","5","1","1","4","3","4","7","5","4","7","3","293","107","66","25","32","6","3","3","27","109","13","18","3","8","1","2","0","9","81","14","16","3","3","0","0","0","6","38","8","6","1","0","1","1","0","1"
"s25","voters","SB21540","7","2","1","0","0","0","0","0","1","0","3","2","5","1","0","2","1","0","0","0","0","0","0","0","0","0","0","0","0","0","0","0","0","0","0","0","0","0","0","0","0","0","0","0","0","0","0","0","1","0","0","0","0","0","0","0","0","0","1","0","0","0","0","0","0","0","0","0","0","0","1","0","0","0","0","0","0","0","0","1","0","0","2","0","0","0","0","0","0","0","0","0","0","0","0","0","0","1","0","0","0","1","0","1","0","0","0","0","0","0","1","0","0","0","0","0","0","0","0","1","1","0","0","0","0","0","0","1","1","0","0","0","0","0","0","0","0"
"s25","voters","SB21541","419","240","90","18","2","6","3","0","0","0","60","190","229","161","49","41","16","3","2","2","0","0","0","0","0","0","0","0","0","0","1","0","0","0","0","0","0","0","0","0","0","1","0","1","0","0","10","15","8","12","19","30","2","26","20","15","16","25","42","0","2","8","8","5","13","12","2","3","9","6","5","8","9","0","2","8","5","1","7","7","0","7","5","5","2","4","7","0","5","4","0","3","3","3","0","2","3","2","2","2","0","117","57","25","8","10","0","2","3","18","48","13","12","0","4","1","0","1","11","36","8","4","3","2","0","0","1","6","22","4","1","1","1","0","0","0","0"
"s25","voters","SB21542","136","68","44","6","2","1","2","0","1","0","12","60","76","28","10","3","4","0","1","0","0","0","0","0","0","0","0","0","0","0","0","0","1","0","0","0","0","0","0","0","0","2","0","0","1","0","2","3","2","2","5","13","0","3","4","2","2","7","23","0","0","2","2","1","5","11","0","0","0","1","2","4","16","0","0","1","0","1","1","3","0","1","0","0","0","3","2","0","0","4","1","0","1","0","0","0","2","1","0","0","3","40","5","5","4","6","0","0","0","8","29","7","3","2","1","0","0","0","2","8","1","1","0","0","0","0","0","2","8","3","1","0","0","0","0","0","0"
"s25","voters","SB21543","276","193","47","9","2","4","1","0","0","0","20","129","147","105","10","9","6","0","1","0","1","0","0","0","0","0","1","0","0","3","1","0","0","1","0","0","0","0","0","0","0","1","0","1","1","0","7","9","3","7","17","34","1","16","12","10","7","18","52","0","1","1","2","4","6","18","0","0","0","1","1","4","9","0","0","3","1","1","4","2","0","0","2","2","2","0","3","0","1","0","1","1","3","3","0","2","0","1","0","3","1","111","35","14","13","7","0","4","1","8","30","2","9","4","0","0","1","0","1","12","0","3","3","1","0","0","0","1","11","5","0","0","0","0","0","0","0"
"s25","voters","SB21545","384","235","65","16","3","5","3","0","2","0","55","145","239","90","23","19","13","0","1","0","0","0","0","0","0","1","0","0","0","2","0","2","0","2","0","0","0","5","1","4","0","0","1","0","0","0","9","10","8","9","16","24","4","19","25","21","24","22","44","0","2","4","5","7","5","9","0","3","3","6","7","4","10","0","5","4","6","4","2","4","0","8","11","2","1","5","3","1","2","4","1","0","0","4","0","1","2","2","3","4","5","140","36","32","9","8","1","0","0","9","42","8","6","2","1","1","1","0","4","33","8","7","3","2","1","0","1","0","20","6","0","1","1","0","1","0","0"
"s25","voters","SB21546","1","0","1","0","0","0","0","0","0","0","0","1","0","0","1","0","0","0","0","0","0","0","0","0","0","0","0","0","0","0","0","0","0","0","0","0","0","0","0","0","0","0","0","0","0","0","0","0","0","0","0","0","0","0","0","0","0","0","0","0","0","0","0","0","0","1","0","0","0","0","0","0","0","0","0","0","0","0","0","0","0","0","0","0","0","0","0","0","0","0","0","0","0","0","0","0","0","0","0","0","0","0","0","0","0","0","0","0","0","0","1","0","0","0","0","0","0","0","0","0","0","0","0","0","0","0","0","0","0","0","0","0","0","0","0","0","0"
"s25","voters","SB21547","24","14","0","0","0","0","0","0","0","0","10","11","13","9","0","6","0","0","0","0","0","0","0","0","0","0","0","0","0","0","0","0","0","0","0","0","0","0","0","0","0","0","0","0","0","0","2","2","0","0","0","0","0","2","2","2","2","1","1","0","0","0","0","0","0","0","0","0","0","0","0","0","0","0","2","4","0","1","0","0","0","0","2","0","0","0","1","0","0","0","0","0","0","0","0","0","0","0","0","0","0","11","3","0","0","0","0","0","0","0","0","0","0","0","0","0","0","0","0","10","0","0","0","0","0","0","0","0","0","0","0","0","0","0","0","0","0"
"s25","voters","SB21548","90","46","19","4","1","3","1","0","1","0","15","43","47","19","6","8","7","0","0","1","0","0","1","0","0","0","0","0","0","0","0","0","0","1","0","0","0","0","0","0","0","0","1","0","0","0","4","5","2","4","2","2","0","1","6","6","1","10","3","0","0","3","1","1","6","0","0","0","2","1","1","2","2","1","2","3","1","0","2","0","0","0","3","3","0","0","0","0","1","1","1","0","0","1","0","2","1","0","0","2","1","28","8","5","2","2","0","0","0","1","11","2","3","1","0","0","0","0","2","12","2","0","1","0","0","0","0","0","9","1","0","0","0","0","0","0","0"
"s25","voters","SB31442","3","2","1","0","0","0","0","0","0","0","0","1","2","1","0","0","0","0","0","0","0","0","0","0","0","0","0","0","0","0","0","0","0","1","0","0","0","0","0","0","0","0","0","0","0","0","0","0","1","0","0","0","0","0","0","0","0","0","1","0","0","0","0","0","0","0","0","0","0","0","1","0","0","0","0","0","0","0","0","0","0","0","0","0","0","0","0","0","0","0","0","0","0","0","0","0","0","0","0","0","0","2","0","0","0","0","0","0","0","0","0","0","0","1","0","0","0","0","0","0","0","0","0","0","0","0","0","0","0","0","0","0","0","0","0","0","0"
"s25","voters","SB31444","200","109","51","5","2","1","1","0","0","0","31","92","108","80","31","23","5","0","2","0","0","0","0","0","0","0","0","0","0","0","0","0","0","0","0","0","0","0","0","0","0","0","0","0","0","0","3","11","3","3","11","17","0","8","6","7","12","13","15","0","2","2","5","5","9","5","0","1","3","6","1","5","7","0","0","1","5","3","4","1","1","1","2","3","3","3","4","0","0","0","1","0","1","0","0","0","1","2","1","3","0","62","17","13","5","3","0","1","0","8","32","7","2","0","3","0","0","0","7","15","3","5","2","2","0","1","0","3","6","2","1","0","0","0","0","0","0"
"s25","voters","SB31445","0","0","0","0","0","0","0","0","0","0","0","0","0","0","0","0","0","0","0","0","0","0","0","0","0","0","0","0","0","0","0","0","0","0","0","0","0","0","0","0","0","0","0","0","0","0","0","0","0","0","0","0","0","0","0","0","0","0","0","0","0","0","0","0","0","0","0","0","0","0","0","0","0","0","0","0","0","0","0","0","0","0","0","0","0","0","0","0","0","0","0","0","0","0","0","0","0","0","0","0","0","0","0","0","0","0","0","0","0","0","0","0","0","0","0","0","0","0","0","0","0","0","0","0","0","0","0","0","0","0","0","0","0","0","0","0","0"
"s25","voters","SB31447","1","1","0","0","0","0","0","0","0","0","0","0","1","1","0","0","0","0","0","0","0","0","0","0","0","0","0","0","0","0","0","0","0","0","0","0","0","0","0","0","0","0","0","0","0","0","0","0","0","0","0","0","0","0","0","0","0","0","1","0","0","0","0","0","0","0","0","0","0","0","0","0","0","0","0","0","0","0","0","0","0","0","0","0","0","0","0","0","0","0","0","0","0","0","0","0","0","0","0","0","0","0","0","0","0","0","0","0","0","1","0","0","0","0","0","0","0","0","0","0","0","0","0","0","0","0","0","0","0","0","0","0","0","0","0","0","0"
"s25","voters","SB31482","1018","589","197","26","6","13","6","0","4","0","177","450","568","388","112","127","31","1","1","2","0","0","0","0","0","0","0","0","0","1","0","0","0","0","0","0","0","1","3","1","0","5","4","2","1","7","39","36","25","22","44","60","16","69","71","42","37","42","79","0","8","18","12","14","23","28","0","5","6","13","16","23","31","7","19","21","11","7","6","12","3","29","24","10","11","7","10","1","5","6","3","3","7","6","1","6","5","5","1","4","2","325","82","79","18","17","10","3","5","50","117","34","20","4","8","3","3","1","7","105","24","22","9","8","2","2","2","3","34","15","5","0","0","1","0","0","0"
"s25","voters","SB31483","265","145","62","8","1","4","1","0","0","0","44","122","143","108","41","29","11","0","0","0","0","0","0","0","0","0","0","0","0","0","0","0","0","0","0","0","0","0","0","0","0","3","3","2","0","1","2","9","8","6","12","18","0","9","23","12","6","13","26","0","4","9","7","3","8","6","0","1","5","7","2","8","2","3","1","6","4","1","2","7","1","2","6","6","1","3","1","0","0","0","2","0","2","1","0","1","3","1","3","1","0","65","26","21","5","8","0","2","0","18","34","8","7","2","3","1","1","0","6","32","6","2","2","0","0","1","1","0","7","3","0","2","0","0","2","0","0"
"s25","voters","SB31484","248","147","51","10","1","2","3","0","1","0","33","111","137","96","25","20","9","0","1","0","0","0","0","0","0","0","0","0","0","0","0","0","0","0","0","0","0","0","0","0","0","3","0","1","1","1","4","8","4","6","15","17","1","9","15","14","11","17","25","0","4","3","7","6","4","5","1","0","1","8","1","4","7","0","3","1","1","2","5","3","1","4","6","3","1","1","2","0","0","3","1","4","1","3","0","1","3","0","0","0","1","79","25","21","6","2","0","0","2","12","18","10","13","3","2","0","1","0","4","14","2","5","2","5","0","1","1","3","10","2","0","1","1","0","1","0","2"
"s25","voters","SB31485","49","19","16","3","0","1","0","0","0","0","10","18","31","9","7","8","2","0","0","0","0","0","0","0","0","0","0","0","0","0","0","0","0","2","0","0","0","0","0","0","0","0","2","0","0","0","1","0","0","2","0","3","0","3","1","2","2","3","2","0","1","2","2","1","1","1","0","0","2","2","1","1","2","0","0","0","1","0","0","1","1","2","2","1","1","1","0","0","1","0","1","0","0","0","0","0","0","2","0","0","0","12","4","2","0","1","0","0","0","0","9","4","2","1","0","0","0","0","0","5","1","3","1","0","0","0","0","0","1","3","0","0","0","0","0","0","0"
"s25","voters","SB31486","344","212","60","10","1","2","5","0","0","0","54","133","211","153","42","29","12","0","0","0","0","0","0","0","0","0","0","0","0","1","0","0","0","0","0","1","0","2","0","1","0","3","0","1","0","0","6","20","8","8","14","17","3","18","28","23","19","25","23","1","0","4","3","1","7","8","0","1","9","5","5","10","6","2","3","6","8","3","6","2","0","3","10","4","1","4","2","0","1","1","0","1","1","2","0","3","3","3","1","2","0","105","40","29","12","9","0","3","1","13","36","9","4","3","0","0","1","1","6","29","6","7","6","0","3","3","0","0","13","3","0","1","1","0","0","0","0"
"s25","voters","SB31487","114","58","21","2","0","4","3","0","1","0","25","54","60","38","14","19","8","0","0","0","0","1","0","0","0","0","0","0","0","0","0","0","0","3","0","0","0","0","0","0","0","0","0","0","0","0","0","2","7","3","3","12","0","7","4","1","5","8","6","0","1","1","2","1","2","3","0","1","2","1","2","4","1","0","1","4","1","1","2","2","1","3","3","3","2","0","2","0","1","2","3","0","0","0","0","2","0","0","1","1","0","29","14","7","0","2","0","3","0","3","14","2","1","0","0","0","0","0","4","13","2","3","3","2","0","0","0","2","5","3","1","1","0","0","0","0","0"
"s25","voters","SB31549","54","28","14","4","1","0","2","0","1","0","4","22","32","15","6","2","0","0","0","0","0","0","0","0","0","0","0","0","0","0","1","0","0","0","0","0","0","2","1","1","0","0","0","0","0","0","3","1","0","2","3","1","0","3","1","2","2","4","6","0","1","0","0","0","4","1","0","0","0","1","0","4","3","1","0","0","1","1","0","0","0","0","0","0","0","0","1","0","1","1","0","1","0","0","0","0","1","0","0","4","0","17","4","4","1","1","0","0","0","1","9","2","1","0","0","0","0","0","2","3","0","0","0","1","0","0","0","0","4","2","0","1","0","0","1","0","0"
"s25","voters","SB31550","70","39","15","4","0","0","2","0","0","0","10","36","34","17","4","6","2","3","0","0","0","0","0","1","0","0","0","0","0","0","0","0","0","0","0","0","0","0","0","1","0","0","0","1","0","0","3","1","1","0","4","7","1","2","2","1","5","4","8","0","0","0","0","1","2","6","0","1","1","1","1","2","0","0","1","2","2","0","1","1","1","0","2","0","0","0","0","1","1","0","1","0","1","0","0","0","1","0","1","0","0","25","6","1","4","1","0","0","0","2","7","2","4","1","1","0","0","0","0","2","2","3","0","2","0","0","0","1","5","0","1","0","0","0","0","0","0"
"s25","voters","SB31553","972","577","152","38","4","12","5","0","2","0","182","440","532","450","102","139","43","4","2","0","0","0","0","0","0","3","0","0","0","3","0","1","0","3","0","0","0","1","3","5","0","4","2","4","0","6","30","54","32","29","40","55","6","60","61","36","43","38","87","0","6","12","8","8","15","28","0","2","7","13","11","12","30","3","17","19","12","8","6","19","6","24","30","14","8","7","9","0","8","7","1","2","8","7","0","7","4","4","1","6","6","318","96","65","24","11","4","2","2","55","83","22","20","4","4","2","4","2","11","112","19","21","13","7","3","2","0","5","42","8","4","2","1","0","1","0","3"
"s25","voters","SB31556","101","61","18","1","2","1","0","0","0","0","18","46","55","38","11","11","1","0","0","0","0","0","0","0","0","0","0","0","0","2","1","1","1","0","0","0","0","2","0","0","0","0","0","0","0","0","6","3","4","4","4","5","0","4","11","5","6","6","3","0","2","2","2","1","1","2","0","1","1","1","1","2","2","1","4","1","1","0","1","0","0","4","2","2","0","0","2","0","1","0","0","0","1","0","0","1","0","0","0","0","1","31","12","4","3","5","0","1","0","5","12","5","1","0","0","0","0","0","0","10","4","3","0","1","0","0","0","0","4","0","0","0","0","0","0","0","0"
"s25","voters","SB31558","103","56","13","6","3","3","0","0","1","0","21","43","60","31","4","16","6","0","0","1","0","0","0","1","0","0","0","0","0","0","0","0","0","0","0","0","0","1","0","0","0","0","1","1","0","0","5","4","1","3","5","9","1","4","6","3","2","9","4","0","1","2","0","0","2","4","0","0","0","1","1","1","1","0","0","1","1","0","0","2","0","2","7","2","2","3","1","0","1","1","0","0","0","1","0","2","3","3","1","1","0","32","6","5","2","3","1","1","0","6","7","3","0","0","1","0","0","0","2","14","4","3","0","0","0","0","0","0","6","3","3","1","0","0","0","0","0"
"s25","voters","SB31658","670","350","149","35","3","5","4","0","3","0","121","278","392","141","50","46","14","2","3","1","1","5","0","1","0","0","0","0","0","5","1","1","0","5","3","1","0","1","3","0","1","26","10","15","1","3","17","26","13","8","22","34","4","26","33","35","30","45","54","0","4","10","9","9","17","18","0","2","5","14","14","18","29","0","8","12","10","8","8","10","1","5","11","15","10","10","13","0","1","5","9","2","9","6","0","1","3","2","3","4","5","208","55","37","11","15","4","4","2","14","94","20","14","3","2","0","1","1","14","68","11","19","8","4","3","0","0","8","30","11","5","3","0","0","0","0","1"
"s25","voters","SB31659","0","0","0","0","0","0","0","0","0","0","0","0","0","0","0","0","0","0","0","0","0","0","0","0","0","0","0","0","0","0","0","0","0","0","0","0","0","0","0","0","0","0","0","0","0","0","0","0","0","0","0","0","0","0","0","0","0","0","0","0","0","0","0","0","0","0","0","0","0","0","0","0","0","0","0","0","0","0","0","0","0","0","0","0","0","0","0","0","0","0","0","0","0","0","0","0","0","0","0","0","0","0","0","0","0","0","0","0","0","0","0","0","0","0","0","0","0","0","0","0","0","0","0","0","0","0","0","0","0","0","0","0","0","0","0","0","0"
"s25","voters","SB31688","4","1","1","0","0","0","0","0","0","0","2","2","2","0","0","0","0","0","0","1","0","0","0","0","0","0","0","0","0","0","0","0","0","0","0","0","0","0","0","0","0","0","0","0","0","0","0","0","0","0","0","0","0","1","0","0","0","0","0","0","0","0","0","1","0","0","0","0","0","0","0","0","0","0","1","0","0","0","0","0","0","0","0","1","0","0","0","0","0","0","0","0","0","0","0","0","0","0","0","0","0","0","1","0","0","0","0","0","0","0","0","1","0","0","0","0","0","0","0","2","0","0","0","0","0","0","0","0","0","0","0","0","0","0","0","0","0"
"s25","voters","SB31690","376","201","81","14","1","1","4","0","2","0","72","164","212","94","22","18","9","1","0","0","0","0","0","0","0","0","0","0","0","2","3","2","0","1","0","0","1","1","5","0","0","6","5","2","0","1","8","18","6","9","14","24","2","21","21","20","18","20","19","0","7","5","4","7","7","15","0","2","4","5","2","8","15","1","4","8","3","6","1","7","1","13","7","6","7","3","5","0","2","3","0","1","1","2","0","4","2","3","0","3","1","112","40","20","7","7","2","0","0","13","51","9","10","2","3","1","1","0","4","42","13","8","4","3","0","0","0","2","13","6","2","0","1","0","0","0","0"
"s25","voters","SB31691","517","246","151","22","1","5","4","0","5","0","83","238","279","127","43","35","14","3","3","0","1","3","4","0","0","0","0","0","0","0","1","0","0","1","0","0","0","1","11","0","0","9","10","6","0","0","13","15","5","17","27","25","0","19","26","15","24","19","41","1","1","10","12","12","19","28","0","4","4","12","11","17","20","1","7","7","7","5","7","5","0","8","6","8","4","8","10","0","1","3","2","2","4","2","0","2","6","3","7","4","1","131","42","31","10","7","2","4","2","17","87","26","20","1","5","1","3","0","8","49","13","11","3","3","0","0","1","3","24","9","2","1","1","0","0","0","0"
"s25","voters","SB41135","33","19","8","2","0","0","1","0","0","0","3","16","17","7","0","1","1","0","0","0","1","0","0","0","0","0","0","0","0","0","0","0","0","0","0","0","0","0","0","0","0","1","0","0","1","0","3","1","0","2","2","1","0","0","2","1","1","0","6","0","1","1","0","1","1","2","0","1","0","0","1","0","0","0","0","0","0","0","0","0","0","0","1","0","1","1","0","0","0","0","1","0","0","0","0","0","0","1","0","0","1","10","3","3","0","0","0","0","0","3","2","3","1","0","0","0","0","0","2","0","1","1","1","0","0","0","0","0","3","0","0","0","0","0","0","0","0"
"s25","voters","SB41136","0","0","0","0","0","0","0","0","0","0","0","0","0","0","0","0","0","0","0","0","0","0","0","0","0","0","0","0","0","0","0","0","0","0","0","0","0","0","0","0","0","0","0","0","0","0","0","0","0","0","0","0","0","0","0","0","0","0","0","0","0","0","0","0","0","0","0","0","0","0","0","0","0","0","0","0","0","0","0","0","0","0","0","0","0","0","0","0","0","0","0","0","0","0","0","0","0","0","0","0","0","0","0","0","0","0","0","0","0","0","0","0","0","0","0","0","0","0","0","0","0","0","0","0","0","0","0","0","0","0","0","0","0","0","0","0","0"
"s25","voters","SB41137","2","1","0","1","0","0","0","0","0","0","0","1","1","0","0","0","0","1","0","0","0","0","0","0","0","0","0","0","0","0","0","0","0","0","0","0","0","0","0","0","0","0","0","0","0","0","0","1","0","0","0","0","0","0","0","0","0","0","0","0","0","0","0","0","0","0","0","0","0","0","0","0","0","0","0","0","0","0","0","0","0","0","0","0","0","0","0","0","0","0","0","0","0","0","0","0","0","0","0","1","0","0","0","0","1","0","0","0","0","0","0","0","0","0","0","0","0","0","0","0","0","0","0","0","0","0","0","0","1","0","0","0","0","0","0","0","0"
"s25","voters","SB41138","22","6","14","1","0","0","0","0","0","0","1","10","12","6","9","1","1","0","0","0","0","0","0","0","0","0","0","0","0","0","0","0","0","0","0","0","0","0","0","0","0","0","0","0","0","0","0","1","0","0","1","0","0","1","1","0","1","1","0","0","0","1","2","1","2","1","1","2","0","2","0","1","1","0","0","0","0","0","1","0","0","0","0","0","0","0","0","0","0","0","0","0","0","0","0","0","0","0","0","1","0","4","0","0","0","1","0","0","0","1","8","3","1","2","0","0","0","0","0","0","1","0","0","0","0","0","0","0","1","0","0","0","0","0","0","0","0"
"s25","voters","SB41139","391","160","158","19","0","4","4","0","0","0","46","155","236","35","17","7","1","2","5","2","1","0","0","0","0","0","0","0","1","1","1","0","0","0","1","0","0","0","0","0","0","1","1","0","0","0","1","5","1","3","12","32","0","3","5","3","5","29","61","1","2","4","2","1","18","41","0","0","1","1","2","27","58","0","2","2","1","0","6","13","0","0","1","1","2","3","15","0","0","1","0","2","1","4","0","2","1","1","1","3","11","98","20","21","13","0","0","0","0","8","102","14","11","11","4","2","3","1","10","26","8","3","4","0","0","0","1","4","19","2","5","0","0","0","0","1","0"
"s25","voters","SB41148","2","2","0","0","0","0","0","0","0","0","0","1","1","2","0","0","0","0","0","0","0","0","0","0","0","0","0","0","0","0","0","0","0","0","0","0","0","0","0","0","0","0","0","0","0","0","0","0","0","0","0","1","0","0","0","0","0","0","1","0","0","0","0","0","0","0","0","0","0","0","0","0","0","0","0","0","0","0","0","0","0","0","0","0","0","0","0","0","0","0","0","0","0","0","0","0","0","0","0","0","0","1","0","1","0","0","0","0","0","0","0","0","0","0","0","0","0","0","0","0","0","0","0","0","0","0","0","0","0","0","0","0","0","0","0","0","0"
"s25","voters","SB41149","108","40","49","6","0","2","2","0","0","0","9","49","59","10","12","2","1","4","3","0","0","1","0","0","0","0","0","0","0","1","0","0","0","0","0","0","0","1","0","0","0","0","0","0","0","0","2","3","1","2","1","5","0","2","4","1","2","3","14","0","1","2","5","1","3","9","1","0","4","6","1","5","11","1","0","2","1","1","1","1","0","0","0","1","1","0","0","0","2","0","0","2","1","2","0","0","0","0","0","1","2","22","9","5","1","0","0","0","0","3","28","4","5","6","1","0","0","0","5","6","1","2","0","0","0","0","0","0","8","1","1","0","0","0","0","0","0"
"s25","voters","SB41150","46","15","27","0","0","0","0","0","0","0","4","20","26","2","3","0","0","0","3","0","0","0","0","0","0","0","0","0","0","0","0","0","0","0","0","0","0","0","0","0","0","0","1","0","0","0","1","1","0","1","1","2","0","1","0","1","1","2","4","0","1","0","1","2","2","6","0","0","0","1","3","3","8","0","0","0","0","2","0","0","0","0","0","0","1","0","1","0","0","0","0","0","0","0","0","0","0","0","0","0","0","7","1","3","0","1","0","1","0","2","14","4","2","2","0","1","0","0","4","0","1","0","1","1","0","0","1","0","0","0","0","0","0","0","0","0","0"
"s25","voters","SB41151","265","119","99","11","0","3","2","0","2","0","29","119","146","50","24","13","5","1","5","3","1","0","0","0","0","0","0","0","0","0","0","0","0","0","2","1","0","0","2","0","0","0","3","1","0","0","2","7","7","7","14","13","0","9","4","9","9","15","23","0","4","2","2","7","10","20","0","4","2","4","9","8","27","2","0","3","2","1","1","4","2","4","1","1","1","5","2","0","1","2","0","3","3","2","0","1","0","1","2","2","1","62","22","12","6","5","0","0","1","11","59","15","10","2","2","1","0","0","10","18","0","3","2","3","0","1","0","2","13","2","2","0","0","0","0","0","1"
"s25","voters","SB41152","105","45","32","9","0","1","1","0","0","0","17","45","60","21","9","3","1","3","0","0","0","0","0","0","0","0","0","0","0","0","0","0","0","0","0","0","0","0","0","0","0","0","1","0","0","0","3","4","2","3","3","2","1","2","3","8","2","8","4","0","1","1","1","2","7","3","0","0","1","1","2","5","8","0","1","0","3","4","0","2","0","0","1","2","4","0","0","0","0","0","1","1","0","1","0","0","2","1","3","1","1","24","8","7","0","3","0","1","0","2","17","3","6","2","0","0","0","0","4","9","0","0","1","4","0","0","0","3","8","2","1","0","0","0","0","0","0"
"s25","voters","SB41153","1","1","0","0","0","0","0","0","0","0","0","0","1","1","0","0","0","0","0","0","0","0","0","0","0","0","0","0","0","0","0","0","0","0","0","0","0","0","0","0","0","0","0","0","0","0","0","0","0","0","0","0","0","0","0","1","0","0","0","0","0","0","0","0","0","0","0","0","0","0","0","0","0","0","0","0","0","0","0","0","0","0","0","0","0","0","0","0","0","0","0","0","0","0","0","0","0","0","0","0","0","0","1","0","0","0","0","0","0","0","0","0","0","0","0","0","0","0","0","0","0","0","0","0","0","0","0","0","0","0","0","0","0","0","0","0","0"
"s25","voters","SB41154","12","7","1","2","0","0","0","0","0","0","2","5","7","2","0","1","1","1","0","0","0","0","0","0","0","0","0","0","0","0","0","0","0","1","0","0","0","0","0","0","0","0","0","0","0","0","0","0","0","0","0","1","0","0","1","0","2","2","1","0","0","0","0","0","0","0","0","0","0","0","0","1","0","0","1","0","0","0","0","1","0","0","0","0","0","0","0","0","0","0","0","1","1","0","0","0","0","0","0","0","0","3","2","1","0","0","0","0","0","1","0","1","0","0","0","0","0","0","0","2","0","0","0","0","0","0","0","0","1","1","0","0","0","0","0","0","0"
"s25","voters","SB41423","151","62","52","8","0","1","0","0","1","0","27","65","86","28","15","9","4","0","1","0","0","0","0","0","0","0","0","0","0","0","0","0","0","0","0","0","0","3","2","4","0","1","1","2","0","0","1","4","4","1","3","8","0","3","6","5","2","10","15","0","1","2","3","2","8","8","1","0","4","3","3","5","12","0","1","0","5","1","1","4","0","1","4","6","1","2","1","0","2","1","1","1","1","2","0","0","1","0","0","0","1","36","11","7","1","1","0","0","0","6","33","4","6","0","2","0","0","1","6","10","6","5","0","2","0","1","0","3","7","0","1","0","0","0","0","0","2"
"s25","voters","SB41424","615","297","197","28","6","11","3","1","2","0","70","225","390","108","29","23","17","8","6","2","0","5","0","2","1","0","0","0","0","0","0","0","0","0","0","0","0","2","0","1","0","7","2","2","1","0","5","10","13","11","27","41","1","16","18","13","15","36","91","0","5","4","7","3","10","40","0","2","3","5","7","23","88","1","1","2","1","5","5","9","0","3","8","5","6","13","11","0","2","7","3","1","3","9","0","1","4","2","3","3","13","205","32","28","8","4","3","3","1","13","106","36","24","9","8","0","1","1","12","47","9","7","1","0","2","0","1","3","35","8","5","2","0","0","1","0","0"
"s25","voters","SB41425","232","120","71","11","1","0","1","0","2","0","26","110","122","53","23","10","3","1","5","0","0","0","0","0","0","0","0","0","0","1","0","2","0","1","0","1","0","0","2","2","1","5","1","2","0","0","8","7","5","6","8","14","0","9","14","9","5","8","27","1","1","2","3","6","7","18","0","2","2","1","6","9","13","0","3","3","3","2","1","4","0","3","0","2","3","1","1","0","1","1","1","1","0","4","0","1","1","0","0","1","4","52","26","15","9","5","0","3","1","9","33","8","8","5","2","0","2","1","12","14","2","5","0","0","0","1","1","3","9","2","2","1","0","0","0","0","1"
"s25","voters","SB41426","40","19","16","1","0","1","1","0","1","0","1","16","24","5","3","0","1","2","0","0","0","0","0","0","0","0","0","0","0","0","0","0","0","0","0","0","0","0","0","0","0","0","0","0","0","0","0","1","1","0","0","5","0","0","0","1","1","1","9","0","0","1","0","2","0","3","0","0","0","0","0","2","8","0","0","0","0","0","0","1","0","0","0","0","0","0","0","0","0","0","1","0","0","1","0","0","1","0","0","0","1","13","2","1","2","1","0","0","0","0","11","2","1","0","0","0","1","0","1","0","0","1","0","0","0","0","0","0","3","1","0","0","0","0","0","0","0"
"s25","voters","SB41427","1202","520","436","67","4","13","10","0","2","0","150","561","641","214","106","52","26","12","13","1","1","1","0","1","0","0","3","0","1","4","3","2","1","2","0","0","0","3","5","2","1","6","9","7","0","2","18","25","35","27","46","73","2","29","36","32","40","39","116","0","8","19","27","31","47","91","1","11","12","23","24","40","102","1","8","8","11","10","14","14","2","11","7","18","11","14","21","1","1","10","6","9","8","11","2","3","12","6","6","9","12","290","88","53","15","16","4","3","3","48","214","57","48","10","18","2","7","6","74","88","15","15","11","5","2","1","1","12","62","19","8","4","1","0","1","0","1"
"s25","voters","SB41428","106","47","39","3","0","0","2","0","1","0","14","55","51","11","7","2","2","1","1","0","0","0","0","0","0","0","0","0","0","0","1","0","0","0","0","0","0","0","0","0","0","0","1","1","0","0","1","3","3","3","6","7","0","1","4","2","0","5","12","0","1","3","1","1","2","13","0","1","0","2","1","6","8","0","0","0","1","2","3","3","0","0","1","2","0","0","2","0","0","0","1","0","0","1","0","1","0","0","1","1","1","23","13","4","0","2","0","0","0","5","17","3","5","0","2","0","1","0","11","3","5","4","0","0","0","0","0","2","5","1","0","0","0","0","0","0","0"
"s25","voters","SB41559","894","408","309","33","6","12","7","0","1","0","118","422","472","208","86","59","24","6","1","0","5","1","3","0","0","0","0","0","0","0","5","1","0","3","0","0","0","2","1","3","0","11","3","5","0","2","15","22","17","30","30","49","3","25","35","44","35","38","63","0","10","19","21","21","31","61","0","4","10","14","22","36","60","1","8","13","17","9","8","7","3","8","7","9","11","7","10","0","5","5","5","6","5","5","1","4","4","6","2","6","5","250","70","35","12","9","2","2","3","25","159","47","33","14","13","3","8","0","32","77","15","15","4","1","0","0","0","6","40","9","8","0","1","0","0","1","0"
"s25","voters","SB41560","65","33","10","8","0","1","0","0","0","0","13","31","34","15","4","8","3","0","0","0","0","0","0","0","0","1","0","0","0","0","0","0","0","0","0","0","0","0","0","0","0","0","0","0","0","0","1","2","4","4","0","5","1","0","3","3","2","1","7","0","1","0","0","2","6","0","0","0","0","0","0","0","1","0","3","0","0","0","2","0","0","3","0","2","0","2","1","0","0","0","0","0","0","1","0","1","0","4","1","0","2","16","8","6","3","0","0","0","0","0","3","3","1","1","1","0","0","1","0","8","3","0","2","0","0","0","0","0","6","2","1","0","0","0","0","0","0"
"s25","voters","SB41561","1","1","0","0","0","0","0","0","0","0","0","1","0","0","0","0","0","0","0","0","0","0","0","0","0","0","0","0","0","0","0","0","0","0","0","0","0","0","0","0","0","0","0","0","0","0","0","0","0","0","0","1","0","0","0","0","0","0","0","0","0","0","0","0","0","0","0","0","0","0","0","0","0","0","0","0","0","0","0","0","0","0","0","0","0","0","0","0","0","0","0","0","0","0","0","0","0","0","0","0","0","1","0","0","0","0","0","0","0","0","0","0","0","0","0","0","0","0","0","0","0","0","0","0","0","0","0","0","0","0","0","0","0","0","0","0","0"
"s25","voters","SB41562","181","108","32","7","1","1","1","0","1","0","30","74","107","62","16","10","4","1","0","3","2","0","0","0","0","0","0","0","0","0","0","0","0","4","0","0","0","0","0","0","0","0","1","0","0","0","4","6","6","4","7","12","2","11","7","11","11","9","18","1","5","4","3","0","4","2","0","0","3","1","3","1","5","1","4","2","1","1","0","1","0","5","4","2","4","2","3","0","1","0","0","3","0","2","0","1","1","1","0","0","2","61","12","15","8","2","1","3","0","6","20","4","2","0","1","1","0","1","3","18","6","5","1","0","0","0","0","0","5","1","2","2","1","0","0","0","0"
"s25","voters","SB41563","6","5","0","0","0","0","0","0","0","0","1","1","5","5","0","1","0","0","0","0","0","0","0","0","0","0","0","0","0","0","0","0","0","0","0","0","0","0","0","0","0","0","0","0","0","0","0","0","0","0","1","0","0","2","1","0","0","0","1","0","0","0","0","0","0","0","0","0","0","0","0","0","0","0","0","0","0","0","0","0","0","0","0","1","0","0","0","0","0","0","0","0","0","0","0","0","0","0","0","0","0","2","0","0","2","0","0","0","0","1","0","0","0","0","0","0","0","0","0","0","0","0","0","0","0","0","0","1","0","0","0","0","0","0","0","0","0"
"s25","voters","SB41564","3","2","1","0","0","0","0","0","0","0","0","2","1","2","1","0","0","0","0","0","0","0","0","0","0","0","0","0","0","0","0","0","0","0","0","0","0","0","0","0","0","0","0","0","0","0","0","0","0","0","0","1","0","0","0","0","0","0","1","0","0","0","0","0","1","0","0","0","0","0","0","0","0","0","0","0","0","0","0","0","0","0","0","0","0","0","0","0","0","0","0","0","0","0","0","0","0","0","0","0","0","2","0","0","0","0","0","0","0","0","1","0","0","0","0","0","0","0","0","0","0","0","0","0","0","0","0","0","0","0","0","0","0","0","0","0","0"
"s25","voters","SB41565","1559","741","492","66","12","7","11","0","5","0","225","698","861","333","145","110","33","13","16","2","2","0","0","0","0","3","0","1","0","2","3","1","0","1","3","0","0","2","3","1","0","9","2","3","0","1","26","61","28","36","49","92","3","52","74","63","63","81","112","2","13","21","35","38","70","68","0","15","22","33","40","62","73","3","16","22","20","22","16","13","1","12","26","23","17","18","16","0","6","12","5","7","7","9","1","7","15","4","9","13","6","391","107","107","28","25","2","6","4","71","260","69","54","27","19","3","4","2","54","128","27","29","12","9","5","5","1","9","60","19","16","2","0","1","1","0","2"
"s25","voters","SB41566","1144","566","309","61","9","18","11","0","2","0","168","504","640","284","112","71","31","3","12","2","1","0","0","0","0","2","0","0","0","1","0","0","0","1","2","0","0","1","0","1","0","1","4","1","1","2","19","30","27","29","43","73","5","39","49","44","66","59","81","0","7","20","25","26","26","55","0","11","11","21","22","30","55","1","13","11","13","12","10","12","2","21","16","20","13","13","11","0","5","11","12","6","9","7","0","9","12","7","6","9","8","302","100","69","30","21","8","4","1","31","154","49","35","17","8","2","3","2","39","102","22","23","9","4","1","3","0","4","72","12","11","3","0","1","1","0","1"
"s25","voters","SB41567","161","71","55","12","0","1","1","0","0","0","21","69","92","22","9","10","2","2","2","1","0","0","0","0","0","0","0","0","0","2","1","0","0","3","0","0","0","0","0","0","0","1","0","0","0","0","3","3","1","0","4","13","0","1","3","3","10","13","17","0","1","3","5","3","6","8","0","0","2","1","5","8","13","0","2","3","2","2","2","3","0","1","2","0","1","1","2","0","1","1","3","0","0","0","0","0","0","1","2","2","4","32","10","10","2","3","2","0","1","11","29","2","7","6","1","0","0","3","7","14","1","3","1","0","0","0","0","2","11","2","1","0","0","0","0","0","0"
"s25","voters","SB41569","187","87","71","9","1","2","1","0","0","0","16","81","106","33","18","4","0","2","2","1","0","0","0","0","0","0","0","0","0","0","0","1","0","0","0","0","0","0","0","0","0","3","0","0","1","1","5","2","3","3","6","12","0","5","6","8","8","10","18","0","3","3","4","6","10","12","0","0","4","2","4","6","17","0","0","3","1","1","1","2","0","0","2","3","1","0","2","0","0","0","1","0","1","1","0","0","2","1","0","1","6","50","10","14","1","1","2","0","0","9","39","13","11","0","1","0","0","1","6","10","1","4","1","0","0","0","0","0","8","0","4","0","0","0","0","0","1"
"s25","voters","SB51156","922","421","320","40","2","9","11","0","4","0","115","404","518","202","109","44","15","2","2","2","3","0","0","0","0","0","0","1","1","1","0","2","0","0","0","1","1","3","1","1","0","3","0","1","0","1","11","22","24","27","28","46","5","35","36","39","35","44","68","1","9","13","28","28","35","41","3","12","15","31","28","37","39","0","6","14","7","11","12","10","1","8","6","8","14","10","8","0","4","3","6","6","6","5","1","3","9","6","8","6","3","257","64","42","13","12","6","1","1","25","182","51","46","4","8","1","1","2","25","58","22","10","6","5","2","0","2","10","46","9","4","4","2","0","1","0","0"
"s25","voters","SB51157","8","2","5","0","0","0","0","0","0","0","1","3","5","0","0","0","0","0","0","0","0","0","0","0","0","0","0","0","0","0","0","0","0","0","0","0","0","0","0","0","0","0","0","0","0","0","0","0","0","0","0","1","0","0","0","0","0","0","1","0","0","0","0","1","0","1","0","0","1","0","0","1","1","0","0","0","0","0","0","0","0","0","0","0","0","0","1","0","0","0","0","0","0","0","0","0","0","0","0","0","0","0","2","0","0","0","0","0","0","0","0","2","2","0","0","0","0","0","1","1","0","0","0","0","0","0","0","0","0","0","0","0","0","0","0","0","0"
"s25","voters","SB51570","2354","1083","767","116","15","32","23","1","7","0","310","1119","1235","448","242","117","65","21","22","6","1","0","0","1","0","1","2","1","0","3","2","1","1","8","1","2","1","1","4","0","0","28","13","7","2","9","37","61","54","76","102","116","8","67","77","88","106","124","158","0","26","42","68","75","95","98","5","22","38","61","48","91","98","5","22","26","26","30","15","22","4","32","32","25","31","21","19","0","13","15","18","14","34","20","2","12","12","10","14","20","10","588","192","128","50","24","3","8","9","81","419","122","91","30","29","5","4","7","60","185","49","28","16","14","3","3","2","10","135","31","7","6","2","3","3","1","6"
"s25","voters","SB51571","1981","1043","504","74","11","20","16","0","8","0","305","845","1136","410","173","116","49","6","15","1","5","1","2","3","0","2","1","0","0","2","5","8","1","7","6","4","1","2","0","0","0","14","7","5","0","3","46","64","68","48","69","85","3","89","114","80","111","121","142","6","14","30","49","48","55","60","1","20","26","43","39","54","59","1","13","40","32","18","18","19","2","31","35","30","25","21","20","0","7","14","13","10","7","8","2","14","12","16","10","6","10","619","178","119","35","26","1","6","4","55","309","61","42","24","19","4","3","3","39","170","46","41","13","6","5","4","3","17","83","27","15","0","3","0","1","0","0"
"s25","voters","SB51572","2253","1202","599","97","11","17","15","0","10","0","302","1004","1249","578","205","124","50","11","12","1","2","0","0","1","0","2","1","0","1","5","3","2","3","12","0","4","0","4","1","3","0","7","3","3","2","0","47","73","60","63","77","138","6","63","131","103","97","118","226","3","20","28","49","55","69","91","1","11","26","36","54","64","92","3","18","27","35","27","25","22","3","35","21","21","19","21","25","0","9","10","13","12","11","19","0","9","15","17","8","12","15","664","206","149","50","36","6","9","2","80","310","92","87","19","19","6","4","7","55","185","39","23","20","5","0","3","3","24","99","24","14","7","2","1","0","0","3"
"s25","voters","SB61490","135","81","26","8","2","0","4","0","1","0","13","54","81","49","9","9","4","2","0","0","0","0","0","0","0","0","0","0","0","0","0","0","0","0","0","0","0","0","0","0","0","0","0","0","2","0","2","8","2","2","6","12","0","10","7","3","2","10","17","0","2","2","1","1","3","3","0","0","5","1","0","7","1","0","0","0","0","1","0","5","0","1","2","1","1","1","1","0","0","1","0","1","0","2","0","6","3","0","1","0","1","47","17","6","4","1","0","1","0","5","19","2","3","1","0","0","0","0","1","6","2","1","2","0","1","0","0","1","9","3","3","0","0","0","0","0","0"
"s25","voters","SB61491","0","0","0","0","0","0","0","0","0","0","0","0","0","0","0","0","0","0","0","0","0","0","0","0","0","0","0","0","0","0","0","0","0","0","0","0","0","0","0","0","0","0","0","0","0","0","0","0","0","0","0","0","0","0","0","0","0","0","0","0","0","0","0","0","0","0","0","0","0","0","0","0","0","0","0","0","0","0","0","0","0","0","0","0","0","0","0","0","0","0","0","0","0","0","0","0","0","0","0","0","0","0","0","0","0","0","0","0","0","0","0","0","0","0","0","0","0","0","0","0","0","0","0","0","0","0","0","0","0","0","0","0","0","0","0","0","0"
"s25","voters","SB61492","426","254","48","14","4","9","3","0","4","0","90","154","272","164","19","59","18","0","0","1","0","0","0","0","0","0","0","0","0","1","0","0","0","0","0","0","0","1","2","1","0","1","0","0","0","0","12","13","9","7","20","24","4","39","38","10","11","22","45","0","1","3","2","4","7","5","0","1","2","3","4","4","12","1","5","9","3","5","2","5","0","22","14","8","2","8","6","0","4","6","1","2","2","2","1","5","3","2","2","1","3","126","48","36","7","8","4","5","1","19","31","9","2","0","2","0","0","0","4","54","16","7","7","2","1","1","0","2","23","3","6","0","1","0","0","0","1"
"s25","voters","SB61493","921","618","132","16","5","7","4","0","4","0","135","373","548","342","92","93","20","3","6","1","0","0","0","0","0","0","0","0","0","1","0","0","3","4","1","1","1","1","0","0","0","10","2","1","0","3","32","31","31","24","41","71","4","56","62","50","37","61","115","0","13","6","16","6","10","14","0","6","3","15","10","15","18","2","8","20","8","3","9","7","1","18","12","15","15","9","8","0","4","5","2","3","2","2","0","2","3","5","2","2","4","306","130","74","26","21","2","8","1","50","81","23","12","2","3","0","2","2","7","82","17","11","9","3","1","6","1","5","24","6","5","1","0","0","0","0","0"
"s25","voters","SB61494","3","1","2","0","0","0","0","0","0","0","0","2","1","1","0","0","0","0","0","0","0","0","0","0","0","0","0","0","0","0","0","0","0","0","0","0","0","0","0","0","0","0","0","0","0","0","0","0","0","0","0","1","0","0","0","0","0","0","0","0","0","0","1","0","0","0","0","0","0","1","0","0","0","0","0","0","0","0","0","0","0","0","0","0","0","0","0","0","0","0","0","0","0","0","0","0","0","0","0","0","0","0","0","0","0","0","0","0","0","1","2","0","0","0","0","0","0","0","0","0","0","0","0","0","0","0","0","0","0","0","0","0","0","0","0","0","0"
"s25","voters","SB61574","967","632","104","26","6","20","4","0","2","0","173","378","589","427","74","124","32","1","2","1","0","1","0","0","0","0","0","0","0","0","0","2","0","1","0","0","0","1","1","1","0","8","0","0","1","6","30","39","16","23","45","71","8","51","71","40","34","59","139","0","5","5","12","10","10","13","0","0","9","9","3","15","13","1","21","15","9","6","3","10","2","40","16","15","12","9","14","1","2","6","6","3","4","6","0","6","5","3","6","4","6","316","104","74","25","33","5","12","5","58","60","17","14","2","4","2","0","0","5","98","29","23","10","5","3","0","1","4","38","5","9","3","2","1","0","0","0"
"s25","voters","SB61575","1110","765","108","30","10","15","8","0","3","0","171","429","681","362","68","99","32","3","1","0","0","0","0","0","0","0","0","0","0","2","1","0","0","0","0","0","0","6","3","2","0","6","0","2","0","5","35","46","22","29","54","67","4","81","90","62","55","81","134","1","5","11","4","12","11","12","0","7","8","8","9","14","6","1","20","22","7","8","14","10","3","28","15","17","11","9","6","1","11","8","3","2","2","6","0","13","8","1","5","2","4","412","129","101","24","19","3","10","3","64","66","15","13","5","2","1","1","0","5","106","16","20","8","13","0","4","0","4","47","11","5","2","0","0","0","0","1"
"s25","voters","SB61576","181","122","24","2","3","2","2","0","0","0","26","80","101","89","11","23","8","0","0","0","0","0","0","0","0","0","0","0","0","0","0","0","0","0","0","0","0","0","3","0","0","0","0","0","0","0","8","4","4","10","14","11","3","17","17","8","4","10","12","0","2","2","4","1","1","4","0","1","4","1","1","0","3","1","4","2","1","1","1","0","1","4","4","1","2","3","1","0","3","1","0","0","1","0","0","1","1","0","1","0","1","64","16","22","3","5","1","2","1","8","12","5","2","1","0","0","0","0","4","18","3","2","0","1","1","1","0","0","5","1","2","1","0","0","0","0","0"
"s25","voters","SB61577","345","237","25","8","5","8","3","0","1","0","58","127","218","103","16","29","14","1","0","0","0","2","0","0","0","0","0","0","0","0","0","0","0","4","0","0","0","1","0","0","0","1","0","0","0","2","10","19","5","7","12","32","3","28","21","25","9","12","52","0","0","6","4","1","1","0","0","0","3","5","1","3","1","1","6","4","2","1","4","2","3","7","9","6","6","1","6","1","2","1","1","0","1","2","1","5","4","3","1","2","1","135","43","23","10","7","4","4","1","10","15","3","1","3","1","0","0","0","2","41","7","7","0","2","0","1","0","0","20","3","1","0","1","0","0","0","0"
"s25","voters","SB61578","675","418","98","19","2","6","4","0","1","0","127","286","389","260","57","93","17","1","0","0","0","0","0","0","0","0","0","0","0","1","0","0","0","2","0","2","0","1","3","1","0","3","1","1","0","2","26","25","23","13","33","46","5","59","41","29","30","46","40","1","2","12","14","5","10","10","0","3","7","6","6","6","16","2","14","13","4","4","6","7","1","26","13","9","12","9","7","0","3","2","2","1","4","2","1","8","0","3","2","0","4","236","57","51","22","21","4","3","2","22","58","16","9","2","3","0","1","1","8","77","16","8","12","5","3","0","1","5","22","4","2","0","1","1","0","1","1"
"s25","voters","SB61579","39","22","5","2","1","1","0","0","0","0","8","13","26","17","4","8","3","0","0","0","0","0","0","0","0","0","0","0","0","0","0","0","0","0","0","0","0","0","0","0","0","0","1","0","1","0","0","2","0","1","2","2","1","5","1","3","0","2","3","0","0","1","1","0","0","0","0","0","2","0","1","0","0","0","1","0","1","1","0","0","0","0","1","1","0","0","3","0","0","0","1","0","0","0","0","1","1","0","1","0","0","13","5","3","0","0","0","0","0","1","5","0","0","0","0","0","0","0","0","4","0","2","0","1","0","0","0","1","0","1","2","0","0","0","1","0","0"
"s25","voters","SB71583","106","70","13","2","0","1","1","0","0","0","19","41","65","27","7","7","0","4","0","1","0","0","0","0","0","0","0","0","0","0","1","0","0","0","0","0","0","0","0","0","0","1","0","0","0","0","5","7","5","4","2","6","0","2","8","13","4","13","1","0","0","0","2","3","0","0","0","0","2","2","1","2","1","1","1","1","1","0","1","0","2","3","3","2","2","2","0","0","0","1","0","0","1","0","0","0","1","0","0","0","1","45","8","5","6","3","2","1","0","0","11","0","2","0","0","0","0","0","0","13","4","2","0","0","0","0","0","0","0","3","0","0","1","0","0","0","0"
"s25","voters","SB71584","86","44","11","5","0","3","3","0","1","0","19","35","51","17","6","8","7","0","1","0","0","0","0","0","0","0","0","0","0","0","0","0","0","0","0","0","0","0","0","0","0","0","0","0","0","1","2","1","2","2","2","6","1","2","6","5","7","2","5","0","1","0","2","0","0","3","0","0","0","1","2","2","0","0","1","1","1","3","1","1","0","2","2","1","2","3","1","0","0","0","2","1","0","2","0","1","2","0","0","2","2","32","9","2","0","0","0","0","0","1","7","1","2","0","0","0","0","0","1","13","3","1","0","2","0","0","0","0","5","4","2","0","1","0","0","0","0"
"s25","voters","SB71585","759","414","188","33","4","6","5","0","4","0","105","323","436","232","76","68","26","7","4","0","2","0","0","0","0","0","0","0","0","3","0","0","0","1","0","0","0","0","0","0","1","2","2","0","0","2","12","29","20","18","39","38","5","36","48","23","36","49","59","0","3","15","9","20","20","33","1","2","10","4","21","16","34","2","7","13","12","3","3","11","0","18","11","3","7","10","5","0","0","3","2","2","2","5","2","7","6","7","3","6","7","215","71","57","18","10","4","5","2","32","101","29","22","4","10","2","2","2","16","59","18","10","2","5","2","0","1","8","37","4","5","1","2","0","2","0","1"
"s25","voters","SB71586","934","426","325","31","4","9","5","0","3","0","131","433","501","202","87","62","20","10","7","2","1","0","0","0","0","1","1","0","0","2","0","2","0","1","2","0","0","0","1","2","0","3","9","0","0","1","21","21","19","23","34","53","7","23","29","33","33","46","83","0","7","16","17","23","34","70","0","9","12","11","15","40","71","2","11","11","9","11","14","14","2","8","10","11","4","12","12","0","2","2","1","2","10","5","1","4","6","5","3","3","8","254","73","50","11","7","5","5","1","20","170","54","36","10","8","3","5","7","32","70","18","14","5","3","2","4","0","15","34","10","4","1","0","1","0","1","1"
"s25","voters","SB71587","295","188","38","11","2","2","2","0","0","0","52","115","180","98","14","36","6","1","0","1","0","0","0","0","0","0","0","0","0","0","0","0","0","0","0","0","0","1","0","0","0","2","0","0","1","2","7","16","11","5","13","13","2","27","24","17","14","17","20","0","2","6","3","2","4","5","0","0","4","1","1","5","5","1","5","6","3","1","1","5","2","7","10","1","5","2","3","0","1","2","0","1","0","0","1","2","3","2","2","2","1","111","32","25","7","4","1","2","2","4","20","4","5","1","3","0","1","1","3","42","6","0","1","1","0","0","0","2","14","1","2","0","0","0","0","0","0"
"s25","voters","SB71588","4","2","0","2","0","0","0","0","0","0","0","1","3","0","0","0","1","1","0","0","0","0","0","0","0","0","0","0","0","0","0","0","0","0","0","0","0","0","0","0","0","1","0","0","0","0","0","0","0","0","0","0","0","0","0","0","0","1","1","0","0","0","0","0","0","0","0","0","0","0","0","0","0","0","0","0","0","0","0","0","0","0","0","0","0","0","0","0","0","0","0","1","0","0","0","0","0","0","0","1","0","0","1","0","0","0","0","0","0","1","0","0","0","0","0","0","0","0","0","0","0","0","0","0","0","0","0","0","1","0","1","0","0","0","0","0","0"
"s25","voters","SB71589","2025","1001","583","101","12","13","16","0","11","0","288","890","1135","457","191","155","61","20","14","5","2","0","4","1","0","2","0","1","1","0","4","1","0","2","0","0","0","0","0","0","2","8","5","1","1","3","30","60","47","53","65","112","7","58","78","90","92","108","198","3","22","33","45","41","69","81","0","8","29","46","33","76","97","5","22","21","27","34","17","23","0","27","25","26","18","23","20","0","9","8","11","15","15","19","1","13","10","19","3","13","17","524","179","124","47","32","7","4","4","80","338","85","61","14","20","6","4","7","48","174","37","36","12","6","6","3","3","11","99","27","13","3","3","0","0","1","7"
"s25","voters","SB71590","1305","750","294","45","5","14","13","0","5","0","179","548","757","447","106","103","41","5","8","0","2","0","0","0","0","0","0","0","0","0","0","0","0","0","0","0","0","0","1","2","0","10","4","1","1","2","30","56","27","38","50","74","1","64","83","71","66","79","109","1","5","20","25","17","28","52","0","8","15","19","22","34","48","5","13","14","14","19","12","14","1","18","18","16","10","10","15","1","1","6","7","7","6","4","1","9","14","10","3","7","6","405","112","105","36","36","4","6","1","45","156","41","36","6","7","7","5","1","35","106","28","21","10","6","2","1","1","4","54","13","12","1","0","1","0","0","1"
"s25","voters","SB71591","325","175","75","22","2","3","3","0","1","0","44","134","191","124","28","26","10","0","1","0","0","0","0","0","0","0","0","0","0","1","0","0","0","0","0","0","0","0","0","0","0","0","0","0","1","1","9","10","6","10","8","15","1","14","24","17","14","12","34","0","2","4","4","3","9","11","0","2","3","11","6","7","13","0","5","3","4","4","4","3","0","3","7","5","1","1","4","1","0","5","1","2","4","6","0","3","3","1","0","2","3","103","24","28","4","4","1","3","1","7","35","12","6","5","6","0","0","0","11","23","6","8","4","0","1","0","0","2","18","4","3","1","3","0","1","0","1"
"s25","voters","TP10317","467","169","188","19","4","1","9","0","2","1","74","222","245","19","17","12","2","10","5","2","0","0","0","0","0","0","1","0","0","1","3","1","1","0","0","0","0","0","0","0","0","0","2","0","0","0","6","7","9","13","15","19","0","4","2","13","12","21","48","1","6","3","10","16","17","41","0","1","2","11","15","18","47","1","4","6","8","8","6","10","0","4","6","4","2","6","9","0","1","3","4","1","2","5","0","2","2","4","4","5","3","94","32","15","9","5","1","1","0","12","118","25","19","7","0","0","1","0","18","42","12","9","5","2","1","0","0","3","21","7","5","2","0","0","0","0","1"
"s25","voters","TP10318","22","12","2","0","0","0","0","0","0","0","8","8","14","2","0","2","0","0","1","0","0","0","0","0","0","0","0","0","0","0","0","0","0","0","0","1","0","0","0","0","0","0","0","0","0","0","0","2","0","0","0","0","0","0","3","6","1","0","0","0","0","1","0","0","0","0","0","1","0","0","0","0","0","0","1","0","4","0","0","0","0","1","1","0","1","0","0","0","0","0","0","0","0","0","0","0","0","0","0","0","0","12","0","0","0","0","0","0","0","0","2","0","0","0","0","0","0","0","0","7","1","0","0","0","0","0","0","0","0","0","0","0","0","0","0","0","0"
"s25","voters","TP10319","220","81","82","9","1","2","4","0","1","1","39","104","116","3","10","4","4","5","5","1","0","0","0","0","0","0","2","0","0","0","0","0","0","0","0","0","0","0","0","0","0","0","0","0","0","0","1","4","6","5","7","14","0","0","8","3","7","6","20","0","1","1","8","8","8","13","0","0","1","4","5","15","18","0","0","1","2","2","6","9","0","1","2","2","0","3","11","0","0","2","1","1","2","2","0","1","1","1","2","3","2","49","14","9","1","1","0","1","0","6","54","11","6","1","1","0","1","0","8","24","3","3","2","0","1","0","1","5","12","3","1","0","0","0","0","0","2"
"s25","voters","TP10320","0","0","0","0","0","0","0","0","0","0","0","0","0","0","0","0","0","0","0","0","0","0","0","0","0","0","0","0","0","0","0","0","0","0","0","0","0","0","0","0","0","0","0","0","0","0","0","0","0","0","0","0","0","0","0","0","0","0","0","0","0","0","0","0","0","0","0","0","0","0","0","0","0","0","0","0","0","0","0","0","0","0","0","0","0","0","0","0","0","0","0","0","0","0","0","0","0","0","0","0","0","0","0","0","0","0","0","0","0","0","0","0","0","0","0","0","0","0","0","0","0","0","0","0","0","0","0","0","0","0","0","0","0","0","0","0","0"
"s25","voters","TP10321","116","37","37","12","0","0","3","0","0","0","27","55","61","9","6","3","2","2","3","0","1","0","0","0","0","0","0","0","0","0","0","0","0","0","0","0","0","0","0","0","0","0","2","0","0","0","2","1","0","1","2","7","0","2","5","2","5","6","4","0","2","0","1","2","8","8","0","3","0","3","0","3","7","0","1","0","5","3","1","4","0","2","5","1","0","3","2","0","0","2","0","0","4","1","0","1","0","1","1","3","2","24","4","4","3","0","0","0","0","2","17","8","7","1","0","0","0","0","4","19","3","3","1","0","0","1","0","0","10","4","0","1","0","0","0","0","0"
"s25","voters","TP20322","652","245","233","39","4","9","8","0","3","0","111","303","349","39","34","24","12","5","8","3","0","1","0","0","0","0","0","0","0","0","3","0","0","2","0","0","0","1","0","0","0","1","2","2","1","0","6","16","17","13","22","32","0","11","23","19","22","27","37","0","10","6","12","20","26","42","0","1","9","14","18","28","47","0","5","9","15","6","7","15","1","5","4","9","9","10","16","0","2","2","4","4","5","7","0","0","9","8","5","8","9","151","46","33","6","4","0","0","0","5","129","39","31","5","5","0","4","0","20","68","18","7","8","3","0","0","1","6","40","16","5","2","0","0","0","0","0"
"s25","voters","TP20323","0","0","0","0","0","0","0","0","0","0","0","0","0","0","0","0","0","0","0","0","0","0","0","0","0","0","0","0","0","0","0","0","0","0","0","0","0","0","0","0","0","0","0","0","0","0","0","0","0","0","0","0","0","0","0","0","0","0","0","0","0","0","0","0","0","0","0","0","0","0","0","0","0","0","0","0","0","0","0","0","0","0","0","0","0","0","0","0","0","0","0","0","0","0","0","0","0","0","0","0","0","0","0","0","0","0","0","0","0","0","0","0","0","0","0","0","0","0","0","0","0","0","0","0","0","0","0","0","0","0","0","0","0","0","0","0","0"
"s25","voters","TP20325","0","0","0","0","0","0","0","0","0","0","0","0","0","0","0","0","0","0","0","0","0","0","0","0","0","0","0","0","0","0","0","0","0","0","0","0","0","0","0","0","0","0","0","0","0","0","0","0","0","0","0","0","0","0","0","0","0","0","0","0","0","0","0","0","0","0","0","0","0","0","0","0","0","0","0","0","0","0","0","0","0","0","0","0","0","0","0","0","0","0","0","0","0","0","0","0","0","0","0","0","0","0","0","0","0","0","0","0","0","0","0","0","0","0","0","0","0","0","0","0","0","0","0","0","0","0","0","0","0","0","0","0","0","0","0","0","0"
"s25","voters","TP20327","44","11","17","4","1","0","2","0","0","0","9","24","20","1","0","2","1","0","2","0","0","0","0","0","0","0","0","0","0","0","0","0","0","0","0","0","0","0","0","0","0","1","0","1","0","0","0","0","0","2","2","0","1","0","0","0","0","2","4","0","0","1","0","1","5","5","0","0","0","0","1","1","3","1","0","0","0","0","3","2","0","0","0","0","1","2","0","0","0","0","1","0","0","1","0","1","0","2","0","0","2","7","2","1","0","1","0","0","0","0","9","2","2","0","1","0","2","0","1","4","3","0","0","0","0","0","0","2","5","2","0","0","0","0","0","0","0"
"s25","voters","TP30329","305","133","81","22","1","1","5","0","0","0","62","135","170","28","10","12","2","4","4","1","3","0","0","0","0","0","0","0","0","0","1","0","0","1","0","0","0","0","1","0","0","1","0","2","0","0","4","2","11","9","13","13","0","7","11","14","10","15","24","0","4","0","8","5","15","15","0","2","1","5","2","7","17","0","2","6","5","3","2","8","1","3","4","12","5","3","8","0","0","1","1","0","3","5","0","3","3","2","1","4","6","84","22","16","4","2","0","2","1","2","57","10","8","0","1","0","1","1","3","44","6","9","1","0","1","0","0","1","20","5","4","0","0","0","0","0","0"
"s25","voters","TP30330","198","84","74","8","0","3","1","0","0","0","28","91","107","17","5","8","1","2","5","0","0","0","0","0","0","2","0","0","1","0","0","1","1","0","0","0","0","0","0","0","1","0","0","3","0","0","3","4","3","3","5","13","0","2","4","5","9","10","23","0","1","3","3","5","12","15","0","1","2","2","3","10","17","1","4","2","0","3","4","2","0","0","2","0","3","2","5","0","0","0","0","1","2","2","0","1","1","1","0","0","4","50","8","7","1","4","0","6","0","8","41","12","4","6","2","0","1","0","8","13","8","0","4","0","0","1","0","2","4","3","2","1","0","0","0","0","2"
"s25","voters","TP30331","42","11","11","3","0","0","1","0","0","0","16","20","22","5","1","4","1","0","1","1","0","0","0","0","0","0","0","0","0","0","0","0","0","0","0","0","0","0","0","0","0","0","0","1","0","0","0","0","0","1","0","1","0","6","2","0","0","1","0","0","3","1","1","0","1","0","0","2","1","0","0","0","2","0","3","4","0","2","1","0","0","3","2","0","0","1","0","0","1","0","0","1","0","0","0","0","1","0","1","0","0","11","0","0","0","0","0","0","0","0","11","0","0","0","0","0","0","0","0","15","1","0","0","0","0","0","0","0","4","0","0","0","0","0","0","0","0"
"s25","voters","TP30332","92","34","31","3","0","0","3","0","0","0","21","46","46","3","4","1","2","2","0","1","0","0","0","0","0","1","0","0","0","1","0","1","0","0","0","0","0","0","0","0","0","0","0","0","0","0","0","1","1","5","1","4","1","1","2","3","3","5","7","0","1","2","2","1","6","6","0","0","0","2","2","3","6","0","1","3","1","2","2","3","0","0","2","3","1","1","2","0","0","2","0","1","0","1","0","0","0","1","1","0","0","23","3","2","1","1","1","0","0","3","15","6","5","2","0","0","0","0","3","13","1","1","3","0","0","0","0","3","3","1","1","0","0","0","1","0","0"
"s25","voters","TP30333","18","11","4","0","0","0","0","0","0","0","3","8","10","8","2","0","0","0","0","0","0","0","0","0","0","0","0","0","0","0","0","0","0","0","0","0","0","0","0","0","0","0","0","0","0","0","0","1","2","1","0","0","0","0","3","3","1","0","0","0","0","0","3","0","0","0","0","0","1","0","0","0","0","0","0","0","1","0","0","0","0","0","1","1","0","0","0","0","0","0","0","0","0","0","0","0","0","0","0","0","0","10","1","0","0","0","0","0","0","0","4","0","0","0","0","0","0","0","0","3","0","0","0","0","0","0","0","0","0","0","0","0","0","0","0","0","0"
"s25","voters","TP30334","34","13","8","1","1","0","1","0","0","0","10","16","18","1","3","4","1","0","0","0","0","0","0","0","0","0","0","0","0","0","0","0","0","0","0","0","0","0","0","0","0","0","0","0","0","0","0","1","0","0","0","3","0","0","1","0","1","2","5","0","0","0","0","0","2","0","0","0","0","0","0","3","3","0","0","0","1","1","1","5","0","0","0","1","1","0","0","0","0","0","1","0","0","1","0","0","0","1","0","0","0","4","7","0","0","0","0","0","0","2","6","1","0","0","0","0","0","0","1","3","3","3","0","0","0","0","0","1","3","0","0","0","0","0","0","0","0"
"s25","voters","TP40335","461","171","153","36","3","6","5","0","1","0","86","229","232","30","16","14","8","5","6","0","1","0","0","0","0","0","0","0","0","0","0","0","1","0","0","0","0","0","1","0","0","0","1","2","1","0","4","10","17","7","17","28","0","4","6","16","12","20","30","0","5","9","10","11","15","26","0","2","5","4","17","17","32","0","4","5","12","6","10","11","3","4","5","9","7","6","4","0","0","5","1","6","4","6","0","4","3","2","2","6","12","112","32","15","1","2","0","4","0","5","86","23","13","5","6","0","2","1","17","48","12","8","9","3","1","1","0","4","36","6","4","3","0","0","1","0","1"
"s25","voters","TP40336","0","0","0","0","0","0","0","0","0","0","0","0","0","0","0","0","0","0","0","0","0","0","0","0","0","0","0","0","0","0","0","0","0","0","0","0","0","0","0","0","0","0","0","0","0","0","0","0","0","0","0","0","0","0","0","0","0","0","0","0","0","0","0","0","0","0","0","0","0","0","0","0","0","0","0","0","0","0","0","0","0","0","0","0","0","0","0","0","0","0","0","0","0","0","0","0","0","0","0","0","0","0","0","0","0","0","0","0","0","0","0","0","0","0","0","0","0","0","0","0","0","0","0","0","0","0","0","0","0","0","0","0","0","0","0","0","0"
"s25","voters","TP40337","101","53","31","6","0","0","1","0","0","0","10","48","53","12","3","0","1","3","0","1","0","0","0","0","0","0","0","0","0","1","0","0","0","0","0","0","0","0","0","0","0","2","0","0","0","0","2","5","2","3","4","9","0","1","4","2","3","11","7","0","0","0","1","1","4","9","0","1","0","2","0","3","10","0","0","1","1","0","0","2","0","0","0","2","2","1","1","0","0","0","1","2","1","0","0","0","0","0","0","2","1","38","7","4","1","0","0","0","0","3","21","3","5","0","1","0","0","0","1","6","0","1","2","1","0","0","0","0","6","0","1","0","0","0","0","0","0"
"s25","voters","TP40338","97","41","25","11","0","1","3","0","0","0","16","43","54","4","3","4","4","0","0","0","0","0","0","0","0","0","1","0","0","0","0","0","0","0","0","0","0","0","1","0","0","0","0","0","0","0","0","0","2","1","6","7","1","0","3","2","4","4","11","0","1","0","1","2","2","3","0","1","2","0","3","4","6","0","1","0","2","2","1","4","0","2","2","1","0","1","0","0","0","3","0","0","3","2","0","0","0","4","0","3","0","30","5","3","0","0","0","1","0","2","15","3","3","0","0","0","0","1","3","9","1","2","0","1","0","0","0","3","11","2","0","0","1","0","0","1","0"
"s25","voters","TP50339","151","42","50","6","0","0","5","0","1","0","47","66","85","11","9","7","0","0","0","0","0","0","0","0","0","0","0","0","0","1","0","0","0","0","1","1","0","0","1","0","0","1","0","1","0","0","1","3","5","0","2","6","0","3","8","1","2","5","6","1","0","3","3","3","7","3","0","0","3","7","6","5","9","0","3","5","4","1","1","7","0","2","8","7","3","4","2","0","2","1","1","1","3","0","0","0","0","3","0","1","0","30","4","3","0","0","0","3","0","2","34","4","6","2","1","1","0","0","2","36","5","0","2","1","0","0","0","3","10","1","0","0","0","0","0","0","1"
"s25","voters","TP50340","324","104","145","16","0","3","3","0","2","0","51","147","177","11","12","5","4","6","4","1","1","0","0","0","0","0","0","0","0","0","0","0","0","1","0","0","0","0","1","2","0","0","0","0","1","0","0","0","7","6","5","20","3","3","9","12","5","9","25","1","3","4","6","14","14","28","0","0","4","9","9","24","29","1","3","1","6","5","3","7","2","2","3","3","4","6","5","0","0","4","1","1","3","4","0","1","2","1","1","4","2","70","17","6","2","0","0","3","0","6","79","21","23","3","3","0","0","1","15","31","8","7","0","0","1","2","1","1","16","2","4","0","1","0","0","0","1"
"s25","voters","TP50341","14","6","2","0","0","0","1","0","0","0","5","4","10","2","1","3","0","0","0","1","0","0","0","0","0","0","0","0","0","0","0","0","0","0","0","0","0","0","0","0","0","0","0","0","0","0","0","0","0","0","0","0","0","1","4","1","0","0","0","0","0","1","0","0","0","0","0","0","1","0","0","0","0","0","0","1","2","0","0","0","0","0","1","1","0","0","0","0","0","0","0","0","0","0","0","0","0","1","0","0","0","6","0","0","0","0","0","0","0","0","2","0","0","0","0","0","0","0","0","5","0","0","0","0","0","0","0","0","1","0","0","0","0","0","0","0","0"
"s25","voters","TP50343","4","3","0","1","0","0","0","0","0","0","0","1","3","1","0","0","0","0","0","0","0","0","0","0","0","0","0","0","0","0","0","0","0","0","0","0","0","0","0","0","0","0","0","0","0","0","0","0","0","0","0","0","0","0","0","0","1","0","2","0","0","0","0","0","0","0","0","0","0","0","0","0","0","0","0","0","0","0","0","0","0","0","0","0","0","0","0","0","0","0","0","0","1","0","0","0","0","0","0","0","0","1","0","0","0","0","0","1","0","1","0","0","0","0","0","0","0","0","0","0","0","0","0","0","0","0","0","0","1","0","0","0","0","0","0","0","0"
"s25","voters","TP50344","53","14","25","4","1","1","1","0","0","0","7","31","22","1","1","0","0","3","0","0","0","0","0","0","0","0","0","0","0","0","0","0","0","0","0","0","0","0","0","0","0","0","0","0","0","0","0","2","0","3","1","3","0","1","0","0","1","1","2","0","1","1","0","1","5","5","0","0","1","1","1","7","2","0","1","2","0","0","0","4","0","0","0","0","0","0","0","0","1","0","0","0","0","1","1","0","0","0","0","1","3","11","1","1","1","0","0","0","0","0","7","9","5","1","1","0","0","0","2","3","0","2","1","0","0","0","1","0","3","2","1","0","1","0","0","0","0"
"s25","voters","UNI0001","0","0","0","0","0","0","0","0","0","0","0","0","0","0","0","0","0","0","0","0","0","0","0","0","0","0","0","0","0","0","0","0","0","0","0","0","0","0","0","0","0","0","0","0","0","0","0","0","0","0","0","0","0","0","0","0","0","0","0","0","0","0","0","0","0","0","0","0","0","0","0","0","0","0","0","0","0","0","0","0","0","0","0","0","0","0","0","0","0","0","0","0","0","0","0","0","0","0","0","0","0","0","0","0","0","0","0","0","0","0","0","0","0","0","0","0","0","0","0","0","0","0","0","0","0","0","0","0","0","0","0","0","0","0","0","0","0"
"s25","voters","UNI0025","244","49","152","13","1","1","5","0","1","0","22","119","125","17","21","6","1","4","3","0","0","0","0","0","0","0","1","0","0","0","3","0","0","0","0","0","0","0","0","0","0","0","0","0","0","0","0","5","3","1","2","10","0","2","4","3","3","4","12","0","2","7","10","13","17","23","1","4","9","10","11","18","27","0","1","1","2","2","4","3","0","1","2","0","1","3","2","0","0","1","2","2","2","6","0","0","1","1","2","3","1","27","5","8","1","1","0","0","1","6","90","22","15","6","8","0","0","0","11","14","5","1","2","0","0","0","0","0","15","0","3","0","2","1","0","0","0"
"s25","voters","UNI0027","18","2","10","3","0","0","2","0","0","0","1","14","4","1","1","1","0","0","0","0","0","0","0","0","0","0","0","0","0","0","0","0","0","0","0","0","0","0","0","0","0","0","0","0","0","0","0","1","0","1","0","0","0","0","0","0","0","0","0","0","2","1","0","0","2","3","0","0","0","0","0","2","0","0","1","0","0","0","0","0","0","0","0","0","0","0","0","0","0","0","0","0","2","1","0","0","0","1","1","0","0","1","0","1","0","0","0","0","0","0","7","1","1","1","0","0","0","0","0","1","0","0","0","0","0","0","0","0","3","1","1","0","0","0","0","0","0"
"s25","voters","UNI0029","74","19","41","3","0","1","0","0","0","0","10","34","40","5","7","6","2","1","2","0","0","0","0","0","0","0","0","0","0","0","0","0","0","0","0","0","0","0","0","0","0","0","0","0","0","0","1","1","0","1","0","6","0","1","0","0","2","3","4","0","1","1","4","3","6","5","0","4","0","7","2","2","6","0","0","0","0","1","0","2","1","1","1","1","2","1","0","0","1","0","0","0","1","0","0","0","0","0","0","1","1","8","4","0","1","2","0","0","0","4","24","5","5","2","0","0","1","0","4","5","2","2","0","1","0","0","0","0","1","0","2","1","0","0","0","0","0"
"s25","voters","UNI0030","225","42","142","10","0","1","2","0","0","0","28","118","107","18","26","5","1","0","4","0","1","0","0","1","0","0","0","0","0","0","1","1","0","0","0","0","0","0","0","0","0","0","1","0","0","0","1","1","1","4","6","7","0","0","0","3","3","8","8","0","5","10","9","13","10","26","0","3","14","8","9","12","23","0","2","2","4","1","1","7","0","2","3","1","0","2","3","0","0","3","2","1","0","2","0","1","0","0","0","4","0","23","3","5","4","4","0","0","0","3","79","30","12","4","1","1","5","0","10","14","6","3","1","0","0","0","0","4","6","1","4","0","0","0","0","0","2"
"s25","voters","UNI0031","174","39","105","7","2","1","5","0","0","0","15","91","83","15","13","2","3","0","1","0","0","0","0","0","0","0","0","0","0","0","0","0","0","0","0","0","0","0","0","0","0","1","1","0","0","0","0","1","2","3","5","5","0","6","2","2","3","3","7","1","3","3","8","13","13","18","0","2","2","8","10","10","14","0","1","1","0","1","4","1","0","2","1","0","0","3","1","0","1","1","1","2","3","0","0","3","0","1","2","1","0","22","7","4","1","1","0","3","0","1","56","19","14","5","2","0","0","2","7","9","1","2","1","1","0","0","0","1","11","3","0","1","0","0","0","0","0"
"s25","voters","UNI0032","192","47","112","12","0","1","1","0","1","0","18","94","98","14","12","1","4","0","4","1","0","0","0","0","0","0","1","0","0","0","0","2","2","0","0","0","0","0","0","0","0","0","3","1","0","2","2","1","2","3","3","5","0","1","1","7","4","4","12","0","4","8","6","10","15","13","0","5","5","6","9","11","20","0","0","4","2","0","3","2","0","1","1","0","2","3","0","0","1","1","2","0","0","5","0","0","1","1","2","1","1","31","4","5","0","0","1","1","0","5","65","19","10","4","1","0","1","1","11","12","1","1","1","2","1","0","0","0","8","0","4","0","2","0","0","1","0"
"s25","voters","UNI0033","67","13","47","1","1","0","0","0","1","0","4","33","34","0","3","1","0","0","2","0","0","0","0","0","0","0","0","0","1","0","0","0","0","0","0","0","0","0","0","0","0","0","0","0","0","0","0","2","1","0","1","0","0","1","1","0","1","0","6","0","2","0","2","4","1","14","0","1","0","3","5","5","10","0","0","0","2","1","0","1","0","0","0","0","0","0","0","0","0","0","0","1","0","1","0","0","0","0","0","0","1","8","2","2","0","1","0","0","0","0","19","10","11","3","2","0","0","0","2","3","0","0","0","0","0","0","1","0","2","0","1","0","0","0","0","0","0"
"s25","voters","UNI0034","0","0","0","0","0","0","0","0","0","0","0","0","0","0","0","0","0","0","0","0","0","0","0","0","0","0","0","0","0","0","0","0","0","0","0","0","0","0","0","0","0","0","0","0","0","0","0","0","0","0","0","0","0","0","0","0","0","0","0","0","0","0","0","0","0","0","0","0","0","0","0","0","0","0","0","0","0","0","0","0","0","0","0","0","0","0","0","0","0","0","0","0","0","0","0","0","0","0","0","0","0","0","0","0","0","0","0","0","0","0","0","0","0","0","0","0","0","0","0","0","0","0","0","0","0","0","0","0","0","0","0","0","0","0","0","0","0"
"s25","voters","UNI0035","515","102","309","28","4","3","3","0","1","0","65","243","272","36","32","11","7","7","7","0","1","0","0","0","0","0","0","0","0","0","0","0","0","1","0","0","0","0","0","0","0","0","0","0","0","0","1","4","7","6","3","16","0","5","9","4","5","13","29","1","9","17","14","25","38","46","1","4","11","23","26","36","58","3","7","3","3","5","6","7","1","2","5","10","4","2","7","0","2","1","4","4","5","6","1","3","2","1","3","4","3","56","17","17","3","2","2","1","1","3","169","57","42","10","7","1","1","2","20","38","14","7","2","1","1","1","0","1","26","9","1","0","0","0","1","0","2"
"s25","voters","UNI0036","280","59","160","31","0","1","1","0","2","0","26","135","145","16","11","9","6","0","7","0","0","0","0","0","0","0","0","0","0","0","0","0","0","0","1","0","0","0","0","0","0","0","0","0","0","0","2","0","3","0","6","11","0","7","0","5","4","8","13","0","2","0","10","12","17","34","0","4","5","9","13","17","37","0","3","2","4","1","3","4","1","0","1","2","2","0","3","0","1","0","2","6","5","7","0","2","0","4","1","3","4","31","9","9","0","2","0","0","0","8","90","27","20","5","4","0","2","0","12","18","0","2","1","1","0","0","1","3","20","7","2","3","0","0","0","0","3"
"s25","voters","UNI0037","90","18","57","7","0","1","0","0","0","0","7","44","46","3","11","2","0","0","0","0","0","0","2","0","0","0","0","0","0","0","0","0","0","0","0","0","2","0","1","0","0","1","1","0","0","0","5","1","0","1","0","1","0","0","2","1","3","0","4","0","0","4","3","7","7","7","0","3","2","3","8","5","8","0","1","0","0","1","0","0","0","1","0","0","0","2","2","0","0","1","0","1","1","3","0","0","0","0","0","1","1","11","2","3","0","0","0","0","0","2","34","9","4","1","3","0","1","0","5","6","1","0","0","0","0","0","0","0","1","5","0","0","0","2","0","0","0"
"s25","voters","UNI0038","116","25","69","7","0","1","2","0","0","0","12","50","66","6","5","3","0","0","3","2","1","0","0","0","0","0","0","0","2","0","0","0","0","0","0","0","0","0","0","0","0","0","0","0","0","0","1","1","0","1","3","3","1","2","2","1","1","2","7","1","1","0","4","7","10","7","0","0","1","4","8","14","12","0","0","1","3","0","2","1","0","0","0","2","1","0","2","0","0","0","0","1","0","3","0","1","2","0","0","1","2","17","3","2","0","1","0","0","0","2","46","4","6","1","2","0","0","3","7","5","0","5","0","0","0","0","0","2","6","3","0","0","0","0","0","1","0"
"s25","voters","UNI0039","9","2","7","0","0","0","0","0","0","0","0","5","4","0","1","0","0","0","0","0","0","0","0","0","0","0","0","0","0","0","0","0","0","0","0","0","0","0","0","0","0","0","0","0","0","0","1","0","0","0","0","0","0","1","0","0","0","0","0","0","0","0","1","0","1","2","0","0","0","0","0","0","3","0","0","0","0","0","0","0","0","0","0","0","0","0","0","0","0","0","0","0","0","0","0","0","0","0","0","0","0","1","1","0","0","0","0","0","0","0","6","0","0","0","0","0","0","0","1","0","0","0","0","0","0","0","0","0","0","0","0","0","0","0","0","0","0"
"s25","voters","UNI0040","20","0","16","0","0","0","0","0","0","0","4","11","9","0","1","0","0","0","0","0","0","0","0","0","0","0","0","0","0","0","0","0","0","0","0","0","0","0","0","0","0","0","0","0","0","0","0","0","0","0","0","0","0","0","0","0","0","0","0","0","1","1","2","0","0","4","0","0","0","3","0","1","4","0","1","0","1","1","0","0","0","0","0","0","1","0","0","0","0","0","0","0","0","0","0","0","0","0","0","0","0","0","0","0","0","0","0","0","0","0","11","1","2","0","0","0","1","1","0","3","1","0","0","0","0","0","0","0","0","0","0","0","0","0","0","0","0"
"s25","voters","UNI0041","232","36","160","13","1","2","2","0","0","0","18","110","122","8","15","4","3","1","5","0","3","0","3","0","0","1","0","0","0","0","0","0","0","0","0","0","0","0","0","1","0","0","0","0","1","0","0","3","0","1","5","6","0","2","4","1","3","4","7","0","2","6","13","9","10","37","1","7","4","10","13","21","27","0","1","1","3","1","1","2","0","3","0","1","3","2","0","1","1","1","0","0","2","4","0","0","3","0","0","3","3","21","7","2","1","1","0","0","0","4","81","34","19","7","1","0","5","1","12","7","4","4","1","0","0","0","0","2","10","3","3","2","0","0","0","0","0"
"s25","voters","UNI0043","97","7","66","7","0","0","2","0","0","0","15","46","51","6","9","6","1","0","0","0","0","0","0","0","0","0","0","0","0","0","0","0","0","0","0","0","0","0","0","0","0","0","0","0","0","0","0","0","2","0","0","0","0","0","0","2","0","1","2","1","0","4","8","8","8","5","0","1","4","3","8","7","9","0","0","0","3","1","2","0","0","1","3","2","0","3","0","0","0","0","1","1","0","2","0","1","0","1","1","1","1","4","2","0","1","0","0","0","0","0","39","11","5","4","2","0","1","0","4","9","4","0","2","0","0","0","0","0","7","2","0","0","0","0","0","0","0"
"s25","voters","UNI0044","41","7","30","1","0","0","0","0","0","0","3","24","17","3","4","0","0","0","2","0","0","0","0","0","0","0","0","0","0","0","0","0","0","0","0","0","0","0","0","0","0","0","0","0","0","0","0","0","1","0","1","1","0","1","0","0","0","1","2","0","5","2","2","2","3","4","0","0","3","3","0","4","2","1","0","0","0","0","1","0","0","0","0","0","0","0","1","0","0","1","0","0","0","0","0","0","0","0","0","0","0","5","1","1","0","0","0","0","0","0","13","7","4","1","1","0","1","0","3","1","1","1","0","0","0","0","0","0","0","0","0","1","0","0","0","0","0"
"s25","voters","UNI0046","399","91","234","28","1","1","2","0","0","0","42","187","212","31","15","12","5","6","11","0","1","0","0","0","0","0","0","0","0","1","0","0","0","0","0","0","0","0","0","1","0","0","1","0","0","1","0","5","3","5","8","15","1","8","9","2","4","9","21","0","7","4","13","15","27","48","0","4","8","15","20","29","44","0","1","4","5","7","1","3","0","1","2","5","1","6","6","0","1","0","1","1","4","8","0","0","3","1","5","4","4","50","13","14","3","3","2","0","0","6","106","42","43","3","6","5","4","1","24","17","4","11","2","3","1","0","0","4","20","6","3","0","0","0","0","0","3"
"s25","voters","UNI0047","20","2","15","1","0","0","0","0","0","0","2","9","11","2","0","1","0","0","0","0","0","0","0","0","0","0","0","0","0","0","0","0","0","0","0","0","0","0","0","0","0","0","0","0","0","0","0","0","0","0","0","1","0","0","0","0","0","0","1","0","1","0","0","1","1","4","0","1","1","0","1","1","4","0","0","0","0","0","0","0","0","1","0","0","0","1","0","0","0","0","1","0","0","0","0","0","0","0","0","0","0","1","0","0","1","0","0","0","0","0","7","1","4","1","1","1","0","0","0","1","0","0","0","0","0","0","0","1","0","0","0","0","1","0","0","0","0"
"s25","voters","UNI0048","13","3","10","0","0","0","0","0","0","0","0","7","6","1","0","0","0","0","1","0","0","0","0","0","0","0","0","0","0","0","0","0","0","0","0","0","0","0","0","0","0","0","0","0","0","0","0","1","0","0","0","1","0","0","0","0","0","0","1","0","0","0","2","1","0","2","1","0","0","1","2","1","0","0","0","0","0","0","0","0","0","0","0","0","0","0","0","0","0","0","0","0","0","0","0","0","0","0","0","0","0","0","0","3","0","0","0","0","0","0","3","0","4","1","0","0","0","0","2","0","0","0","0","0","0","0","0","0","0","0","0","0","0","0","0","0","0"
"s25","voters","UNI0050","11","4","6","0","0","0","0","0","0","0","1","5","6","4","0","0","0","0","0","0","0","0","0","0","0","0","0","0","0","0","0","0","0","0","0","0","0","0","0","0","0","0","0","0","0","0","2","0","0","0","0","0","0","0","1","0","0","1","0","0","0","0","0","0","2","1","0","0","0","0","0","1","2","0","0","0","0","0","0","0","0","0","0","0","0","1","0","0","0","0","0","0","0","0","0","0","0","0","0","0","0","4","0","0","0","0","0","0","0","0","4","2","0","0","0","0","0","0","0","0","0","1","0","0","0","0","0","0","0","0","0","0","0","0","0","0","0"
"s25","voters","UNI0052","1","0","1","0","0","0","0","0","0","0","0","0","1","0","0","0","0","0","0","0","0","0","0","0","0","0","0","0","0","0","0","0","0","0","0","0","0","0","0","0","0","0","0","0","0","0","0","0","0","0","0","0","0","0","0","0","0","0","0","0","0","0","0","0","0","0","0","0","0","0","0","0","1","0","0","0","0","0","0","0","0","0","0","0","0","0","0","0","0","0","0","0","0","0","0","0","0","0","0","0","0","0","0","0","0","0","0","0","0","0","1","0","0","0","0","0","0","0","0","0","0","0","0","0","0","0","0","0","0","0","0","0","0","0","0","0","0"
"s25","voters","UNI0057","1","0","1","0","0","0","0","0","0","0","0","1","0","0","0","0","0","0","0","0","0","0","0","0","0","0","0","0","0","0","0","0","0","0","0","0","0","0","0","0","0","0","0","0","0","0","0","0","0","0","0","0","0","0","0","0","0","0","0","0","0","0","0","0","0","1","0","0","0","0","0","0","0","0","0","0","0","0","0","0","0","0","0","0","0","0","0","0","0","0","0","0","0","0","0","0","0","0","0","0","0","0","0","0","0","0","0","0","0","0","0","0","0","0","0","0","0","0","1","0","0","0","0","0","0","0","0","0","0","0","0","0","0","0","0","0","0"
"s25","voters","UNI0059","1","0","1","0","0","0","0","0","0","0","0","0","1","0","0","0","0","0","0","0","0","0","0","0","0","0","0","0","0","0","0","0","0","0","0","0","0","0","0","0","0","0","0","0","0","0","0","0","0","0","0","0","0","0","0","0","0","0","0","0","0","0","0","0","0","0","0","0","0","0","0","0","1","0","0","0","0","0","0","0","0","0","0","0","0","0","0","0","0","0","0","0","0","0","0","0","0","0","0","0","0","0","0","0","0","0","0","0","0","0","1","0","0","0","0","0","0","0","0","0","0","0","0","0","0","0","0","0","0","0","0","0","0","0","0","0","0"
"s25","voters","UNI0065","11","0","11","0","0","0","0","0","0","0","0","7","4","0","3","0","0","0","1","0","0","0","0","0","0","0","0","0","0","0","0","0","0","0","0","0","0","0","0","0","0","0","0","0","0","0","0","0","0","0","0","0","0","0","0","0","0","0","0","0","1","0","0","0","0","6","0","1","0","1","1","1","0","0","0","0","0","0","0","0","0","0","0","0","0","0","0","0","0","0","0","0","0","0","0","0","0","0","0","0","0","0","0","0","0","0","0","0","0","0","7","0","1","3","0","0","0","0","0","0","0","0","0","0","0","0","0","0","0","0","0","0","0","0","0","0","0"
"s25","voters","UNI0070","2","0","2","0","0","0","0","0","0","0","0","1","1","0","0","0","0","0","0","0","0","0","0","0","0","0","0","0","0","0","0","0","0","0","0","0","0","0","0","0","0","0","0","0","0","0","0","0","0","0","0","0","0","0","0","0","0","0","0","0","0","0","0","0","1","0","0","0","0","0","0","0","1","0","0","0","0","0","0","0","0","0","0","0","0","0","0","0","0","0","0","0","0","0","0","0","0","0","0","0","0","0","0","0","0","0","0","0","0","0","1","0","0","0","0","0","0","0","1","0","0","0","0","0","0","0","0","0","0","0","0","0","0","0","0","0","0"
"s25","voters","UNI0072","38","10","16","2","1","1","1","0","0","0","7","17","21","7","2","3","4","0","1","0","0","0","0","0","0","0","0","0","0","0","0","0","0","0","0","0","0","0","0","0","0","1","0","0","0","0","0","0","0","1","1","1","0","1","2","1","2","0","1","0","0","1","1","2","2","3","0","0","1","1","0","1","4","0","0","0","0","1","0","3","0","0","0","1","1","0","1","0","0","0","0","0","0","1","0","2","2","0","0","0","0","7","1","1","0","1","0","0","0","0","7","5","2","0","0","0","0","0","2","3","2","0","1","0","0","0","1","0","1","1","2","0","1","0","0","0","0"
"s25","voters","UNI0073","14","7","4","1","0","0","0","0","0","0","2","9","5","2","1","1","0","0","1","1","0","0","0","0","0","0","0","0","0","0","0","0","0","0","0","0","0","0","0","0","0","0","1","0","0","0","0","0","0","1","1","3","0","0","0","0","0","1","1","0","0","0","0","0","1","2","0","0","0","0","0","0","1","0","0","0","0","0","0","1","0","0","0","0","1","0","0","0","0","0","0","0","0","0","0","0","0","0","1","0","0","2","1","3","0","0","0","0","1","0","1","0","1","0","1","0","1","0","0","2","0","0","0","0","0","0","0","0","1","0","0","0","0","0","0","0","0"
"s25","voters","UNI0074","67","11","44","4","0","0","1","0","0","0","7","32","35","4","3","3","1","1","4","0","1","0","0","0","0","0","0","0","0","0","0","0","0","0","0","0","0","0","0","0","0","0","0","0","0","0","0","0","0","0","2","2","0","0","1","0","2","0","4","0","4","1","4","3","3","6","0","1","3","1","2","3","13","0","0","0","0","0","2","2","0","0","1","0","0","2","0","0","1","0","0","0","0","2","0","0","1","0","0","1","0","3","2","2","1","0","0","0","0","3","26","7","6","1","2","0","0","0","2","5","1","0","1","0","0","0","0","0","3","1","0","1","0","0","0","0","0"
"s25","voters","UNI0075","119","37","54","4","0","0","1","0","2","0","21","54","65","18","12","12","1","0","0","0","1","0","0","0","0","0","0","0","0","0","0","0","0","0","0","0","0","0","0","0","0","1","0","0","0","0","1","0","0","4","3","6","0","4","1","3","3","3","9","0","1","4","1","4","8","9","0","0","3","2","3","9","10","1","0","1","1","0","1","6","0","1","3","4","1","0","2","0","1","0","0","0","0","2","0","0","0","2","0","0","2","20","6","3","1","1","0","0","0","6","37","6","4","2","1","0","2","0","2","10","4","3","2","0","0","1","0","1","2","1","3","0","0","1","0","0","0"
"s25","voters","UNI0076","109","13","76","7","0","1","0","0","0","0","12","56","53","3","4","3","0","2","1","0","0","0","0","0","0","0","0","0","0","1","0","0","0","0","0","0","0","0","0","0","0","0","0","1","0","0","0","1","0","1","3","3","0","0","0","1","0","3","1","0","2","2","1","6","14","13","0","3","2","3","3","13","14","0","0","1","0","2","2","1","1","1","1","0","1","1","1","0","0","0","1","1","1","1","0","0","0","1","0","1","2","5","5","1","0","1","0","1","0","0","43","11","6","1","2","1","1","0","11","5","1","3","2","0","0","0","0","1","3","3","0","2","0","0","0","0","0"
"s25","voters","UNI0077","379","95","214","24","1","1","5","0","0","0","39","179","200","40","46","12","5","0","7","0","2","0","0","0","0","0","1","0","0","2","2","0","0","0","0","0","0","0","0","0","0","0","0","0","0","1","0","3","1","3","4","16","0","4","7","10","6","10","30","0","7","11","15","20","27","36","1","5","7","13","20","21","31","0","1","3","4","1","4","5","1","3","1","2","1","7","6","0","0","2","4","1","5","5","0","0","2","2","1","7","2","48","18","13","3","2","0","2","1","8","134","31","21","5","3","1","0","1","18","23","6","4","3","0","0","0","0","3","17","8","1","3","0","0","0","1","1"
"s25","voters","UNI0080","3","0","1","0","0","0","0","0","0","0","2","1","2","0","0","0","0","0","0","0","0","0","0","0","0","0","0","0","0","0","0","0","0","0","0","0","0","0","0","0","0","0","0","0","0","0","0","0","0","0","0","0","0","0","0","0","0","0","0","0","0","0","0","0","0","0","0","0","0","1","0","0","0","0","0","0","0","1","0","0","0","0","0","0","0","0","1","0","0","0","0","0","0","0","0","0","0","0","0","0","0","0","0","0","0","0","0","0","0","0","0","1","0","0","0","0","0","0","0","0","0","1","1","0","0","0","0","0","0","0","0","0","0","0","0","0","0"
"s25","voters","UNI0081","16","4","7","0","0","0","0","0","0","0","5","7","9","1","0","1","0","0","0","0","0","0","0","0","0","0","0","0","0","0","0","0","0","0","0","0","0","0","0","0","0","0","0","0","0","0","0","0","0","0","0","0","0","0","0","1","0","0","3","0","0","0","2","0","1","1","0","0","0","0","0","1","2","0","0","0","0","0","0","3","0","0","0","0","0","1","1","0","0","0","0","0","0","0","0","0","0","0","0","0","0","2","1","0","0","1","0","0","0","0","3","1","2","0","1","0","0","0","0","2","0","2","0","0","0","0","0","1","0","0","0","0","0","0","0","0","0"
"s25","voters","UNI0082","1","0","1","0","0","0","0","0","0","0","0","1","0","0","0","0","0","0","0","0","0","0","0","0","0","0","0","0","0","0","0","0","0","0","0","0","0","0","0","0","0","0","0","0","0","0","0","0","0","0","0","0","0","0","0","0","0","0","0","0","0","0","0","1","0","0","0","0","0","0","0","0","0","0","0","0","0","0","0","0","0","0","0","0","0","0","0","0","0","0","0","0","0","0","0","0","0","0","0","0","0","0","0","0","0","0","0","0","0","0","1","0","0","0","0","0","0","0","0","0","0","0","0","0","0","0","0","0","0","0","0","0","0","0","0","0","0"
"s25","voters","UNI0083","61","6","47","3","0","1","1","0","0","0","3","27","34","4","7","1","2","0","1","1","0","0","0","0","0","0","0","0","0","0","0","0","0","0","0","0","0","0","0","0","0","0","0","0","0","0","0","0","1","0","0","0","0","0","2","0","0","0","3","0","2","1","3","4","5","6","0","2","1","2","5","10","6","0","0","1","1","0","1","0","0","0","0","0","0","0","0","0","0","0","1","0","1","0","0","0","0","1","1","0","1","2","2","1","0","0","0","0","0","1","33","8","1","3","0","0","2","0","0","2","1","0","0","0","0","0","0","0","2","1","1","0","0","0","0","0","1"
"s25","voters","UNI0084","14","2","10","0","0","0","0","0","0","0","2","7","7","0","0","0","0","0","0","0","0","0","0","0","0","0","0","0","0","0","0","0","0","0","0","0","0","0","0","0","0","0","0","0","0","0","0","0","1","0","0","0","0","0","0","0","0","1","0","0","0","0","1","0","0","3","0","0","1","1","0","2","2","0","0","1","0","0","0","1","0","0","0","0","0","0","0","0","0","0","0","0","0","0","0","0","0","0","0","0","0","1","0","0","0","0","0","0","0","1","5","3","1","0","0","0","0","0","1","1","1","0","0","0","0","0","0","0","0","0","0","0","0","0","0","0","0"
"s25","voters","UNI0085","63","13","36","4","0","0","0","0","0","0","10","31","32","5","5","3","2","0","3","1","0","0","0","0","0","0","0","0","0","0","0","0","0","0","0","0","0","0","0","0","0","0","0","0","0","0","0","0","0","0","0","4","0","1","0","0","3","4","1","0","1","3","0","1","5","10","0","1","0","1","1","6","7","1","0","0","0","1","2","1","0","0","0","0","1","1","3","0","0","0","0","0","2","0","0","0","1","0","0","0","1","9","2","1","0","0","0","0","0","1","25","2","3","2","1","0","0","0","3","6","1","0","2","0","1","0","0","0","2","2","0","0","0","0","0","0","0"
"s25","voters","UNI0086","17","2","10","2","1","0","0","0","0","0","2","9","8","0","0","0","0","0","2","0","0","0","0","0","0","0","0","0","0","0","0","0","0","0","0","0","0","0","0","0","0","0","0","0","0","0","0","0","0","0","0","1","0","0","0","0","0","0","1","0","0","1","0","0","2","1","0","0","0","1","2","2","1","0","1","0","1","0","0","0","0","0","0","0","0","0","0","0","0","0","0","0","0","2","0","0","0","0","1","0","0","0","0","0","0","0","0","0","0","2","7","0","1","0","0","0","0","0","2","0","1","0","1","0","0","0","0","0","2","0","1","0","0","0","0","0","0"
"s25","voters","UNI0092","1","0","1","0","0","0","0","0","0","0","0","1","0","0","0","0","0","0","0","0","0","0","0","0","0","0","0","0","0","0","0","0","0","0","0","0","0","0","0","0","0","0","0","0","0","0","0","0","0","0","0","0","0","0","0","0","0","0","0","0","0","0","0","0","0","1","0","0","0","0","0","0","0","0","0","0","0","0","0","0","0","0","0","0","0","0","0","0","0","0","0","0","0","0","0","0","0","0","0","0","0","0","0","0","0","0","0","0","0","0","1","0","0","0","0","0","0","0","0","0","0","0","0","0","0","0","0","0","0","0","0","0","0","0","0","0","0"
"s25","voters","UNI0093","6","2","3","1","0","0","0","0","0","0","0","5","1","1","0","0","0","0","0","0","0","0","0","0","0","0","0","0","0","0","0","0","0","0","0","0","0","0","0","0","0","0","0","0","0","0","0","0","0","0","1","1","0","0","0","0","0","0","0","0","0","0","0","0","1","2","0","0","0","0","0","0","0","0","0","0","0","0","0","0","0","0","0","0","0","0","0","0","0","0","0","0","0","0","0","0","0","0","0","0","1","1","0","1","0","0","0","0","0","0","1","1","0","0","0","0","1","0","0","0","0","0","0","0","0","0","0","0","0","0","0","0","1","0","0","0","0"
"s25","voters","UNI0094","4","1","3","0","0","0","0","0","0","0","0","2","2","0","0","0","0","0","0","0","0","0","0","0","0","0","0","0","0","0","0","0","0","0","0","0","0","0","0","0","0","0","0","0","0","0","0","0","0","0","0","0","0","0","0","0","1","0","0","0","0","0","0","1","0","1","0","0","0","0","0","1","0","0","0","0","0","0","0","0","0","0","0","0","0","0","0","0","0","0","0","0","0","0","0","0","0","0","0","0","0","0","0","0","0","0","0","0","0","1","1","0","0","0","0","0","0","0","2","0","0","0","0","0","0","0","0","0","0","0","0","0","0","0","0","0","0"
"s25","voters","UNI0111","65","9","43","3","0","0","1","0","0","0","9","34","31","1","0","0","0","0","4","1","0","0","0","0","0","0","0","0","0","0","0","0","0","0","0","0","0","0","0","0","0","0","0","0","0","0","0","0","0","0","0","2","0","1","0","1","0","3","2","0","0","3","4","0","8","10","0","0","1","2","2","1","12","0","0","1","1","0","0","3","0","0","0","0","0","1","3","0","0","0","0","0","1","1","0","0","0","2","0","0","0","3","4","1","0","0","0","0","0","1","25","4","6","1","3","0","0","0","4","6","1","0","1","0","0","0","0","1","2","1","1","0","0","0","0","0","0"
"s25","voters","UNI0112","17","4","6","0","0","2","0","0","0","0","5","9","8","0","0","1","0","0","0","0","0","0","0","0","0","0","0","0","0","0","0","0","0","0","0","0","0","0","0","0","0","0","0","0","0","0","0","0","0","0","1","0","0","0","0","0","0","1","2","0","0","0","0","0","3","1","0","0","0","0","0","1","1","0","0","0","0","0","1","2","0","0","0","0","0","2","0","0","0","0","0","0","0","1","0","0","0","0","0","0","1","0","0","1","0","0","0","0","0","3","4","1","0","1","0","0","0","0","0","2","2","0","0","0","0","1","0","0","1","0","0","1","0","0","0","0","0"
"s25","voters","UNI0117","1","0","1","0","0","0","0","0","0","0","0","0","1","0","1","0","0","0","0","0","0","0","0","0","0","0","0","0","0","0","0","0","0","0","0","0","0","0","0","0","0","0","0","0","0","0","0","0","0","0","0","0","0","0","0","0","0","0","0","0","0","0","0","0","0","0","0","0","0","0","0","0","1","0","0","0","0","0","0","0","0","0","0","0","0","0","0","0","0","0","0","0","0","0","0","0","0","0","0","0","0","0","0","0","0","0","0","0","0","0","1","0","0","0","0","0","0","0","0","0","0","0","0","0","0","0","0","0","0","0","0","0","0","0","0","0","0"
"s25","voters","UNI0119","61","22","14","8","0","2","3","0","0","0","12","32","29","6","3","6","2","0","0","0","0","1","0","0","0","0","0","0","0","0","0","0","0","0","0","0","0","0","0","0","0","0","0","0","0","0","2","4","2","2","1","0","1","2","1","5","2","0","0","0","0","2","4","0","0","1","0","1","3","2","1","0","0","0","1","1","1","3","0","0","0","1","1","4","0","0","0","0","0","2","1","1","4","0","0","0","2","2","0","0","1","21","1","0","0","0","0","0","0","0","13","1","0","0","0","0","0","0","0","10","0","2","0","0","0","0","0","0","9","4","0","0","0","0","0","0","0"
"s25","voters","UNI0120","23","10","5","1","0","0","0","0","0","0","7","9","14","3","0","0","1","0","0","0","0","0","0","0","0","0","0","0","0","0","0","0","0","0","0","0","0","0","0","0","0","0","0","0","0","0","0","2","0","0","0","1","0","1","2","3","0","1","0","0","0","0","2","0","1","0","0","0","2","0","0","0","0","0","1","1","1","0","0","0","0","2","0","1","1","0","0","0","0","0","0","0","0","0","0","0","0","0","0","1","0","9","0","0","1","0","0","0","0","0","4","1","0","0","0","0","0","0","0","7","0","0","0","0","0","0","0","0","1","0","0","0","0","0","0","0","0"
"s25","voters","UNI0121","0","0","0","0","0","0","0","0","0","0","0","0","0","0","0","0","0","0","0","0","0","0","0","0","0","0","0","0","0","0","0","0","0","0","0","0","0","0","0","0","0","0","0","0","0","0","0","0","0","0","0","0","0","0","0","0","0","0","0","0","0","0","0","0","0","0","0","0","0","0","0","0","0","0","0","0","0","0","0","0","0","0","0","0","0","0","0","0","0","0","0","0","0","0","0","0","0","0","0","0","0","0","0","0","0","0","0","0","0","0","0","0","0","0","0","0","0","0","0","0","0","0","0","0","0","0","0","0","0","0","0","0","0","0","0","0","0"
"s25","voters","UNI0126","19","9","5","0","0","1","1","0","0","0","3","10","9","3","0","0","0","0","0","0","0","0","0","0","0","0","0","0","0","0","0","0","0","0","0","0","0","0","0","0","0","0","0","0","0","0","2","0","1","1","0","1","0","0","2","1","0","1","0","0","0","1","0","0","0","2","0","0","0","1","1","0","0","0","0","0","0","1","0","0","0","0","1","0","0","1","0","0","0","0","0","0","1","0","0","0","0","1","0","0","0","9","0","0","0","0","0","0","0","0","3","1","1","0","0","0","0","0","0","3","0","0","0","0","0","0","0","0","2","0","0","0","0","0","0","0","0"
"s25","voters","UNI0127","12","2","3","0","0","3","1","0","0","0","3","5","7","0","2","1","0","0","0","0","0","0","0","0","0","1","0","0","0","0","0","0","0","0","0","0","0","0","0","0","0","0","0","0","0","0","0","0","0","0","0","0","0","0","1","1","0","0","0","0","0","1","0","0","0","0","0","0","2","0","0","0","0","0","0","1","0","0","0","0","0","0","2","0","0","0","0","0","1","1","0","1","0","0","0","0","0","0","1","0","0","2","0","0","0","0","0","0","0","0","3","0","0","0","0","0","0","0","0","2","1","0","0","0","0","0","0","0","1","0","3","0","0","0","0","0","0"
"s25","voters","UNI0128","32","11","10","2","0","0","2","0","0","0","7","18","14","2","3","2","0","0","0","0","0","0","2","0","0","0","0","0","0","1","0","1","0","0","0","0","0","0","0","0","0","0","0","1","0","0","0","1","0","1","2","0","0","0","2","3","0","2","0","0","0","1","1","2","2","0","0","0","0","1","1","2","0","0","0","2","2","0","1","0","0","0","1","1","0","0","0","0","1","0","0","2","0","0","0","0","1","0","0","0","0","10","1","0","0","0","0","0","0","0","9","1","0","0","0","0","0","0","0","6","1","0","0","0","0","0","0","0","4","0","0","0","0","0","0","0","0"
"s25","voters","UNI0130","7","0","4","3","0","0","0","0","0","0","0","3","4","0","0","0","0","0","0","0","1","0","0","0","0","0","0","0","0","0","0","0","0","0","0","0","0","0","0","0","0","0","0","0","0","0","0","0","0","0","0","0","0","0","0","0","0","0","0","0","0","0","0","0","0","2","0","0","0","0","0","0","2","0","0","0","0","0","0","0","0","0","0","0","0","0","0","0","0","0","0","0","1","0","0","0","0","0","0","2","0","0","0","0","0","0","0","0","0","0","1","2","1","0","0","0","0","0","0","0","0","0","0","0","0","0","0","0","3","0","0","0","0","0","0","0","0"
"s25","voters","UNI0132","2","1","0","0","0","0","0","0","0","0","1","1","1","0","0","0","0","0","0","0","0","0","0","0","0","0","0","0","0","0","0","0","0","0","0","0","0","0","0","0","0","0","0","0","0","0","0","0","0","0","0","0","0","0","0","0","0","0","1","0","0","0","0","0","0","0","0","0","0","0","0","0","0","0","0","0","0","0","0","1","0","0","0","0","0","0","0","0","0","0","0","0","0","0","0","0","0","0","0","0","0","0","0","0","0","0","0","1","0","0","0","0","0","0","0","0","0","0","0","1","0","0","0","0","0","0","0","0","0","0","0","0","0","0","0","0","0"
"s25","voters","UNI0136","366","87","210","23","1","4","4","0","0","0","37","194","172","12","16","6","3","4","7","2","3","0","0","0","0","0","0","0","0","0","1","0","0","0","0","0","0","0","1","0","0","1","2","0","0","0","1","2","3","4","13","25","0","1","2","2","6","6","22","0","8","5","14","10","23","51","0","3","11","8","15","20","42","0","2","2","2","1","6","6","0","1","0","7","4","1","5","0","0","0","2","2","3","9","0","0","1","3","3","2","7","37","20","11","5","1","0","2","0","11","115","32","26","11","8","0","1","1","16","14","6","6","1","4","1","2","1","2","19","6","2","3","0","1","1","0","0"
"s25","voters","UNI0141","2086","542","1116","143","6","13","22","0","1","0","243","976","1110","119","168","47","41","10","48","7","7","11","3","1","1","0","0","1","0","5","1","1","0","1","0","0","0","1","0","0","0","3","8","3","1","1","12","17","16","21","37","99","1","25","26","42","44","56","145","5","26","26","60","103","104","221","6","22","28","77","92","132","214","3","12","9","28","22","22","39","1","7","12","18","20","17","33","1","6","5","15","13","18","35","1","9","9","8","22","15","28","314","96","70","14","10","2","1","2","33","647","173","128","45","31","5","11","5","71","143","39","26","8","10","0","5","2","10","130","33","11","2","4","1","1","0","3"
"s25","voters","UNI0145","37","9","19","2","1","0","0","0","0","0","6","17","20","4","9","5","1","0","0","0","0","0","0","0","0","0","0","0","0","0","0","0","0","0","0","0","0","0","0","0","0","0","0","0","0","0","1","1","0","1","1","0","0","1","1","0","1","0","2","0","0","0","3","2","1","4","0","0","1","1","3","0","4","0","0","1","0","0","0","0","0","0","3","0","0","2","0","0","0","0","1","0","0","1","0","0","0","0","0","0","1","4","2","1","0","0","0","1","0","1","11","3","3","1","0","0","0","0","1","3","0","3","0","0","0","0","0","0","2","0","0","0","0","0","0","0","1"
"s25","voters","UNI0147","125","44","51","7","1","0","0","0","0","0","22","51","74","27","15","8","2","0","0","1","0","0","0","0","0","0","0","0","0","1","0","0","0","0","0","0","0","0","0","0","0","0","1","1","0","0","0","1","1","3","1","7","0","3","6","4","1","6","11","0","1","1","0","5","9","8","0","2","2","5","3","6","9","0","0","1","2","1","0","5","0","1","2","3","2","2","3","0","2","1","0","0","1","1","0","1","1","0","0","1","0","21","11","5","3","1","1","0","0","2","30","8","6","0","2","0","0","1","4","10","6","4","1","0","0","0","0","1","3","2","1","0","1","0","0","0","1"
"s25","voters","UNI0149","0","0","0","0","0","0","0","0","0","0","0","0","0","0","0","0","0","0","0","0","0","0","0","0","0","0","0","0","0","0","0","0","0","0","0","0","0","0","0","0","0","0","0","0","0","0","0","0","0","0","0","0","0","0","0","0","0","0","0","0","0","0","0","0","0","0","0","0","0","0","0","0","0","0","0","0","0","0","0","0","0","0","0","0","0","0","0","0","0","0","0","0","0","0","0","0","0","0","0","0","0","0","0","0","0","0","0","0","0","0","0","0","0","0","0","0","0","0","0","0","0","0","0","0","0","0","0","0","0","0","0","0","0","0","0","0","0"
"s25","voters","UNI0152","12","5","6","1","0","0","0","0","0","0","0","5","7","4","0","0","0","0","0","0","0","0","0","0","0","0","0","0","0","0","0","0","0","0","0","0","0","0","0","0","0","0","0","0","0","0","0","0","1","0","0","0","0","0","1","2","1","0","0","0","0","0","0","0","1","2","0","0","0","0","1","1","1","0","0","0","0","0","0","0","0","0","0","0","0","0","0","0","0","0","1","0","0","0","0","0","0","0","0","0","0","4","0","1","0","0","0","0","0","0","2","1","2","0","0","0","0","0","1","0","0","0","0","0","0","0","0","0","0","0","0","1","0","0","0","0","0"
"s25","voters","UNI0153","9","3","5","0","0","0","0","0","0","0","1","3","6","0","0","0","0","0","0","0","0","0","0","0","0","0","0","0","0","0","0","0","0","0","1","0","0","0","0","0","0","0","0","0","0","0","0","0","0","0","0","1","0","0","0","0","0","0","2","0","0","0","0","0","0","1","0","0","0","0","0","0","4","0","0","0","0","1","0","0","0","0","0","0","0","0","0","0","0","0","0","0","0","0","0","0","0","0","0","0","0","2","0","0","0","0","0","0","0","1","2","2","0","0","0","0","0","0","1","0","1","0","0","0","0","0","0","0","0","0","0","0","0","0","0","0","0"
"s25","voters","UNI0154","1","1","0","0","0","0","0","0","0","0","0","0","1","0","0","0","0","0","0","0","0","0","0","0","0","0","0","0","0","0","0","0","0","0","0","0","0","0","0","0","0","0","0","0","0","0","0","0","0","0","0","0","1","0","0","0","0","0","0","0","0","0","0","0","0","0","0","0","0","0","0","0","0","0","0","0","0","0","0","0","0","0","0","0","0","0","0","0","0","0","0","0","0","0","0","0","0","0","0","0","0","1","0","0","0","0","0","0","0","0","0","0","0","0","0","0","0","0","0","0","0","0","0","0","0","0","0","0","0","0","0","0","0","0","0","0","0"
"s25","voters","UNI0158","6","0","6","0","0","0","0","0","0","0","0","2","4","0","0","0","0","0","0","0","0","0","0","0","0","0","0","0","0","0","0","0","0","0","0","0","0","0","0","0","0","0","0","0","0","0","0","0","0","0","0","0","0","0","0","0","0","0","0","0","0","0","0","1","0","1","0","0","0","0","1","1","2","0","0","0","0","0","0","0","0","0","0","0","0","0","0","0","0","0","0","0","0","0","0","0","0","0","0","0","0","0","0","0","0","0","0","0","0","0","4","0","2","0","0","0","0","0","0","0","0","0","0","0","0","0","0","0","0","0","0","0","0","0","0","0","0"
"s25","voters","UNI0159","46","9","29","2","0","0","0","0","0","0","6","21","25","2","1","0","0","0","1","0","0","0","0","0","0","0","0","0","0","0","0","0","0","0","0","0","0","0","0","0","0","0","1","1","0","0","0","1","0","0","0","3","0","0","0","1","0","1","3","0","2","0","0","3","3","3","0","1","1","1","3","5","7","0","1","0","1","0","0","2","0","0","0","2","0","0","0","0","0","0","0","1","0","1","0","0","0","0","0","0","0","4","2","1","0","1","0","0","0","1","19","2","6","0","2","0","0","0","0","3","1","1","0","0","0","0","0","1","1","0","0","0","0","0","0","1","0"
"s25","voters","UNI0191","498","187","196","22","1","0","4","0","1","0","87","223","275","69","55","39","7","3","5","0","0","0","0","0","0","0","0","1","0","0","0","0","0","1","0","0","0","0","0","0","0","2","1","3","0","0","3","8","5","7","19","31","4","12","12","8","13","23","42","0","5","14","19","7","21","35","0","4","12","14","14","19","32","2","6","8","5","4","6","6","3","6","11","10","14","2","4","1","1","4","2","0","2","2","0","1","4","4","4","1","2","113","26","25","2","3","0","3","2","13","118","27","22","9","4","1","1","3","11","65","6","5","5","2","0","0","0","4","19","3","6","0","0","0","0","0","0"
"s25","voters","UNI0192","26","9","14","1","0","0","0","0","0","0","2","15","11","2","0","1","0","0","4","0","0","0","0","0","0","0","0","0","0","0","0","0","0","0","0","0","0","0","0","0","0","0","0","0","0","0","0","0","1","0","2","3","0","0","0","0","0","1","2","0","0","1","0","0","1","4","0","0","1","1","0","2","4","0","0","1","0","0","0","1","0","0","0","0","0","0","0","0","0","0","0","0","0","1","0","0","0","0","0","0","0","5","1","1","1","0","1","0","0","0","5","0","4","1","2","0","0","0","2","1","1","0","0","0","0","0","0","0","0","1","0","0","0","0","0","0","0"
"s25","voters","UNI0193","106","20","58","7","2","1","1","0","0","0","17","46","60","3","16","6","4","1","0","0","0","0","0","0","0","0","0","0","0","0","0","2","0","0","0","0","0","0","0","0","0","0","3","0","0","1","0","1","1","1","0","4","0","1","1","1","1","3","5","0","1","3","5","4","5","8","0","4","3","6","5","4","10","0","0","0","3","0","3","1","1","2","2","0","1","2","2","0","1","0","2","0","2","0","0","1","2","0","1","0","2","10","5","1","2","0","0","0","0","2","31","8","10","1","4","0","1","0","3","9","5","0","1","1","0","0","0","1","9","2","0","0","0","0","0","0","0"
"s25","voters","UNI0198","41","8","26","1","3","0","0","0","0","0","3","21","20","4","3","1","3","0","0","0","0","0","0","0","0","0","0","0","0","0","0","0","0","0","0","0","0","0","0","0","0","0","0","0","0","1","0","1","0","1","0","1","0","1","0","0","0","0","3","0","0","1","0","1","6","3","0","0","1","0","4","1","9","0","0","0","1","1","0","1","0","0","0","0","0","0","0","0","1","0","0","2","0","0","0","0","0","0","1","0","0","6","1","0","0","0","0","0","0","1","9","6","5","1","0","0","0","1","4","2","0","1","0","0","0","0","0","0","2","1","1","0","0","0","0","0","0"
"s25","voters","UNI0199","237","49","149","13","0","3","1","0","0","0","22","116","121","20","34","3","5","0","1","0","2","0","0","0","0","0","0","0","0","0","0","0","0","0","0","0","0","0","0","0","0","1","1","0","0","0","1","2","2","1","4","10","0","3","3","1","2","7","13","2","2","8","5","14","24","22","1","1","4","8","16","20","22","0","2","0","2","2","1","4","0","1","3","4","1","0","2","0","0","0","0","0","3","5","0","0","2","0","1","2","4","28","7","8","4","1","0","0","0","1","88","19","13","6","5","1","2","1","14","11","1","3","2","1","0","0","0","4","10","6","1","0","0","0","0","0","0"
"s25","voters","UNI0200","288","61","155","30","1","1","0","0","0","0","40","133","155","25","25","9","4","0","1","0","0","0","0","0","0","0","0","0","0","0","0","2","0","0","1","0","0","0","0","0","0","4","0","1","0","1","1","1","2","4","5","11","1","4","1","0","10","4","16","0","6","6","8","10","14","23","2","4","6","9","16","19","32","0","3","3","0","5","2","10","0","1","1","1","4","6","4","0","2","3","3","3","3","4","0","0","2","2","1","5","4","29","10","7","5","0","0","2","0","8","76","33","20","7","4","0","1","0","14","21","4","5","8","0","0","0","0","2","19","6","4","1","0","0","0","0","2"
"s25","voters","UNI0201","179","58","87","9","2","0","1","0","0","0","22","83","96","23","35","13","2","1","2","0","0","0","0","0","0","0","0","0","0","0","0","0","0","0","0","0","0","0","0","0","0","0","0","2","0","1","3","0","3","2","6","7","0","6","1","6","8","6","9","0","1","5","6","5","16","13","0","1","2","5","6","11","16","0","1","2","1","2","3","1","0","3","0","1","3","2","3","0","1","2","1","0","1","0","0","2","0","0","1","2","2","37","7","3","2","1","0","0","0","8","49","15","12","3","1","1","1","0","5","8","2","6","3","1","0","0","0","2","7","2","1","0","0","0","0","1","1"
"s25","voters","UNI0202","44","13","26","1","1","0","0","0","0","0","3","22","22","2","10","2","1","0","0","0","0","0","0","0","0","0","0","0","0","0","0","0","0","0","0","0","0","0","0","0","0","0","0","0","0","0","1","1","1","1","1","3","0","0","1","0","0","2","2","0","0","0","0","4","5","4","0","1","0","2","1","6","3","0","0","0","0","0","0","1","0","0","1","0","0","0","1","0","0","0","0","0","0","0","0","0","1","0","0","0","1","7","0","4","1","1","0","0","0","0","15","3","5","0","1","0","0","0","2","2","0","0","1","0","0","0","0","0","2","0","0","0","0","0","0","0","0"
"s25","voters","UNI0203","27","1","22","0","0","0","2","0","0","0","2","13","14","1","1","0","0","0","1","0","0","0","0","0","0","0","0","0","0","0","0","0","0","0","0","0","0","0","0","0","0","0","0","0","0","0","0","0","0","0","0","1","0","0","0","0","0","0","0","0","0","0","0","5","2","2","0","1","0","1","5","2","4","0","0","0","0","0","0","1","0","0","0","0","0","1","0","0","0","1","1","0","0","0","0","0","0","0","0","0","0","0","0","1","0","0","0","0","0","0","11","6","2","1","0","0","0","1","1","0","1","0","1","0","0","0","0","0","1","1","0","0","0","0","0","0","0"
"s25","voters","UNI0204","2","1","0","0","0","0","0","0","0","0","1","2","0","1","0","0","0","0","0","0","0","0","0","0","0","0","0","0","0","0","0","0","0","0","0","0","0","0","0","0","0","0","0","0","0","0","0","0","0","0","1","0","0","0","0","0","0","0","0","0","0","0","0","0","0","0","0","0","0","0","0","0","0","0","0","0","0","1","0","0","0","0","0","0","0","0","0","0","0","0","0","0","0","0","0","0","0","0","0","0","0","1","0","0","0","0","0","0","0","0","0","0","0","0","0","0","0","0","0","1","0","0","0","0","0","0","0","0","0","0","0","0","0","0","0","0","0"
"s25","voters","UNI0209","1","1","0","0","0","0","0","0","0","0","0","0","1","0","0","0","0","0","0","0","0","0","0","0","0","0","0","0","0","0","0","0","0","0","0","0","0","0","0","0","0","0","0","0","0","0","0","0","0","0","0","0","0","0","0","0","1","0","0","0","0","0","0","0","0","0","0","0","0","0","0","0","0","0","0","0","0","0","0","0","0","0","0","0","0","0","0","0","0","0","0","0","0","0","0","0","0","0","0","0","0","1","0","0","0","0","0","0","0","0","0","0","0","0","0","0","0","0","0","0","0","0","0","0","0","0","0","0","0","0","0","0","0","0","0","0","0"
"s25","voters","UNI0210","92","53","21","4","0","0","2","0","0","0","12","41","51","30","4","5","2","0","2","0","0","0","0","0","0","0","0","0","0","0","0","0","0","0","0","0","0","0","0","0","0","0","0","0","0","3","1","2","1","2","7","5","0","3","3","6","2","1","17","0","0","0","1","0","5","5","0","1","0","2","1","2","4","0","1","2","0","2","1","0","0","1","1","0","2","1","1","0","0","0","0","1","1","1","0","0","0","0","1","0","2","30","13","4","2","0","0","0","0","4","12","2","1","1","3","0","0","0","2","6","5","0","0","0","0","1","0","0","4","2","0","0","0","0","0","0","0"
"s25","voters","UNI0213","1","0","1","0","0","0","0","0","0","0","0","1","0","0","0","0","0","0","0","0","0","0","0","0","0","0","0","0","0","0","0","0","0","0","0","0","0","0","0","0","0","0","0","0","0","0","0","0","0","0","0","0","0","0","0","0","0","0","0","0","0","1","0","0","0","0","0","0","0","0","0","0","0","0","0","0","0","0","0","0","0","0","0","0","0","0","0","0","0","0","0","0","0","0","0","0","0","0","0","0","0","0","0","0","0","0","0","0","0","0","1","0","0","0","0","0","0","0","0","0","0","0","0","0","0","0","0","0","0","0","0","0","0","0","0","0","0"
"s25","voters","UNI0252","187","66","81","4","0","3","2","0","0","0","31","96","91","7","5","1","0","3","5","3","0","0","0","0","0","0","0","0","0","0","0","0","0","0","1","0","0","0","0","0","0","0","0","0","0","1","0","2","1","2","8","12","0","0","4","4","5","4","23","0","0","4","2","4","11","28","0","0","1","1","1","8","21","0","0","0","4","2","3","8","0","0","0","1","2","3","8","0","1","1","1","0","0","1","0","0","0","0","1","2","2","34","9","6","3","4","0","2","0","8","50","11","6","2","1","1","1","1","8","17","4","1","2","0","1","1","0","5","7","2","0","0","0","0","0","0","0"
"s25","voters","UNI0257","272","102","111","16","3","2","1","0","3","0","34","142","130","12","10","5","2","5","3","3","1","0","0","0","0","0","0","0","0","2","2","0","0","0","0","1","0","2","0","0","0","0","0","0","0","0","0","1","12","8","8","17","0","1","8","11","8","10","18","0","1","7","10","6","13","25","0","2","4","8","9","12","14","1","1","2","2","4","2","6","0","1","1","5","2","4","3","0","2","0","3","2","7","2","1","0","0","0","1","4","3","61","19","9","1","4","0","5","0","3","64","10","19","4","7","0","0","0","7","22","5","4","2","0","0","0","0","1","19","3","1","1","0","0","0","1","0"
"s25","voters","UNI0258","361","101","197","15","1","4","3","0","0","0","40","177","184","21","8","8","3","2","11","3","1","0","0","0","0","0","0","0","0","0","0","0","0","2","0","0","0","0","0","0","0","0","2","0","0","0","1","3","4","2","5","15","1","2","9","6","8","11","34","0","3","1","13","20","20","55","0","7","6","8","7","24","33","2","1","5","5","1","4","5","0","0","1","1","8","2","5","0","0","2","1","1","0","8","0","0","2","2","1","2","4","55","19","12","4","0","3","1","0","7","102","31","26","9","8","1","4","2","14","21","5","3","3","2","0","0","0","6","15","2","3","1","1","0","0","1","0"
"s25","voters","UNI0259","7","3","4","0","0","0","0","0","0","0","0","4","3","0","0","0","0","0","0","0","0","0","0","0","0","0","0","0","0","0","1","0","0","0","0","0","0","0","1","0","0","0","0","0","0","0","0","1","0","0","0","1","0","0","0","0","0","0","1","0","0","0","0","0","1","1","0","0","0","0","0","1","1","0","0","0","0","0","0","0","0","0","0","0","0","0","0","0","0","0","0","0","0","0","0","0","0","0","0","0","0","0","0","2","0","1","0","0","0","0","3","0","1","0","0","0","0","0","0","0","0","0","0","0","0","0","0","0","0","0","0","0","0","0","0","0","0"
"s25","voters","UNI0261","44","16","23","1","0","1","0","0","0","0","3","24","20","4","0","1","0","2","2","0","0","0","0","0","0","0","0","0","0","0","0","0","0","0","0","0","0","0","0","0","0","0","2","0","0","0","0","1","0","0","2","5","0","0","0","0","2","0","6","0","0","0","0","1","4","8","0","0","1","0","1","2","6","0","0","0","1","0","1","0","0","0","0","0","0","1","0","0","0","0","0","0","0","1","0","0","1","0","0","0","0","10","3","1","0","1","0","0","0","1","8","4","6","3","1","0","0","0","1","2","1","0","0","0","0","0","0","0","1","0","0","1","0","0","0","0","0"
"s25","voters","UNI0262","83","29","42","5","0","1","0","0","0","0","6","44","39","3","1","0","0","2","2","0","0","0","0","0","0","0","0","0","0","0","0","0","0","0","0","0","0","0","0","0","0","0","0","0","0","0","0","0","0","1","4","7","0","0","1","3","3","2","8","0","0","1","3","1","4","16","0","0","0","1","2","8","6","0","0","0","0","0","1","2","0","0","0","1","0","1","1","0","0","0","0","1","0","3","0","0","0","0","0","1","1","21","5","3","0","0","0","0","0","0","21","5","7","2","2","1","0","0","4","6","0","0","0","0","0","0","0","0","5","1","0","0","0","0","0","0","0"
"s25","voters","UNI0265","0","0","0","0","0","0","0","0","0","0","0","0","0","0","0","0","0","0","0","0","0","0","0","0","0","0","0","0","0","0","0","0","0","0","0","0","0","0","0","0","0","0","0","0","0","0","0","0","0","0","0","0","0","0","0","0","0","0","0","0","0","0","0","0","0","0","0","0","0","0","0","0","0","0","0","0","0","0","0","0","0","0","0","0","0","0","0","0","0","0","0","0","0","0","0","0","0","0","0","0","0","0","0","0","0","0","0","0","0","0","0","0","0","0","0","0","0","0","0","0","0","0","0","0","0","0","0","0","0","0","0","0","0","0","0","0","0"
"s25","voters","UNI0267","316","97","142","17","2","2","6","0","2","0","48","169","147","27","11","11","8","6","5","1","0","0","0","0","0","0","0","1","0","1","0","0","0","0","0","0","0","0","0","0","0","0","0","1","0","0","1","4","3","4","8","27","0","0","6","5","4","13","22","0","2","2","7","7","23","34","0","5","0","10","4","17","31","0","5","4","3","2","6","13","0","0","4","2","2","1","6","0","1","5","1","1","2","4","1","1","2","2","1","4","4","62","12","15","2","4","0","0","0","2","74","22","20","5","6","1","0","0","14","23","9","5","7","1","1","0","0","2","21","1","4","2","1","0","0","0","0"
"s25","voters","UNI0268","511","128","266","45","3","7","2","0","2","0","58","235","276","24","19","6","4","3","9","2","3","0","0","0","0","1","0","0","0","3","0","1","0","0","0","0","0","0","0","0","0","1","0","0","1","0","4","3","8","5","9","23","0","1","6","13","10","8","38","2","7","8","15","16","20","59","0","3","6","23","11","20","76","0","0","1","4","5","5","12","0","2","4","6","4","8","7","0","1","1","4","7","6","10","0","4","1","2","6","7","10","72","22","14","6","5","0","2","0","7","143","43","35","11","9","3","6","2","14","34","8","3","7","1","1","2","0","2","39","9","5","1","2","1","0","0","2"
"s25","voters","UNI0269","415","148","173","14","1","3","8","0","6","0","62","190","225","23","12","12","5","5","13","3","0","0","0","0","0","1","0","0","0","0","1","1","0","0","0","0","1","0","0","0","0","0","0","0","0","0","1","7","11","7","6","26","0","1","9","9","15","15","41","0","3","7","13","8","18","41","0","0","5","4","16","17","41","0","0","1","6","4","3","12","0","5","4","5","7","6","9","0","0","3","4","3","3","3","0","0","2","2","1","5","6","100","17","16","3","6","0","1","0","5","96","27","23","9","9","0","2","0","7","37","7","11","2","2","0","1","0","2","21","4","4","1","0","0","0","0","2"
"s25","voters","UNI0270","0","0","0","0","0","0","0","0","0","0","0","0","0","0","0","0","0","0","0","0","0","0","0","0","0","0","0","0","0","0","0","0","0","0","0","0","0","0","0","0","0","0","0","0","0","0","0","0","0","0","0","0","0","0","0","0","0","0","0","0","0","0","0","0","0","0","0","0","0","0","0","0","0","0","0","0","0","0","0","0","0","0","0","0","0","0","0","0","0","0","0","0","0","0","0","0","0","0","0","0","0","0","0","0","0","0","0","0","0","0","0","0","0","0","0","0","0","0","0","0","0","0","0","0","0","0","0","0","0","0","0","0","0","0","0","0","0"
"s25","voters","UNI0271","12","4","5","1","0","0","0","0","1","0","1","5","7","1","0","0","1","0","0","0","0","0","0","0","0","0","0","0","0","0","0","0","0","0","0","0","0","0","0","0","0","0","0","0","0","0","0","0","0","0","0","2","0","1","0","0","0","1","0","0","0","0","0","0","1","1","0","0","0","0","0","2","1","0","0","0","0","0","0","0","0","0","1","0","0","0","0","0","0","0","0","1","0","0","0","0","0","0","0","0","1","2","1","0","0","0","0","0","0","1","4","1","0","0","0","0","0","0","0","1","0","0","0","0","0","0","0","0","1","0","1","0","0","0","0","0","0"
"s25","voters","UNI0272","901","259","464","42","3","4","10","0","1","0","118","435","466","39","31","15","4","12","25","1","4","0","0","0","0","0","2","1","0","1","1","0","0","1","0","0","0","0","0","1","0","1","4","2","0","0","7","9","13","11","18","56","0","10","13","10","14","29","69","0","10","20","20","40","46","99","3","4","14","22","31","60","95","0","4","5","10","7","15","13","0","5","9","6","10","15","19","0","1","1","5","5","6","14","0","1","1","1","5","6","14","145","41","27","11","14","1","0","2","18","237","75","61","17","18","0","3","4","49","71","14","12","6","6","1","1","0","7","38","7","6","3","0","3","0","1","2"
"s25","voters","UNI0274","0","0","0","0","0","0","0","0","0","0","0","0","0","0","0","0","0","0","0","0","0","0","0","0","0","0","0","0","0","0","0","0","0","0","0","0","0","0","0","0","0","0","0","0","0","0","0","0","0","0","0","0","0","0","0","0","0","0","0","0","0","0","0","0","0","0","0","0","0","0","0","0","0","0","0","0","0","0","0","0","0","0","0","0","0","0","0","0","0","0","0","0","0","0","0","0","0","0","0","0","0","0","0","0","0","0","0","0","0","0","0","0","0","0","0","0","0","0","0","0","0","0","0","0","0","0","0","0","0","0","0","0","0","0","0","0","0"
"s25","voters","UNI0279","619","168","318","34","0","5","9","0","2","0","83","300","319","21","34","5","5","5","12","2","3","0","0","1","0","3","2","0","0","0","0","1","0","0","0","0","0","0","0","0","0","0","4","1","0","1","3","6","7","8","13","33","1","9","8","8","15","10","46","1","4","4","18","23","39","58","3","2","12","27","20","30","77","1","4","11","4","9","5","20","0","2","1","6","5","7","8","0","1","1","2","3","10","11","0","3","1","4","2","4","8","98","27","20","9","4","1","2","0","7","177","34","44","19","6","2","4","1","31","53","10","4","7","2","0","1","1","5","24","16","6","0","1","0","0","0","3"
"s25","voters","UNI0280","51","17","25","4","0","0","0","0","0","0","5","24","27","3","2","0","1","0","1","0","0","0","0","0","0","0","0","0","0","0","0","0","0","1","1","0","0","0","0","0","0","0","0","0","0","0","0","1","0","0","2","4","0","0","1","2","0","0","7","0","0","1","0","0","4","7","0","0","3","0","0","6","4","0","0","0","0","0","0","2","0","0","0","0","0","0","3","0","0","0","0","0","1","2","0","0","0","0","1","0","0","10","2","1","1","0","0","1","0","2","11","1","7","1","0","1","0","0","4","2","2","1","0","0","0","0","0","0","3","0","1","0","0","0","0","0","0"
"s25","voters","UNI0284","134","37","68","6","0","2","2","0","0","0","19","65","69","6","6","1","2","2","2","1","0","0","0","0","0","0","1","0","0","0","0","0","0","0","0","0","0","0","0","0","0","0","0","0","0","0","0","1","0","1","0","9","0","1","1","2","3","7","12","0","0","3","7","4","7","17","0","1","2","4","6","9","8","0","0","1","1","3","3","2","0","1","0","3","1","2","2","0","1","1","2","0","0","2","0","2","1","0","0","1","0","22","6","5","0","0","0","0","0","4","31","14","6","1","1","0","1","0","14","12","2","2","2","0","0","0","0","1","6","3","0","0","1","0","0","0","0"
"s25","voters","UNI0285","58","15","33","3","0","0","0","0","0","0","7","29","29","0","3","0","0","1","0","0","0","0","0","0","0","0","0","0","0","0","0","0","0","0","0","0","0","0","0","0","0","0","0","0","0","0","0","0","0","1","0","3","0","0","1","3","0","1","6","0","1","1","1","0","6","11","0","1","1","0","0","3","8","0","0","0","1","1","0","3","0","0","0","0","0","0","2","0","0","0","0","0","0","0","0","0","1","1","0","1","0","7","3","3","2","0","0","0","0","0","23","5","1","0","1","0","0","0","3","4","1","1","0","0","1","0","0","0","2","0","1","0","0","0","0","0","0"
"s25","voters","UNI0286","312","110","122","22","1","3","3","0","2","0","49","155","157","16","11","4","4","9","2","1","1","0","0","0","0","0","0","0","0","0","0","0","0","0","0","0","0","0","0","0","0","0","0","0","0","0","0","7","4","5","9","23","0","3","4","5","6","11","33","1","2","4","2","8","11","34","0","2","3","8","5","10","32","0","0","4","4","4","5","12","0","1","4","2","4","2","7","0","0","2","3","2","1","8","0","0","0","3","3","4","5","61","15","13","6","7","0","1","1","6","72","25","11","1","2","2","1","0","8","27","8","9","1","1","0","1","1","1","19","5","3","1","2","0","0","0","1"
"s25","voters","UNI0287","217","44","125","8","0","0","4","0","1","0","35","110","107","10","7","2","0","2","5","1","1","0","0","0","0","0","0","0","0","0","0","0","0","0","0","0","0","0","0","0","0","0","0","0","0","0","1","4","2","0","4","8","0","0","4","1","1","7","12","0","3","4","7","9","10","36","0","1","6","6","6","9","28","0","0","0","4","3","3","5","0","1","2","1","3","2","11","0","0","1","0","2","2","2","0","0","2","0","0","0","4","29","7","2","1","1","0","1","1","2","63","22","17","6","5","0","1","0","11","15","5","5","4","1","2","0","1","2","6","2","1","2","2","0","0","0","0"
"s25","voters","UNI0288","141","24","93","8","0","2","1","0","0","0","13","66","75","3","7","1","2","2","1","1","1","0","0","0","0","0","2","0","0","0","0","1","0","0","0","0","0","0","0","0","0","0","2","0","0","0","0","0","1","0","1","2","0","1","0","0","2","7","10","0","0","4","3","4","11","28","0","0","3","3","3","8","26","0","0","0","1","0","2","3","0","0","0","1","5","1","0","0","0","0","1","0","1","4","0","0","1","0","1","2","1","14","5","1","1","1","0","0","0","2","48","22","6","6","2","0","1","1","7","6","2","4","0","0","0","0","1","0","7","3","0","1","0","0","0","0","0"
"s25","voters","UNI0289","55","21","24","5","0","0","1","0","0","0","4","27","28","2","2","1","1","1","4","0","0","0","0","0","0","0","0","0","0","0","0","0","0","0","0","0","0","0","0","0","0","0","0","0","0","0","1","1","0","1","2","6","0","0","1","0","1","3","5","0","1","0","0","0","2","7","0","0","0","1","0","5","8","0","0","1","1","0","0","1","0","0","0","0","1","0","0","0","0","0","0","1","1","1","0","0","0","0","0","2","1","11","7","1","1","1","0","0","0","0","9","8","5","0","1","0","1","0","0","1","0","1","0","2","0","0","0","0","6","0","0","0","0","0","0","0","0"
"s25","voters","UNI0290","109","19","74","3","0","0","2","0","1","0","10","51","58","4","6","0","0","2","1","0","0","0","0","0","0","0","0","0","0","0","0","0","0","0","0","0","0","0","0","0","0","0","0","0","0","0","0","0","0","1","2","6","0","0","1","2","2","0","5","0","0","5","2","7","4","14","0","6","4","3","7","12","10","0","1","0","1","2","0","2","0","0","1","0","0","2","1","0","0","0","2","1","0","1","0","0","1","0","1","0","0","10","3","4","0","0","0","1","0","1","35","18","10","1","7","0","0","0","3","6","1","0","1","0","0","0","0","2","6","0","0","0","0","0","0","0","0"
"s25","voters","UNI0297","0","0","0","0","0","0","0","0","0","0","0","0","0","0","0","0","0","0","0","0","0","0","0","0","0","0","0","0","0","0","0","0","0","0","0","0","0","0","0","0","0","0","0","0","0","0","0","0","0","0","0","0","0","0","0","0","0","0","0","0","0","0","0","0","0","0","0","0","0","0","0","0","0","0","0","0","0","0","0","0","0","0","0","0","0","0","0","0","0","0","0","0","0","0","0","0","0","0","0","0","0","0","0","0","0","0","0","0","0","0","0","0","0","0","0","0","0","0","0","0","0","0","0","0","0","0","0","0","0","0","0","0","0","0","0","0","0"
"s25","voters","UNI0300","21","9","9","1","1","0","0","0","0","0","1","8","13","4","0","0","0","0","0","0","0","0","0","0","0","0","0","0","0","0","0","0","0","0","0","0","0","0","0","0","0","0","0","0","0","0","0","0","0","1","0","1","0","0","1","1","1","0","4","0","0","0","0","0","1","3","0","0","0","0","0","1","4","0","0","0","0","0","0","1","0","0","0","0","0","0","0","0","0","0","0","0","0","1","0","0","0","0","0","1","0","4","2","1","0","0","0","0","0","2","5","0","2","0","0","1","0","0","1","0","0","1","0","0","0","0","0","0","1","1","0","0","0","0","0","0","0"
"s25","voters","UNI0304","3","0","3","0","0","0","0","0","0","0","0","2","1","0","0","0","0","0","0","0","0","0","0","0","0","0","0","0","0","0","0","0","0","0","0","0","0","0","0","0","0","0","0","0","0","0","0","0","0","0","0","0","0","0","0","0","0","0","0","0","0","0","1","0","0","1","0","0","0","0","0","0","1","0","0","0","0","0","0","0","0","0","0","0","0","0","0","0","0","0","0","0","0","0","0","0","0","0","0","0","0","0","0","0","0","0","0","0","0","0","3","0","0","0","0","0","0","0","0","0","0","0","0","0","0","0","0","0","0","0","0","0","0","0","0","0","0"
"s25","voters","UNI0306","1504","322","842","103","6","14","31","0","7","0","179","737","767","100","84","44","21","7","31","2","6","3","7","0","0","1","4","0","0","0","1","0","0","0","1","0","0","1","0","0","0","5","2","1","0","1","4","7","5","12","25","73","2","13","18","23","16","47","76","1","16","29","49","55","99","185","2","14","24","44","53","106","165","0","6","8","14","12","19","31","2","12","12","10","11","17","25","2","6","8","10","13","21","26","1","5","6","9","14","18","22","179","56","42","8","9","2","3","2","21","459","122","105","35","26","11","14","9","61","110","17","19","11","6","1","0","1","14","86","30","18","8","4","2","2","2","9"
"s25","voters","UNI0307","82","12","54","3","0","0","0","0","0","0","13","46","36","3","3","1","0","0","2","0","0","0","0","0","0","1","0","0","0","0","0","0","0","0","0","0","0","0","0","0","0","0","0","1","0","0","0","0","2","0","1","2","0","0","0","1","2","2","2","0","0","3","3","2","6","16","0","0","2","1","3","6","12","0","0","1","1","1","4","3","0","0","1","1","0","1","0","0","0","0","0","0","0","1","0","0","0","0","0","1","1","10","1","1","0","0","0","0","0","0","23","5","7","5","3","0","4","0","7","10","1","1","0","0","0","0","0","1","2","1","0","0","0","0","0","0","0"
"s25","voters","UNI0314","45","21","5","2","0","3","1","0","0","0","13","26","19","1","1","1","0","3","0","0","0","0","0","0","0","0","0","0","0","0","0","0","0","0","0","0","0","0","0","0","0","0","0","0","0","0","0","0","1","0","3","9","0","0","0","2","2","1","3","0","0","0","0","1","0","1","0","0","0","0","0","2","1","0","0","0","0","2","1","6","0","0","0","0","1","1","2","0","0","0","0","0","1","1","0","0","0","0","1","2","1","10","9","2","0","0","0","0","0","0","3","0","1","0","0","0","0","1","0","6","2","0","2","1","0","0","0","2","2","1","1","2","0","0","0","0","0"
"s25","voters","UNI0350","31","8","17","1","0","0","1","0","0","0","4","16","15","2","0","0","0","1","0","1","0","0","0","0","0","0","0","0","0","0","0","0","0","0","0","0","0","0","0","0","0","0","0","0","0","0","0","0","0","0","0","5","0","0","0","0","0","1","2","0","0","0","0","2","1","5","0","0","0","0","1","2","6","0","0","0","0","1","0","1","0","0","0","1","0","0","1","0","0","0","0","0","0","1","0","0","1","0","0","0","0","1","3","3","1","0","0","0","0","0","11","3","1","0","0","0","0","0","2","3","0","1","0","0","0","0","0","0","1","1","0","0","0","0","0","0","0"
"s25","voters","UNI0351","188","74","62","13","1","0","2","0","3","0","33","103","85","6","2","4","1","4","0","1","0","0","0","0","0","0","0","0","0","0","3","0","0","0","0","0","0","0","0","0","0","0","1","0","0","0","0","3","3","6","10","17","0","0","0","6","4","11","14","0","1","3","3","5","2","20","0","0","0","2","2","5","19","0","1","1","2","3","2","10","0","0","1","2","2","3","6","0","0","2","2","2","2","3","0","1","0","0","1","1","5","46","9","12","2","0","0","0","0","5","28","8","6","3","6","0","1","1","9","22","3","0","3","1","1","0","0","3","11","5","2","1","0","0","0","0","0"
"s25","voters","UNI0352","6","2","1","2","0","0","0","0","0","0","1","2","4","0","0","0","0","0","0","0","0","0","0","0","0","0","0","0","0","0","0","0","0","0","0","0","0","0","0","0","0","0","0","0","0","0","0","0","0","0","0","0","0","0","1","0","0","0","1","0","0","0","0","0","0","0","0","0","0","0","0","1","0","0","0","0","0","0","0","0","0","0","0","0","0","0","1","0","1","0","0","0","1","0","0","0","0","0","0","0","0","2","0","0","0","0","0","0","0","0","1","0","0","0","0","0","0","0","0","1","0","0","0","0","0","0","0","0","1","1","0","0","0","0","0","0","0"
"s25","voters","UNI0354","98","41","30","5","0","1","1","0","0","0","20","52","46","3","3","0","1","2","3","1","0","0","0","0","0","0","0","0","0","0","0","0","0","1","0","0","0","0","0","0","0","0","0","0","0","0","0","2","2","3","4","10","0","0","1","4","0","2","13","0","2","0","1","1","0","11","0","0","1","1","4","1","8","0","0","2","2","1","1","7","0","0","2","1","0","2","2","0","0","0","1","1","0","1","0","0","0","0","1","1","2","23","7","4","2","3","0","0","0","2","20","5","2","1","2","0","0","0","0","13","2","3","0","1","0","0","0","1","3","1","1","1","1","0","0","0","0"
"s25","voters","UNI0355","1","1","0","0","0","0","0","0","0","0","0","0","1","1","0","0","0","0","0","0","0","0","0","0","0","0","0","0","0","0","0","0","0","0","0","0","0","0","0","0","0","0","0","0","0","0","0","0","0","0","0","0","0","0","0","0","0","1","0","0","0","0","0","0","0","0","0","0","0","0","0","0","0","0","0","0","0","0","0","0","0","0","0","0","0","0","0","0","0","0","0","0","0","0","0","0","0","0","0","0","0","1","0","0","0","0","0","0","0","0","0","0","0","0","0","0","0","0","0","0","0","0","0","0","0","0","0","0","0","0","0","0","0","0","0","0","0"
"s25","voters","UNI0356","330","126","113","24","0","3","4","0","2","0","58","165","165","11","6","3","2","3","6","3","5","0","0","0","0","0","0","0","0","1","1","1","0","0","0","0","0","0","0","0","0","0","1","2","0","0","0","4","5","12","8","27","0","1","4","7","12","14","32","1","0","4","3","7","16","30","0","1","3","6","2","13","27","0","2","3","2","5","5","15","0","0","1","5","5","8","7","0","3","1","1","2","1","8","0","2","0","1","2","5","7","72","16","21","4","2","0","1","1","9","58","20","10","8","6","2","0","0","9","34","7","6","3","0","0","2","0","6","19","5","6","2","1","0","0","0","0"
"s25","voters","UNI0358","34","9","14","5","0","1","0","0","1","0","4","20","14","0","2","0","0","1","0","0","0","0","0","0","0","0","0","0","0","0","1","0","0","0","0","0","0","0","0","0","0","0","2","0","0","0","1","0","1","0","0","2","0","0","0","0","1","2","2","0","0","0","3","2","2","1","0","0","0","2","1","0","3","0","0","3","1","0","0","0","0","0","0","0","0","0","0","0","0","0","2","1","1","0","0","0","1","0","0","1","1","4","1","1","0","1","0","0","0","2","7","4","1","1","0","0","0","0","1","4","0","0","0","0","0","0","0","0","5","1","0","0","0","0","0","0","1"
"s25","voters","UNI0360","87","29","36","7","1","0","0","0","1","0","13","45","42","1","3","0","3","3","0","0","0","0","0","0","0","0","0","0","0","0","0","0","0","0","0","0","0","0","0","0","0","0","0","0","0","0","0","1","1","4","2","7","1","0","2","1","3","4","3","0","0","0","4","1","5","9","0","1","0","2","1","2","11","0","0","0","1","1","2","3","0","0","0","3","1","1","1","0","0","0","0","0","1","3","0","0","0","1","1","1","2","16","5","2","2","0","0","0","0","4","21","9","3","0","0","0","1","0","2","5","3","3","0","0","0","2","0","0","5","1","1","0","1","0","0","1","0"
"s25","voters","UNI0362","6","5","0","1","0","0","0","0","0","0","0","2","4","0","0","0","0","0","0","0","0","0","0","0","0","0","0","0","0","0","0","0","0","0","0","0","0","0","0","0","0","0","0","0","0","0","0","0","0","0","1","1","0","0","0","0","0","0","3","0","0","0","0","0","0","0","0","0","0","0","0","0","0","0","0","0","0","0","0","0","0","0","0","0","0","0","0","0","0","0","0","0","0","0","0","0","1","0","0","0","0","1","1","1","0","0","0","0","2","0","0","0","0","0","0","0","0","0","0","0","0","0","0","0","0","0","0","0","1","0","0","0","0","0","0","0","0"
"s25","voters","UNI0363","2","2","0","0","0","0","0","0","0","0","0","1","1","0","0","0","0","0","0","0","0","0","0","0","0","0","0","0","0","0","0","0","0","0","0","0","0","0","0","0","0","0","0","0","0","0","0","0","1","0","0","0","0","0","0","0","1","0","0","0","0","0","0","0","0","0","0","0","0","0","0","0","0","0","0","0","0","0","0","0","0","0","0","0","0","0","0","0","0","0","0","0","0","0","0","0","0","0","0","0","0","2","0","0","0","0","0","0","0","0","0","0","0","0","0","0","0","0","0","0","0","0","0","0","0","0","0","0","0","0","0","0","0","0","0","0","0"
"s25","voters","UNI0365","2","0","2","0","0","0","0","0","0","0","0","1","1","0","0","0","0","0","0","0","0","0","0","0","0","0","0","0","0","0","0","0","0","0","0","0","0","0","0","0","0","0","0","0","0","0","0","0","0","0","0","0","0","0","0","0","0","0","0","0","0","0","0","0","0","1","0","0","0","0","0","0","1","0","0","0","0","0","0","0","0","0","0","0","0","0","0","0","0","0","0","0","0","0","0","0","0","0","0","0","0","0","0","0","0","0","0","0","0","0","2","0","0","0","0","0","0","0","0","0","0","0","0","0","0","0","0","0","0","0","0","0","0","0","0","0","0"
"s25","voters","UNI0366","562","186","235","37","3","6","13","0","6","0","76","266","296","26","18","10","10","8","4","1","0","0","0","0","0","0","0","0","0","1","1","0","0","0","0","0","0","0","0","0","0","0","1","1","0","0","0","3","12","11","7","40","1","1","7","19","12","16","57","0","1","9","5","10","34","57","0","2","4","5","14","37","57","1","1","3","8","8","7","12","1","1","3","5","7","7","12","0","4","4","9","2","6","12","1","0","5","7","3","6","6","101","27","29","8","5","1","3","1","11","128","29","36","8","11","1","3","3","16","38","8","16","2","2","4","1","0","5","38","13","9","1","1","0","1","0","2"
"s25","voters","UNI0367","234","94","74","13","1","4","2","0","2","0","44","118","116","6","5","2","3","3","3","4","1","0","0","0","0","1","0","0","0","2","0","0","0","1","0","0","0","0","0","0","0","0","1","0","1","0","1","0","5","5","11","23","0","1","2","4","11","13","18","0","1","1","3","5","13","17","0","0","2","2","3","12","15","1","4","0","2","3","4","8","0","4","2","1","6","1","8","0","0","0","3","1","2","5","0","0","0","0","1","4","6","45","19","7","3","6","2","1","2","9","43","8","8","3","5","0","0","0","7","25","9","7","2","0","0","0","0","1","15","3","2","0","0","0","0","1","1"
"s25","voters","UNI0368","134","60","40","5","0","1","2","0","0","0","26","65","69","9","4","3","2","1","0","2","0","0","0","0","0","2","0","0","0","1","0","0","0","0","0","0","0","0","0","0","0","1","0","0","0","0","0","0","4","4","7","10","0","0","1","7","5","6","16","0","0","0","2","0","8","9","0","1","1","0","1","4","14","0","0","2","3","2","4","5","0","1","0","3","2","1","3","0","0","1","1","0","1","2","0","0","1","0","0","0","2","34","14","6","4","0","0","0","0","2","15","9","5","1","5","0","3","1","1","13","5","5","1","1","1","0","0","0","4","2","2","0","0","0","0","0","0"
"s25","voters","UNI0369","17","8","7","2","0","0","0","0","0","0","0","7","10","0","0","0","0","0","0","0","0","0","0","0","0","0","0","0","0","0","0","0","0","0","0","0","0","0","0","0","0","0","0","0","0","0","0","0","0","1","2","1","0","0","0","1","0","0","3","0","0","0","0","1","0","1","0","1","0","0","1","1","2","0","0","0","0","0","0","0","0","0","0","0","0","0","0","0","0","0","0","0","0","1","0","0","0","0","0","1","0","5","1","1","0","0","0","0","1","0","4","0","2","0","1","0","0","0","0","0","0","0","0","0","0","0","0","0","2","0","0","0","0","0","0","0","0"
"s25","voters","UNI0372","10","5","0","0","0","0","0","0","0","0","5","6","4","1","0","0","0","0","0","0","0","0","0","0","0","0","0","0","0","0","0","0","0","0","0","1","0","0","0","0","0","0","0","0","0","0","0","0","1","2","0","0","0","0","0","1","1","0","0","0","0","0","0","0","0","0","0","0","0","0","0","0","0","0","0","0","0","1","0","2","0","0","0","0","0","0","2","0","0","0","0","0","0","0","0","0","0","0","0","0","0","3","0","1","1","0","0","0","0","0","0","0","0","0","0","0","0","0","0","3","0","1","0","0","0","0","0","1","0","0","0","0","0","0","0","0","0"
"s25","voters","UNI0373","66","24","25","2","0","1","1","0","0","0","13","39","27","3","4","0","0","4","0","0","0","0","0","0","0","0","0","0","0","0","0","0","0","0","0","0","0","0","0","0","0","0","1","0","0","0","0","0","1","2","0","9","0","1","0","2","3","2","4","0","0","0","0","0","7","9","0","1","0","0","0","4","4","0","1","0","1","2","1","3","0","1","0","0","2","1","1","0","0","0","1","0","0","2","0","0","0","0","0","0","1","12","5","5","0","1","0","0","0","1","14","2","3","1","1","0","1","0","3","6","2","2","3","0","0","0","0","0","0","2","1","0","1","0","0","0","0"
"s25","voters","UNI0376","8","4","2","0","0","0","0","0","0","0","2","4","4","0","0","0","0","0","0","0","0","0","0","0","0","0","0","0","0","0","0","0","0","0","0","0","0","0","0","0","0","0","0","0","0","0","0","0","0","0","0","3","0","0","0","0","0","0","1","0","0","0","0","0","0","1","0","0","0","0","0","1","0","0","0","0","0","0","0","0","0","0","0","0","0","1","1","0","0","0","0","0","0","0","0","0","0","0","0","0","0","1","0","2","0","0","0","0","0","1","1","1","0","0","0","0","0","0","0","0","0","1","0","1","0","0","0","0","0","0","0","0","0","0","0","0","0"
"s25","voters","UNI0377","23","7","11","0","1","0","0","0","0","0","4","14","9","0","0","1","0","0","1","0","1","0","0","0","0","0","0","0","0","0","0","0","0","0","0","0","0","0","0","0","0","0","0","0","0","0","0","0","3","0","1","1","0","0","0","1","0","0","1","0","0","0","0","0","2","4","0","0","0","0","0","3","2","0","0","0","0","0","1","1","0","0","0","0","0","2","0","0","0","0","0","0","0","1","0","0","0","0","0","0","0","4","1","1","0","1","0","0","0","0","6","1","2","1","1","0","0","0","0","3","0","0","1","0","0","0","0","0","1","0","0","0","0","0","0","0","0"
"s25","voters","UNI0379","176","62","71","10","1","1","2","0","3","0","26","84","92","3","3","1","1","1","3","0","1","0","0","0","0","2","0","0","0","1","0","0","1","0","0","0","0","2","0","0","0","0","1","0","0","0","0","3","8","5","2","7","1","1","5","6","4","7","13","0","2","0","5","4","11","13","0","1","1","3","2","11","18","0","1","2","1","6","2","1","0","0","2","4","3","2","2","0","0","1","0","1","3","6","0","0","0","1","2","2","1","33","11","6","2","4","0","0","0","6","38","11","9","2","3","0","1","0","7","16","3","3","1","1","1","0","0","1","14","1","1","1","0","0","0","0","0"
"s25","voters","UNI0381","1","1","0","0","0","0","0","0","0","0","0","0","1","0","0","0","0","0","0","0","0","0","0","0","0","0","0","0","0","0","0","0","0","0","0","0","0","0","0","0","0","0","0","0","0","0","0","0","0","0","0","0","0","0","0","0","0","0","1","0","0","0","0","0","0","0","0","0","0","0","0","0","0","0","0","0","0","0","0","0","0","0","0","0","0","0","0","0","0","0","0","0","0","0","0","0","0","0","0","0","0","1","0","0","0","0","0","0","0","0","0","0","0","0","0","0","0","0","0","0","0","0","0","0","0","0","0","0","0","0","0","0","0","0","0","0","0"
"s25","voters","UNI0383","1","0","1","0","0","0","0","0","0","0","0","0","1","0","0","0","0","0","0","0","0","0","0","0","0","0","0","0","0","0","0","0","0","0","0","0","0","0","0","0","0","0","0","0","0","0","0","0","0","0","0","0","0","0","0","0","0","0","0","0","0","0","0","0","0","0","0","0","0","0","0","0","1","0","0","0","0","0","0","0","0","0","0","0","0","0","0","0","0","0","0","0","0","0","0","0","0","0","0","0","0","0","0","0","0","0","0","0","0","0","1","0","0","0","0","0","0","0","0","0","0","0","0","0","0","0","0","0","0","0","0","0","0","0","0","0","0"
"s25","voters","UNI0385","143","46","65","13","0","4","0","0","0","0","15","73","70","3","1","1","0","1","0","1","0","0","0","0","0","0","0","1","0","0","0","0","0","0","0","0","0","0","0","0","0","0","1","0","0","0","0","1","1","4","3","11","0","0","2","2","3","6","13","0","0","2","2","2","6","27","0","1","1","4","1","8","11","0","0","1","0","2","2","4","0","1","0","1","1","1","2","0","0","0","1","0","1","3","0","0","2","3","0","2","5","25","6","6","2","3","1","0","0","3","34","8","9","2","2","0","0","0","10","6","5","0","1","1","1","0","0","1","6","9","1","1","0","0","0","0","0"
"s25","voters","UNI0386","37","15","13","3","0","0","0","0","0","0","6","19","18","0","0","0","1","1","0","0","0","0","0","0","0","0","0","0","0","0","0","0","0","0","0","0","0","1","0","0","0","0","0","0","0","0","0","1","0","1","3","2","0","0","3","0","1","1","3","0","0","0","0","0","0","7","0","0","0","0","0","0","6","0","0","0","0","0","1","3","0","0","0","0","0","0","2","0","0","0","0","1","0","0","0","0","0","0","1","0","1","8","3","3","0","0","0","0","0","1","4","4","3","0","0","0","0","2","0","1","0","1","0","3","0","0","0","1","3","0","0","0","0","0","0","0","0"
"s25","voters","UNI0387","262","98","107","13","2","6","2","0","1","0","33","133","129","15","8","1","3","14","5","1","0","0","0","0","1","0","0","0","0","0","0","1","0","1","1","0","0","0","0","0","0","0","0","0","0","0","1","2","9","7","8","22","0","1","5","10","6","5","22","0","2","0","8","6","9","26","1","3","3","6","7","14","22","0","1","1","1","14","1","5","0","1","0","1","4","1","3","0","1","2","1","3","1","2","0","0","1","1","2","7","3","60","17","13","1","1","0","2","2","2","67","13","14","2","2","0","1","3","5","21","4","1","0","2","1","0","0","4","13","4","4","0","1","0","0","1","1"
"s25","voters","UNI0388","3","1","2","0","0","0","0","0","0","0","0","2","1","0","0","0","0","0","0","0","0","0","0","0","0","0","0","0","0","0","0","0","0","0","0","0","0","0","0","0","0","0","0","0","0","0","0","0","0","0","0","0","0","0","0","0","0","1","0","0","0","0","0","0","1","1","0","0","0","0","0","0","0","0","0","0","0","0","0","0","0","0","0","0","0","0","0","0","0","0","0","0","0","0","0","0","0","0","0","0","0","1","0","0","0","0","0","0","0","0","0","0","0","0","1","0","0","0","1","0","0","0","0","0","0","0","0","0","0","0","0","0","0","0","0","0","0"
"s25","voters","UNI0390","17","6","6","1","0","0","0","0","0","0","4","9","8","0","0","0","0","1","0","0","0","0","0","0","0","0","0","0","0","0","0","0","0","0","0","0","0","0","0","0","0","0","0","0","0","0","0","0","1","0","0","1","0","0","1","0","0","2","1","0","0","1","0","0","1","1","0","0","0","0","0","1","2","0","0","0","0","1","1","1","0","0","0","0","0","1","0","0","0","0","0","0","1","0","0","0","0","0","0","0","0","3","1","1","0","1","0","0","0","0","4","1","0","0","0","0","0","0","1","1","1","1","0","1","0","0","0","0","0","0","0","0","1","0","0","0","0"
"s25","voters","UNI0392","34","22","4","2","0","1","0","0","0","0","5","18","16","4","0","0","1","2","0","0","0","0","0","0","0","0","0","0","0","0","0","0","0","0","0","0","0","0","0","0","0","0","0","0","0","0","0","0","3","1","1","5","0","0","1","1","4","2","4","0","0","0","1","0","0","2","0","0","0","0","0","1","0","0","0","0","1","0","0","2","0","0","0","1","0","0","1","0","0","0","0","0","1","1","0","0","0","1","0","0","0","14","3","4","1","0","0","0","0","0","2","1","1","0","0","0","0","0","0","3","1","0","0","1","0","0","0","0","3","0","0","0","0","0","0","0","0"
"s25","voters","UNI0393","1","0","1","0","0","0","0","0","0","0","0","0","1","0","0","0","0","0","0","0","0","0","0","0","0","0","0","0","0","0","0","0","0","0","0","0","0","0","0","0","0","0","0","0","0","0","0","0","0","0","0","0","0","0","0","0","0","0","0","0","0","0","0","0","0","0","0","0","0","0","0","0","1","0","0","0","0","0","0","0","0","0","0","0","0","0","0","0","0","0","0","0","0","0","0","0","0","0","0","0","0","0","0","0","0","0","0","0","0","0","0","1","0","0","0","0","0","0","0","0","0","0","0","0","0","0","0","0","0","0","0","0","0","0","0","0","0"
"s25","voters","UNI0394","15","3","8","1","0","0","0","0","0","0","3","5","10","0","0","0","0","0","0","0","0","0","0","0","0","0","0","0","0","0","0","0","0","0","0","0","0","0","0","0","0","0","0","0","0","0","0","0","0","0","1","0","0","0","0","2","0","0","0","0","0","0","0","0","1","2","0","0","0","0","1","1","3","0","1","0","0","0","0","0","0","0","0","0","0","1","1","0","0","0","0","0","0","0","0","0","0","0","0","0","1","2","1","0","0","0","0","0","0","0","5","1","0","1","0","0","0","0","1","2","0","1","0","0","0","0","0","0","0","1","0","0","0","0","0","0","0"
"s25","voters","UNI0395","4","3","0","0","0","0","0","0","0","0","1","1","3","0","0","0","0","0","0","0","0","0","0","0","0","0","0","0","0","0","0","0","0","0","0","0","0","0","0","0","0","0","0","0","0","0","0","0","0","0","0","0","0","0","0","0","0","0","3","0","0","0","0","0","0","0","0","0","0","0","0","0","0","0","0","0","0","0","1","0","0","0","0","0","0","0","0","0","0","0","0","0","0","0","0","0","0","0","0","0","0","1","0","1","0","0","1","0","0","0","0","0","0","0","0","0","0","0","0","1","0","0","0","0","0","0","0","0","0","0","0","0","0","0","0","0","0"
"s25","voters","UNI0397","64","30","28","3","0","0","0","0","0","0","3","28","36","1","0","0","1","3","0","0","0","0","0","0","0","0","0","0","0","0","0","0","0","0","0","0","0","0","0","0","0","0","0","0","0","0","0","1","1","3","3","6","1","0","0","1","1","4","9","0","1","0","0","3","1","7","0","0","0","0","3","3","10","0","0","0","0","0","0","0","0","0","1","0","1","0","1","0","0","0","0","0","1","1","0","0","0","0","1","0","0","18","3","3","1","3","0","0","0","2","17","3","3","1","1","0","0","0","3","3","0","0","0","0","0","0","0","0","2","1","0","0","0","0","0","0","0"
"s25","voters","UNI0399","294","82","146","14","0","0","7","0","0","0","45","156","138","11","16","9","2","3","4","2","1","0","0","0","0","0","0","0","0","0","0","0","0","0","0","0","0","0","0","0","1","2","0","0","0","0","2","5","4","10","4","14","0","3","7","4","5","7","17","0","5","5","16","15","20","23","0","2","6","11","14","8","21","1","2","3","4","2","5","2","2","3","3","4","7","2","5","0","0","1","5","3","2","3","0","0","2","1","2","0","2","46","7","15","3","2","0","0","2","7","82","28","19","7","2","2","0","0","6","28","5","3","2","2","0","2","0","3","16","1","3","0","1","0","0","0","0"
"s25","voters","UNI0401","2","0","2","0","0","0","0","0","0","0","0","1","1","0","0","0","0","0","0","0","0","0","0","0","0","0","0","0","0","0","0","0","0","0","0","0","0","0","0","0","0","0","0","0","0","0","0","0","0","0","0","0","0","0","0","0","0","0","0","0","0","0","0","0","0","1","0","0","0","0","0","1","0","0","0","0","0","0","0","0","0","0","0","0","0","0","0","0","0","0","0","0","0","0","0","0","0","0","0","0","0","0","0","0","0","0","0","0","0","0","1","1","0","0","0","0","0","0","0","0","0","0","0","0","0","0","0","0","0","0","0","0","0","0","0","0","0"
"s25","voters","UNI0402","45","18","12","6","0","0","1","0","0","0","8","26","19","2","0","1","0","1","0","0","0","0","0","0","0","0","0","0","0","0","0","0","0","1","0","0","0","0","0","0","0","0","0","0","0","0","0","1","3","0","0","5","0","0","1","1","2","1","4","0","1","0","0","0","3","4","0","0","0","2","0","0","2","0","0","1","0","1","3","0","0","0","0","2","0","1","0","0","0","0","0","1","1","2","0","0","0","0","0","0","3","11","0","5","0","0","0","0","0","2","6","3","1","0","1","0","0","0","1","5","2","1","0","0","0","0","0","0","2","1","1","0","0","1","0","0","2"
"s25","voters","UNI0403","10","2","8","0","0","0","0","0","0","0","0","7","3","0","1","0","0","0","0","0","0","0","0","0","0","0","0","0","0","0","0","0","0","0","1","0","0","0","0","0","0","0","0","0","0","0","0","0","0","0","0","1","0","0","0","0","0","1","0","0","0","1","2","0","2","1","0","0","0","1","0","0","1","0","0","0","0","0","0","0","0","0","0","0","0","0","0","0","0","0","0","0","0","0","0","0","0","0","0","0","0","2","0","0","0","0","0","0","0","0","3","0","3","0","2","0","0","0","0","0","0","0","0","0","0","0","0","0","0","0","0","0","0","0","0","0","0"
"s25","voters","UNI0405","326","95","154","24","1","2","3","0","1","0","46","147","179","13","18","11","3","7","10","2","3","0","0","0","0","2","0","0","0","1","0","0","0","1","0","0","0","0","0","0","0","0","0","0","0","1","0","2","5","1","7","15","2","1","3","6","11","6","35","1","2","3","12","13","14","28","0","3","4","11","18","21","24","0","2","3","8","3","1","12","0","3","1","1","5","3","4","0","1","2","1","3","3","4","0","3","3","0","1","4","6","62","10","6","1","7","2","0","0","7","70","35","22","2","6","1","5","3","10","22","6","4","5","0","0","0","1","8","26","1","1","2","0","0","0","1","0"
"s25","voters","UNI0406","22","14","5","0","0","0","0","0","0","0","3","11","11","0","1","0","0","0","0","0","0","0","0","0","0","0","0","0","0","0","0","0","0","0","0","0","0","0","0","0","0","0","0","0","0","0","0","0","0","0","4","2","0","0","1","1","0","2","4","0","0","0","0","0","2","1","0","0","0","0","1","0","1","0","0","0","1","1","0","0","0","0","0","1","0","0","0","0","0","0","0","0","0","0","0","0","0","0","0","0","0","9","3","0","1","1","0","0","0","0","3","1","0","0","0","0","0","0","1","2","0","0","1","0","0","0","0","0","0","0","0","0","0","0","0","0","0"
"s25","voters","UNI0407","63","26","22","7","0","0","1","0","0","0","7","30","33","0","2","2","0","1","3","0","0","0","0","0","0","0","0","0","0","0","0","0","0","0","0","0","0","0","0","0","0","0","0","0","0","0","0","0","4","3","0","7","0","0","0","5","1","1","5","0","0","0","0","1","4","3","0","1","0","0","3","4","6","0","1","1","0","1","0","0","0","0","0","1","0","1","2","0","0","0","0","1","1","3","0","0","0","0","2","0","1","13","7","1","2","1","0","0","0","2","11","2","3","1","4","0","0","0","1","4","1","2","0","0","0","0","0","0","4","2","0","0","0","0","0","0","2"
"s25","voters","UNI0409","3","1","1","0","0","0","0","0","0","0","1","3","0","0","0","0","0","0","0","0","0","0","0","0","0","0","0","0","0","0","0","0","0","0","0","0","0","0","0","0","0","0","0","0","0","0","0","0","0","0","1","0","0","0","0","0","0","0","0","0","0","0","0","1","0","0","0","0","0","0","0","0","0","0","0","0","0","0","0","1","0","0","0","0","0","0","0","0","0","0","0","0","0","0","0","0","0","0","0","0","0","0","0","1","0","0","0","0","0","0","0","1","0","0","0","0","0","0","0","1","0","0","0","0","0","0","0","0","0","0","0","0","0","0","0","0","0"
"s25","voters","UNI0432","9","3","5","0","0","0","0","0","0","0","1","4","5","0","0","0","0","1","0","1","0","0","0","0","0","0","0","0","0","0","0","0","0","0","0","0","0","0","0","0","0","0","0","0","0","0","0","0","0","0","0","1","0","0","1","0","0","0","1","0","0","0","0","0","0","2","0","0","0","0","0","0","3","0","0","0","0","0","0","1","0","0","0","0","0","0","0","0","0","0","0","0","0","0","0","0","0","0","0","0","0","0","1","0","0","0","0","0","0","2","0","1","0","1","0","0","0","0","3","1","0","0","0","0","0","0","0","0","0","0","0","0","0","0","0","0","0"
"s25","voters","UNI0433","9","1","7","0","0","0","0","0","0","0","1","5","4","0","1","0","0","0","2","0","0","0","0","0","0","0","0","0","0","0","0","0","0","0","0","0","0","0","0","0","0","0","0","0","0","0","0","0","0","0","0","1","0","0","0","0","0","0","0","0","0","1","0","0","1","1","0","0","1","0","0","0","3","0","0","0","0","0","0","1","0","0","0","0","0","0","0","0","0","0","0","0","0","0","0","0","0","0","0","0","0","0","0","0","0","0","0","0","0","1","2","2","1","0","0","0","0","0","2","0","0","1","0","0","0","0","0","0","0","0","0","0","0","0","0","0","0"
"s25","voters","UNI0438","31","10","15","0","0","0","0","0","0","0","6","20","11","1","0","0","0","0","0","0","0","0","0","0","0","0","0","0","0","0","0","0","0","0","0","0","0","0","0","0","0","0","0","0","0","0","0","0","0","0","2","2","0","0","3","0","1","1","1","0","1","0","2","1","1","6","0","0","0","0","1","2","1","0","0","1","1","1","1","1","0","0","0","1","0","0","0","0","0","0","0","0","0","0","0","0","0","0","0","0","0","9","1","0","0","0","0","0","0","0","8","2","1","1","0","0","0","1","2","6","0","0","0","0","0","0","0","0","0","0","0","0","0","0","0","0","0"
"s25","voters","UNI0440","53","11","28","5","0","0","0","0","0","0","9","20","33","3","0","1","0","1","0","0","0","0","0","0","0","0","0","0","0","0","0","0","0","0","0","0","0","0","0","0","0","0","0","0","0","0","0","0","0","1","1","2","0","1","0","0","0","3","3","0","0","0","0","2","3","6","0","0","0","1","3","4","9","0","0","0","0","0","2","1","0","3","0","1","0","0","2","0","0","0","0","2","0","0","0","0","0","0","1","2","0","8","0","2","0","0","0","0","0","1","15","2","8","1","0","0","0","0","2","4","1","3","0","0","1","0","0","0","2","1","1","0","1","0","0","0","0"
"s25","voters","UNI0441","43","14","21","3","0","1","0","0","0","0","4","23","20","0","2","1","1","0","1","0","0","0","0","0","0","0","0","0","0","0","0","0","0","0","0","0","0","0","0","0","0","0","0","0","0","0","0","0","0","0","3","5","0","0","0","0","1","4","1","0","0","0","1","1","3","7","0","0","0","0","0","4","5","0","0","0","0","0","0","1","0","0","0","0","0","1","2","0","0","1","0","0","0","1","0","0","1","0","1","0","0","9","2","2","0","0","0","1","0","0","10","2","0","1","3","0","0","0","5","1","1","0","2","0","0","0","0","0","3","0","1","0","0","0","0","0","0"
"s25","voters","UNI0442","0","0","0","0","0","0","0","0","0","0","0","0","0","0","0","0","0","0","0","0","0","0","0","0","0","0","0","0","0","0","0","0","0","0","0","0","0","0","0","0","0","0","0","0","0","0","0","0","0","0","0","0","0","0","0","0","0","0","0","0","0","0","0","0","0","0","0","0","0","0","0","0","0","0","0","0","0","0","0","0","0","0","0","0","0","0","0","0","0","0","0","0","0","0","0","0","0","0","0","0","0","0","0","0","0","0","0","0","0","0","0","0","0","0","0","0","0","0","0","0","0","0","0","0","0","0","0","0","0","0","0","0","0","0","0","0","0"
"s25","voters","UNI0443","61","18","24","7","0","0","1","0","1","0","10","28","33","5","2","0","4","2","0","1","0","0","0","0","0","0","0","0","0","1","0","0","0","0","0","0","0","0","0","0","0","0","0","0","0","0","0","3","2","0","1","2","0","0","1","0","3","2","4","0","1","0","2","4","3","2","0","0","0","1","4","2","5","0","0","1","0","1","2","2","0","0","0","2","1","0","1","0","0","0","0","0","0","2","0","0","0","0","3","3","1","8","2","4","0","2","0","0","0","2","17","4","1","0","1","0","0","0","1","7","0","3","0","0","0","0","0","0","5","3","1","0","0","0","0","0","0"
"s25","voters","UNI0444","35","9","20","3","0","0","0","0","0","0","3","18","17","1","2","0","0","0","1","0","0","0","0","1","0","0","0","0","0","0","0","0","0","0","0","0","0","0","0","0","0","0","0","0","0","0","0","1","0","0","0","3","0","0","0","0","1","1","3","0","0","2","0","2","3","4","0","0","1","0","1","1","6","0","0","0","0","0","0","2","0","0","0","0","1","0","0","0","0","1","0","0","0","0","0","0","1","0","0","0","1","3","2","1","0","1","0","1","0","1","12","2","2","0","0","0","0","0","4","1","0","1","0","0","0","0","0","1","1","2","0","0","0","0","0","0","0"
"s25","voters","UNI0446","84","32","26","8","0","0","4","0","1","0","13","41","43","11","8","4","5","0","2","0","0","0","1","0","0","0","0","0","0","0","0","0","0","0","0","0","0","0","1","0","0","0","0","0","0","0","1","2","4","2","3","2","0","2","3","5","0","2","6","0","1","1","6","0","0","5","0","0","2","3","3","0","5","0","0","1","3","3","0","1","0","0","1","1","0","1","2","0","1","0","4","0","0","1","0","0","1","0","3","1","2","20","1","5","3","0","0","0","0","3","13","5","3","1","2","0","0","0","2","6","1","3","0","1","0","0","2","0","6","2","4","1","0","0","0","0","0"
"s25","voters","UNI0448","3","0","1","2","0","0","0","0","0","0","0","1","2","0","0","0","0","0","0","0","0","0","0","0","0","0","0","0","0","0","0","0","0","0","0","0","0","0","0","0","0","0","0","0","0","0","0","0","0","0","0","0","0","0","0","0","0","0","0","0","0","0","0","0","0","0","0","0","0","0","0","0","1","0","0","0","0","0","0","0","0","0","0","0","0","0","0","0","0","1","0","0","0","0","0","0","1","0","0","0","0","0","0","0","0","0","0","0","0","0","1","0","0","0","0","0","0","0","0","0","0","0","0","0","0","0","0","0","2","0","0","0","0","0","0","0","0"
"s25","voters","UNI0449","1","1","0","0","0","0","0","0","0","0","0","0","1","0","0","0","0","0","0","0","0","0","0","0","0","0","0","0","0","0","0","0","0","0","0","0","0","0","0","0","0","0","0","0","0","0","0","0","0","0","0","0","0","0","0","0","1","0","0","0","0","0","0","0","0","0","0","0","0","0","0","0","0","0","0","0","0","0","0","0","0","0","0","0","0","0","0","0","0","0","0","0","0","0","0","0","0","0","0","0","0","0","1","0","0","0","0","0","0","0","0","0","0","0","0","0","0","0","0","0","0","0","0","0","0","0","0","0","0","0","0","0","0","0","0","0","0"
"s25","voters","UNI0451","492","180","193","31","2","1","9","0","5","0","71","220","272","41","17","7","6","5","7","3","1","0","0","0","0","2","0","1","0","0","2","1","1","0","0","0","0","0","0","0","0","0","1","1","0","0","6","11","7","12","10","35","2","7","10","13","12","19","36","0","1","6","7","16","23","32","0","4","8","10","14","27","45","0","3","3","9","6","7","6","1","3","9","6","4","6","8","1","1","2","4","2","4","6","0","3","1","4","4","10","6","105","34","15","8","8","2","0","2","6","100","29","29","9","11","0","2","2","11","36","9","10","7","4","1","1","0","3","25","12","4","3","2","0","0","0","2"
"s25","voters","UNI0454","423","146","177","23","4","5","9","0","2","0","57","212","211","18","23","6","2","8","5","2","2","0","0","0","0","1","0","0","1","0","0","0","0","0","0","0","0","1","0","0","0","1","0","0","0","0","3","5","6","9","11","24","0","1","11","7","15","15","39","0","7","5","9","14","18","43","0","3","3","12","11","19","33","0","2","6","6","4","9","9","1","1","4","3","4","7","1","0","3","5","3","3","3","5","0","2","2","3","2","6","6","76","20","21","8","7","2","2","0","10","95","29","13","8","7","0","3","3","19","34","12","4","5","0","0","0","1","1","21","9","4","4","2","1","0","1","1"
"s25","voters","UNI0456","2","2","0","0","0","0","0","0","0","0","0","0","2","0","0","0","0","0","0","0","0","0","0","0","0","0","0","0","0","0","0","0","0","0","0","0","0","0","0","0","0","0","0","0","0","0","0","0","0","0","0","0","0","0","0","0","0","1","1","0","0","0","0","0","0","0","0","0","0","0","0","0","0","0","0","0","0","0","0","0","0","0","0","0","0","0","0","0","0","0","0","0","0","0","0","0","0","0","0","0","0","1","1","0","0","0","0","0","0","0","0","0","0","0","0","0","0","0","0","0","0","0","0","0","0","0","0","0","0","0","0","0","0","0","0","0","0"
"s25","voters","UNI0457","271","106","100","21","2","3","5","0","1","0","33","134","137","24","23","5","4","1","5","1","0","0","0","0","0","0","0","0","0","0","0","0","0","1","0","0","0","0","0","0","0","2","1","0","0","0","1","4","5","6","7","18","1","5","7","12","8","13","19","0","3","2","11","7","12","21","0","1","1","2","4","13","23","0","0","2","1","2","2","11","0","1","3","4","2","1","4","0","1","2","3","2","4","7","0","0","1","2","2","4","4","65","11","11","2","3","0","1","2","11","56","15","10","5","5","0","1","1","7","15","3","5","2","2","0","1","0","5","20","5","4","0","1","0","0","0","2"
"s25","voters","UNI0458","29","15","10","0","0","0","0","0","0","0","4","15","14","1","1","2","0","0","0","1","0","0","0","0","0","0","0","0","0","1","0","0","0","0","0","0","0","0","0","0","0","0","0","0","0","0","0","0","2","1","1","3","0","0","1","1","3","1","2","0","0","1","2","1","2","0","0","0","1","0","2","0","1","0","0","0","0","1","0","1","0","0","1","0","1","0","0","0","0","0","0","0","0","0","0","0","0","0","0","0","0","10","4","1","0","0","0","0","0","0","8","1","0","0","0","0","0","0","1","2","0","1","0","1","0","0","0","0","0","0","0","0","0","0","0","0","0"
"s25","voters","UNI0459","0","0","0","0","0","0","0","0","0","0","0","0","0","0","0","0","0","0","0","0","0","0","0","0","0","0","0","0","0","0","0","0","0","0","0","0","0","0","0","0","0","0","0","0","0","0","0","0","0","0","0","0","0","0","0","0","0","0","0","0","0","0","0","0","0","0","0","0","0","0","0","0","0","0","0","0","0","0","0","0","0","0","0","0","0","0","0","0","0","0","0","0","0","0","0","0","0","0","0","0","0","0","0","0","0","0","0","0","0","0","0","0","0","0","0","0","0","0","0","0","0","0","0","0","0","0","0","0","0","0","0","0","0","0","0","0","0"
"s25","voters","UNI0462","56","13","24","3","0","2","1","0","0","0","13","30","26","3","4","2","1","0","0","1","1","0","0","0","0","0","0","0","0","0","1","0","0","0","0","0","0","0","0","0","0","0","0","0","0","0","1","1","1","0","0","2","0","1","0","1","0","1","5","0","0","0","0","0","7","7","0","0","1","1","1","5","2","0","1","0","2","2","0","2","0","1","1","1","0","1","2","0","0","1","0","0","3","0","0","0","1","0","0","0","1","9","1","2","0","0","0","0","1","0","10","5","5","0","0","0","0","0","4","9","1","2","0","0","0","0","0","1","4","0","0","0","2","0","0","0","0"
"s25","voters","UNI0464","1","1","0","0","0","0","0","0","0","0","0","0","1","0","0","0","0","0","0","0","0","0","0","0","0","0","0","0","0","0","0","0","0","0","0","0","0","0","0","0","0","0","0","0","0","0","0","0","0","0","0","0","0","0","0","0","0","0","1","0","0","0","0","0","0","0","0","0","0","0","0","0","0","0","0","0","0","0","0","0","0","0","0","0","0","0","0","0","0","0","0","0","0","0","0","0","0","0","0","0","0","1","0","0","0","0","0","0","0","0","0","0","0","0","0","0","0","0","0","0","0","0","0","0","0","0","0","0","0","0","0","0","0","0","0","0","0"
"s25","voters","UNI0468","493","201","177","18","1","3","13","0","2","0","78","238","255","29","20","14","2","6","6","2","1","1","0","1","0","0","0","0","0","0","1","0","0","0","0","0","0","0","0","0","0","2","0","0","0","1","1","11","7","8","14","37","0","6","11","20","19","24","42","2","2","7","11","10","19","37","0","2","5","9","9","25","39","2","4","11","7","9","4","14","0","2","6","3","3","6","7","0","0","2","4","3","5","6","0","0","4","3","0","5","5","106","41","25","6","6","1","2","2","12","100","23","22","12","4","1","3","1","11","49","14","6","3","2","0","0","1","3","20","4","6","1","5","0","0","0","1"
"s25","voters","UNI0469","31","8","17","2","0","0","0","0","0","0","4","17","14","1","0","0","0","0","4","0","0","0","0","0","0","0","0","0","0","0","0","2","0","0","0","0","0","0","0","0","0","0","0","0","0","0","0","0","0","1","0","3","0","0","0","0","0","2","2","0","0","0","1","1","4","3","0","0","0","0","1","2","5","0","0","0","0","0","0","3","0","0","0","0","0","0","1","0","0","0","0","0","0","1","0","0","0","0","0","1","0","3","1","1","0","0","0","1","0","2","10","4","0","0","0","1","0","0","2","2","2","0","0","0","0","0","0","0","0","0","0","1","1","0","0","0","0"
"s25","voters","UNI0470","43","14","25","2","0","0","0","0","0","0","2","20","23","2","0","0","1","1","0","0","0","0","0","0","0","0","0","0","0","0","0","0","0","0","1","0","0","0","0","0","0","0","0","0","0","0","0","1","0","2","0","2","0","0","1","2","1","1","4","0","0","1","1","1","2","8","0","1","1","1","0","2","7","0","0","0","0","1","0","0","0","0","0","0","0","0","1","0","0","0","0","0","0","1","0","0","0","0","0","1","0","5","2","3","0","2","0","0","0","2","11","4","3","2","0","0","0","1","4","1","0","0","0","0","1","0","0","0","1","1","0","0","0","0","0","0","0"
"s25","voters","UNI0472","425","129","185","25","0","4","8","0","4","0","70","212","213","24","14","16","3","2","5","1","5","0","0","0","0","0","1","0","0","0","3","0","0","0","0","0","0","0","0","0","0","0","2","0","0","0","1","9","10","9","10","19","0","1","8","16","5","12","29","0","3","9","12","14","21","39","1","1","2","13","8","23","39","1","2","4","4","4","9","11","1","7","2","3","8","6","8","0","0","4","1","2","5","9","0","0","3","0","5","6","6","70","19","19","1","6","0","2","0","12","97","22","20","9","5","0","3","1","28","44","5","10","5","2","0","0","0","4","23","5","7","2","1","1","0","0","2"
"s25","voters","UNI0473","3","0","2","0","0","0","0","0","0","0","1","2","1","0","0","0","0","0","0","0","0","0","0","0","0","0","0","0","0","0","0","0","0","0","0","0","0","0","0","0","0","0","0","0","0","0","0","0","0","0","0","0","0","0","0","0","0","0","0","0","0","0","0","0","0","1","0","0","0","0","0","0","1","0","0","0","0","0","1","0","0","0","0","0","0","0","0","0","0","0","0","0","0","0","0","0","0","0","0","0","0","0","0","0","0","0","0","0","0","0","0","0","0","0","0","0","0","0","2","1","0","0","0","0","0","0","0","0","0","0","0","0","0","0","0","0","0"
"s25","voters","UNI0475","42","21","12","1","0","0","1","0","1","0","6","24","18","3","3","2","0","1","1","0","0","0","0","0","0","0","0","0","0","0","0","0","0","0","0","0","0","0","0","0","0","1","0","0","0","0","2","0","0","1","3","3","0","2","0","2","2","1","5","0","0","3","1","1","1","2","0","0","0","0","0","2","2","0","0","0","1","2","0","1","0","1","0","0","1","0","0","0","0","0","1","0","1","1","0","0","0","0","0","0","0","13","2","4","1","1","0","0","0","0","8","1","0","0","1","0","0","0","2","4","1","0","0","1","0","0","0","0","2","1","0","0","0","0","0","0","0"
"s25","voters","UNI0476","54","9","40","1","0","0","1","0","0","0","3","30","24","1","2","0","0","1","4","0","1","0","0","0","0","0","2","0","0","0","0","0","0","0","0","0","0","0","0","0","0","0","1","0","0","0","1","0","0","2","1","2","0","0","0","1","0","2","0","0","3","0","1","5","5","8","0","1","1","2","5","2","7","0","0","0","0","0","1","0","0","0","1","0","0","0","1","0","0","0","0","0","0","1","0","0","0","0","0","0","1","4","3","1","0","0","1","0","0","0","21","5","7","0","1","0","1","0","5","2","1","0","0","0","0","0","0","0","1","0","0","0","0","0","0","0","1"
"s25","voters","UNI0478","39","11","13","3","0","0","0","0","0","0","12","20","19","3","1","0","0","0","0","1","0","0","0","0","0","0","0","0","0","0","0","0","0","0","0","0","0","0","0","0","0","0","0","0","0","0","0","2","1","1","2","0","0","0","0","1","1","2","1","0","1","0","2","3","0","3","0","1","1","0","1","0","1","0","0","1","0","1","2","1","0","1","2","0","3","1","0","0","0","0","0","0","0","0","0","0","0","0","2","0","1","7","1","2","0","0","0","0","0","1","5","1","1","2","1","0","0","1","2","7","2","0","0","1","1","0","0","1","2","1","0","0","0","0","0","0","0"
"s25","voters","UNI0479","78","22","44","4","1","1","2","0","0","0","4","39","39","6","3","0","1","0","1","0","0","0","0","0","0","0","0","0","0","0","0","0","0","0","0","0","0","0","0","0","0","0","0","0","0","0","0","2","0","2","0","4","0","0","2","1","2","5","4","0","1","3","1","4","4","13","0","0","2","1","2","5","8","0","0","1","0","0","1","0","0","0","0","0","0","0","2","0","0","0","0","0","1","2","0","2","0","1","1","1","0","8","6","2","1","1","0","1","0","3","25","4","7","3","0","0","0","1","4","1","0","0","1","0","0","0","0","2","7","0","1","0","0","0","0","0","0"
"s25","voters","UNI0480","10","1","8","1","0","0","0","0","0","0","0","5","5","1","0","0","1","0","0","0","0","0","0","0","0","0","0","0","0","0","0","0","0","0","0","0","0","0","0","0","0","0","0","0","0","0","0","0","0","0","0","1","0","0","0","0","0","0","0","0","0","0","0","0","1","2","0","0","0","0","2","2","1","0","0","0","0","0","0","0","0","0","0","0","0","0","0","0","0","0","0","0","1","0","0","0","0","0","0","0","0","0","1","0","0","0","0","0","0","0","5","2","0","0","1","0","0","0","0","0","0","0","0","0","0","0","0","0","1","0","0","0","0","0","0","0","0"
"s25","voters","UNI0481","16","2","7","1","0","2","0","0","0","0","4","11","5","1","1","2","0","0","0","1","0","0","0","0","0","0","0","0","0","0","0","0","0","0","0","0","0","0","0","0","0","0","0","0","0","0","0","1","0","0","0","1","0","0","0","0","0","0","0","0","0","0","0","1","2","2","0","0","0","0","0","2","0","0","0","0","0","1","0","1","0","0","1","0","0","0","1","0","0","0","1","0","1","0","0","0","0","1","0","0","0","1","1","0","0","0","0","0","0","0","2","1","3","0","0","0","0","0","1","3","0","0","1","0","0","0","0","0","2","0","0","0","1","0","0","0","0"
"s25","voters","UNI0482","2","0","0","2","0","0","0","0","0","0","0","1","1","0","0","0","0","0","0","0","0","0","0","0","0","0","0","0","0","0","0","0","0","0","0","0","0","0","0","0","0","0","0","0","0","0","0","0","0","0","0","0","0","0","0","0","0","0","0","0","0","0","0","0","0","0","0","0","0","0","0","0","0","0","0","0","0","0","0","0","0","0","0","0","0","0","0","0","1","0","0","0","0","0","0","0","0","0","0","1","0","0","0","0","0","0","0","0","0","0","0","0","0","0","0","0","0","0","0","0","0","0","0","0","0","0","0","0","1","1","0","0","0","0","0","0","0"
"s25","voters","UNI0484","756","264","344","39","0","4","8","0","7","0","90","368","388","47","35","16","13","16","14","1","2","0","1","0","0","4","0","1","0","1","0","2","1","0","0","1","0","0","0","0","0","0","0","0","0","1","1","9","24","8","24","58","1","3","6","25","15","33","56","2","15","7","29","25","35","64","2","11","7","22","24","32","69","0","2","4","10","3","4","15","0","4","8","12","8","5","15","0","0","4","4","6","3","11","0","4","1","6","2","5","12","141","43","33","10","11","0","6","2","18","154","54","50","11","21","3","6","8","37","47","12","14","6","4","0","1","0","6","39","7","8","2","1","0","0","1","0"
"s25","voters","UNI0488","1","0","0","0","0","0","0","0","0","0","1","1","0","0","0","0","0","0","0","0","0","0","0","0","0","0","0","0","0","0","0","0","0","0","0","0","0","0","0","0","0","0","0","0","0","0","0","0","0","0","0","0","0","0","0","0","0","0","0","0","0","0","0","0","0","0","0","0","0","0","0","0","0","0","0","0","0","0","1","0","0","0","0","0","0","0","0","0","0","0","0","0","0","0","0","0","0","0","0","0","0","0","0","0","0","0","0","0","0","0","0","0","0","0","0","0","0","0","0","1","0","0","0","0","0","0","0","0","0","0","0","0","0","0","0","0","0"
"s25","voters","UNI0491","490","152","258","21","3","4","7","0","3","1","41","253","237","33","18","5","4","4","18","1","1","0","0","0","0","0","3","0","1","0","0","1","0","0","0","0","0","1","0","1","1","1","0","0","0","0","0","8","10","5","13","35","1","4","7","13","3","12","41","1","8","14","12","13","31","55","0","6","13","8","11","32","54","0","2","1","4","2","7","9","1","1","1","3","2","4","4","0","0","4","2","4","3","10","0","0","3","2","2","5","4","79","27","16","6","2","1","5","1","15","119","33","45","17","10","1","5","3","25","28","6","3","4","0","0","0","0","0","25","9","0","0","1","1","1","1","1"
"s25","voters","UNI0492","127","39","58","7","0","1","3","0","0","0","19","60","67","3","10","2","3","1","2","1","0","0","0","0","0","0","0","0","0","0","1","0","0","0","0","0","0","0","0","0","0","0","0","2","0","0","1","1","3","3","5","3","0","3","5","4","3","3","5","0","2","3","3","1","5","13","0","0","3","3","1","9","15","0","1","2","2","0","1","4","1","1","3","0","0","1","3","0","0","1","2","1","1","2","0","0","0","1","0","0","3","24","4","10","1","0","0","0","0","0","30","12","5","3","2","0","1","0","5","10","3","2","1","0","0","0","0","3","2","2","4","2","1","0","0","0","0"
"s25","voters","UNI0493","17","3","13","1","0","0","0","0","0","0","0","9","8","0","0","0","0","0","0","0","0","0","0","0","0","0","0","0","0","0","0","0","0","0","0","0","0","0","0","0","0","0","1","0","0","0","0","0","1","0","0","0","0","0","2","0","0","0","0","0","1","1","0","1","2","2","0","0","0","0","1","3","2","0","0","0","0","0","0","0","0","0","0","0","0","0","0","0","0","0","1","0","0","0","0","0","0","0","0","0","0","2","0","1","0","0","0","0","0","0","3","2","4","1","0","1","0","0","2","0","0","0","0","0","0","0","0","0","1","0","0","0","0","0","0","0","0"
"s25","voters","UNI0495","58","12","26","5","0","1","2","0","0","0","12","23","35","2","0","3","1","0","2","0","1","0","0","0","0","0","0","0","0","0","1","0","0","0","0","0","0","0","0","0","0","0","0","0","0","0","0","1","0","0","0","4","0","0","1","2","0","1","3","0","0","1","3","0","2","4","0","2","0","1","4","4","5","0","1","1","2","1","0","2","0","1","1","1","1","0","1","0","0","0","0","0","0","1","0","0","2","1","1","0","3","8","1","2","1","0","0","0","0","0","10","5","5","1","2","0","0","0","3","8","2","1","0","0","0","1","0","0","6","1","0","1","0","0","0","0","0"
"s25","voters","UNI0497","1","1","0","0","0","0","0","0","0","0","0","1","0","1","0","0","0","0","0","0","0","0","0","0","0","0","0","0","0","0","0","0","0","0","0","0","0","0","0","0","0","0","0","0","0","0","0","0","0","1","0","0","0","0","0","0","0","0","0","0","0","0","0","0","0","0","0","0","0","0","0","0","0","0","0","0","0","0","0","0","0","0","0","0","0","0","0","0","0","0","0","0","0","0","0","0","0","0","0","0","0","1","0","0","0","0","0","0","0","0","0","0","0","0","0","0","0","0","0","0","0","0","0","0","0","0","0","0","0","0","0","0","0","0","0","0","0"
"s25","voters","UNI0499","212","56","112","9","0","2","2","0","1","0","30","101","111","9","7","3","3","3","3","1","0","0","0","0","0","0","0","0","0","0","0","1","0","0","0","1","0","0","0","0","0","0","0","0","0","0","2","3","0","2","5","11","0","1","0","2","5","9","16","0","5","2","4","5","14","27","0","1","4","4","6","7","33","0","2","0","3","3","4","2","0","1","2","2","1","3","7","0","0","0","1","1","2","3","0","0","1","0","0","3","3","33","7","8","3","2","0","0","0","3","54","23","9","6","7","0","5","1","7","15","6","5","0","1","1","1","0","1","10","1","1","0","2","0","0","0","0"
"s25","voters","UNI0500","17","4","12","0","0","0","0","0","0","0","1","8","9","0","3","0","0","1","0","0","0","0","0","0","0","0","0","0","0","0","0","0","0","0","0","0","0","0","0","0","0","0","0","0","0","0","0","0","0","1","0","0","0","0","0","0","0","0","3","0","0","0","2","0","2","2","0","0","0","2","2","1","1","0","0","0","1","0","0","0","0","0","0","0","0","0","0","0","0","0","0","0","0","0","0","0","0","0","0","0","0","2","0","0","0","0","0","0","0","2","6","2","2","1","0","0","0","1","0","1","0","0","0","0","0","0","0","0","0","0","0","0","0","0","0","0","0"
"s25","voters","UNI0501","264","103","105","18","1","0","6","0","1","0","30","124","140","20","8","4","1","8","6","0","2","0","0","0","0","0","0","0","0","1","0","0","0","0","0","0","0","0","0","0","0","0","0","0","0","0","1","7","8","4","3","21","0","0","5","10","5","18","21","0","2","3","4","4","16","22","0","0","3","3","6","15","27","0","2","1","2","3","3","5","0","2","2","2","1","4","3","0","1","0","2","0","2","8","0","1","1","2","1","2","6","49","18","18","7","6","0","1","2","2","47","17","14","7","6","1","1","2","10","17","3","2","2","1","0","2","0","3","16","6","1","1","1","0","0","0","1"
"s25","voters","UNI0502","51","23","17","3","0","1","0","0","1","0","6","31","20","5","2","4","2","1","0","0","0","0","0","0","0","0","0","0","0","1","0","0","0","0","0","0","0","0","0","0","0","0","0","0","0","0","0","0","1","0","5","5","0","0","1","3","0","2","6","0","0","0","1","4","0","5","0","1","0","3","1","0","2","1","0","1","1","0","1","1","0","0","0","0","0","0","1","0","1","2","0","0","0","2","0","0","0","0","0","0","0","12","6","1","0","0","0","1","0","3","8","1","3","2","1","0","0","0","2","5","0","0","1","0","0","0","0","0","5","0","0","0","0","0","0","0","0"
"s25","voters","UNI0504","209","69","83","14","0","6","3","0","1","0","33","103","106","15","8","3","4","2","0","3","1","0","0","0","0","0","0","0","0","1","1","0","0","0","1","0","0","0","0","0","0","0","0","0","0","0","5","1","8","4","4","8","0","3","5","5","3","8","15","0","2","1","2","8","10","21","0","3","1","4","2","14","15","0","1","1","2","2","5","6","0","1","2","2","2","4","5","0","0","1","2","3","1","5","0","1","3","4","1","2","1","26","20","11","2","2","3","1","1","3","50","10","7","4","2","2","0","0","8","17","1","7","1","3","0","0","0","4","15","4","3","1","1","0","0","0","0"
"s25","voters","UNI0505","15","6","6","2","0","0","0","0","0","0","1","8","7","0","2","0","0","0","0","0","0","0","0","0","0","0","0","0","0","0","0","0","0","0","0","0","0","0","0","0","0","0","0","0","0","0","0","0","1","1","0","4","0","0","0","0","0","0","0","0","0","0","0","0","0","1","0","0","1","0","0","1","3","0","0","0","0","0","0","0","0","0","0","0","1","0","0","0","0","0","0","0","0","1","0","0","0","0","0","0","1","3","2","0","0","0","0","0","0","1","2","1","0","2","0","0","0","0","1","1","0","0","0","0","0","0","0","0","0","0","1","0","1","0","0","0","0"
"s25","voters","UNI0506","39","11","16","3","0","0","1","0","0","0","8","20","19","0","0","0","0","0","0","2","0","0","0","0","0","0","0","0","0","0","0","0","0","1","0","1","0","0","0","0","0","0","1","0","0","0","0","0","0","0","3","2","0","0","0","2","0","0","4","0","0","0","0","2","1","5","0","0","1","0","2","2","3","0","1","1","2","0","1","0","0","0","1","0","1","1","0","0","0","0","0","0","0","2","0","0","0","0","0","1","1","4","2","2","0","1","1","0","0","1","4","2","5","0","1","0","0","1","3","6","0","2","0","0","0","0","0","0","1","1","2","0","0","0","0","0","0"
"s25","voters","UNI0508","261","84","125","13","0","2","3","0","3","0","31","136","125","10","11","4","0","3","4","0","0","0","0","0","0","0","0","0","0","0","0","0","0","0","0","0","0","1","0","0","0","1","0","2","0","0","2","3","1","8","7","20","0","2","3","2","7","6","23","1","2","3","3","3","20","37","0","0","1","2","5","17","31","0","1","1","4","0","6","6","0","1","1","2","3","2","4","0","0","2","1","0","2","3","1","0","1","2","1","4","4","48","12","11","3","1","1","1","0","7","54","23","24","7","5","0","1","1","10","16","2","7","3","0","0","1","1","1","14","5","1","0","0","0","0","0","1"
"s25","voters","UNI0510","76","25","37","0","0","0","1","0","1","0","12","38","38","1","2","0","0","0","2","0","1","0","0","0","0","0","0","0","0","0","0","0","0","0","0","0","0","0","0","0","0","0","1","0","0","0","0","0","0","0","1","10","0","0","1","2","1","1","9","0","0","0","1","3","6","10","0","2","1","0","0","7","7","0","0","0","2","2","0","2","0","0","0","0","2","2","2","0","0","0","1","0","0","0","0","0","0","0","0","1","0","12","6","6","0","0","0","0","0","1","17","3","5","3","2","0","1","0","6","9","0","0","2","0","1","0","0","0","0","2","0","0","0","0","0","0","0"
"s25","voters","UNI0511","108","22","66","3","1","1","0","0","0","0","15","52","56","3","8","1","2","0","5","0","0","0","0","0","0","0","0","0","0","0","0","0","0","0","0","0","0","0","0","0","0","0","0","0","0","0","1","1","0","1","2","4","0","0","0","1","1","2","9","1","1","3","3","2","8","13","0","2","2","6","4","7","14","0","0","0","1","2","3","4","0","0","1","1","1","2","0","0","0","2","0","0","0","0","0","0","0","0","2","0","1","9","2","3","1","1","0","3","1","2","26","11","10","2","4","0","1","2","10","8","1","3","1","0","0","0","1","1","2","1","2","0","0","0","0","0","0"
"s25","voters","UNI0514","386","98","217","17","0","3","6","0","0","0","45","185","201","10","24","2","0","4","10","4","0","0","0","0","0","0","0","0","0","1","0","0","0","0","0","0","0","0","0","0","0","0","0","0","0","0","1","5","3","6","8","23","0","1","2","3","6","16","24","0","8","1","5","14","30","49","0","9","3","6","14","25","53","0","1","2","6","1","6","7","0","1","3","3","4","5","6","0","2","0","1","0","0","6","0","0","3","3","1","2","8","54","14","13","2","2","0","1","1","11","98","35","20","12","8","2","5","3","34","25","6","7","2","3","1","0","0","1","16","6","1","2","1","0","0","0","0"
"s25","voters","UNI0515","39","10","19","3","1","0","0","0","0","0","6","18","21","3","0","2","0","0","2","0","1","0","0","0","0","0","0","0","0","0","0","0","0","0","0","0","0","0","0","0","0","0","0","0","0","0","0","0","0","0","1","5","0","0","0","0","0","0","4","0","0","0","0","0","2","5","0","0","0","2","1","1","8","0","0","0","0","1","0","2","0","1","0","1","0","0","1","0","0","0","0","1","0","1","0","0","0","0","0","0","2","7","1","0","0","0","0","0","0","2","9","1","4","0","0","0","1","1","3","6","0","0","0","0","0","0","0","0","4","0","0","0","0","0","0","0","0"
"s25","voters","UNI0516","109","35","58","4","0","2","0","0","0","0","10","50","59","8","1","0","0","0","1","0","0","0","0","0","0","0","0","0","0","0","0","0","0","0","0","0","0","0","0","0","0","0","0","0","0","0","0","0","1","2","4","6","0","1","2","3","2","6","8","0","1","0","3","4","5","18","0","3","2","1","4","3","14","0","0","0","1","1","1","0","0","0","0","2","1","2","2","0","0","0","1","1","1","0","0","0","0","0","1","1","1","16","7","5","2","1","0","0","0","4","27","9","11","2","1","3","0","0","5","6","3","1","0","0","0","0","0","0","5","0","0","1","0","0","0","0","0"
"s25","voters","UNI0517","700","226","333","38","2","3","3","0","3","0","92","335","365","21","21","5","5","23","20","8","2","0","3","0","0","0","1","0","0","1","1","1","0","0","0","0","0","0","0","0","0","2","1","0","0","0","3","3","10","8","15","54","0","4","8","15","11","26","69","1","3","4","15","21","36","91","0","2","4","17","15","41","83","0","2","5","9","9","6","17","0","1","5","2","2","12","22","0","1","2","2","2","3","13","0","0","3","0","5","5","13","102","49","36","9","9","3","0","3","15","164","36","35","14","12","3","3","2","64","51","16","7","6","2","0","1","1","8","27","10","7","2","1","0","1","1","0"
"s25","voters","UNI0518","188","42","108","10","0","1","0","0","0","0","27","77","111","4","4","0","0","0","2","5","1","0","0","0","0","0","0","0","0","0","1","0","0","0","0","0","0","0","0","0","0","0","0","0","0","0","1","0","0","1","2","13","1","2","2","1","0","5","14","1","1","1","2","3","10","23","0","1","3","1","7","12","43","0","0","0","2","1","4","9","0","1","0","0","2","3","5","0","0","0","0","0","2","1","0","1","0","0","1","1","5","28","5","5","2","1","0","0","0","1","43","23","21","3","2","1","0","1","14","12","6","5","1","1","0","0","0","2","9","1","0","1","0","0","0","0","0"
"s25","voters","UNI0519","286","78","150","14","0","5","3","0","0","0","36","135","151","9","13","4","4","2","11","2","2","0","0","0","0","0","0","0","0","0","0","0","0","0","0","0","0","0","0","0","0","2","0","0","0","0","0","1","4","3","4","20","0","2","2","3","5","11","23","2","6","2","3","10","19","30","1","4","0","8","9","22","34","0","3","0","1","6","3","10","0","3","0","2","3","2","3","0","0","0","2","0","2","4","0","3","0","1","1","4","5","39","16","12","2","2","0","0","1","6","89","24","13","6","7","0","3","0","8","16","4","9","1","0","0","1","1","4","18","2","2","0","0","0","0","0","0"
"s25","voters","UNI0520","2","0","2","0","0","0","0","0","0","0","0","1","1","0","2","0","0","0","0","0","0","0","0","0","0","0","0","0","0","0","0","0","0","0","0","0","0","0","0","0","0","0","0","0","0","0","0","0","0","0","0","0","0","0","0","0","0","0","0","0","0","0","0","0","0","1","0","0","0","0","0","0","1","0","0","0","0","0","0","0","0","0","0","0","0","0","0","0","0","0","0","0","0","0","0","0","0","0","0","0","0","0","0","0","0","0","0","0","0","0","0","1","1","0","0","0","0","0","0","0","0","0","0","0","0","0","0","0","0","0","0","0","0","0","0","0","0"
"s25","voters","UNI0523","117","33","65","6","0","0","1","0","0","0","12","57","60","3","3","3","0","1","2","1","0","0","0","0","0","0","0","0","1","0","0","0","0","0","0","0","0","0","0","0","0","0","0","0","0","0","0","0","2","2","1","5","0","0","0","3","2","3","15","0","0","0","0","4","6","24","0","0","1","1","5","5","19","0","0","0","0","1","3","6","0","0","0","0","0","1","1","0","0","0","0","0","1","2","0","0","0","1","0","1","2","20","7","4","1","0","0","0","0","1","30","7","8","6","1","1","1","2","9","5","6","0","0","0","0","0","0","1","7","0","0","0","0","0","0","0","0"
"s25","voters","UNI0524","182","51","86","13","0","3","3","0","0","0","26","94","88","1","8","6","0","6","7","1","0","0","0","0","0","0","0","0","0","0","0","0","0","0","0","0","0","0","0","0","0","0","0","0","0","0","1","0","1","2","3","17","0","0","2","2","3","3","17","0","5","1","2","6","6","26","0","1","0","3","9","11","16","0","2","2","0","5","3","4","0","2","0","2","1","3","2","0","1","0","0","3","1","3","0","2","0","2","2","0","5","21","11","5","2","3","1","1","0","7","33","17","9","5","3","1","4","2","12","11","7","3","2","1","0","1","0","1","14","3","2","0","0","0","0","0","0"
"s25","voters","UNI0525","564","159","280","30","0","4","6","0","2","0","83","266","298","21","19","12","10","9","12","4","0","0","1","1","0","0","0","0","2","0","0","0","0","0","0","0","0","0","0","0","0","0","0","1","0","0","2","6","11","7","7","29","1","5","11","11","12","13","44","1","5","9","20","28","28","47","0","6","7","18","23","29","59","0","3","4","9","10","8","10","1","1","2","11","8","6","10","0","2","4","5","3","3","5","0","1","2","6","0","5","6","91","25","16","6","6","2","0","0","13","154","53","32","11","9","1","3","2","15","53","7","7","8","2","0","0","1","5","30","6","3","1","1","1","0","0","0"
"s25","voters","UNI0527","284","104","95","20","3","3","8","0","1","0","50","139","145","20","8","8","2","7","4","5","0","0","1","0","0","0","0","0","0","0","0","0","0","0","0","0","0","0","0","0","0","0","1","1","0","0","2","2","8","3","8","19","0","1","6","10","7","13","25","0","2","4","2","6","16","18","0","3","6","3","6","13","16","0","3","2","11","4","5","9","1","1","1","5","2","4","2","0","1","3","3","2","2","4","0","1","3","3","2","3","8","57","10","14","6","4","1","1","1","10","51","17","13","3","3","1","0","2","5","24","8","10","2","2","1","0","1","2","17","8","6","2","0","0","0","0","2"
"s25","voters","UNI0528","261","84","117","15","0","3","2","0","0","0","40","129","132","10","10","3","3","4","3","2","2","0","0","0","0","2","0","2","0","2","0","0","0","0","0","0","0","0","0","0","0","0","0","0","0","0","3","2","8","4","12","18","0","2","5","6","7","4","13","1","2","4","5","12","11","16","2","7","7","5","13","14","18","0","2","1","4","6","7","3","0","1","1","4","3","4","4","0","0","2","0","2","0","4","0","2","2","2","1","2","3","42","15","15","4","0","0","0","0","8","60","19","21","5","2","0","3","1","6","14","8","10","4","0","0","1","1","2","12","7","1","0","0","0","0","0","0"
"s25","voters","UNI0532","67","19","30","2","0","1","2","0","2","0","11","34","33","6","2","0","0","1","1","2","0","0","0","0","0","0","0","0","0","0","0","0","0","0","0","0","0","0","0","0","0","0","0","1","0","0","2","0","1","3","1","1","1","1","0","1","1","1","6","0","1","2","3","2","2","7","1","0","1","1","2","1","7","0","0","1","1","0","1","3","0","0","1","0","1","1","2","0","0","0","0","3","0","0","0","0","0","2","2","0","0","12","2","4","0","0","0","0","0","1","14","3","3","0","1","1","0","0","8","4","2","1","0","0","0","0","0","4","4","1","1","0","0","0","1","0","0"
"s25","voters","UNI0535","3","0","2","1","0","0","0","0","0","0","0","2","1","0","0","0","0","0","0","0","0","0","0","0","0","0","0","0","0","0","0","0","0","0","0","0","0","0","0","0","0","0","0","0","0","0","0","0","0","0","0","0","0","0","0","0","0","0","0","0","0","0","0","0","0","1","0","0","0","0","0","0","1","0","0","0","0","0","0","0","0","0","0","0","0","0","0","0","0","0","0","0","0","1","0","0","0","0","0","0","0","0","0","0","0","0","0","0","0","0","0","0","0","0","0","0","1","0","1","0","0","0","0","0","0","0","0","0","1","0","0","0","0","0","0","0","0"
"s25","voters","UNI0536","732","211","365","45","4","7","6","0","0","0","94","361","371","29","42","14","7","8","11","1","5","0","0","0","0","1","0","1","0","3","4","0","0","1","0","1","2","0","2","0","0","3","2","0","0","0","2","9","14","5","16","39","0","5","14","18","12","23","54","1","6","16","25","32","53","65","0","6","19","23","28","32","59","1","2","1","13","13","7","14","0","1","4","7","10","12","9","0","2","1","1","6","3","14","0","1","5","7","6","4","12","122","32","29","5","2","1","1","1","18","182","57","44","18","15","3","4","4","38","50","18","9","4","3","1","3","1","5","32","16","9","2","0","2","0","1","0"
"s25","voters","UNI0538","45","11","24","2","0","0","2","0","1","0","5","19","26","0","4","0","0","0","0","0","0","0","0","0","0","0","0","0","0","0","0","0","0","0","0","0","0","0","0","0","0","0","0","0","0","0","0","0","2","0","0","0","0","0","0","1","1","3","4","0","1","2","1","1","1","6","0","0","3","1","1","2","5","0","0","0","0","1","1","0","0","0","1","1","0","0","1","0","0","1","0","0","1","1","0","0","1","1","0","0","0","6","3","2","0","0","0","0","0","0","13","5","4","1","0","0","0","0","1","3","1","1","0","0","0","0","0","0","4","0","1","0","0","0","0","0","0"
"s25","voters","UNI0550","72","8","52","1","0","1","2","0","0","0","8","38","34","0","2","0","0","1","1","1","0","0","0","0","0","0","0","0","0","0","0","0","0","0","0","0","0","0","0","0","0","0","0","0","0","0","0","0","0","1","0","3","0","0","0","0","1","0","3","0","1","1","5","6","5","10","0","1","0","0","4","4","15","1","0","0","0","1","0","1","0","0","0","1","2","0","2","0","0","0","0","0","2","1","0","0","0","0","0","1","0","5","0","0","0","1","0","0","1","1","29","7","8","1","0","2","0","2","3","4","2","0","0","0","0","0","0","2","4","0","0","0","0","0","0","0","0"
"s25","voters","UNI0552","3","0","2","0","0","0","1","0","0","0","0","1","2","0","0","0","0","0","0","0","0","0","0","0","0","0","0","0","0","0","0","0","0","0","0","0","0","0","0","0","0","0","0","0","0","0","0","0","0","0","0","0","0","0","0","0","0","0","0","0","0","0","0","0","0","0","0","0","0","0","1","0","1","0","0","0","0","0","0","0","0","0","0","0","0","0","0","0","0","0","0","0","1","0","0","0","0","0","0","0","0","0","0","0","0","0","0","0","0","0","0","0","0","2","0","0","0","0","0","0","0","0","0","0","0","0","0","0","0","1","0","0","0","0","0","0","0"
"s25","voters","UNI0553","1","0","1","0","0","0","0","0","0","0","0","0","1","0","0","0","0","0","0","0","0","0","0","0","0","0","0","0","0","0","0","0","0","0","0","0","0","0","0","0","0","0","0","0","0","0","0","0","0","0","0","0","0","0","0","0","0","0","0","0","0","0","0","0","0","0","0","0","1","0","0","0","0","0","0","0","0","0","0","0","0","0","0","0","0","0","0","0","0","0","0","0","0","0","0","0","0","0","0","0","0","0","0","0","0","0","0","0","0","0","0","1","0","0","0","0","0","0","0","0","0","0","0","0","0","0","0","0","0","0","0","0","0","0","0","0","0"
"s25","voters","UNI0557","18","8","8","0","0","0","0","0","0","0","2","8","10","1","2","0","0","0","0","0","0","0","0","0","0","0","0","0","0","0","0","0","0","0","0","0","0","0","0","0","0","0","0","0","0","0","0","0","0","1","0","1","0","1","0","1","2","1","1","0","0","0","0","0","1","3","0","0","0","0","1","1","2","0","0","0","1","0","1","0","0","0","0","0","0","0","0","0","0","0","0","0","0","0","0","0","0","0","0","0","0","4","0","2","1","1","0","0","0","0","5","2","0","0","0","0","1","0","0","1","0","0","0","1","0","0","0","0","0","0","0","0","0","0","0","0","0"
"s25","voters","UNI0562","3","3","0","0","0","0","0","0","0","0","0","2","1","0","0","0","0","0","0","0","0","0","0","0","0","0","0","0","0","0","0","0","0","0","0","0","0","0","0","0","0","1","0","0","0","0","0","0","1","0","0","1","0","0","0","0","0","1","0","0","0","0","0","0","0","0","0","0","0","0","0","0","0","0","0","0","0","0","0","0","0","0","0","0","0","0","0","0","0","0","0","0","0","0","0","0","0","0","0","0","0","1","0","1","0","0","0","0","0","1","0","0","0","0","0","0","0","0","0","0","0","0","0","0","0","0","0","0","0","0","0","0","0","0","0","0","0"
"s25","voters","UNI0563","145","51","57","7","0","1","2","0","1","0","26","67","78","15","5","12","3","4","6","0","1","0","0","0","0","0","0","0","0","0","0","0","0","0","0","0","0","0","0","0","0","0","0","0","0","0","1","4","3","3","4","7","0","4","5","3","3","8","6","0","2","4","2","3","6","9","0","3","2","4","4","8","10","0","1","3","3","2","1","1","1","4","2","1","4","0","3","0","1","1","0","2","2","2","0","0","1","2","0","0","0","27","7","6","5","4","0","0","0","2","34","4","4","2","4","1","0","1","7","18","2","3","0","1","0","1","0","1","7","2","0","0","0","0","0","0","2"
"s25","voters","UNI0566","29","7","12","1","0","0","0","0","0","0","9","16","13","1","2","0","0","0","1","0","0","0","0","0","0","0","0","0","0","0","1","0","0","0","0","0","0","0","0","0","0","0","0","0","0","0","0","0","1","0","1","2","0","0","1","0","1","0","1","0","1","0","0","0","2","2","0","1","0","0","2","4","0","1","0","1","1","1","0","3","0","0","0","0","0","1","1","0","0","0","0","0","0","0","0","0","0","0","0","1","0","6","0","1","0","0","0","0","0","0","7","2","1","2","0","0","0","0","0","4","0","2","0","0","0","0","0","3","1","0","0","0","0","0","0","0","0"
"s25","voters","UNI0567","22","8","8","1","0","0","1","0","1","0","3","7","15","1","0","0","1","0","0","0","0","0","0","0","0","0","0","0","0","0","0","0","0","0","0","0","0","0","0","0","0","0","0","0","0","0","0","0","0","0","1","2","0","0","0","1","1","1","2","0","0","0","0","0","0","1","0","0","2","1","0","2","2","0","0","0","0","0","1","2","0","0","0","0","0","0","0","0","0","0","0","0","0","0","0","0","1","0","0","0","2","4","0","2","0","1","0","0","0","1","6","0","2","0","0","0","0","0","0","2","0","1","0","0","0","0","0","0","0","1","2","0","0","0","0","0","0"
"s25","voters","UNI0568","17","8","3","3","0","0","0","0","0","0","3","10","7","2","1","0","0","0","0","0","0","0","0","0","0","0","0","0","0","0","0","0","0","0","0","0","0","0","0","0","0","0","0","0","0","0","0","0","2","0","2","1","0","0","0","1","0","0","2","0","0","0","1","0","1","0","0","0","0","1","0","0","0","0","0","0","0","1","0","1","0","0","1","0","0","0","0","0","0","0","0","0","0","1","0","0","0","1","0","0","1","5","0","3","0","0","0","0","0","0","1","0","1","0","1","0","0","0","0","0","0","1","1","0","0","1","0","0","2","0","1","0","0","0","0","0","0"
"s25","voters","UNI0569","18","8","8","0","0","0","0","0","0","0","2","7","11","0","0","0","0","2","0","0","0","0","0","0","0","0","0","0","0","0","0","0","0","0","0","0","0","0","0","0","0","0","0","0","0","0","0","0","1","1","0","0","0","0","2","1","0","1","2","0","0","0","0","0","1","2","0","1","1","0","0","2","1","0","0","0","0","2","0","0","0","0","0","0","0","0","0","0","0","0","0","0","0","0","0","0","0","0","0","0","0","3","2","1","0","1","0","0","0","1","5","1","1","0","0","0","0","1","0","0","1","0","1","0","0","0","0","0","0","0","0","0","0","0","0","0","0"
"s25","voters","UNI0570","15","6","7","1","0","0","0","0","0","0","1","8","7","0","0","0","0","2","0","0","0","0","0","0","0","0","0","0","0","0","0","0","0","0","0","0","0","0","0","0","0","0","0","0","0","0","0","1","0","0","1","1","0","0","0","0","0","1","2","0","0","0","1","1","0","2","0","0","0","0","0","0","3","0","0","0","0","0","0","0","0","0","0","1","0","0","0","0","0","0","1","0","0","0","0","0","0","0","0","0","0","1","2","1","0","1","0","0","0","1","5","0","0","1","0","0","0","0","1","0","0","1","0","0","0","0","0","0","1","0","0","0","0","0","0","0","0"
"s25","voters","UNI0573","1","0","0","0","0","0","0","0","0","0","1","0","1","0","0","0","0","0","0","0","0","0","0","0","0","0","0","0","0","0","0","0","0","0","0","0","0","0","0","0","0","0","0","0","0","0","0","0","0","0","0","0","0","0","0","0","0","0","0","0","0","0","0","0","0","0","0","0","0","0","0","0","0","0","0","0","0","0","0","0","0","0","0","1","0","0","0","0","0","0","0","0","0","0","0","0","0","0","0","0","0","0","0","0","0","0","0","0","0","0","0","0","0","0","0","0","0","0","0","0","1","0","0","0","0","0","0","0","0","0","0","0","0","0","0","0","0"
"s25","voters","UNI0574","0","0","0","0","0","0","0","0","0","0","0","0","0","0","0","0","0","0","0","0","0","0","0","0","0","0","0","0","0","0","0","0","0","0","0","0","0","0","0","0","0","0","0","0","0","0","0","0","0","0","0","0","0","0","0","0","0","0","0","0","0","0","0","0","0","0","0","0","0","0","0","0","0","0","0","0","0","0","0","0","0","0","0","0","0","0","0","0","0","0","0","0","0","0","0","0","0","0","0","0","0","0","0","0","0","0","0","0","0","0","0","0","0","0","0","0","0","0","0","0","0","0","0","0","0","0","0","0","0","0","0","0","0","0","0","0","0"
"s25","voters","UNI0581","3","0","1","1","0","0","1","0","0","0","0","1","2","0","0","0","0","0","0","0","0","0","0","0","0","0","0","0","0","0","0","0","0","0","0","0","0","0","0","0","0","0","0","0","0","0","0","0","0","0","0","0","0","0","0","0","0","0","0","0","0","0","0","0","0","0","0","0","0","0","0","0","1","0","0","0","0","0","0","0","0","0","0","0","0","0","0","0","0","0","0","1","0","0","0","0","0","0","0","0","1","0","0","0","0","0","0","0","0","0","0","0","1","0","0","0","0","0","0","0","0","0","0","0","0","0","0","0","1","1","0","0","0","0","0","0","0"
"s25","voters","UNI0583","1","0","1","0","0","0","0","0","0","0","0","0","1","0","0","0","0","0","0","0","0","0","0","0","0","0","0","0","0","0","0","0","0","0","0","0","0","0","0","0","0","0","0","0","0","0","0","0","0","0","0","0","0","0","0","0","0","0","0","0","0","0","0","0","0","0","0","0","0","0","0","0","1","0","0","0","0","0","0","0","0","0","0","0","0","0","0","0","0","0","0","0","0","0","0","0","0","0","0","0","0","0","0","0","0","0","0","0","0","0","0","0","0","1","0","0","0","0","0","0","0","0","0","0","0","0","0","0","0","0","0","0","0","0","0","0","0"
"s25","voters","UNI0584","18","5","10","0","0","0","0","0","0","0","3","10","8","0","0","1","0","0","0","0","0","0","0","0","0","0","0","0","0","0","0","0","0","0","0","0","0","0","0","0","0","0","0","0","0","0","0","0","0","0","1","2","0","0","0","0","1","0","1","0","0","2","0","2","1","2","0","0","0","0","2","1","0","0","0","0","0","0","0","0","0","0","0","1","1","0","1","0","0","0","0","0","0","0","0","0","0","0","0","0","0","2","2","1","0","0","0","0","0","0","1","4","3","2","0","0","0","0","0","1","0","0","2","0","0","0","0","0","0","0","0","0","0","0","0","0","0"
"s25","voters","UNI0587","165","64","61","13","0","1","1","0","2","0","23","86","79","7","9","3","2","4","2","3","2","0","0","0","0","0","0","0","0","0","0","0","0","1","0","0","0","0","0","0","0","0","0","0","0","1","3","1","4","6","4","11","0","3","2","7","3","6","13","0","2","1","2","6","12","10","0","0","3","6","4","8","7","0","0","1","3","3","1","7","0","0","0","1","3","3","1","0","1","0","1","3","0","3","0","1","0","3","2","1","2","37","12","7","3","1","0","0","0","4","34","6","9","3","2","0","0","0","7","11","2","5","1","2","0","0","0","2","10","5","0","0","2","0","0","0","0"
"s25","voters","UNI0589","117","28","61","9","0","1","1","0","0","0","17","65","52","3","11","2","6","0","1","1","0","0","1","0","0","0","0","0","0","0","0","0","0","0","0","0","0","0","0","0","0","0","0","0","0","1","0","1","3","3","1","5","0","1","1","3","1","4","4","0","3","1","4","5","6","12","0","0","3","2","7","7","11","0","1","2","3","0","2","4","0","0","1","1","1","0","2","0","1","3","0","1","3","0","0","0","0","0","0","2","1","10","9","2","2","0","0","0","0","5","33","12","8","4","2","0","0","0","2","8","7","0","0","1","0","0","0","1","4","0","1","0","3","0","2","0","1"
"s25","voters","UNI0590","11","4","3","0","0","0","0","0","0","0","4","6","5","0","0","2","0","0","0","0","0","0","0","0","0","0","0","0","0","0","0","0","0","0","0","0","0","0","0","0","0","0","0","0","0","0","1","0","0","1","0","0","0","0","0","0","1","1","0","0","0","0","0","0","1","0","0","0","0","0","0","2","0","0","0","0","1","0","1","1","0","0","1","0","0","0","0","0","0","0","0","0","0","0","0","0","0","0","0","0","0","2","0","1","1","0","0","0","0","0","2","1","0","0","0","0","0","0","0","3","1","0","0","0","0","0","0","0","0","0","0","0","0","0","0","0","0"
"s25","voters","UNI0592","2","1","1","0","0","0","0","0","0","0","0","1","1","0","0","0","0","0","0","0","0","0","0","0","0","0","0","0","0","0","0","0","0","0","0","0","0","0","0","0","0","0","0","0","0","0","0","0","1","0","0","0","0","0","0","0","0","0","0","0","0","0","0","0","0","0","0","0","0","0","1","0","0","0","0","0","0","0","0","0","0","0","0","0","0","0","0","0","0","0","0","0","0","0","0","0","0","0","0","0","0","0","0","0","0","0","0","1","0","0","1","0","0","0","0","0","0","0","0","0","0","0","0","0","0","0","0","0","0","0","0","0","0","0","0","0","0"
"s25","voters","UNI0594","30","9","8","1","0","0","1","0","1","1","9","16","14","1","2","2","0","0","0","1","0","0","0","0","0","0","0","0","0","0","0","0","0","0","0","0","0","0","0","0","0","0","0","0","0","0","0","0","0","0","0","4","0","0","1","0","0","0","4","0","0","1","0","0","1","2","0","0","0","0","1","0","3","0","0","1","2","0","1","3","0","0","0","1","0","0","1","0","0","0","0","0","0","1","0","0","0","2","0","1","0","4","1","2","0","0","0","1","0","1","3","0","3","0","0","0","0","0","2","7","0","1","0","0","0","0","0","1","2","1","0","0","0","0","0","0","1"
"s25","voters","UNI0597","8","3","2","0","0","0","0","0","0","0","3","2","6","2","0","0","0","0","0","0","0","0","0","0","0","0","0","0","0","0","0","0","0","0","0","0","0","0","0","0","0","0","0","0","0","0","0","0","0","0","0","0","0","2","0","0","0","0","1","0","0","0","0","0","0","1","0","0","0","0","0","0","1","0","0","0","0","1","0","0","0","0","0","0","2","0","0","0","0","0","0","0","0","0","0","0","0","0","0","0","0","2","0","0","0","0","0","0","0","1","2","0","0","0","0","0","0","0","0","1","1","1","0","0","0","0","0","0","0","0","0","0","0","0","0","0","0"
"s25","voters","UNI0600","26","8","16","2","0","0","0","0","0","0","0","14","12","3","0","0","0","0","0","0","2","0","0","0","0","0","0","0","0","0","0","0","0","0","0","0","0","0","0","0","0","0","0","0","0","0","0","0","0","2","0","1","0","0","0","2","1","1","1","1","0","0","5","0","1","3","0","0","1","2","0","0","3","0","0","0","0","0","0","0","0","0","0","0","0","0","0","0","0","0","0","0","0","1","0","0","0","0","0","0","1","4","2","2","0","0","0","0","0","0","7","3","3","2","0","0","0","0","1","0","0","0","0","0","0","0","0","0","0","1","1","0","0","0","0","0","0"
"s25","voters","UNI0605","2","0","2","0","0","0","0","0","0","0","0","1","1","0","1","0","0","0","0","0","0","0","0","0","0","0","0","0","0","0","0","0","0","0","0","0","0","0","0","0","0","0","0","0","0","0","0","0","0","0","0","0","0","0","0","0","0","0","0","0","0","0","1","0","0","0","0","0","0","0","0","0","1","0","0","0","0","0","0","0","0","0","0","0","0","0","0","0","0","0","0","0","0","0","0","0","0","0","0","0","0","0","0","0","0","0","0","0","0","0","1","0","0","0","1","0","0","0","0","0","0","0","0","0","0","0","0","0","0","0","0","0","0","0","0","0","0"
"s25","voters","UNI0607","4","2","2","0","0","0","0","0","0","0","0","0","4","1","0","0","0","0","0","0","0","0","0","0","0","0","0","0","0","0","0","0","0","0","0","0","0","0","0","0","0","0","0","0","0","0","0","0","0","0","0","0","0","1","0","0","1","0","0","0","0","0","0","0","0","0","0","0","0","0","1","1","0","0","0","0","0","0","0","0","0","0","0","0","0","0","0","0","0","0","0","0","0","0","0","0","0","0","0","0","0","1","0","1","0","0","0","0","0","0","0","0","1","0","0","0","1","0","0","0","0","0","0","0","0","0","0","0","0","0","0","0","0","0","0","0","0"
"s25","voters","UNI0608","1","1","0","0","0","0","0","0","0","0","0","1","0","0","0","0","0","0","0","0","0","0","0","0","0","0","0","0","0","0","0","0","0","0","0","0","0","0","0","0","0","0","0","0","0","0","0","0","0","1","0","0","0","0","0","0","0","0","0","0","0","0","0","0","0","0","0","0","0","0","0","0","0","0","0","0","0","0","0","0","0","0","0","0","0","0","0","0","0","0","0","0","0","0","0","0","0","0","0","0","0","1","0","0","0","0","0","0","0","0","0","0","0","0","0","0","0","0","0","0","0","0","0","0","0","0","0","0","0","0","0","0","0","0","0","0","0"
"s25","voters","UNI0610","2","2","0","0","0","0","0","0","0","0","0","2","0","0","0","0","0","0","0","0","0","0","0","0","0","0","0","0","0","0","0","0","0","0","0","0","0","0","0","0","0","0","0","0","0","0","0","0","0","0","0","2","0","0","0","0","0","0","0","0","0","0","0","0","0","0","0","0","0","0","0","0","0","0","0","0","0","0","0","0","0","0","0","0","0","0","0","0","0","0","0","0","0","0","0","0","0","0","0","0","0","1","0","1","0","0","0","0","0","0","0","0","0","0","0","0","0","0","0","0","0","0","0","0","0","0","0","0","0","0","0","0","0","0","0","0","0"
"s25","voters","UNI0611","36","16","16","0","0","0","0","0","0","0","4","21","15","2","1","1","0","0","0","0","0","0","0","0","0","0","0","0","0","0","0","0","0","0","0","0","0","0","0","0","0","0","0","0","0","0","0","2","0","0","0","7","0","0","0","0","0","5","2","0","0","1","4","0","1","3","0","0","1","1","0","2","3","0","0","0","2","0","0","1","0","0","0","1","0","0","0","0","0","0","0","0","0","0","0","0","0","0","0","0","0","6","2","3","2","0","0","0","1","2","6","4","4","1","0","0","0","0","1","2","0","1","0","0","0","0","0","1","0","0","0","0","0","0","0","0","0"
"s25","voters","UNI0612","199","62","79","13","0","0","6","0","1","0","38","104","95","7","11","5","4","1","0","0","0","1","0","0","0","0","0","0","0","0","0","0","0","0","2","0","0","0","0","0","0","1","2","0","1","0","0","1","4","3","8","13","0","0","1","4","8","7","13","0","1","1","4","4","11","24","0","1","2","3","0","9","19","0","0","1","2","4","5","4","0","1","3","2","6","5","5","0","2","2","2","1","3","4","0","0","0","1","1","1","3","32","11","6","0","3","0","1","0","9","44","11","11","6","1","1","1","0","4","17","6","8","1","3","0","0","1","2","16","2","0","1","0","0","0","0","1"
"s25","voters","UNI0613","7","0","6","0","0","0","0","0","0","0","1","5","2","0","0","0","0","0","0","0","0","0","0","0","0","0","0","0","0","0","0","0","0","0","0","0","0","0","0","0","0","0","0","0","0","0","0","0","0","0","0","0","0","0","0","0","0","0","0","0","0","0","1","0","2","1","0","0","0","0","1","0","1","0","0","1","0","0","0","0","0","0","0","0","0","0","0","0","0","0","0","0","0","0","0","0","0","0","0","0","0","0","0","0","0","0","0","0","0","0","3","1","0","0","0","0","0","0","2","0","0","1","0","0","0","0","0","0","0","0","0","0","0","0","0","0","0"
"s25","voters","UNI0617","3","0","3","0","0","0","0","0","0","0","0","2","1","0","0","0","0","0","0","0","0","0","0","0","0","0","0","0","0","0","0","0","0","0","0","0","0","0","0","0","0","0","0","0","0","0","0","0","0","0","0","0","0","0","0","0","0","0","0","0","0","0","1","1","0","0","0","0","0","1","0","0","0","0","0","0","0","0","0","0","0","0","0","0","0","0","0","0","0","0","0","0","0","0","0","0","0","0","0","0","0","0","0","0","0","0","0","0","0","0","3","0","0","0","0","0","0","0","0","0","0","0","0","0","0","0","0","0","0","0","0","0","0","0","0","0","0"
"s25","voters","UNI0624","532","133","288","39","0","3","8","0","2","0","59","272","260","56","38","18","5","4","7","1","3","1","0","0","0","0","0","0","0","0","0","0","0","0","0","0","0","0","0","0","0","1","0","1","0","0","5","6","6","8","11","25","0","6","12","8","7","17","22","1","6","12","17","20","29","62","2","6","8","14","14","39","58","1","4","0","2","2","13","12","0","0","3","4","5","6","7","0","3","4","2","6","4","11","0","3","2","3","4","3","7","73","19","18","5","0","0","1","2","15","141","37","30","13","6","5","1","4","51","31","9","5","5","2","0","0","0","7","33","9","5","1","1","0","0","0","3"
"s25","voters","UNI0628","32","8","17","1","1","0","0","0","0","0","5","15","17","3","1","1","0","0","0","1","0","0","0","0","0","0","0","0","0","0","0","0","0","0","0","0","0","0","0","0","0","0","0","0","0","0","0","1","0","0","1","0","0","0","0","2","0","3","1","0","1","1","0","0","2","5","0","0","2","0","1","2","3","0","0","0","0","1","1","1","0","0","0","0","1","1","0","0","0","0","0","0","0","1","0","0","1","0","0","0","0","3","2","1","0","1","0","0","0","1","10","1","2","0","1","0","0","1","2","4","0","0","0","0","0","0","0","1","1","1","0","0","0","0","0","0","0"
"s25","voters","UNI0629","175","35","103","12","1","2","1","0","0","0","21","74","101","7","5","2","2","3","0","1","0","0","0","0","0","0","0","0","0","0","2","0","0","0","1","0","1","0","0","0","0","0","0","0","0","1","1","0","1","3","3","9","0","0","1","1","1","3","11","0","3","5","2","4","11","17","0","4","12","2","5","15","23","0","0","2","0","1","2","3","2","1","1","1","0","5","3","0","0","0","1","0","1","4","0","0","0","0","2","2","6","18","2","7","2","1","0","0","0","5","51","15","17","5","1","0","1","0","13","10","4","4","1","0","0","1","0","1","6","2","4","0","1","0","1","0","2"
"s25","voters","UNI0630","1","1","0","0","0","0","0","0","0","0","0","1","0","0","0","0","0","0","0","0","0","0","0","0","0","0","0","0","0","0","0","0","0","0","0","0","0","0","0","0","0","0","0","0","0","0","0","0","0","0","0","1","0","0","0","0","0","0","0","0","0","0","0","0","0","0","0","0","0","0","0","0","0","0","0","0","0","0","0","0","0","0","0","0","0","0","0","0","0","0","0","0","0","0","0","0","0","0","0","0","0","1","0","0","0","0","0","0","0","0","0","0","0","0","0","0","0","0","0","0","0","0","0","0","0","0","0","0","0","0","0","0","0","0","0","0","0"
"s25","voters","UNI0632","296","68","154","25","1","1","3","0","2","0","42","142","154","30","15","7","4","0","5","2","1","0","0","0","0","0","0","0","0","1","0","2","0","0","0","0","0","0","0","0","0","2","0","1","0","0","0","4","1","5","5","21","0","4","4","2","3","6","13","0","3","8","10","5","17","31","0","3","3","9","8","22","35","0","0","3","1","2","5","7","0","2","1","3","2","8","8","0","0","2","2","3","2","5","0","3","1","2","3","5","4","33","8","10","3","3","1","0","0","10","91","23","17","4","3","0","3","1","12","18","8","5","5","3","0","0","1","2","18","7","2","2","0","0","1","0","2"
"s25","voters","UNI0633","76","17","39","8","1","0","2","0","0","0","9","38","38","4","7","2","2","1","0","0","1","0","0","0","0","0","0","0","0","0","0","0","0","0","0","0","0","0","0","0","0","0","0","0","0","0","0","2","0","0","2","4","0","0","1","0","0","3","5","0","1","3","5","4","3","8","0","0","2","3","2","4","4","0","0","0","1","0","0","1","0","0","0","1","2","1","3","0","0","0","1","0","3","0","0","1","0","1","2","2","1","7","3","2","1","0","0","0","0","4","20","5","5","1","3","0","0","0","5","4","3","1","0","0","1","0","0","0","4","3","2","1","0","0","0","0","1"
"s25","voters","UNI0634","13","0","8","1","0","1","2","0","0","0","1","6","7","0","1","0","3","0","1","0","0","0","0","0","0","0","0","0","0","0","0","0","0","0","0","0","0","0","0","0","0","0","0","0","0","0","0","0","0","0","0","0","0","0","0","0","0","0","0","0","0","0","1","2","0","0","0","0","0","0","2","2","1","0","0","0","0","0","0","0","0","0","0","0","0","0","1","1","0","0","2","0","0","0","0","0","0","1","0","0","0","0","0","0","0","0","0","0","0","0","5","0","1","1","0","0","0","0","1","0","0","0","0","1","0","0","0","0","1","2","1","0","0","0","0","0","0"
"s25","voters","UNI0635","0","0","0","0","0","0","0","0","0","0","0","0","0","0","0","0","0","0","0","0","0","0","0","0","0","0","0","0","0","0","0","0","0","0","0","0","0","0","0","0","0","0","0","0","0","0","0","0","0","0","0","0","0","0","0","0","0","0","0","0","0","0","0","0","0","0","0","0","0","0","0","0","0","0","0","0","0","0","0","0","0","0","0","0","0","0","0","0","0","0","0","0","0","0","0","0","0","0","0","0","0","0","0","0","0","0","0","0","0","0","0","0","0","0","0","0","0","0","0","0","0","0","0","0","0","0","0","0","0","0","0","0","0","0","0","0","0"
"s25","voters","UNI0636","0","0","0","0","0","0","0","0","0","0","0","0","0","0","0","0","0","0","0","0","0","0","0","0","0","0","0","0","0","0","0","0","0","0","0","0","0","0","0","0","0","0","0","0","0","0","0","0","0","0","0","0","0","0","0","0","0","0","0","0","0","0","0","0","0","0","0","0","0","0","0","0","0","0","0","0","0","0","0","0","0","0","0","0","0","0","0","0","0","0","0","0","0","0","0","0","0","0","0","0","0","0","0","0","0","0","0","0","0","0","0","0","0","0","0","0","0","0","0","0","0","0","0","0","0","0","0","0","0","0","0","0","0","0","0","0","0"
"s25","voters","UNI0638","2","0","2","0","0","0","0","0","0","0","0","1","1","0","0","0","0","0","0","0","0","0","0","0","0","0","0","0","0","0","0","0","0","0","0","0","0","0","0","0","0","0","0","0","0","0","0","0","0","0","0","0","0","0","0","0","0","0","0","0","0","0","0","0","0","1","0","0","0","0","0","0","1","0","0","0","0","0","0","0","0","0","0","0","0","0","0","0","0","0","0","0","0","0","0","0","0","0","0","0","0","0","0","0","0","0","0","0","0","0","1","0","0","0","0","0","0","0","1","0","0","0","0","0","0","0","0","0","0","0","0","0","0","0","0","0","0"
"s25","voters","UNI0641","234","58","120","24","1","3","5","0","1","0","22","115","119","14","8","8","7","2","3","1","1","0","2","0","0","0","0","0","0","1","0","0","0","0","0","0","0","0","0","0","0","0","0","0","0","0","1","4","5","1","4","12","0","1","1","6","2","5","16","2","3","2","3","10","11","26","0","1","5","8","3","18","28","0","0","1","0","1","4","4","0","1","1","3","2","3","2","0","2","2","2","6","5","4","0","0","2","2","2","1","6","31","9","7","1","4","0","1","0","5","63","17","12","2","8","0","1","2","15","14","5","2","1","0","0","0","0","0","22","6","5","0","0","1","0","0","0"
"s25","voters","UNI0642","90","25","42","6","0","2","2","0","0","0","13","44","46","9","2","1","1","2","0","2","0","0","0","0","0","0","0","0","0","0","0","0","0","0","0","0","0","0","0","0","0","0","0","0","0","0","0","1","0","4","2","4","0","0","2","1","2","5","4","0","0","2","4","3","5","6","0","1","0","2","4","5","10","0","1","1","0","2","3","0","0","1","0","0","1","2","2","0","1","0","1","0","1","3","0","0","0","1","0","1","2","14","7","2","0","0","0","0","1","1","24","7","4","2","0","1","0","2","2","5","3","2","2","1","0","0","0","0","2","6","1","0","0","0","0","0","1"
"s25","voters","UNI0644","50","10","30","0","0","0","1","0","0","0","9","22","28","2","0","1","0","0","2","0","1","0","0","1","0","0","0","0","0","0","0","0","0","0","0","0","0","0","0","0","0","1","0","0","0","0","0","0","0","0","0","4","0","0","0","0","1","4","1","0","1","0","0","0","3","10","0","1","0","0","2","3","10","0","1","0","0","1","0","1","0","1","0","1","1","0","3","0","0","0","0","0","1","0","0","0","0","0","0","0","0","4","1","2","1","0","0","0","0","2","13","6","2","2","1","0","0","0","6","6","0","0","1","0","0","0","1","1","1","0","0","0","0","0","0","0","0"
"s25","voters","UNI0645","1","0","0","1","0","0","0","0","0","0","0","0","1","0","0","0","0","0","0","0","0","0","0","0","0","0","0","0","0","0","0","0","0","0","0","0","0","0","0","0","0","0","0","0","0","0","0","0","0","0","0","0","0","0","0","0","0","0","0","0","0","0","0","0","0","0","0","0","0","0","0","0","0","0","0","0","0","0","0","0","0","0","0","0","0","0","0","0","0","0","0","0","0","0","0","0","0","0","0","1","0","0","0","0","0","0","0","0","0","0","0","0","0","0","0","0","0","0","0","0","0","0","0","0","0","0","0","0","1","0","0","0","0","0","0","0","0"
"s25","voters","UNI0647","9","0","4","0","0","0","1","0","0","0","4","5","4","0","0","2","1","0","0","0","0","0","0","0","0","0","0","0","0","0","0","0","0","0","0","0","0","0","0","0","0","0","0","0","0","0","0","0","0","0","0","0","0","0","0","0","0","0","0","0","0","0","2","0","0","1","0","0","1","0","0","0","0","0","0","0","0","0","0","2","0","0","0","0","1","1","0","0","0","0","0","0","0","0","0","0","0","0","0","0","1","0","0","0","0","0","0","0","0","0","3","0","1","0","0","0","0","0","0","1","2","0","0","0","1","0","0","0","0","0","0","0","0","0","0","0","1"
"s25","voters","UNI0650","42","14","19","5","1","0","1","0","0","0","2","18","24","4","2","0","0","0","0","0","0","0","0","0","0","0","0","0","0","0","0","0","0","0","0","0","0","0","0","0","0","0","0","0","1","0","0","0","1","2","0","4","0","1","0","2","1","2","1","0","0","0","0","0","2","7","0","0","0","1","1","2","6","0","0","0","0","0","1","0","0","0","0","0","0","0","1","0","0","0","0","0","1","0","0","0","0","0","1","3","2","8","3","3","0","0","0","0","0","0","7","3","3","1","0","1","1","0","3","2","0","0","0","0","0","0","0","0","4","1","2","0","0","0","0","0","0"
"s25","voters","UNI0651","4","0","4","0","0","0","0","0","0","0","0","1","3","0","1","0","0","0","0","0","0","0","0","0","0","0","0","0","0","0","0","0","0","0","0","0","0","0","0","0","0","0","0","0","0","0","0","0","0","0","0","0","0","0","0","0","0","0","0","0","0","0","0","1","0","0","0","0","0","0","1","0","2","0","0","0","0","0","0","0","0","0","0","0","0","0","0","0","0","0","0","0","0","0","0","0","0","0","0","0","0","0","0","0","0","0","0","0","0","0","3","0","1","0","0","0","0","0","0","0","0","0","0","0","0","0","0","0","0","0","0","0","0","0","0","0","0"
"s25","voters","UNI0661","2","1","1","0","0","0","0","0","0","0","0","0","2","1","0","0","0","0","0","0","0","0","0","0","0","0","0","0","0","0","0","0","0","0","0","0","0","0","0","0","0","0","0","0","0","0","0","0","0","0","0","0","0","1","0","0","0","0","0","0","0","0","0","0","0","0","0","0","0","0","0","1","0","0","0","0","0","0","0","0","0","0","0","0","0","0","0","0","0","0","0","0","0","0","0","0","0","0","0","0","0","1","0","0","0","0","0","0","0","0","1","0","0","0","0","0","0","0","0","0","0","0","0","0","0","0","0","0","0","0","0","0","0","0","0","0","0"
"s25","voters","UNI0666","17","3","9","0","0","1","0","0","0","0","4","9","8","0","1","1","0","0","0","0","0","0","0","0","0","0","0","0","0","0","0","0","0","0","0","2","0","0","0","0","0","0","0","0","0","0","0","0","0","0","0","1","0","0","0","0","0","1","1","0","0","0","1","0","2","2","0","1","1","0","0","1","1","0","0","1","0","0","1","0","0","0","0","0","0","1","1","0","0","0","0","0","0","1","0","0","0","0","0","0","0","2","1","0","0","0","0","0","0","0","5","2","0","0","0","0","1","0","1","2","1","1","0","0","0","0","0","0","0","0","0","1","0","0","0","0","0"
"s25","voters","UNI0667","3","0","2","0","1","0","0","0","0","0","0","1","2","0","0","0","1","0","0","0","0","0","0","0","0","0","0","0","0","0","0","0","0","0","0","0","0","0","0","0","0","0","0","0","0","0","0","0","0","0","0","0","0","0","0","0","0","0","0","0","0","0","0","0","0","1","0","0","0","0","0","0","1","0","0","0","0","0","0","0","0","0","0","0","0","0","0","0","0","0","0","0","0","0","0","0","1","0","0","0","0","0","0","0","0","0","0","0","0","0","1","0","1","0","0","0","0","0","0","0","0","0","0","0","0","0","0","0","1","0","0","0","0","0","0","0","0"
"s25","voters","UNI0668","2","1","0","0","0","0","0","0","0","0","1","1","1","0","0","0","0","1","0","0","0","0","0","0","0","0","0","0","0","0","0","0","0","0","0","0","0","0","0","0","0","0","0","0","0","0","0","0","0","0","0","0","0","0","1","0","0","0","0","0","0","0","0","0","0","0","0","0","0","0","0","0","0","0","0","0","1","0","0","0","0","0","0","0","0","0","0","0","0","0","0","0","0","0","0","0","0","0","0","0","0","0","0","0","1","0","0","0","0","0","0","0","0","0","0","0","0","0","0","0","0","1","0","0","0","0","0","0","0","0","0","0","0","0","0","0","0"
"s25","voters","UNI0669","28","11","11","0","0","0","0","0","1","0","5","11","17","4","2","2","0","0","0","0","0","0","0","0","0","0","0","0","0","1","0","0","0","0","0","0","0","1","0","0","0","0","0","0","0","0","0","1","0","0","1","3","0","0","1","0","2","0","3","0","0","0","0","1","1","2","0","0","3","0","1","2","1","0","0","0","1","0","0","1","0","0","1","1","0","0","1","0","0","0","0","0","0","0","0","0","0","0","1","0","0","8","1","0","0","0","0","0","0","2","7","1","1","0","0","0","0","0","2","2","0","0","1","0","0","0","1","1","1","0","0","0","0","0","0","0","0"
"s25","voters","UNI0670","8","2","6","0","0","0","0","0","0","0","0","4","4","0","0","0","0","0","0","0","0","0","0","0","0","0","0","0","0","0","0","0","0","0","0","0","0","0","0","0","0","0","0","0","0","0","0","0","0","0","0","1","0","0","0","0","0","0","1","0","1","0","0","1","1","0","0","1","0","0","1","1","0","0","0","0","0","0","0","0","0","0","0","0","0","0","0","0","0","0","0","0","0","0","0","0","0","0","0","0","0","0","2","0","0","0","0","0","0","0","4","0","1","0","0","0","0","0","1","0","0","0","0","0","0","0","0","0","0","0","0","0","0","0","0","0","0"
"s25","voters","UNI0673","9","1","8","0","0","0","0","0","0","0","0","5","4","1","0","0","0","0","0","0","0","0","0","0","0","0","0","0","0","0","0","0","0","0","0","0","0","0","0","0","0","0","0","0","0","0","0","0","0","0","0","1","0","0","0","0","0","0","0","0","0","1","0","2","0","1","0","0","2","0","1","0","1","0","0","0","0","0","0","0","0","0","0","0","0","0","0","0","0","0","0","0","0","0","0","0","0","0","0","0","0","0","0","0","0","0","0","0","0","1","3","0","5","0","0","0","0","0","0","0","0","0","0","0","0","0","0","0","0","0","0","0","0","0","0","0","0"
"s25","voters","UNI0675","6","2","2","0","0","0","0","0","0","0","2","3","3","1","0","0","0","0","0","0","0","0","0","0","0","0","0","0","0","0","0","0","0","0","0","0","0","0","0","0","0","0","0","0","0","0","1","0","0","0","0","0","0","0","0","0","0","0","1","0","0","0","0","0","0","1","0","0","0","0","0","1","0","0","0","0","0","1","0","0","0","0","0","0","1","0","0","0","0","0","0","0","0","0","0","0","0","0","0","0","0","1","0","0","0","0","0","0","0","1","1","1","0","0","0","0","0","0","0","1","0","1","0","0","0","0","0","0","0","0","0","0","0","0","0","0","0"
"s25","voters","UNI0680","3","1","1","0","0","0","0","0","0","0","1","2","1","0","0","0","0","0","0","0","0","0","0","0","0","0","0","0","0","0","0","0","0","0","0","0","0","0","0","0","0","0","0","0","0","0","0","0","0","0","0","0","0","0","0","0","1","0","0","0","0","0","0","0","1","0","0","0","0","0","0","0","0","0","0","0","0","0","0","1","0","0","0","0","0","0","0","0","0","0","0","0","0","0","0","0","0","0","0","0","0","0","0","1","0","0","0","0","0","0","0","0","1","0","0","0","0","0","0","0","0","1","0","0","0","0","0","0","0","0","0","0","0","0","0","0","0"
"s25","voters","UNI0683","3","0","3","0","0","0","0","0","0","0","0","2","1","0","0","0","0","0","0","0","0","0","0","0","0","0","0","0","0","0","0","0","0","0","0","0","0","0","0","0","0","0","0","0","0","0","0","0","0","0","0","0","0","0","0","0","0","0","0","0","0","0","0","0","1","1","0","0","0","0","0","1","0","0","0","0","0","0","0","0","0","0","0","0","0","0","0","0","0","0","0","0","0","0","0","0","0","0","0","0","0","0","0","0","0","0","0","0","0","0","2","0","1","0","0","0","0","0","0","0","0","0","0","0","0","0","0","0","0","0","0","0","0","0","0","0","0"
"s25","voters","UNI0684","11","6","4","0","0","0","0","0","0","0","1","6","5","1","0","0","0","0","0","0","0","0","0","0","0","0","0","0","0","0","0","0","0","0","0","0","0","2","0","0","0","0","0","0","0","0","1","0","1","0","0","0","0","2","0","0","0","1","1","0","0","0","1","0","1","1","0","0","0","0","0","0","1","0","0","1","0","0","0","0","0","0","0","0","0","0","0","0","0","0","0","0","0","0","0","0","0","0","0","0","0","4","1","0","0","1","0","0","0","0","1","1","1","0","0","0","0","0","1","1","0","0","0","0","0","0","0","0","0","0","0","0","0","0","0","0","0"
"s25","voters","UNI0685","3","1","0","0","0","0","0","0","0","0","2","2","1","0","0","0","0","0","0","0","0","0","0","0","0","0","0","0","0","0","0","0","0","0","0","0","0","0","0","0","0","0","0","0","0","0","0","0","0","0","0","1","0","0","0","0","0","0","0","0","0","0","0","0","0","0","0","0","0","0","0","0","0","0","0","0","0","0","0","1","0","0","0","0","0","0","1","0","0","0","0","0","0","0","0","0","0","0","0","0","0","0","1","0","0","0","0","0","0","0","0","0","0","0","0","0","0","0","0","0","0","1","0","0","0","0","0","1","0","0","0","0","0","0","0","0","0"
"s25","voters","UNI0686","2","0","0","1","0","0","0","0","0","0","1","1","1","0","0","0","0","0","0","0","0","0","0","0","0","0","0","0","0","0","0","0","0","0","0","0","0","0","0","0","0","0","0","0","0","0","0","0","0","0","0","0","0","0","0","0","0","0","0","0","0","0","0","0","0","0","0","0","0","0","0","0","0","0","0","0","0","0","0","1","0","0","0","0","0","0","0","0","0","0","0","0","0","0","0","0","0","0","0","0","1","0","0","0","0","0","0","0","0","0","0","0","0","0","0","0","0","0","0","1","0","0","0","0","0","0","0","0","0","0","0","0","0","0","1","0","0"
"s25","voters","UNI0688","4","2","2","0","0","0","0","0","0","0","0","2","2","0","0","0","0","0","0","0","0","0","0","0","0","0","0","0","0","0","0","0","0","0","0","0","0","0","0","0","0","0","0","0","0","0","0","0","1","0","0","0","0","0","0","1","0","0","0","0","0","0","0","0","1","0","0","0","0","0","0","0","1","0","0","0","0","0","0","0","0","0","0","0","0","0","0","0","0","0","0","0","0","0","0","0","0","0","0","0","0","2","0","0","0","0","0","0","0","0","2","0","0","0","0","0","0","0","0","0","0","0","0","0","0","0","0","0","0","0","0","0","0","0","0","0","0"
"s25","voters","UNI0690","0","0","0","0","0","0","0","0","0","0","0","0","0","0","0","0","0","0","0","0","0","0","0","0","0","0","0","0","0","0","0","0","0","0","0","0","0","0","0","0","0","0","0","0","0","0","0","0","0","0","0","0","0","0","0","0","0","0","0","0","0","0","0","0","0","0","0","0","0","0","0","0","0","0","0","0","0","0","0","0","0","0","0","0","0","0","0","0","0","0","0","0","0","0","0","0","0","0","0","0","0","0","0","0","0","0","0","0","0","0","0","0","0","0","0","0","0","0","0","0","0","0","0","0","0","0","0","0","0","0","0","0","0","0","0","0","0"
"s25","voters","UNI0693","62","30","13","7","0","1","2","0","0","0","9","30","32","4","1","2","0","2","0","0","1","0","0","0","0","0","0","0","0","0","0","0","0","0","0","0","0","0","0","0","0","0","0","0","0","0","0","2","2","2","2","3","0","0","3","4","4","1","7","0","0","0","1","0","1","3","0","0","2","0","0","4","2","0","1","1","2","1","0","1","0","0","0","0","0","1","2","0","0","1","1","0","4","2","0","0","0","0","0","1","1","19","2","5","1","2","0","0","0","1","9","0","1","1","2","0","0","0","0","3","2","1","0","0","1","1","0","1","8","2","0","0","0","0","0","0","0"
"s25","voters","UNI0695","1140","447","414","73","5","14","17","0","4","0","166","542","598","67","31","20","18","22","20","1","6","1","2","0","0","0","0","0","0","1","1","0","0","1","0","0","0","0","0","0","0","0","2","1","1","0","0","16","27","24","37","85","1","10","32","23","29","57","106","4","3","12","23","26","59","76","0","3","9","28","21","70","80","1","2","8","17","13","21","26","0","3","11","17","10","14","23","0","1","10","9","3","13","26","2","1","6","4","8","12","18","251","82","44","18","15","3","6","2","26","230","64","52","12","13","3","4","3","33","91","22","27","7","3","1","0","1","14","60","17","12","8","4","0","3","1","8"
"s25","voters","UNI0697","1","0","1","0","0","0","0","0","0","0","0","1","0","0","0","0","0","0","0","0","0","0","0","0","0","0","0","0","0","0","0","0","0","0","0","0","0","0","0","0","0","0","0","0","0","0","0","0","0","0","0","0","0","0","0","0","0","0","0","0","0","0","0","0","0","1","0","0","0","0","0","0","0","0","0","0","0","0","0","0","0","0","0","0","0","0","0","0","0","0","0","0","0","0","0","0","0","0","0","0","0","0","0","0","0","0","0","0","0","0","0","1","0","0","0","0","0","0","0","0","0","0","0","0","0","0","0","0","0","0","0","0","0","0","0","0","0"
"s25","voters","UNI0698","9","4","2","2","0","0","0","0","0","0","1","3","6","0","0","0","1","0","0","1","0","0","0","0","0","0","0","0","0","0","0","0","0","0","0","0","0","0","0","0","0","0","0","0","0","0","0","0","0","1","0","0","0","0","0","0","0","0","3","0","0","0","0","0","0","1","0","0","0","0","0","1","0","0","0","0","0","1","0","0","0","0","0","0","0","0","0","0","0","0","0","0","0","0","0","1","0","0","0","1","0","2","0","0","0","0","0","0","1","1","1","1","0","0","0","0","0","0","0","0","0","0","0","0","0","1","0","0","2","0","0","0","0","0","0","0","0"
"s25","voters","UNI0699","6","4","1","0","0","0","0","0","0","0","1","2","4","0","0","1","0","0","0","0","0","0","0","0","0","0","0","0","0","0","0","0","0","0","0","0","0","0","0","0","0","0","0","0","0","0","0","0","0","1","0","1","0","0","1","0","1","0","0","0","0","0","0","0","0","0","0","0","0","0","0","0","1","0","0","0","0","0","0","0","0","0","0","1","0","0","0","0","0","0","0","0","0","0","0","0","0","0","0","0","0","4","0","0","0","0","0","0","0","0","1","0","0","0","0","0","0","0","0","1","0","0","0","0","0","0","0","0","0","0","0","0","0","0","0","0","0"
"s25","voters","UNI0700","202","83","78","14","0","0","2","0","0","0","25","97","105","6","5","3","2","5","1","2","1","0","0","0","0","0","0","0","0","0","0","0","0","0","0","0","0","0","0","0","0","0","0","0","0","0","0","0","4","4","4","22","0","0","1","5","12","8","23","0","1","0","3","4","3","26","0","0","2","2","3","9","25","0","0","1","3","3","4","7","0","0","0","0","3","3","1","0","0","0","0","1","1","6","0","0","1","1","0","1","5","40","12","17","3","5","0","0","0","6","39","11","5","5","6","1","0","1","10","16","5","2","0","1","0","1","0","0","7","3","4","2","0","0","0","0","0"
"s25","voters","UNI0702","98","38","30","9","0","0","0","0","4","0","17","52","46","1","2","0","1","3","1","1","2","0","0","0","0","0","0","0","0","0","0","0","0","0","0","0","0","0","0","0","0","2","0","0","0","0","0","0","2","2","1","12","0","0","0","4","1","3","13","0","0","1","2","3","3","4","0","0","0","4","0","4","9","0","0","0","3","3","2","6","0","0","0","0","2","0","1","0","0","0","2","0","0","6","0","0","0","1","0","2","2","18","6","3","2","1","0","2","0","6","14","6","5","1","0","0","0","0","4","6","2","5","0","0","1","2","0","1","9","0","3","0","0","0","0","0","1"
"s25","voters","UNI0703","0","0","0","0","0","0","0","0","0","0","0","0","0","0","0","0","0","0","0","0","0","0","0","0","0","0","0","0","0","0","0","0","0","0","0","0","0","0","0","0","0","0","0","0","0","0","0","0","0","0","0","0","0","0","0","0","0","0","0","0","0","0","0","0","0","0","0","0","0","0","0","0","0","0","0","0","0","0","0","0","0","0","0","0","0","0","0","0","0","0","0","0","0","0","0","0","0","0","0","0","0","0","0","0","0","0","0","0","0","0","0","0","0","0","0","0","0","0","0","0","0","0","0","0","0","0","0","0","0","0","0","0","0","0","0","0","0"
"s25","voters","UNI0704","221","103","53","13","2","3","3","0","3","0","41","99","122","12","5","6","4","6","5","0","2","0","0","0","0","0","0","0","0","0","0","0","0","1","0","1","0","0","0","0","0","1","0","1","0","1","1","4","5","4","15","14","0","1","9","3","7","14","25","0","1","1","4","1","4","10","0","0","3","6","3","12","8","0","2","3","3","3","3","7","0","1","1","5","2","3","8","0","1","2","2","1","1","6","0","1","0","2","2","3","3","68","19","6","4","0","1","0","0","5","35","9","6","1","1","0","0","0","1","25","2","4","5","0","0","2","0","3","13","7","2","0","1","0","0","1","0"
"s25","voters","UNI0705","39","27","7","1","0","0","0","0","0","0","4","18","21","2","0","1","0","1","0","0","0","0","0","0","0","0","0","0","0","0","0","0","0","0","0","0","0","0","0","0","0","0","0","0","0","0","0","0","3","0","5","4","0","0","0","1","1","5","8","0","0","1","0","1","0","2","0","0","0","0","1","1","1","0","0","0","0","2","0","0","0","0","0","1","0","1","0","0","0","0","0","0","0","0","0","0","0","0","0","0","1","12","6","3","0","3","0","0","0","3","3","2","1","0","1","0","0","0","0","1","1","0","0","1","0","1","0","0","1","0","0","0","0","0","0","0","0"
"s25","voters","UNI0706","276","112","89","23","0","2","4","0","3","1","42","140","136","3","5","2","4","4","3","5","4","0","0","0","0","0","0","0","0","0","0","0","0","0","0","0","0","0","0","0","0","0","0","0","0","0","1","6","5","4","9","25","0","0","5","8","3","14","32","0","1","0","1","6","12","27","0","0","3","4","5","10","20","0","1","3","3","4","8","10","0","1","0","1","3","4","4","0","0","1","1","4","3","5","2","1","2","3","1","3","7","68","14","13","2","4","0","2","0","9","47","6","19","2","2","0","1","1","11","28","2","5","2","2","0","2","1","0","17","8","4","0","1","1","0","0","2"
"s25","voters","UNI0707","1","1","0","0","0","0","0","0","0","0","0","1","0","0","0","0","0","0","0","0","0","0","0","0","0","0","0","0","0","0","0","0","0","0","0","0","0","0","0","0","0","0","0","0","0","0","1","0","0","0","0","0","0","0","0","0","0","0","0","0","0","0","0","0","0","0","0","0","0","0","0","0","0","0","0","0","0","0","0","0","0","0","0","0","0","0","0","0","0","0","0","0","0","0","0","0","0","0","0","0","0","1","0","0","0","0","0","0","0","0","0","0","0","0","0","0","0","0","0","0","0","0","0","0","0","0","0","0","0","0","0","0","0","0","0","0","0"
"s25","voters","UNI0709","162","65","64","6","0","1","4","0","1","0","21","76","86","8","6","2","2","8","0","3","0","0","0","0","0","0","0","0","0","0","0","0","0","0","0","0","0","0","0","0","0","0","0","0","0","0","0","1","9","3","9","7","0","2","4","5","5","7","13","0","0","2","6","3","7","14","0","1","2","10","6","5","8","0","1","1","0","3","3","2","0","0","0","4","2","1","4","0","0","0","1","0","0","4","0","0","2","2","0","1","2","36","10","9","2","2","2","2","0","2","32","7","13","3","4","0","1","1","3","12","2","3","2","0","0","1","0","1","9","3","0","0","0","0","0","0","0"
"s25","voters","UNI0710","135","62","40","6","1","0","0","0","0","0","26","57","78","3","6","1","0","3","0","3","0","0","0","0","0","0","0","1","0","0","0","0","0","0","0","0","0","0","0","0","0","2","0","0","0","0","1","1","2","2","5","10","0","3","5","3","3","3","24","0","1","1","1","0","2","10","0","2","1","1","1","2","18","0","1","1","2","2","6","5","0","1","0","2","1","4","1","0","0","0","0","0","3","1","0","0","0","0","0","1","2","39","8","4","3","3","0","1","0","4","16","9","4","1","0","0","0","1","9","17","1","4","2","0","0","1","0","1","2","0","2","1","1","0","0","0","1"
"s25","voters","UNI0711","215","87","63","15","2","2","4","0","1","0","41","95","120","10","10","6","4","1","0","1","1","0","0","0","0","0","0","0","0","0","0","0","0","0","1","0","0","0","0","0","0","1","0","0","0","0","0","3","7","5","10","12","0","2","9","7","9","11","12","0","0","1","6","3","5","17","0","0","3","5","3","5","15","0","0","3","4","1","5","5","0","0","5","4","5","2","7","0","0","1","1","0","3","3","0","2","1","2","2","2","7","57","9","13","6","2","0","0","0","0","40","9","4","4","0","0","0","2","4","26","7","2","2","1","0","1","0","2","16","2","2","2","2","0","0","0","0"
"s25","voters","UNI0712","329","134","113","14","3","4","7","0","2","0","52","150","179","10","12","2","6","7","3","6","1","0","0","0","0","0","0","0","0","0","0","0","0","0","0","2","0","0","0","0","0","3","1","0","0","1","3","3","8","3","8","26","0","1","9","10","11","19","32","1","2","3","2","10","10","27","0","3","4","2","6","15","28","0","1","1","6","3","3","14","0","1","1","5","3","5","9","0","2","1","4","2","3","3","0","0","0","3","2","4","6","79","24","17","5","2","1","2","1","3","63","13","18","1","6","0","2","1","9","26","12","3","2","4","0","1","0","4","27","2","0","1","0","0","0","0","0"
"s25","voters","UNI0713","198","93","59","9","2","2","2","0","2","0","29","95","103","4","1","0","0","9","0","2","1","0","0","0","0","1","2","0","1","0","0","0","0","0","0","0","0","0","0","0","0","1","0","0","0","0","2","0","6","5","8","25","0","0","1","7","8","12","19","0","0","1","1","1","8","15","0","1","1","1","2","7","21","0","0","0","1","3","2","8","0","0","0","2","0","7","6","0","0","0","1","2","2","4","0","0","0","1","2","2","3","50","17","12","4","0","1","0","0","9","30","7","6","1","2","1","0","0","12","15","4","4","0","2","0","0","0","4","9","4","3","0","0","0","1","0","0"
"s25","voters","UNI0714","333","151","91","17","0","5","9","0","3","0","57","157","176","13","3","1","1","10","4","1","4","0","0","1","0","1","0","0","0","3","0","0","1","0","0","0","0","0","1","0","0","1","1","0","0","1","2","6","11","5","17","24","0","2","4","16","12","13","38","0","2","3","6","11","13","14","0","0","1","8","6","11","16","1","1","3","5","4","3","6","0","2","0","11","5","4","12","0","0","1","9","3","3","3","0","1","3","4","1","3","3","81","32","17","5","6","1","2","0","7","47","12","17","0","3","1","2","0","9","41","3","5","4","0","0","1","0","3","20","10","0","1","1","1","1","0","0"
"s25","voters","UNI0717","2","1","0","0","0","1","0","0","0","0","0","1","1","0","0","0","0","0","0","0","0","0","0","0","0","0","0","0","0","0","0","0","0","0","0","0","0","0","0","0","0","0","0","0","0","0","0","1","0","0","0","0","0","0","0","0","0","0","0","0","0","0","0","0","0","0","0","0","0","0","0","0","0","0","0","0","0","0","0","0","0","0","0","0","0","0","0","0","0","0","0","0","0","0","0","0","0","1","0","0","0","0","0","1","0","0","0","0","0","0","0","0","0","0","0","0","0","0","0","0","0","0","0","0","0","0","0","0","1","0","0","0","0","0","0","0","0"
"s25","voters","UNI0718","5","3","1","0","0","0","1","0","0","0","0","4","1","0","0","0","0","0","1","0","0","0","0","0","0","0","0","0","0","0","0","0","0","0","0","0","0","0","0","0","0","0","0","0","0","0","0","0","0","0","0","2","0","0","0","0","0","0","1","0","0","0","0","0","0","1","0","0","0","0","0","0","0","0","0","0","0","0","0","0","0","0","0","0","0","0","0","0","0","0","0","0","0","1","0","0","0","0","0","0","0","2","1","0","0","0","0","0","0","0","0","0","0","0","1","0","0","0","0","0","0","0","0","0","0","0","0","0","1","0","0","0","0","0","0","0","0"
"s25","voters","UNI0798","434","144","189","26","2","4","2","0","2","0","65","224","210","25","11","6","5","3","13","1","0","2","0","0","0","1","0","0","0","0","0","1","0","0","0","0","0","0","0","0","0","0","2","0","0","0","1","5","8","9","10","26","0","2","12","12","12","15","32","0","6","4","13","16","28","39","0","1","4","12","11","19","36","1","2","1","9","12","6","11","1","0","3","3","6","3","7","0","0","1","1","3","5","7","1","1","2","1","3","5","6","88","26","10","2","4","0","2","0","12","108","26","26","7","7","0","0","1","14","34","11","9","3","4","0","1","0","3","26","3","4","1","0","0","0","1","1"
"s25","voters","UNI0799","14","7","6","0","0","0","0","0","0","0","1","8","6","4","0","1","0","0","0","0","0","0","0","0","0","0","0","0","0","0","0","0","0","0","0","0","0","0","0","0","0","0","0","0","0","0","2","0","0","1","0","1","0","0","0","1","1","1","0","0","0","0","1","0","0","2","0","0","0","1","0","0","2","0","0","0","0","0","1","0","0","0","0","0","0","0","0","0","0","0","0","0","0","0","0","0","0","0","0","0","0","3","1","1","1","0","0","0","0","1","1","1","3","1","0","0","0","0","0","0","1","0","0","0","0","0","0","0","0","0","0","0","0","0","0","0","0"
"s25","voters","UNI0801","69","28","23","3","0","0","1","0","1","0","13","38","31","5","2","0","0","0","0","0","0","0","0","0","0","0","0","0","0","0","0","0","0","1","0","1","0","0","0","0","0","0","0","0","0","0","0","2","0","3","2","7","0","1","2","0","1","3","7","0","1","2","0","1","4","3","0","0","1","0","1","6","4","0","2","1","0","0","5","1","0","0","1","0","0","3","0","0","1","1","0","0","1","1","0","0","0","0","0","1","0","17","6","4","1","0","0","0","0","0","10","5","2","4","0","0","0","0","2","6","4","1","1","1","0","0","0","0","5","0","0","0","0","0","0","0","0"
"s25","voters","UNI0802","149","37","87","9","0","0","0","0","0","0","16","70","79","12","12","5","2","0","3","1","0","0","0","0","0","0","0","0","0","0","0","0","0","0","0","0","0","0","0","0","0","0","1","0","1","0","2","3","2","1","2","7","0","1","5","3","2","4","5","0","3","3","8","6","13","9","0","1","9","7","6","7","15","1","1","0","2","2","0","2","0","0","0","1","2","3","2","0","0","1","0","1","1","0","0","1","1","2","0","0","2","21","6","4","1","3","0","0","0","2","51","16","11","2","2","1","0","0","4","8","3","3","1","0","0","0","0","1","4","2","1","0","0","1","0","0","1"
"s25","voters","UNI0803","15","0","10","1","0","0","2","0","0","0","2","8","7","0","2","0","0","0","3","0","1","0","0","0","0","0","0","0","0","0","0","0","0","0","0","0","0","0","0","0","0","0","0","0","0","0","0","0","0","0","0","0","0","0","0","0","0","0","0","0","0","1","0","0","0","4","0","0","1","0","1","0","3","0","0","0","0","0","0","1","0","0","0","1","0","0","0","0","0","0","1","0","1","0","0","0","0","0","0","1","0","0","0","0","0","0","0","0","0","0","6","1","1","0","0","1","0","0","1","1","1","0","0","0","0","0","0","0","2","1","0","0","0","0","0","0","0"
"s25","voters","UNI0804","46","8","28","0","0","1","0","0","0","0","9","20","26","2","0","0","0","0","1","0","0","0","0","0","0","0","0","0","0","0","0","0","0","0","0","0","0","0","0","0","0","0","0","0","0","0","0","0","1","0","0","2","0","1","0","0","0","1","3","0","0","1","0","0","3","6","0","0","1","3","1","5","8","0","0","3","1","1","1","1","0","0","0","1","0","1","0","0","0","0","0","0","0","0","0","0","0","0","0","0","1","6","0","0","0","0","0","0","0","2","15","6","3","0","0","1","0","1","2","5","1","1","1","0","0","1","0","0","0","1","0","0","0","0","0","0","0"
"s25","voters","UNI0806","7","0","7","0","0","0","0","0","0","0","0","3","4","0","0","0","0","0","0","0","0","0","0","0","0","0","0","0","0","0","0","0","0","0","0","0","0","0","0","0","0","0","0","0","0","0","0","0","0","0","0","0","0","0","0","0","0","0","0","0","0","0","0","1","0","2","0","0","0","0","1","0","3","0","0","0","0","0","0","0","0","0","0","0","0","0","0","0","0","0","0","0","0","0","0","0","0","0","0","0","0","0","0","0","0","0","0","0","0","0","2","1","0","0","2","0","0","0","2","0","0","0","0","0","0","0","0","0","0","0","0","0","0","0","0","0","0"
"s25","voters","UNI0808","35","16","12","3","0","0","0","0","1","0","3","14","21","7","2","2","0","1","0","0","0","0","0","0","0","0","0","0","0","0","0","0","0","0","0","0","0","0","0","0","0","0","0","0","0","0","0","0","0","1","1","4","0","0","2","0","1","3","4","0","0","0","2","1","1","2","0","0","0","0","1","4","1","0","0","0","0","1","0","0","0","1","0","1","0","0","0","0","0","0","0","0","0","1","0","0","1","1","0","0","1","8","1","4","0","0","0","0","0","3","8","0","0","1","0","0","0","0","3","2","0","0","1","0","0","0","0","0","3","1","0","0","0","0","0","0","0"
"s25","voters","UNI0809","45","9","27","2","0","0","1","0","0","0","6","23","22","1","7","1","0","0","0","1","0","0","0","0","0","0","0","0","0","0","0","0","0","0","0","0","0","0","0","0","0","0","0","0","0","0","0","0","0","0","0","2","0","0","2","1","0","0","4","0","0","2","2","2","4","5","0","1","1","1","2","5","2","0","0","0","0","0","0","4","0","0","0","0","0","1","1","0","0","0","0","1","0","1","0","0","0","0","1","0","0","4","2","1","0","0","1","0","0","1","15","4","2","1","0","0","0","1","4","4","0","0","1","1","0","0","0","0","1","1","1","0","0","0","0","0","0"
"s25","voters","UNI0811","10","2","6","1","0","0","0","0","0","0","1","5","5","0","0","1","0","0","0","0","0","0","0","0","0","0","0","0","0","0","0","0","0","0","0","0","0","0","0","0","0","0","0","0","0","0","0","0","0","0","0","0","0","1","0","0","0","1","0","0","0","0","0","1","2","0","0","1","0","0","1","1","0","0","1","0","0","0","0","0","0","0","0","0","0","0","0","0","0","0","0","0","1","0","0","0","0","0","0","0","0","1","0","1","0","0","0","0","0","0","2","0","3","0","0","0","0","0","1","1","0","0","0","0","0","0","0","0","0","1","0","0","0","0","0","0","0"
"s25","voters","UNI0812","28","11","14","1","0","0","0","0","0","0","2","14","14","0","0","0","0","0","0","0","0","0","0","0","0","0","0","0","0","0","0","0","0","0","0","0","0","0","0","0","0","1","0","0","0","0","1","0","1","1","2","0","0","0","0","2","2","2","0","1","0","1","0","0","0","5","0","0","0","1","1","0","5","0","0","0","1","0","0","0","0","0","0","1","0","0","0","0","0","0","0","0","0","1","0","0","0","0","0","0","0","4","3","3","1","0","0","0","0","0","7","1","2","0","1","0","0","0","3","1","0","0","0","0","0","0","0","1","1","0","0","0","0","0","0","0","0"
"s25","voters","UNI0813","4","0","4","0","0","0","0","0","0","0","0","2","2","0","0","0","0","0","0","0","0","0","0","0","0","0","0","0","0","0","0","0","0","0","0","0","0","0","0","0","0","0","0","0","0","0","0","0","0","0","0","0","0","0","0","0","0","0","0","0","0","0","0","0","1","1","0","1","0","0","0","0","1","0","0","0","0","0","0","0","0","0","0","0","0","0","0","0","0","0","0","0","0","0","0","0","0","0","0","0","0","0","0","0","0","0","0","0","0","0","3","0","1","0","0","0","0","0","0","0","0","0","0","0","0","0","0","0","0","0","0","0","0","0","0","0","0"
"s25","voters","UNI0814","44","7","26","2","0","0","0","0","0","0","9","17","27","2","1","0","1","0","1","0","0","0","0","0","0","1","0","1","0","0","0","0","0","1","0","1","0","0","0","0","0","0","0","0","0","0","0","0","0","0","0","2","0","0","0","0","2","0","3","0","1","1","3","2","1","2","0","4","0","3","4","0","5","0","0","0","0","1","0","4","0","0","0","1","0","0","3","0","0","0","0","0","0","0","0","0","1","0","0","0","1","3","3","1","0","0","0","0","0","0","14","3","3","2","0","0","0","0","4","6","2","0","0","0","0","0","0","1","0","0","1","0","1","0","0","0","0"
"s25","voters","UNI0816","331","97","167","23","0","2","2","0","2","0","38","163","168","38","26","8","8","2","2","2","0","1","1","4","0","2","0","0","0","0","0","0","0","3","0","0","0","0","0","0","0","5","3","1","1","0","2","3","4","10","6","11","0","9","7","6","15","9","15","0","8","9","13","13","21","28","0","2","9","9","13","22","20","0","6","4","2","5","4","4","0","0","2","3","0","4","4","0","1","1","2","2","3","1","0","1","4","2","4","2","6","55","15","11","5","2","0","0","0","9","88","25","27","8","2","1","2","1","13","19","10","7","1","0","0","0","0","1","15","9","3","0","0","0","1","0","1"
"s25","voters","UNI0823","24","3","15","1","0","0","1","0","0","0","4","12","12","0","2","1","1","1","1","0","0","0","0","0","0","0","0","0","0","0","0","0","0","0","0","0","0","0","0","0","0","0","0","0","0","0","0","0","0","0","0","0","0","0","0","1","1","0","1","1","2","0","2","1","1","1","0","0","1","0","3","2","1","0","1","0","0","0","2","0","0","0","0","0","0","0","1","0","1","0","0","0","0","0","0","1","0","0","0","0","0","2","0","1","0","0","0","0","0","0","9","2","1","2","0","0","0","0","1","2","0","1","1","0","0","0","0","0","1","1","0","0","0","0","0","0","0"
"s25","voters","UNI0824","9","0","9","0","0","0","0","0","0","0","0","5","4","0","0","0","0","0","0","0","0","0","0","0","0","0","0","0","0","0","0","0","0","0","0","0","0","0","0","0","0","0","0","0","0","0","0","0","0","0","0","0","0","0","0","0","0","0","0","0","0","0","1","0","1","3","0","0","0","1","0","0","3","0","0","0","0","0","0","0","0","0","0","0","0","0","0","0","0","0","0","0","0","0","0","0","0","0","0","0","0","0","0","0","0","0","0","0","0","0","3","3","1","0","0","0","1","0","1","0","0","0","0","0","0","0","0","0","0","0","0","0","0","0","0","0","0"
"s25","voters","UNI0825","2","0","2","0","0","0","0","0","0","0","0","1","1","0","0","0","0","0","0","0","0","0","0","0","0","0","0","0","0","0","0","0","0","0","0","0","0","0","0","0","0","0","0","0","0","0","0","0","0","0","0","0","0","0","0","0","0","0","0","0","0","0","0","0","1","0","0","0","0","0","0","1","0","0","0","0","0","0","0","0","0","0","0","0","0","0","0","0","0","0","0","0","0","0","0","0","0","0","0","0","0","0","0","0","0","0","0","0","0","0","2","0","0","0","0","0","0","0","0","0","0","0","0","0","0","0","0","0","0","0","0","0","0","0","0","0","0"
"s25","voters","UNI0829","4","0","3","0","0","0","0","0","0","0","1","2","2","0","0","0","0","0","0","0","0","0","0","0","0","0","0","0","0","0","0","0","0","0","0","0","0","0","0","0","0","0","0","0","0","0","0","0","0","0","0","0","0","0","0","0","0","0","0","0","1","0","0","0","0","0","0","0","1","0","1","0","0","0","0","0","0","1","0","0","0","0","0","0","0","0","0","0","0","0","0","0","0","0","0","0","0","0","0","0","0","0","0","0","0","0","0","0","0","0","3","0","0","0","0","0","0","0","0","1","0","0","0","0","0","0","0","0","0","0","0","0","0","0","0","0","0"
"s25","voters","UNI0830","51","13","30","2","0","1","0","0","0","0","5","26","25","2","2","1","0","1","4","0","0","0","0","0","0","0","0","0","0","0","0","0","0","0","0","0","0","0","0","0","0","0","0","0","0","0","0","0","1","1","2","3","0","0","2","0","0","3","1","0","0","0","2","0","4","6","0","0","0","3","2","6","7","0","1","1","1","0","0","1","0","0","0","1","0","0","0","0","0","0","2","0","1","0","0","0","0","0","0","0","0","6","1","2","0","1","0","1","1","1","15","7","4","0","0","0","0","0","4","2","1","0","1","1","0","0","0","0","3","0","0","0","0","0","0","0","0"
"s25","voters","UNI0831","0","0","0","0","0","0","0","0","0","0","0","0","0","0","0","0","0","0","0","0","0","0","0","0","0","0","0","0","0","0","0","0","0","0","0","0","0","0","0","0","0","0","0","0","0","0","0","0","0","0","0","0","0","0","0","0","0","0","0","0","0","0","0","0","0","0","0","0","0","0","0","0","0","0","0","0","0","0","0","0","0","0","0","0","0","0","0","0","0","0","0","0","0","0","0","0","0","0","0","0","0","0","0","0","0","0","0","0","0","0","0","0","0","0","0","0","0","0","0","0","0","0","0","0","0","0","0","0","0","0","0","0","0","0","0","0","0"
"s25","voters","UNI0832","25","7","14","2","0","0","0","0","1","0","1","12","13","0","0","0","0","0","5","0","0","0","0","0","0","0","0","0","0","0","0","0","0","0","0","0","0","0","0","0","0","0","0","0","0","0","0","0","0","0","0","3","0","0","1","0","0","0","3","0","0","0","2","1","2","2","0","0","1","1","0","3","2","0","0","0","0","0","0","0","0","0","0","0","0","1","0","0","0","0","0","0","0","2","0","0","0","0","1","0","0","4","1","1","0","0","0","0","0","1","8","0","3","1","0","0","0","0","2","0","0","1","0","0","0","0","0","0","2","0","0","0","0","0","0","0","1"
"s25","voters","UNI0833","1","1","0","0","0","0","0","0","0","0","0","0","1","0","0","0","0","0","0","0","0","0","0","0","0","0","0","0","0","0","0","0","0","0","0","0","0","0","0","0","0","0","0","0","0","0","0","0","0","0","0","0","0","0","0","0","0","0","1","0","0","0","0","0","0","0","0","0","0","0","0","0","0","0","0","0","0","0","0","0","0","0","0","0","0","0","0","0","0","0","0","0","0","0","0","0","0","0","0","0","0","0","0","0","0","0","0","0","0","1","0","0","0","0","0","0","0","0","0","0","0","0","0","0","0","0","0","0","0","0","0","0","0","0","0","0","0"
"s25","voters","UNI0835","4","0","3","1","0","0","0","0","0","0","0","2","2","0","0","0","0","0","0","0","0","0","0","0","0","0","0","0","0","0","0","0","0","0","0","0","0","0","0","0","0","0","0","0","0","0","0","0","0","0","0","0","0","0","0","0","0","0","0","0","0","1","0","0","1","0","0","0","0","0","0","1","0","0","0","0","0","0","0","0","0","0","0","0","0","0","0","0","0","0","0","0","0","0","0","0","0","1","0","0","0","0","0","0","0","0","0","0","0","0","0","3","0","0","0","0","0","0","0","0","0","0","0","0","0","0","0","0","0","1","0","0","0","0","0","0","0"
"s25","voters","UNI0839","4","2","2","0","0","0","0","0","0","0","0","2","2","0","1","0","0","0","0","0","0","0","0","0","0","0","0","0","0","0","0","0","0","0","0","0","0","0","0","0","0","0","0","0","0","0","0","0","0","0","0","1","0","0","0","0","0","0","1","0","0","0","0","0","1","0","0","0","1","0","0","0","0","0","0","0","0","0","0","0","0","0","0","0","0","0","0","0","0","0","0","0","0","0","0","0","0","0","0","0","0","1","0","1","0","0","0","0","0","0","1","1","0","0","0","0","0","0","0","0","0","0","0","0","0","0","0","0","0","0","0","0","0","0","0","0","0"
"s25","voters","UNI0840","1","0","1","0","0","0","0","0","0","0","0","0","1","0","0","0","0","0","0","0","0","0","0","0","0","0","0","0","0","0","0","0","0","0","0","0","0","0","0","0","0","0","0","0","0","0","0","0","0","0","0","0","0","0","0","0","0","0","0","0","0","0","0","0","0","0","0","0","0","0","0","0","1","0","0","0","0","0","0","0","0","0","0","0","0","0","0","0","0","0","0","0","0","0","0","0","0","0","0","0","0","0","0","0","0","0","0","0","0","0","0","0","0","0","0","1","0","0","0","0","0","0","0","0","0","0","0","0","0","0","0","0","0","0","0","0","0"
"s25","voters","UNI0841","2","0","2","0","0","0","0","0","0","0","0","1","1","0","0","0","0","0","0","0","0","0","0","0","0","0","0","0","0","0","0","0","0","0","0","0","0","0","0","0","0","0","0","0","0","0","0","0","0","0","0","0","0","0","0","0","0","0","0","0","0","0","0","0","0","1","0","0","0","0","0","1","0","0","0","0","0","0","0","0","0","0","0","0","0","0","0","0","0","0","0","0","0","0","0","0","0","0","0","0","0","0","0","0","0","0","0","0","0","0","2","0","0","0","0","0","0","0","0","0","0","0","0","0","0","0","0","0","0","0","0","0","0","0","0","0","0"
"s25","voters","UNI0842","267","65","158","11","1","3","5","0","2","0","22","125","142","9","9","2","4","1","6","0","0","0","0","0","0","1","0","0","0","1","0","0","0","0","0","0","0","0","0","0","0","0","0","0","0","0","1","2","2","1","4","14","0","3","7","2","4","3","22","0","5","7","14","10","16","30","0","6","9","10","12","11","28","0","0","1","0","3","0","5","1","1","0","3","1","4","3","0","0","0","2","1","2","5","0","1","0","1","4","1","5","31","7","16","3","1","0","0","1","6","87","30","20","8","2","0","1","0","10","13","4","3","1","0","0","0","0","1","9","7","5","0","0","0","0","0","1"
"s25","voters","UNI0896","23","6","10","1","0","0","1","0","0","0","5","9","14","3","0","3","0","0","0","0","0","0","0","0","0","0","0","0","0","0","0","0","0","0","0","0","0","0","0","0","0","0","0","0","0","0","0","0","0","1","0","0","0","1","0","1","1","2","0","0","1","1","1","1","2","0","0","1","0","0","1","0","2","0","1","0","0","0","0","0","0","1","0","2","0","0","1","0","0","0","0","1","0","0","0","0","1","0","0","0","0","2","1","1","1","0","0","0","0","1","7","1","1","1","0","0","0","0","0","4","1","0","0","0","0","0","0","0","1","0","0","1","0","0","0","0","0"
"s25","voters","UNI0897","84","40","28","4","0","1","1","0","0","0","10","40","44","20","5","2","2","0","1","0","1","0","0","0","0","0","0","0","0","0","0","0","0","0","0","0","0","0","0","0","0","0","0","0","0","0","2","3","1","4","4","3","0","4","3","4","3","2","7","0","1","2","1","3","4","5","0","0","0","0","4","3","5","1","0","0","0","0","0","3","0","0","2","0","0","2","2","0","0","2","0","0","1","0","0","0","0","1","0","0","2","22","8","1","4","2","0","0","0","3","17","3","4","0","0","0","0","1","3","2","2","2","1","1","0","0","1","1","4","2","0","0","0","0","0","0","0"
"s25","voters","UNI0921","0","0","0","0","0","0","0","0","0","0","0","0","0","0","0","0","0","0","0","0","0","0","0","0","0","0","0","0","0","0","0","0","0","0","0","0","0","0","0","0","0","0","0","0","0","0","0","0","0","0","0","0","0","0","0","0","0","0","0","0","0","0","0","0","0","0","0","0","0","0","0","0","0","0","0","0","0","0","0","0","0","0","0","0","0","0","0","0","0","0","0","0","0","0","0","0","0","0","0","0","0","0","0","0","0","0","0","0","0","0","0","0","0","0","0","0","0","0","0","0","0","0","0","0","0","0","0","0","0","0","0","0","0","0","0","0","0"
"s25","voters","UNI0964","40","5","27","3","0","1","1","0","0","0","3","21","19","1","3","1","2","1","3","0","0","0","0","0","0","0","0","0","0","0","0","0","0","0","0","0","0","0","0","0","0","0","0","0","0","0","0","0","1","1","1","1","0","0","0","0","0","0","1","0","1","0","1","2","3","6","0","2","2","0","2","6","2","0","1","0","0","0","0","0","0","0","0","0","1","0","1","0","0","0","1","1","0","1","0","0","0","0","0","0","2","2","0","2","0","0","0","0","0","1","11","5","5","1","0","0","1","0","4","2","0","0","0","0","0","0","0","1","4","0","1","0","0","0","0","0","0"
"s25","voters","UNI0965","26","7","14","1","0","1","0","0","0","0","3","14","12","2","4","1","1","0","0","0","0","0","0","0","0","0","0","0","0","2","0","0","0","0","0","0","0","0","0","0","0","0","0","0","0","0","0","0","0","0","0","3","0","0","0","0","0","0","4","0","1","1","1","1","3","1","0","0","0","1","0","3","2","0","0","0","1","0","0","1","0","0","1","0","0","0","0","0","0","0","0","0","0","1","0","0","0","0","0","0","1","4","2","1","0","0","0","0","0","0","10","1","0","0","0","0","0","0","3","3","0","0","0","0","0","0","0","0","1","0","1","0","0","0","0","0","0"
"s25","voters","UNI0966","29","4","19","1","0","0","2","0","0","0","3","13","16","1","4","3","0","0","0","0","0","0","1","0","0","0","0","0","0","0","0","0","0","0","0","0","0","0","0","0","0","0","0","0","0","0","0","0","0","0","0","1","0","0","0","0","0","2","1","0","0","1","0","0","1","6","0","2","1","1","0","1","6","0","0","0","0","1","0","0","0","0","1","0","1","0","0","0","0","0","0","2","1","0","0","0","0","0","0","0","0","2","1","1","0","0","0","0","0","0","8","4","0","0","2","0","0","0","5","2","0","1","0","0","0","0","0","0","2","0","0","0","1","0","0","0","0"
"s25","voters","UNI0971","0","0","0","0","0","0","0","0","0","0","0","0","0","0","0","0","0","0","0","0","0","0","0","0","0","0","0","0","0","0","0","0","0","0","0","0","0","0","0","0","0","0","0","0","0","0","0","0","0","0","0","0","0","0","0","0","0","0","0","0","0","0","0","0","0","0","0","0","0","0","0","0","0","0","0","0","0","0","0","0","0","0","0","0","0","0","0","0","0","0","0","0","0","0","0","0","0","0","0","0","0","0","0","0","0","0","0","0","0","0","0","0","0","0","0","0","0","0","0","0","0","0","0","0","0","0","0","0","0","0","0","0","0","0","0","0","0"
"s25","voters","UNI0972","4","2","0","0","0","0","0","0","0","0","2","2","2","0","0","0","0","0","0","0","0","0","0","0","0","0","0","0","0","0","0","0","0","0","0","0","0","0","0","0","0","0","0","0","0","0","0","0","0","0","1","0","0","0","0","0","0","0","1","0","0","0","0","0","0","0","0","0","0","0","0","0","0","0","0","0","0","0","0","1","0","1","0","0","0","0","0","0","0","0","0","0","0","0","0","0","0","0","0","0","0","2","0","0","0","0","0","0","0","0","0","0","0","0","0","0","0","0","0","1","1","0","0","0","0","0","0","0","0","0","0","0","0","0","0","0","0"
"s25","voters","UNI0981","338","90","181","23","1","1","1","0","1","0","40","162","176","23","31","11","5","6","9","1","0","0","0","0","0","0","0","0","0","0","1","0","0","1","3","1","0","0","0","0","0","2","1","0","0","0","0","3","2","5","9","15","2","7","3","10","8","8","18","0","4","11","16","13","15","33","1","3","7","11","13","21","33","0","2","4","4","2","3","9","0","5","1","1","2","3","4","0","2","3","2","1","1","3","0","1","2","7","0","3","2","50","15","9","2","3","0","1","0","10","104","25","25","11","5","0","4","1","6","22","8","5","3","1","0","0","0","1","18","6","3","0","0","0","0","0","0"
"s25","voters","UNI0982","2402","654","1293","149","7","13","18","0","6","0","262","1081","1321","166","195","64","38","21","51","12","5","7","1","0","0","3","3","0","1","3","14","6","1","7","9","3","2","3","2","0","1","3","10","5","0","2","23","23","26","25","46","105","2","29","39","54","57","74","149","4","38","43","73","101","136","206","2","33","49","81","111","162","254","3","15","17","22","27","30","28","1","8","13","26","19","23","30","1","10","10","16","15","16","20","1","10","12","18","20","21","23","375","115","92","11","18","2","3","3","35","648","247","180","61","37","2","13","4","101","152","39","36","14","6","3","3","2","7","119","38","18","0","8","1","3","2","4"
"s25","voters","UNI0990","30","9","13","3","0","0","0","0","0","0","5","9","21","1","3","1","2","0","0","0","0","0","0","0","0","0","0","0","0","0","0","0","0","1","0","0","0","0","0","0","0","0","1","2","0","0","0","0","0","0","0","2","0","1","2","0","1","0","3","0","0","0","0","1","2","1","0","0","0","1","2","4","2","0","0","0","0","0","0","1","0","1","0","1","1","0","1","0","0","0","1","0","0","1","0","0","0","0","0","0","1","4","0","1","0","1","0","2","0","1","4","2","3","0","2","1","0","0","1","1","1","2","0","0","0","0","1","0","0","0","1","2","0","0","0","0","0"
"s25","voters","UNI1052","210","77","75","10","1","0","1","0","1","1","44","95","115","35","17","17","4","0","2","2","0","0","0","0","0","0","0","0","1","0","0","0","0","0","1","0","0","0","0","0","0","1","0","1","0","1","4","6","5","6","5","5","2","2","5","4","5","9","18","0","1","3","3","12","8","6","0","2","5","4","6","7","18","0","5","2","4","2","2","6","0","5","6","3","3","2","4","0","0","0","3","2","2","2","0","1","0","1","1","1","1","44","12","7","2","3","1","1","0","7","47","10","5","4","4","0","0","0","5","21","8","5","5","1","0","0","0","4","7","3","3","0","1","0","0","0","0"
"s25","voters","UNI1053","523","208","188","27","0","6","2","0","1","0","91","234","289","119","67","52","13","3","5","2","3","0","3","0","0","0","0","0","0","0","1","0","0","0","0","0","1","0","2","0","0","2","0","0","0","3","4","6","8","12","12","35","3","13","14","17","16","22","43","2","8","4","9","16","13","36","0","6","9","15","13","19","38","0","10","7","9","9","6","5","0","6","10","9","5","6","9","0","0","6","6","2","3","3","0","3","1","2","2","3","5","113","35","24","4","10","1","3","1","17","105","22","22","10","7","0","1","0","21","57","15","9","3","3","0","1","0","3","18","11","3","0","0","2","0","0","2"
"s25","voters","UNI1054","6","2","2","0","0","0","0","0","0","0","2","2","4","1","0","1","0","0","0","0","0","0","0","0","0","0","0","0","0","0","0","0","0","0","0","0","0","0","0","0","0","0","0","0","0","0","0","0","0","0","0","0","1","1","0","0","0","0","0","0","0","0","0","0","0","1","0","0","0","0","0","0","1","0","1","0","0","0","0","0","0","1","0","0","0","0","0","0","0","0","0","0","0","0","0","0","0","0","0","0","0","1","1","0","0","0","0","0","0","0","0","0","1","0","0","0","0","0","1","1","1","0","0","0","0","0","0","0","0","0","0","0","0","0","0","0","0"
"s25","voters","UNI1055","193","60","96","9","2","0","3","0","0","0","23","94","99","32","18","11","2","0","2","0","3","0","0","0","0","0","0","0","0","0","0","0","0","0","0","0","0","0","0","0","0","0","0","1","0","0","1","0","4","3","7","9","1","3","2","5","6","10","9","0","4","5","10","8","13","13","1","4","4","11","4","9","10","0","1","2","3","2","1","0","0","2","5","3","0","2","2","0","0","1","0","0","5","2","0","1","0","2","0","2","1","30","14","5","4","1","1","0","1","4","45","21","13","5","2","0","2","3","5","12","1","3","2","2","1","0","0","2","9","0","3","2","0","0","0","0","0"
"s25","voters","UNI1056","0","0","0","0","0","0","0","0","0","0","0","0","0","0","0","0","0","0","0","0","0","0","0","0","0","0","0","0","0","0","0","0","0","0","0","0","0","0","0","0","0","0","0","0","0","0","0","0","0","0","0","0","0","0","0","0","0","0","0","0","0","0","0","0","0","0","0","0","0","0","0","0","0","0","0","0","0","0","0","0","0","0","0","0","0","0","0","0","0","0","0","0","0","0","0","0","0","0","0","0","0","0","0","0","0","0","0","0","0","0","0","0","0","0","0","0","0","0","0","0","0","0","0","0","0","0","0","0","0","0","0","0","0","0","0","0","0"
"s25","voters","UNI1057","8","5","3","0","0","0","0","0","0","0","0","3","5","3","2","0","0","0","0","0","0","0","0","0","0","0","0","0","0","0","0","0","0","0","0","0","0","0","0","0","0","0","0","0","0","0","0","0","0","0","0","2","0","1","0","0","0","0","2","0","0","0","0","1","0","0","0","0","0","0","0","1","1","0","0","0","0","0","0","0","0","0","0","0","0","0","0","0","0","0","0","0","0","0","0","0","0","0","0","0","0","2","2","0","1","0","0","0","0","0","2","1","0","0","0","0","0","0","0","0","0","0","0","0","0","0","0","0","0","0","0","0","0","0","0","0","0"
"s25","voters","UNI1058","121","51","34","7","1","3","4","0","1","0","20","57","64","26","7","9","3","0","1","0","0","0","0","0","0","0","0","0","0","0","0","0","0","0","0","0","0","0","0","0","0","0","0","0","0","1","3","3","0","0","5","8","1","6","2","3","2","8","9","0","2","5","1","1","6","6","0","1","0","1","2","3","6","0","2","4","1","0","1","4","0","1","1","3","2","0","1","0","0","1","0","0","1","2","0","1","3","1","0","2","5","33","7","6","0","0","0","0","0","5","20","4","2","1","0","1","0","0","6","13","3","1","1","2","0","0","0","0","8","5","0","1","1","0","0","0","1"
"s25","voters","UNI1062","1","1","0","0","0","0","0","0","0","0","0","1","0","1","0","0","0","0","0","0","0","0","0","0","0","0","0","0","0","0","0","0","0","0","0","0","0","0","0","0","0","0","0","0","0","0","1","0","0","0","0","0","0","0","0","0","0","0","0","0","0","0","0","0","0","0","0","0","0","0","0","0","0","0","0","0","0","0","0","0","0","0","0","0","0","0","0","0","0","0","0","0","0","0","0","0","0","0","0","0","0","1","0","0","0","0","0","0","0","0","0","0","0","0","0","0","0","0","0","0","0","0","0","0","0","0","0","0","0","0","0","0","0","0","0","0","0"
"s25","voters","UNI1063","133","36","69","9","0","0","3","0","0","0","16","66","67","17","4","4","0","0","1","0","1","0","0","0","0","0","0","0","0","0","3","0","0","0","0","1","0","1","0","0","0","0","1","0","0","0","3","0","2","1","4","8","0","3","3","1","1","5","5","0","0","2","3","4","9","17","0","1","3","2","5","11","12","0","0","0","0","2","3","1","0","1","0","1","4","3","1","0","1","1","0","0","2","3","0","2","0","0","0","0","3","21","6","4","1","1","0","1","0","2","33","17","6","0","1","0","2","1","9","12","1","1","0","2","0","0","0","0","8","0","2","2","0","0","0","0","0"
"s25","voters","UNI1110","31","2","23","0","0","0","0","0","0","0","6","16","15","0","4","6","0","0","0","0","0","0","0","0","0","0","0","0","0","0","0","0","0","0","0","0","0","0","0","0","0","0","0","0","0","0","0","0","0","0","0","0","0","1","0","0","0","1","0","0","0","1","1","3","4","4","0","0","1","0","3","1","5","0","0","2","0","1","0","0","0","1","0","1","0","0","1","0","0","0","0","0","0","0","0","0","0","0","0","0","0","2","0","0","0","0","0","0","0","0","12","2","2","1","1","0","0","1","4","1","0","5","0","0","0","0","0","0","0","0","0","0","0","0","0","0","0"
"s25","voters","UNI1111","193","70","78","15","0","1","4","0","0","0","25","83","110","42","27","12","4","1","1","3","0","0","0","0","0","0","0","0","0","0","1","0","0","0","0","0","0","0","0","0","0","0","0","0","0","0","1","1","5","4","1","7","1","3","8","12","3","10","14","0","4","5","1","8","11","12","0","1","2","6","6","9","13","0","2","1","3","0","0","4","2","2","1","5","4","0","1","0","2","1","2","2","3","3","0","1","1","1","1","0","3","41","11","8","3","3","0","2","0","2","45","13","9","2","1","0","0","0","8","12","5","3","2","0","2","0","0","1","12","7","1","0","0","0","0","0","0"
"s25","voters","UNI1112","1089","243","643","66","3","4","14","0","4","0","112","521","568","106","120","43","28","8","22","5","2","0","0","1","0","0","0","0","0","1","2","2","0","2","0","0","2","1","0","0","1","3","5","3","0","4","9","11","9","12","21","35","0","12","19","15","17","29","50","2","18","26","33","47","78","118","1","17","23","42","51","86","101","1","6","8","8","4","15","10","1","7","10","9","7","13","13","2","4","5","7","6","10","12","1","7","7","7","7","6","10","132","38","40","8","5","1","3","0","16","375","92","80","15","12","5","2","6","56","62","15","13","6","4","1","1","0","10","60","13","10","2","1","0","0","1","4"
"s25","voters","UNI1113","76","7","53","2","0","1","1","0","0","0","12","39","37","2","10","3","0","0","6","0","1","0","0","0","0","0","0","0","0","0","0","0","0","0","1","1","0","0","0","0","0","0","1","0","0","0","0","1","0","0","1","4","0","0","0","1","0","0","0","0","0","1","4","8","5","7","0","1","1","3","7","5","11","0","1","1","0","0","0","3","0","2","2","1","0","0","2","0","0","0","1","2","0","0","0","0","0","0","0","1","0","6","0","0","0","0","0","0","0","1","26","9","4","2","5","0","1","0","6","6","1","3","0","2","0","0","0","0","3","1","0","0","0","0","0","0","0"
"s25","voters","UNI1114","177","36","116","6","0","0","1","0","1","0","17","87","90","20","12","5","1","0","0","0","0","0","2","0","0","0","0","0","0","0","0","0","0","0","0","0","0","0","0","0","0","0","0","0","1","0","3","3","0","1","3","7","0","1","2","1","3","2","10","0","5","2","6","5","11","29","0","2","4","8","5","13","26","0","2","2","0","2","1","2","0","2","1","3","0","2","0","0","0","0","0","2","0","1","0","1","0","0","0","2","2","24","5","3","2","1","0","0","0","1","57","16","15","6","2","2","9","0","9","7","2","8","0","0","0","0","0","0","7","0","0","1","0","0","0","0","0"
"s25","voters","UNI1116","307","93","171","10","1","4","5","0","0","0","23","144","163","45","47","9","3","0","6","1","0","0","0","0","0","2","0","0","0","0","1","0","0","0","0","0","0","0","0","0","0","2","6","0","0","0","6","3","2","3","4","21","1","6","5","4","10","9","19","0","5","9","11","14","24","26","0","1","7","12","16","23","23","1","0","2","3","3","0","0","2","1","2","2","3","2","2","0","0","1","0","1","3","2","0","3","2","3","1","1","3","52","15","10","5","4","0","2","0","5","103","22","16","8","5","1","1","1","14","18","1","1","0","1","0","1","1","0","12","0","4","1","1","0","0","0","2"
"s25","voters","UNI1117","88","19","53","4","0","1","1","0","0","0","10","41","47","7","8","5","3","0","0","0","0","0","0","0","0","0","0","0","0","0","0","0","0","0","0","0","0","0","0","0","0","0","0","0","0","0","2","0","0","2","1","2","1","2","1","3","2","0","3","0","1","1","1","4","6","13","0","1","3","1","2","7","13","0","1","3","1","0","0","1","0","1","0","1","1","0","1","0","0","0","0","1","0","1","0","0","0","0","1","1","2","14","0","3","0","1","0","0","0","1","25","11","11","1","1","0","1","0","3","3","1","2","2","1","0","0","0","1","3","1","1","0","0","0","0","0","1"
"s25","voters","UNI1118","1","0","1","0","0","0","0","0","0","0","0","0","1","0","0","0","0","0","0","0","0","0","0","0","0","0","0","0","0","0","0","0","0","0","0","0","0","0","0","0","0","0","0","0","0","0","0","0","0","0","0","0","0","0","0","0","0","0","0","0","0","0","0","0","0","0","0","0","0","1","0","0","0","0","0","0","0","0","0","0","0","0","0","0","0","0","0","0","0","0","0","0","0","0","0","0","0","0","0","0","0","0","0","0","0","0","0","0","0","0","0","0","0","0","1","0","0","0","0","0","0","0","0","0","0","0","0","0","0","0","0","0","0","0","0","0","0"
"s25","voters","UNI1119","1825","459","1032","99","6","13","22","0","8","0","186","893","932","188","142","59","41","5","35","6","5","2","2","3","0","1","0","1","0","4","2","2","0","2","2","1","2","0","3","0","0","6","8","3","0","0","21","24","19","32","28","69","3","36","25","36","31","52","83","2","42","60","56","86","143","144","2","23","45","62","99","133","135","2","12","9","12","19","19","18","1","15","18","12","14","20","15","0","4","13","10","13","16","20","1","10","5","12","8","21","15","260","92","55","17","8","0","1","1","25","560","181","137","36","23","2","11","2","80","100","31","18","11","8","1","3","1","13","91","31","8","2","5","3","4","1","3"
"s25","voters","UNI1120","1011","213","572","70","3","9","15","0","1","0","128","505","506","77","84","32","18","4","12","2","3","1","0","1","0","0","2","0","0","1","3","1","0","0","1","1","0","0","0","1","0","2","2","2","0","0","8","5","7","15","19","48","0","11","13","16","14","15","42","1","26","23","38","36","71","86","0","16","25","44","43","82","81","3","6","9","18","9","11","16","2","7","3","14","13","8","9","0","1","5","8","7","12","17","0","4","8","7","9","10","10","123","31","22","9","6","1","1","1","19","309","83","78","26","17","0","6","5","48","69","26","12","6","3","0","5","3","4","54","19","14","3","3","2","0","1","2"
"s25","voters","UNI1121","1070","235","623","69","3","3","17","0","5","0","115","541","529","54","64","18","10","4","22","4","1","5","9","3","0","0","0","0","0","1","2","1","1","0","0","0","0","0","0","0","0","0","2","1","1","1","5","8","10","7","20","53","0","4","14","15","15","23","60","2","11","15","33","46","72","149","1","7","27","30","33","64","133","0","3","7","11","11","11","17","2","6","5","11","9","12","10","0","4","3","7","3","11","21","0","5","3","8","5","13","14","127","35","22","9","8","4","3","0","27","322","100","88","21","19","2","13","6","52","60","24","9","5","5","0","0","0","12","52","16","10","1","4","3","4","1","6"
"s25","voters","UNI1122","2391","579","1352","127","5","18","24","0","7","1","278","1135","1256","187","189","68","36","16","29","7","3","11","17","7","1","2","1","2","1","2","2","0","1","2","1","2","0","2","0","0","0","7","15","4","1","5","24","22","28","21","31","94","5","32","38","38","50","52","139","4","35","69","116","85","154","210","3","33","55","91","91","163","243","1","14","15","26","20","32","37","2","20","28","21","17","21","24","1","5","14","8","16","13","35","1","9","14","16","10","14","26","321","97","55","22","19","1","4","2","58","733","210","171","57","49","2","12","9","109","144","35","46","16","8","1","8","2","18","103","34","26","6","3","0","2","1","7"
"s25","voters","UNI1123","1720","461","880","104","9","11","20","0","8","0","227","835","885","207","125","82","39","4","17","6","2","13","7","1","0","0","0","0","0","0","2","2","0","0","0","0","0","0","2","0","0","2","2","0","0","3","17","21","14","25","34","77","3","33","32","33","41","48","80","4","27","34","60","74","103","157","1","20","36","45","76","103","140","2","18","15","20","17","21","22","2","12","20","27","16","15","20","0","6","12","10","12","11","19","4","6","10","8","14","10","30","266","68","57","13","20","0","5","4","28","471","125","135","28","33","0","5","9","74","126","29","29","14","5","4","5","3","12","96","26","17","2","6","0","1","2","2"
"s25","voters","UNI1124","10","5","3","1","0","1","0","0","0","0","0","5","5","3","0","0","0","0","0","0","0","0","0","0","0","0","0","0","0","0","0","0","0","0","0","0","0","0","0","0","0","0","0","0","0","0","1","0","0","0","0","1","0","0","0","0","0","3","0","0","0","0","0","0","0","1","0","0","0","1","1","0","0","0","0","0","0","0","0","0","0","0","0","0","0","0","0","0","0","0","0","2","0","0","0","0","0","0","0","0","0","4","1","0","0","0","0","0","0","0","2","0","1","0","0","0","0","0","0","0","0","0","0","0","0","0","0","0","1","1","0","0","0","0","0","0","0"
"s25","voters","UNI1133","1","0","1","0","0","0","0","0","0","0","0","0","1","0","0","0","0","0","0","0","0","0","0","0","0","0","0","0","0","0","0","0","0","0","0","0","0","0","0","0","0","0","0","0","0","0","0","0","0","0","0","0","0","0","0","0","0","0","0","0","0","0","0","0","0","0","0","0","0","1","0","0","0","0","0","0","0","0","0","0","0","0","0","0","0","0","0","0","0","0","0","0","0","0","0","0","0","0","0","0","0","0","0","0","0","0","0","0","0","0","0","1","0","0","0","0","0","0","0","0","0","0","0","0","0","0","0","0","0","0","0","0","0","0","0","0","0"
"s25","voters","UNI1141","3","3","0","0","0","0","0","0","0","0","0","1","2","2","0","0","0","0","0","0","0","0","0","0","0","0","0","0","0","0","0","0","0","0","0","0","0","0","0","0","0","0","0","0","0","0","0","0","0","0","1","0","0","0","0","0","1","0","1","0","0","0","0","0","0","0","0","0","0","0","0","0","0","0","0","0","0","0","0","0","0","0","0","0","0","0","0","0","0","0","0","0","0","0","0","0","0","0","0","0","0","0","1","1","0","1","0","0","0","0","0","0","0","0","0","0","0","0","0","0","0","0","0","0","0","0","0","0","0","0","0","0","0","0","0","0","0"
"s25","voters","UNI1142","18","7","6","0","0","1","0","0","0","0","4","7","11","5","5","2","0","0","0","0","0","0","0","0","0","0","0","0","0","0","0","0","0","0","0","0","0","0","0","0","0","1","1","2","1","0","0","0","0","0","1","1","0","0","1","0","1","1","2","0","0","0","0","2","0","0","0","0","1","1","0","1","1","0","0","0","1","1","0","1","0","1","0","0","0","0","0","0","0","0","0","0","0","0","0","0","0","0","1","0","0","1","2","1","0","1","0","0","0","2","5","0","0","0","0","0","0","0","1","1","0","1","1","0","0","0","0","1","1","0","0","0","0","0","0","0","0"
"s25","voters","UNI1144","6","0","6","0","0","0","0","0","0","0","0","3","3","0","0","0","0","0","0","0","0","0","0","0","0","0","0","0","0","0","1","0","0","0","0","0","0","0","0","0","0","0","0","0","0","0","0","0","0","0","0","0","0","0","0","0","0","0","0","0","0","0","1","0","1","1","0","0","1","0","1","0","1","0","0","0","0","0","0","0","0","0","0","0","0","0","0","0","0","0","0","0","0","0","0","0","0","0","0","0","0","0","0","0","0","0","0","0","0","0","5","1","0","0","0","0","0","0","0","0","0","0","0","0","0","0","0","0","0","0","0","0","0","0","0","0","0"
"s25","voters","UNI1158","292","132","94","13","1","4","9","0","0","0","39","122","170","60","31","19","4","0","4","0","0","0","0","0","0","0","0","0","0","1","1","0","0","3","0","0","0","1","2","0","0","1","1","0","0","1","6","8","7","7","5","14","3","9","11","8","11","11","31","0","3","3","6","7","11","15","0","2","4","9","10","8","16","1","1","0","4","3","2","3","2","5","5","9","1","2","1","1","4","3","3","2","2","0","0","0","4","3","1","2","2","75","20","18","2","3","0","1","0","13","52","14","13","3","2","2","0","1","7","24","3","3","4","1","0","2","0","2","14","6","4","2","1","0","0","0","0"
"s25","voters","UNI1159","24","10","9","1","0","0","0","0","0","0","4","5","19","4","5","2","1","0","0","0","0","0","0","0","0","0","0","0","0","0","0","0","0","0","0","0","0","0","0","0","0","0","0","0","0","0","0","1","0","1","0","0","0","1","1","2","0","2","2","0","0","0","2","0","0","1","0","0","0","3","0","1","2","0","0","0","0","0","0","0","0","2","1","0","0","0","1","0","0","0","0","0","0","0","0","0","0","1","0","0","0","7","2","1","0","0","0","0","0","0","9","0","0","0","0","0","0","0","0","2","0","1","0","0","0","0","0","1","1","0","0","0","0","0","0","0","0"
"s25","voters","UNI1167","4","4","0","0","0","0","0","0","0","0","0","1","3","3","0","0","0","0","0","0","0","0","0","0","0","0","0","0","0","0","0","0","0","0","0","0","0","0","0","0","0","0","0","0","0","0","0","0","0","0","0","1","0","0","0","0","0","0","3","0","0","0","0","0","0","0","0","0","0","0","0","0","0","0","0","0","0","0","0","0","0","0","0","0","0","0","0","0","0","0","0","0","0","0","0","0","0","0","0","0","0","3","1","0","0","0","0","0","0","0","0","0","0","0","0","0","0","0","0","0","0","0","0","0","0","0","0","0","0","0","0","0","0","0","0","0","0"
"s25","voters","UNI1168","2","0","1","0","0","0","0","0","0","0","1","1","1","0","0","0","0","0","0","0","0","0","0","0","0","0","0","0","0","0","0","0","0","0","0","0","0","0","0","0","0","0","0","0","0","0","0","0","0","0","0","0","0","0","0","0","0","0","0","0","0","0","0","0","0","0","0","0","0","0","0","0","1","0","0","0","0","0","1","0","0","0","0","0","0","0","0","0","0","0","0","0","0","0","0","0","0","0","0","0","0","0","0","0","0","0","0","0","0","0","1","0","0","0","0","0","0","0","0","1","0","0","0","0","0","0","0","0","0","0","0","0","0","0","0","0","0"
"s25","voters","UNI1169","91","19","60","5","1","1","1","0","0","0","4","48","43","1","2","0","0","0","2","0","0","0","0","0","0","0","0","0","0","0","0","0","0","0","0","0","0","0","0","0","0","2","0","0","0","0","0","0","0","1","1","8","0","0","0","0","0","2","7","0","0","0","0","0","6","25","0","0","1","0","2","8","18","0","0","0","0","0","2","1","0","0","0","0","0","1","0","0","0","1","0","0","1","2","0","0","0","0","0","1","3","9","4","2","2","0","1","0","0","1","36","7","8","3","2","0","0","0","4","1","2","0","1","0","0","0","0","0","3","0","2","0","0","1","0","0","2"
"s25","voters","UNI1170","115","35","58","8","0","0","0","0","1","0","13","65","50","9","2","2","4","1","2","1","0","0","0","0","0","0","0","0","0","0","0","0","0","0","0","0","0","0","0","0","0","0","0","0","0","3","0","1","1","1","4","8","0","0","1","0","4","2","10","0","0","1","1","1","5","26","0","0","0","1","0","1","22","0","1","0","0","0","0","5","0","0","1","2","0","2","2","0","0","1","0","1","2","3","0","0","0","1","0","1","0","23","5","5","1","0","0","0","0","1","31","9","8","1","2","1","0","1","5","4","5","3","1","0","0","0","0","0","5","2","0","0","2","0","0","0","0"
"s25","voters","UNI1171","1","0","1","0","0","0","0","0","0","0","0","0","1","0","1","0","0","0","0","0","0","0","0","0","0","0","0","0","0","0","0","0","0","0","0","0","0","0","0","0","0","0","0","0","0","0","0","0","0","0","0","0","0","0","0","0","0","0","0","0","0","0","0","0","0","0","0","0","0","0","0","1","0","0","0","0","0","0","0","0","0","0","0","0","0","0","0","0","0","0","0","0","0","0","0","0","0","0","0","0","0","0","0","0","0","0","0","0","0","0","1","0","0","0","0","0","0","0","0","0","0","0","0","0","0","0","0","0","0","0","0","0","0","0","0","0","0"
"s25","voters","UNI1172","56","8","34","5","0","0","0","0","0","0","9","26","30","1","1","2","0","0","0","0","0","0","0","0","0","0","0","0","0","0","0","0","0","0","0","0","0","0","0","0","0","0","0","0","0","0","0","0","0","0","0","3","0","0","0","1","0","1","3","0","0","0","0","0","4","13","0","0","0","1","1","2","13","0","0","0","0","0","0","5","0","0","0","0","0","1","3","0","0","0","0","0","1","0","0","0","0","0","0","1","3","5","0","0","0","1","0","1","0","1","18","4","7","2","1","0","1","0","1","2","1","1","0","2","0","0","0","3","4","0","0","0","0","0","0","0","1"
"s25","voters","UNI1174","2","0","0","0","0","0","0","0","0","0","2","1","1","0","0","1","0","0","0","0","0","0","0","0","0","0","0","0","0","0","0","0","0","0","0","0","0","0","0","0","0","0","0","0","0","0","0","0","0","0","0","0","0","0","0","0","0","0","0","0","0","0","0","0","0","0","0","0","0","0","0","0","0","0","0","0","0","0","1","0","0","0","0","0","0","1","0","0","0","0","0","0","0","0","0","0","0","0","0","0","0","0","0","0","0","0","0","0","0","0","0","0","0","0","0","0","0","0","0","0","0","2","0","0","0","0","0","0","0","0","0","0","0","0","0","0","0"
"s25","voters","UNI1178","1903","552","931","101","6","13","26","0","10","0","264","891","1012","60","76","23","11","31","48","12","11","3","7","0","1","0","4","1","1","2","2","0","1","2","4","0","0","0","0","1","0","1","0","2","1","1","7","19","30","37","37","86","0","19","27","41","55","58","135","1","17","33","67","59","106","177","2","18","31","71","66","111","172","2","15","10","34","23","27","34","1","13","8","28","21","17","31","0","6","5","15","12","13","18","1","9","11","14","12","13","27","297","108","57","23","19","3","4","4","37","453","149","150","33","29","5","13","6","93","147","38","24","21","11","2","1","4","16","94","25","20","6","6","1","1","0","3"
"s25","voters","UNI1184","277","69","146","14","2","2","6","0","1","0","37","125","152","22","17","6","6","1","5","1","1","0","1","0","0","1","2","0","0","2","0","3","0","0","1","0","0","0","0","0","0","0","0","1","0","0","2","1","4","4","2","14","0","2","6","3","6","7","18","0","1","5","8","2","20","29","0","4","2","9","9","19","38","0","1","4","1","2","4","9","0","2","0","6","2","4","2","0","0","0","3","2","3","4","1","3","2","1","2","2","2","39","15","8","2","1","0","1","0","3","77","26","21","2","5","0","0","1","14","15","6","4","7","1","0","1","0","3","11","2","6","1","2","0","0","0","3"
"s25","voters","UNI1186","3","1","2","0","0","0","0","0","0","0","0","1","2","1","0","0","0","0","0","0","0","0","0","0","0","0","0","0","0","0","0","0","0","0","0","0","0","0","0","0","0","0","0","0","0","0","0","0","0","0","0","0","0","0","1","0","0","0","0","0","0","0","0","0","1","0","0","0","0","0","0","0","1","0","0","0","0","0","0","0","0","0","0","0","0","0","0","0","0","0","0","0","0","0","0","0","0","0","0","0","0","1","0","0","0","0","0","0","0","0","2","0","0","0","0","0","0","0","0","0","0","0","0","0","0","0","0","0","0","0","0","0","0","0","0","0","0"
"s25","voters","UNI1189","141","38","84","8","0","0","0","0","2","0","9","60","81","13","4","1","1","3","4","0","4","4","3","2","0","0","0","0","0","1","2","0","0","0","0","0","0","0","0","0","0","0","0","0","0","0","0","2","1","0","4","6","0","2","4","2","2","6","9","0","0","3","2","3","9","22","0","2","3","4","8","9","19","0","0","0","0","0","2","1","0","1","0","3","0","1","1","0","0","2","1","1","0","1","0","1","1","0","0","1","2","22","5","4","2","0","0","0","0","5","40","15","10","2","3","1","0","1","12","3","1","1","1","0","0","0","0","3","6","1","1","0","0","0","1","1","0"
"s25","voters","UNI1200","2","0","2","0","0","0","0","0","0","0","0","1","1","0","0","0","0","0","0","0","0","0","0","0","0","0","0","0","0","0","0","0","0","0","0","0","0","0","0","0","0","0","0","0","0","0","0","0","0","0","0","0","0","0","0","0","0","0","0","0","0","0","0","0","0","1","0","0","0","0","0","0","1","0","0","0","0","0","0","0","0","0","0","0","0","0","0","0","0","0","0","0","0","0","0","0","0","0","0","0","0","0","0","0","0","0","0","0","0","0","1","1","0","0","0","0","0","0","0","0","0","0","0","0","0","0","0","0","0","0","0","0","0","0","0","0","0"
"s25","voters","UNI1201","37","13","16","3","0","0","1","0","0","0","4","19","18","8","0","1","0","0","0","0","0","0","0","0","0","0","0","0","0","0","0","0","0","0","0","0","0","0","0","0","0","0","0","0","0","0","1","1","0","1","3","0","0","0","1","1","2","1","2","0","1","0","0","2","2","2","0","2","0","0","2","3","2","0","1","0","0","1","0","1","0","1","0","0","0","0","0","0","0","0","1","0","1","1","0","0","1","0","0","0","0","7","2","3","0","1","0","0","0","0","8","2","1","0","1","1","0","1","2","2","1","1","0","0","0","0","0","0","1","1","2","0","0","0","0","0","0"
"s25","voters","UNI1205","174","82","57","8","1","1","4","0","2","0","19","82","92","9","1","3","1","4","1","0","2","0","0","0","0","0","0","0","0","0","0","0","0","0","0","0","0","0","0","0","0","0","0","0","0","0","3","0","2","5","6","12","0","5","2","6","5","15","21","0","0","5","4","2","10","13","0","0","2","2","3","10","6","0","0","4","1","1","2","2","0","0","1","2","0","2","4","0","1","0","1","3","1","4","0","0","0","2","3","1","0","43","7","12","4","3","1","0","0","12","24","12","5","3","2","1","1","2","7","11","0","1","1","1","0","0","0","5","10","0","3","2","0","0","0","0","1"
"s25","voters","UNI1217","5","3","1","1","0","0","0","0","0","0","0","2","3","0","1","0","0","0","0","0","0","0","0","0","0","0","0","0","0","0","0","0","1","0","0","0","0","0","0","0","0","0","0","0","0","0","0","0","0","0","0","1","0","0","1","0","0","0","1","0","0","0","1","0","0","0","0","0","0","0","0","0","0","0","0","0","0","0","0","0","0","0","0","0","0","0","0","0","0","0","0","0","0","0","0","0","0","0","0","1","0","0","2","0","0","0","0","0","0","1","1","0","0","0","0","0","0","0","0","0","0","0","0","0","0","0","0","0","1","0","0","0","0","0","0","0","0"
"s25","voters","UNI1220","27","6","16","1","0","0","0","0","0","0","4","17","10","4","3","1","0","0","0","0","0","0","0","0","0","0","0","0","0","0","0","0","0","0","0","0","0","0","0","0","0","0","0","0","0","0","0","1","0","1","1","0","0","0","1","0","0","1","1","0","2","1","1","2","1","5","0","0","0","1","1","1","1","0","0","0","0","0","0","2","0","0","2","0","0","0","0","0","0","0","0","0","0","0","0","0","0","0","0","1","0","3","1","1","0","1","0","0","0","0","8","4","3","0","0","0","0","0","1","3","1","0","0","0","0","0","0","0","0","1","0","0","0","0","0","0","0"
"s25","voters","UNI1240","14","5","4","1","0","0","1","0","0","0","3","7","7","0","0","0","0","3","0","1","0","0","0","0","0","0","0","0","0","0","0","0","0","0","0","0","0","0","0","0","0","0","0","0","0","0","0","0","0","0","1","1","0","1","0","0","0","1","1","0","0","0","0","0","0","1","0","0","0","0","0","2","1","0","1","0","0","1","0","0","0","0","0","1","0","0","0","0","0","1","0","0","0","1","0","0","0","0","0","0","0","3","1","0","0","1","0","0","0","0","4","0","0","0","0","0","0","0","0","2","1","0","0","0","0","0","0","0","2","0","0","0","0","0","0","0","0"
"s25","voters","UNI1241","1568","488","725","80","2","9","13","0","4","0","247","732","836","110","90","48","26","26","15","3","2","2","7","1","0","3","2","2","0","12","7","7","2","19","5","10","0","0","2","2","0","14","6","1","3","1","12","20","14","26","38","81","2","20","33","28","36","58","119","0","16","22","38","44","76","161","1","19","18","36","56","68","170","0","8","13","18","28","24","40","4","16","8","20","22","15","31","0","3","3","10","12","11","13","0","2","8","8","9","11","18","272","94","45","20","14","0","3","1","39","380","95","79","26","15","1","11","7","111","137","40","28","10","6","0","2","1","23","62","20","13","5","2","0","1","1","4"
"s25","voters","UNI1277","49","22","20","2","0","0","1","0","1","0","3","18","31","14","4","1","2","0","2","0","0","0","0","0","1","0","0","0","0","0","0","0","0","0","0","0","0","0","0","0","0","0","4","0","1","0","0","2","2","2","0","0","0","2","5","3","3","2","1","0","1","2","4","0","1","0","0","0","5","3","2","2","0","0","0","0","2","0","0","0","0","0","0","0","0","1","0","0","0","1","1","0","0","0","1","0","0","0","0","1","0","19","3","0","0","0","0","0","0","0","13","7","0","0","0","0","0","0","0","3","0","0","0","0","0","0","0","0","3","1","0","0","0","0","0","0","0"
"s25","voters","UNI1280","7","0","6","1","0","0","0","0","0","0","0","3","4","0","0","0","0","0","0","0","0","0","0","0","0","0","0","0","0","0","0","0","0","0","0","0","0","0","0","0","0","0","0","0","0","0","0","0","0","0","0","0","0","0","0","0","0","0","0","0","2","0","0","0","1","0","0","0","0","0","1","1","1","0","0","0","0","0","0","0","0","0","0","0","0","0","0","0","0","0","0","0","0","0","0","1","0","0","0","0","0","0","0","0","0","0","0","0","0","0","5","0","1","0","0","0","0","0","0","0","0","0","0","0","0","0","0","0","0","0","1","0","0","0","0","0","0"
"s25","voters","UNI1283","5","0","4","0","0","0","0","0","0","0","1","4","1","0","0","1","0","0","0","0","0","0","0","0","0","0","0","0","0","0","0","0","0","0","0","0","0","0","0","0","0","0","0","0","0","0","0","0","0","0","0","0","0","0","0","0","0","0","0","0","0","1","0","1","0","1","0","0","0","0","0","0","1","0","0","0","0","0","1","0","0","0","0","0","0","0","0","0","0","0","0","0","0","0","0","0","0","0","0","0","0","0","0","0","0","0","0","0","0","0","3","0","1","0","0","0","0","0","0","1","0","0","0","0","0","0","0","0","0","0","0","0","0","0","0","0","0"
"s25","voters","UNI1286","5","1","2","1","0","0","0","0","0","0","1","1","4","1","2","0","0","0","0","0","0","0","0","0","0","0","0","0","0","0","0","0","0","0","0","0","0","0","0","0","0","0","0","0","0","0","0","0","0","0","0","0","0","0","0","1","0","0","0","0","1","0","0","0","0","0","0","0","0","0","0","0","1","0","0","0","0","0","0","0","0","0","0","0","0","0","1","0","0","0","0","0","0","0","0","0","0","0","0","1","0","0","1","0","0","0","0","0","0","0","2","0","0","0","0","0","0","0","0","1","0","0","0","0","0","0","0","0","1","0","0","0","0","0","0","0","0"
"s25","voters","UNI1292","2","0","2","0","0","0","0","0","0","0","0","1","1","0","0","0","0","0","0","0","0","0","0","0","0","0","0","0","0","0","0","0","0","0","0","0","0","0","0","0","0","0","0","0","0","0","0","0","0","0","0","0","0","0","0","0","0","0","0","0","0","0","0","0","0","1","0","0","0","0","0","0","1","0","0","0","0","0","0","0","0","0","0","0","0","0","0","0","0","0","0","0","0","0","0","0","0","0","0","0","0","0","0","0","0","0","0","0","0","0","1","0","0","0","0","0","0","0","1","0","0","0","0","0","0","0","0","0","0","0","0","0","0","0","0","0","0"
"s25","voters","UNI1299","136","39","65","11","0","3","2","0","0","0","16","61","75","19","14","3","2","5","0","0","0","0","0","0","0","0","1","0","0","0","0","0","0","0","0","0","0","0","0","0","0","1","0","0","0","0","2","1","2","0","1","6","0","0","5","6","5","3","8","0","3","4","7","3","6","8","0","2","4","5","5","7","11","0","2","0","0","5","1","1","0","1","1","2","0","0","3","0","1","0","2","1","3","2","0","0","1","3","0","1","2","22","5","3","1","0","0","0","0","8","32","15","6","2","2","0","2","0","6","7","1","5","0","0","0","1","0","2","11","2","0","1","1","0","0","0","1"
"s25","voters","UNI1300","1349","513","496","87","7","7","24","0","5","0","210","620","729","187","104","72","33","9","11","4","3","4","1","0","0","2","1","1","0","1","1","3","0","4","0","3","1","1","1","0","1","7","3","2","1","1","23","30","28","20","35","53","2","25","43","50","56","66","81","1","12","24","48","61","49","65","2","9","22","44","44","56","59","4","15","13","18","14","12","23","1","18","16","28","19","15","14","0","11","7","16","13","11","13","1","4","9","11","11","12","11","273","85","62","15","30","4","4","2","38","264","79","59","18","13","1","6","8","48","98","34","27","23","9","1","2","2","14","77","23","15","4","3","0","1","3","4"
"s25","voters","UNI1303","287","115","92","16","1","1","3","0","2","0","57","127","160","39","16","14","8","5","3","1","0","0","0","0","0","0","0","0","0","1","0","0","0","1","0","2","0","0","0","0","0","0","0","0","0","0","4","7","6","9","7","15","0","4","7","14","10","7","25","0","3","7","7","8","2","16","0","4","2","10","6","7","20","1","4","1","4","2","7","6","0","4","5","6","3","8","6","0","2","2","3","2","0","2","1","0","2","3","1","0","5","62","22","13","4","2","1","0","0","11","53","14","10","3","2","1","0","1","8","29","11","6","1","3","0","0","1","6","17","3","3","0","0","0","0","0","0"
"s25","voters","UNI1304","49","13","28","2","0","0","1","0","0","0","5","21","28","7","4","1","0","0","1","0","0","0","0","0","0","0","0","0","0","0","0","0","0","0","0","0","0","0","0","0","0","0","0","0","0","0","1","1","0","0","1","2","0","0","0","0","0","2","6","0","1","0","1","4","0","6","0","1","1","1","3","3","7","0","0","1","0","0","0","1","0","0","1","0","1","1","0","0","0","1","0","0","1","0","0","0","0","0","1","0","0","4","2","3","3","0","0","0","0","1","21","2","3","1","0","0","1","0","0","2","2","0","1","0","0","0","0","0","2","0","0","0","0","0","1","0","0"
"s25","voters","UNI1315","16","5","9","0","0","0","0","0","0","0","2","7","9","1","0","0","0","0","0","0","0","0","0","0","0","0","0","0","0","0","0","0","0","0","0","0","0","0","0","0","0","0","0","0","0","0","0","0","0","0","1","0","0","0","1","0","0","1","2","0","1","0","1","0","0","3","0","1","0","1","0","0","2","0","0","1","0","0","0","0","0","0","0","0","0","1","0","0","0","0","0","0","0","0","0","0","0","0","0","0","0","2","2","1","0","0","0","0","0","0","4","1","2","0","0","0","0","0","2","1","0","0","0","0","0","0","0","1","0","0","0","0","0","0","0","0","0"
"s25","voters","UNI1316","4","1","3","0","0","0","0","0","0","0","0","2","2","0","0","0","0","0","0","0","0","0","0","0","0","0","0","0","0","0","0","0","0","0","0","0","0","0","0","0","0","0","0","0","0","0","0","0","0","0","0","1","0","0","0","0","0","0","0","0","0","0","0","0","1","0","0","0","0","0","0","1","1","0","0","0","0","0","0","0","0","0","0","0","0","0","0","0","0","0","0","0","0","0","0","0","0","0","0","0","0","0","0","0","0","0","0","0","0","1","1","1","0","0","0","0","0","0","1","0","0","0","0","0","0","0","0","0","0","0","0","0","0","0","0","0","0"
"s25","voters","UNI1317","461","163","209","23","1","4","6","0","2","0","53","213","248","68","42","13","7","1","2","3","3","0","0","0","1","0","0","1","0","0","1","0","0","0","1","1","1","1","1","0","0","3","1","1","0","1","0","5","4","10","16","34","2","6","8","8","21","15","33","1","6","11","21","9","18","23","0","3","10","15","18","31","43","1","4","7","4","4","6","5","2","0","4","3","7","6","0","0","2","2","4","6","2","7","0","0","2","2","4","1","4","91","31","19","5","2","2","0","0","13","119","40","17","11","3","1","1","1","16","30","6","4","6","3","0","2","0","2","22","11","1","0","2","0","0","0","0"
"s25","voters","UNI1405","200","120","31","6","1","3","2","0","2","0","35","96","104","33","5","9","3","2","0","1","0","0","0","0","0","1","0","0","0","2","0","1","1","1","0","1","0","0","0","0","0","5","1","1","0","0","5","22","13","3","4","3","0","8","34","11","7","7","3","0","2","4","3","5","3","1","0","0","1","6","2","3","1","0","4","6","3","2","2","0","0","2","8","5","0","1","2","0","3","2","3","2","1","0","0","0","1","2","0","0","0","100","15","3","0","2","0","0","0","0","27","3","1","0","0","0","0","0","0","32","3","0","0","0","0","0","0","0","11","1","2","0","0","0","0","0","0"
"s25","voters","UNI1408","0","0","0","0","0","0","0","0","0","0","0","0","0","0","0","0","0","0","0","0","0","0","0","0","0","0","0","0","0","0","0","0","0","0","0","0","0","0","0","0","0","0","0","0","0","0","0","0","0","0","0","0","0","0","0","0","0","0","0","0","0","0","0","0","0","0","0","0","0","0","0","0","0","0","0","0","0","0","0","0","0","0","0","0","0","0","0","0","0","0","0","0","0","0","0","0","0","0","0","0","0","0","0","0","0","0","0","0","0","0","0","0","0","0","0","0","0","0","0","0","0","0","0","0","0","0","0","0","0","0","0","0","0","0","0","0","0"
"s25","voters","UNI1448","3","1","2","0","0","0","0","0","0","0","0","1","2","1","2","0","0","0","0","0","0","0","0","0","0","0","0","0","0","0","0","0","0","0","0","0","0","0","0","0","0","0","0","0","0","0","0","0","0","0","0","0","0","0","1","0","0","0","0","0","0","1","0","0","0","0","0","0","0","0","1","0","0","0","0","0","0","0","0","0","0","0","0","0","0","0","0","0","0","0","0","0","0","0","0","0","0","0","0","0","0","0","1","0","0","0","0","0","0","0","0","1","1","0","0","0","0","0","0","0","0","0","0","0","0","0","0","0","0","0","0","0","0","0","0","0","0"
"s25","voters","UNI1495","513","230","178","21","2","6","6","0","0","0","70","231","282","78","66","29","17","3","0","0","1","2","0","0","0","0","0","0","0","1","2","1","0","1","0","2","0","0","0","0","0","6","3","3","0","2","8","12","21","21","10","12","0","17","21","33","29","21","23","2","4","11","29","21","16","10","0","4","13","23","17","18","10","1","4","4","13","5","2","4","0","5","6","9","7","3","7","0","3","1","6","5","1","3","0","1","2","6","5","2","0","135","44","26","16","4","0","0","2","3","96","37","34","7","3","0","0","0","1","39","12","9","6","3","0","0","0","1","24","6","5","0","0","0","0","0","0"
"s25","voters","UNI1497","271","138","84","8","0","1","5","0","1","0","34","124","147","51","24","12","4","7","2","0","1","0","0","0","0","0","0","0","0","0","0","0","0","0","0","0","0","0","0","0","0","1","1","2","0","0","5","6","5","7","9","19","0","5","9","6","19","16","32","0","4","2","9","6","2","21","0","0","3","9","8","6","14","0","0","6","3","6","3","3","0","1","3","0","3","1","5","0","0","0","0","2","3","3","0","1","0","2","1","1","2","68","19","18","4","7","0","2","0","20","48","12","14","0","2","1","0","0","7","15","6","4","1","4","0","1","0","3","8","4","2","0","0","0","1","0","0"
"s25","voters","UNI1499","416","212","120","21","2","5","2","0","0","0","54","195","221","77","50","31","13","2","3","0","1","0","0","0","0","1","0","0","0","0","0","0","0","2","0","0","0","0","0","0","0","1","0","0","0","0","8","7","11","10","15","37","0","12","15","18","16","21","42","0","7","4","9","12","10","21","0","1","5","9","13","10","19","1","6","4","7","5","2","2","1","4","7","6","3","1","5","0","7","2","1","4","2","1","0","2","2","1","4","2","2","107","27","32","9","10","0","0","0","27","59","18","22","4","4","0","3","2","8","24","9","7","7","2","1","2","0","2","20","6","2","0","0","1","0","0","1"
"s25","voters","UNI1503","91","57","19","1","0","0","0","0","1","0","13","39","52","44","9","10","2","2","0","0","0","0","0","0","0","0","0","0","0","0","0","0","0","0","0","0","0","0","0","0","0","1","1","0","0","0","4","0","2","3","5","6","1","4","8","7","4","4","9","0","0","0","3","2","0","4","0","0","0","0","3","2","5","0","4","2","0","2","1","1","0","0","1","1","1","0","0","0","0","0","0","0","0","0","0","2","0","0","0","0","0","30","6","7","4","3","0","0","0","7","11","2","3","1","0","0","0","0","2","10","0","0","2","1","0","0","0","0","1","1","0","0","0","0","0","0","0"
"s25","voters","UNI1504","203","109","41","15","1","3","3","0","1","0","30","86","117","66","19","23","12","0","1","1","0","0","0","0","0","0","3","0","0","0","1","0","0","0","0","0","0","0","0","0","0","3","0","0","0","0","2","8","3","9","4","16","2","10","13","7","9","12","14","0","1","1","6","3","5","9","0","1","2","2","4","3","4","0","3","4","2","3","0","0","0","5","6","0","2","1","4","0","1","0","0","3","0","3","0","4","4","3","3","1","1","60","14","10","7","3","1","3","2","9","24","9","3","1","0","0","0","0","4","16","5","4","2","2","0","1","0","0","13","5","3","0","0","0","1","0","1"
"s25","voters","UNI1505","96","48","23","2","1","2","0","0","1","0","19","42","54","22","11","11","2","0","0","0","0","0","0","0","0","0","0","0","0","0","0","0","0","0","0","0","0","0","0","0","0","1","0","2","0","0","2","5","1","3","2","8","0","2","7","1","3","4","10","0","2","0","3","1","5","1","0","0","2","2","2","2","3","0","0","3","1","2","1","0","0","3","1","1","3","1","3","0","0","1","0","0","0","1","0","0","2","1","0","1","0","23","11","7","0","3","1","0","0","3","14","4","1","0","0","0","0","2","2","6","3","4","4","0","0","0","1","1","4","0","0","2","0","0","0","0","0"
"s25","voters","UNI1593","3","0","0","0","0","0","0","0","0","0","3","1","2","0","0","0","0","0","0","0","0","0","0","0","0","0","0","0","0","0","0","0","0","0","0","0","0","0","0","0","0","0","0","0","0","0","0","0","0","0","0","0","0","0","0","0","0","0","0","0","0","0","0","0","0","0","0","0","0","0","0","0","0","0","0","0","0","0","0","1","0","0","0","0","0","1","1","0","0","0","0","0","0","0","0","0","0","0","0","0","0","0","0","0","0","0","0","0","0","0","0","0","0","0","0","0","0","0","0","1","0","0","0","1","0","1","0","0","0","0","0","0","0","0","0","0","0"
"s25","voters","UNI1595","28","10","16","0","0","0","0","0","0","0","2","12","16","6","1","0","0","0","0","0","0","0","0","0","0","0","0","0","0","0","0","0","0","0","0","0","0","0","0","0","0","0","0","0","0","0","0","0","0","0","0","2","0","2","3","0","0","0","3","0","2","0","2","1","1","3","0","1","3","0","1","1","1","0","0","0","1","0","0","0","0","0","0","1","0","0","0","0","0","0","0","0","0","0","0","0","0","0","0","0","0","3","3","2","0","0","1","0","0","1","6","3","1","1","1","0","2","0","2","1","0","0","1","0","0","0","0","0","0","0","0","0","0","0","0","0","0"
"s25","voters","UNI1596","1814","817","665","73","2","14","12","0","4","0","227","848","966","293","264","77","40","15","16","3","4","0","2","0","0","0","0","1","0","10","7","3","0","14","1","8","1","0","3","0","0","16","10","3","3","3","15","42","56","65","64","89","2","37","53","93","106","83","109","0","27","37","100","75","60","37","5","12","33","91","80","48","60","3","17","19","35","17","10","16","2","17","17","26","23","12","13","1","4","8","9","13","16","10","0","5","6","6","16","6","5","447","160","122","41","21","3","6","0","17","398","103","88","38","21","2","6","2","7","123","39","30","17","9","1","4","1","3","64","23","13","2","1","1","0","0","1"
"s25","voters","UNI1598","11","3","5","0","0","0","0","0","0","0","3","6","5","3","0","2","0","0","0","0","0","0","0","0","0","0","0","0","0","0","0","0","0","0","0","0","0","0","0","0","0","0","0","0","0","0","0","0","0","0","0","0","0","0","0","1","1","0","1","0","0","0","1","0","1","1","0","0","0","0","0","0","2","0","1","0","1","0","1","0","0","0","0","0","0","0","0","0","0","0","0","0","0","0","0","0","0","0","0","0","0","2","1","0","0","0","0","0","0","0","3","0","1","0","0","0","0","0","1","2","0","1","0","0","0","0","0","0","0","0","0","0","0","0","0","0","0"
"s25","voters","UNI1600","650","374","119","18","5","9","6","0","6","0","113","263","387","259","60","80","29","5","2","0","0","0","0","0","0","1","1","0","0","2","0","1","0","0","1","2","1","0","0","0","0","4","0","3","0","1","20","29","8","15","25","36","9","42","55","28","24","34","48","0","4","13","7","7","15","22","0","2","7","9","10","8","15","1","13","7","4","1","11","10","1","19","19","8","5","6","8","0","2","4","7","0","0","1","2","11","5","5","1","1","5","219","55","51","11","10","7","4","1","16","64","15","16","4","8","3","1","0","8","73","12","13","6","5","1","1","0","2","27","9","6","0","1","1","0","0","0"
"s25","voters","UNI1601","654","368","113","19","9","3","12","0","4","0","126","264","390","279","41","99","27","0","3","0","0","0","0","0","0","0","0","0","0","1","0","0","0","0","0","0","0","0","0","0","0","6","0","2","0","2","23","30","11","13","31","29","1","48","49","28","36","29","38","1","3","8","7","5","13","17","0","2","10","12","6","13","16","3","12","9","6","10","5","4","5","16","22","7","11","5","11","1","2","6","4","3","2","4","0","8","8","5","2","2","0","191","68","53","10","11","2","3","2","28","58","15","13","5","5","3","1","0","13","71","19","14","4","6","5","2","0","5","30","8","4","1","2","1","0","0","1"
"s25","voters","UNI1602","403","229","86","9","3","7","0","0","1","0","68","171","232","155","43","46","14","0","2","0","1","0","0","0","0","1","0","0","0","2","0","0","0","0","0","0","0","1","6","1","0","2","0","1","0","2","12","19","7","10","19","18","0","30","27","21","15","21","28","0","6","10","8","6","6","11","1","2","3","9","5","6","13","1","6","6","6","2","2","1","0","5","11","4","10","10","4","0","3","2","2","3","1","2","0","1","1","0","0","3","2","124","39","28","12","9","1","4","3","9","57","11","7","1","2","1","2","1","4","41","9","11","1","5","0","1","0","0","12","5","2","0","1","0","0","0","0"
"s25","voters","UNI1603","38","23","8","1","0","2","0","0","0","0","4","17","21","9","1","3","0","0","0","0","0","0","0","0","0","0","0","0","0","0","0","0","0","0","0","0","0","0","0","0","0","1","0","0","0","0","2","3","0","1","3","2","1","0","1","2","1","2","5","0","1","0","0","0","1","2","0","0","0","1","0","2","1","0","0","0","0","0","0","1","1","1","0","1","0","0","0","0","0","0","0","0","0","1","0","0","0","0","0","0","2","14","4","1","1","0","1","0","0","2","4","1","2","0","0","0","0","0","1","2","0","1","0","0","1","0","0","0","1","2","0","0","0","0","0","0","0"
"s25","voters","UNI1604","751","396","226","23","5","6","4","0","2","0","89","303","448","243","85","53","12","3","4","1","2","0","0","0","0","2","0","0","0","0","0","0","0","0","0","0","0","2","8","1","0","1","1","1","0","0","16","21","11","17","36","40","1","37","55","32","35","47","48","1","6","11","16","15","29","29","1","3","12","20","17","26","40","0","8","12","5","6","5","3","2","17","5","7","6","8","5","0","3","3","1","3","4","2","0","6","5","2","2","5","4","202","64","53","17","19","6","6","2","27","137","22","24","4","10","1","1","2","25","60","10","9","4","5","0","0","0","1","27","8","3","1","0","0","1","0","0"
"s25","voters","UNI1605","541","292","133","17","4","3","3","0","3","0","86","217","324","161","44","49","10","4","2","4","2","0","0","0","0","0","0","0","0","0","1","0","0","0","0","0","0","2","1","0","0","3","1","3","0","2","7","14","10","13","20","33","1","30","24","25","27","33","53","2","2","3","10","11","10","29","0","3","4","7","6","11","35","0","9","4","5","7","9","4","2","9","14","9","6","4","4","0","1","2","2","0","4","4","0","4","3","0","3","1","6","164","49","36","12","5","0","1","2","23","76","20","13","4","4","2","0","2","12","52","11","9","2","5","0","1","0","6","18","6","4","0","1","0","0","0","1"
"s25","voters","UNI1606","48","35","8","0","0","0","0","0","0","0","5","19","29","22","3","4","0","1","1","0","0","0","0","0","0","0","0","0","0","0","0","0","0","0","0","0","0","0","0","0","0","1","1","1","0","1","3","2","2","2","1","1","0","3","5","4","4","6","1","0","0","0","1","0","2","0","0","0","2","0","2","0","1","0","1","0","2","0","1","0","0","0","1","0","0","0","0","0","0","0","0","0","0","0","0","0","0","0","0","0","0","17","7","6","1","3","0","0","0","1","4","3","1","0","0","0","0","0","0","3","0","1","0","1","0","0","0","0","0","0","0","0","0","0","0","0","0"
"s25","voters","UNI1607","821","444","212","28","2","10","2","0","2","0","121","343","478","234","69","48","16","5","7","2","3","0","0","0","0","0","1","0","1","3","2","5","0","0","0","0","0","3","6","0","0","7","1","4","0","0","14","23","17","25","38","52","1","34","55","31","36","49","69","0","6","11","14","12","24","38","1","9","10","15","16","19","37","1","6","13","12","2","11","8","2","10","19","10","7","9","11","0","2","3","1","4","3","3","0","5","3","4","2","6","8","217","86","56","27","16","4","8","2","28","103","42","28","8","5","1","1","0","24","71","13","14","8","5","2","1","1","6","24","7","9","3","1","0","0","0","0"
"s25","voters","UNI1608","78","49","11","1","0","3","1","0","1","0","12","31","47","32","4","4","3","1","0","0","0","0","0","0","0","0","0","0","0","0","0","0","0","0","0","0","0","0","0","0","0","0","0","1","1","0","4","2","1","2","3","6","0","7","5","1","5","7","6","0","0","0","0","1","2","1","0","0","1","0","2","1","3","0","1","2","1","0","1","0","2","2","1","0","2","0","0","0","2","0","0","1","1","0","0","1","0","1","0","0","0","30","6","6","3","3","0","0","0","1","3","0","5","1","1","0","0","0","1","7","2","2","0","1","0","0","0","0","5","1","0","0","0","0","0","0","0"
"s25","voters","UNI1609","540","258","129","34","6","7","4","0","1","0","101","231","309","132","51","61","25","1","1","1","0","2","0","0","0","0","0","0","0","1","2","1","0","0","0","0","0","0","0","0","0","2","6","2","0","2","14","16","14","11","14","22","3","30","30","29","21","20","32","1","11","8","7","12","10","21","0","5","4","14","9","10","17","3","9","6","10","4","6","7","1","16","9","10","6","5","9","1","3","4","2","4","5","4","0","7","8","1","4","2","7","145","42","26","17","13","0","2","1","12","74","20","16","7","2","2","1","0","7","65","10","12","2","2","2","0","1","7","35","6","6","1","1","1","0","0","2"
"s25","voters","UNI1610","7","3","1","0","0","0","0","0","0","0","3","3","4","1","0","0","0","0","0","0","0","0","0","0","0","0","0","0","0","0","0","0","0","0","0","1","0","0","0","0","0","0","0","0","0","0","0","0","0","0","1","0","0","0","0","0","1","0","1","0","0","0","0","0","0","0","0","0","0","0","0","0","1","0","0","0","1","1","0","0","0","0","0","0","0","1","0","0","0","0","0","0","0","0","0","0","0","0","0","0","0","2","0","0","0","0","0","0","0","1","0","0","1","0","0","0","0","0","0","3","0","0","0","0","0","0","0","0","0","0","0","0","0","0","0","0","0"
"s25","voters","UNI1611","17","8","8","0","0","1","0","0","0","0","0","8","9","8","5","0","1","0","0","0","0","0","0","0","0","0","0","0","0","0","0","0","0","0","0","0","0","0","0","0","0","0","0","0","0","0","0","0","0","1","1","1","0","2","0","1","0","1","1","0","0","0","3","0","1","1","0","0","0","0","0","2","1","0","0","0","0","0","0","0","0","0","0","0","0","0","0","0","0","0","0","0","0","0","0","0","0","1","0","0","0","5","0","2","1","0","0","0","0","0","5","1","0","0","0","0","0","0","2","0","0","0","0","0","0","0","0","0","1","0","0","0","0","0","0","0","0"
"s25","voters","UNI1614","1","1","0","0","0","0","0","0","0","0","0","0","1","1","0","0","0","0","0","0","0","0","0","0","0","0","0","0","0","0","0","0","0","0","0","0","0","0","0","0","0","0","0","0","0","0","0","0","0","0","0","0","0","0","1","0","0","0","0","0","0","0","0","0","0","0","0","0","0","0","0","0","0","0","0","0","0","0","0","0","0","0","0","0","0","0","0","0","0","0","0","0","0","0","0","0","0","0","0","0","0","1","0","0","0","0","0","0","0","0","0","0","0","0","0","0","0","0","0","0","0","0","0","0","0","0","0","0","0","0","0","0","0","0","0","0","0"
"s25","voters","UNI1615","0","0","0","0","0","0","0","0","0","0","0","0","0","0","0","0","0","0","0","0","0","0","0","0","0","0","0","0","0","0","0","0","0","0","0","0","0","0","0","0","0","0","0","0","0","0","0","0","0","0","0","0","0","0","0","0","0","0","0","0","0","0","0","0","0","0","0","0","0","0","0","0","0","0","0","0","0","0","0","0","0","0","0","0","0","0","0","0","0","0","0","0","0","0","0","0","0","0","0","0","0","0","0","0","0","0","0","0","0","0","0","0","0","0","0","0","0","0","0","0","0","0","0","0","0","0","0","0","0","0","0","0","0","0","0","0","0"
"s25","voters","UNI1616","462","257","116","15","2","3","7","0","1","0","61","187","275","141","30","38","10","2","2","1","1","0","0","0","0","1","0","0","0","0","0","0","0","0","0","0","0","7","4","3","0","5","2","1","1","1","11","17","4","13","28","24","4","27","38","14","19","28","29","1","2","5","8","5","9","26","0","4","3","9","9","12","23","0","3","6","4","0","3","4","3","12","10","3","5","3","5","0","0","5","1","2","3","2","0","2","4","3","1","1","4","143","50","29","13","9","0","4","0","9","63","23","7","3","7","2","3","1","7","37","8","6","4","2","2","2","0","0","22","2","2","1","1","0","0","0","0"
"s25","voters","UNI1617","3","2","0","0","0","0","0","0","0","0","1","2","1","0","0","1","0","0","0","0","0","0","0","0","0","0","0","0","0","0","0","0","0","0","0","0","0","0","0","0","0","0","0","0","0","0","0","0","0","1","0","0","0","0","0","1","0","0","0","0","0","0","0","0","0","0","0","0","0","0","0","0","0","0","1","0","0","0","0","0","0","0","0","0","0","0","0","0","0","0","0","0","0","0","0","0","0","0","0","0","0","1","1","0","0","0","0","0","0","0","0","0","0","0","0","0","0","0","0","0","1","0","0","0","0","0","0","0","0","0","0","0","0","0","0","0","0"
"s25","voters","UNI1618","195","118","26","8","1","2","0","0","0","0","40","82","113","75","9","32","9","0","0","0","0","0","0","0","0","0","0","0","0","1","0","0","0","1","1","0","0","0","6","1","1","3","0","1","0","0","3","12","3","5","9","13","0","9","22","10","7","11","14","0","0","2","2","4","1","4","0","0","2","5","2","2","2","2","5","3","3","1","4","0","1","7","7","5","0","0","2","0","1","4","1","0","0","0","0","1","1","0","2","1","0","71","21","6","4","5","1","1","2","7","14","5","2","0","2","1","2","0","0","22","7","8","1","1","0","0","1","0","8","1","1","0","0","0","0","0","1"
"s25","voters","UNI1620","36","14","17","1","0","1","0","0","1","0","2","16","20","6","1","1","0","0","0","0","0","0","0","0","0","0","0","0","0","0","0","0","0","0","0","0","0","0","0","0","0","0","0","0","0","0","1","0","0","1","4","0","0","3","0","0","0","2","3","0","0","0","0","0","2","5","0","0","0","0","2","3","5","0","0","0","0","0","0","0","1","0","0","1","0","0","0","0","1","0","0","1","1","0","0","0","0","0","0","0","0","9","2","2","1","0","0","0","0","0","6","1","3","0","1","0","0","1","5","1","0","1","0","0","0","0","0","0","2","1","0","0","0","0","0","0","0"
"s25","voters","UNI1666","487","257","121","16","3","12","4","0","2","0","72","211","276","182","65","54","20","0","1","0","0","0","0","0","0","0","0","0","0","0","0","0","0","0","0","0","0","0","0","0","1","5","1","0","0","0","12","13","10","8","23","36","0","24","34","6","21","31","39","0","8","6","8","8","8","23","0","6","3","10","6","17","18","1","3","10","3","2","5","4","1","3","13","9","7","8","3","0","2","4","1","4","3","6","0","1","4","3","1","3","5","132","43","29","9","8","1","8","1","26","69","16","10","6","8","1","1","0","10","41","5","9","7","2","0","1","1","6","21","7","3","3","0","1","0","0","2"
"s25","voters","UNI1667","110","57","30","2","0","1","1","0","0","0","19","52","58","47","11","13","4","0","0","0","0","0","0","0","0","0","0","0","0","0","0","0","0","0","0","0","0","0","0","0","0","0","0","0","0","0","2","2","4","2","8","4","0","11","9","2","2","4","7","0","0","3","3","1","4","5","0","3","1","0","2","6","2","0","1","3","1","2","2","1","0","1","2","2","1","3","0","0","1","2","0","0","1","0","0","0","0","0","0","0","0","30","10","7","2","5","1","0","0","2","20","3","2","1","2","0","0","0","2","7","6","1","0","3","0","1","0","1","2","0","1","0","0","0","0","0","1"
"s25","voters","UNI1668","332","200","57","12","4","2","7","0","0","0","50","142","190","132","27","34","16","0","1","0","0","0","0","0","0","0","0","0","0","0","0","2","0","0","0","0","0","0","0","0","0","6","1","0","0","2","8","15","11","5","16","22","0","24","21","15","15","19","27","0","1","5","5","1","8","8","0","2","2","4","5","10","6","0","6","4","7","1","4","2","0","6","1","5","2","7","5","0","2","1","3","0","3","2","0","2","4","0","2","3","3","124","29","23","2","4","0","3","0","15","31","13","6","1","2","1","0","1","2","26","6","3","4","4","1","1","1","4","16","4","3","0","0","0","2","0","0"
"s25","voters","UNI1669","607","364","116","7","2","6","1","0","1","0","110","262","345","268","71","77","13","7","2","2","1","0","0","0","0","0","0","0","0","0","0","0","0","0","0","0","0","0","0","0","0","1","3","0","1","2","25","23","9","13","33","35","3","31","53","30","32","30","45","0","2","9","7","6","19","15","0","3","8","6","9","14","18","2","10","17","4","7","5","9","1","14","16","8","6","6","5","0","1","2","3","1","1","2","0","1","3","1","0","2","0","170","66","57","14","30","0","6","1","20","66","20","12","8","1","0","0","3","6","59","22","11","6","9","2","0","0","1","10","2","2","0","2","0","1","0","0"
"s25","voters","UNI1670","521","295","115","26","1","4","3","0","3","0","74","211","310","177","53","54","22","3","2","1","2","0","2","0","0","0","0","0","0","0","0","0","0","0","0","0","0","2","0","0","0","4","1","0","3","1","17","17","9","11","27","26","4","20","34","27","28","27","47","1","5","9","8","12","9","18","1","3","8","8","6","7","20","0","6","3","4","3","5","3","2","13","6","13","5","7","4","0","6","0","0","1","7","3","1","6","3","6","3","0","1","159","53","42","11","12","0","3","0","15","68","24","9","5","3","0","0","0","6","51","11","6","1","0","2","0","1","2","20","7","7","0","1","0","0","0","2"
"s25","voters","UNI1672","89","39","25","3","0","1","0","0","0","0","21","45","44","33","10","17","3","0","0","0","0","0","0","0","0","0","0","0","0","0","0","0","0","0","0","0","0","0","0","0","0","1","0","0","0","0","2","4","1","4","2","4","0","2","6","3","3","3","5","0","1","1","2","0","5","4","0","0","1","0","3","3","5","0","5","2","3","0","1","1","0","4","0","0","2","2","1","0","1","1","0","0","0","1","0","0","0","0","0","0","1","17","10","1","2","2","0","1","1","5","12","2","3","3","0","0","0","0","5","13","4","1","1","1","1","0","0","0","4","0","0","0","0","0","0","0","0"
"s25","voters","UNI1673","24","9","10","0","1","0","1","0","0","0","3","10","14","6","6","2","2","0","0","0","0","0","0","0","0","0","0","0","0","0","0","0","0","0","0","0","0","0","0","0","0","0","1","0","0","0","0","1","1","1","0","0","0","0","0","2","3","0","1","0","1","0","1","1","2","1","0","0","0","2","1","0","1","0","0","0","0","0","0","0","1","0","1","0","0","0","1","0","1","0","0","0","0","0","0","0","0","1","0","0","0","5","1","2","1","0","0","0","0","0","6","1","1","1","0","0","0","0","1","2","0","1","0","0","0","0","0","0","0","1","1","0","0","0","0","0","0"
"s25","voters","UNI1674","593","356","93","13","4","8","6","0","1","0","112","256","337","273","56","89","27","0","1","0","0","1","0","0","0","0","0","0","0","0","0","0","0","2","0","0","0","1","0","0","0","3","1","0","0","3","19","36","12","10","24","35","4","53","43","22","19","34","42","0","4","7","13","2","10","10","0","3","7","8","3","13","13","2","12","10","5","7","10","11","2","15","16","7","7","5","3","0","3","3","1","1","3","3","0","5","4","3","1","4","1","186","60","41","13","15","4","13","0","24","49","17","13","1","4","1","2","0","6","68","10","9","14","3","0","1","2","5","20","5","2","1","1","1","0","1","1"
"s25","voters","UNI1675","178","89","50","7","1","1","2","0","0","0","28","70","108","69","23","15","2","1","2","0","0","0","0","0","0","0","0","0","0","0","0","0","0","0","0","0","0","0","0","1","0","3","0","0","0","0","3","5","3","4","9","4","0","12","10","6","7","13","13","0","1","3","2","5","8","9","0","1","1","2","1","8","9","0","1","5","1","0","0","2","0","7","1","2","2","4","3","0","2","0","1","1","0","1","0","1","1","0","0","1","3","39","23","13","1","5","0","1","0","7","29","9","3","4","0","0","0","1","4","14","2","8","2","0","1","0","0","1","7","3","1","0","0","0","0","0","0"
"s25","voters","UNI1676","1","0","0","1","0","0","0","0","0","0","0","1","0","0","0","0","0","0","0","0","0","0","0","0","0","0","0","0","0","0","0","0","0","0","0","0","0","0","0","0","0","0","0","0","0","0","0","0","0","0","0","0","0","0","0","0","0","0","0","0","0","0","0","0","0","0","0","0","0","0","0","0","0","0","0","0","0","0","0","0","0","0","0","0","0","0","0","0","0","0","0","0","0","1","0","0","0","0","0","0","0","0","0","0","0","0","0","0","0","0","0","0","0","0","0","0","0","0","0","0","0","0","0","0","0","0","0","0","0","0","0","0","0","0","0","0","1"
"s25","voters","UNI1677","77","33","22","2","0","0","0","0","0","0","20","30","47","25","10","13","1","0","0","0","0","0","0","0","0","0","0","0","0","0","0","0","0","0","0","0","0","0","0","0","0","0","0","0","0","0","2","1","1","3","2","5","0","3","3","2","4","2","5","0","0","2","0","1","3","1","0","1","1","2","4","1","6","0","1","0","3","2","0","1","0","2","2","3","3","0","3","0","0","1","1","0","0","0","0","0","0","0","0","0","0","19","5","5","3","1","0","0","0","0","10","4","2","0","4","1","0","0","1","6","3","2","2","2","0","0","0","5","2","0","0","0","0","0","0","0","0"
"s25","voters","UNI1678","1442","793","330","44","6","8","12","0","4","0","245","627","815","573","150","177","40","3","5","1","1","0","1","0","0","0","1","0","0","0","1","5","0","2","0","0","0","5","2","2","0","19","5","2","0","8","43","49","28","48","57","66","7","104","98","47","67","79","92","0","16","14","28","24","35","42","1","10","24","18","24","44","50","2","22","22","16","18","22","20","3","28","29","18","20","16","9","0","7","10","6","10","9","5","0","9","4","2","1","3","8","422","142","82","24","24","4","8","6","81","204","45","39","3","9","0","5","1","24","139","32","26","16","13","1","5","0","13","38","19","12","2","0","0","0","0","3"
"s25","voters","UNI1825","301","170","71","4","1","2","1","0","1","0","51","135","166","117","29","30","6","0","0","0","0","0","0","0","0","0","0","0","0","1","0","0","0","2","3","0","0","6","3","1","0","3","1","2","0","2","10","16","6","12","12","15","1","21","20","15","8","16","16","0","0","2","2","4","11","14","0","3","6","2","4","11","12","1","6","6","2","4","1","7","1","4","3","4","8","1","3","0","0","1","0","0","1","0","0","3","1","1","2","0","0","88","33","26","3","5","1","4","1","9","37","10","10","1","2","0","1","0","10","30","9","1","4","3","2","1","0","1","7","1","0","0","1","0","0","0","0"
"s25","voters","UNI1826","254","142","55","9","0","6","2","0","0","0","40","119","135","100","24","20","8","3","1","0","0","0","0","0","0","0","0","0","0","0","0","0","0","0","0","0","0","3","3","0","0","1","2","7","0","2","9","10","7","11","9","14","0","14","14","9","9","15","19","0","1","5","4","2","9","10","0","0","0","3","3","9","9","0","5","2","0","4","5","5","0","5","2","1","4","2","5","0","0","1","2","0","1","1","1","3","0","2","2","1","3","62","24","23","4","6","2","3","0","18","22","12","9","0","0","1","0","2","9","19","7","4","2","3","0","2","0","3","12","2","3","0","0","0","0","0","0"
"s25","voters","UNI1827","680","437","95","20","10","6","6","0","3","0","103","264","416","330","51","75","26","3","1","0","0","0","0","0","0","0","0","0","0","5","1","3","0","0","0","0","0","0","0","1","0","5","4","4","1","4","14","33","14","13","29","41","6","61","65","32","35","44","46","2","2","9","10","6","9","7","0","1","3","8","7","16","15","2","12","7","11","2","12","6","3","13","7","9","4","6","9","0","6","4","3","1","3","2","0","4","10","6","2","1","3","229","76","57","15","19","5","1","5","30","63","6","10","5","3","0","2","0","6","69","4","12","6","5","0","1","0","6","31","9","2","1","1","0","0","0","1"
"s25","voters","UNI1871","12","10","2","0","0","0","0","0","0","0","0","4","8","2","0","0","0","0","1","0","0","0","0","0","0","0","0","0","0","0","0","0","0","0","0","0","0","0","0","0","0","0","0","0","0","0","0","1","0","0","1","1","1","0","2","1","0","2","1","0","0","0","0","0","1","0","0","0","0","1","0","0","0","0","0","0","0","0","0","0","0","0","0","0","0","0","0","0","0","0","0","0","0","0","0","0","0","0","0","0","0","6","1","0","1","0","0","0","0","2","0","1","1","0","0","0","0","0","0","0","0","0","0","0","0","0","0","0","0","0","0","0","0","0","0","0","0"
"s25","voters","UNI1872","766","238","382","23","4","9","6","0","1","0","103","356","410","175","112","59","20","6","19","1","2","0","2","0","0","1","0","0","0","4","6","5","2","0","0","0","0","2","2","0","0","4","1","2","0","2","5","10","8","12","14","34","2","15","23","19","26","18","50","2","13","17","22","17","50","76","0","11","14","20","21","54","65","1","6","13","9","11","6","6","0","10","9","11","6","8","7","0","2","2","4","6","1","7","0","2","6","3","5","1","4","118","41","29","9","11","0","3","2","25","205","48","56","10","11","2","3","2","45","58","9","12","7","7","2","2","2","4","24","7","6","3","0","0","0","1","2"
"s25","voters","UNI1873","475","181","204","22","3","3","3","0","0","0","59","218","257","122","61","27","15","1","0","2","1","2","0","1","0","0","5","0","0","6","3","3","0","2","0","0","0","0","0","0","0","2","0","1","0","1","6","5","6","7","12","24","1","16","27","14","13","18","31","1","6","13","8","19","23","38","1","9","11","3","12","25","35","0","4","5","5","6","5","8","0","2","4","0","7","5","8","0","2","3","4","4","2","1","0","3","5","2","3","1","1","93","27","26","5","8","1","0","1","20","114","23","20","11","9","1","2","1","23","31","7","8","2","6","1","1","0","3","17","4","6","1","1","0","0","0","2"
"s25","voters","UNI1874","40","13","22","0","0","0","1","0","0","0","4","21","19","7","1","2","1","1","3","0","0","0","0","0","0","0","0","0","0","0","0","0","0","0","0","0","0","0","0","0","0","0","0","0","0","0","0","0","1","1","0","2","0","1","0","0","1","2","5","0","1","0","1","2","2","8","0","0","0","2","1","0","5","0","1","1","0","0","0","0","0","0","0","1","1","0","0","0","0","0","1","0","0","0","0","0","0","0","0","0","0","7","2","2","1","0","0","0","0","1","15","1","3","0","0","0","0","0","3","2","0","1","0","0","0","0","0","1","0","0","1","0","0","0","0","0","0"
"s25","voters","UNI1875","129","63","44","5","0","0","2","0","1","0","14","49","80","45","14","8","4","0","0","0","0","0","2","0","0","0","0","0","0","0","0","0","0","0","0","0","0","0","0","0","0","0","0","0","0","0","3","2","3","5","3","3","0","7","8","4","5","9","11","0","1","3","3","7","3","5","0","1","0","3","5","5","8","0","0","1","1","0","1","1","0","3","2","1","1","2","1","0","0","0","2","1","1","0","0","0","2","1","0","0","1","34","10","8","1","3","1","4","2","0","20","6","6","2","4","0","0","0","6","6","4","0","3","1","0","0","0","0","2","4","2","0","0","0","0","0","0"
"s25","voters","UNI1876","10","6","1","0","0","0","0","0","0","0","3","6","4","4","0","1","0","0","0","0","0","0","0","0","0","0","0","0","0","0","0","0","0","0","0","0","0","0","0","0","0","1","0","0","0","1","0","2","0","0","1","0","0","0","1","0","0","1","0","0","0","1","0","0","0","0","0","0","0","0","0","0","0","0","0","0","0","0","1","0","0","0","1","0","1","0","0","0","0","0","0","0","0","0","0","0","0","0","0","0","0","2","0","1","0","1","0","1","0","1","1","0","0","0","0","0","0","0","0","1","0","1","1","0","0","0","0","0","0","0","0","0","0","0","0","0","0"
"s25","voters","UNI1877","1","0","0","1","0","0","0","0","0","0","0","1","0","0","0","0","1","0","0","0","0","0","0","0","0","0","0","0","0","0","0","0","0","0","0","0","0","0","0","0","0","0","0","0","0","0","0","0","0","0","0","0","0","0","0","0","0","0","0","0","0","0","0","0","0","0","0","0","0","0","0","0","0","0","0","0","0","0","0","0","0","0","0","0","0","0","0","0","0","0","0","0","0","1","0","0","0","0","0","0","0","0","0","0","0","0","0","0","0","0","0","0","0","0","0","0","0","0","0","0","0","0","0","0","0","0","0","0","1","0","0","0","0","0","0","0","0"
"s25","voters","UNI1878","100","37","45","2","1","2","0","0","0","0","13","49","51","6","17","3","3","3","0","0","0","1","1","1","0","0","0","0","0","6","1","2","0","0","0","0","0","0","0","0","0","1","0","1","0","0","1","2","5","0","3","5","0","2","4","2","2","4","7","0","3","1","1","7","6","4","0","3","3","1","4","4","8","0","0","0","0","1","2","3","0","1","1","1","2","0","2","0","0","2","2","0","0","1","0","0","0","0","0","0","0","22","7","2","1","0","0","1","0","4","24","8","7","0","1","1","0","1","3","8","3","0","0","1","0","0","0","1","4","1","0","0","0","0","0","0","0"
"s25","voters","UNI1939","390","259","50","8","7","2","3","0","1","1","59","153","237","210","24","47","17","1","1","0","1","0","0","0","0","0","0","0","0","0","0","0","0","0","0","0","0","0","0","0","0","0","5","0","0","2","9","18","9","9","19","27","0","25","44","23","18","28","28","0","2","3","5","4","5","7","0","1","4","1","3","5","10","0","6","7","4","1","3","4","2","5","8","6","6","5","2","1","1","2","3","2","0","0","1","3","3","4","0","1","1","134","49","34","7","9","2","4","0","20","25","10","5","2","2","0","0","0","6","31","9","5","4","3","0","1","1","5","18","2","1","0","1","0","0","0","0"
"s25","voters","UNI1940","1282","777","210","40","13","17","11","0","5","0","209","555","727","566","113","149","49","3","2","2","0","0","0","0","0","1","0","0","0","1","3","1","0","3","0","0","0","4","6","3","0","4","0","6","5","3","42","51","35","38","39","84","8","104","103","59","65","66","80","0","10","16","24","20","24","23","1","5","13","16","15","19","24","2","19","29","16","10","19","12","5","33","29","8","13","6","8","0","8","14","7","4","6","0","1","10","14","10","6","2","4","421","136","81","29","45","6","10","2","47","137","27","22","6","7","0","2","1","8","126","30","16","11","10","3","1","1","11","54","14","10","3","3","0","0","0","2"
"s25","voters","UNI1941","1127","671","212","28","7","10","6","0","2","0","191","495","632","527","127","142","37","2","2","2","0","0","0","0","0","1","0","0","0","1","2","0","0","0","0","0","0","4","0","2","0","1","6","1","1","4","54","53","25","28","56","58","5","85","85","48","42","69","59","2","10","21","17","17","12","27","2","6","18","18","17","18","27","2","17","23","16","4","15","8","2","30","24","20","12","12","6","0","4","8","4","3","4","3","1","6","7","5","2","4","2","347","122","81","33","17","5","8","5","53","128","36","22","7","3","2","1","1","12","107","25","21","9","13","5","3","1","7","32","8","6","2","3","0","1","0","1"
"s25","voters","UNI1942","1062","630","190","33","5","10","8","0","4","0","182","448","614","466","108","140","42","2","5","1","0","1","0","1","0","1","0","0","0","1","0","1","0","0","2","0","1","0","1","1","1","9","2","3","0","4","38","51","28","15","46","68","4","92","74","50","41","56","63","0","9","15","22","14","21","21","0","5","14","13","13","17","26","2","20","12","8","8","14","8","2","26","28","9","18","13","14","0","0","7","5","4","4","4","0","6","9","6","4","8","3","324","141","80","13","17","5","10","6","34","107","35","26","1","2","0","2","1","16","113","22","20","7","11","3","2","1","3","42","9","5","2","0","1","0","1","0"
"s25","voters","UP11242","95","33","42","4","0","0","1","0","0","0","15","46","49","18","11","1","0","0","0","0","0","0","0","0","0","0","0","0","0","0","0","0","0","1","0","0","0","0","0","0","0","0","2","0","1","0","2","1","3","2","1","6","1","3","2","4","2","4","2","0","3","1","1","5","6","6","0","1","4","1","3","5","6","0","0","1","2","1","2","1","0","0","1","2","1","1","3","0","0","0","1","0","0","1","0","0","0","2","0","0","1","17","7","6","1","2","0","0","0","0","18","7","9","0","0","0","2","1","5","6","2","1","2","3","0","0","0","1","3","1","0","0","0","0","0","1","0"
"s25","voters","UP11243","3237","1112","1523","157","2","27","22","0","5","0","389","1519","1718","271","212","63","42","46","55","18","8","7","12","2","0","15","6","8","0","27","22","14","0","22","9","11","3","4","9","1","0","9","12","7","0","4","29","33","49","54","75","190","6","42","51","75","95","127","282","5","54","52","66","97","156","319","0","27","39","73","104","176","355","4","18","31","36","32","37","66","1","14","19","23","25","31","52","1","10","13","13","15","20","40","0","9","11","7","12","26","36","585","199","124","44","36","7","12","3","102","787","222","181","59","30","12","22","17","193","187","59","55","16","18","5","10","6","33","132","43","13","9","4","1","3","2","6"
"s25","voters","UP11261","725","251","315","42","3","6","8","0","0","0","100","354","371","73","53","28","12","7","6","1","1","1","5","3","0","0","3","0","3","3","5","0","1","3","5","2","1","0","0","0","0","1","1","0","0","1","3","13","7","12","20","44","0","9","13","20","19","31","59","2","9","5","17","23","42","66","0","4","5","18","27","39","58","1","4","4","9","16","9","16","1","4","2","7","10","5","12","0","2","6","9","0","6","8","0","0","4","1","4","8","11","125","50","34","11","6","0","0","0","25","175","36","37","14","12","1","3","2","35","50","16","12","8","4","1","0","2","7","33","15","3","2","3","0","1","0","2"
"s25","voters","UP11262","1276","527","469","54","4","7","6","0","4","0","205","595","681","160","88","51","21","16","6","3","0","6","7","2","0","0","3","3","1","14","13","14","2","15","5","10","1","3","9","2","0","10","4","3","0","2","13","25","32","36","32","72","2","24","51","39","52","45","102","1","13","14","26","39","53","95","4","13","11","25","38","56","81","0","14","10","14","17","15","29","3","12","10","17","17","16","31","0","4","5","8","5","7","14","0","6","3","3","5","7","8","277","97","64","16","11","4","5","3","50","241","68","68","12","10","2","5","2","61","120","32","25","7","3","1","3","1","13","46","14","7","3","0","0","0","0","5"
"s25","voters","UP11263","565","234","207","30","3","5","5","0","4","0","77","238","327","79","33","19","12","7","9","4","2","3","3","1","0","0","0","1","1","1","5","2","0","3","0","1","0","0","0","0","0","4","1","0","0","1","9","18","7","7","11","38","1","9","15","15","21","27","55","0","10","3","13","13","21","33","0","8","4","16","14","24","48","0","3","6","4","5","5","8","0","4","4","3","10","9","16","0","1","4","3","8","3","4","0","2","3","2","3","4","10","126","41","24","5","10","3","3","1","21","96","35","31","3","7","1","2","6","26","39","18","6","7","4","2","0","0","1","28","8","8","2","0","0","0","0","1"
"s25","voters","UP11264","498","171","242","19","0","2","7","0","1","0","56","244","254","47","43","14","11","10","0","4","0","0","0","0","0","1","1","0","0","3","4","2","0","0","2","1","0","5","0","1","0","1","3","0","0","1","6","4","8","13","12","28","0","14","10","11","11","19","34","0","12","11","8","15","31","45","0","5","7","10","17","36","45","1","8","1","6","6","6","8","0","2","3","3","4","4","4","0","0","3","3","6","1","1","0","1","3","5","2","2","2","91","24","26","6","2","1","3","0","18","116","32","37","7","7","0","3","3","37","26","13","6","3","3","0","1","0","4","20","5","2","1","0","0","1","0","0"
"s25","voters","UP11892","1544","643","607","62","2","11","12","0","7","0","200","698","846","229","125","66","22","10","24","2","1","2","1","1","1","3","4","1","0","9","6","13","1","8","2","3","3","3","1","0","1","7","5","0","0","1","22","23","36","32","43","91","3","29","46","55","57","60","145","0","15","21","30","40","66","115","1","14","23","34","41","65","142","5","11","16","14","31","20","19","0","8","6","13","17","16","24","4","2","5","5","7","10","14","0","3","4","9","4","9","18","374","92","78","18","15","0","7","3","56","315","84","68","18","16","4","4","7","91","105","23","29","12","6","2","1","1","21","69","12","10","0","1","0","0","0","2"
"s25","voters","UP11897","18","10","2","1","0","0","0","0","0","0","5","6","12","1","0","0","1","0","0","0","0","0","0","0","0","0","0","0","0","1","1","0","0","0","0","0","0","0","0","0","0","0","0","0","0","0","0","2","0","0","1","0","0","0","0","1","3","3","0","0","0","0","0","0","0","0","0","0","1","0","0","0","1","0","1","0","0","1","0","0","0","0","1","1","1","0","0","0","0","0","0","1","0","0","0","0","0","0","0","0","0","7","0","1","1","1","0","0","0","0","2","0","0","0","0","0","0","0","0","3","1","1","0","0","0","0","0","0","1","0","0","0","0","0","0","0","0"
"s25","voters","UP11898","0","0","0","0","0","0","0","0","0","0","0","0","0","0","0","0","0","0","0","0","0","0","0","0","0","0","0","0","0","0","0","0","0","0","0","0","0","0","0","0","0","0","0","0","0","0","0","0","0","0","0","0","0","0","0","0","0","0","0","0","0","0","0","0","0","0","0","0","0","0","0","0","0","0","0","0","0","0","0","0","0","0","0","0","0","0","0","0","0","0","0","0","0","0","0","0","0","0","0","0","0","0","0","0","0","0","0","0","0","0","0","0","0","0","0","0","0","0","0","0","0","0","0","0","0","0","0","0","0","0","0","0","0","0","0","0","0"
"s25","voters","UP11899","1249","555","452","41","3","9","8","0","5","0","176","525","724","187","112","45","26","16","14","6","4","5","0","3","0","0","3","0","1","10","7","7","0","3","0","2","1","5","3","3","1","5","5","0","2","0","20","26","27","16","40","78","3","23","36","37","45","65","139","0","6","13","22","24","39","100","2","1","16","23","28","48","130","0","8","16","15","12","15","23","3","10","11","17","12","8","26","0","2","4","2","4","2","11","1","3","5","4","4","10","14","336","96","51","11","21","1","4","2","33","227","72","50","24","9","5","6","6","53","93","30","21","7","4","2","3","1","15","51","10","3","1","0","0","1","0","0"
"s25","voters","UP21244","39","15","16","3","1","0","0","0","0","0","4","17","22","3","1","0","0","0","1","0","0","0","0","0","0","0","0","0","0","0","0","0","0","0","0","0","0","0","0","0","0","0","0","0","0","0","0","0","0","1","1","4","0","0","1","1","1","0","6","0","0","0","0","0","2","4","0","1","1","0","0","2","6","0","0","1","1","0","0","0","0","0","0","0","1","0","1","0","0","0","0","1","0","2","0","1","0","0","0","0","0","9","1","2","0","0","2","0","0","1","8","1","4","1","0","0","0","0","2","2","0","0","1","0","0","1","0","0","2","0","1","0","0","0","0","0","1"
"s25","voters","UP21245","809","230","426","28","1","4","7","0","2","0","111","390","419","51","37","18","11","14","28","4","1","6","5","0","0","0","1","0","0","4","6","7","0","4","6","6","1","1","2","0","0","2","3","0","0","1","7","9","5","8","17","45","1","4","19","14","17","25","58","1","28","10","17","29","43","92","0","5","11","19","32","42","97","1","2","12","6","9","11","18","0","4","9","7","8","12","12","0","1","0","2","2","3","11","0","2","4","2","3","4","8","124","43","24","8","4","0","1","2","24","219","70","46","8","15","1","7","3","57","59","13","15","8","5","1","2","0","8","27","10","4","0","1","0","0","0","0"
"s25","voters","UP21246","19","7","11","1","0","0","0","0","0","0","0","11","8","5","0","0","0","0","1","0","0","0","0","0","0","0","0","0","0","0","2","0","0","0","0","0","0","0","0","0","0","0","0","0","0","0","0","0","0","0","0","3","0","0","0","2","0","0","2","0","0","0","0","4","1","2","0","0","0","0","2","1","1","0","0","0","0","0","0","0","0","0","0","0","0","0","0","0","0","1","0","0","0","0","0","0","0","0","0","0","0","2","4","0","0","0","0","1","0","0","4","2","1","1","1","0","1","0","1","0","0","0","0","0","0","0","0","0","1","0","0","0","0","0","0","0","0"
"s25","voters","UP21247","220","69","110","12","2","1","0","0","0","0","26","106","114","22","14","6","1","5","4","1","0","0","0","0","0","1","0","0","0","0","3","0","0","2","0","0","1","3","0","3","0","0","2","0","0","0","0","2","4","4","6","11","1","1","6","6","4","6","18","0","3","2","1","3","17","28","1","2","4","4","6","14","25","0","5","0","2","3","0","6","0","4","2","0","1","2","1","0","2","1","1","0","3","2","0","0","0","0","0","5","1","37","15","6","2","0","0","0","1","8","62","12","12","6","0","0","0","0","18","13","5","2","2","1","0","0","0","3","12","2","0","0","0","0","0","0","1"
"s25","voters","UP21258","154","54","72","5","0","0","0","1","0","0","22","69","85","21","11","2","0","1","5","1","1","0","0","0","0","0","0","0","0","2","2","4","0","1","0","0","0","0","0","0","0","0","0","0","0","0","1","0","2","2","4","12","0","1","4","5","2","5","16","0","2","5","5","2","7","15","1","5","0","5","4","7","14","0","1","2","1","1","2","3","0","1","3","0","1","5","2","0","0","0","0","1","0","1","0","0","0","1","0","2","1","22","11","10","3","1","0","1","0","6","30","17","11","2","1","0","0","0","11","12","1","6","1","1","0","0","0","1","3","2","0","0","0","0","0","0","1"
"s25","voters","UP21259","186","67","93","9","0","3","0","0","0","0","14","79","107","13","8","1","0","4","0","0","0","0","0","0","0","1","1","0","0","0","0","0","0","0","0","0","0","0","2","0","0","0","2","0","0","0","2","2","1","0","2","15","0","1","2","2","2","5","33","0","1","1","2","4","6","29","0","0","3","2","4","5","36","0","0","2","1","1","0","6","0","0","0","0","2","0","2","0","0","0","0","0","1","3","0","0","0","0","1","0","7","40","13","10","0","0","0","2","0","2","47","12","10","2","3","0","1","1","17","9","1","1","1","0","0","1","0","1","11","1","0","0","0","0","0","0","0"
"s25","voters","UP21265","947","346","425","44","1","9","5","0","3","0","114","452","495","100","64","27","9","7","11","2","0","3","0","0","0","5","1","0","1","8","2","5","1","5","2","0","0","1","1","0","0","6","2","3","3","0","6","17","23","15","20","60","0","15","15","28","28","37","82","1","11","17","22","26","55","85","1","4","12","19","31","47","94","0","10","5","7","10","11","17","0","5","3","6","11","12","17","0","2","1","7","8","12","4","0","4","5","4","1","10","4","195","57","50","14","6","0","2","0","22","209","72","53","14","11","4","5","9","48","56","13","18","7","4","1","1","0","14","37","14","8","1","1","0","0","1","0"
"s25","voters","UP21266","1959","717","824","117","2","11","12","0","6","0","270","882","1077","182","132","49","26","18","14","9","4","23","4","4","0","4","4","0","1","21","16","27","1","21","10","18","8","9","2","8","1","30","13","8","3","1","17","31","44","52","43","90","6","29","39","53","81","71","160","2","24","29","36","71","89","139","2","23","27","37","78","85","182","1","20","12","21","33","25","33","4","11","14","10","30","25","31","0","10","3","9","8","14","25","2","10","9","5","14","10","29","417","133","80","23","17","3","6","7","31","495","130","87","28","13","2","3","5","61","163","33","33","17","4","2","2","3","13","101","25","14","2","2","0","1","0","3"
"s25","voters","UP21267","9","6","1","0","0","0","0","0","0","0","2","4","5","0","0","0","0","0","0","0","0","0","0","0","0","0","0","0","0","0","0","0","0","0","0","0","0","0","0","0","0","0","0","0","0","0","0","1","1","0","0","0","0","1","1","1","1","0","0","0","0","0","0","0","0","0","0","1","0","0","0","0","0","0","0","0","0","1","0","1","0","0","0","0","0","0","0","0","0","0","0","0","0","0","0","0","0","0","0","0","0","5","1","0","0","0","0","0","0","0","1","0","0","0","0","0","0","0","0","1","1","0","0","0","0","0","0","0","0","0","0","0","0","0","0","0","0"
"s25","voters","UP21268","128","58","56","2","2","0","0","0","0","0","10","52","76","10","7","3","2","2","3","1","1","0","0","0","0","0","0","0","0","2","1","1","0","1","0","0","0","0","0","0","0","2","1","1","0","0","0","4","1","4","1","8","0","1","3","5","3","8","20","0","1","0","1","2","9","13","0","1","1","4","4","3","17","0","0","2","1","1","1","1","0","0","1","0","0","0","3","0","0","0","1","0","0","1","1","0","0","0","0","0","1","34","11","3","1","5","0","1","1","2","29","7","12","2","1","0","0","2","3","6","1","2","0","0","0","0","0","1","4","0","0","0","0","0","0","0","0"
"s25","voters","UP21269","454","152","230","16","0","2","4","0","1","0","49","210","244","37","36","11","4","4","6","0","0","2","1","1","0","1","1","0","0","3","4","1","0","0","0","0","0","0","0","0","0","1","1","3","1","1","3","6","5","8","13","24","1","4","9","6","17","24","31","0","2","9","7","15","31","45","1","2","5","7","16","28","62","0","3","4","1","4","2","13","0","1","3","2","0","5","11","0","1","2","0","3","6","2","0","1","0","3","0","2","3","86","24","21","5","2","1","0","1","12","129","34","17","10","8","1","2","1","28","23","8","7","3","4","1","1","0","2","14","6","1","0","1","0","0","1","0"
"s25","voters","UP21270","294","106","145","8","0","1","0","0","0","1","33","134","160","29","27","5","2","2","4","0","0","1","0","0","0","1","0","0","0","2","1","3","0","0","1","0","0","0","2","0","0","0","0","1","0","0","2","2","3","8","3","19","0","6","5","9","8","11","30","1","8","8","3","9","19","26","0","0","6","8","16","16","25","0","1","2","4","3","4","4","0","0","1","0","4","8","2","0","0","0","2","0","0","3","0","0","1","1","0","0","3","49","31","11","1","2","0","2","1","9","76","20","16","6","6","2","3","1","15","14","7","6","1","0","1","1","1","2","7","1","1","0","0","0","0","0","1"
"s25","voters","UP21271","273","125","109","12","0","0","1","0","1","0","25","134","139","41","23","6","4","5","7","1","0","1","0","2","0","1","0","0","0","2","0","0","0","0","0","0","0","1","0","0","0","3","0","0","0","1","2","3","8","5","15","23","0","4","5","4","11","16","28","0","4","5","5","9","13","18","0","1","4","5","11","14","20","1","1","2","2","5","1","4","0","2","0","2","1","1","3","0","0","1","1","1","1","3","0","0","0","3","1","1","2","65","17","12","6","7","0","1","0","17","59","10","11","3","4","1","0","0","21","14","0","3","2","1","1","0","1","3","8","3","1","0","0","0","0","0","2"
"s25","voters","UP21893","249","98","93","15","1","3","2","0","0","0","37","113","136","29","18","9","11","3","6","2","1","0","0","0","0","0","0","0","0","3","0","1","0","4","1","0","0","0","0","3","0","1","0","1","0","0","2","0","5","8","6","13","1","3","4","9","11","8","28","0","5","2","6","7","14","14","0","2","3","4","7","13","16","0","5","1","2","5","1","9","1","0","1","3","1","2","6","0","2","1","2","1","2","0","0","0","1","2","3","2","5","52","19","10","2","3","1","2","0","9","47","11","9","4","3","2","1","2","14","22","4","7","1","0","0","1","0","2","11","3","2","1","3","0","0","0","1"
"s25","voters","UP21894","34","13","15","3","0","0","0","0","0","0","3","16","18","3","3","0","2","0","0","0","0","0","0","0","0","0","0","0","0","0","0","0","0","0","0","0","0","0","0","0","0","1","1","0","0","0","0","0","3","0","1","2","0","1","0","3","1","0","2","0","0","1","0","1","3","3","0","0","0","2","0","3","2","0","0","0","0","0","1","0","0","1","0","0","0","1","0","0","0","0","0","1","0","0","0","0","0","0","1","0","1","10","1","0","1","0","0","0","0","1","6","2","1","1","0","0","0","0","5","1","0","2","0","0","0","0","0","0","3","0","0","0","0","0","0","0","0"
"s25","voters","UP21895","589","221","251","31","1","5","8","0","2","0","70","254","335","58","67","13","6","7","10","1","1","0","0","0","0","6","0","1","0","0","0","7","0","1","0","0","0","0","0","2","0","1","2","0","1","1","4","4","9","14","12","26","1","14","13","16","28","27","52","1","5","8","14","13","35","44","0","5","8","17","18","26","57","1","6","1","8","7","7","10","2","6","3","6","4","4","5","0","1","1","3","2","7","10","0","2","2","6","3","4","6","109","40","29","3","8","1","1","2","28","122","30","32","7","4","1","4","0","51","40","11","4","5","1","0","1","1","7","21","17","2","2","2","1","0","1","1"
"s25","voters","UP21896","38","13","20","1","0","0","0","0","0","0","4","15","23","1","1","1","0","0","2","0","0","0","0","0","0","0","0","0","0","0","0","0","0","0","0","0","0","0","0","0","0","0","3","0","0","0","0","0","0","0","2","2","0","0","0","0","2","5","2","0","0","1","0","0","2","5","0","0","0","2","1","4","5","0","0","0","0","1","0","1","0","0","1","0","0","0","1","0","0","0","0","0","0","1","0","0","0","0","0","0","0","8","3","0","0","0","0","1","0","1","12","1","2","2","1","0","0","0","2","1","2","0","1","0","0","0","0","0","1","0","0","0","0","0","0","0","0"
"s25","voters","UP21900","143","61","49","5","0","1","1","0","0","0","26","64","79","21","11","6","2","1","2","1","0","0","0","0","0","0","2","0","0","2","1","2","0","5","0","0","1","0","0","0","0","3","0","2","0","0","2","3","5","3","4","7","0","3","5","6","3","6","14","1","0","1","1","6","3","11","0","0","1","5","3","6","11","1","2","2","2","0","2","4","0","1","1","3","3","4","1","0","0","0","1","3","0","0","0","1","0","0","1","0","1","32","7","4","2","2","2","2","0","10","22","8","11","0","1","0","0","0","7","15","2","3","2","1","0","0","0","3","5","1","1","0","0","0","0","0","0"
"s25","voters","UP21901","538","223","210","24","0","5","7","0","1","0","68","243","295","91","41","17","9","3","2","1","0","0","1","0","0","2","0","0","0","0","1","1","0","2","0","1","0","0","0","0","0","1","0","3","0","1","1","5","12","11","17","37","0","13","12","20","21","26","47","0","2","4","12","14","35","34","0","3","9","12","16","31","38","1","2","5","13","3","11","4","0","1","5","5","1","10","7","1","1","1","5","2","4","5","1","1","3","3","0","5","5","125","33","27","9","5","2","4","0","18","105","24","30","4","3","2","5","5","32","38","10","6","4","4","1","2","0","3","25","5","2","0","0","0","1","2","2"
"s25","voters","UP21902","263","113","95","9","3","2","1","0","0","0","40","119","144","56","18","17","3","1","2","0","0","0","0","0","0","0","0","0","0","1","0","1","0","0","1","0","0","0","0","0","0","0","0","0","1","0","1","9","8","6","7","11","1","5","10","8","12","11","24","0","5","3","4","12","14","15","0","0","2","4","7","14","15","0","4","5","3","3","3","1","0","3","8","4","2","2","2","0","0","1","0","1","2","1","0","1","1","1","3","4","0","59","18","11","6","5","0","3","3","8","57","10","7","7","0","0","0","1","13","22","7","6","3","0","0","0","0","2","8","2","4","0","0","0","0","0","1"
"s25","voters","UP21903","1147","505","400","63","4","4","10","0","3","0","158","523","624","226","118","54","27","8","13","5","5","0","0","1","0","0","0","0","0","3","1","4","1","2","0","1","0","11","0","3","1","6","4","2","0","1","25","27","31","28","32","61","1","31","37","37","44","57","93","1","8","23","19","29","60","59","1","11","10","33","34","46","66","0","8","18","13","10","9","16","1","7","17","16","12","13","18","0","4","10","7","3","7","14","1","3","3","5","5","12","10","290","77","50","22","14","2","6","1","43","215","63","48","18","6","0","3","3","44","90","22","17","5","8","0","0","2","14","55","10","10","2","0","1","1","1","4"
"s25","voters","UP21904","180","80","65","7","0","4","1","0","3","0","20","88","92","41","10","7","4","3","1","0","1","0","0","0","0","0","0","0","0","1","0","1","0","0","0","0","0","0","2","0","0","1","0","0","0","0","5","2","6","6","6","8","0","5","4","8","8","7","15","0","2","2","2","7","7","14","0","0","1","3","8","7","12","0","1","3","1","2","2","2","0","1","2","3","0","1","2","0","1","1","1","3","2","2","0","1","0","0","1","1","2","37","19","11","2","6","0","0","0","5","33","9","10","1","3","0","1","2","6","10","3","2","1","2","0","0","0","2","5","6","3","0","0","0","0","0","1"
"s25","voters","UP21905","2","1","0","0","0","0","0","0","0","0","1","0","2","0","0","0","0","0","0","0","0","0","0","0","0","0","0","0","0","0","0","0","0","0","0","0","0","0","0","0","0","0","0","0","0","0","0","0","0","0","0","0","0","0","0","0","0","0","1","0","0","0","0","0","0","0","0","0","0","0","0","0","0","0","0","0","0","0","0","0","0","0","0","0","1","0","0","0","0","0","0","0","0","0","0","0","0","0","0","0","0","0","1","0","0","0","0","0","0","0","0","0","0","0","0","0","0","0","0","1","0","0","0","0","0","0","0","0","0","0","0","0","0","0","0","0","0"
"s25","voters","UP31970","12","6","5","0","0","0","0","0","0","0","1","5","7","3","3","0","0","0","0","0","0","0","1","0","0","0","0","0","0","1","0","1","0","0","0","0","0","0","0","0","0","2","0","0","0","0","0","0","0","1","0","1","0","0","1","1","1","0","1","0","0","1","0","1","0","0","0","0","1","0","2","0","0","0","0","0","0","1","0","0","0","0","0","0","0","0","0","0","0","0","0","0","0","0","0","0","0","0","0","0","0","5","1","0","0","0","0","0","0","0","4","1","0","0","0","0","0","0","0","0","1","0","0","0","0","0","0","0","0","0","0","0","0","0","0","0","0"
"s25","voters","UP31971","33","13","10","2","1","0","1","0","0","0","6","14","19","8","1","1","0","0","0","1","0","0","0","0","0","0","0","0","0","0","0","0","0","0","0","0","0","0","0","0","0","0","0","0","0","0","0","0","3","0","1","1","0","2","3","0","2","0","1","1","0","0","0","2","0","1","1","0","0","1","2","0","2","1","1","0","0","1","0","0","0","0","0","2","0","0","1","0","1","0","0","1","0","0","0","0","1","1","0","0","0","3","5","4","1","0","0","0","0","0","9","1","0","0","0","0","0","0","0","5","0","1","0","0","0","0","0","0","1","1","0","1","0","1","0","0","0"
"s25","voters","UP31974","2224","1086","592","118","10","17","17","0","11","0","373","932","1292","518","165","165","58","19","17","4","7","1","1","2","0","1","3","1","1","6","2","4","1","10","5","4","1","9","8","5","2","11","9","4","1","3","38","70","71","67","68","90","4","62","108","125","85","99","196","0","22","22","29","49","72","89","0","10","22","37","57","68","115","7","17","31","32","26","23","27","2","28","43","35","38","33","31","1","4","22","11","10","20","11","2","15","17","11","8","17","24","623","183","127","39","42","2","12","2","56","326","81","68","20","18","5","5","4","65","212","54","49","17","11","4","4","3","19","115","21","18","8","2","1","3","1","4"
"s25","voters","UP31975","1044","601","201","46","2","6","4","0","11","0","173","461","583","205","56","56","17","8","3","4","0","6","8","1","0","3","0","1","0","16","8","10","2","4","0","5","1","5","4","6","1","13","4","1","1","1","20","55","54","38","32","26","4","28","98","82","67","44","52","0","8","12","28","17","23","22","0","8","12","21","14","19","17","2","12","23","27","12","11","8","1","10","22","16","12","13","4","0","1","7","8","7","3","4","1","2","8","7","7","10","4","444","78","54","12","8","0","2","0","3","149","15","27","5","1","0","1","0","3","126","18","18","4","1","0","2","0","4","55","11","1","0","1","0","1","0","0"
"s25","voters","UP31976","583","315","138","17","3","5","5","0","2","0","98","235","348","120","39","33","8","8","5","5","0","3","0","0","0","1","0","0","0","2","2","1","0","0","1","2","0","4","0","0","0","5","2","3","1","2","13","20","16","19","20","21","3","26","33","29","41","32","40","0","6","11","11","13","11","14","0","5","8","4","14","21","20","1","6","13","6","7","7","5","0","5","12","11","10","7","8","0","1","3","4","0","2","3","0","3","2","3","4","4","3","204","47","32","7","12","2","4","1","6","83","24","10","4","3","2","2","2","8","64","11","14","3","3","2","0","0","1","26","0","5","0","0","1","0","0","0"
"s25","voters","UP41972","956","483","241","43","4","8","4","0","6","0","167","423","533","245","91","78","26","8","4","3","1","0","1","0","0","0","0","3","0","2","2","6","0","1","0","1","0","4","10","1","1","8","4","2","2","0","11","32","35","30","38","38","3","30","58","64","39","45","60","0","8","19","19","24","25","34","1","4","12","17","21","30","27","2","8","13","15","16","8","12","2","12","12","16","27","10","14","0","7","10","4","5","6","4","0","3","6","7","5","5","3","268","82","49","25","14","3","6","3","33","135","37","31","6","11","2","1","2","16","93","20","20","9","10","3","3","1","8","39","11","8","1","1","0","1","0","4"
"s25","voters","UP41977","1499","688","502","55","6","6","16","0","10","0","216","676","823","301","157","87","33","6","11","6","3","0","3","0","1","0","1","0","0","5","2","4","0","3","0","1","0","1","4","0","0","8","3","1","0","2","25","45","46","44","49","57","4","40","62","53","72","72","117","0","12","20","40","49","59","73","1","4","23","46","41","57","77","1","12","17","22","22","23","16","1","14","18","24","12","15","19","0","5","6","8","7","6","10","0","13","5","7","10","8","8","395","105","88","23","21","2","10","3","41","273","65","65","19","14","6","5","4","51","118","29","32","5","14","0","3","2","13","62","15","9","4","2","0","0","0","1"
"s25","voters","UP41978","1982","1002","499","103","9","13","25","0","11","0","320","826","1156","447","161","112","66","13","13","6","1","1","2","2","0","2","1","0","0","12","8","12","1","6","1","0","0","8","0","4","1","12","3","11","1","0","34","58","59","52","59","100","2","76","89","89","93","110","181","1","13","28","33","33","66","84","0","5","25","30","39","54","88","3","18","19","26","17","21","27","2","31","38","35","32","16","35","0","4","11","11","18","19","12","1","13","14","15","13","18","12","591","160","125","27","30","1","12","3","53","282","69","63","18","11","6","7","6","37","194","37","38","13","13","3","2","3","17","90","35","18","6","3","1","2","2","4"
"s25","voters","VI10994","2399","1034","830","128","6","24","20","0","7","1","349","1007","1392","402","245","132","49","14","26","8","5","4","2","1","2","1","2","1","0","0","3","2","1","1","4","7","0","4","10","3","3","16","6","7","1","5","39","43","41","56","80","125","7","65","96","69","87","129","192","4","31","21","50","65","112","106","0","17","35","64","79","86","160","2","21","18","27","16","29","32","4","36","39","27","27","32","39","0","16","9","15","10","13","21","2","11","20","13","26","14","16","622","175","112","46","24","4","6","4","41","496","119","95","29","26","1","5","2","57","209","45","43","19","15","1","3","1","13","118","35","20","5","2","1","1","0","4"
"s25","voters","VI10995","5","5","0","0","0","0","0","0","0","0","0","3","2","3","0","0","0","0","0","0","0","0","0","0","0","0","0","0","0","0","0","0","0","0","0","0","0","0","0","0","0","0","0","0","0","0","0","1","0","1","0","1","0","0","1","0","1","0","0","0","0","0","0","0","0","0","0","0","0","0","0","0","0","0","0","0","0","0","0","0","0","0","0","0","0","0","0","0","0","0","0","0","0","0","0","0","0","0","0","0","0","1","1","1","1","0","0","0","1","0","0","0","0","0","0","0","0","0","0","0","0","0","0","0","0","0","0","0","0","0","0","0","0","0","0","0","0"
"s25","voters","VI10996","361","159","121","28","4","4","3","0","1","0","41","167","194","55","33","14","18","9","4","0","1","0","1","0","0","0","0","0","1","0","0","0","0","0","0","1","0","0","0","0","0","2","0","0","0","0","8","3","11","7","14","28","0","6","11","7","14","12","38","0","2","4","10","5","11","24","1","1","5","8","6","12","32","0","2","2","5","4","4","3","0","2","8","5","1","0","5","0","6","1","4","3","4","2","0","3","2","3","4","7","1","91","33","16","4","3","1","4","0","7","62","19","14","4","6","0","2","1","13","26","4","3","3","1","0","2","0","2","30","5","4","1","0","0","0","0","0"
"s25","voters","VI10997","320","163","89","10","2","3","6","0","0","0","47","127","193","65","29","24","7","2","7","1","0","0","0","0","0","0","0","0","0","0","0","0","0","0","0","0","0","0","0","0","0","1","0","0","0","0","8","6","4","5","9","26","1","11","11","8","12","19","43","0","1","1","5","12","3","15","0","3","1","7","9","9","23","0","5","6","1","4","1","6","0","4","7","4","4","2","3","0","1","3","1","0","0","4","0","0","3","5","1","1","2","93","33","17","5","2","3","1","1","8","47","9","23","0","3","0","0","0","7","32","4","4","3","1","2","1","0","0","16","3","0","1","1","0","0","0","0"
"s25","voters","VI11066","421","171","154","32","2","5","1","0","2","0","54","182","239","66","46","22","16","1","3","2","1","0","0","0","0","0","0","0","0","0","1","2","0","0","0","1","0","0","0","1","1","2","1","0","0","1","6","9","7","11","9","25","1","9","16","6","16","15","40","2","6","4","7","10","16","28","0","1","2","8","13","18","39","0","7","6","4","2","1","5","0","2","8","6","0","3","10","0","1","1","3","3","4","4","0","5","4","3","2","3","9","105","27","15","5","8","1","0","1","9","84","21","21","4","3","0","1","0","20","32","8","6","5","0","0","0","1","2","28","5","7","1","0","0","0","0","1"
"s25","voters","VI11067","632","274","213","33","5","7","8","0","4","0","88","282","350","107","70","35","17","6","9","3","2","2","2","2","0","0","0","1","0","1","1","1","0","4","0","0","0","1","2","0","0","7","2","2","0","0","5","11","7","11","24","49","0","11","18","19","20","27","72","2","4","5","17","12","19","43","0","2","6","12","19","16","56","0","4","7","4","8","7","12","1","1","11","8","4","8","13","0","5","3","5","1","7","10","1","2","6","3","5","5","4","169","49","23","8","6","2","3","3","11","119","34","28","7","3","1","1","4","16","42","21","9","5","2","3","4","0","2","37","10","5","3","1","0","1","0","0"
"s25","voters","VI11068","473","235","120","18","9","3","5","0","2","0","81","191","282","115","49","40","14","5","2","2","0","1","0","0","0","0","0","0","0","2","1","0","0","1","0","0","0","0","0","0","0","1","0","0","0","0","8","13","8","9","17","32","1","11","28","19","20","29","40","1","5","3","5","10","11","23","0","4","3","8","9","13","25","0","6","8","7","4","1","8","2","10","9","6","5","4","11","0","1","3","1","3","2","2","0","4","6","5","3","4","3","142","38","31","6","5","0","1","1","11","78","13","10","5","1","0","2","0","11","53","11","12","1","2","0","0","1","1","30","3","3","1","0","0","0","0","0"
"s25","voters","VI21035","776","403","197","28","3","11","4","0","1","0","129","340","436","159","82","58","16","4","4","3","2","7","0","0","0","0","0","0","0","1","1","1","0","2","1","2","1","1","2","0","1","8","6","2","0","1","12","22","19","27","33","34","1","31","45","34","42","48","54","2","7","12","20","21","26","16","0","6","13","16","16","19","23","0","12","9","12","15","10","7","0","7","14","12","18","8","5","0","4","6","1","6","4","2","0","2","5","5","7","3","2","269","70","36","11","4","0","0","0","13","125","30","27","3","1","1","2","1","7","93","14","11","4","0","0","1","0","6","28","10","4","2","2","0","0","1","0"
"s25","voters","VI21038","1491","840","325","56","8","14","11","0","6","0","231","644","847","371","141","112","37","3","10","1","2","1","2","0","0","1","0","0","1","2","0","6","0","0","4","1","0","1","0","1","1","15","0","5","4","6","30","33","43","49","70","77","9","78","81","78","90","95","101","0","17","19","29","41","39","21","2","6","22","32","41","29","27","2","23","25","22","20","12","13","2","24","21","34","15","12","6","0","11","5","14","10","7","6","0","11","7","8","6","6","4","488","151","91","25","34","2","7","10","32","207","44","31","9","11","1","9","2","11","141","39","22","10","8","4","1","2","4","58","26","7","1","0","0","1","1","1"
"s25","voters","VI21039","1","0","1","0","0","0","0","0","0","0","0","1","0","0","0","0","0","0","0","0","0","0","0","0","0","0","0","0","0","0","0","0","0","0","0","0","0","0","0","0","0","0","0","0","0","0","0","0","0","0","0","0","0","0","0","0","0","0","0","0","0","0","1","0","0","0","0","0","0","0","0","0","0","0","0","0","0","0","0","0","0","0","0","0","0","0","0","0","0","0","0","0","0","0","0","0","0","0","0","0","0","0","0","0","0","0","0","0","0","0","1","0","0","0","0","0","0","0","0","0","0","0","0","0","0","0","0","0","0","0","0","0","0","0","0","0","0"
"s25","voters","VI21040","390","190","123","17","0","3","5","0","1","0","51","161","229","83","45","26","6","6","3","1","0","2","2","0","0","0","0","0","0","0","0","1","0","0","0","0","0","0","0","0","0","2","4","2","0","0","9","13","8","11","13","13","0","17","26","20","24","19","17","1","5","9","14","12","11","10","0","2","10","17","11","12","9","1","4","2","8","5","1","1","0","5","6","8","1","6","3","0","1","3","1","3","1","1","1","2","5","3","1","3","1","125","51","12","0","0","0","1","0","1","87","21","9","1","3","0","0","1","1","42","6","3","0","0","0","0","0","0","18","7","1","0","0","0","0","0","0"
"s25","voters","VI21069","2104","1009","658","90","9","26","12","0","6","0","294","944","1160","436","239","144","49","11","17","3","6","0","3","1","0","1","4","0","0","1","5","3","0","8","1","7","0","0","4","3","1","11","4","5","2","3","34","42","38","59","88","125","7","101","75","75","84","111","167","4","30","35","47","58","91","88","2","14","29","39","51","79","91","5","23","28","17","27","10","24","4","22","29","33","28","26","18","0","11","9","12","10","16","10","1","19","11","10","13","11","10","568","181","136","29","24","2","13","7","49","375","87","94","19","18","1","5","1","58","179","45","23","21","8","2","2","1","13","87","32","17","4","0","1","0","1","1"
"s25","voters","VI21070","1216","603","340","51","4","13","7","0","4","0","194","530","686","284","137","90","27","8","3","2","2","0","2","0","0","0","1","0","0","1","0","3","0","1","2","0","0","3","5","1","1","8","10","3","2","1","23","31","28","45","48","51","8","52","49","46","71","66","84","1","14","25","31","48","28","32","2","11","12","28","42","27","39","4","15","12","20","18","13","8","4","20","17","23","19","9","12","0","7","4","6","10","4","3","1","6","11","8","8","6","5","337","125","67","12","17","2","4","3","36","218","50","40","9","8","0","3","3","9","131","22","23","4","5","1","3","2","3","48","17","8","3","2","0","1","0","0"
"s25","voters","VI21071","153","81","46","8","1","0","0","0","1","0","16","69","84","29","24","8","8","0","0","0","0","1","0","1","0","0","0","0","0","0","0","0","0","1","0","0","0","2","2","0","0","0","0","0","0","0","4","4","6","6","11","7","0","5","4","8","5","8","13","0","2","2","5","2","1","4","0","5","3","7","5","6","4","0","0","2","4","3","0","1","1","3","2","0","0","0","0","0","1","1","0","1","0","2","0","3","1","0","1","0","0","46","11","9","3","3","0","0","3","6","34","3","1","1","4","0","0","0","3","9","2","1","2","1","0","0","0","1","7","1","1","0","1","0","0","0","0"
"s25","voters","VI21072","0","0","0","0","0","0","0","0","0","0","0","0","0","0","0","0","0","0","0","0","0","0","0","0","0","0","0","0","0","0","0","0","0","0","0","0","0","0","0","0","0","0","0","0","0","0","0","0","0","0","0","0","0","0","0","0","0","0","0","0","0","0","0","0","0","0","0","0","0","0","0","0","0","0","0","0","0","0","0","0","0","0","0","0","0","0","0","0","0","0","0","0","0","0","0","0","0","0","0","0","0","0","0","0","0","0","0","0","0","0","0","0","0","0","0","0","0","0","0","0","0","0","0","0","0","0","0","0","0","0","0","0","0","0","0","0","0"
"s25","voters","VI31073","153","70","40","6","4","0","1","0","0","0","32","56","97","42","17","23","9","0","1","0","0","0","0","0","0","0","0","0","0","0","0","0","0","0","0","0","0","0","0","0","0","2","0","0","0","1","1","4","3","2","2","8","0","9","16","3","5","7","9","0","3","2","1","2","5","3","0","2","2","2","1","7","10","0","4","3","2","1","3","0","0","3","6","2","4","3","1","1","1","1","1","0","0","2","0","1","1","0","0","0","3","41","13","5","1","5","1","1","0","3","22","5","3","1","1","0","1","2","5","16","3","1","3","3","0","1","0","5","8","2","1","0","0","0","0","0","0"
"s25","voters","VI31074","266","137","65","11","3","4","0","0","1","0","45","99","167","44","28","17","7","0","1","0","0","0","0","0","0","0","0","0","0","0","0","1","1","1","0","0","0","0","0","0","0","0","0","1","0","0","4","8","7","2","11","15","1","7","11","16","13","18","24","0","1","5","4","7","5","8","0","1","5","3","8","6","12","1","2","2","5","3","2","1","1","6","6","6","3","2","5","0","2","2","1","0","0","1","0","2","3","1","4","2","1","80","19","20","3","6","2","2","0","5","38","13","8","1","0","0","0","0","5","32","7","4","1","0","0","0","0","1","11","1","6","1","0","0","0","0","0"
"s25","voters","VI31075","127","74","23","6","1","2","1","0","0","0","20","53","74","34","7","9","4","0","0","0","0","0","0","0","0","0","0","0","0","0","1","0","1","0","0","0","0","0","0","0","0","2","0","1","0","0","1","4","3","6","5","9","3","7","9","4","6","8","9","0","2","2","3","1","3","3","0","0","0","2","1","3","3","1","3","1","0","3","0","1","0","2","1","3","1","2","2","0","0","1","0","0","1","0","1","0","0","2","2","1","2","44","12","9","2","3","1","0","0","3","13","1","5","1","0","0","1","1","1","16","1","1","1","0","0","0","0","1","4","5","0","0","1","0","0","0","0"
"s25","voters","VI31076","542","292","129","25","5","6","2","0","1","0","82","219","323","137","44","37","22","7","3","1","0","0","0","0","0","0","0","0","0","0","0","0","0","2","0","0","0","0","0","0","0","2","0","0","0","1","9","13","7","13","24","35","4","26","22","16","31","39","52","2","3","6","6","10","14","25","0","2","6","7","14","15","19","0","5","3","9","4","7","8","2","9","8","11","6","2","8","0","1","2","1","4","3","4","0","4","3","5","6","3","3","174","58","27","5","6","3","2","0","17","74","15","16","2","4","0","1","0","17","48","6","14","5","3","0","1","0","5","25","5","1","3","1","1","1","2","0"
"s25","voters","VI31077","583","276","153","33","9","6","4","0","2","1","99","242","341","136","53","54","15","1","2","0","0","1","0","0","0","0","0","1","0","1","0","0","0","0","0","0","0","0","0","0","1","2","3","2","0","2","10","16","10","10","19","35","3","26","22","26","24","27","46","3","4","9","13","10","12","22","0","4","10","16","10","12","28","3","7","8","8","6","5","7","2","14","11","6","4","8","10","0","4","4","3","3","1","8","0","7","5","8","4","5","3","144","62","28","8","8","3","2","0","21","104","19","14","5","4","0","1","1","5","60","9","11","3","2","6","1","0","7","30","13","5","4","0","0","0","0","3"
"s25","voters","VI31078","22","10","5","1","0","0","1","0","0","0","5","10","12","8","1","3","1","1","0","0","0","0","0","0","0","0","0","0","0","0","0","0","0","0","0","0","0","0","0","0","0","0","0","0","0","0","1","0","0","0","1","2","0","1","1","1","1","1","1","0","0","0","1","1","0","1","0","0","0","0","0","1","1","0","0","1","0","1","0","0","2","0","0","1","0","0","0","0","0","1","0","0","0","0","0","0","0","0","1","0","0","6","3","0","1","0","0","0","0","0","2","1","2","0","0","0","0","0","0","4","0","1","0","0","0","0","0","0","2","0","0","0","0","0","0","0","0"
"s25","voters","VI31079","514","249","131","28","2","2","5","0","0","0","97","221","293","113","30","38","15","2","5","2","0","0","0","0","0","0","0","0","0","0","1","0","0","0","0","0","0","0","0","1","0","2","3","4","2","1","11","14","16","15","18","21","5","19","12","26","27","27","37","1","3","8","13","8","13","21","0","0","4","15","11","11","23","1","4","9","10","5","5","7","0","17","6","9","10","8","6","0","1","3","4","2","2","5","1","3","4","3","2","3","4","151","43","27","6","6","0","5","0","11","78","15","23","0","4","2","1","0","8","56","20","9","5","5","1","0","0","1","24","9","2","0","1","1","0","0","0"
"s25","voters","VI31080","809","440","204","34","2","5","2","0","4","0","118","332","477","157","79","48","25","1","3","1","0","0","0","3","0","0","0","0","0","1","4","2","0","0","0","0","0","1","1","1","0","4","3","2","0","4","12","19","16","20","34","65","4","28","33","31","43","57","74","1","10","9","15","14","20","29","0","3","14","16","11","20","42","2","9","9","6","3","9","6","0","15","13","14","10","11","11","0","4","0","7","5","3","1","1","4","2","8","3","4","5","264","63","42","15","17","6","5","1","27","128","34","21","2","3","3","0","3","10","72","23","14","4","2","1","1","0","1","27","9","5","0","3","1","0","0","2"
"s25","voters","VI31082","426","239","92","18","2","6","2","0","2","0","65","186","240","123","38","25","12","0","2","1","2","2","0","0","0","0","1","0","0","1","0","1","0","0","1","1","1","0","0","1","0","2","2","0","0","1","13","16","9","16","24","16","4","18","22","21","29","29","21","0","7","4","7","12","4","6","1","6","8","11","10","8","8","2","6","6","5","6","4","5","0","5","8","6","5","3","4","0","2","3","2","6","1","3","1","1","2","1","6","0","2","146","45","16","8","6","1","5","0","12","62","11","11","3","1","0","3","0","1","36","12","6","1","3","1","2","1","3","16","6","4","0","1","1","1","0","1"
"s25","voters","VI31083","57","34","9","2","1","1","0","0","0","0","10","27","30","15","3","4","0","0","0","0","0","0","0","0","0","0","0","0","0","0","0","0","0","0","0","0","0","0","0","0","0","1","0","0","0","0","3","1","0","1","6","6","1","1","2","0","4","4","5","0","1","0","0","1","0","3","0","0","1","0","1","1","1","0","1","1","1","0","1","0","0","2","2","0","1","1","0","0","0","0","0","0","1","0","0","0","1","1","0","0","1","23","5","2","2","2","0","0","0","0","5","2","0","0","0","0","0","0","2","7","2","0","1","0","0","0","0","0","1","2","0","0","0","0","0","0","1"
"s25","voters","VI41036","207","81","84","11","1","2","1","0","0","0","27","86","121","34","20","10","5","0","4","0","0","0","0","0","0","0","0","0","0","0","0","0","0","0","0","0","0","0","0","0","0","1","1","1","1","0","0","4","6","6","5","8","0","7","6","5","9","9","16","0","2","1","9","6","6","15","0","2","3","6","5","15","14","0","2","1","0","2","5","0","0","3","4","2","5","0","3","0","1","1","1","3","1","1","0","0","0","2","3","0","2","61","7","3","2","2","0","2","0","4","56","10","11","2","2","0","0","1","2","21","4","2","0","0","0","0","0","0","13","1","1","0","0","0","0","0","0"
"s25","voters","VI41037","477","155","214","34","2","7","3","0","1","0","61","226","251","71","46","26","22","3","7","0","0","0","0","0","0","0","1","0","0","0","0","0","0","0","0","0","0","0","1","0","0","2","0","0","0","1","7","5","7","7","11","23","0","9","13","11","13","17","31","0","5","13","14","15","21","43","1","1","11","12","15","28","35","1","6","5","4","4","4","5","1","5","7","3","5","6","5","0","1","8","2","5","5","4","0","0","4","3","2","7","6","81","23","20","6","5","2","1","1","16","112","34","29","7","6","0","3","3","20","32","5","7","6","2","0","3","2","4","23","13","6","0","2","0","0","0","3"
"s25","voters","VI41084","1556","738","476","69","4","16","10","0","6","0","237","675","881","331","155","97","41","13","7","1","3","2","1","0","1","2","0","1","0","1","2","1","0","1","3","3","0","0","1","0","0","10","5","2","1","2","22","29","33","36","60","95","2","66","59","51","72","82","129","1","24","15","37","47","58","72","0","8","20","34","27","51","82","6","21","12","19","14","12","17","3","23","16","28","26","23","17","0","6","6","8","7","6","10","2","12","11","8","10","8","11","424","134","79","18","20","1","8","4","50","250","68","73","15","15","3","5","3","44","136","31","27","10","13","3","3","0","14","73","16","9","1","4","0","0","0","2"
"s25","voters","VI41085","824","378","271","42","5","4","8","0","1","0","115","363","461","170","67","56","18","2","10","4","1","1","1","0","0","1","0","1","0","0","1","0","0","1","1","1","0","1","1","0","0","3","4","2","1","2","14","15","13","18","34","38","5","27","31","37","27","49","68","2","3","19","19","18","26","61","0","4","12","18","14","26","49","0","2","8","10","10","6","14","1","7","11","14","11","13","8","2","1","1","9","2","7","9","0","5","4","6","4","7","3","216","74","39","13","12","3","2","3","16","148","53","29","6","10","2","2","1","20","65","19","12","9","3","1","0","1","5","41","8","8","0","0","0","2","0","1"
"s25","voters","VI41086","455","231","127","25","2","4","4","0","2","0","60","204","251","95","39","25","16","2","5","1","1","0","0","0","0","0","0","0","0","0","0","0","0","0","0","1","0","0","0","1","0","1","5","1","0","0","5","6","14","7","15","41","3","11","16","15","21","26","51","0","4","4","8","12","23","20","0","2","4","9","11","13","17","0","3","8","6","2","5","4","1","4","3","4","8","7","5","0","3","2","4","3","4","1","0","1","4","4","3","8","0","127","42","30","8","7","0","2","1","14","75","14","17","3","5","1","0","2","10","35","10","5","5","1","2","0","0","2","24","6","3","0","2","0","1","0","1"
"s25","voters","VI41087","716","367","197","40","2","5","2","0","4","0","99","310","406","164","61","54","22","5","5","0","2","1","1","0","0","0","0","0","0","1","0","0","0","3","1","0","0","2","0","1","1","2","1","0","1","0","13","13","16","25","28","51","2","19","25","29","21","51","74","0","5","9","18","10","22","36","0","4","5","12","16","36","24","0","8","6","7","5","6","6","3","9","14","9","13","9","4","0","3","6","4","7","1","5","0","7","3","3","3","7","4","195","72","41","16","8","4","4","3","24","110","27","29","5","1","0","5","2","18","54","15","14","3","5","2","0","0","6","34","12","5","1","0","0","0","0","1"
"s25","voters","VI41088","1287","591","418","68","5","14","9","0","10","1","171","573","714","261","153","69","35","2","12","3","4","1","1","0","0","0","3","0","0","3","3","2","3","0","0","0","0","2","4","4","0","13","4","4","3","1","24","27","29","27","34","86","8","44","51","34","50","55","121","1","15","18","30","37","51","64","0","7","19","30","36","50","60","1","14","14","6","7","15","20","0","14","7","22","16","18","17","2","3","11","7","4","12","13","0","13","8","6","5","5","18","309","100","88","17","21","6","3","6","41","223","70","46","12","13","1","3","3","47","83","22","28","11","6","2","1","1","17","62","25","11","2","1","0","0","2","4"
"s25","voters","VI41089","70","34","24","3","0","2","1","0","0","0","6","34","36","20","12","4","6","0","1","1","0","0","0","0","0","0","0","0","0","0","1","0","0","0","0","0","0","0","0","0","0","0","0","0","0","1","0","3","0","2","2","8","0","3","3","2","3","3","4","0","0","0","3","0","3","8","0","0","0","2","3","1","4","0","0","0","1","0","0","1","0","1","0","0","1","2","0","0","0","0","1","0","0","1","0","0","2","0","1","0","1","22","4","3","1","4","0","0","0","0","14","6","1","2","0","0","0","0","1","3","0","1","2","0","0","0","0","0","2","3","1","0","0","0","0","0","0"
"s25","voters","VI50999","0","0","0","0","0","0","0","0","0","0","0","0","0","0","0","0","0","0","0","0","0","0","0","0","0","0","0","0","0","0","0","0","0","0","0","0","0","0","0","0","0","0","0","0","0","0","0","0","0","0","0","0","0","0","0","0","0","0","0","0","0","0","0","0","0","0","0","0","0","0","0","0","0","0","0","0","0","0","0","0","0","0","0","0","0","0","0","0","0","0","0","0","0","0","0","0","0","0","0","0","0","0","0","0","0","0","0","0","0","0","0","0","0","0","0","0","0","0","0","0","0","0","0","0","0","0","0","0","0","0","0","0","0","0","0","0","0"
"s25","voters","VI51000","152","60","58","8","2","3","0","0","0","0","21","53","99","10","11","5","3","0","0","0","0","0","0","0","0","0","0","0","0","0","0","0","0","0","0","0","0","0","0","0","0","0","0","2","0","0","2","1","2","2","4","8","0","2","5","2","1","12","19","0","0","2","1","0","6","14","0","0","3","2","1","6","23","0","1","0","0","3","1","3","0","0","1","2","0","4","6","0","0","0","1","1","1","0","0","0","0","1","3","4","2","34","10","7","3","2","1","0","0","3","30","14","10","2","0","0","1","0","1","15","3","2","0","0","0","0","0","1","7","3","3","0","0","0","0","0","0"
"s25","voters","VI51002","0","0","0","0","0","0","0","0","0","0","0","0","0","0","0","0","0","0","0","0","0","0","0","0","0","0","0","0","0","0","0","0","0","0","0","0","0","0","0","0","0","0","0","0","0","0","0","0","0","0","0","0","0","0","0","0","0","0","0","0","0","0","0","0","0","0","0","0","0","0","0","0","0","0","0","0","0","0","0","0","0","0","0","0","0","0","0","0","0","0","0","0","0","0","0","0","0","0","0","0","0","0","0","0","0","0","0","0","0","0","0","0","0","0","0","0","0","0","0","0","0","0","0","0","0","0","0","0","0","0","0","0","0","0","0","0","0"
"s25","voters","VI51005","11","5","3","1","0","0","0","0","0","0","2","4","7","4","1","2","1","0","1","0","0","0","0","0","0","0","0","0","0","0","0","0","0","0","0","0","0","0","0","0","0","0","0","0","0","0","0","0","0","0","0","1","0","1","0","0","1","0","2","0","0","0","0","0","0","1","0","0","0","1","0","0","1","0","0","0","1","1","0","0","0","0","0","0","0","0","0","0","0","0","0","0","0","0","0","0","0","0","1","0","0","3","1","0","0","1","0","0","0","0","2","0","1","0","0","0","0","0","0","2","0","0","0","0","0","0","0","0","0","0","1","0","0","0","0","0","0"
"s25","voters","VI51091","131","60","41","7","0","0","0","0","0","0","23","63","68","26","14","9","3","0","3","1","0","0","0","1","0","0","0","0","0","0","0","0","0","0","0","0","0","0","2","0","0","1","2","1","1","0","2","3","6","8","3","8","1","2","7","4","7","2","7","1","2","2","6","4","3","2","0","1","3","6","1","5","5","0","0","2","5","0","1","1","0","1","5","2","3","2","1","0","0","1","0","1","2","0","0","0","1","1","0","1","0","30","16","8","2","2","0","0","1","1","24","10","2","1","2","0","0","0","2","12","5","3","1","1","1","0","0","0","6","0","0","0","0","0","0","0","1"
"s25","voters","VI51092","275","136","57","13","1","1","7","0","1","0","59","102","173","65","22","27","4","3","1","1","1","0","0","0","0","0","0","0","1","1","0","1","0","2","3","3","0","0","0","0","0","2","1","0","0","0","2","8","9","6","8","12","2","12","13","17","13","19","15","0","2","3","5","4","5","5","0","3","4","7","8","7","4","1","4","3","2","4","4","6","2","9","4","8","5","4","3","1","3","1","1","1","0","2","0","5","0","1","3","3","2","86","19","13","6","3","1","3","1","4","33","8","7","4","1","1","0","0","3","36","12","7","1","2","0","1","0","0","13","8","2","0","0","0","0","0","0"
"s25","voters","VI51093","200","113","45","12","0","1","0","0","0","0","29","75","125","38","8","12","5","2","1","1","0","3","1","0","0","0","0","0","0","0","0","0","0","0","0","0","0","0","0","0","0","0","0","0","0","0","1","8","4","1","5","21","4","5","4","4","7","21","28","0","1","1","1","3","4","10","1","0","0","2","2","3","17","0","3","4","1","1","1","1","1","3","2","3","2","3","4","0","0","1","1","1","0","1","0","0","0","2","2","2","3","67","23","15","1","2","0","2","0","3","31","7","3","0","2","0","0","0","2","21","1","4","2","0","0","0","1","0","11","1","1","0","0","0","0","0","0"
"s25","voters","VI51094","153","92","30","8","0","2","1","0","1","0","19","59","94","32","15","5","1","3","0","2","2","0","0","0","0","0","0","0","0","1","0","0","0","0","0","0","0","0","0","0","0","1","0","0","0","0","3","4","4","3","7","7","3","6","7","8","14","11","15","0","1","4","2","3","5","2","0","1","1","1","5","3","2","0","2","3","2","1","0","0","0","3","2","1","2","2","1","0","1","0","0","3","2","0","0","1","0","3","1","1","0","56","19","7","2","2","0","2","1","3","14","12","3","1","0","0","0","0","0","8","4","5","0","2","0","0","0","0","8","2","2","0","0","0","0","0","0"
"s25","voters","VI51095","985","578","199","38","6","11","12","0","4","0","137","424","561","223","73","50","14","2","6","4","4","2","0","0","0","1","0","0","0","3","7","6","1","2","2","3","0","3","0","0","0","11","8","2","2","6","19","33","29","35","53","57","10","35","53","58","67","56","67","1","8","11","12","23","24","15","2","12","12","20","22","22","15","0","13","8","14","8","11","8","0","21","19","9","11","9","6","0","5","6","7","7","7","4","0","6","6","7","6","5","5","353","99","61","15","30","4","5","0","11","135","26","19","3","6","0","4","2","4","93","17","12","4","5","0","1","2","3","47","15","7","1","0","0","1","0","0"
"s25","voters","VI51096","1550","869","353","75","6","16","12","0","4","0","215","671","879","329","152","96","38","9","4","2","0","0","0","0","0","0","0","1","0","5","1","5","1","2","6","3","0","2","1","1","0","17","14","6","1","3","41","38","42","61","69","81","1","84","68","73","106","102","100","0","20","24","34","28","33","38","2","9","21","37","36","29","42","5","24","17","20","13","12","15","3","22","24","21","19","10","10","4","5","7","9","11","11","6","0","14","4","12","14","9","7","479","173","117","32","28","4","13","3","20","239","44","41","5","8","0","3","1","12","126","35","28","7","6","3","2","1","7","68","25","11","4","2","0","0","1","2"
"s25","voters","VI51098","562","239","203","30","0","9","6","0","1","0","74","255","307","97","69","37","19","5","6","3","0","0","0","0","0","0","0","1","0","0","1","0","0","0","3","1","0","0","0","0","0","1","0","1","1","0","10","16","11","8","17","31","1","16","18","19","20","33","39","1","3","8","14","25","19","35","1","3","10","19","19","15","31","0","5","8","5","4","4","9","0","7","7","5","9","4","7","0","2","4","3","5","6","2","1","2","5","3","5","3","5","131","46","31","4","5","2","2","0","18","110","40","25","7","8","0","4","1","8","36","11","13","2","2","1","0","2","7","25","11","8","1","0","0","1","0","0"
"s25","voters","VI51101","0","0","0","0","0","0","0","0","0","0","0","0","0","0","0","0","0","0","0","0","0","0","0","0","0","0","0","0","0","0","0","0","0","0","0","0","0","0","0","0","0","0","0","0","0","0","0","0","0","0","0","0","0","0","0","0","0","0","0","0","0","0","0","0","0","0","0","0","0","0","0","0","0","0","0","0","0","0","0","0","0","0","0","0","0","0","0","0","0","0","0","0","0","0","0","0","0","0","0","0","0","0","0","0","0","0","0","0","0","0","0","0","0","0","0","0","0","0","0","0","0","0","0","0","0","0","0","0","0","0","0","0","0","0","0","0","0"
"s25","voters","VI51104","531","261","139","13","2","2","2","0","1","0","111","213","318","95","66","46","7","4","1","4","1","2","2","2","0","0","0","0","0","0","0","0","0","0","0","0","0","2","0","3","0","4","2","0","0","0","12","10","7","17","26","20","2","23","26","15","38","26","39","0","4","3","13","13","21","15","1","3","6","13","14","17","16","0","7","11","8","11","4","6","4","19","11","7","9","9","5","0","1","0","2","1","0","1","0","2","2","0","3","5","3","161","46","19","8","7","1","5","1","13","79","25","14","4","7","0","0","1","9","76","10","13","7","0","2","1","1","1","11","4","3","0","1","0","0","0","1"
"s25","voters","VI51106","180","103","29","14","0","0","3","0","2","0","29","83","97","42","12","14","10","0","0","0","0","0","0","0","0","0","0","0","0","0","0","0","0","0","0","0","0","0","0","0","0","2","1","0","0","1","3","7","5","4","8","10","1","6","10","14","14","8","12","0","2","1","1","4","4","6","1","1","0","1","2","3","3","0","2","6","2","2","4","2","0","3","2","2","2","0","2","2","2","3","0","1","1","0","1","4","2","0","3","0","0","59","24","13","1","2","0","2","0","2","15","7","1","1","2","0","2","0","1","15","7","4","2","0","0","1","0","0","13","4","2","0","0","0","0","0","0"
"s25","voters","YU10818","6","1","4","0","1","0","0","0","0","0","0","4","2","0","2","0","0","0","0","0","0","0","0","0","0","0","0","0","0","0","0","0","0","0","0","0","0","0","0","0","0","0","0","0","0","0","0","0","1","0","0","0","0","0","0","0","0","0","0","0","0","1","0","0","0","1","0","0","1","0","0","1","0","0","0","0","0","0","0","0","0","0","0","0","0","0","0","0","0","0","0","0","0","1","0","0","0","0","0","0","0","0","1","0","0","0","0","0","0","0","2","0","2","0","0","0","0","0","0","0","0","0","0","0","0","0","0","0","1","0","0","0","0","0","0","0","0"
"s25","voters","YU10846","732","233","347","35","2","7","5","0","3","0","100","357","375","88","69","33","9","4","4","1","2","0","0","0","0","1","0","1","0","0","0","0","0","0","0","2","0","1","0","0","1","1","3","0","0","4","8","19","9","9","16","34","1","17","25","13","15","22","41","0","7","17","33","26","40","45","0","5","19","22","22","44","67","0","6","19","9","4","6","13","1","4","10","10","6","6","6","1","2","5","8","2","4","11","0","1","4","3","3","4","4","148","32","23","7","5","0","5","0","13","182","52","57","9","8","0","3","0","36","54","15","11","10","2","2","1","1","4","26","17","2","1","0","1","0","0","5"
"s25","voters","YU10847","7","4","2","0","0","0","0","0","0","0","1","5","2","3","1","1","0","0","0","0","0","0","0","0","0","0","0","0","0","0","0","0","0","0","0","0","0","0","0","0","0","0","0","0","0","1","0","0","0","0","1","0","0","0","1","1","0","0","0","0","0","0","1","1","0","0","0","0","0","0","0","0","0","0","0","0","0","1","0","0","0","0","0","0","0","0","0","0","0","0","0","0","0","0","0","0","0","0","0","0","0","2","1","0","0","1","0","0","0","0","0","1","0","0","1","0","0","0","0","0","0","1","0","0","0","0","0","0","0","0","0","0","0","0","0","0","0"
"s25","voters","YU10848","862","230","454","46","0","8","6","0","0","0","118","405","457","67","77","24","16","10","24","4","3","2","6","4","0","0","2","0","0","2","2","4","0","5","2","5","0","2","2","1","1","7","4","2","0","2","10","10","11","25","13","20","1","16","21","22","27","23","29","4","18","22","36","57","40","42","2","19","20","52","56","39","47","1","6","5","13","21","7","11","1","6","4","13","10","10","10","1","3","6","6","10","2","3","0","4","5","5","9","2","4","116","42","37","7","6","2","7","1","12","252","95","45","17","19","0","7","1","18","56","26","19","4","4","0","2","3","4","37","10","9","1","1","0","0","0","2"
"s25","voters","YU10850","1539","395","878","67","8","7","12","0","4","0","168","682","857","98","139","27","21","14","20","4","4","2","0","1","0","0","1","0","1","0","3","2","1","4","2","3","0","2","1","0","0","9","6","1","0","0","7","22","24","8","22","64","3","21","26","29","24","44","101","2","19","27","56","56","94","152","1","23","38","60","68","88","194","2","10","17","12","13","6","18","3","14","11","15","9","15","23","1","5","6","8","9","11","11","0","5","5","8","4","10","15","224","65","49","11","10","0","3","1","32","485","121","100","39","19","7","13","10","84","82","28","25","13","6","0","1","4","9","62","22","7","1","1","1","2","0","2"
"s25","voters","YU10851","4","4","0","0","0","0","0","0","0","0","0","1","3","0","0","0","0","0","0","0","0","0","0","0","0","0","0","0","0","0","0","0","0","0","0","0","0","0","0","0","0","0","0","0","0","0","0","0","0","1","0","0","0","0","0","0","1","1","1","0","0","0","0","0","0","0","0","0","0","0","0","0","0","0","0","0","0","0","0","0","0","0","0","0","0","0","0","0","0","0","0","0","0","0","0","0","0","0","0","0","0","2","2","0","0","0","0","0","0","0","0","0","0","0","0","0","0","0","0","0","0","0","0","0","0","0","0","0","0","0","0","0","0","0","0","0","0"
"s25","voters","YU10852","1145","182","785","53","0","4","13","0","2","0","106","558","587","38","75","10","4","3","33","4","5","1","2","0","0","0","0","0","1","2","0","4","1","0","2","0","0","0","0","0","0","4","0","0","0","0","4","1","5","4","13","41","0","5","5","6","11","21","66","6","27","18","45","60","91","149","3","22","23","50","51","86","154","2","4","7","6","12","9","16","0","7","4","11","4","11","13","0","4","0","5","6","7","16","0","4","4","3","5","10","8","97","32","19","3","5","0","2","1","23","432","121","84","32","13","3","13","4","83","53","16","13","9","4","1","0","1","9","46","16","6","1","1","0","0","1","1"
"s25","voters","YU20856","46","25","10","3","0","0","0","0","0","0","8","23","23","12","3","6","3","0","0","0","0","0","0","0","0","0","0","0","0","0","0","0","0","0","0","0","0","0","0","0","0","0","0","0","0","0","0","2","1","1","2","4","1","1","2","2","0","2","7","0","0","0","1","0","2","3","0","0","0","1","0","0","3","0","1","2","0","0","1","1","0","0","0","0","2","0","1","0","0","1","1","0","0","0","0","0","1","0","0","0","0","13","3","2","1","1","0","0","1","4","5","0","0","1","0","0","1","0","3","4","3","0","1","0","0","0","0","0","1","1","1","0","0","0","0","0","0"
"s25","voters","YU20859","2","0","2","0","0","0","0","0","0","0","0","1","1","0","0","0","0","0","0","0","0","0","0","0","0","0","0","0","0","0","0","0","0","0","0","0","0","0","0","0","0","0","0","0","0","0","0","0","0","0","0","0","0","0","0","0","0","0","0","0","0","0","0","0","0","1","0","0","0","0","0","0","1","0","0","0","0","0","0","0","0","0","0","0","0","0","0","0","0","0","0","0","0","0","0","0","0","0","0","0","0","0","0","0","0","0","0","0","0","0","0","0","0","0","0","0","1","0","1","0","0","0","0","0","0","0","0","0","0","0","0","0","0","0","0","0","0"
"s25","voters","YU20862","443","142","202","17","1","2","7","0","0","0","72","194","249","72","43","27","8","1","5","0","0","0","0","0","0","0","0","0","0","0","0","0","0","1","0","0","0","0","0","0","0","4","4","6","1","0","4","6","4","6","5","18","3","16","13","9","13","8","37","0","9","13","14","17","26","28","0","5","9","13","17","14","37","1","6","6","11","2","3","7","1","11","7","1","3","8","5","0","1","2","1","0","2","2","0","1","3","8","1","2","4","76","28","23","3","1","0","3","0","8","128","27","20","1","5","3","0","0","18","52","4","7","3","4","0","0","0","2","17","4","2","2","1","1","0","0","0"
"s25","voters","YU20863","1411","395","763","63","2","5","15","0","3","1","164","652","759","133","169","50","18","13","29","7","3","4","1","1","0","0","3","0","0","0","0","1","0","2","0","0","0","0","1","0","0","5","4","4","1","0","8","15","15","29","31","51","1","24","26","29","48","48","70","3","26","38","75","69","70","86","1","32","38","75","69","74","107","2","9","10","17","14","13","21","0","8","6","17","23","10","14","0","6","9","8","7","9","11","1","5","4","5","8","8","8","209","68","33","29","9","1","5","4","37","400","134","96","31","17","3","5","6","71","81","24","15","14","10","1","3","2","14","57","13","13","2","2","0","0","0","2"
"s25","voters","YU20864","1689","419","903","115","4","18","19","0","5","0","206","793","896","152","164","49","32","5","25","2","1","2","2","1","0","0","0","0","0","1","3","3","2","0","5","1","0","0","1","0","0","9","15","2","2","1","18","23","12","22","30","69","0","21","28","33","36","39","87","0","34","49","75","70","74","147","2","26","43","81","74","87","141","0","9","13","26","17","15","23","2","8","17","26","22","13","15","3","8","6","7","11","12","19","1","13","13","15","16","16","21","215","73","45","17","12","2","1","5","49","474","126","123","44","29","7","8","11","81","95","37","32","8","12","3","2","4","13","96","27","21","2","6","0","5","1","3"
"s25","voters","YU20867","187","68","93","10","0","0","0","0","1","0","15","70","117","19","10","1","2","0","6","1","1","0","0","1","0","0","0","0","0","0","0","0","0","0","0","0","0","0","0","0","0","0","0","0","0","0","1","2","2","0","2","18","0","1","1","3","0","9","29","0","1","2","4","3","10","18","0","0","3","4","2","8","38","0","0","0","0","0","0","4","0","0","0","0","1","3","7","0","0","0","0","0","1","2","0","0","0","1","0","2","5","42","11","5","1","3","0","4","0","2","54","19","7","1","5","0","2","1","4","8","2","0","1","1","0","0","0","3","6","3","0","2","0","0","0","0","0"
"s25","voters","YU20868","2","2","0","0","0","0","0","0","0","0","0","0","2","1","0","0","0","0","0","0","0","0","0","0","0","0","0","0","0","0","0","0","0","0","0","0","0","0","0","0","0","0","0","0","0","0","0","0","0","0","0","0","0","1","0","0","0","1","0","0","0","0","0","0","0","0","0","0","0","0","0","0","0","0","0","0","0","0","0","0","0","0","0","0","0","0","0","0","0","0","0","0","0","0","0","0","0","0","0","0","0","1","0","0","0","0","0","0","0","1","0","0","0","0","0","0","0","0","0","0","0","0","0","0","0","0","0","0","0","0","0","0","0","0","0","0","0"
"s25","voters","YU30869","525","165","257","28","4","4","5","0","0","0","62","238","287","62","40","25","13","1","7","1","3","0","1","0","0","0","0","0","0","2","3","2","0","1","0","0","0","0","0","0","0","2","1","0","0","1","3","6","4","8","10","33","1","5","12","6","13","19","44","0","5","18","20","12","17","50","1","4","16","19","19","24","52","0","2","9","5","2","3","10","0","2","4","6","5","6","8","0","1","5","2","1","4","7","0","1","5","5","2","0","8","90","25","25","5","9","3","1","0","7","149","48","24","7","7","1","6","1","14","37","8","5","4","2","0","0","1","5","28","6","5","1","0","0","0","0","1"
"s25","voters","YU30870","957","301","454","52","8","4","9","0","4","0","125","434","523","122","91","31","21","7","15","4","3","0","0","0","0","1","0","0","0","0","1","1","0","0","0","0","0","0","1","1","0","5","0","0","1","0","9","11","16","10","17","58","2","18","16","21","16","25","82","0","12","18","33","41","35","79","2","9","13","34","37","56","85","1","8","12","5","8","12","11","0","11","7","9","9","13","19","1","1","6","6","3","5","16","0","4","6","6","4","8","11","167","50","37","16","3","0","4","5","19","283","71","51","15","11","1","4","4","14","68","24","15","5","1","0","3","0","9","50","15","5","2","4","0","0","0","1"
"s25","voters","YU30871","669","206","298","41","1","6","10","0","1","0","106","295","374","85","48","35","11","11","13","2","6","0","0","0","0","2","0","0","0","0","1","0","0","0","0","0","0","0","0","0","0","2","2","0","0","0","9","7","13","9","12","35","1","12","12","12","14","21","49","0","5","12","21","21","30","50","1","5","16","20","24","30","63","1","5","10","7","10","7","6","2","5","10","6","12","13","12","0","2","3","7","6","2","5","0","5","8","7","4","5","5","119","25","31","15","2","0","0","1","13","169","35","39","10","16","2","1","4","22","61","16","12","5","4","0","0","0","8","41","7","6","2","3","0","0","0","0"
"s25","voters","YU30872","116","51","44","7","0","1","2","0","0","0","11","57","59","22","10","6","4","1","0","0","0","0","0","0","0","0","0","0","0","0","0","0","0","0","0","0","0","2","0","0","0","0","0","0","0","0","1","8","4","1","4","4","0","1","8","8","2","4","6","0","1","4","1","6","3","6","0","1","0","5","5","6","6","0","1","3","2","2","2","0","0","0","1","0","0","0","0","0","0","2","1","1","0","0","0","0","3","1","0","1","1","31","8","8","2","0","0","0","0","2","25","4","7","4","0","0","0","1","3","9","0","1","0","0","0","0","0","1","5","3","0","1","0","0","0","0","1"
"s25","voters","YU30873","468","116","244","24","2","4","7","0","4","0","67","230","238","50","33","15","5","1","12","3","0","0","0","0","0","0","0","0","0","0","0","0","0","0","0","0","0","0","1","0","0","0","1","3","0","0","4","5","6","5","14","18","0","9","7","14","7","14","13","1","4","15","25","21","17","41","0","7","7","21","23","23","39","1","5","3","7","3","5","8","0","2","8","8","3","7","7","0","0","3","5","3","6","5","0","1","4","1","4","3","6","47","28","16","2","3","0","5","0","15","122","34","36","16","9","0","5","0","22","39","13","9","1","3","0","2","0","0","25","5","7","2","0","0","0","1","1"
"s25","voters","YU30874","247","76","117","18","0","2","2","0","1","0","31","112","135","18","28","5","4","4","1","1","0","0","0","0","0","0","0","0","0","0","0","1","0","0","0","0","0","0","0","0","0","0","0","1","1","0","2","1","2","2","3","17","0","3","5","6","6","5","24","0","5","5","8","11","12","15","0","3","2","15","7","16","18","0","2","1","2","3","2","5","0","0","1","4","3","3","5","0","0","2","2","2","3","5","0","1","1","0","0","4","3","39","14","8","3","3","0","1","0","8","64","21","16","3","2","0","4","1","6","21","3","1","3","0","0","0","0","3","15","4","0","2","0","0","0","1","1"
"s25","voters","YU40875","213","83","84","14","2","0","2","0","1","0","27","98","115","33","18","8","4","0","1","2","2","0","0","0","0","0","0","0","0","0","1","0","0","0","0","0","0","0","1","0","0","0","1","0","1","0","3","3","7","4","7","8","0","8","5","5","5","9","19","0","2","7","8","6","9","12","2","3","6","8","6","7","8","0","0","3","4","3","1","1","0","2","1","3","2","1","6","0","1","2","3","1","3","0","0","1","0","2","1","1","4","46","17","12","2","3","0","2","0","1","49","16","9","2","3","0","0","0","5","14","3","3","3","1","1","1","0","1","14","2","3","0","0","0","0","0","0"
"s25","voters","YU40876","341","100","160","13","2","3","3","0","0","0","60","157","184","44","26","16","5","4","6","1","2","0","0","0","0","3","0","0","1","0","0","1","0","0","0","0","0","1","0","0","0","0","1","1","0","1","1","5","6","2","4","17","1","6","12","8","5","7","25","0","8","8","11","13","19","19","1","4","6","10","12","24","25","0","4","7","9","4","2","5","0","2","7","7","5","2","6","0","1","0","1","5","2","3","0","1","0","5","1","2","0","54","19","11","4","3","1","1","0","7","92","21","17","7","3","0","3","3","14","34","11","7","4","2","1","0","0","1","19","1","1","0","0","0","0","0","0"
"s25","voters","YU40877","1569","347","937","89","2","10","16","0","2","0","166","730","839","104","157","30","25","11","22","7","4","0","0","0","0","3","3","2","0","1","2","1","1","0","1","1","0","3","2","0","0","4","5","2","1","0","13","11","17","19","19","54","2","17","15","28","24","39","89","1","27","51","73","60","100","141","5","20","55","72","73","99","160","1","10","9","22","14","12","15","1","6","9","21","15","13","18","0","6","3","19","8","9","16","0","2","9","11","5","12","19","190","56","35","9","11","3","4","1","38","552","142","78","35","29","4","11","3","83","101","24","19","9","4","2","0","1","6","77","22","10","3","2","0","1","0","4"
"s25","voters","YU40878","570","148","317","32","1","5","4","0","1","0","62","274","296","38","38","15","6","3","12","1","2","0","0","0","0","0","1","1","0","1","2","0","1","1","0","0","0","0","0","1","0","1","4","1","1","0","4","7","7","7","10","22","2","9","12","8","19","21","20","1","10","25","29","35","30","31","2","9","14","31","35","25","40","0","2","7","5","11","7","3","0","3","4","8","5","3","4","0","3","3","5","3","3","4","0","4","2","4","3","5","4","85","23","11","8","7","2","2","2","8","181","50","41","11","11","2","3","2","16","27","18","7","4","0","1","1","1","3","25","9","7","1","1","0","0","0","0"
"s25","voters","YU40879","1043","283","536","51","4","6","15","0","0","0","148","483","560","76","84","37","18","6","24","5","0","3","1","0","0","0","4","0","0","1","1","0","0","0","3","2","0","3","2","0","0","11","7","1","0","0","8","12","12","26","24","25","2","17","17","24","23","31","62","2","19","22","38","61","53","74","0","15","14","42","50","54","92","1","9","5","10","17","8","17","1","10","9","15","20","11","15","0","4","5","7","9","8","7","1","2","4","4","6","6","13","165","45","33","12","8","1","0","2","17","309","78","67","23","11","1","5","4","38","82","25","17","7","2","1","1","0","13","51","15","5","2","0","1","1","1","0"
"s25","voters","YU50880","1244","282","740","62","3","7","12","0","3","1","134","585","659","61","71","17","17","10","31","0","4","0","0","0","0","1","1","1","0","2","8","1","0","0","0","2","1","0","0","0","0","1","4","0","0","1","3","10","13","11","16","60","0","11","19","12","20","36","70","5","21","23","46","55","79","128","2","20","27","51","68","78","137","2","7","15","14","9","6","17","0","5","12","13","7","9","18","0","2","5","8","10","8","11","0","4","5","11","8","5","11","149","64","32","9","8","1","2","1","16","380","120","79","23","23","3","17","2","93","69","22","15","13","1","2","4","0","8","53","18","9","6","1","0","0","0","1"
"s25","voters","YU50881","1709","426","942","97","5","11","19","0","8","0","201","804","905","152","136","54","26","3","42","6","4","0","0","0","0","0","0","0","0","0","3","0","0","0","1","0","1","0","0","0","0","5","1","2","0","1","11","23","21","19","22","61","2","18","35","30","32","52","99","1","25","43","80","82","95","145","1","20","46","87","66","105","146","2","14","14","14","15","21","25","3","7","11","20","18","12","25","0","8","6","13","13","14","16","0","8","9","14","11","11","17","231","70","45","21","6","1","7","1","44","531","120","122","28","26","5","15","7","88","115","28","30","7","6","2","2","1","10","84","20","20","6","3","2","2","0","3"
"s25","voters","YU50882","2","0","2","0","0","0","0","0","0","0","0","1","1","0","0","0","0","0","0","0","0","0","0","0","0","0","0","0","0","0","0","0","0","0","0","0","0","0","0","0","0","0","0","0","0","0","0","0","0","0","0","0","0","0","0","0","0","0","0","0","0","0","0","0","0","1","0","0","0","0","0","0","1","0","0","0","0","0","0","0","0","0","0","0","0","0","0","0","0","0","0","0","0","0","0","0","0","0","0","0","0","0","0","0","0","0","0","0","0","0","1","0","0","0","1","0","0","0","0","0","0","0","0","0","0","0","0","0","0","0","0","0","0","0","0","0","0"
"s25","voters","YU50883","2","0","2","0","0","0","0","0","0","0","0","1","1","0","0","0","0","0","0","0","0","0","0","0","0","0","0","0","0","0","0","0","0","0","0","0","0","0","0","0","0","0","0","0","0","0","0","0","0","0","0","0","0","0","0","0","0","0","0","0","0","0","1","0","0","0","0","0","0","1","0","0","0","0","0","0","0","0","0","0","0","0","0","0","0","0","0","0","0","0","0","0","0","0","0","0","0","0","0","0","0","0","0","0","0","0","0","0","0","0","1","0","1","0","0","0","0","0","0","0","0","0","0","0","0","0","0","0","0","0","0","0","0","0","0","0","0"
"s25","voters","YU50884","1073","201","678","61","2","3","8","0","3","0","117","517","556","34","54","13","12","11","13","4","5","0","0","0","0","1","2","0","0","3","3","2","0","2","0","0","2","3","0","0","0","1","0","1","1","0","2","10","5","6","11","45","0","6","12","8","17","21","58","2","32","16","33","56","64","130","3","16","11","51","47","74","143","0","8","10","13","8","11","17","0","5","6","6","9","7","17","0","7","4","5","5","7","10","2","7","2","3","3","14","8","103","32","23","11","5","4","3","4","16","352","94","89","24","20","2","3","8","86","67","18","15","8","3","1","0","0","5","44","24","3","2","1","1","0","0","2"
"s25","voters","YU50887","0","0","0","0","0","0","0","0","0","0","0","0","0","0","0","0","0","0","0","0","0","0","0","0","0","0","0","0","0","0","0","0","0","0","0","0","0","0","0","0","0","0","0","0","0","0","0","0","0","0","0","0","0","0","0","0","0","0","0","0","0","0","0","0","0","0","0","0","0","0","0","0","0","0","0","0","0","0","0","0","0","0","0","0","0","0","0","0","0","0","0","0","0","0","0","0","0","0","0","0","0","0","0","0","0","0","0","0","0","0","0","0","0","0","0","0","0","0","0","0","0","0","0","0","0","0","0","0","0","0","0","0","0","0","0","0","0"
"s25","voters","YU50888","1","0","0","0","0","0","0","0","0","0","1","1","0","0","0","0","0","0","0","0","0","0","0","0","0","0","0","0","0","0","0","0","0","0","0","0","0","0","0","0","0","0","0","0","0","0","0","0","0","0","0","0","0","0","0","0","0","0","0","0","0","0","0","0","0","0","0","0","0","0","0","0","0","0","0","0","0","0","0","1","0","0","0","0","0","0","0","0","0","0","0","0","0","0","0","0","0","0","0","0","0","0","0","0","0","0","0","0","0","0","0","0","0","0","0","0","0","0","0","0","0","0","0","0","0","0","0","1","0","0","0","0","0","0","0","0","0"
"s25","voters","YU50889","409","95","238","20","0","2","7","0","1","0","46","186","223","26","30","9","5","1","3","0","1","0","0","0","0","0","0","0","0","0","0","0","0","0","0","0","0","0","0","0","0","3","3","1","0","0","1","1","8","3","3","17","4","5","2","14","4","14","19","0","3","10","15","18","22","37","1","4","13","24","20","34","37","1","3","2","6","2","6","8","0","3","3","1","2","4","5","0","2","2","4","4","4","4","1","2","0","3","2","2","0","48","19","7","2","3","1","0","0","15","124","33","24","5","9","2","3","3","35","22","10","5","2","1","0","2","2","2","22","2","1","0","0","1","1","0","3"
"s25","voters","YV10721","418","144","196","28","1","2","4","0","1","0","42","186","232","19","12","0","3","4","6","3","2","0","0","0","0","0","1","1","0","0","1","0","0","1","0","0","1","0","0","0","0","5","2","0","0","0","0","5","6","3","18","30","0","2","5","3","6","17","49","0","3","4","6","8","18","50","1","0","5","4","10","23","64","0","2","2","2","2","7","7","1","4","3","6","2","2","2","0","0","2","2","1","3","5","0","0","3","3","2","4","11","92","27","14","3","4","0","0","0","4","106","26","22","12","2","2","4","3","19","29","3","3","3","0","2","1","0","1","22","5","4","1","3","0","1","0","0"
"s25","voters","YV10722","201","77","73","13","1","0","1","0","3","0","33","99","102","22","15","5","3","3","0","1","1","1","0","0","0","0","3","0","0","0","0","0","0","0","0","0","0","0","0","0","0","0","0","0","0","0","4","5","3","8","6","11","0","1","6","8","7","7","11","1","1","4","6","5","13","8","0","1","3","4","2","11","14","0","0","0","3","5","3","7","0","0","4","3","3","0","5","1","0","0","0","1","3","1","0","2","2","0","1","5","2","47","10","10","3","3","0","0","1","3","46","8","8","2","5","2","0","0","2","13","8","5","2","0","0","0","0","5","13","0","4","1","0","0","0","0","0"
"s25","voters","YV10723","308","121","110","27","2","0","4","0","3","0","41","139","169","19","16","8","8","2","2","2","0","0","0","0","0","0","0","0","0","0","0","0","0","0","0","0","0","0","0","0","0","0","0","0","0","0","0","4","4","2","8","27","0","7","4","10","5","14","36","0","0","2","3","6","15","24","0","1","1","6","2","10","40","1","1","6","1","2","4","8","0","1","2","1","6","3","5","0","2","2","3","1","4","9","0","0","2","3","2","2","6","69","21","12","5","1","2","3","1","7","71","14","10","2","4","2","3","0","4","25","8","1","2","1","2","1","0","1","21","7","4","2","0","0","1","1","0"
"s25","voters","YV10724","127","46","49","7","0","4","0","0","0","0","21","61","66","10","7","6","4","2","0","0","0","0","0","0","0","0","0","0","0","0","0","1","0","0","0","0","0","0","0","0","0","0","0","0","0","0","2","3","3","3","2","5","0","3","4","7","3","3","8","1","2","1","3","2","7","11","0","4","1","3","4","2","8","0","0","6","2","1","1","2","0","1","2","1","0","1","4","0","0","2","0","1","0","1","0","0","1","2","1","0","3","31","9","2","2","2","0","0","0","0","36","4","3","1","0","0","1","0","4","12","2","3","1","1","1","0","0","1","6","1","2","1","0","1","0","0","0"
"s25","voters","YV10725","20","6","7","3","0","0","0","0","1","0","3","9","11","1","2","0","0","0","0","0","0","0","0","0","0","0","0","0","0","0","0","0","0","0","0","0","0","0","0","0","0","0","0","0","0","0","0","0","1","0","1","0","0","0","0","1","0","1","2","0","1","0","0","0","1","1","0","1","0","0","0","1","2","0","0","0","1","0","0","0","0","0","0","0","0","1","1","0","1","0","0","1","1","0","0","0","0","0","0","0","1","4","0","2","0","0","0","0","0","0","3","2","0","0","0","0","0","1","1","2","0","0","1","0","0","0","0","0","3","0","1","0","0","0","0","0","0"
"s25","voters","YV10726","28","15","7","0","0","0","0","0","0","0","6","14","14","6","1","0","0","0","0","0","0","0","0","0","0","0","0","0","0","0","0","0","0","0","0","0","0","0","0","0","0","0","0","2","0","0","0","2","1","1","1","4","0","1","1","0","3","1","0","0","0","0","0","0","1","1","0","0","1","0","1","1","2","0","0","0","2","0","0","1","0","0","1","1","0","0","1","0","0","0","0","0","0","0","0","0","0","0","0","0","0","11","2","1","1","0","0","0","0","0","4","1","0","0","0","0","1","0","1","1","2","1","0","0","1","0","0","1","0","0","0","0","0","0","0","0","0"
"s25","voters","YV20727","347","133","146","15","0","0","5","0","2","0","46","170","177","13","7","1","2","9","2","2","2","0","0","0","0","0","0","0","0","0","0","0","1","0","0","0","0","0","0","0","0","0","1","1","0","2","1","1","6","3","7","38","0","0","5","8","11","12","39","2","4","1","3","9","23","34","0","3","1","4","12","20","30","0","2","2","2","6","5","8","0","0","3","2","3","3","10","0","0","1","0","3","1","6","0","1","0","1","3","1","5","72","29","12","3","2","0","1","1","13","73","24","18","3","6","2","1","3","16","28","8","2","4","2","1","0","0","1","10","8","2","0","1","0","0","0","1"
"s25","voters","YV20728","6","1","5","0","0","0","0","0","0","0","0","3","3","0","0","0","0","0","0","0","0","0","0","0","0","0","0","0","0","0","0","0","0","0","0","0","0","0","0","0","0","0","0","0","0","0","0","0","0","0","0","0","0","0","0","0","0","0","1","0","0","0","0","0","0","3","0","0","0","0","0","1","1","0","0","0","0","0","0","0","0","0","0","0","0","0","0","0","0","0","0","0","0","0","0","0","0","0","0","0","0","1","0","0","0","0","0","0","0","0","1","1","0","0","0","0","0","0","3","0","0","0","0","0","0","0","0","0","0","0","0","0","0","0","0","0","0"
"s25","voters","YV20730","87","40","26","7","2","1","0","0","0","0","11","41","46","8","2","1","4","3","2","0","0","0","0","0","0","0","0","0","0","0","0","0","0","0","1","0","0","0","0","0","0","0","0","0","0","0","0","1","1","0","6","11","0","2","2","1","1","4","11","0","0","0","1","1","7","7","0","0","0","1","0","2","7","0","0","1","1","0","0","0","0","0","0","2","0","2","5","0","1","0","0","0","1","2","0","0","2","1","0","0","3","28","3","5","1","2","0","0","0","1","17","4","3","2","0","0","0","0","0","4","0","5","1","0","0","1","0","0","10","0","0","0","0","0","0","0","0"
"s25","voters","YV20731","176","67","60","15","2","2","5","0","3","0","22","72","104","19","18","6","2","1","0","1","1","0","0","0","0","0","0","0","0","0","0","0","0","0","0","0","0","0","1","0","0","0","0","0","0","0","4","2","1","3","3","14","0","3","10","2","4","7","14","1","0","4","3","3","2","9","0","3","2","5","6","5","17","1","0","2","3","3","1","2","0","2","1","2","2","1","2","0","0","3","1","1","1","5","0","3","3","1","2","2","5","40","14","6","2","1","1","1","0","2","31","7","14","1","3","0","1","0","3","17","0","4","1","0","0","0","0","0","16","5","6","0","0","0","0","0","0"
"s25","voters","YV20732","7","4","2","0","1","0","0","0","0","0","0","2","5","0","0","0","0","0","2","0","0","0","0","0","0","0","0","0","0","0","0","0","0","0","0","0","0","0","0","0","0","0","0","0","0","0","0","0","0","1","0","0","0","0","0","1","0","0","2","0","0","0","1","0","0","0","0","0","0","1","0","0","0","0","0","0","0","0","0","0","0","0","0","0","0","0","0","0","0","0","0","0","0","0","0","0","0","0","0","1","0","3","0","0","0","0","0","0","0","1","2","0","0","0","0","0","0","0","0","0","0","0","0","0","0","0","0","0","1","0","0","0","0","0","0","0","0"
"s25","voters","YV20733","203","88","75","13","1","1","4","0","1","0","20","94","109","7","3","3","6","4","2","1","1","0","0","0","0","0","0","0","0","2","0","0","0","0","0","0","0","0","0","0","0","1","2","0","0","0","1","5","5","9","6","8","0","2","3","9","5","9","26","1","2","1","3","7","11","12","0","0","2","5","3","13","15","0","0","1","1","3","1","6","0","1","2","1","1","0","3","0","0","1","3","0","2","5","0","0","2","0","1","4","2","57","10","10","5","3","2","0","0","1","43","11","9","4","2","0","0","1","5","10","1","4","1","0","2","1","0","1","15","1","3","1","0","0","0","0","0"
"s25","voters","YV20734","66","24","30","2","0","1","1","0","0","0","8","36","30","9","3","3","0","1","0","0","0","0","0","0","0","0","0","0","0","0","2","0","0","0","0","0","0","0","0","0","0","0","2","0","0","0","2","1","5","1","2","3","0","0","0","3","1","2","4","0","2","0","2","4","3","6","0","1","0","2","3","2","5","1","0","1","0","2","0","0","0","1","2","0","1","0","0","0","0","0","0","1","0","0","0","0","0","1","0","1","1","18","1","2","1","0","0","0","1","1","20","1","5","3","0","0","1","0","0","6","1","0","1","0","0","0","0","0","0","2","1","1","0","0","0","0","0"
"s25","voters","YV20735","11","5","5","1","0","0","0","0","0","0","0","7","4","1","0","0","1","0","2","0","0","0","0","0","0","0","0","0","0","0","0","0","0","0","0","0","0","0","0","0","0","0","0","0","0","0","0","0","2","0","1","1","0","0","0","0","0","0","1","0","0","0","0","1","0","2","0","0","0","0","0","0","2","0","0","0","0","0","0","0","0","0","0","0","0","0","0","0","0","0","0","0","0","0","0","1","0","0","0","0","0","5","0","0","0","0","0","0","0","0","2","0","2","0","0","0","0","0","1","0","0","0","0","0","0","0","0","0","1","0","0","0","0","0","0","0","0"
"s25","voters","YV20736","274","105","95","21","0","2","2","0","0","0","49","143","131","14","4","9","4","6","6","3","1","0","0","0","0","0","0","0","0","0","0","0","0","2","0","0","0","1","0","0","0","0","0","1","0","0","2","2","6","10","9","17","1","2","6","8","6","10","26","0","3","3","3","7","9","31","0","2","0","7","5","7","18","0","4","1","3","5","5","9","0","0","2","5","8","3","4","1","0","1","1","4","3","4","0","1","0","1","2","3","4","62","15","6","7","3","0","3","1","8","44","12","14","3","5","2","1","0","14","29","4","7","4","1","2","0","1","1","14","6","2","1","1","0","0","1","0"
"s25","voters","YV30738","26","3","15","3","0","0","1","0","0","0","4","15","11","0","0","0","0","0","1","2","2","0","0","0","0","0","0","0","0","0","0","0","0","0","0","0","0","0","0","0","0","0","0","0","0","0","0","0","0","0","1","1","0","0","0","0","0","0","1","0","0","0","1","0","2","6","0","0","1","0","0","2","3","0","0","2","0","0","0","0","0","0","0","0","0","0","2","0","1","0","0","0","0","1","0","0","0","0","0","1","1","2","0","1","0","0","0","0","0","0","6","3","1","0","1","0","0","0","4","3","0","0","0","0","0","0","0","1","3","0","1","0","0","0","0","0","0"
"s25","voters","YV30739","58","21","31","2","0","0","0","0","0","0","4","31","27","4","4","0","0","1","0","0","0","0","0","0","0","0","0","0","0","0","0","0","0","0","0","0","0","0","0","0","0","0","0","0","0","0","0","0","1","3","1","6","0","0","2","1","1","0","6","0","2","2","2","4","1","5","1","0","1","2","5","3","3","0","0","0","0","0","0","3","0","0","0","0","0","0","1","0","0","0","0","0","0","1","0","0","0","0","0","1","0","10","4","3","0","0","1","0","0","3","12","4","5","3","1","0","0","1","5","1","0","0","0","1","0","1","0","1","2","0","0","0","0","0","0","0","0"
"s25","voters","YV30740","642","230","264","29","0","3","11","0","1","0","104","299","343","25","28","7","2","10","14","7","0","0","0","0","0","0","2","1","0","0","0","1","0","0","0","0","0","0","4","0","0","1","1","2","1","0","3","8","16","8","17","48","0","5","12","18","16","21","58","1","7","10","16","17","26","45","0","4","11","26","26","25","50","0","3","6","16","8","9","13","0","4","5","4","6","14","16","0","0","5","2","3","8","4","0","2","2","4","3","3","8","134","40","23","13","9","2","1","0","8","151","46","32","7","3","1","1","1","22","54","18","11","9","2","2","3","1","4","21","15","4","1","2","0","0","0","1"
"s25","voters","YV30741","3","1","1","0","0","0","0","0","0","0","1","1","2","0","0","0","0","0","1","0","0","0","0","0","0","0","0","0","0","0","0","0","0","0","0","0","0","0","0","0","0","0","0","0","0","0","0","0","0","0","0","0","0","0","0","0","0","1","0","0","0","0","0","0","0","0","0","0","0","1","0","0","0","0","0","0","0","0","1","0","0","0","0","0","0","0","0","0","0","0","0","0","0","0","0","0","0","0","0","0","0","1","0","0","0","0","0","0","0","0","1","0","0","0","0","0","0","0","0","0","0","0","0","0","0","1","0","0","0","0","0","0","0","0","0","0","0"
"s25","voters","YV30752","11","2","8","0","0","0","0","0","0","0","1","6","5","0","4","0","0","0","0","0","0","0","0","0","0","0","0","0","0","0","0","0","0","0","0","0","0","0","0","0","0","0","0","0","0","0","0","0","0","1","0","0","0","0","0","0","0","1","0","0","0","0","1","0","1","2","0","0","0","1","1","1","1","0","0","0","0","1","0","0","0","0","0","0","0","0","0","0","0","0","0","0","0","0","0","0","0","0","0","0","0","1","1","0","0","0","0","0","0","0","1","0","5","0","1","0","0","0","1","1","0","0","0","0","0","0","0","0","0","0","0","0","0","0","0","0","0"
"s25","voters","YV30754","264","107","107","12","0","0","2","0","1","0","35","107","157","11","7","6","1","7","5","1","2","1","0","0","0","2","0","0","0","1","1","0","0","0","0","0","0","0","0","0","0","0","0","0","1","0","1","2","0","0","6","40","0","0","2","0","3","11","42","0","0","0","2","2","8","23","0","1","0","0","2","14","55","0","1","1","0","2","4","9","0","0","0","0","0","7","11","0","0","0","0","1","0","5","0","0","0","0","1","1","7","60","22","13","7","1","0","2","1","1","55","22","12","5","3","2","0","0","8","17","3","9","4","1","0","0","0","1","11","1","1","1","1","0","0","0","0"
"s25","voters","YV30755","129","44","60","6","0","0","0","0","0","0","19","65","64","2","10","1","1","2","1","2","1","0","0","0","0","0","0","0","0","0","0","0","0","0","0","0","0","0","0","0","0","0","0","0","0","0","2","2","1","4","4","8","0","0","0","6","4","2","11","1","0","1","5","3","12","8","0","0","0","5","4","6","15","0","0","0","0","3","2","5","0","0","1","2","2","1","3","0","0","0","2","1","0","1","0","0","1","0","1","0","0","25","10","4","1","1","1","0","0","2","27","5","8","3","3","1","3","0","10","9","5","1","0","1","0","0","0","3","2","4","0","0","0","0","0","0","0"
"s25","voters","YV30756","215","61","89","18","0","0","2","0","2","0","43","95","120","11","9","7","3","2","0","1","0","0","0","0","0","0","0","0","0","0","1","0","0","0","0","1","0","0","0","0","0","0","2","0","0","0","1","1","4","5","5","8","0","2","2","5","7","5","16","0","4","2","6","6","7","15","1","1","2","6","7","7","25","2","0","0","2","2","4","9","0","2","0","6","6","4","6","0","0","2","2","1","1","6","0","1","2","0","0","1","6","40","14","1","4","2","0","0","0","0","43","17","9","2","5","0","1","1","11","19","12","2","1","1","0","2","1","5","11","3","4","0","0","1","1","1","1"
"s25","voters","YV30757","38","16","17","3","0","0","0","0","0","0","2","19","19","5","3","0","0","2","0","0","0","0","0","0","0","0","0","0","0","0","0","0","0","0","0","0","0","0","0","0","0","0","0","0","0","0","0","0","2","0","2","4","0","1","1","2","1","2","1","0","2","1","1","2","1","2","0","1","1","2","2","0","2","0","0","0","0","0","0","0","0","0","0","0","0","2","0","0","0","0","1","0","0","1","0","0","0","0","0","0","1","10","1","2","3","0","0","0","0","0","13","1","1","1","1","0","0","0","0","2","0","0","0","0","0","0","0","0","0","1","2","0","0","0","0","0","0"
"s25","voters","YV30758","7","1","6","0","0","0","0","0","0","0","0","4","3","0","0","0","0","0","0","0","0","0","0","0","0","0","0","0","0","0","0","0","0","0","0","0","0","0","0","0","0","0","0","0","0","0","0","0","0","0","0","0","0","0","0","0","0","0","1","0","0","1","2","0","0","1","0","0","0","1","0","1","0","0","0","0","0","0","0","0","0","0","0","0","0","0","0","0","0","0","0","0","0","0","0","0","0","0","0","0","0","1","0","0","0","0","0","0","0","0","3","0","1","1","0","0","0","0","1","0","0","0","0","0","0","0","0","0","0","0","0","0","0","0","0","0","0"
"s25","voters","YV30759","159","56","63","11","0","2","0","0","0","0","27","85","74","10","11","8","1","2","3","2","2","0","0","0","0","0","0","0","0","0","0","0","0","0","0","0","0","0","0","0","0","0","0","1","0","0","2","1","8","2","10","8","0","1","6","4","6","3","5","0","1","4","4","6","11","8","0","1","1","4","3","10","10","0","1","4","2","0","2","5","0","2","2","3","4","0","2","0","0","0","1","0","3","2","0","1","0","2","1","2","1","35","11","5","0","1","1","0","1","2","30","14","9","1","2","2","0","0","5","12","4","3","1","1","1","3","0","2","8","2","3","0","0","0","0","0","0"
"s25","voters","YV40760","27","5","15","1","0","1","0","0","0","0","5","12","15","3","1","0","1","0","0","0","0","0","0","0","0","0","0","0","0","0","0","0","0","0","0","0","0","0","0","0","0","0","0","0","0","0","0","0","0","2","0","1","0","0","0","0","0","0","2","0","0","0","0","1","2","4","0","0","0","0","1","1","6","0","0","0","0","0","1","1","0","0","1","1","0","0","1","0","0","0","0","0","0","0","0","0","0","1","0","0","1","4","0","0","1","0","0","0","0","0","7","1","2","2","2","0","0","1","0","2","2","0","0","0","0","0","0","1","2","0","0","0","0","0","0","0","0"
"s25","voters","YV40761","15","2","6","1","1","0","0","0","0","0","5","7","8","1","2","1","0","1","0","1","0","0","0","0","0","0","0","0","0","0","0","0","0","0","0","0","0","0","0","0","0","0","0","0","0","0","0","0","0","0","0","0","0","0","0","0","0","2","0","0","1","0","0","2","0","0","0","0","0","2","0","0","1","0","0","1","1","0","2","0","0","0","1","0","0","0","0","0","0","0","0","0","0","0","0","1","1","0","0","0","0","2","0","0","0","0","0","0","0","0","4","0","0","0","1","1","0","0","0","4","1","0","0","0","0","0","0","0","2","0","0","0","0","0","0","0","0"
"s25","voters","YV40762","90","22","46","7","0","2","0","0","0","0","13","42","48","2","2","1","0","0","1","0","2","0","0","0","0","0","0","0","0","0","0","0","0","0","0","0","0","0","0","0","0","0","0","0","0","0","0","1","0","1","2","4","0","0","4","3","2","1","4","0","2","2","4","3","3","10","0","0","0","3","4","5","10","0","0","0","0","0","1","3","0","0","1","0","0","3","5","0","0","1","2","2","1","0","0","0","0","0","0","2","1","19","0","1","1","1","0","0","0","0","16","12","5","1","3","0","1","1","7","5","2","0","1","2","0","0","0","3","5","2","0","0","0","0","0","0","2"
"s25","voters","YV40763","137","44","67","6","0","1","0","0","0","0","19","68","69","3","4","0","0","4","1","2","0","0","0","0","0","0","0","1","0","0","0","0","0","0","0","0","0","0","0","0","0","1","2","0","0","0","1","1","4","0","3","11","0","0","0","3","0","6","15","0","0","2","2","2","8","18","0","0","1","3","6","10","15","0","0","2","6","3","1","1","0","0","1","2","1","0","2","0","0","0","0","0","0","3","0","0","0","0","0","1","3","26","8","6","1","1","0","1","0","1","26","10","10","3","4","2","0","1","11","10","6","1","1","0","0","0","0","1","5","0","2","0","0","0","0","0","0"
"s25","voters","YV40764","15","8","5","1","1","0","0","0","0","0","0","9","6","1","1","0","0","1","1","0","0","0","0","0","0","0","0","0","0","0","0","0","0","0","0","0","0","0","0","0","0","0","0","0","0","0","0","0","1","0","2","2","0","0","1","1","0","0","1","0","0","0","1","0","0","2","0","0","1","0","1","0","0","0","0","0","0","0","0","0","0","0","0","0","0","0","0","0","0","0","0","0","0","1","0","0","0","0","0","0","1","4","4","0","0","0","0","0","0","0","3","2","0","0","0","0","0","0","0","0","0","0","0","0","0","0","0","0","2","0","0","0","0","0","0","0","0"
"s25","voters","YV40765","408","97","223","20","1","4","4","0","2","0","57","179","229","19","18","7","4","2","15","4","1","1","0","0","0","0","1","0","0","0","0","0","0","0","0","0","0","0","0","0","0","0","0","0","0","0","1","3","9","4","7","10","0","2","11","13","7","6","24","0","5","4","13","20","20","38","0","3","14","17","17","18","54","0","1","4","5","9","5","6","0","4","0","6","4","6","7","0","0","4","4","1","1","5","0","0","3","2","7","3","1","53","20","8","7","4","1","0","0","4","117","29","39","9","12","2","1","3","11","25","10","8","3","4","1","1","0","5","17","8","4","1","0","1","0","0","0"
"s25","voters","YV40766","364","102","167","24","3","3","6","0","0","0","59","169","195","13","19","6","2","4","8","1","0","0","0","1","0","1","0","0","0","0","0","0","0","1","2","0","1","1","1","0","0","0","2","2","0","1","1","5","4","4","8","18","0","3","5","6","11","8","28","0","5","6","10","16","15","30","0","3","3","10","15","18","36","0","2","3","4","6","2","11","1","2","5","3","4","8","8","0","0","1","3","2","3","9","0","0","4","2","1","3","8","54","20","12","4","3","1","0","1","7","89","28","19","8","6","0","2","1","14","34","7","6","4","1","0","2","0","5","21","5","5","3","0","0","0","0","2"
"s25","voters","YV40767","84","37","30","6","0","0","0","0","0","0","11","38","46","7","5","1","1","1","2","0","0","0","0","0","0","0","0","0","0","0","0","0","0","1","0","0","0","0","0","0","0","0","0","0","0","1","2","3","0","2","5","1","0","2","5","2","5","4","5","0","2","1","2","2","3","3","0","2","0","2","4","1","8","0","0","3","2","1","2","0","1","0","1","0","1","0","0","1","0","0","0","0","0","2","0","0","0","0","1","1","1","27","6","1","0","1","1","0","0","1","17","4","2","1","3","0","1","0","2","8","0","3","0","0","0","0","0","0","5","1","0","0","0","0","0","0","0"
"s25","voters","YV40768","37","15","17","1","0","0","0","0","0","0","4","17","20","5","0","0","0","1","1","1","0","0","0","0","0","0","0","0","0","0","0","0","0","0","0","0","0","0","0","0","0","0","0","0","0","0","1","0","2","1","0","2","0","0","1","1","1","1","5","0","0","0","3","1","2","2","0","0","0","0","1","3","5","0","0","0","0","2","0","0","0","0","1","0","1","0","0","0","0","0","0","0","1","0","0","0","0","0","0","0","0","8","4","2","1","0","0","0","0","0","8","0","4","0","1","0","0","0","4","1","2","1","0","0","0","0","0","0","1","0","0","0","0","0","0","0","0"
"s25","voters","YV40769","41","9","21","0","1","0","1","0","0","0","9","20","21","3","1","1","0","1","1","0","0","0","0","0","0","0","0","0","0","0","0","0","0","0","0","0","0","0","0","0","0","0","0","0","0","0","0","0","0","1","1","3","0","1","0","0","0","1","2","0","0","1","3","1","2","4","0","0","4","1","1","0","4","0","0","0","2","1","0","0","0","1","2","1","1","1","0","0","0","0","0","0","0","1","0","0","1","0","0","0","0","4","2","0","0","0","0","0","0","3","13","3","2","0","1","0","0","0","2","4","1","1","2","1","0","0","0","0","1","0","1","0","0","0","0","0","0"
"s25","voters","YV40770","12","5","6","1","0","0","0","0","0","0","0","5","7","0","0","0","0","0","0","0","0","0","0","0","0","0","0","0","0","0","0","0","0","0","0","0","0","0","0","0","0","0","0","0","0","0","0","0","0","0","0","1","0","1","0","0","1","0","2","0","0","0","1","0","0","2","0","0","1","0","0","2","0","0","0","0","0","0","0","0","0","0","0","0","0","0","0","0","0","0","1","0","0","0","0","0","0","0","0","0","0","4","0","1","0","0","0","0","0","0","6","0","0","0","0","0","0","0","0","0","0","0","0","0","0","0","0","0","1","0","0","0","0","0","0","0","0"
"s25","voters","YV40771","159","58","68","13","0","0","1","0","0","0","19","78","81","15","11","1","1","1","2","0","0","0","0","0","0","0","0","0","0","1","0","0","0","0","0","1","0","0","0","1","0","3","1","0","0","0","1","2","3","5","2","12","0","2","4","3","8","6","10","0","2","4","1","5","8","13","1","0","1","5","8","8","12","0","2","2","0","0","1","5","1","1","0","2","0","4","1","0","0","1","0","0","1","8","0","0","0","0","0","0","4","41","6","5","1","4","0","0","0","1","31","9","6","6","2","0","1","1","12","13","3","1","1","1","0","0","0","0","10","3","0","1","0","0","0","0","0"
"s25","voters","YV50772","575","176","281","33","0","1","1","0","2","0","81","262","313","24","24","8","1","8","19","3","0","1","0","0","0","1","0","1","0","0","2","0","1","0","0","0","0","0","0","0","0","0","1","0","0","0","2","3","10","13","11","23","0","3","14","12","15","20","50","0","8","6","15","26","29","49","3","5","9","27","18","30","56","2","6","4","3","6","13","15","1","0","2","8","8","8","5","0","1","0","1","1","5","10","0","1","2","3","3","4","6","105","22","28","5","4","0","0","2","10","142","48","42","14","12","1","3","0","19","54","11","9","2","2","0","0","0","3","23","7","2","2","0","0","1","1","1"
"s25","voters","YV50773","143","48","70","5","2","2","2","0","1","0","13","69","74","7","10","1","2","1","3","0","0","0","0","0","0","0","0","0","0","0","0","0","0","0","1","1","0","0","1","0","0","1","0","2","0","0","1","2","3","1","2","9","0","0","4","6","4","4","12","0","3","2","2","6","11","13","0","0","2","3","6","8","14","0","3","1","1","0","4","0","0","2","0","0","0","0","2","0","0","1","1","2","1","0","0","0","0","2","2","0","3","30","8","6","0","0","0","0","0","4","40","11","10","0","3","1","0","1","4","8","2","2","1","0","0","0","0","0","7","4","1","0","0","0","0","0","0"
"s25","voters","YV50775","61","14","30","2","0","0","1","0","0","0","14","33","28","2","1","0","0","1","1","0","0","0","0","0","0","1","0","0","0","0","0","0","0","0","0","0","0","0","0","0","0","0","0","0","0","0","0","0","1","0","1","3","0","0","0","1","2","1","5","2","3","1","1","3","3","6","0","1","0","0","0","4","6","0","1","0","0","0","1","5","0","0","1","1","2","0","3","0","0","0","0","1","0","1","0","0","0","1","0","0","0","8","2","2","2","0","0","0","0","0","16","7","3","1","0","0","2","1","0","6","0","2","4","1","0","0","0","1","3","0","0","0","0","0","0","0","0"
"s25","voters","YV50776","42","10","25","3","0","0","0","0","0","0","4","21","21","0","1","0","0","0","0","0","0","0","0","0","0","0","0","0","0","0","0","0","0","0","0","0","0","0","0","0","0","0","0","0","0","0","1","0","0","0","0","3","0","0","0","1","0","1","4","0","0","0","2","2","2","6","0","0","0","2","3","2","6","0","0","1","1","0","1","0","0","0","0","0","0","1","0","0","1","0","0","0","0","1","0","0","0","0","1","0","0","6","4","0","0","0","0","0","0","0","13","2","2","2","0","0","1","0","5","1","1","2","0","0","0","0","0","0","0","3","0","0","0","0","0","0","0"
"s25","voters","YV50777","235","82","93","14","0","0","1","0","1","0","44","111","124","14","12","8","3","3","3","2","0","0","0","0","0","0","0","0","0","0","0","0","0","0","0","0","0","0","0","0","0","0","0","0","0","1","0","7","4","2","6","14","0","3","7","9","2","11","16","0","3","6","3","7","8","17","0","0","1","5","7","12","24","1","2","2","3","3","2","10","1","2","2","5","2","4","5","0","0","0","0","1","4","5","0","1","1","0","1","1","2","51","10","12","2","2","0","0","1","4","48","15","8","4","3","1","0","1","13","27","6","3","0","5","1","1","0","1","10","4","2","0","0","0","0","0","0"
"s25","voters","YV50778","176","71","67","6","0","3","2","0","0","0","27","86","90","12","4","4","1","5","0","0","0","0","0","0","0","0","0","0","0","0","0","1","1","0","0","0","0","0","0","0","0","1","0","0","0","0","2","2","6","4","6","15","1","2","1","4","5","11","12","0","2","1","2","6","10","13","0","0","1","7","7","11","7","0","0","0","2","2","1","4","0","5","4","3","1","2","3","0","0","1","2","3","1","1","0","0","0","0","0","2","1","44","10","7","2","5","0","1","0","2","42","5","11","2","1","0","1","2","3","17","5","1","3","0","0","1","0","0","5","1","4","0","1","0","0","0","0"
"s25","voters","YV50779","13","7","4","1","0","0","0","0","0","0","1","6","7","0","0","0","0","0","1","0","1","0","0","0","0","0","0","0","0","0","0","0","0","0","0","0","0","0","0","0","0","0","0","0","0","0","0","0","0","0","1","2","0","0","1","0","1","0","2","0","0","0","0","1","0","0","0","0","0","0","0","2","1","0","0","0","0","0","0","1","0","0","0","0","0","0","0","0","0","0","0","0","1","0","0","0","0","0","0","0","0","3","1","0","0","1","0","0","0","2","4","0","0","0","0","0","0","0","0","1","0","0","0","0","0","0","0","0","0","1","0","0","0","0","0","0","0"
