"election","type","srprec","totreg_r","dem","rep","aip","paf","msc","lib","nlp","grn","ref","dcl","male","female","hispdem","hisprep","hispdcl","hispoth","jewdem","jewrep","jewdcl","jewoth","kordem","korrep","kordcl","koroth","jpndem","jpnrep","jpndcl","jpnoth","chidem","chirep","chidcl","chioth","inddem","indrep","inddcl","indoth","vietdem","vietrep","vietdcl","vietoth","fildem","filrep","fildcl","filoth","demmunk","demm1824","demm2534","demm3544","demm4554","demm5564","demm65pl","demfunk","demf1824","demf2534","demf3544","demf4554","demf5564","demf65pl","repmunk","repm1824","repm2534","repm3544","repm4554","repm5564","repm65pl","repfunk","repf1824","repf2534","repf3544","repf4554","repf5564","repf65pl","dclmunk","dclm1824","dclm2534","dclm3544","dclm4554","dclm5564","dclm65pl","dclfunk","dclf1824","dclf2534","dclf3544","dclf4554","dclf5564","dclf65pl","othmunk","othm1824","othm2534","othm3544","othm4554","othm5564","othm65pl","othfunk","othf1824","othf2534","othf3544","othf4554","othf5564","othf65pl","dreg1g","dreg2g","dreg3g","dreg4g","dreg5g","dreg6g","dreg7g","dreg8g","dreg9g","rreg1g","rreg2g","rreg3g","rreg4g","rreg5g","rreg6g","rreg7g","rreg8g","rreg9g","ireg1g","ireg2g","ireg3g","ireg4g","ireg5g","ireg6g","ireg7g","ireg8g","ireg9g","oreg1g","oreg2g","oreg3g","oreg4g","oreg5g","oreg6g","oreg7g","oreg8g","oreg9g"
"s25","voters","101103","804","396","217","27","6","14","4","0","3","0","137","347","457","228","77","68","25","3","1","0","1","0","1","1","0","0","0","1","0","2","2","2","0","5","8","4","0","6","5","6","1","10","8","3","2","3","18","25","27","23","25","36","3","30","47","35","28","47","49","2","10","16","16","13","22","30","0","0","12","23","19","24","30","0","5","13","11","8","10","14","4","12","11","14","14","11","10","1","1","2","7","5","1","3","0","7","7","4","6","5","5","242","62","39","13","10","2","5","2","21","134","23","30","6","7","0","3","0","14","83","17","14","8","1","3","3","0","8","31","6","8","3","3","0","0","0","3"
"s25","voters","103105","533","206","226","22","0","4","1","0","2","0","72","253","280","114","78","35","11","2","9","1","3","2","0","1","0","0","0","0","0","0","0","0","0","0","0","1","0","0","0","0","0","5","2","0","0","0","6","9","15","9","17","35","0","8","10","18","12","22","45","0","6","5","10","21","16","44","1","6","8","11","23","24","51","1","9","5","6","6","5","8","0","2","3","7","7","6","7","0","1","5","4","4","3","3","0","1","1","2","2","0","3","98","33","23","9","8","0","7","1","27","126","35","33","4","3","0","1","2","22","36","14","8","5","0","0","2","1","6","17","7","4","0","0","0","0","0","1"
"s25","voters","103108","939","355","402","45","5","6","10","0","5","0","111","448","491","235","142","60","27","2","6","1","2","0","0","0","0","0","1","1","0","1","0","0","0","0","2","0","0","2","1","1","0","5","8","1","1","1","9","25","18","13","33","57","2","26","22","23","30","33","63","0","15","19","30","31","52","55","3","10","11","27","32","40","77","4","10","7","7","8","6","11","3","8","9","8","6","13","11","0","5","7","3","7","4","11","0","5","6","4","5","9","5","170","55","55","9","20","3","6","1","36","229","58","52","11","14","1","4","2","31","60","17","7","7","8","0","4","0","8","48","12","6","2","1","0","0","1","1"
"s25","voters","104109","840","385","260","27","0","5","9","0","5","0","149","367","473","269","78","93","22","10","6","0","1","3","2","0","1","0","0","0","0","3","3","3","0","1","0","1","0","1","4","0","0","3","6","3","2","2","13","15","22","16","34","35","2","30","41","44","39","42","50","0","5","14","18","17","35","37","0","3","16","9","20","35","51","2","15","17","12","17","13","11","0","15","10","11","13","7","6","0","5","3","1","2","2","4","1","5","8","2","6","6","1","202","71","43","17","19","2","5","2","24","143","36","36","11","4","3","4","0","23","94","20","14","9","6","2","0","0","4","31","12","2","0","0","0","0","0","1"
"s25","voters","104115","274","145","68","9","2","3","1","0","3","0","43","112","162","94","32","20","10","3","3","0","2","0","0","1","0","0","0","0","0","1","3","7","0","2","0","2","0","1","2","0","0","3","3","3","0","1","7","7","11","8","5","13","1","14","22","10","11","16","19","1","3","2","8","9","5","8","0","0","9","9","4","2","8","0","3","1","7","3","2","1","1","3","5","3","4","4","6","0","1","2","2","2","0","0","0","4","2","3","1","1","0","92","21","14","5","5","0","2","0","6","54","10","2","0","0","0","1","0","1","37","5","0","1","0","0","0","0","0","15","1","1","1","0","0","0","0","0"
"s25","voters","104116","416","302","43","6","5","1","3","0","2","0","54","155","261","195","33","40","13","1","0","0","0","0","0","0","0","0","0","0","0","1","0","1","0","1","0","0","0","0","0","0","0","3","0","1","0","0","16","17","9","13","24","24","1","29","40","22","25","37","45","0","0","7","5","4","5","3","0","1","2","4","4","6","2","0","4","5","4","4","2","1","2","10","9","3","2","3","5","0","1","1","3","0","0","3","0","4","2","0","2","0","1","145","57","42","10","14","3","6","4","21","28","8","5","1","0","0","1","0","0","36","8","7","2","1","0","0","0","0","13","2","1","0","1","0","0","0","0"
"s25","voters","104121","1051","680","148","24","5","10","4","0","4","0","176","427","624","505","79","135","32","4","4","1","0","2","0","0","0","1","0","0","0","1","1","1","0","0","1","1","0","6","0","0","0","4","0","4","0","4","42","48","27","24","43","62","6","97","83","53","42","58","91","0","6","11","11","9","17","23","0","4","11","11","15","9","21","2","21","16","11","6","10","8","6","39","18","15","7","5","12","0","5","9","3","4","4","1","0","6","6","2","2","1","4","375","107","81","31","36","4","6","3","37","92","30","15","0","4","0","3","0","4","130","17","15","12","1","0","1","0","0","33","6","4","2","2","0","0","0","0"
"s25","voters","104124","107","60","19","5","1","0","2","0","0","0","20","44","63","47","8","13","8","0","0","0","0","0","0","0","0","1","0","0","0","0","0","0","0","0","0","0","0","0","0","0","0","2","0","1","0","0","3","5","3","1","4","6","0","8","11","1","4","5","9","0","2","2","0","3","1","3","0","0","0","0","2","2","4","0","2","2","2","1","0","0","0","4","2","1","3","1","2","0","0","1","0","1","0","2","0","0","1","0","0","2","1","29","12","14","0","2","0","0","0","3","11","2","3","0","0","0","0","0","3","12","2","5","1","0","0","0","0","0","2","3","1","1","0","0","0","0","1"
"s25","voters","104125","425","246","78","16","3","5","0","0","2","0","75","179","246","181","44","51","19","0","1","0","0","0","1","0","0","0","4","0","0","0","1","1","0","0","0","1","0","2","3","0","0","4","0","0","0","2","15","19","9","11","22","25","2","25","34","16","10","14","42","0","2","10","2","6","7","10","2","6","3","8","6","5","11","1","7","5","3","3","8","5","3","9","10","7","4","4","6","0","0","3","1","1","0","2","0","5","3","2","2","4","3","145","37","26","13","13","0","5","1","6","44","12","14","2","4","0","0","0","2","46","7","9","3","2","1","0","2","5","19","5","2","0","0","0","0","0","0"
"s25","voters","105105","627","260","225","32","1","4","5","0","3","0","97","294","333","131","46","37","10","9","7","1","3","1","0","0","0","0","1","1","0","1","2","0","0","3","0","0","0","1","1","0","1","8","4","2","0","3","12","8","19","16","16","35","5","17","18","23","21","21","46","0","8","9","19","18","26","36","0","1","7","18","19","25","39","1","4","6","14","9","5","10","1","7","8","12","7","5","8","0","2","2","3","4","4","5","0","4","1","2","3","9","6","150","52","29","5","3","0","2","0","19","141","27","28","7","4","1","2","1","14","64","7","15","4","3","0","0","1","3","26","9","5","0","2","0","0","1","2"
"s25","voters","105107","1045","413","406","59","7","6","8","0","4","0","142","461","584","196","95","62","27","9","11","1","4","0","0","1","0","3","2","2","0","3","3","5","0","3","0","1","0","2","2","0","0","5","1","0","1","0","13","17","16","31","33","50","3","22","34","32","40","46","76","0","14","18","29","19","51","74","0","5","17","28","28","37","86","0","9","15","11","4","15","11","0","12","7","14","14","12","18","0","2","9","5","5","5","5","1","6","7","7","7","11","14","229","72","37","9","17","1","3","1","44","219","74","49","10","8","1","4","3","38","86","23","10","9","2","3","1","0","8","52","12","12","2","3","0","0","0","3"
"s25","voters","105116","229","96","76","9","1","3","0","0","0","0","44","90","139","76","36","34","7","0","0","0","1","0","0","0","0","0","0","0","0","0","0","0","0","0","1","0","0","0","0","0","0","2","1","2","0","0","3","7","4","5","6","5","1","12","13","9","9","10","12","0","4","0","8","6","6","10","0","2","6","9","3","7","15","2","3","6","2","2","3","4","0","5","3","3","4","4","3","0","0","4","0","0","0","0","0","1","1","1","1","2","3","50","18","9","6","4","0","0","1","8","42","9","9","2","1","0","3","0","10","27","5","5","3","0","0","0","1","3","8","3","1","0","0","1","0","0","0"
"s25","voters","105118","385","204","93","10","2","6","3","0","4","0","63","167","218","136","48","46","15","4","3","1","0","0","0","0","0","0","0","0","0","0","0","0","0","0","1","0","0","0","0","0","0","0","0","0","0","2","7","14","13","12","13","20","2","18","18","18","16","23","28","0","1","7","10","7","6","16","0","3","6","6","10","5","16","2","4","8","5","3","3","2","0","11","11","3","5","1","5","0","1","3","0","4","2","2","0","2","4","1","1","5","0","123","26","20","10","6","1","8","1","9","54","12","11","1","2","0","0","2","11","37","10","6","4","2","0","0","0","4","16","6","1","1","1","0","0","0","0"
"s25","voters","105124","628","288","226","29","0","6","5","0","4","0","70","281","347","151","65","37","20","2","5","2","3","0","0","0","0","0","0","0","0","1","0","1","0","1","1","0","0","0","2","2","0","0","2","0","0","1","8","13","20","14","17","40","1","23","18","35","15","29","54","1","8","8","19","20","24","27","0","5","8","16","22","23","45","2","4","9","7","8","3","6","3","6","2","9","2","4","5","0","3","1","4","4","4","6","0","1","5","5","4","4","3","144","45","51","8","10","3","2","1","24","128","26","34","9","2","0","3","3","21","33","12","12","4","6","0","0","0","3","21","10","6","2","2","1","1","0","1"
"s25","voters","105127","1244","561","398","61","4","10","14","0","3","0","193","562","682","332","145","109","38","2","6","1","1","1","0","0","0","0","1","0","0","0","2","0","0","3","0","1","1","4","3","1","0","15","3","3","2","2","20","24","37","25","52","61","2","39","59","45","48","56","91","0","12","17","24","27","51","67","0","9","16","36","27","45","67","3","19","19","15","14","14","16","1","10","16","22","18","14","12","0","5","3","12","9","8","6","0","9","9","1","8","10","12","295","88","91","27","10","4","3","2","41","215","52","54","9","20","4","3","1","40","116","26","22","14","6","2","3","0","4","53","15","16","3","3","0","0","0","2"
"s25","voters","105138","1020","520","272","33","7","11","4","0","4","0","169","428","592","329","111","109","29","2","10","0","0","0","0","0","0","1","0","0","0","7","0","2","1","6","0","0","0","7","1","1","0","6","3","4","1","0","29","23","28","29","39","45","5","46","61","46","46","47","76","4","12","7","26","32","21","32","0","8","20","19","35","21","35","0","10","12","15","12","10","10","2","24","23","18","18","7","8","1","5","3","6","6","5","6","0","6","4","3","1","9","4","267","105","65","27","19","2","9","2","24","149","53","28","11","5","1","3","2","20","104","25","15","13","7","2","0","2","1","36","13","7","0","0","0","1","1","1"
"s25","voters","118040","124","47","52","8","0","0","0","0","0","0","17","53","71","21","14","11","2","0","1","0","0","0","0","0","0","0","0","0","0","3","0","0","0","0","0","0","0","0","0","0","0","0","0","0","0","0","2","3","3","0","3","7","1","2","5","4","2","5","10","0","1","2","3","2","7","8","0","0","3","4","3","7","12","1","0","1","2","4","1","1","0","2","0","1","1","1","2","0","1","0","0","0","0","1","0","1","0","0","0","2","3","31","5","7","1","0","0","0","0","3","32","9","5","1","1","1","0","1","2","10","4","1","1","1","0","0","0","0","4","2","0","0","1","0","0","0","1"
"s25","voters","118041","41","11","20","1","1","1","1","0","0","0","6","20","21","6","3","4","2","0","0","0","0","0","0","0","0","0","0","0","0","0","1","0","0","0","0","0","0","0","0","0","0","0","0","0","0","0","0","0","0","0","3","3","0","0","0","1","0","1","3","0","0","0","0","3","2","4","0","0","0","2","3","5","1","0","0","1","1","0","0","1","0","0","0","0","1","1","1","0","0","1","1","0","0","0","0","0","0","0","0","1","1","4","2","1","1","0","0","0","0","3","11","2","1","1","2","0","1","0","2","3","0","1","0","0","0","0","0","2","2","0","0","0","0","2","0","0","0"
"s25","voters","119023","423","171","158","18","1","2","3","0","0","0","70","203","220","88","43","25","7","2","2","1","1","0","1","0","0","0","0","0","0","0","2","3","0","0","0","0","0","1","2","1","0","2","3","4","0","1","6","7","9","11","16","21","3","11","7","15","16","22","26","1","7","5","17","17","18","23","1","6","4","15","19","13","12","2","2","4","4","13","1","6","1","4","9","5","6","6","7","1","2","0","2","1","4","2","0","1","1","2","3","3","2","93","39","15","2","6","0","1","1","14","96","19","18","5","10","1","2","1","6","43","7","5","6","2","2","2","0","3","17","3","1","2","0","0","0","1","0"
"s25","voters","119025","807","420","164","33","9","8","4","0","4","0","165","332","475","316","74","119","37","1","1","0","1","0","0","0","0","1","0","0","0","0","0","0","0","4","1","2","0","0","1","2","0","8","5","1","0","1","20","23","15","15","33","56","4","50","51","39","38","35","40","0","8","14","6","11","11","23","0","4","14","7","18","20","28","0","13","18","6","10","12","11","4","25","29","9","7","12","9","0","5","2","3","4","8","4","2","8","6","6","3","3","4","233","72","51","8","14","3","10","2","27","91","23","18","5","5","1","2","2","17","116","15","14","7","1","4","0","1","7","40","12","5","0","0","1","0","0","0"
"s25","voters","119027","1251","643","312","44","5","13","7","0","6","0","221","534","717","440","128","148","41","4","3","1","1","0","3","0","0","0","0","0","0","0","1","0","0","1","0","0","0","0","1","0","0","5","2","1","1","3","36","28","27","27","53","72","3","73","74","48","45","62","92","1","8","21","26","26","24","49","2","9","18","18","34","28","48","5","16","18","17","7","11","18","4","30","30","24","12","9","20","0","3","7","12","4","4","11","0","4","7","9","3","4","7","341","116","81","16","25","4","10","2","48","158","48","49","7","5","5","3","4","33","129","29","28","16","8","2","2","2","5","46","14","8","3","0","0","0","0","4"
"s25","voters","119035","442","237","89","17","4","7","7","0","4","0","77","205","237","165","38","57","27","2","0","0","1","0","0","0","0","0","0","0","0","0","0","0","0","0","0","0","0","0","0","0","0","3","0","3","0","3","11","14","10","9","23","33","2","28","19","15","10","24","36","0","5","11","6","6","7","17","1","2","5","6","4","8","11","0","9","5","5","3","6","5","2","11","11","7","6","3","4","1","3","5","5","0","1","2","0","3","6","4","4","2","3","129","37","27","6","15","0","4","0","19","54","12","6","1","2","1","2","1","10","50","10","6","0","6","0","0","1","4","20","9","6","1","1","0","0","1","1"
"s25","voters","119037","238","100","70","13","0","4","4","0","1","0","46","107","131","57","30","23","12","0","2","0","0","0","0","0","0","0","0","0","0","0","0","0","0","0","0","0","0","0","0","0","0","2","0","2","0","0","1","4","4","7","7","10","0","6","9","9","10","9","24","0","6","3","3","5","9","12","0","2","2","5","4","10","9","0","3","6","1","5","6","6","0","5","1","5","3","4","1","0","1","3","0","1","2","2","1","1","0","3","4","2","2","58","13","9","0","5","0","0","1","14","49","8","8","0","1","0","0","1","3","33","8","5","0","0","0","0","0","0","16","3","3","0","0","0","0","0","0"
"s25","voters","119049","175","102","27","5","1","3","0","0","0","0","37","64","111","86","12","32","4","3","0","0","0","0","0","0","0","0","0","0","0","0","0","0","0","0","0","0","0","0","0","0","0","0","0","0","0","0","4","7","1","4","8","12","1","15","15","9","6","9","11","0","1","2","1","1","2","0","0","0","1","2","3","2","12","0","6","6","4","0","1","1","1","5","5","1","1","3","3","0","0","2","0","0","1","0","1","0","2","0","1","0","2","59","7","17","2","9","1","3","0","4","12","4","3","2","1","0","1","0","4","24","2","5","3","0","0","0","0","3","7","1","0","0","0","0","0","1","0"
"s25","voters","119065","126","39","50","10","1","3","3","0","1","0","19","74","52","8","10","3","8","1","0","0","0","0","0","0","0","0","1","0","0","0","0","0","0","0","0","0","0","0","0","0","0","2","0","0","0","0","0","1","3","1","5","10","0","1","3","5","0","5","5","0","0","2","5","5","9","9","0","1","2","3","3","5","6","0","1","1","3","1","0","4","0","1","1","1","2","3","1","0","0","5","2","1","1","5","0","0","3","0","0","0","1","23","10","5","0","0","0","0","0","1","25","14","6","1","0","0","0","0","4","12","4","1","0","2","0","0","0","0","11","2","1","2","1","0","1","0","0"
"s25","voters","119070","365","153","150","22","2","2","0","0","0","0","36","131","234","16","11","4","2","10","17","3","1","0","0","1","0","3","0","0","0","0","0","0","0","0","0","0","0","0","0","0","0","1","1","0","0","0","1","1","1","4","5","29","0","0","0","2","7","19","84","0","0","0","0","1","13","53","0","0","0","0","3","14","66","0","0","0","1","0","2","11","0","3","1","1","1","4","12","0","1","0","0","1","1","6","0","0","0","0","2","7","8","123","22","5","2","1","0","0","0","0","111","23","5","4","2","1","0","0","4","29","6","1","0","0","0","0","0","0","21","4","1","0","0","0","0","0","0"
"s25","voters","119081","1321","644","378","56","9","14","7","0","6","0","207","608","713","399","112","109","41","5","7","2","6","0","0","1","0","0","0","1","0","2","7","1","0","4","0","1","0","0","4","5","0","10","2","1","4","0","21","43","36","40","50","76","3","48","55","59","55","56","102","1","11","22","29","25","43","56","1","11","17","27","24","52","59","1","29","19","26","11","13","15","3","19","23","22","7","12","7","0","4","10","3","7","9","8","3","5","13","10","5","12","3","357","101","81","20","20","1","11","3","50","221","38","53","15","12","1","3","2","33","136","19","22","11","4","2","2","0","11","58","10","13","6","3","1","0","0","1"
"s25","voters","119086","1623","792","449","79","1","5","9","0","5","0","283","713","910","313","161","98","42","14","5","5","0","3","4","0","0","1","0","0","0","4","11","4","0","16","5","9","0","10","8","4","0","20","15","15","0","1","32","52","54","63","52","54","5","62","76","85","91","76","89","0","16","25","62","45","33","42","0","11","31","59","47","32","46","0","17","27","26","27","16","14","5","32","21","29","30","24","15","0","3","10","13","17","5","7","0","9","4","11","7","10","3","538","138","77","19","16","1","1","0","2","293","83","54","12","6","0","0","0","1","194","52","22","10","3","0","0","0","2","76","12","10","1","0","0","0","0","0"
"s25","voters","119089","9","5","2","0","0","0","0","0","0","0","2","3","6","0","2","1","0","0","0","0","0","0","0","0","0","0","0","0","0","0","0","0","0","0","0","0","0","1","0","0","0","0","0","0","0","0","0","0","0","0","0","1","0","0","2","0","1","0","1","0","0","0","0","1","0","0","0","0","0","0","1","0","0","0","0","0","0","0","1","0","0","0","0","1","0","0","0","0","0","0","0","0","0","0","0","0","0","0","0","0","0","5","0","0","0","0","0","0","0","0","2","0","0","0","0","0","0","0","0","2","0","0","0","0","0","0","0","0","0","0","0","0","0","0","0","0","0"
"s25","voters","121000","1066","569","242","41","3","7","9","0","1","0","194","458","608","318","99","112","29","2","8","4","0","0","0","0","0","1","1","1","0","4","6","1","1","5","5","0","3","4","5","4","0","12","3","0","0","3","28","30","35","36","37","46","6","40","55","68","58","59","68","1","8","16","17","30","24","28","0","10","10","19","23","27","29","4","18","19","14","14","11","9","5","20","25","18","18","9","10","1","2","6","11","4","4","2","1","6","3","9","5","4","3","315","93","72","15","15","0","14","3","42","146","31","35","4","5","1","3","0","17","129","17","23","12","5","1","3","2","2","44","11","4","1","0","0","0","0","1"
"s25","voters","121009","851","470","201","34","4","7","6","0","5","0","124","368","483","270","88","69","29","8","8","4","0","0","0","0","0","0","0","0","0","2","0","2","1","0","0","0","0","7","5","0","0","8","4","4","1","0","14","32","21","22","33","58","2","37","53","37","36","47","78","0","5","16","14","16","27","34","1","5","4","11","8","27","33","1","7","14","7","9","7","7","3","15","17","11","11","3","12","0","6","3","4","4","2","5","0","9","7","1","8","5","2","261","72","64","9","10","1","9","3","41","121","23","24","4","4","2","5","3","15","73","17","8","9","4","1","3","1","8","38","9","6","0","0","0","0","0","3"
"s25","voters","121012","219","114","52","0","2","2","1","0","1","0","47","94","125","58","23","20","4","1","0","2","0","0","0","1","0","0","0","0","0","0","2","0","0","0","0","0","0","0","0","0","0","4","0","0","0","0","7","5","3","8","2","14","2","7","14","11","14","14","13","0","1","6","7","3","6","3","0","1","5","3","3","7","7","1","8","3","4","3","3","5","0","6","5","5","2","1","1","0","1","0","0","0","1","0","0","3","0","0","0","0","1","66","19","12","4","4","1","0","1","7","33","7","4","1","1","0","1","0","5","30","5","3","5","2","0","1","0","1","4","0","2","0","0","0","0","0","0"
"s25","voters","121016","1450","772","334","57","10","17","13","0","7","0","240","668","782","296","95","99","36","27","9","6","1","2","1","2","0","6","0","0","0","4","1","2","0","2","2","0","0","1","1","3","1","8","3","3","2","3","20","35","60","40","55","99","6","45","51","73","58","71","156","0","8","16","23","26","45","59","2","8","14","25","25","38","45","1","16","21","31","18","22","19","2","21","28","17","14","12","18","0","4","4","16","15","5","7","1","4","12","11","9","7","9","441","104","101","24","28","8","12","1","53","198","33","33","16","15","2","3","2","32","144","33","26","12","8","1","1","4","11","68","21","10","1","2","0","1","0","1"
"s25","voters","121021","1504","815","315","59","7","13","11","0","16","0","268","660","844","238","63","87","29","16","9","2","1","2","2","1","0","1","0","0","0","4","1","2","0","1","2","1","1","4","4","4","0","6","8","5","1","0","21","58","53","42","57","85","3","35","95","87","54","78","147","0","5","19","30","17","38","52","0","5","14","27","23","32","53","2","9","24","43","18","17","21","1","19","32","29","13","11","29","0","4","4","17","9","8","7","0","6","11","12","2","9","17","520","128","68","24","20","5","8","2","40","191","51","31","7","5","2","8","1","19","186","35","24","8","4","0","2","2","7","75","19","8","1","0","0","0","1","2"
"s25","voters","121024","726","340","222","29","4","6","8","0","4","0","113","320","406","114","39","35","19","6","8","5","1","1","0","0","0","0","0","0","0","1","0","3","0","2","0","0","0","0","0","0","0","5","0","1","0","1","6","23","24","19","22","33","0","12","28","39","35","38","60","2","2","11","12","18","29","33","0","4","2","20","23","24","42","0","4","7","18","10","6","11","0","5","9","7","8","12","16","0","3","6","7","4","6","3","0","5","0","2","5","4","6","169","76","48","9","7","4","3","2","22","116","33","28","9","12","2","3","1","18","56","13","13","5","4","0","4","2","16","27","11","6","2","3","1","1","0","0"
"s25","voters","121025","1631","844","467","64","2","14","16","0","5","1","218","749","882","200","91","51","20","35","18","11","5","1","0","0","0","5","4","1","0","3","1","2","0","3","0","1","1","2","1","3","0","9","3","3","3","1","21","43","61","61","58","103","3","33","56","66","66","86","186","0","9","19","28","30","67","82","1","8","18","28","32","55","90","0","12","16","17","29","16","33","1","7","14","26","19","10","18","0","1","9","6","4","12","11","0","4","6","9","13","11","16","471","157","81","27","23","3","6","7","69","282","58","44","10","11","2","4","5","51","117","27","28","12","11","1","3","2","17","66","18","6","5","1","0","0","1","5"
"s25","voters","121033","909","603","104","29","5","10","3","0","4","1","150","372","537","359","55","102","26","6","1","3","0","0","0","0","0","0","0","0","0","2","0","1","1","1","0","0","0","0","0","0","1","4","2","0","0","0","24","38","27","31","41","68","5","51","69","35","44","55","115","0","6","6","11","10","7","15","0","0","6","10","7","9","17","0","9","15","10","5","9","11","2","19","20","10","13","12","15","0","6","5","8","4","5","1","0","3","2","3","5","2","8","333","85","84","17","17","4","12","5","46","70","11","14","1","1","0","1","2","4","84","21","20","9","4","3","2","1","6","33","7","5","2","4","0","1","0","0"
"s25","voters","121040","1686","1047","247","46","14","21","12","0","6","0","293","683","1003","626","117","175","42","16","5","2","1","2","1","1","0","3","0","1","0","1","5","2","1","3","2","0","0","3","4","3","2","12","3","5","0","5","42","77","40","45","56","111","14","112","117","98","75","101","154","0","14","11","29","19","22","43","0","4","19","13","22","20","31","1","29","30","25","12","12","18","7","43","34","30","17","14","21","0","6","10","7","7","3","9","1","15","8","6","9","4","14","598","164","118","28","44","3","22","2","68","150","28","33","3","6","0","6","4","17","196","32","28","13","9","1","3","0","11","71","13","9","2","1","0","0","0","3"
"s25","voters","122004","166","99","23","5","2","6","1","0","1","0","29","77","89","32","6","14","9","4","0","0","1","0","0","0","0","0","0","0","0","0","1","0","0","1","0","2","0","1","0","0","0","1","1","2","0","0","4","12","7","4","6","6","0","10","18","8","8","6","10","0","0","1","5","4","3","0","0","2","0","2","1","3","2","0","1","3","1","2","6","3","0","3","6","2","1","0","1","0","1","3","1","1","3","0","0","0","2","2","0","1","1","71","13","11","1","1","1","0","0","1","16","0","1","2","3","1","0","0","0","21","2","2","2","1","0","0","0","1","13","1","1","0","0","0","0","0","0"
"s25","voters","122010","43","22","8","3","0","0","0","0","0","0","10","19","24","19","3","7","3","0","0","0","0","0","0","0","0","0","0","0","0","0","1","0","0","0","0","0","0","0","0","0","0","0","0","0","0","0","1","2","2","1","1","1","0","3","4","2","1","3","1","0","0","1","0","1","2","1","0","0","0","2","1","0","0","0","0","0","3","0","1","0","1","2","0","3","0","0","0","0","0","2","0","0","0","0","0","0","0","1","0","0","0","11","4","5","1","0","0","1","0","0","6","2","0","0","0","0","0","0","0","7","2","1","0","0","0","0","0","0","3","0","0","0","0","0","0","0","0"
"s25","voters","122011","782","424","161","18","5","10","9","0","6","0","149","315","467","176","45","64","23","10","6","1","1","3","1","0","0","1","0","0","0","7","0","4","0","4","2","3","0","5","2","5","0","4","3","1","0","1","32","32","24","14","28","32","1","46","59","36","26","39","54","1","5","12","15","11","9","15","1","3","9","10","22","20","28","2","12","18","13","9","6","4","3","33","18","13","9","4","5","0","1","6","6","1","3","3","2","7","5","3","5","3","3","258","72","43","13","8","0","6","2","22","99","23","20","3","3","0","7","0","6","115","13","10","3","4","0","1","1","2","31","7","7","1","0","0","0","0","2"
"s25","voters","122017","1184","671","258","46","2","9","10","0","12","0","176","528","656","194","54","52","16","17","2","0","2","2","0","0","0","6","4","0","0","7","5","9","1","7","0","2","0","2","0","2","1","5","1","1","0","3","28","48","27","33","43","89","4","61","51","42","49","57","136","0","4","15","16","16","27","53","0","3","7","17","20","23","57","2","16","22","17","11","9","14","1","29","12","11","13","7","12","0","4","11","3","1","9","7","2","8","5","3","8","11","7","375","87","84","27","12","5","9","3","69","144","32","26","6","6","0","7","3","34","116","25","15","3","5","0","0","0","12","52","14","6","1","0","0","2","0","4"
"s25","voters","122021","604","303","50","11","3","8","3","0","2","0","224","209","395","136","21","104","13","5","0","1","0","1","1","3","0","1","1","2","0","6","2","9","0","11","1","5","0","7","0","4","0","11","2","5","0","0","34","31","12","6","8","6","10","93","49","16","10","15","13","0","4","9","5","8","3","1","0","4","5","5","2","1","3","3","48","6","10","1","2","4","8","106","18","7","5","2","4","0","3","1","0","2","1","1","1","5","4","5","1","2","1","259","14","16","3","5","0","2","0","4","40","5","2","2","0","0","0","0","1","210","5","5","1","1","0","1","0","1","24","0","3","0","0","0","0","0","0"
"s25","voters","122026","1011","543","118","22","3","9","3","0","4","0","309","400","611","179","25","135","7","17","1","8","1","1","1","2","0","7","1","2","0","16","2","18","0","13","0","12","1","6","0","11","0","8","0","9","0","24","55","27","14","13","13","48","89","97","30","14","20","33","66","1","7","11","6","3","13","25","1","1","4","7","3","12","24","29","45","15","6","6","5","7","62","106","8","7","2","4","7","1","7","5","3","2","3","6","1","3","1","2","3","1","3","428","45","28","4","10","0","3","2","23","69","12","11","5","6","0","3","0","12","284","5","10","2","3","0","0","0","5","32","1","6","0","0","0","1","0","1"
"s25","voters","122033","1731","879","474","56","4","12","17","0","9","1","279","743","988","233","100","68","16","41","16","7","3","2","1","0","0","5","1","0","0","10","6","10","0","6","2","3","2","3","0","3","0","6","5","5","0","2","39","72","52","42","61","91","0","62","112","78","51","75","142","0","9","16","33","30","38","90","2","10","23","20","55","36","112","1","8","38","20","22","12","22","0","31","30","35","21","12","27","0","3","6","15","5","4","12","0","4","14","6","11","9","10","562","141","76","23","9","2","12","1","53","273","72","55","11","8","2","3","3","47","175","50","25","9","6","1","1","2","10","63","21","9","1","2","1","0","0","2"
"s25","voters","122036","1884","813","708","75","6","16","9","0","5","0","252","860","1024","187","89","53","25","40","25","2","3","3","4","3","0","5","2","4","0","7","7","5","0","14","5","4","0","2","4","0","0","13","10","1","2","0","19","21","52","49","62","132","5","38","41","70","67","87","170","2","17","24","38","44","89","136","1","12","20","47","46","80","152","2","13","12","16","23","19","34","2","13","13","21","25","24","35","1","6","4","4","6","13","22","0","9","6","7","7","9","17","420","152","102","33","17","8","6","2","73","357","103","86","27","11","6","15","7","96","125","54","39","12","5","3","1","3","10","61","24","17","1","1","2","0","1","4"
"s25","voters","122039","1004","490","285","35","2","7","12","0","1","0","172","456","548","125","56","51","7","15","8","3","1","3","1","0","2","2","2","1","0","8","4","0","1","4","2","10","2","1","2","1","0","15","6","7","0","1","22","38","25","24","33","55","2","21","55","48","33","42","91","0","10","20","27","19","30","39","0","7","6","22","21","32","52","1","10","15","15","13","15","13","2","17","21","13","9","12","16","1","4","7","4","3","5","7","0","2","8","5","1","6","4","304","73","54","14","8","2","5","1","29","165","39","34","12","3","1","3","3","25","109","24","20","8","5","0","2","0","4","34","13","6","1","1","0","0","0","2"
"s25","voters","122045","464","263","106","18","1","3","5","0","2","0","66","190","274","60","28","15","14","11","0","0","0","4","0","0","0","0","0","0","0","6","2","3","0","2","0","0","0","6","1","0","0","3","4","3","0","1","7","34","11","13","13","14","0","22","45","25","18","28","32","0","4","7","8","8","14","13","0","6","4","5","13","13","11","0","5","3","10","4","5","1","0","9","7","10","4","4","4","0","2","1","3","5","2","2","0","1","8","1","2","2","0","179","42","23","6","2","1","2","2","6","63","23","13","1","1","0","2","0","3","47","11","4","1","1","0","0","1","1","27","0","2","0","0","0","0","0","0"
"s25","voters","122048","1618","593","727","81","3","10","17","0","4","0","183","757","861","175","122","38","34","13","19","7","2","3","1","1","0","4","2","1","0","4","7","6","1","3","2","2","2","14","3","7","1","2","6","2","1","2","22","28","26","23","38","106","1","25","38","44","53","65","122","0","16","28","47","50","81","144","2","17","28","45","43","90","136","0","9","9","9","20","20","24","3","7","9","19","16","15","23","1","5","6","11","11","11","10","1","5","6","13","5","16","14","310","99","77","22","5","4","8","3","65","377","109","94","26","15","5","7","6","88","102","29","18","10","4","1","4","0","15","64","24","15","4","3","1","1","0","3"
"s25","voters","123005","750","366","225","31","3","8","3","0","1","0","113","317","433","193","75","54","19","2","3","3","1","2","0","0","0","0","1","0","0","2","0","1","0","1","2","1","0","2","3","1","0","7","0","3","0","2","7","21","13","14","25","56","2","30","37","24","22","38","75","1","5","15","13","19","31","30","0","3","5","16","20","30","37","2","10","6","9","5","6","9","2","17","10","12","11","5","9","0","0","2","6","4","4","2","2","2","1","6","4","6","7","198","74","32","19","12","1","4","3","23","134","25","33","7","9","1","3","2","11","76","13","10","5","3","2","1","0","3","31","3","6","1","0","0","0","2","3"
"s25","voters","123010","1003","431","359","31","2","9","8","0","6","0","157","456","547","131","77","52","11","6","10","5","1","2","0","0","0","1","0","0","0","2","2","1","0","1","1","1","0","0","0","1","0","3","10","0","1","2","10","19","27","33","28","60","2","18","39","45","29","40","79","0","6","12","22","22","41","69","2","7","10","17","36","41","74","2","7","14","14","10","14","18","1","14","13","12","13","13","12","0","2","5","7","3","1","8","0","2","9","4","3","5","7","231","77","58","16","8","2","2","3","34","195","45","44","5","10","2","6","5","47","87","19","26","8","5","0","1","1","10","30","15","7","0","1","0","0","1","2"
"s25","voters","123014","1715","877","463","64","8","10","17","0","5","0","271","749","966","544","157","170","46","4","17","1","2","0","0","0","0","0","0","1","0","0","1","1","0","5","0","1","0","9","5","5","1","9","8","1","0","2","34","55","51","42","81","77","9","79","104","75","69","82","117","1","21","27","41","34","44","55","4","11","21","34","38","60","72","3","23","27","24","20","19","12","5","29","25","30","21","16","17","0","8","13","10","7","9","9","1","11","6","5","11","4","10","458","163","109","39","30","8","17","5","48","274","52","51","18","15","2","6","7","38","161","39","24","19","11","2","4","1","10","67","25","6","4","1","0","0","1","0"
"s25","voters","123015","1365","632","424","64","7","7","7","0","4","0","220","584","781","338","116","110","32","7","17","5","1","5","1","2","0","1","1","1","0","1","2","0","0","2","0","1","0","3","1","4","0","2","1","1","0","1","23","29","37","29","51","59","5","42","52","58","50","73","123","2","10","19","38","24","44","74","0","3","22","39","26","46","77","1","18","14","21","14","23","15","3","18","22","29","15","13","14","1","5","8","8","7","3","6","0","10","9","6","7","8","11","388","84","64","12","18","6","3","8","49","221","63","57","9","13","5","6","3","47","133","25","26","13","9","1","1","2","10","50","22","8","4","1","0","1","1","2"
"s25","voters","123021","924","432","283","42","2","10","11","0","4","0","140","415","509","149","57","54","12","19","9","1","2","2","0","0","0","2","0","0","0","0","2","1","0","3","1","2","0","2","0","1","0","2","3","2","0","1","8","21","31","33","27","47","3","19","43","46","48","34","71","1","7","21","18","20","35","44","0","6","10","19","23","34","45","0","11","12","13","10","11","9","2","7","14","15","9","17","10","0","2","3","9","9","6","6","0","4","3","10","7","5","5","241","84","46","16","12","3","5","2","23","164","37","28","16","6","0","2","3","27","90","20","12","9","2","2","0","0","5","39","15","8","2","1","0","1","0","3"
"s25","voters","123025","1358","546","559","41","3","5","13","0","6","1","184","630","728","100","63","22","15","27","30","6","2","3","2","0","0","6","1","1","0","0","1","0","0","8","0","1","0","1","2","1","0","3","6","6","0","0","10","28","32","39","38","77","2","18","27","52","49","49","125","2","16","17","26","41","52","109","1","13","20","31","42","54","135","2","18","8","18","16","15","27","1","9","3","17","19","9","22","1","4","3","2","7","9","13","0","2","7","4","5","4","8","304","76","65","27","14","2","4","2","52","284","93","63","24","11","2","10","1","71","92","24","29","10","4","3","4","2","16","38","19","7","1","1","0","0","0","3"
"s25","voters","123028","1683","767","558","69","10","9","25","0","5","0","240","694","989","337","137","100","35","16","11","7","4","0","1","0","0","1","0","0","1","2","2","3","0","1","1","1","0","6","9","2","3","8","3","3","1","1","24","40","34","36","45","80","4","57","59","67","58","71","191","0","16","23","31","48","50","92","1","7","27","43","37","66","117","0","10","14","27","23","18","20","2","18","12","20","23","20","33","1","2","7","15","10","15","12","1","8","8","8","7","10","14","435","124","85","28","14","4","16","4","57","294","75","85","19","15","2","13","7","48","135","33","29","19","7","2","4","1","10","69","22","13","2","5","0","0","0","7"
"s25","voters","123036","1408","604","503","56","10","16","15","0","7","0","197","629","779","205","111","62","37","11","19","4","2","0","0","2","0","1","1","1","0","3","0","2","0","1","1","0","0","4","1","1","0","8","4","1","2","2","14","42","40","29","38","60","6","29","44","75","48","66","111","1","9","28","35","44","58","78","0","2","24","35","42","56","91","2","8","21","19","17","15","18","1","12","25","19","13","12","15","1","9","11","15","4","7","4","0","6","6","9","9","8","15","361","104","47","22","13","2","6","2","47","279","74","57","18","12","3","11","5","44","112","27","24","14","8","1","3","0","8","76","11","7","5","2","0","2","0","1"
"s25","voters","123037","2110","952","741","88","7","25","19","0","7","0","271","927","1183","372","153","90","49","17","22","9","3","1","2","1","0","6","2","2","0","0","0","1","2","4","1","1","0","2","4","0","0","9","3","4","3","3","24","55","56","62","48","114","9","57","72","94","74","93","191","4","14","30","54","51","81","115","1","12","29","45","55","88","162","5","10","20","29","32","17","27","4","14","15","24","23","23","28","1","12","8","17","13","10","15","1","11","9","15","9","11","14","525","147","114","28","24","3","20","6","85","392","107","105","31","19","2","6","5","74","173","26","30","8","9","1","3","4","17","95","22","19","5","2","1","1","1","0"
"s25","voters","123041","355","152","133","18","0","4","7","0","1","0","40","166","189","43","22","10","2","5","1","0","0","0","0","0","0","1","0","0","0","1","1","1","0","0","0","0","0","0","0","0","0","1","3","1","2","1","1","6","10","12","11","23","2","8","10","8","19","18","23","0","0","6","7","5","19","25","0","2","4","6","7","23","29","0","1","4","5","1","8","4","0","1","1","5","1","5","4","0","0","4","2","3","3","5","0","1","2","1","2","3","4","91","20","21","8","2","1","0","1","8","72","17","20","9","1","0","2","1","11","21","10","5","1","0","0","1","0","2","19","4","4","0","0","0","0","2","1"
"s25","voters","124003","543","163","258","29","0","2","6","0","4","1","80","260","283","71","48","26","12","2","13","1","4","0","0","0","0","0","0","4","0","3","4","2","1","0","2","2","0","1","3","4","1","1","0","2","1","0","6","11","9","9","8","24","0","11","17","11","11","13","33","0","14","9","9","19","28","46","1","9","3","12","15","27","66","1","7","7","9","2","5","9","2","4","5","4","6","4","15","0","0","6","3","6","5","8","0","1","2","1","2","3","5","84","31","23","3","5","1","3","0","13","138","38","31","13","6","1","3","2","26","45","10","9","8","3","1","0","1","3","26","8","3","1","2","0","1","0","1"
"s25","voters","124010","1335","475","608","42","3","9","12","0","5","1","180","577","758","188","90","63","12","10","18","2","3","1","3","0","0","4","3","1","0","4","5","1","2","5","0","5","0","1","6","0","0","5","7","2","3","2","11","13","21","24","20","74","3","26","31","21","30","54","145","3","18","22","37","39","70","108","1","12","15","29","43","76","135","0","11","13","7","13","17","28","1","8","12","12","16","20","22","0","3","1","2","1","4","15","1","5","7","12","3","7","11","253","75","64","13","11","5","3","4","47","331","82","79","19","14","4","12","6","61","108","24","24","9","3","1","3","0","8","45","17","6","1","1","1","0","0","1"
"s25","voters","124016","2127","680","1073","79","2","15","14","0","3","0","261","988","1139","133","140","46","17","29","35","9","5","3","0","3","0","6","3","0","0","7","15","6","1","13","8","13","0","3","1","0","1","12","5","4","0","2","15","23","23","34","46","134","3","23","35","42","46","66","188","3","35","25","31","60","130","222","3","30","36","44","86","117","251","2","17","14","20","19","32","45","0","16","17","13","16","13","37","0","4","6","11","7","16","12","0","9","3","6","9","11","19","345","122","87","22","11","1","6","4","82","561","159","106","24","18","5","11","12","177","140","39","29","18","6","3","1","0","25","79","19","5","3","1","2","2","0","2"
"s25","voters","124019","1255","458","552","55","0","5","8","0","1","0","176","581","674","85","49","30","3","19","17","3","1","7","2","1","0","5","0","0","0","2","7","6","1","10","3","6","3","3","0","2","0","4","2","3","1","2","12","10","21","24","28","85","3","16","25","29","34","46","123","3","12","14","17","23","56","138","2","7","13","27","33","67","140","1","3","12","9","16","23","32","2","7","8","10","12","10","31","0","2","5","5","2","12","14","0","1","2","2","5","9","10","259","74","48","11","9","0","0","4","53","295","76","65","21","19","2","8","1","65","90","31","18","13","5","0","4","2","13","45","14","6","2","1","0","0","0","1"
"s25","voters","124026","780","310","313","26","4","13","8","0","1","0","105","349","431","92","45","24","3","13","10","3","2","2","4","1","0","7","3","0","0","4","5","5","1","7","0","0","0","4","8","1","1","1","0","1","0","1","11","6","16","17","24","42","2","16","14","26","28","32","75","1","7","9","20","15","42","51","4","4","10","13","23","46","68","0","4","5","11","12","8","19","0","6","5","7","7","9","12","0","3","2","6","5","5","7","1","4","3","3","6","1","6","162","55","34","8","3","2","3","0","43","158","42","48","11","5","3","3","2","41","54","21","11","4","4","1","1","1","8","25","11","7","1","2","0","1","0","5"
"s25","voters","124028","1104","370","490","52","3","12","7","0","3","0","167","543","561","75","86","24","15","8","19","8","3","1","4","4","1","2","4","0","1","5","7","4","1","11","2","8","1","2","2","1","0","6","2","3","0","1","14","13","19","23","26","50","0","14","26","31","35","48","70","2","32","18","22","46","63","76","2","13","11","23","43","69","70","1","11","7","14","10","22","33","0","11","10","9","11","17","11","0","5","6","7","9","3","10","0","6","1","3","8","10","9","208","63","39","9","5","0","7","3","36","279","68","53","13","20","1","5","1","50","98","26","21","7","2","2","1","0","10","39","13","17","3","0","0","0","1","4"
"s25","voters","124034","1266","531","457","39","6","13","7","0","7","0","206","562","704","156","95","49","16","13","9","8","1","2","4","2","0","3","0","0","1","8","3","4","1","7","3","0","0","4","7","3","2","7","7","3","0","1","16","30","38","36","37","41","3","34","52","49","65","57","72","2","20","16","37","51","51","46","0","18","21","32","62","51","50","1","16","19","17","24","16","10","1","12","10","27","21","18","14","0","3","10","11","4","6","3","1","5","8","7","8","3","3","306","83","66","20","15","3","3","1","34","255","59","52","13","6","1","9","2","60","117","27","23","18","5","0","2","2","12","46","13","9","1","2","1","0","0","0"
"s25","voters","124035","1979","724","850","98","4","17","18","0","2","0","266","879","1100","218","165","70","32","15","23","3","5","15","6","2","0","0","1","2","0","3","17","6","4","11","3","6","3","8","10","2","0","8","14","10","1","3","36","24","32","52","56","74","1","51","47","69","83","80","116","5","39","39","57","84","101","81","4","30","28","68","106","107","101","2","20","13","20","30","20","17","6","13","21","28","26","32","18","1","9","10","8","12","19","15","1","13","5","11","16","11","8","392","123","104","15","18","3","6","3","60","492","116","97","35","17","4","6","6","77","136","47","38","12","9","1","2","2","19","86","28","14","1","3","1","0","0","6"
"s25","voters","124039","2631","1028","1116","139","2","19","21","0","3","0","303","1234","1397","330","243","71","46","26","27","7","6","10","13","3","1","4","4","2","0","11","6","1","2","9","4","2","0","8","3","3","0","19","9","6","1","0","37","39","59","58","85","132","4","50","82","89","115","125","153","6","54","44","74","120","136","135","1","30","33","84","129","140","130","4","22","20","27","26","34","34","3","17","21","21","26","23","25","1","12","10","17","21","16","11","2","15","9","18","16","23","13","550","176","139","32","21","7","11","4","88","599","166","139","27","22","4","18","13","128","181","31","33","13","13","3","5","3","21","124","34","12","6","2","0","0","0","6"
"s25","voters","124048","1471","595","574","57","1","6","9","0","6","0","223","679","792","195","139","42","20","5","29","2","4","4","2","4","0","5","4","1","0","6","9","14","1","24","11","17","1","13","5","9","1","9","10","7","2","4","25","28","46","41","54","49","4","47","38","60","71","55","73","5","34","21","50","78","49","48","3","21","29","67","73","57","39","4","13","13","20","28","16","13","2","16","13","27","29","21","8","0","5","3","9","15","4","4","0","10","3","7","12","2","5","356","95","67","15","19","3","5","7","28","360","83","52","14","15","5","12","3","30","127","34","31","8","4","2","1","3","13","50","9","10","5","0","0","2","1","2"
"s25","voters","124053","1704","629","686","74","6","11","16","0","3","0","279","818","886","190","147","74","29","24","9","8","1","1","2","2","0","1","2","1","0","5","4","11","0","15","1","10","3","2","12","8","1","6","10","4","1","3","37","29","33","50","45","69","5","40","28","56","81","67","86","5","33","25","58","75","79","83","2","22","28","60","81","58","77","5","20","17","25","35","26","17","4","24","15","35","22","16","18","0","8","7","9","6","10","9","5","9","9","8","12","11","7","351","111","80","15","13","3","3","4","49","389","108","92","22","12","0","12","5","46","149","41","43","14","3","2","4","2","21","66","26","11","2","0","1","2","0","2"
"s25","voters","125000","1668","799","514","73","6","13","14","0","5","1","243","703","965","358","153","101","34","13","15","5","1","4","3","3","0","0","1","2","0","3","1","1","0","3","1","4","0","8","2","0","1","8","3","2","1","4","25","49","29","38","60","95","3","46","65","49","51","74","211","0","12","21","26","39","54","80","0","8","30","28","34","57","125","2","18","31","18","12","16","22","3","20","20","18","20","14","29","1","4","10","9","8","12","8","0","6","7","8","4","9","26","451","135","95","33","26","3","10","1","45","289","80","57","17","16","4","10","3","38","150","31","23","14","9","1","2","1","12","74","16","14","4","1","0","0","0","3"
"s25","voters","125010","1014","515","269","50","5","9","8","0","2","0","156","419","595","341","89","89","31","6","11","2","0","0","0","0","0","2","0","0","0","3","2","2","0","2","0","3","0","0","2","0","0","4","0","2","2","4","34","32","17","20","38","47","8","54","60","40","47","51","63","1","3","20","27","16","27","37","0","7","13","19","21","21","57","1","11","11","9","11","7","11","4","14","17","18","11","16","15","0","5","6","6","3","10","5","1","5","7","7","7","7","5","294","78","53","33","13","3","5","9","27","154","36","30","11","4","1","3","4","26","99","24","16","5","2","2","0","2","6","48","14","6","2","1","2","0","0","1"
"s25","voters","125019","730","369","192","28","4","2","5","0","4","0","126","319","411","233","70","66","14","3","7","2","0","1","2","1","0","1","1","0","0","0","0","0","0","5","0","0","0","3","2","2","0","6","6","3","1","0","14","27","21","17","23","41","7","28","36","32","36","33","54","0","6","10","11","19","19","22","0","2","7","13","20","27","36","1","10","9","14","11","6","10","1","18","12","12","5","5","12","0","4","2","8","5","2","7","0","1","4","1","3","6","0","224","58","42","9","9","1","5","4","17","105","30","27","6","2","2","5","2","13","85","16","11","4","3","0","2","0","5","25","10","4","1","1","0","0","0","2"
"s25","voters","125023","1508","702","470","56","6","10","12","0","12","1","239","669","839","345","130","92","30","11","13","3","1","0","0","1","0","0","0","0","0","0","0","1","0","0","0","3","0","1","5","1","0","7","4","2","0","2","23","38","45","34","52","92","6","50","59","46","51","73","131","0","11","30","31","32","53","76","1","12","19","32","27","43","103","2","17","18","18","11","20","23","4","24","19","21","19","18","25","0","2","5","8","8","7","11","0","4","11","5","8","13","15","370","116","84","32","28","4","7","2","59","265","72","54","11","8","1","10","4","45","141","27","29","15","6","1","3","2","15","56","18","17","0","0","0","1","2","3"
"s25","voters","125024","671","345","176","25","5","7","5","0","0","0","108","297","374","182","47","55","19","4","2","0","0","1","0","1","0","0","1","0","0","0","0","0","0","0","0","0","0","0","0","0","0","3","2","0","0","1","12","22","24","25","22","34","1","32","39","22","36","23","52","0","7","11","10","14","19","29","0","5","11","13","10","18","29","2","8","8","10","6","7","5","2","8","9","14","6","11","12","0","2","6","4","6","2","1","1","3","4","2","3","4","4","221","55","34","5","5","1","2","4","18","95","25","20","2","5","0","5","0","24","64","14","11","4","4","0","3","0","8","25","9","3","2","3","0","0","0","0"
"s25","voters","125027","1180","506","393","32","5","10","10","0","7","0","217","549","631","202","96","62","17","12","10","4","0","3","5","1","0","0","1","1","1","2","2","1","0","8","6","9","0","7","10","9","2","13","7","8","0","4","21","30","28","31","36","59","2","40","48","37","54","45","71","0","18","9","33","35","35","65","1","6","15","36","34","43","63","5","14","15","23","19","20","18","2","8","14","27","18","18","16","0","5","3","5","8","7","3","1","5","2","4","4","10","7","295","80","67","19","14","1","6","1","23","205","68","44","14","16","2","4","0","40","119","25","32","17","9","0","2","1","12","43","16","4","0","0","0","0","1","0"
"s25","voters","125037","874","406","300","36","0","7","5","0","3","0","117","370","504","179","75","48","14","3","8","4","4","1","1","1","0","1","1","0","0","0","3","0","0","2","2","0","0","2","0","2","0","9","2","0","0","0","11","26","13","15","27","63","0","18","33","21","34","44","101","0","9","9","23","19","32","46","0","1","9","19","16","41","76","1","7","7","7","12","11","12","2","3","9","6","10","12","18","0","3","0","4","3","2","8","0","2","6","7","3","3","10","215","62","60","13","11","1","4","5","35","156","52","36","12","9","1","2","2","30","62","10","23","4","6","1","1","1","9","27","13","10","1","0","0","0","0","0"
"s25","voters","125043","581","273","163","21","4","6","8","0","7","0","99","257","324","130","49","47","12","5","4","3","3","0","0","0","0","4","1","0","0","3","1","2","1","1","1","1","0","0","0","1","0","5","1","0","0","0","7","26","15","8","16","34","4","12","37","26","17","21","50","0","7","8","9","11","15","33","0","5","9","18","12","15","21","1","3","13","10","5","7","7","0","7","12","14","8","3","9","0","0","6","5","4","3","4","0","1","6","9","2","1","5","160","44","37","10","2","1","2","1","16","100","24","21","5","3","0","1","0","9","66","5","10","5","5","2","1","0","5","33","6","5","0","0","0","0","1","1"
"s25","voters","125045","885","476","232","39","1","3","6","0","1","0","127","387","498","289","68","62","20","3","7","1","2","0","0","0","0","0","0","0","0","0","5","1","0","0","2","0","0","1","3","0","1","17","6","9","4","3","20","34","21","17","30","54","5","41","42","42","45","39","83","0","14","7","12","27","21","43","0","4","11","10","17","27","39","0","10","10","10","8","8","11","0","15","9","19","7","8","12","0","1","5","6","5","3","7","1","3","6","6","3","1","3","227","85","74","21","13","2","12","3","39","134","26","27","14","5","0","4","1","21","77","15","16","4","8","1","0","1","5","35","7","2","2","1","1","0","1","1"
"s25","voters","125051","1144","655","242","34","12","9","6","0","5","0","181","470","674","455","138","125","34","3","4","2","0","0","0","0","0","0","0","0","0","4","3","0","0","5","2","2","0","1","2","0","0","19","6","9","1","3","28","26","32","30","53","66","8","59","66","45","48","64","127","2","12","13","22","17","26","24","0","9","13","24","16","30","34","2","12","20","11","12","11","14","4","21","15","19","13","14","13","1","5","6","5","6","8","3","0","2","14","3","4","3","6","339","109","80","18","23","6","21","1","58","137","43","20","11","7","3","2","4","15","106","23","16","13","11","3","1","2","6","50","8","3","1","1","0","0","0","3"
"s25","voters","126002","1162","700","216","37","4","6","7","0","2","0","190","506","656","534","92","131","39","4","3","3","2","0","0","0","0","0","0","1","0","3","3","0","1","5","3","1","0","5","1","1","0","9","3","4","1","1","47","53","30","26","56","67","5","78","84","62","59","54","78","1","12","25","15","13","16","28","0","6","13","13","19","18","37","3","21","16","13","13","13","11","4","30","28","13","5","12","8","0","5","8","5","2","4","2","0","7","6","3","3","6","5","355","120","82","29","36","3","16","6","53","130","25","27","2","10","2","3","3","14","125","22","24","11","2","0","2","1","3","35","13","3","1","3","0","0","1","0"
"s25","voters","126009","1346","744","323","33","7","14","11","0","5","0","209","552","794","467","133","131","31","4","4","0","0","4","2","1","0","1","0","0","0","0","3","4","0","5","3","3","0","10","10","6","2","8","6","4","0","0","29","58","36","32","48","78","2","74","103","60","61","63","100","0","15","18","25","17","30","48","0","11","24","18","18","38","61","1","19","17","15","12","11","15","3","27","26","14","16","16","17","2","2","7","5","3","6","3","1","7","13","6","6","3","6","382","116","102","42","47","3","12","6","34","188","45","43","7","8","3","3","2","24","136","19","23","9","7","1","4","0","10","48","16","1","1","1","0","0","0","3"
"s25","voters","126014","1465","822","325","47","10","12","6","0","6","0","237","659","806","536","124","135","36","3","7","1","2","2","1","4","0","1","1","0","1","3","1","4","0","4","0","0","0","7","18","7","3","16","10","8","2","6","44","56","40","39","66","89","7","72","98","64","53","70","118","3","18","19","24","32","26","47","0","12","10","27","23","27","57","1","28","20","22","11","16","14","3","34","15","22","20","15","16","0","7","8","3","11","2","7","0","11","10","5","4","6","7","437","139","101","39","37","5","7","6","51","190","38","38","7","11","0","4","2","35","162","29","22","7","2","1","3","1","10","53","15","8","0","2","1","0","0","2"
"s25","voters","126024","342","135","153","21","0","3","0","0","0","0","30","134","208","43","27","12","5","1","5","1","1","7","2","4","0","1","0","0","0","0","0","1","0","0","0","0","0","0","3","0","0","2","1","1","0","0","0","0","1","1","9","38","0","1","4","0","1","19","61","0","0","0","3","1","5","54","0","0","0","0","3","20","67","0","0","0","0","2","2","11","0","0","0","0","1","3","11","0","0","0","0","0","3","4","0","0","0","0","2","2","13","78","33","9","3","2","0","0","1","9","93","11","23","5","5","1","7","0","8","14","6","6","0","0","2","0","1","1","13","6","3","0","0","0","1","0","1"
"s25","voters","126026","549","277","146","18","1","5","4","0","1","0","97","235","314","171","34","61","10","1","1","1","1","0","0","0","0","1","2","1","0","0","0","2","0","0","0","0","0","1","0","1","0","4","4","0","1","4","12","15","11","20","23","24","4","29","34","19","22","25","35","0","5","4","9","15","14","23","0","3","4","14","11","19","25","1","11","10","6","3","11","3","3","11","10","10","4","7","7","0","1","2","0","2","3","3","0","4","4","3","1","3","3","160","47","36","12","10","0","1","1","10","84","18","22","6","6","1","1","0","8","59","13","12","4","3","0","1","1","4","17","8","1","2","1","0","0","0","0"
"s25","voters","126030","1595","805","442","56","4","24","14","0","4","0","246","687","908","449","138","139","42","16","7","5","2","1","0","0","0","1","1","0","1","1","2","0","0","3","0","1","0","11","6","2","0","6","11","4","0","2","34","54","33","40","53","86","4","67","96","69","68","78","121","3","13","26","33","39","41","70","1","7","15","30","40","40","84","2","20","26","16","13","15","19","2","27","29","18","13","23","23","0","4","9","5","9","10","12","0","7","5","11","6","12","12","462","115","101","33","26","3","7","2","56","264","47","55","16","10","4","8","3","35","161","26","25","15","6","0","4","1","8","63","21","11","1","1","1","0","0","4"
"s25","voters","126034","320","176","67","10","5","3","4","0","1","0","54","133","187","106","27","31","10","0","2","0","0","0","0","0","1","0","0","0","0","1","0","1","1","0","0","0","0","3","1","0","0","2","0","1","0","1","12","9","7","8","15","9","2","24","24","17","17","14","17","1","4","7","9","3","8","7","0","2","4","4","3","8","7","1","1","4","3","6","2","4","1","9","9","5","4","3","2","0","2","1","3","2","1","3","0","2","3","2","3","0","1","120","24","11","8","3","0","0","1","9","37","9","11","2","2","0","1","1","4","39","2","5","5","2","0","0","0","1","16","5","0","0","0","0","0","0","2"
"s25","voters","126039","1297","601","432","43","8","9","10","0","6","0","188","582","715","344","120","107","33","8","13","3","7","1","0","1","0","0","2","0","0","2","7","1","3","6","2","2","1","10","13","7","1","10","2","5","1","0","15","39","24","32","53","77","3","53","54","50","48","73","80","4","9","25","27","37","56","68","0","6","24","30","27","47","72","6","16","16","11","8","17","10","2","12","13","19","20","20","18","0","8","3","4","4","6","7","1","9","11","8","5","4","6","306","95","91","33","25","1","8","2","40","232","64","60","11","12","2","5","2","44","115","23","19","13","4","3","2","0","9","42","16","8","3","2","0","1","0","4"
"s25","voters","127002","1550","691","516","53","4","18","13","0","2","0","253","702","848","442","161","140","30","9","10","2","0","2","3","0","0","1","1","2","0","1","6","1","0","3","0","3","1","7","5","1","1","8","9","4","1","6","32","39","38","37","41","75","8","57","81","69","60","62","86","0","11","28","33","38","63","87","0","14","19","33","42","68","80","1","23","23","23","13","17","25","4","29","21","21","13","20","20","1","4","6","9","10","9","10","0","7","7","6","7","7","7","376","112","101","24","26","3","9","0","40","280","74","59","18","21","5","4","3","52","139","36","26","11","12","2","5","1","21","52","17","12","1","3","2","0","0","3"
"s25","voters","127005","1688","879","431","59","9","16","11","0","6","0","277","724","964","617","147","177","55","11","5","0","1","2","0","0","0","0","0","0","0","2","6","0","1","3","2","1","2","6","16","2","1","7","3","3","1","4","39","62","41","46","63","80","11","107","111","67","55","81","112","0","13","30","31","33","39","70","0","16","24","29","33","40","73","3","25","23","21","21","16","16","3","35","28","23","17","24","22","0","6","6","12","6","11","7","1","15","9","9","5","5","9","466","164","103","34","35","3","9","8","57","243","68","58","12","8","2","6","5","29","184","30","28","12","8","2","1","0","12","69","13","13","2","3","0","1","0","0"
"s25","voters","127015","408","233","81","15","2","4","3","0","1","0","69","174","234","181","49","50","17","0","0","0","0","0","1","0","0","0","0","0","0","0","4","0","1","2","2","2","0","2","0","1","0","2","0","3","0","2","16","14","7","8","17","25","1","34","30","16","20","21","22","0","2","8","6","5","8","14","1","4","3","9","4","6","11","1","11","1","6","3","4","2","3","9","9","5","4","6","5","0","3","3","1","2","3","2","0","6","2","1","0","2","0","145","26","28","6","7","1","3","1","16","52","13","10","3","2","0","0","0","1","48","5","10","1","1","0","1","0","3","12","7","3","1","1","1","0","0","0"
"s25","voters","127022","1503","660","506","72","6","11","14","0","10","2","222","661","842","358","125","87","43","6","17","3","1","2","0","0","0","1","1","0","1","1","3","3","1","4","5","2","0","3","9","4","0","9","9","2","1","1","17","36","27","31","54","87","4","52","60","43","49","84","115","0","11","15","40","38","54","87","2","9","18","33","40","63","96","1","17","13","16","18","15","22","2","22","10","19","16","21","30","0","10","7","11","10","10","13","1","9","8","4","5","8","19","377","102","84","19","18","2","5","2","51","264","80","63","19","13","1","7","4","55","135","31","25","11","4","1","1","1","13","70","22","9","5","1","0","1","4","3"
"s25","voters","127024","1370","731","321","56","13","7","10","0","6","0","226","594","776","531","121","148","50","4","5","1","0","1","0","2","0","2","1","0","0","1","2","3","0","2","1","2","1","2","6","2","1","16","7","9","1","7","41","42","28","35","59","65","8","75","100","55","64","63","89","0","8","27","29","20","24","47","2","7","14","24","17","36","66","5","28","18","15","9","14","22","7","27","23","19","15","12","12","1","8","5","10","10","11","6","2","10","7","7","7","4","4","389","116","95","39","22","4","13","0","53","161","48","43","6","14","2","6","3","38","143","20","30","14","14","0","0","0","5","54","17","8","2","5","1","3","0","2"
"s25","voters","127028","500","249","122","21","2","7","10","0","0","0","89","234","266","136","46","52","16","3","4","2","0","1","1","3","0","1","1","0","0","0","4","2","0","3","0","1","0","2","3","0","1","9","5","2","3","2","17","13","19","17","20","23","3","20","22","27","16","23","27","0","6","3","11","12","13","14","1","2","2","6","14","19","19","2","6","10","7","5","5","7","1","11","8","9","8","1","9","0","3","3","4","5","2","5","0","5","3","3","3","2","2","147","45","28","12","4","1","3","0","9","72","10","22","2","4","2","2","0","8","59","11","5","6","2","0","2","0","4","26","7","3","1","1","0","0","1","1"
"s25","voters","127036","1065","519","270","55","3","12","12","0","2","1","191","470","595","213","70","67","18","8","6","3","1","1","3","3","1","1","2","0","0","6","4","6","1","8","2","8","3","8","7","7","1","13","9","7","0","3","17","38","15","31","42","57","2","32","57","36","41","61","87","1","4","8","18","26","29","37","0","7","12","22","21","35","50","2","14","19","19","13","13","20","1","9","17","20","18","16","10","0","2","9","8","7","9","9","1","5","6","8","1","8","12","317","94","56","11","21","1","2","0","17","153","39","41","5","5","2","1","2","22","116","16","29","11","2","1","6","1","9","60","14","9","0","0","0","0","1","1"
"s25","voters","127040","1320","578","396","65","3","12","16","0","5","0","245","564","756","211","102","95","25","5","13","4","1","1","1","2","0","1","1","3","0","4","3","4","0","8","2","2","0","15","10","5","2","6","3","2","0","4","21","34","29","37","37","62","1","23","68","59","49","41","113","0","8","17","17","28","44","66","4","5","19","22","37","42","87","1","13","19","16","17","20","24","1","29","23","15","21","17","29","0","3","6","6","8","13","14","0","5","7","6","5","14","14","354","94","60","16","19","2","5","2","26","241","59","46","14","7","0","3","2","24","154","27","32","13","5","2","1","0","11","66","14","16","2","1","0","0","0","2"
"s25","voters","129001","126","49","44","7","3","1","0","0","1","0","21","55","71","15","10","6","6","0","1","0","0","0","0","0","0","0","1","0","0","1","0","1","0","0","0","0","0","0","0","0","0","0","0","0","0","1","1","4","1","3","5","4","0","2","2","4","5","3","14","0","0","1","1","3","7","6","0","0","1","4","5","6","10","0","1","0","0","2","1","3","1","0","1","4","2","3","3","0","1","1","1","3","1","4","0","0","0","0","0","0","1","25","7","7","1","0","0","0","0","9","20","6","12","0","1","0","0","0","5","11","2","1","1","1","2","0","0","3","7","3","0","0","0","0","0","1","1"
"s25","voters","131000","48","15","23","0","0","2","1","0","0","0","7","26","22","9","4","3","0","0","1","0","0","0","0","0","0","0","0","0","0","0","0","0","0","0","0","0","0","0","0","0","0","0","0","0","0","0","0","1","0","1","2","2","0","3","3","0","0","1","2","0","1","3","1","0","1","9","0","0","2","1","1","2","2","1","0","0","1","0","1","0","0","0","1","1","1","1","0","0","0","0","0","0","1","1","0","1","0","0","0","0","0","5","7","1","0","0","0","0","0","2","13","4","2","2","0","0","1","0","1","5","0","1","1","0","0","0","0","0","3","0","0","0","0","0","0","0","0"
"s25","voters","131008","1233","774","181","38","3","12","13","0","4","0","208","514","719","537","100","149","45","6","2","1","0","0","2","0","0","0","1","0","0","1","0","2","0","7","0","1","2","1","0","1","0","15","6","3","1","3","39","55","31","41","67","69","16","80","84","71","62","70","86","0","5","12","19","11","19","23","1","2","8","16","12","23","30","0","20","20","14","11","13","10","7","29","24","21","14","13","12","0","3","7","7","7","2","6","0","13","6","4","6","7","2","403","140","81","24","34","6","27","7","52","104","30","24","2","6","1","3","0","11","132","32","17","11","9","0","2","0","5","48","14","3","2","1","0","0","0","2"
"s25","voters","131016","856","511","157","17","2","11","8","0","6","0","144","353","503","353","81","104","19","1","1","1","0","1","0","2","0","0","1","0","1","0","0","0","0","0","0","1","0","3","2","0","1","7","1","3","0","4","18","33","25","19","40","55","2","41","64","46","44","51","69","1","6","11","7","6","23","24","1","6","6","13","4","21","28","3","13","14","7","4","11","10","1","22","18","13","10","9","9","0","2","4","6","2","3","2","0","6","7","1","5","2","4","285","82","70","14","20","3","10","3","24","94","21","16","4","4","1","3","0","14","95","17","13","10","6","0","1","0","2","35","4","3","0","0","1","1","0","0"
"s25","voters","131018","131","63","40","4","0","0","0","0","1","0","23","61","70","36","17","16","2","0","1","0","0","0","0","0","0","0","0","0","0","0","0","0","0","0","0","0","0","0","0","0","0","3","0","1","0","2","3","3","3","3","1","10","1","9","9","4","1","4","10","2","2","1","1","5","4","9","1","0","1","2","1","4","7","0","1","2","1","2","1","1","1","3","2","3","2","3","1","0","1","0","1","0","0","2","0","1","0","0","0","0","0","36","4","13","3","2","1","0","0","4","22","5","8","0","0","0","0","0","5","17","1","1","2","1","0","0","0","1","5","0","0","0","0","0","0","0","0"
"s25","voters","131021","1306","781","247","38","4","21","7","0","6","0","202","558","748","380","121","111","28","4","2","0","2","0","1","1","0","0","0","0","0","7","1","4","1","6","0","3","0","1","2","0","0","15","11","7","2","4","37","44","33","52","62","71","10","61","83","75","94","82","73","0","8","18","30","35","28","16","1","6","9","31","17","22","26","2","21","16","17","13","10","7","1","26","19","27","16","12","15","0","6","8","6","10","1","3","1","4","2","8","12","11","4","495","125","85","16","26","5","8","5","16","180","29","17","1","9","0","2","1","8","141","24","19","2","5","2","3","1","5","54","10","9","0","0","0","0","1","2"
"s25","voters","132001","1246","759","199","35","9","7","10","0","4","0","223","530","716","412","93","133","32","8","0","0","0","2","0","0","0","0","0","0","0","1","0","0","2","5","0","7","0","5","1","2","2","17","2","3","1","10","36","37","42","52","57","61","9","66","64","62","91","92","80","0","6","14","22","19","28","14","1","5","8","18","22","24","18","1","21","16","12","25","19","7","9","28","18","27","15","16","9","0","1","9","7","3","8","3","0","7","7","6","8","4","2","409","128","82","36","33","2","27","7","35","116","28","20","7","6","1","2","3","16","140","24","24","13","10","2","1","0","9","36","15","6","4","2","0","2","0","0"
"s25","voters","132005","1532","886","292","52","12","18","9","0","5","0","258","684","848","505","186","152","46","1","4","1","0","0","0","0","0","2","0","0","1","3","4","3","1","0","1","0","0","2","1","2","0","12","2","4","0","3","38","52","44","74","73","70","9","72","87","80","109","88","87","2","25","16","34","37","30","20","2","10","15","28","29","23","21","6","36","14","21","30","12","6","5","24","17","29","32","16","10","0","5","10","4","11","7","4","1","14","5","13","13","5","4","473","167","117","28","26","11","30","7","27","170","48","33","11","4","2","4","4","16","162","32","28","11","10","2","5","0","8","69","17","6","2","0","0","1","0","1"
"s25","voters","132012","973","582","179","31","9","5","3","0","1","0","163","426","547","366","105","110","22","0","0","1","0","0","0","0","0","0","1","1","0","3","0","1","0","7","0","4","1","0","2","0","0","22","5","2","0","1","35","34","36","36","52","37","3","48","62","66","58","58","56","0","9","5","37","19","14","15","2","6","5","19","21","14","13","3","18","15","9","14","6","8","2","18","26","16","14","8","6","0","5","6","2","5","3","2","1","5","3","5","5","5","2","331","93","75","24","20","5","17","5","12","117","24","22","7","3","3","1","0","2","102","21","22","6","3","1","3","0","5","35","10","4","0","0","0","0","0","0"
"s25","voters","133001","724","428","129","20","8","5","3","0","4","0","127","300","424","285","73","94","29","4","0","1","0","0","0","0","0","1","2","0","0","1","0","0","0","0","1","0","0","1","0","0","0","4","1","1","0","3","16","35","13","21","47","33","3","34","59","37","44","48","35","0","4","9","14","10","14","11","1","7","8","11","10","18","12","1","10","14","9","8","8","3","5","24","20","8","6","7","4","0","2","7","3","3","1","1","0","7","7","3","3","3","0","218","82","56","16","23","2","11","0","20","86","14","16","4","2","0","2","0","5","82","11","16","6","4","1","3","1","3","33","5","2","0","0","0","0","0","0"
"s25","voters","133006","926","586","165","19","5","4","5","0","3","0","139","404","522","371","85","86","22","5","1","0","0","2","0","0","0","0","0","0","0","0","0","2","0","3","0","1","1","2","2","0","0","0","3","1","0","2","34","31","29","35","46","53","1","59","62","50","45","66","73","0","10","14","12","12","18","26","0","2","8","15","18","19","11","4","16","12","9","5","7","8","3","18","18","12","9","11","7","0","6","2","5","0","7","1","0","5","1","1","0","5","3","317","105","73","17","20","4","15","4","31","93","27","28","1","3","0","1","0","12","89","20","11","13","4","0","0","0","2","19","10","4","2","1","0","0","0","0"
"s25","voters","133012","859","551","119","15","5","4","4","0","3","0","158","329","530","353","74","109","17","4","0","1","0","1","0","1","0","0","0","0","0","0","0","0","1","1","0","1","0","2","0","2","0","5","0","1","0","2","30","40","20","29","41","35","10","61","65","56","46","56","60","1","10","6","12","8","7","12","1","3","7","14","12","12","14","1","10","24","10","7","7","6","4","29","16","13","15","8","8","0","1","3","2","2","1","2","0","7","5","1","3","2","2","333","94","63","8","23","1","8","1","20","74","20","12","1","1","0","3","0","8","95","20","16","16","4","2","1","1","3","23","5","2","1","0","0","0","0","0"
"s25","voters","133016","114","75","16","5","1","0","1","0","0","0","16","52","62","45","8","11","4","2","0","0","0","0","0","0","0","0","0","0","0","0","0","0","0","2","0","1","0","0","0","0","0","1","0","0","0","1","4","5","3","5","7","8","0","6","8","7","8","5","8","0","2","3","3","1","0","1","0","0","0","3","1","0","2","0","1","0","1","0","2","2","0","2","2","1","1","3","1","0","0","0","0","1","0","2","0","1","2","0","0","1","0","45","13","8","2","4","0","1","0","2","9","1","3","2","0","0","0","0","1","14","0","1","0","0","0","0","0","1","6","1","0","0","0","0","0","0","0"
"s25","voters","134001","124","89","13","10","0","0","0","0","1","0","11","45","79","58","7","6","8","0","0","0","0","0","0","0","0","0","0","0","0","0","0","0","0","0","0","0","0","0","0","0","0","0","0","0","0","0","4","3","4","2","4","10","0","9","4","8","4","4","33","0","1","2","1","1","0","2","0","0","1","1","1","0","3","0","1","0","1","2","2","0","0","1","1","0","0","1","2","0","0","1","2","1","0","1","0","0","0","1","2","0","3","43","17","15","4","4","0","0","0","6","10","2","1","0","0","0","0","0","0","5","1","3","1","1","0","0","0","0","6","0","2","1","0","0","1","0","1"
"s25","voters","134011","805","497","129","21","3","5","7","0","6","0","137","340","465","309","76","88","22","5","0","0","0","1","0","0","0","0","0","0","0","4","1","1","0","2","3","0","0","0","2","0","1","2","4","3","0","5","27","34","21","24","37","46","6","57","58","32","42","46","62","0","2","16","9","12","14","16","0","5","6","10","10","12","17","0","8","13","12","8","12","9","2","15","20","8","9","8","13","0","4","5","0","2","2","2","1","6","6","6","2","6","0","258","84","84","13","23","3","8","2","22","71","20","23","3","2","0","2","0","8","89","12","14","11","4","0","1","0","6","26","12","3","1","0","0","0","0","0"
"s25","voters","134014","938","563","160","19","5","9","7","0","2","0","173","370","568","419","92","126","26","3","0","0","0","0","0","0","0","0","0","0","0","1","0","0","0","0","0","0","0","1","0","0","0","2","0","2","0","1","28","38","20","23","41","49","11","78","61","45","54","53","61","1","10","13","16","8","20","18","0","5","10","16","11","18","14","1","14","13","9","7","10","10","4","36","19","14","11","13","12","0","2","6","3","1","6","2","0","3","2","6","1","5","5","311","83","78","19","23","2","14","2","31","103","21","21","1","4","0","4","2","4","107","23","23","6","5","1","0","0","8","25","9","6","0","0","1","0","0","1"
"s25","voters","134018","1366","708","362","43","7","13","15","0","4","0","214","585","781","397","149","107","33","5","6","4","2","0","0","1","1","0","2","0","0","2","1","0","0","3","2","2","1","0","1","0","1","20","13","8","1","0","33","45","31","51","51","56","6","57","62","81","87","73","75","5","8","14","46","41","43","27","2","10","14","44","36","36","36","0","7","19","22","23","10","13","3","16","34","20","19","15","13","2","3","4","8","7","9","7","0","10","6","5","8","8","5","402","144","89","12","21","2","15","2","21","231","51","43","8","12","4","4","0","9","139","34","18","10","7","0","2","2","2","63","13","4","0","1","0","0","0","1"
"s25","voters","158053","309","165","56","9","1","1","1","0","3","1","72","134","175","104","31","59","7","0","0","0","0","0","0","0","0","0","0","0","0","0","0","0","0","1","0","0","0","1","0","0","0","2","4","0","0","0","7","15","4","5","16","23","1","20","20","7","8","14","25","0","1","6","8","1","7","5","0","0","6","2","6","9","5","0","5","8","4","4","5","4","0","11","5","10","8","5","3","0","1","3","1","1","0","0","0","3","0","1","1","2","3","90","28","20","6","6","0","4","1","10","38","12","3","0","0","0","0","0","3","41","4","13","11","1","0","0","0","2","8","5","2","0","0","0","0","0","1"
"s25","voters","158057","290","172","55","5","4","0","1","0","2","0","51","123","167","117","25","42","7","1","0","0","0","0","0","0","0","0","0","0","0","0","0","0","0","0","0","0","0","0","0","0","0","0","0","0","0","0","9","10","9","5","12","19","6","18","21","10","9","17","27","0","5","4","2","3","10","7","0","0","3","4","2","5","10","0","5","5","4","2","4","3","0","4","4","4","8","5","3","0","1","1","1","0","0","2","1","1","2","0","0","3","0","91","30","22","7","4","0","1","0","17","27","7","10","2","1","0","3","0","5","33","4","7","2","3","0","1","0","1","10","1","1","0","0","0","0","0","0"
"s25","voters","158058","330","191","62","6","1","4","2","0","1","0","63","135","195","135","33","51","9","2","1","0","2","0","0","0","0","0","0","0","0","0","0","0","0","0","0","0","0","0","0","0","0","2","1","1","0","5","10","9","3","6","14","20","3","17","24","15","18","20","27","0","5","4","2","6","2","13","0","2","1","4","5","5","13","0","7","12","4","0","4","4","1","7","7","5","3","4","5","0","1","1","1","1","1","0","0","2","2","2","2","1","0","104","28","23","11","8","1","2","0","14","36","6","13","1","1","0","1","0","4","41","6","11","1","2","0","0","0","2","6","4","0","1","1","0","1","0","1"
"s25","voters","158070","257","87","113","13","0","3","3","0","2","0","36","112","145","43","23","16","5","1","2","1","0","0","0","0","0","0","0","0","0","0","1","0","0","0","0","0","0","1","5","2","0","1","1","0","0","0","3","5","3","4","4","21","0","4","7","2","6","6","22","0","0","3","5","3","11","25","0","2","4","4","2","15","39","1","3","4","1","3","1","2","0","4","6","2","0","3","6","0","0","0","1","1","2","6","0","0","2","0","1","4","4","40","11","15","6","6","0","1","0","8","59","21","13","6","5","1","1","0","7","20","4","4","2","4","1","0","1","0","13","5","0","0","0","0","0","0","3"
"s25","voters","158078","142","44","69","7","1","1","0","0","0","0","20","71","71","20","14","7","0","1","0","0","0","0","0","0","0","0","0","0","0","0","0","0","0","0","0","0","0","1","0","0","0","0","2","0","0","0","3","2","2","1","5","8","1","1","3","2","1","4","11","0","1","6","4","4","9","11","0","0","3","6","6","9","10","0","0","2","2","3","2","2","0","2","0","2","3","0","2","0","0","0","0","0","2","2","0","0","1","0","1","0","3","20","10","8","1","3","0","1","0","1","36","11","10","3","0","0","2","0","7","16","2","1","0","0","0","0","0","1","4","0","3","1","1","0","0","0","0"
"s25","voters","158080","212","99","72","9","3","2","2","0","0","0","25","98","114","61","18","12","6","2","3","0","0","0","0","0","0","0","0","0","0","0","0","0","0","0","0","0","0","0","0","1","1","2","0","0","0","0","4","4","8","5","6","17","1","10","8","3","6","8","19","0","4","1","5","5","8","12","0","2","1","6","7","8","13","0","1","1","1","1","2","3","1","1","3","4","3","2","2","0","1","2","2","3","1","1","0","0","1","1","2","1","1","58","12","12","5","3","1","1","0","7","44","11","9","1","1","0","0","1","5","14","1","5","3","1","0","0","0","1","10","6","0","0","0","0","0","0","0"
"s25","voters","201104","973","424","342","36","8","4","7","0","5","0","147","425","548","318","85","90","40","2","17","1","1","0","0","0","0","0","0","1","0","0","1","0","0","0","0","0","0","9","9","0","0","3","9","5","0","1","15","25","15","25","32","38","5","53","53","29","33","39","61","0","9","17","20","28","32","64","1","5","12","15","25","25","89","2","10","10","9","12","14","12","3","12","16","10","13","12","12","0","5","5","6","4","8","7","0","6","3","8","3","3","2","222","85","51","12","16","0","3","2","33","185","52","43","13","3","3","4","0","39","95","13","16","5","9","1","0","1","7","27","14","4","5","5","0","0","1","4"
"s25","voters","201119","811","397","215","39","5","4","3","0","1","0","147","323","488","321","69","115","28","0","6","0","1","0","0","0","0","0","0","0","0","3","1","0","0","0","1","0","0","0","0","0","0","6","6","1","1","1","16","29","14","18","26","31","3","48","57","30","34","37","53","0","11","10","11","11","17","45","3","9","11","7","11","34","35","1","10","9","9","6","15","7","4","22","16","12","16","10","10","0","3","8","4","3","2","6","0","6","3","1","5","4","7","209","71","48","22","24","3","5","1","14","126","31","27","3","4","0","3","1","20","90","20","11","9","3","5","0","1","8","38","4","3","3","0","0","0","0","4"
"s25","voters","201122","277","113","99","15","0","5","1","0","1","0","43","124","153","81","32","20","7","1","3","0","0","0","0","0","0","0","0","0","0","0","2","2","1","1","0","2","0","1","2","0","0","2","3","1","0","1","6","6","8","5","9","9","1","7","8","19","3","13","18","0","2","5","9","9","11","16","0","1","5","6","10","12","13","1","3","2","4","3","1","5","3","2","3","3","1","4","8","0","1","3","1","0","1","3","1","2","3","1","0","1","5","72","22","9","3","2","0","0","0","5","57","17","10","1","4","0","1","0","9","27","8","2","3","0","0","0","0","3","17","3","0","2","0","0","0","0","0"
"s25","voters","201125","1214","573","362","38","8","13","7","0","5","0","208","537","677","418","105","135","33","7","6","7","4","0","0","0","1","0","3","1","0","0","0","1","0","2","1","1","0","0","0","0","0","10","3","2","1","4","19","35","26","28","36","78","2","52","65","51","40","51","86","1","6","12","23","28","36","69","0","5","10","30","24","39","79","3","16","22","17","17","14","18","5","22","20","15","11","15","13","0","4","4","5","2","3","11","0","12","8","2","3","7","10","305","90","78","19","29","0","6","2","44","184","52","55","15","11","1","7","5","32","125","24","27","13","13","0","1","0","5","42","18","5","4","0","1","0","0","1"
"s25","voters","202100","4","0","4","0","0","0","0","0","0","0","0","1","3","0","0","0","0","0","0","0","0","0","0","0","0","0","0","0","0","0","0","0","0","0","0","0","0","0","0","0","0","0","0","0","0","0","0","0","0","0","0","0","0","0","0","0","0","0","0","0","0","0","0","1","0","0","1","0","0","1","0","0","1","0","0","0","0","0","0","0","0","0","0","0","0","0","0","0","0","0","0","0","0","0","0","0","0","0","0","0","0","0","0","0","0","0","0","0","0","0","1","2","1","0","0","0","0","0","0","0","0","0","0","0","0","0","0","0","0","0","0","0","0","0","0","0","0"
"s25","voters","202103","1073","558","306","37","3","10","7","0","5","0","147","477","596","236","83","58","26","9","9","0","1","1","1","1","0","0","0","0","0","4","1","1","0","1","0","0","0","0","0","0","0","4","2","2","0","0","9","10","7","21","57","117","1","9","23","11","27","72","194","0","7","9","10","10","48","60","1","3","7","11","13","40","87","1","4","7","9","10","20","28","1","4","2","5","4","14","38","0","2","3","3","0","9","16","0","1","1","3","6","9","9","408","61","38","16","7","1","8","4","15","225","30","23","7","5","1","3","2","10","105","19","12","6","2","1","0","0","2","51","9","0","1","0","0","0","0","1"
"s25","voters","202111","1410","616","466","65","3","9","9","0","2","0","240","601","809","359","168","135","44","10","5","5","0","4","3","0","0","3","0","0","0","5","10","13","1","7","3","6","0","13","6","6","0","9","16","2","1","4","20","26","32","40","46","62","6","48","60","72","61","63","76","1","16","16","55","47","34","50","3","12","20","58","49","36","69","1","14","23","21","20","10","15","3","21","27","30","23","15","17","0","5","7","12","11","6","7","0","2","11","7","8","3","9","342","128","83","24","21","4","1","2","11","271","71","73","30","10","0","1","1","9","147","29","35","20","3","0","3","1","2","58","15","9","5","1","0","0","0","0"
"s25","voters","202121","2073","717","932","83","4","25","22","0","4","0","286","927","1146","428","254","130","47","9","39","1","2","4","0","2","0","0","1","0","0","7","12","13","1","8","4","4","2","2","5","3","1","14","15","2","2","2","22","33","42","49","43","92","2","51","71","45","71","67","127","3","31","44","49","79","81","164","2","28","46","71","70","97","167","2","20","18","24","25","20","24","2","24","30","17","25","21","34","0","4","9","15","10","9","13","0","9","14","14","20","9","12","403","122","90","14","23","3","10","2","50","491","151","122","44","19","3","8","14","80","145","51","32","31","13","0","3","1","10","85","28","7","7","5","1","2","2","1"
"s25","voters","202124","1159","505","366","46","9","6","12","0","6","0","209","505","654","254","113","82","29","0","12","4","0","1","7","0","0","1","1","0","0","6","17","21","1","11","0","7","2","5","5","4","2","13","11","6","4","3","23","23","18","35","34","49","6","62","54","44","55","45","54","1","10","15","32","41","36","50","0","8","21","23","40","35","54","1","10","14","27","25","14","12","5","21","17","15","23","10","15","0","3","6","8","7","6","2","0","9","7","5","12","8","6","279","76","65","30","14","1","11","2","27","226","59","46","11","8","1","3","2","10","126","26","29","14","7","2","2","3","0","53","13","9","3","1","0","0","0","0"
"s25","voters","203101","144","87","33","5","0","0","1","0","0","0","18","65","79","56","22","13","6","2","0","0","0","0","0","0","0","0","0","1","0","1","0","0","0","0","0","0","0","1","0","0","0","2","1","0","0","1","8","6","3","2","7","5","0","7","12","8","7","13","8","0","3","1","3","3","6","1","0","1","0","3","7","3","2","0","3","2","2","2","2","2","1","1","0","1","0","2","0","0","1","0","0","1","1","0","0","1","0","1","0","1","0","56","11","9","3","2","0","1","1","4","27","2","3","0","1","0","0","0","0","10","2","1","1","2","0","1","0","1","6","0","0","0","0","0","0","0","0"
"s25","voters","203103","227","127","52","5","1","1","1","0","1","0","39","96","131","101","21","25","6","1","0","0","0","0","0","0","0","0","2","0","0","0","0","0","0","0","0","0","0","0","0","0","0","1","0","1","0","1","4","8","1","2","11","21","0","22","11","3","9","11","23","0","5","3","3","1","11","8","0","2","1","4","0","4","10","0","2","1","0","2","6","3","0","7","6","2","3","1","6","0","0","0","0","0","2","1","0","1","1","1","1","1","1","63","24","26","6","2","0","3","0","3","32","7","2","1","3","0","2","1","4","26","3","4","1","2","1","0","0","2","6","2","0","0","0","0","0","0","1"
"s25","voters","203109","984","539","208","40","7","14","7","0","3","0","166","418","566","360","63","106","35","4","5","3","1","0","1","0","0","0","0","0","0","0","2","1","0","2","0","1","0","0","0","1","0","9","3","1","0","4","25","31","14","20","53","69","5","43","63","40","45","48","79","0","6","14","12","13","21","36","1","6","12","16","20","16","35","5","12","11","9","12","9","13","2","16","23","13","6","17","18","0","5","4","6","4","6","4","2","7","5","6","10","3","9","290","92","70","29","23","2","7","3","23","128","33","20","4","11","0","3","0","9","115","16","10","10","7","1","0","0","7","44","14","5","1","3","0","2","0","2"
"s25","voters","203113","1031","510","299","30","5","12","4","0","4","0","167","454","577","324","121","109","34","4","3","0","3","0","0","0","0","0","0","0","0","2","2","1","0","12","5","4","0","1","3","0","0","6","2","1","0","2","31","27","28","28","40","51","6","47","55","33","45","46","71","0","8","11","34","24","36","38","0","7","13","30","18","40","40","2","11","17","12","8","7","12","7","20","22","14","12","11","12","0","2","5","5","6","2","7","0","7","6","5","2","2","6","277","88","66","23","23","3","4","1","25","189","29","37","9","7","2","6","2","18","104","25","11","14","5","1","1","0","6","36","8","7","0","2","1","0","1","0"
"s25","voters","203116","534","287","116","20","4","2","4","0","2","0","99","237","297","160","44","59","16","1","1","2","1","0","0","0","0","0","0","0","0","3","6","0","0","4","1","2","1","0","0","2","0","2","3","3","1","0","10","18","18","18","29","21","3","26","29","31","24","26","34","0","3","7","20","15","10","6","0","3","9","15","13","4","11","1","8","10","6","8","9","4","1","10","14","11","4","6","7","0","0","2","5","3","3","3","1","2","4","4","2","3","0","160","51","51","11","6","0","2","0","6","81","19","11","3","0","0","0","1","1","59","21","7","5","2","1","0","1","3","21","4","6","1","0","0","0","0","0"
"s25","voters","204100","307","119","125","17","2","2","3","0","3","0","36","132","175","82","39","22","10","1","10","0","0","0","0","0","0","2","0","0","0","1","1","0","0","0","0","0","0","0","0","0","0","2","0","0","0","1","6","3","3","4","8","23","0","18","7","6","7","9","24","0","2","8","5","8","10","21","1","5","6","8","5","14","32","1","3","4","3","0","1","2","1","1","6","5","4","3","2","0","1","1","3","2","5","4","0","1","0","1","2","4","3","66","17","16","3","2","0","3","0","12","61","20","17","5","7","2","3","1","9","22","7","0","4","2","1","0","0","0","16","4","5","0","0","0","1","1","0"
"s25","voters","218004","790","211","424","36","0","6","7","0","1","0","105","376","414","72","57","28","17","6","6","3","0","2","1","2","0","0","0","0","0","1","0","1","1","2","2","9","0","0","0","1","0","3","2","1","0","1","7","4","14","8","13","36","1","14","12","15","18","29","39","2","14","15","21","34","58","66","0","10","10","30","39","57","68","3","7","9","5","6","9","20","0","6","6","6","8","12","8","0","2","2","2","5","5","8","0","1","5","4","4","4","8","111","49","23","6","5","1","3","1","12","214","70","52","17","14","1","8","5","43","51","11","14","10","4","2","3","1","9","30","11","3","3","1","1","0","0","1"
"s25","voters","218005","546","166","273","23","1","5","1","0","3","0","74","251","295","77","70","39","6","3","4","2","1","0","0","0","0","0","2","0","0","0","0","0","0","1","0","0","0","0","0","0","0","4","1","1","0","1","5","5","5","6","9","26","0","10","14","15","10","27","33","0","7","13","16","27","25","47","2","8","14","13","23","27","51","3","2","7","11","4","5","9","0","4","7","3","4","7","8","0","0","1","2","2","7","6","0","1","2","0","1","2","9","95","23","22","4","2","0","3","0","17","154","42","34","7","5","1","4","2","24","45","8","12","6","1","0","0","0","2","20","5","3","2","0","0","2","0","1"
"s25","voters","218006","6","3","2","0","0","0","0","0","0","0","1","3","3","3","0","0","0","0","0","0","0","0","0","0","0","0","0","0","0","0","0","0","0","0","0","0","0","0","0","0","0","0","0","0","0","0","0","0","1","0","0","0","0","0","2","0","0","0","0","0","0","0","1","0","0","0","0","0","0","1","0","0","0","0","0","0","0","0","1","0","0","0","0","0","0","0","0","0","0","0","0","0","0","0","0","0","0","0","0","0","0","2","0","1","0","0","0","0","0","0","0","1","0","0","0","0","1","0","0","1","0","0","0","0","0","0","0","0","0","0","0","0","0","0","0","0","0"
"s25","voters","218009","696","146","417","32","1","5","5","0","0","0","90","349","347","52","74","25","10","2","18","3","1","0","0","0","0","0","0","0","0","1","1","2","0","6","3","3","1","1","1","2","0","2","0","0","1","0","5","5","7","6","9","31","0","9","5","8","12","12","37","2","6","14","27","28","43","87","1","6","13","19","32","48","91","0","5","7","9","6","11","15","1","5","3","8","0","8","12","0","2","4","6","4","3","7","0","0","1","0","2","4","10","73","29","22","0","4","0","2","0","16","215","56","49","19","13","2","9","4","50","40","18","10","7","1","1","2","1","10","24","7","5","0","3","1","1","0","2"
"s25","voters","218024","52","22","22","1","0","0","0","0","0","0","7","24","28","11","1","2","0","0","4","0","0","0","0","0","0","0","0","0","0","0","0","0","0","0","0","0","0","0","0","0","0","1","2","1","0","0","1","1","2","2","1","1","1","1","2","1","3","1","5","0","0","0","0","2","1","7","0","0","1","1","3","2","5","0","1","0","0","0","1","3","0","2","0","0","0","0","0","0","0","0","0","0","0","1","0","0","0","0","0","0","0","10","7","3","1","0","0","0","0","1","7","5","3","2","0","0","2","0","3","4","0","0","3","0","0","0","0","0","1","0","0","0","0","0","0","0","0"
"s25","voters","218026","241","53","133","16","1","4","2","0","0","0","32","116","125","18","32","8","6","2","7","0","1","0","0","0","0","0","0","0","0","0","1","0","0","0","0","0","0","0","0","0","0","0","0","0","0","0","2","0","3","6","0","8","0","3","2","1","3","9","16","0","5","4","10","8","17","25","1","5","4","4","14","14","22","0","3","3","1","2","4","5","0","1","0","4","2","5","2","0","0","1","0","2","2","5","1","1","1","0","1","4","5","32","10","5","0","1","0","0","0","5","80","20","15","1","7","0","0","0","10","14","5","5","3","0","0","1","0","4","12","3","4","0","1","0","0","0","3"
"s25","voters","218033","465","102","294","15","2","2","3","0","0","0","47","225","240","28","25","15","0","1","7","0","0","0","1","0","0","0","0","1","0","0","0","1","0","0","0","1","0","0","1","0","0","1","1","0","0","0","2","5","1","3","12","21","0","3","4","5","1","15","30","1","7","11","11","11","29","73","0","6","4","13","16","45","67","1","4","1","4","3","6","10","0","0","4","3","3","3","5","0","0","1","0","2","0","6","0","1","0","1","1","7","3","53","18","14","9","4","0","0","0","4","157","56","37","6","6","4","2","2","24","26","6","2","6","1","1","1","0","4","14","6","1","0","0","0","0","0","1"
"s25","voters","221106","1689","723","572","63","5","21","9","0","6","0","290","767","922","283","185","77","48","5","5","2","0","2","6","4","0","5","4","1","0","17","31","45","2","18","5","14","4","18","18","13","6","34","8","15","5","4","37","42","35","63","46","66","5","59","55","54","118","65","74","6","33","23","52","69","61","42","3","15","19","60","80","51","58","2","13","24","26","43","20","14","5","19","13","35","30","20","26","1","7","2","5","14","10","7","2","8","8","13","16","5","6","436","110","80","27","21","0","12","5","32","328","100","60","20","18","6","8","2","30","174","40","35","15","10","5","4","3","4","71","13","8","5","1","1","2","0","3"
"s25","voters","221109","1173","570","310","43","7","8","10","0","6","0","219","500","673","255","97","67","22","3","3","4","1","0","4","3","0","0","0","0","0","11","7","6","1","9","0","7","1","6","18","7","0","14","8","14","3","3","16","48","26","28","34","41","8","53","74","55","70","55","59","2","11","23","27","46","28","20","0","12","12","30","42","34","23","1","16","17","23","18","18","15","2","15","19","21","24","16","14","0","4","7","9","9","9","1","0","2","8","8","5","6","6","354","94","73","22","9","0","9","1","8","213","42","32","5","5","0","3","0","10","146","27","21","10","7","1","2","2","3","52","7","11","1","2","0","1","0","0"
"s25","voters","222100","595","278","180","20","0","5","2","0","1","0","109","263","332","108","47","33","9","1","2","0","0","1","4","1","0","0","0","0","0","15","17","27","2","8","5","5","0","4","8","2","1","8","2","3","0","1","15","11","14","30","21","17","4","25","17","26","46","21","30","0","4","7","20","27","24","16","0","5","12","18","21","16","10","2","4","1","7","11","15","6","3","6","11","11","13","14","5","0","2","0","2","5","1","0","0","1","2","3","5","4","3","152","50","44","9","12","0","1","0","10","111","24","22","5","6","1","5","3","3","63","16","15","5","1","1","2","0","6","22","5","0","1","0","0","0","0","0"
"s25","voters","222102","482","194","170","17","0","2","2","0","1","0","96","223","259","49","30","19","5","3","9","0","0","0","3","0","0","0","0","0","0","14","19","23","1","7","7","5","1","7","10","5","1","7","8","4","0","2","11","12","11","13","14","18","1","14","19","16","25","16","22","1","7","3","11","27","20","13","0","6","4","8","32","17","21","0","7","7","4","13","8","12","2","7","3","12","8","4","9","0","2","1","1","2","2","1","0","2","0","2","4","2","3","120","31","28","4","8","0","0","0","3","107","34","15","6","2","0","1","0","5","55","19","8","6","6","0","1","1","0","15","5","1","0","1","0","0","0","0"
"s25","voters","222106","1697","656","664","49","2","12","12","0","4","0","298","788","909","245","193","73","15","15","16","7","3","1","9","8","0","1","6","1","0","25","36","47","4","29","14","20","4","7","10","4","2","21","23","12","5","4","33","25","30","72","56","54","3","51","39","55","85","71","78","3","36","9","55","106","70","53","6","27","10","69","93","66","61","3","14","15","24","42","24","21","2","15","12","36","47","19","24","0","4","5","8","11","6","5","0","9","8","4","12","5","2","348","122","93","17","23","7","19","6","21","358","120","82","26","25","6","11","15","21","169","37","35","20","12","3","9","5","8","44","17","12","1","1","0","1","0","3"
"s25","voters","222107","671","207","280","27","1","4","7","0","0","0","145","301","370","55","66","24","10","4","3","0","0","1","3","1","1","2","0","0","0","8","30","31","3","4","2","13","1","5","4","1","1","2","10","7","0","1","7","8","12","15","15","17","0","22","16","18","27","21","28","1","15","7","15","38","22","41","2","5","14","23","40","15","42","3","9","3","10","24","6","13","0","10","6","13","16","10","22","0","4","2","1","1","5","6","0","4","1","3","4","5","3","103","49","29","5","9","0","4","1","7","147","42","48","13","7","3","5","1","14","83","21","15","9","4","1","1","2","9","30","5","4","0","0","0","0","0","0"
"s25","voters","223103","1024","432","362","28","3","10","9","0","1","0","179","472","552","160","108","50","11","7","2","2","0","1","9","3","1","0","0","0","0","9","21","18","1","17","4","12","1","11","5","1","0","16","5","4","1","5","17","24","18","39","42","27","4","42","21","35","58","49","51","2","12","13","37","53","31","36","5","14","17","39","41","30","32","3","20","7","9","22","18","13","4","11","6","17","29","8","12","0","5","1","9","3","4","2","0","3","3","3","8","6","4","238","83","58","8","18","1","4","4","18","201","65","48","13","3","2","6","5","19","105","30","25","6","4","0","2","2","5","31","9","5","2","3","0","0","0","1"
"s25","voters","223106","896","357","344","28","1","8","3","0","3","0","152","381","515","105","98","36","14","1","6","0","0","3","1","3","0","4","1","1","1","20","35","27","1","11","2","6","1","8","11","1","0","11","8","9","3","4","16","10","17","27","25","33","3","34","23","33","46","52","34","2","7","7","36","49","34","23","1","13","20","38","44","35","35","1","3","11","11","18","20","10","3","10","8","14","20","10","13","0","4","2","2","2","3","4","0","4","6","6","4","5","1","187","62","50","12","10","3","6","6","21","180","66","43","12","8","3","9","2","21","80","16","26","10","7","3","3","3","4","22","11","5","0","0","1","0","2","2"
"s25","voters","223110","1259","529","450","55","4","11","11","0","5","0","194","561","698","255","160","80","32","5","10","3","1","0","5","2","1","1","0","0","0","4","16","21","2","9","7","7","1","13","13","10","1","9","8","8","2","2","18","25","22","46","47","46","3","46","42","47","57","66","62","1","35","20","22","51","42","44","3","18","17","40","71","32","54","2","19","10","16","27","10","15","0","18","13","11","26","14","13","0","3","5","8","18","3","4","2","6","5","7","10","8","7","275","97","74","12","13","4","14","9","31","247","73","59","14","12","3","6","4","32","101","35","21","9","9","4","6","2","7","52","16","15","1","1","0","1","0","0"
"s25","voters","223112","323","159","109","6","2","2","1","0","0","0","44","148","175","72","31","10","4","3","3","0","0","0","6","0","0","0","1","0","0","3","10","9","2","7","4","6","1","3","1","0","0","4","2","0","0","0","8","4","4","21","15","10","1","18","11","9","27","12","19","1","6","1","4","22","17","7","1","3","3","6","18","10","10","2","6","1","2","4","4","2","2","4","3","1","8","4","1","0","2","1","0","0","2","2","0","1","0","1","1","1","0","85","30","26","3","3","1","4","0","7","64","19","15","3","1","0","2","2","3","26","7","5","3","3","0","0","0","0","9","2","0","0","0","0","0","0","0"
"s25","voters","224101","611","241","234","12","4","4","3","0","2","0","111","276","335","112","78","33","11","2","5","1","0","3","3","3","0","0","0","0","0","10","15","16","0","7","2","2","1","5","6","7","0","6","5","2","1","1","13","14","9","21","15","19","3","19","23","12","34","28","30","1","13","11","22","27","33","7","1","5","12","24","45","17","16","1","7","9","9","10","8","11","1","10","6","6","16","7","10","0","3","4","0","7","1","0","0","1","3","0","2","2","2","125","38","37","9","11","1","5","3","12","141","33","23","2","12","0","1","1","21","58","15","19","3","8","3","0","1","4","12","10","2","0","1","0","0","0","0"
"s25","voters","224104","1049","465","370","32","1","3","5","0","6","0","167","483","566","177","104","46","17","9","7","2","0","0","7","0","0","3","0","0","1","33","33","40","1","22","5","4","2","8","11","3","1","15","8","0","1","2","26","19","16","41","51","40","3","43","29","39","60","47","49","7","22","9","23","40","49","30","1","16","9","30","55","41","38","0","13","8","13","17","17","12","2","12","8","19","20","8","18","1","5","4","3","7","7","1","1","3","2","3","5","4","1","236","91","62","18","11","2","7","8","30","217","52","49","19","7","2","8","2","14","98","27","24","6","6","1","1","1","3","34","9","2","0","0","0","2","0","0"
"s25","voters","224110","1349","552","479","54","9","8","7","0","4","0","236","633","716","229","114","75","25","6","10","0","0","9","2","3","1","1","6","1","0","11","21","23","1","14","4","2","1","11","12","3","2","17","13","11","4","1","29","31","25","28","49","69","4","56","41","45","42","73","59","2","25","15","26","56","65","47","3","20","16","28","63","61","52","1","13","20","19","31","30","13","4","25","15","14","23","16","12","1","6","3","6","11","7","4","1","11","6","5","5","8","8","291","100","83","11","15","2","4","2","44","254","72","62","22","8","1","9","3","48","137","30","26","15","7","0","6","0","15","55","12","6","0","2","0","2","1","4"
"s25","voters","224113","791","366","258","14","6","6","8","0","3","0","130","379","412","143","67","40","9","4","5","2","1","1","3","5","0","1","0","0","0","8","6","11","0","13","2","4","1","8","1","0","0","8","8","6","3","4","19","21","21","28","32","34","4","27","26","17","44","47","42","4","22","9","15","37","30","24","1","12","8","15","46","19","16","0","11","9","5","17","12","6","2","12","9","4","20","15","8","0","7","3","1","0","6","2","0","3","6","1","3","3","2","187","69","57","5","12","0","6","2","28","135","41","29","6","5","3","3","9","27","70","15","17","6","9","1","1","3","8","25","5","4","0","1","0","0","0","2"
"s25","voters","225102","944","456","287","35","0","9","4","0","2","0","151","419","525","156","98","50","11","2","4","1","1","4","3","3","0","1","2","0","0","17","24","22","3","19","5","6","1","17","15","6","0","12","8","8","3","6","28","21","27","33","33","25","8","49","33","37","55","45","56","5","12","12","15","48","37","22","1","8","13","17","40","27","30","4","10","11","6","13","17","9","2","10","15","12","17","17","8","1","4","3","2","4","8","3","0","4","6","5","5","4","1","267","82","52","20","10","4","9","0","12","153","45","58","5","11","0","2","6","7","96","21","14","7","7","1","3","1","1","32","9","6","1","1","0","0","1","0"
"s25","voters","225106","1168","471","444","38","2","8","7","0","2","0","196","530","638","166","128","50","15","11","10","2","1","1","2","1","1","4","5","4","0","22","25","24","0","28","5","18","2","0","10","1","1","21","4","12","1","2","17","20","28","49","43","30","6","36","37","42","73","47","41","3","21","11","45","73","33","33","2","10","11","57","66","29","50","3","14","5","21","28","11","16","1","10","15","23","17","18","14","0","5","3","2","4","6","4","1","7","3","7","11","3","1","257","87","61","16","19","3","13","4","11","236","74","77","14","20","0","10","7","6","114","24","26","18","6","0","5","1","2","39","8","7","1","0","0","1","1","0"
"s25","voters","225112","1361","530","535","69","3","11","10","0","0","1","202","635","726","190","134","60","33","8","14","4","3","5","6","2","0","0","3","0","1","48","44","39","3","14","3","9","1","7","7","6","3","16","22","10","4","5","22","16","42","57","30","43","6","22","36","71","75","44","61","1","11","13","55","86","48","53","1","11","19","70","68","45","54","1","14","7","27","26","14","14","2","7","10","28","24","14","14","0","3","5","7","20","11","4","1","3","3","10","14","9","4","319","80","65","19","13","7","15","6","6","298","89","72","20","18","12","15","6","5","112","40","26","6","10","3","3","0","2","66","14","9","2","0","0","2","0","1"
"s25","voters","228042","191","102","41","5","4","4","6","0","0","0","29","85","106","82","27","22","15","0","0","0","0","0","0","0","0","0","0","0","0","0","0","0","0","0","0","0","0","0","0","0","0","1","0","0","0","0","5","5","3","6","9","10","2","14","11","4","11","7","15","0","7","3","2","4","1","2","0","3","3","2","6","3","5","2","1","1","2","1","6","2","3","3","1","3","1","3","0","1","2","3","3","2","1","1","1","2","1","0","2","0","0","46","20","13","6","5","2","4","1","5","22","9","5","1","1","0","1","0","2","18","3","5","3","0","0","0","0","0","15","3","1","0","0","0","0","0","0"
"s25","voters","228047","738","439","160","15","5","4","5","0","0","0","110","295","443","321","61","71","17","1","5","0","0","2","3","1","0","3","0","1","0","0","0","1","0","0","1","0","0","0","3","0","0","2","1","2","1","3","17","23","15","9","31","61","9","37","52","35","35","30","82","0","3","5","6","10","8","44","1","3","9","5","10","15","41","3","9","14","7","3","5","9","1","13","15","8","3","7","13","1","4","2","1","1","0","1","0","3","0","6","3","3","4","224","85","49","24","19","3","4","1","30","95","19","23","5","3","2","1","2","10","67","18","12","8","1","3","0","0","1","19","6","4","0","0","0","0","0","0"
"s25","voters","228054","854","427","234","31","4","6","8","0","3","0","141","375","479","242","63","76","21","7","3","3","2","1","0","0","1","2","0","0","0","3","0","0","0","3","1","2","0","8","3","4","3","14","8","6","4","0","12","26","24","32","26","43","4","36","45","39","42","43","55","1","9","11","15","17","23","40","1","4","7","16","19","28","43","2","8","11","13","12","15","10","3","6","14","15","7","11","14","0","1","6","5","7","3","3","0","3","8","4","4","4","4","217","77","51","29","15","3","7","1","27","132","46","21","4","6","0","1","4","20","84","15","15","12","2","1","7","2","3","37","10","2","2","0","0","1","0","0"
"s25","voters","228059","331","145","120","17","0","5","1","0","0","0","43","154","177","71","33","17","13","0","0","0","0","0","0","0","0","0","0","0","0","0","1","0","0","5","1","3","0","0","4","0","1","1","1","1","0","0","3","10","7","9","12","20","1","5","18","8","14","14","24","1","3","5","6","8","18","17","1","2","7","6","12","15","19","0","2","7","8","3","3","2","1","3","4","3","2","3","2","0","1","0","3","3","2","1","1","3","1","0","4","2","2","75","32","18","6","2","0","3","3","6","68","17","17","2","7","1","0","1","7","25","10","5","2","1","0","0","0","0","10","9","1","2","0","0","0","0","1"
"s25","voters","228060","9","2","6","0","0","0","0","0","0","0","1","5","4","0","3","0","0","0","0","0","0","0","0","0","0","0","0","0","0","0","0","0","0","0","0","0","0","0","0","1","0","0","0","0","0","0","0","0","0","1","0","0","0","0","0","0","1","0","0","0","0","0","1","0","1","1","0","0","0","1","1","0","1","0","0","0","0","0","0","1","0","0","0","0","0","0","0","0","0","0","0","0","0","0","0","0","0","0","0","0","0","2","0","0","0","0","0","0","0","0","4","0","0","1","0","0","1","0","0","1","0","0","0","0","0","0","0","0","0","0","0","0","0","0","0","0","0"
"s25","voters","228062","2","0","1","0","0","0","0","0","0","0","1","1","1","0","1","1","0","0","0","0","0","0","0","0","0","0","0","0","0","0","0","0","0","0","0","0","0","0","0","0","0","0","0","0","0","0","0","0","0","0","0","0","0","0","0","0","0","0","0","0","0","0","0","0","0","0","0","0","0","0","1","0","0","0","0","0","0","1","0","0","0","0","0","0","0","0","0","0","0","0","0","0","0","0","0","0","0","0","0","0","0","0","0","0","0","0","0","0","0","0","1","0","0","0","0","0","0","0","0","0","0","0","0","1","0","0","0","0","0","0","0","0","0","0","0","0","0"
"s25","voters","228065","3","0","1","0","0","0","0","0","0","0","2","1","2","0","1","1","0","0","0","0","0","0","0","0","0","0","0","0","0","0","0","0","0","0","0","0","0","0","0","0","0","0","0","0","0","0","0","0","0","0","0","0","0","0","0","0","0","0","0","0","0","0","0","0","0","0","0","0","0","0","0","1","0","0","0","0","0","0","0","1","0","0","0","0","0","1","0","0","0","0","0","0","0","0","0","0","0","0","0","0","0","0","0","0","0","0","0","0","0","0","1","0","0","0","0","0","0","0","0","1","0","1","0","0","0","0","0","0","0","0","0","0","0","0","0","0","0"
"s25","voters","228067","1710","727","617","56","6","14","9","0","7","0","274","814","896","226","122","58","22","5","11","5","6","17","2","1","0","7","4","1","1","9","8","11","0","19","2","6","1","12","19","19","2","19","7","9","1","2","32","35","33","53","65","92","2","38","51","43","85","76","120","0","22","22","35","59","72","103","0","15","14","38","52","69","116","4","15","12","20","22","31","34","3","15","17","15","27","32","27","2","4","8","6","13","8","10","0","7","5","7","11","6","5","396","126","101","25","22","2","7","5","43","341","90","77","21","13","4","6","6","59","153","36","48","11","6","3","6","2","9","65","13","9","0","0","0","3","0","2"
"s25","voters","228076","1507","539","666","65","3","6","10","0","4","0","214","723","784","133","116","37","19","16","20","7","5","6","7","8","0","5","4","0","0","12","8","8","1","17","6","9","2","2","12","8","1","16","23","14","2","0","20","23","26","31","51","81","1","31","37","36","55","56","91","4","20","18","33","71","83","115","4","19","16","34","63","91","95","3","12","16","10","19","22","25","1","12","14","15","27","19","19","0","4","7","6","5","10","8","1","5","5","9","4","9","15","285","97","74","18","10","4","6","3","42","365","104","75","29","18","3","9","8","55","105","41","36","12","6","2","3","0","9","55","20","6","1","1","1","3","0","1"
"s25","voters","228080","1272","472","532","56","4","11","8","0","4","0","185","601","671","138","97","46","20","10","10","5","2","3","7","5","0","7","4","0","0","2","8","5","1","7","2","3","0","20","9","4","2","16","12","6","2","2","17","23","26","40","38","51","4","23","25","26","75","60","62","1","29","13","34","57","78","53","0","23","19","45","69","67","44","2","14","6","17","21","22","12","1","10","11","11","22","14","22","0","3","8","7","10","8","9","0","10","2","4","10","8","4","235","90","54","22","18","2","8","4","39","278","79","79","16","15","1","10","4","50","97","21","29","14","5","3","4","1","11","54","20","4","1","2","0","1","0","1"
"s25","voters","228090","1601","567","709","66","5","8","12","0","4","0","230","732","869","182","159","40","24","9","26","5","3","10","3","3","0","0","6","4","1","6","7","9","0","10","7","14","1","7","10","2","0","3","13","7","0","3","18","20","33","27","45","65","6","31","40","61","64","61","93","0","16","34","42","67","78","116","1","14","34","38","66","78","125","2","7","12","19","27","29","27","0","18","20","22","6","26","15","0","4","5","5","12","8","11","0","3","8","7","16","6","10","347","104","73","12","9","2","3","0","17","407","114","94","27","12","3","3","3","46","150","28","19","9","5","1","5","1","12","69","11","12","1","0","0","0","0","2"
"s25","voters","228093","954","300","454","38","2","5","5","0","1","0","149","428","526","100","50","34","14","9","10","5","0","4","3","3","0","1","0","0","0","1","3","1","0","3","2","2","0","3","3","2","1","5","4","2","0","0","11","12","10","8","26","51","1","16","13","25","17","40","70","4","11","20","23","31","46","80","2","9","9","32","37","45","105","1","12","8","7","11","14","17","1","10","15","8","10","17","18","0","5","3","3","3","3","8","0","2","2","3","6","3","10","163","59","27","11","5","2","3","1","29","231","93","50","16","16","1","11","1","35","73","23","24","9","2","1","4","2","11","33","9","4","2","1","0","0","1","1"
"s25","voters","228800","2591","832","1215","122","4","18","31","0","8","0","361","1236","1355","289","168","95","35","17","34","10","8","6","6","0","1","8","4","0","1","5","5","6","0","10","3","6","1","4","3","2","0","10","4","7","1","2","28","29","34","42","59","145","1","39","57","52","56","102","186","3","35","47","71","84","141","251","1","22","41","73","95","130","221","2","20","19","36","33","27","38","2","27","21","36","36","24","40","1","8","7","15","15","17","27","3","12","10","16","10","16","26","455","135","97","20","27","3","10","5","80","644","187","138","39","37","5","11","12","142","215","49","42","15","14","2","4","1","19","113","39","14","5","4","1","2","2","3"
"s25","voters","228807","940","326","424","45","1","6","7","0","1","1","129","419","521","129","116","45","13","6","9","5","0","0","5","0","0","1","0","1","0","1","8","10","0","10","3","2","1","1","0","1","0","3","7","2","1","1","9","15","9","31","20","39","2","19","33","23","30","45","50","2","12","20","28","46","60","45","0","9","22","29","54","56","41","1","4","6","9","13","10","12","1","13","10","12","13","10","15","0","2","0","5","5","6","9","2","1","2","2","6","13","8","189","54","44","4","10","3","2","2","18","244","74","55","8","7","1","6","3","26","87","18","9","5","4","0","2","1","3","36","15","7","0","2","0","0","0","1"
"s25","voters","228810","305","118","128","13","1","2","4","0","0","0","39","141","164","67","25","16","6","2","2","1","1","0","1","0","0","0","3","0","0","0","0","0","0","0","0","0","0","1","4","0","0","0","0","1","0","0","5","7","8","7","6","16","2","11","3","10","11","16","16","0","4","3","12","13","13","21","1","3","2","12","8","13","23","0","3","4","2","3","3","3","1","2","3","1","3","8","3","0","0","3","0","2","2","1","0","1","2","1","1","4","3","71","18","13","2","4","1","4","0","5","73","20","15","3","2","2","1","1","11","21","5","5","2","1","0","1","1","3","16","1","0","0","1","0","0","1","1"
"s25","voters","229003","1148","419","513","41","2","7","11","0","1","0","154","550","598","242","127","70","18","13","5","3","2","6","0","1","0","1","0","0","0","2","3","1","2","1","2","0","0","0","6","1","0","9","7","1","1","0","18","24","16","26","31","66","2","23","41","33","32","34","73","2","22","23","37","30","65","81","0","19","17","35","36","56","90","4","11","4","10","12","13","22","0","13","10","18","14","12","11","1","2","6","5","6","4","9","0","4","4","8","3","5","5","215","74","56","12","13","4","4","3","38","294","59","58","17","11","4","10","6","54","96","16","15","7","3","1","4","0","12","40","9","9","2","2","0","0","0","0"
"s25","voters","229004","358","133","142","11","2","5","4","0","2","0","59","172","186","70","50","23","8","2","5","1","1","0","0","0","0","0","0","0","0","1","0","1","0","0","0","1","0","1","0","0","0","2","0","0","0","1","12","4","7","15","8","12","1","11","8","10","19","10","15","0","7","5","13","14","12","21","1","1","3","6","15","13","31","1","5","5","9","1","4","7","1","4","4","8","1","3","6","0","1","2","1","1","1","3","1","1","3","1","4","2","3","76","25","13","4","3","0","1","0","11","76","23","13","8","2","0","5","2","13","36","9","4","5","1","1","1","0","2","20","3","1","0","0","0","0","0","0"
"s25","voters","229016","100","23","60","2","0","0","2","0","0","0","13","45","55","5","9","0","1","0","9","1","0","2","0","1","0","0","0","0","0","0","3","0","0","2","0","0","0","0","0","0","0","1","1","1","0","0","0","1","1","1","1","4","0","3","2","1","1","4","4","0","2","3","1","6","5","11","0","3","4","3","4","2","16","0","0","3","0","0","1","1","0","1","1","2","1","1","2","0","0","2","0","0","1","1","0","0","0","0","0","0","0","14","4","3","0","1","0","1","0","0","24","10","10","3","2","0","1","0","10","7","0","3","2","0","1","0","0","0","2","1","1","0","0","0","0","0","0"
"s25","voters","229017","8","0","8","0","0","0","0","0","0","0","0","4","4","0","0","0","0","0","0","0","0","0","0","0","0","0","0","0","0","0","0","0","0","0","0","0","0","0","0","0","0","0","0","0","0","0","0","0","0","0","0","0","0","0","0","0","0","0","0","1","1","0","0","0","1","1","0","0","2","0","0","1","1","0","0","0","0","0","0","0","0","0","0","0","0","0","0","0","0","0","0","0","0","0","0","0","0","0","0","0","0","0","0","0","0","0","0","0","0","0","3","2","0","1","1","0","1","0","0","0","0","0","0","0","0","0","0","0","0","0","0","0","0","0","0","0","0"
"s25","voters","229022","639","233","273","26","2","5","4","0","1","0","95","297","342","55","42","22","2","0","4","3","1","6","10","0","0","0","1","0","0","1","6","4","1","13","0","4","1","5","2","4","1","2","2","3","2","0","10","9","13","14","24","21","0","14","21","16","20","35","36","1","10","6","19","28","28","49","3","7","5","21","28","27","41","0","10","4","4","18","7","6","3","3","6","7","12","6","9","0","2","0","3","3","4","4","0","3","4","0","8","2","5","128","50","35","4","6","0","3","0","7","163","45","32","8","3","0","6","0","16","69","7","10","2","3","1","2","0","1","22","8","5","3","0","0","0","0","0"
"s25","voters","229025","1764","689","717","81","6","12","16","0","5","0","238","808","956","280","154","61","37","19","16","3","2","1","1","4","0","2","4","1","1","7","5","3","1","9","2","5","0","7","4","0","2","12","8","6","1","2","20","37","45","38","60","68","4","47","58","67","78","85","80","4","29","21","42","89","91","80","1","23","23","61","84","87","82","3","14","13","29","26","20","25","4","17","21","24","20","17","5","0","5","6","7","10","12","12","1","14","5","17","14","7","10","362","140","93","23","13","3","9","5","41","392","110","94","26","12","5","18","7","53","139","32","29","15","8","0","4","1","10","78","23","10","2","3","0","1","1","2"
"s25","voters","229031","2143","714","1077","93","3","19","4","0","1","0","232","915","1228","174","135","34","19","24","32","12","2","13","10","3","0","9","3","0","0","3","6","3","3","5","3","5","0","0","0","0","0","4","9","2","0","0","13","18","15","11","40","173","2","12","24","22","26","75","283","0","8","12","27","22","60","353","0","6","9","22","28","95","435","0","5","8","5","15","11","71","0","8","16","7","11","12","63","0","0","1","4","2","13","28","0","0","1","3","7","13","48","425","130","62","29","15","3","6","5","39","602","170","121","45","24","10","15","9","81","132","41","30","13","3","1","4","1","7","80","21","10","5","1","1","1","0","1"
"s25","voters","229044","1749","804","542","78","6","8","15","0","5","1","290","841","908","214","90","70","26","11","16","7","2","7","8","4","0","6","1","2","3","9","8","5","0","30","6","7","1","12","7","7","0","27","8","7","3","5","46","28","56","73","61","69","5","48","50","86","110","85","82","2","23","23","69","84","46","52","0","12","15","64","58","43","51","2","15","16","24","40","21","26","2","20","15","34","31","22","22","1","8","4","8","26","7","6","4","8","4","8","14","7","8","475","117","131","29","19","1","10","7","15","298","100","80","22","14","2","10","3","13","182","31","39","21","7","1","1","1","7","83","16","8","1","2","0","2","0","1"
"s25","voters","229045","169","81","55","4","0","3","0","0","1","0","25","74","95","5","4","4","1","1","4","0","0","0","0","0","0","1","0","0","0","0","0","0","0","0","0","0","0","0","0","0","0","0","0","1","0","0","0","0","0","0","6","26","0","1","1","2","1","9","35","0","0","1","0","0","8","19","0","0","0","0","0","4","23","0","1","0","0","0","3","8","0","2","0","0","0","4","7","0","0","0","0","0","0","2","0","0","0","0","0","1","5","43","15","13","2","3","2","0","1","2","32","11","4","0","4","0","3","0","1","20","3","2","0","0","0","0","0","0","2","3","1","1","0","0","1","0","0"
"s25","voters","229057","1316","565","526","69","1","9","9","0","1","0","136","593","723","122","78","35","17","17","23","3","3","17","4","5","0","0","4","0","0","6","5","6","0","8","2","2","0","4","5","1","2","9","15","5","1","0","4","10","27","16","53","119","1","9","26","33","27","83","157","1","5","12","13","21","64","140","0","7","12","20","32","64","135","0","1","4","10","7","17","24","0","1","6","9","13","14","30","0","0","3","6","2","15","19","0","0","2","4","5","15","18","419","97","42","4","0","0","0","0","3","361","116","38","11","0","0","0","0","0","97","31","7","1","0","0","0","0","0","71","15","3","0","0","0","0","0","0"
"s25","voters","229077","711","271","286","33","0","7","5","0","0","0","109","331","380","115","65","27","11","8","11","3","1","1","0","3","0","0","0","0","0","0","1","2","0","1","2","0","0","0","1","1","0","4","5","2","2","1","9","19","10","18","16","35","1","13","27","18","26","36","42","0","4","16","21","25","55","28","1","10","16","16","22","46","26","1","6","10","7","9","13","8","2","8","8","10","11","9","7","0","2","1","4","4","6","3","0","6","2","2","5","7","3","149","38","38","6","16","1","0","1","22","144","43","47","10","8","0","4","1","29","67","13","15","5","4","3","0","0","2","26","11","3","3","2","0","0","0","0"
"s25","voters","229079","1204","414","530","61","1","9","11","0","3","0","175","574","630","146","108","47","12","6","17","4","1","1","1","0","1","0","2","0","0","3","6","1","0","1","1","2","0","2","2","0","0","9","3","5","1","2","20","13","20","26","36","50","2","24","27","33","53","56","52","2","25","18","38","64","75","54","0","14","15","37","69","70","49","2","15","12","11","20","20","11","3","15","15","15","19","8","9","1","2","2","8","7","11","9","0","2","6","6","8","20","3","229","73","49","18","12","2","2","3","26","279","102","67","20","13","2","5","2","40","102","25","27","7","7","0","2","0","5","51","21","7","1","1","0","0","1","3"
"s25","voters","230009","2132","433","1350","95","2","13","20","0","4","0","215","982","1150","195","170","62","20","10","59","7","9","0","0","0","0","1","4","2","2","1","3","1","0","1","0","0","0","1","2","4","0","9","3","3","0","2","14","12","13","23","30","69","4","16","39","35","34","53","89","4","32","59","81","95","154","220","4","34","55","106","99","152","255","2","14","8","20","19","26","19","1","16","16","14","20","22","18","2","6","12","11","5","12","18","0","5","7","11","8","18","19","243","68","50","17","10","4","9","2","30","727","216","176","36","37","6","17","7","128","126","27","26","11","9","1","1","4","10","72","34","16","5","2","0","0","1","4"
"s25","voters","230013","2478","555","1513","91","8","20","24","0","3","0","264","1149","1329","194","195","58","27","9","46","4","1","1","2","5","1","4","1","0","1","3","8","3","0","4","2","3","3","0","3","1","1","6","2","1","0","0","13","26","18","13","41","94","1","33","35","34","40","65","142","3","36","38","100","99","195","271","3","33","57","106","104","193","275","1","21","24","16","17","24","35","3","18","16","20","20","21","28","0","7","15","10","7","11","14","0","10","8","9","10","18","27","296","95","73","16","12","2","5","3","53","801","214","216","40","45","12","26","15","144","152","26","39","13","11","2","2","4","15","93","27","11","5","2","1","2","0","5"
"s25","voters","230016","1886","463","1086","91","1","20","21","0","4","0","200","868","1018","187","174","53","33","15","28","6","4","1","2","0","0","0","5","1","0","2","1","3","0","3","1","3","0","5","0","2","0","6","10","1","0","0","18","24","16","26","32","70","5","24","38","24","41","46","99","4","45","48","63","103","136","139","1","24","41","72","92","155","163","1","5","10","18","10","18","13","3","15","23","24","22","19","19","2","12","8","8","17","7","15","1","11","11","7","12","13","13","263","73","52","13","12","2","8","4","36","600","181","125","36","28","3","11","9","93","112","24","26","11","6","0","10","0","11","79","27","11","3","3","0","4","4","6"
"s25","voters","230024","1571","368","904","64","1","12","11","0","1","0","210","754","817","154","147","62","24","1","26","2","3","1","6","0","0","0","4","0","1","2","10","2","0","6","2","6","1","0","7","1","0","8","9","2","0","3","21","23","9","14","33","56","4","24","28","21","25","53","54","2","36","26","52","89","118","114","1","25","48","61","98","103","131","5","22","23","10","22","16","18","4","12","13","12","15","19","19","1","7","3","6","10","5","10","0","8","4","6","10","13","6","223","60","38","11","7","0","2","0","27","503","137","110","28","32","2","12","9","71","108","38","28","14","7","1","2","1","11","49","25","7","3","1","0","0","0","4"
"s25","voters","248001","1","0","1","0","0","0","0","0","0","0","0","1","0","0","0","0","0","0","0","0","0","0","0","0","0","0","0","0","0","0","0","0","0","0","0","0","0","0","0","0","0","0","0","0","0","0","0","0","0","0","0","0","0","0","0","0","0","0","0","0","0","0","0","0","1","0","0","0","0","0","0","0","0","0","0","0","0","0","0","0","0","0","0","0","0","0","0","0","0","0","0","0","0","0","0","0","0","0","0","0","0","0","0","0","0","0","0","0","0","0","1","0","0","0","0","0","0","0","0","0","0","0","0","0","0","0","0","0","0","0","0","0","0","0","0","0","0"
"s25","voters","248002","27","8","17","1","0","0","0","0","0","0","1","13","14","3","0","0","0","0","0","0","0","0","0","0","0","0","0","0","0","0","0","0","0","0","0","0","0","0","0","0","0","0","0","0","0","0","0","1","0","0","0","2","0","0","1","0","0","1","3","0","0","0","1","0","4","4","0","0","0","1","1","3","3","0","0","0","0","0","0","0","0","0","0","0","0","0","1","0","0","0","0","0","0","1","0","0","0","0","0","0","0","4","2","0","2","0","0","0","0","0","6","4","3","1","0","0","0","0","3","1","0","0","0","0","0","0","0","0","0","1","0","0","0","0","0","0","0"
"s25","voters","248003","0","0","0","0","0","0","0","0","0","0","0","0","0","0","0","0","0","0","0","0","0","0","0","0","0","0","0","0","0","0","0","0","0","0","0","0","0","0","0","0","0","0","0","0","0","0","0","0","0","0","0","0","0","0","0","0","0","0","0","0","0","0","0","0","0","0","0","0","0","0","0","0","0","0","0","0","0","0","0","0","0","0","0","0","0","0","0","0","0","0","0","0","0","0","0","0","0","0","0","0","0","0","0","0","0","0","0","0","0","0","0","0","0","0","0","0","0","0","0","0","0","0","0","0","0","0","0","0","0","0","0","0","0","0","0","0","0"
"s25","voters","248025","737","302","275","19","3","7","8","0","3","0","120","340","397","170","68","43","13","6","8","2","2","0","0","0","0","0","3","0","0","3","1","2","0","0","0","1","0","1","0","1","0","6","3","3","0","2","13","22","20","22","23","24","0","25","37","28","25","22","39","0","5","8","21","19","31","46","2","4","11","20","19","30","59","1","7","9","15","7","10","16","2","11","8","9","2","12","11","0","2","2","4","6","3","2","0","1","3","6","1","5","5","162","51","46","10","9","0","6","1","17","151","39","31","8","8","2","6","1","29","72","16","12","2","4","0","2","1","11","23","8","4","1","1","1","1","0","1"
"s25","voters","248031","3","1","1","0","0","0","0","0","0","0","1","2","1","0","0","0","0","0","0","0","0","0","0","0","0","0","0","0","0","0","0","0","0","0","0","0","0","0","0","0","0","1","0","0","0","0","0","0","0","0","0","0","0","1","0","0","0","0","0","0","0","0","0","1","0","0","0","0","0","0","0","0","0","1","0","0","0","0","0","0","0","0","0","0","0","0","0","0","0","0","0","0","0","0","0","0","0","0","0","0","0","0","0","1","0","0","0","0","0","0","0","0","0","0","1","0","0","0","0","1","0","0","0","0","0","0","0","0","0","0","0","0","0","0","0","0","0"
"s25","voters","248034","4","0","4","0","0","0","0","0","0","0","0","2","2","0","0","0","0","0","0","0","0","0","0","0","0","0","0","0","0","0","0","0","0","0","0","0","0","0","0","0","0","0","0","0","0","0","0","0","0","0","0","0","0","0","0","0","0","0","0","0","0","0","0","0","2","0","0","0","0","0","0","1","1","0","0","0","0","0","0","0","0","0","0","0","0","0","0","0","0","0","0","0","0","0","0","0","0","0","0","0","0","0","0","0","0","0","0","0","0","0","4","0","0","0","0","0","0","0","0","0","0","0","0","0","0","0","0","0","0","0","0","0","0","0","0","0","0"
"s25","voters","248044","22","9","11","1","0","0","0","0","0","0","1","10","12","0","0","0","0","1","0","1","0","0","0","0","0","0","0","0","0","0","0","0","0","0","0","0","0","0","0","0","0","0","0","0","0","0","0","0","0","0","0","3","0","0","0","0","0","1","5","0","0","1","2","0","1","1","0","0","0","0","1","1","4","0","0","1","0","0","0","0","0","0","0","0","0","0","0","0","0","0","0","0","0","1","0","0","0","0","0","0","0","6","1","0","1","1","0","0","0","0","3","2","2","0","1","0","1","1","1","1","0","0","0","0","0","0","0","0","1","0","0","0","0","0","0","0","0"
"s25","voters","248045","129","25","61","7","0","3","4","0","0","0","29","62","67","3","7","0","0","0","1","1","0","0","0","0","0","1","0","0","0","0","0","0","0","0","0","0","0","0","0","0","0","0","0","0","0","0","1","0","2","1","0","7","0","1","0","1","0","6","6","0","2","1","2","2","12","10","0","2","1","3","4","8","14","0","1","0","2","2","3","7","0","0","1","2","1","4","6","0","0","0","0","1","2","4","0","1","0","2","1","3","0","11","4","6","2","1","0","0","0","1","28","16","7","1","4","0","0","0","5","18","7","1","1","1","0","1","0","0","10","3","0","0","0","0","0","1","0"
"s25","voters","248047","117","37","58","4","0","1","0","0","1","0","16","64","53","11","4","2","0","1","1","1","0","0","0","0","0","0","0","0","0","0","0","0","0","0","0","0","0","0","0","0","0","0","0","0","0","0","5","1","0","1","4","9","0","1","2","0","2","5","7","0","2","1","6","2","7","15","0","0","1","4","4","5","11","0","1","1","2","1","2","2","0","0","0","2","1","4","0","0","0","0","1","0","1","0","0","1","0","2","0","0","1","17","9","7","1","0","0","0","0","3","28","8","13","0","2","0","1","2","4","8","2","4","1","0","0","0","0","1","3","0","2","0","0","0","0","0","1"
"s25","voters","248048","57","13","32","4","0","0","0","0","1","0","7","26","31","2","3","0","1","2","0","0","0","0","0","0","0","0","0","0","0","0","0","0","0","0","0","0","0","0","0","0","0","0","0","0","0","0","0","1","0","0","0","2","0","0","0","2","2","3","3","0","0","0","0","1","2","13","0","0","0","0","3","0","13","0","0","0","0","1","3","0","0","0","0","1","0","0","2","0","0","0","2","0","1","0","0","0","0","0","0","0","2","6","3","1","1","0","0","0","0","2","18","5","5","1","1","0","0","0","2","4","1","1","0","0","0","0","0","1","1","1","2","0","0","0","0","1","0"
"s25","voters","248049","4","1","2","0","0","0","0","0","0","0","1","1","3","0","0","0","0","0","0","0","0","0","0","0","0","0","0","0","0","0","0","0","0","0","0","0","0","0","0","0","0","0","0","0","0","0","0","0","0","0","0","0","0","0","0","0","0","0","1","0","0","0","0","0","0","1","0","0","0","0","0","0","1","0","0","0","0","0","0","0","0","0","0","0","0","1","0","0","0","0","0","0","0","0","0","0","0","0","0","0","0","0","0","0","1","0","0","0","0","0","1","1","0","0","0","0","0","0","0","0","0","1","0","0","0","0","0","0","0","0","0","0","0","0","0","0","0"
"s25","voters","249007","348","120","133","26","3","4","4","0","0","0","58","174","174","71","26","26","12","3","3","3","1","0","0","0","0","0","0","0","0","2","0","0","0","0","0","0","0","1","0","1","0","2","0","1","0","1","4","10","6","5","8","16","3","8","15","8","8","7","21","1","1","10","10","10","17","30","0","1","6","5","3","17","22","1","3","5","3","6","5","5","1","1","6","6","5","5","6","1","1","3","2","2","4","4","1","2","3","4","2","6","2","73","20","10","3","4","0","1","1","8","82","10","23","1","2","0","2","2","11","37","7","6","3","2","0","0","1","2","27","4","3","1","0","0","0","0","2"
"s25","voters","249010","723","247","332","35","2","4","6","0","2","0","95","324","399","114","50","38","10","3","14","2","2","0","0","0","0","1","1","0","0","0","1","0","0","0","0","0","0","0","0","0","0","4","1","0","0","1","6","10","8","10","24","42","1","10","15","20","17","28","55","1","13","10","13","18","39","65","0","5","9","26","26","37","70","1","4","5","10","6","6","8","1","10","6","11","8","6","13","0","3","4","5","1","3","8","0","2","5","2","1","8","7","132","44","30","7","7","1","2","1","23","177","52","50","5","13","3","5","0","27","57","18","7","5","2","1","0","0","5","31","4","5","2","3","3","0","1","0"
"s25","voters","249018","577","237","203","20","3","6","5","0","1","0","102","282","295","125","31","40","7","11","8","3","1","0","0","0","0","0","0","1","0","1","0","1","0","0","0","0","0","2","1","0","0","2","0","3","3","1","9","9","9","12","24","27","3","17","24","16","16","23","47","0","4","6","14","12","26","47","0","2","11","14","8","19","40","1","5","9","7","12","11","15","0","5","8","15","5","2","7","0","3","1","3","3","7","5","0","1","2","2","1","4","3","133","40","29","11","6","0","2","1","15","114","29","30","6","9","2","0","4","9","63","11","12","8","1","0","0","2","5","28","3","1","1","0","0","0","0","2"
"s25","voters","249020","533","186","215","25","1","1","4","0","3","0","98","249","284","83","35","38","6","3","10","1","0","0","0","0","0","0","0","0","0","3","1","0","0","0","0","0","0","0","0","0","0","1","2","0","0","2","5","11","10","9","11","26","1","16","19","11","12","21","32","1","5","9","15","17","21","42","1","2","9","14","19","25","35","0","2","10","11","8","7","7","1","7","12","9","8","9","7","0","4","4","4","2","2","4","0","1","3","0","5","2","3","106","38","18","7","7","0","4","2","4","109","38","32","10","2","1","2","3","18","59","15","14","4","1","0","2","1","2","25","4","4","1","0","0","0","0","0"
"s25","voters","249022","640","260","226","33","3","4","9","0","4","0","101","280","360","163","51","56","17","0","3","2","1","0","0","0","0","0","0","0","0","1","0","0","1","0","0","0","0","0","1","0","0","1","2","0","1","2","13","13","7","13","26","30","1","20","36","23","19","22","35","2","6","6","16","17","23","35","0","2","5","12","25","32","45","0","6","11","11","8","6","4","1","11","10","9","8","4","12","0","1","5","3","4","6","6","0","7","5","3","4","5","4","147","46","37","9","7","1","4","1","8","137","30","28","9","2","0","1","4","15","71","9","13","2","2","1","0","0","3","33","9","6","2","2","0","0","0","1"
"s25","voters","249030","42","0","32","4","0","0","1","0","0","0","5","27","15","0","0","0","1","0","2","0","0","0","0","0","0","0","0","0","0","0","0","0","0","0","0","0","0","0","0","0","0","0","0","0","0","0","0","0","0","0","0","0","0","0","0","0","0","0","0","0","4","1","0","4","3","7","0","2","0","0","2","4","5","0","1","0","0","1","0","2","0","0","0","0","0","1","0","0","0","2","0","1","1","0","0","0","1","0","0","0","0","0","0","0","0","0","0","0","0","0","20","3","8","0","0","0","0","0","1","3","0","0","1","1","0","0","0","0","3","0","2","0","0","0","0","0","0"
"s25","voters","249034","1","1","0","0","0","0","0","0","0","0","0","0","1","1","0","0","0","0","0","0","0","0","0","0","0","0","0","0","0","0","0","0","0","0","0","0","0","0","0","0","0","0","0","0","0","0","0","0","0","0","0","0","0","1","0","0","0","0","0","0","0","0","0","0","0","0","0","0","0","0","0","0","0","0","0","0","0","0","0","0","0","0","0","0","0","0","0","0","0","0","0","0","0","0","0","0","0","0","0","0","0","1","0","0","0","0","0","0","0","0","0","0","0","0","0","0","0","0","0","0","0","0","0","0","0","0","0","0","0","0","0","0","0","0","0","0","0"
"s25","voters","251001","1716","730","589","59","5","21","18","0","5","0","289","777","939","229","159","82","27","8","8","6","2","16","3","4","0","2","2","1","0","11","8","8","1","31","5","19","3","16","20","10","3","11","17","12","2","2","29","34","27","37","77","87","6","60","61","45","78","94","93","5","20","27","34","56","82","63","2","16","24","52","61","77","70","0","24","18","20","31","24","20","0","15","26","29","36","20","26","0","7","7","5","10","14","17","0","4","5","8","12","9","10","423","126","76","23","16","2","7","4","53","337","90","74","29","9","3","8","1","38","163","37","31","13","23","0","5","2","15","73","17","9","2","1","1","1","0","4"
"s25","voters","251011","944","408","312","41","3","9","9","0","3","0","159","429","515","176","64","46","21","9","10","9","1","1","3","0","0","0","0","0","0","5","6","8","0","11","2","6","1","8","15","6","1","13","9","3","0","2","13","26","23","22","31","46","3","21","30","41","31","51","68","0","10","10","27","25","37","42","3","5","12","27","34","41","39","2","10","9","13","14","13","20","3","12","6","10","10","16","21","0","5","4","4","10","5","6","1","2","4","6","8","6","4","230","61","48","9","13","2","3","4","38","167","55","49","8","6","0","3","2","22","91","23","24","8","5","2","0","0","6","40","13","7","0","4","0","0","0","1"
"s25","voters","251017","1317","621","391","41","5","16","19","0","4","0","220","593","724","225","130","78","28","11","11","5","0","2","5","2","0","2","3","0","0","6","12","9","0","15","3","6","2","13","17","12","4","16","9","2","4","0","24","33","38","38","50","66","2","36","62","47","48","74","103","1","11","17","22","43","48","54","0","8","17","21","37","49","63","3","17","24","12","14","20","20","2","17","14","12","25","26","14","1","2","9","5","4","12","5","0","5","12","10","3","10","7","363","100","83","21","14","1","7","1","31","232","43","59","11","7","3","3","2","31","135","30","24","10","13","2","2","0","4","47","21","5","8","1","1","1","0","1"
"s25","voters","251018","347","164","101","13","4","6","5","0","0","0","54","156","191","54","23","23","5","4","1","3","0","0","2","0","0","0","0","0","0","5","6","1","0","5","1","0","1","10","12","5","3","6","5","4","0","0","2","14","9","8","15","17","1","5","13","18","13","21","28","1","5","8","4","5","16","13","1","1","3","2","10","14","18","0","8","1","2","5","4","8","0","3","6","3","5","5","4","0","1","2","3","1","1","3","0","5","3","1","1","3","4","94","30","21","6","5","0","1","1","6","59","10","11","2","3","2","1","1","12","36","5","6","3","2","0","0","1","1","20","4","0","2","0","0","1","0","1"
"s25","voters","251022","1461","614","451","77","5","22","12","0","4","0","276","636","825","204","116","102","35","10","16","6","1","5","3","2","0","1","3","0","0","9","7","3","1","24","4","8","3","14","16","6","0","22","12","9","5","2","15","37","44","32","41","60","5","41","78","56","58","69","76","1","17","23","41","30","52","58","1","4","27","40","41","60","56","1","11","31","21","20","23","18","1","22","32","25","26","25","20","0","2","18","10","11","10","7","0","9","8","6","16","14","9","397","99","71","15","16","1","5","1","9","269","62","67","11","9","3","8","3","19","189","28","22","15","9","2","0","2","9","80","21","12","2","1","2","1","1","0"
"s25","voters","251029","155","70","52","6","1","2","2","0","0","0","22","66","89","44","22","17","3","1","1","0","1","0","0","0","0","0","0","0","0","0","0","0","0","0","0","0","1","0","0","0","0","2","0","0","0","1","3","3","6","1","8","6","0","6","9","6","6","7","8","0","5","2","2","1","3","11","0","1","3","2","5","8","9","2","1","4","1","0","1","1","1","4","3","2","0","2","0","0","2","0","0","0","0","2","0","1","1","1","0","3","1","39","12","8","1","2","1","1","0","6","32","10","5","0","0","0","1","1","3","15","2","4","1","0","0","0","0","0","6","3","1","0","0","0","0","0","1"
"s25","voters","251030","1175","471","456","43","5","14","6","0","5","0","175","508","667","192","97","58","22","5","9","4","0","6","2","1","0","0","3","0","0","2","1","2","2","10","4","1","1","7","3","4","0","11","7","4","0","5","16","26","25","27","32","59","1","33","42","26","52","36","91","0","12","32","31","24","52","60","1","11","22","25","27","57","102","0","9","9","14","17","11","22","3","14","12","18","13","9","24","0","3","5","4","5","4","4","0","5","8","5","9","9","12","272","82","49","17","12","2","4","2","31","270","66","40","20","9","2","7","2","40","110","18","26","9","6","0","1","2","3","49","16","6","0","1","0","1","0","0"
"s25","voters","251037","747","272","320","28","5","9","7","0","6","0","100","357","390","98","69","24","19","4","11","2","1","2","2","0","0","7","2","0","0","7","3","2","0","14","4","5","2","5","6","3","0","6","1","2","0","2","10","16","18","13","16","38","0","15","22","16","36","35","35","0","17","17","16","29","58","26","2","16","12","22","34","41","30","0","4","12","7","12","10","9","0","6","8","11","8","5","8","1","6","4","3","3","7","3","0","3","3","3","9","5","5","150","52","28","9","8","1","5","1","18","183","39","34","18","8","2","4","3","29","58","10","14","8","5","0","2","0","3","38","8","7","1","1","0","0","0","0"
"s25","voters","252000","613","210","294","20","1","5","7","0","1","0","75","283","330","105","63","20","6","2","10","3","0","0","0","0","0","0","0","0","0","0","7","3","0","4","1","3","0","1","1","0","0","3","6","0","1","2","8","9","6","12","20","23","2","10","22","20","19","29","28","2","11","22","19","23","40","34","1","5","13","23","28","38","35","0","7","4","2","6","12","5","1","5","2","9","7","10","5","0","3","2","4","2","3","2","0","2","3","2","2","3","6","107","41","26","10","5","1","0","0","20","176","33","37","11","9","1","2","1","24","34","12","7","3","6","0","1","1","11","19","6","7","0","2","0","0","0","0"
"s25","voters","252007","1747","647","770","71","6","9","10","0","8","0","226","811","936","322","218","91","39","8","21","8","1","2","2","1","0","4","3","1","0","2","6","3","0","3","3","5","0","9","7","3","1","6","6","5","2","3","21","42","36","39","44","68","3","43","52","65","56","63","112","5","27","32","62","67","76","120","1","8","38","57","57","88","132","2","10","18","18","23","24","23","1","14","17","24","13","19","20","0","5","7","10","8","9","12","2","11","5","7","6","12","10","351","111","78","33","15","4","5","1","49","442","113","95","18","15","6","10","3","68","123","30","37","15","6","2","2","3","8","77","13","8","1","3","1","1","0","0"
"s25","voters","252013","1028","492","255","46","2","13","11","0","7","0","202","464","564","205","80","86","32","8","1","1","2","3","1","1","0","0","1","2","0","4","3","1","0","4","4","4","1","3","4","1","0","12","4","7","1","2","21","42","36","29","28","39","2","23","51","53","43","52","71","1","13","27","20","10","21","27","0","4","22","27","26","20","37","0","16","25","23","15","16","10","3","9","27","19","16","9","14","0","0","7","13","8","5","10","0","5","8","5","6","3","9","329","73","49","11","10","0","7","2","11","174","42","20","6","3","2","2","2","4","133","23","24","11","6","1","3","0","1","63","6","6","1","0","0","0","0","3"
"s25","voters","252022","999","546","174","41","8","9","8","0","4","0","209","387","612","360","99","144","37","8","2","0","1","0","2","0","0","1","0","0","0","3","0","0","0","4","4","6","1","1","2","1","0","2","1","3","0","4","31","30","15","22","39","41","12","76","70","38","40","58","70","5","4","12","9","10","21","18","0","5","12","7","23","23","25","5","24","24","14","6","14","10","5","35","16","15","16","12","13","2","6","4","5","3","5","4","2","8","15","5","3","3","5","330","64","71","22","23","0","9","1","26","123","21","14","4","4","0","2","0","6","156","17","18","8","6","0","1","0","3","46","17","3","3","1","0","0","0","0"
"s25","voters","252024","2115","1052","618","97","4","19","12","0","6","0","307","897","1218","558","179","150","61","15","12","6","2","11","3","2","0","8","5","3","0","12","3","4","1","10","3","5","1","5","10","5","0","17","10","8","0","7","34","70","56","48","83","114","3","63","116","102","80","107","169","2","15","27","38","49","68","103","4","10","24","47","50","68","113","6","13","28","20","19","23","17","8","26","38","27","19","29","34","0","6","8","12","10","12","9","0","10","15","13","12","12","19","610","171","122","47","36","8","10","3","45","335","105","71","24","17","2","11","4","49","193","34","34","17","11","2","4","0","12","97","18","16","1","3","0","1","0","2"
"s25","voters","253001","582","301","160","30","1","2","8","0","2","0","78","232","350","190","65","44","16","2","1","0","1","1","2","0","0","0","0","0","0","1","1","1","0","1","0","0","0","1","1","1","0","2","2","1","0","3","11","20","10","16","22","28","3","29","36","24","26","26","47","1","5","8","6","19","13","18","0","5","10","21","14","11","29","1","6","6","4","6","5","7","1","8","11","6","9","4","4","0","3","1","1","5","6","1","0","6","2","6","6","4","2","166","49","42","11","13","1","3","2","14","92","27","22","4","2","1","5","2","5","46","8","11","5","1","3","1","0","3","31","7","2","1","2","0","0","0","0"
"s25","voters","253008","1716","926","420","59","7","15","16","0","3","0","270","727","989","633","179","185","58","2","15","3","0","0","0","0","0","0","1","0","0","8","3","0","0","5","0","8","1","3","1","0","6","15","8","4","2","1","40","60","55","35","72","77","15","121","114","69","75","89","103","2","10","24","32","29","50","63","2","12","20","32","23","44","77","1","24","31","20","18","12","15","5","35","36","16","23","17","17","1","7","11","12","8","11","6","0","13","10","8","4","5","4","497","144","112","54","31","4","19","3","62","227","70","51","11","13","2","7","1","38","180","27","28","15","9","1","3","1","6","72","15","9","2","1","0","0","0","1"
"s25","voters","253011","1665","708","586","84","10","12","8","0","7","0","250","739","926","405","161","131","49","20","19","3","2","2","0","4","0","2","0","0","0","1","3","0","0","5","2","3","1","3","5","2","3","11","5","3","1","0","24","49","44","39","42","90","3","43","64","62","53","75","120","0","19","23","34","46","61","97","1","10","27","43","47","66","112","3","20","19","28","12","21","21","6","21","25","17","13","16","28","0","8","9","6","7","5","12","0","15","10","13","7","9","20","345","131","98","23","25","4","8","4","70","299","87","79","14","14","4","8","6","75","141","23","39","17","8","2","1","2","17","84","19","12","1","0","1","1","2","1"
"s25","voters","253022","1202","556","380","51","11","7","6","0","5","0","186","555","647","352","114","101","34","6","8","0","0","1","0","0","0","1","5","0","0","2","2","0","0","12","1","4","1","3","3","1","0","13","2","1","0","2","27","33","35","26","40","74","2","50","54","40","43","48","82","5","11","27","19","15","53","60","0","8","9","26","26","52","69","4","16","13","21","16","7","12","3","19","17","14","16","12","16","1","3","7","3","5","11","9","1","5","7","8","5","7","8","301","84","64","32","21","2","9","2","41","215","45","49","10","12","2","5","4","38","110","14","25","10","11","4","2","0","10","46","18","9","3","2","0","0","0","2"
"s25","voters","253026","1847","718","761","79","4","13","20","0","2","0","250","813","1034","369","172","105","40","9","26","4","4","2","1","0","0","1","0","0","0","0","4","4","1","9","0","6","0","11","9","3","2","8","6","2","0","2","28","33","43","44","49","74","6","45","47","68","71","68","140","1","19","30","39","59","88","125","0","17","35","39","63","93","153","1","14","20","18","17","26","27","0","10","17","13","32","24","31","1","5","9","7","7","14","13","0","3","11","6","9","10","23","398","115","84","18","28","4","12","5","54","402","125","102","24","14","3","18","8","65","131","30","41","15","6","1","4","2","20","73","26","15","1","1","1","1","0","0"
"s25","voters","254006","1387","480","609","65","4","12","13","0","5","0","199","662","725","166","101","49","17","8","23","4","2","7","6","1","2","4","7","0","1","2","11","8","1","15","2","6","0","6","23","4","0","5","15","10","3","1","11","24","32","39","35","67","2","28","33","47","31","49","81","1","15","23","35","49","79","98","1","11","27","29","63","96","82","1","9","9","20","23","17","27","2","14","11","19","10","19","18","0","7","5","8","7","11","9","2","8","5","5","11","11","10","286","90","42","13","12","3","1","1","32","315","91","84","17","19","5","8","5","65","113","28","27","10","8","3","3","0","7","66","17","12","2","1","0","0","1","0"
"s25","voters","254009","1380","496","573","57","5","5","12","0","4","2","226","651","729","148","98","51","17","13","18","3","1","2","7","6","0","5","1","0","0","13","10","13","1","24","12","11","2","14","29","9","2","19","13","7","2","1","15","27","35","22","37","64","3","31","52","36","42","60","71","0","16","28","31","57","71","93","2","9","19","38","46","74","89","1","9","22","18","21","24","28","2","16","17","16","17","15","20","0","2","5","3","8","8","5","0","5","8","10","6","16","9","292","75","58","18","16","5","2","0","30","320","75","65","19","17","5","6","8","58","128","38","31","5","8","0","3","1","12","50","20","4","2","1","2","0","0","6"
"s25","voters","254014","315","114","110","19","2","2","3","0","0","0","65","143","172","22","25","17","5","5","1","3","0","2","2","2","2","0","1","1","0","1","0","1","0","4","2","0","0","0","2","0","0","6","3","4","0","0","4","7","10","9","5","7","1","5","12","15","15","7","17","0","2","6","12","9","9","17","0","0","6","9","10","17","13","0","5","6","5","5","5","9","1","0","5","2","5","8","9","0","1","2","3","1","3","1","0","1","2","3","2","5","2","64","25","12","4","1","0","3","0","5","71","10","11","3","4","4","2","0","5","39","10","10","4","1","0","0","0","1","21","2","2","0","0","0","0","1","0"
"s25","voters","254018","690","261","260","34","1","3","10","0","4","0","117","333","357","53","36","24","10","6","6","0","1","2","9","3","0","4","1","2","0","8","13","12","4","22","5","16","3","4","10","1","0","14","5","4","2","0","6","8","15","12","24","35","1","13","30","21","22","37","37","1","7","11","18","22","40","37","2","5","7","14","30","26","40","0","7","8","12","15","15","9","1","2","8","7","12","12","9","1","2","3","7","5","6","7","0","1","5","3","1","6","5","162","53","21","5","3","2","0","1","14","146","41","23","8","5","4","4","2","27","64","24","15","4","2","0","2","2","4","37","9","3","0","1","0","0","1","1"
"s25","voters","254024","7","0","7","0","0","0","0","0","0","0","0","5","2","0","0","0","0","0","0","0","0","0","3","0","0","0","0","0","0","0","1","0","0","0","0","0","0","0","0","0","0","0","0","0","0","0","0","0","0","0","0","0","0","0","0","0","0","0","0","0","0","0","1","1","0","3","0","0","0","1","0","0","1","0","0","0","0","0","0","0","0","0","0","0","0","0","0","0","0","0","0","0","0","0","0","0","0","0","0","0","0","0","0","0","0","0","0","0","0","0","5","2","0","0","0","0","0","0","0","0","0","0","0","0","0","0","0","0","0","0","0","0","0","0","0","0","0"
"s25","voters","254028","1806","622","809","74","5","19","12","0","2","0","263","863","943","220","120","62","25","13","17","13","0","2","11","1","0","6","7","2","0","4","1","9","0","11","5","6","5","7","6","1","1","16","9","5","2","1","17","29","39","46","50","75","2","33","44","57","51","65","113","2","20","29","59","65","87","144","1","18","28","66","60","79","151","1","17","13","20","22","28","40","4","18","13","24","20","23","20","0","2","6","8","10","11","22","0","9","5","6","5","13","15","346","112","87","13","19","1","4","5","35","413","126","95","25","29","4","12","12","93","148","40","36","19","8","1","4","1","6","69","22","14","2","2","0","0","0","3"
"s25","voters","254029","695","283","264","35","1","2","4","0","5","0","101","309","386","161","65","53","15","1","6","1","1","0","1","1","0","2","0","0","0","2","0","0","0","0","0","1","0","2","2","3","0","2","0","1","0","2","6","20","14","23","25","36","3","12","28","26","16","29","43","1","5","5","25","16","31","34","0","6","17","29","25","28","42","0","12","4","6","6","8","10","1","7","11","11","11","6","8","0","1","5","2","2","5","5","1","4","3","3","1","8","7","145","45","27","18","15","1","7","1","24","133","40","46","6","9","1","3","4","22","52","14","15","8","3","2","2","2","3","30","10","3","1","2","0","0","0","1"
"s25","voters","254040","1492","571","629","59","3","15","10","0","1","0","204","721","771","180","101","43","19","8","25","9","2","8","3","2","1","1","2","1","1","6","4","1","0","26","4","8","3","7","18","3","1","11","7","9","0","2","20","31","21","50","43","72","2","33","48","43","64","54","88","4","36","18","33","67","94","81","0","9","22","41","53","102","69","2","16","13","18","14","23","20","4","9","12","10","27","18","18","0","9","7","5","7","9","6","0","2","5","9","12","9","8","293","90","80","23","19","3","9","4","50","352","81","84","21","17","1","9","4","60","102","28","31","16","5","1","5","1","15","63","16","7","0","1","0","0","0","1"
"s25","voters","254043","1379","505","588","59","4","14","6","0","3","0","200","620","759","150","112","46","14","16","13","5","2","2","15","1","0","0","2","2","0","9","5","6","1","31","8","15","2","10","7","4","0","8","6","5","4","1","22","22","20","23","54","60","1","27","43","28","57","51","96","0","22","22","27","58","81","78","1","15","19","38","59","71","97","2","11","12","17","14","15","16","3","16","10","25","20","14","25","0","3","11","6","7","8","8","0","6","5","7","2","11","12","292","73","64","16","21","1","3","3","32","324","86","73","17","23","3","7","4","51","111","29","24","8","11","1","3","2","11","55","14","12","1","1","0","1","2","0"
"s25","voters","254046","543","207","239","15","0","2","5","0","2","0","73","263","280","55","54","18","6","4","6","0","3","0","0","0","0","0","0","0","0","5","1","2","0","21","2","5","0","3","7","1","0","5","3","1","0","0","16","7","12","11","23","27","0","13","19","14","17","21","27","0","8","16","12","22","33","27","0","9","6","15","33","30","28","1","4","11","3","8","5","3","0","9","4","5","6","8","6","0","3","3","2","1","4","1","0","1","3","1","2","2","1","128","34","19","3","6","3","3","1","10","134","28","36","8","8","0","1","2","22","35","8","15","3","3","1","1","0","7","18","3","2","0","1","0","0","0","0"
"s25","voters","255000","1698","564","783","87","3","6","14","0","5","0","236","807","891","154","136","56","14","12","17","7","2","4","13","5","1","1","0","2","0","10","13","11","3","26","8","16","1","6","15","6","1","2","5","2","0","2","40","27","31","39","46","47","2","39","37","55","66","71","62","5","31","35","46","86","119","81","0","20","31","40","97","114","78","0","15","13","18","25","31","20","1","15","15","18","25","23","17","0","8","1","8","11","13","9","2","12","3","11","14","12","11","283","112","89","18","20","2","2","2","36","408","107","103","25","24","9","11","3","93","124","35","38","10","10","1","5","3","10","69","23","11","5","3","1","0","0","3"
"s25","voters","255009","1877","646","822","72","6","13","7","0","6","0","305","885","992","176","151","57","27","9","20","3","4","6","4","3","2","0","2","1","0","11","8","16","0","42","12","29","4","12","20","10","1","13","7","13","2","1","19","39","34","41","56","76","3","43","44","55","71","67","97","2","26","44","44","72","113","100","2","32","34","42","99","122","90","1","27","20","24","41","29","20","2","21","12","23","29","32","24","0","6","7","10","11","14","8","0","12","3","7","9","8","9","349","100","99","20","23","1","4","6","44","433","139","104","24","17","4","12","8","81","185","33","44","16","6","3","2","1","15","68","17","13","0","2","1","0","1","2"
"s25","voters","255011","2104","655","1021","82","5","9","12","0","9","0","311","1000","1104","183","153","62","17","21","23","9","5","4","11","7","2","2","6","1","0","8","12","5","1","32","27","19","5","5","6","5","5","9","10","4","1","1","28","27","21","51","61","83","5","49","36","39","79","87","88","5","46","34","56","111","145","126","3","33","26","73","113","137","113","6","23","17","17","30","30","29","1","23","28","19","36","26","26","0","5","4","7","9","14","14","1","4","8","9","13","16","13","363","120","82","17","15","3","7","3","45","524","178","146","28","26","8","12","13","86","182","52","33","22","8","0","1","0","13","82","16","13","1","2","0","0","2","1"
"s25","voters","255017","1292","462","588","45","1","11","12","0","2","0","171","599","693","121","88","40","13","8","16","1","1","3","8","1","0","3","3","6","1","5","4","2","2","17","9","14","2","6","12","8","0","5","6","1","1","1","23","19","17","23","44","48","4","39","30","33","53","49","79","2","22","33","28","59","85","65","2","15","23","33","69","84","68","1","13","10","13","23","13","20","3","13","9","9","15","16","13","0","3","6","3","7","8","10","0","5","5","6","6","5","7","270","58","56","17","14","1","6","5","35","315","80","79","21","12","3","8","2","68","98","22","14","11","4","0","4","1","17","43","16","9","2","0","0","0","1","0"
"s25","voters","255021","1745","559","864","57","6","12","7","0","6","0","234","820","925","152","161","69","20","16","37","7","1","2","3","2","0","0","0","1","0","10","7","11","1","15","8","8","6","7","11","3","1","9","7","4","3","0","21","24","23","37","53","70","1","30","38","41","57","73","91","4","38","42","47","84","120","96","4","29","44","52","94","114","96","0","12","23","18","21","24","15","1","21","10","19","32","23","15","2","4","7","3","7","13","12","0","8","2","8","5","9","8","299","89","84","15","13","4","6","3","46","458","128","114","20","23","8","17","4","92","127","37","27","14","9","3","4","0","13","63","17","5","1","0","0","0","0","2"
"s25","voters","255031","1498","586","606","71","1","9","12","0","8","0","205","722","776","157","113","41","21","8","17","2","2","17","9","4","2","2","4","4","3","12","5","4","1","14","6","13","0","5","10","0","0","16","8","9","2","1","23","43","41","42","41","59","1","27","48","61","59","69","71","1","24","35","40","62","88","59","0","21","35","50","65","65","61","1","17","13","22","20","18","12","5","14","15","15","16","22","15","0","10","11","10","10","11","8","0","9","4","4","9","7","8","373","95","58","18","8","1","3","4","26","356","91","81","14","11","6","8","4","35","134","33","24","3","4","1","2","0","4","68","23","7","2","1","0","0","0","0"
"s25","voters","255033","592","238","205","36","1","5","5","0","3","0","99","250","342","54","48","27","14","1","8","0","1","0","0","0","0","2","2","0","0","1","3","2","0","1","0","1","0","0","2","0","0","5","0","1","2","0","8","11","9","23","10","15","1","14","22","25","31","32","37","1","5","11","15","23","20","23","0","3","11","16","24","19","34","0","7","13","6","9","8","8","1","7","7","11","11","2","9","0","4","3","7","7","2","2","0","2","5","4","4","7","3","146","35","36","9","6","1","1","2","2","120","36","21","6","7","0","3","3","9","65","12","14","2","2","0","1","0","3","41","6","2","1","0","0","0","0","0"
"s25","voters","261101","895","408","264","44","4","5","14","0","2","0","154","389","506","221","75","86","21","0","1","4","4","1","1","1","0","0","0","0","0","3","1","2","0","0","0","0","0","1","0","0","0","12","2","3","1","4","19","24","24","19","24","36","5","48","38","30","35","32","70","0","6","19","16","21","28","41","1","6","11","17","20","31","47","0","15","12","12","15","12","12","1","11","19","17","10","8","10","0","3","5","4","5","4","9","1","4","8","8","6","5","7","254","66","46","13","10","2","4","2","11","168","40","32","8","4","1","1","0","10","96","18","19","10","5","0","2","0","4","50","12","4","0","1","0","0","1","1"
"s25","voters","261106","676","252","270","34","2","2","3","0","7","0","106","307","369","119","51","47","8","3","3","5","0","0","2","0","0","0","0","1","0","0","1","0","0","1","0","0","0","2","4","2","1","8","14","0","0","1","7","17","13","11","17","31","5","21","19","31","19","19","41","0","5","10","10","25","34","50","0","4","9","18","23","34","48","2","6","5","11","9","10","10","1","10","9","6","8","10","9","0","1","2","1","3","8","8","1","8","2","1","3","4","6","155","48","30","3","3","1","1","0","11","163","30","36","12","8","2","3","1","15","69","13","7","3","5","1","1","1","6","28","13","3","1","1","1","0","0","1"
"s25","voters","261117","400","166","142","14","2","8","3","0","0","0","65","181","219","83","37","29","4","2","8","0","1","0","0","0","0","0","0","0","0","0","0","1","0","0","0","0","1","0","1","0","0","0","0","0","0","0","6","9","13","7","10","19","1","7","18","11","19","14","32","2","4","11","7","11","18","14","0","1","8","12","17","16","21","1","2","8","3","5","7","7","0","6","3","7","1","8","7","0","0","4","0","6","1","6","0","3","1","0","0","3","3","115","15","19","5","6","1","1","1","3","88","23","12","2","5","0","0","4","8","40","11","6","1","2","0","3","0","2","14","8","1","1","2","0","0","0","1"
"s25","voters","261127","226","81","102","8","0","0","2","0","2","0","31","105","121","50","19","16","1","4","5","2","0","0","0","0","0","0","2","0","0","0","0","1","0","0","0","0","0","0","1","0","0","0","0","1","0","1","3","9","4","6","5","5","0","3","14","9","8","5","9","0","5","8","7","11","8","14","0","2","6","9","6","11","15","0","1","6","4","2","0","0","0","3","3","5","1","4","2","0","1","2","1","0","1","1","1","1","0","1","0","1","2","47","17","7","1","3","0","1","0","5","63","12","12","1","1","1","2","0","10","19","5","3","1","2","0","0","0","1","5","3","2","2","0","0","0","0","0"
"s25","voters","262107","1075","453","379","60","5","5","9","0","5","0","159","505","570","219","116","55","21","10","7","0","1","0","1","0","1","2","0","0","0","2","3","4","0","4","3","1","0","4","4","1","0","16","5","3","2","0","21","24","35","32","37","40","1","41","34","45","43","48","52","1","11","18","46","36","37","44","1","4","25","41","35","43","37","1","12","12","18","16","11","8","0","13","16","12","18","14","8","0","6","10","6","12","7","4","0","6","10","5","10","6","2","319","66","43","7","8","2","1","1","6","263","41","31","7","15","2","4","2","14","107","18","16","8","2","1","2","1","4","62","13","7","0","0","0","1","1","0"
"s25","voters","262110","422","190","133","29","4","3","6","0","1","0","56","195","227","104","30","30","14","1","5","0","2","0","0","0","0","0","0","0","0","2","0","0","0","0","0","0","0","0","2","0","0","4","1","0","0","0","9","12","10","13","15","17","1","13","18","18","17","23","24","1","3","6","9","11","15","22","1","0","4","10","13","24","14","0","5","5","7","1","7","4","0","6","6","1","6","6","2","0","2","4","4","3","8","2","0","4","3","2","4","3","4","110","32","15","17","7","1","0","0","8","65","17","26","5","5","1","2","2","10","32","8","6","3","0","0","1","0","6","28","7","4","0","2","0","1","0","1"
"s25","voters","262122","990","461","292","40","6","9","9","0","7","0","166","450","540","212","89","74","16","10","8","1","0","0","3","2","0","3","1","0","0","6","1","1","2","7","1","3","2","0","6","6","2","11","9","7","2","4","17","28","18","35","46","34","6","33","37","45","54","53","51","1","15","14","29","38","33","24","2","11","12","28","35","19","31","1","8","13","14","27","5","9","1","18","13","22","15","14","6","0","8","9","3","8","5","4","0","5","7","8","5","6","3","274","92","46","10","12","3","6","6","12","187","38","38","9","10","0","2","2","6","104","25","11","10","8","1","5","1","1","46","10","7","3","1","1","1","0","2"
"s25","voters","262125","897","379","326","38","2","6","8","0","2","0","136","393","504","159","110","53","19","2","1","4","0","6","0","2","1","0","1","1","0","3","0","2","0","1","0","0","0","3","8","6","0","2","6","2","1","1","11","15","21","27","31","38","2","35","42","35","34","44","43","4","6","18","15","36","44","35","1","9","18","23","35","37","45","2","11","5","14","10","10","9","4","10","15","13","12","12","9","0","4","4","5","7","5","5","1","8","7","3","4","3","0","225","63","55","9","7","6","5","0","9","169","53","43","13","15","4","5","2","22","96","10","13","11","3","0","0","0","3","38","5","4","3","3","1","1","0","1"
"s25","voters","263108","844","335","311","50","3","9","7","0","1","0","128","390","454","112","72","29","11","5","9","5","3","5","3","3","0","0","4","0","0","3","3","3","0","1","2","0","0","4","2","2","0","5","5","1","1","1","13","20","17","21","33","42","4","17","19","23","32","38","55","2","18","9","11","18","43","51","2","5","7","21","21","40","63","0","6","9","7","5","11","21","0","8","4","8","12","19","18","0","2","3","3","2","9","13","1","4","4","2","4","11","12","189","70","38","15","6","2","4","0","11","144","64","40","18","9","2","3","4","27","68","22","10","8","9","2","2","1","6","48","8","5","1","4","2","1","0","1"
"s25","voters","263114","1509","619","556","70","4","11","12","0","8","0","229","685","824","184","122","75","23","9","22","5","0","2","6","1","0","1","0","3","3","2","7","12","0","1","7","1","0","7","5","2","0","12","15","4","1","3","24","19","39","46","36","66","7","43","41","77","80","61","77","1","24","20","39","70","71","55","3","18","23","47","70","56","59","7","15","7","23","27","20","18","2","18","13","23","24","16","16","0","11","4","10","9","10","11","1","8","4","10","8","6","13","373","130","72","16","13","1","5","2","7","338","87","63","16","15","1","8","7","21","142","37","26","11","3","2","1","3","4","69","20","12","4","0","0","0","0","0"
"s25","voters","263128","44","11","20","4","0","1","0","0","0","0","8","24","20","4","6","1","4","1","0","1","0","0","0","0","0","0","0","0","0","1","0","1","0","0","0","0","0","0","0","0","0","0","1","0","0","0","2","0","2","1","0","0","0","0","1","2","3","0","0","0","0","3","1","5","1","1","0","0","1","2","3","0","3","0","3","0","1","0","1","1","0","0","1","0","0","0","1","0","0","0","1","1","0","0","1","1","0","0","1","0","0","3","4","2","0","2","0","0","0","0","9","2","6","1","2","0","0","0","0","3","1","2","0","2","0","0","0","0","3","2","0","0","0","0","0","0","0"
"s25","voters","263129","200","80","73","9","0","1","3","0","3","0","31","89","111","32","17","9","3","3","2","0","0","0","0","0","0","0","0","0","0","1","0","0","0","0","0","0","0","0","0","0","0","3","1","0","0","0","5","4","8","6","7","6","2","2","6","10","8","8","8","0","0","0","14","8","5","4","0","2","6","13","5","8","8","1","1","4","6","2","0","1","1","1","1","4","4","1","4","0","0","0","4","1","0","2","0","1","3","1","0","1","3","44","19","14","0","1","0","0","0","2","32","13","19","1","2","1","1","0","4","18","4","5","1","0","0","1","0","2","12","2","1","1","0","0","0","0","0"
"s25","voters","263134","1344","533","495","72","3","9","14","0","2","0","216","610","734","145","79","65","17","11","9","5","0","3","2","1","1","5","2","0","0","0","0","0","0","3","0","4","0","0","0","0","2","15","14","11","7","9","11","12","35","50","35","54","3","36","36","52","77","46","77","5","15","23","52","66","41","50","3","10","24","59","53","44","50","4","9","9","24","29","12","16","3","13","17","29","25","10","16","0","2","4","10","10","9","14","0","5","4","16","14","5","7","293","112","63","22","34","4","2","2","1","281","81","64","21","27","5","5","3","8","125","32","25","14","9","2","4","1","4","53","24","14","0","4","1","1","2","1"
"s25","voters","264104","1573","543","682","83","8","7","20","0","3","0","227","753","820","277","169","104","23","7","16","4","1","2","5","0","1","2","3","2","0","5","0","6","0","2","2","0","1","3","7","2","1","5","12","3","0","6","24","21","26","38","42","66","2","44","38","43","60","62","71","1","22","30","62","77","85","80","3","14","25","64","66","72","81","3","15","17","13","21","16","24","3","11","11","21","22","25","25","0","7","6","8","11","18","14","0","6","8","10","12","10","11","307","94","71","18","19","3","6","4","21","400","114","77","24","14","4","4","6","39","126","38","19","14","7","2","4","4","13","70","27","9","4","1","2","3","0","5"
"s25","voters","264107","1490","570","633","57","5","12","13","0","1","0","199","695","795","309","149","91","24","8","13","3","2","0","0","0","0","1","2","1","0","0","0","0","0","6","2","0","0","5","1","4","0","7","5","0","0","2","27","33","22","37","47","62","3","52","42","52","51","70","70","1","28","39","45","56","69","89","1","20","27","37","56","78","87","2","12","10","22","19","18","18","1","9","16","21","18","15","18","1","3","4","4","6","8","11","1","4","10","8","9","7","12","339","85","66","23","14","0","7","5","31","332","93","100","18","13","1","6","10","60","107","23","35","9","12","0","2","1","10","55","18","5","3","2","0","2","2","1"
"s25","voters","264113","598","274","185","20","0","4","5","0","2","1","107","264","334","141","55","59","15","5","7","1","3","0","0","0","0","0","1","0","0","2","1","0","0","1","0","0","0","3","0","1","0","1","2","1","0","2","14","10","20","15","16","24","1","34","26","34","25","25","28","1","4","14","16","14","23","24","0","4","9","14","18","23","21","3","6","14","6","5","7","9","2","13","10","6","11","8","7","0","1","6","0","4","5","1","0","1","2","3","4","2","3","176","58","28","3","4","0","0","1","4","100","22","29","4","3","1","0","2","24","76","11","9","2","3","0","2","1","3","11","9","7","0","1","0","1","0","3"
"s25","voters","265108","1387","623","444","56","5","8","15","0","2","0","234","573","814","250","103","99","24","11","9","3","1","0","0","0","0","4","2","0","0","1","1","1","0","8","1","0","0","12","4","2","2","19","18","6","1","0","21","25","38","34","39","57","6","53","63","70","53","77","87","0","8","24","47","38","66","38","3","7","23","37","42","56","55","2","10","18","28","16","13","11","2","14","24","27","22","27","20","0","3","7","10","5","7","8","1","8","6","10","7","6","8","365","154","65","25","4","2","1","3","4","266","73","62","11","13","0","1","2","16","147","40","32","7","3","1","1","0","3","54","21","6","4","1","0","0","0","0"
"s25","voters","265112","1130","537","324","66","5","4","6","0","3","0","185","495","635","253","98","97","32","5","5","2","4","4","0","0","0","0","0","0","1","0","1","1","0","3","2","1","0","3","3","0","0","6","7","2","1","3","11","33","24","30","43","63","5","33","52","44","36","64","96","2","11","14","23","30","37","47","1","5","16","27","21","33","57","2","9","14","18","11","10","18","3","14","11","22","22","15","16","1","4","3","13","5","9","7","1","4","4","6","10","6","11","304","91","70","21","15","6","6","3","21","205","50","39","2","10","4","1","0","13","124","20","19","4","8","4","2","0","4","57","13","9","1","1","0","0","2","1"
"s25","voters","265117","698","240","316","30","3","7","7","0","0","0","95","306","392","73","70","22","14","1","10","0","1","0","5","3","0","0","2","0","0","2","0","3","0","2","1","1","0","0","0","0","0","0","7","1","1","0","12","7","17","10","16","19","3","14","22","26","29","30","35","1","9","17","30","42","29","25","4","5","20","32","40","31","31","3","7","6","8","9","9","7","0","12","6","7","13","7","1","0","1","3","7","8","4","0","0","2","2","9","3","3","5","134","51","25","7","8","2","2","1","10","192","44","36","9","6","1","6","2","20","54","14","8","5","3","0","2","1","8","34","9","3","0","0","1","0","0","0"
"s25","voters","270005","658","103","440","34","1","4","5","0","0","0","71","312","346","17","33","6","1","4","20","2","3","0","0","0","0","0","1","0","0","1","1","1","0","1","0","0","0","0","0","0","0","0","0","1","0","0","2","3","1","7","8","17","1","8","5","9","4","11","27","1","10","14","26","34","59","74","0","4","18","27","25","70","78","2","3","4","7","1","7","12","0","6","8","5","2","7","7","0","1","4","2","0","5","8","1","1","2","4","2","7","7","57","16","15","1","6","0","0","3","5","262","66","56","15","6","2","5","5","23","45","8","6","5","2","0","0","0","5","31","6","3","0","1","0","0","0","3"
"s25","voters","270011","2310","421","1505","99","3","20","26","0","4","1","231","1106","1204","52","113","19","23","19","58","8","2","0","0","0","0","1","3","0","1","1","7","3","0","0","4","2","0","3","1","0","0","0","4","2","2","1","11","11","9","15","38","85","2","13","15","13","27","54","127","3","36","46","102","102","173","275","3","23","49","99","111","194","289","0","9","18","14","21","22","36","0","11","10","19","21","20","30","0","4","11","6","12","26","20","1","8","8","16","7","15","19","254","67","46","9","9","1","4","1","30","878","227","194","42","36","4","18","7","99","137","26","35","18","5","3","2","1","4","98","32","12","5","0","0","1","0","5"
"s25","voters","270013","1186","197","808","56","1","6","5","0","2","0","111","564","622","27","79","6","4","7","26","7","2","0","1","0","0","0","2","0","0","0","2","1","0","0","0","0","0","0","2","0","0","3","1","0","0","0","4","4","4","4","12","45","0","7","5","7","16","24","65","1","22","24","57","61","83","152","1","13","26","57","66","93","152","0","5","8","7","8","13","16","1","4","8","7","7","8","19","0","5","1","3","5","6","14","0","1","2","3","3","8","19","113","34","22","3","4","0","2","1","18","445","158","107","16","18","2","4","5","53","62","16","13","7","2","1","1","5","4","43","14","4","2","1","1","0","3","2"
"s25","voters","270017","413","76","274","17","1","1","3","0","3","0","38","196","217","11","21","3","1","5","7","3","2","0","0","0","0","0","0","0","0","0","0","0","0","0","1","0","0","0","0","0","0","0","0","0","0","0","0","5","1","5","5","14","0","4","4","5","6","6","21","0","3","13","29","21","33","35","1","4","17","27","26","25","40","0","2","2","0","4","2","11","1","1","0","4","4","4","3","0","1","6","1","1","0","2","0","1","3","2","2","4","2","47","10","8","0","2","1","4","0","4","161","38","35","10","7","0","5","2","16","21","6","5","1","1","1","1","1","1","18","6","1","0","0","0","0","0","0"
"s25","voters","301004","2293","906","997","121","2","18","14","0","5","0","230","958","1335","254","161","58","32","22","40","8","4","0","0","1","0","3","1","0","0","2","2","1","1","2","1","3","0","2","2","0","0","18","8","5","3","3","18","25","15","20","52","227","2","19","28","30","35","103","329","1","8","13","28","17","80","277","1","6","9","27","27","111","392","0","6","11","7","16","19","49","1","13","6","4","14","18","66","0","3","8","9","7","13","26","0","6","5","7","10","18","48","587","148","79","32","16","7","7","4","26","597","157","98","37","24","5","10","3","66","154","22","20","12","10","4","3","1","4","111","23","17","3","3","2","0","1","0"
"s25","voters","301012","1705","631","725","90","3","25","13","0","3","0","215","750","955","184","135","57","31","13","20","0","0","0","1","0","0","1","0","2","1","1","2","0","1","2","2","0","0","1","1","1","1","11","17","5","1","0","14","12","20","25","53","119","2","28","28","28","46","61","195","1","7","25","34","51","82","135","2","7","22","31","50","95","183","0","8","9","16","13","17","42","2","12","12","16","14","16","38","3","1","7","4","11","11","30","1","6","5","8","9","16","22","368","115","63","22","11","5","12","4","31","437","116","81","23","15","1","5","7","40","131","27","25","14","1","0","4","0","13","85","24","11","8","2","0","0","0","4"
"s25","voters","301015","2628","1059","1111","146","6","31","12","0","11","0","252","1063","1565","215","152","60","33","35","52","12","7","3","5","0","0","1","3","2","0","4","5","1","1","1","1","0","1","2","1","0","0","8","10","0","0","0","1","9","12","18","69","263","1","3","11","9","22","147","494","0","3","7","9","15","82","343","0","1","4","10","15","132","490","0","3","8","5","11","28","84","0","2","4","6","7","20","74","0","0","1","2","3","19","68","0","3","7","1","4","34","64","693","168","105","17","8","5","9","9","45","699","183","106","26","23","8","11","7","48","165","33","17","13","2","3","3","2","14","132","44","13","5","4","1","2","0","5"
"s25","voters","301017","556","176","253","27","2","7","4","0","0","0","87","258","298","59","47","30","9","8","4","1","1","0","0","0","0","0","1","0","0","0","0","0","1","2","0","0","1","2","0","0","0","6","0","2","0","1","7","6","8","14","17","17","0","9","12","12","19","27","27","2","7","6","25","19","36","29","2","7","12","22","31","25","30","1","5","5","7","7","11","11","0","7","8","5","7","10","3","0","0","1","4","6","3","3","0","1","3","4","8","4","3","104","28","13","2","8","1","1","2","17","137","44","37","9","5","1","2","2","16","52","11","10","4","2","0","3","0","5","25","5","8","0","0","0","0","0","2"
"s25","voters","301022","1684","645","709","96","7","21","7","0","2","0","197","740","944","209","115","58","32","14","21","9","3","3","0","0","1","2","2","1","1","1","0","0","0","1","4","0","0","2","0","0","1","13","5","4","1","1","4","13","16","14","49","154","4","14","33","26","28","64","225","1","9","21","24","28","66","175","0","6","15","25","26","81","232","0","5","11","9","15","19","41","1","4","10","12","9","21","40","0","3","3","6","10","18","25","0","5","5","4","4","23","27","372","118","78","19","16","3","5","5","29","431","98","75","18","27","3","6","8","43","121","24","19","11","8","0","3","0","11","73","32","16","2","4","1","1","2","2"
"s25","voters","301034","904","382","336","33","1","10","7","0","1","0","134","383","521","117","66","42","9","10","9","2","3","2","3","1","0","2","0","0","0","0","3","0","0","0","2","2","1","3","0","1","0","2","7","2","0","0","11","10","16","10","24","66","2","14","24","29","14","51","111","1","5","13","18","20","31","69","0","1","13","17","21","33","94","0","5","8","11","9","8","25","1","4","10","8","15","8","22","0","0","4","3","1","9","6","0","3","4","3","4","7","8","251","61","37","8","5","0","2","0","18","205","56","31","12","6","3","0","2","21","85","19","12","2","6","1","1","4","4","33","13","3","1","1","1","0","0","0"
"s25","voters","301036","903","314","386","36","4","5","11","0","4","0","143","399","504","145","96","61","18","3","10","0","0","0","0","0","0","0","0","0","0","0","0","0","0","1","0","0","0","2","2","2","0","8","3","4","0","1","13","14","16","16","23","38","2","21","28","30","28","35","49","3","18","25","31","36","34","38","1","11","11","34","36","46","62","1","13","7","12","9","9","13","2","13","11","12","15","13","13","0","3","6","7","6","2","5","1","2","2","5","8","5","8","172","63","46","5","6","2","4","0","16","232","50","47","8","15","0","6","5","23","81","20","20","4","7","1","1","2","7","34","10","9","1","3","0","0","0","3"
"s25","voters","302000","1243","451","514","49","5","10","25","0","4","0","185","571","672","231","103","79","26","5","12","2","1","1","1","1","0","3","0","0","0","2","0","0","0","1","0","1","0","1","1","0","1","2","2","2","1","1","24","25","30","22","34","43","1","35","71","39","31","42","53","3","19","25","37","53","51","68","2","14","17","58","47","53","67","1","16","18","14","12","14","13","2","22","22","10","15","17","9","0","4","7","4","10","11","12","2","8","10","5","5","7","8","263","80","60","12","9","1","3","3","20","286","82","68","17","26","0","6","1","28","119","26","14","5","6","2","2","1","10","67","11","7","2","5","0","1","0","0"
"s25","voters","302005","1076","390","473","47","3","8","11","0","2","0","142","488","588","91","84","36","22","12","26","4","1","0","0","0","0","0","0","0","0","0","3","0","0","1","0","0","0","0","0","0","0","9","4","8","3","3","11","20","25","23","21","48","4","22","20","42","43","34","74","2","10","16","48","49","43","64","0","13","18","52","47","53","58","2","8","10","15","14","10","10","2","16","8","20","7","7","13","0","3","2","8","9","5","9","0","4","3","7","10","10","1","242","72","46","20","5","1","0","2","2","262","79","69","35","12","2","5","3","6","93","11","23","7","3","1","1","0","3","49","13","7","1","1","0","0","0","0"
"s25","voters","302007","937","376","399","41","0","8","7","0","2","0","104","438","499","109","70","27","14","12","15","5","2","0","0","1","0","1","1","0","0","5","0","1","0","0","1","0","0","3","3","2","0","14","3","1","2","2","7","14","15","26","16","76","0","10","16","32","21","38","103","1","3","19","26","27","29","93","1","3","12","25","14","55","91","0","2","7","7","6","6","22","1","4","9","9","5","10","16","0","2","5","8","1","2","16","0","0","1","4","2","4","13","283","59","17","8","6","0","1","0","2","286","48","31","25","5","0","1","1","2","76","9","6","8","0","0","0","1","4","40","11","5","2","0","0","0","0","0"
"s25","voters","302009","1750","591","784","97","3","10","20","0","5","0","240","824","926","190","176","71","36","11","19","5","3","2","0","1","1","1","2","0","1","2","0","1","1","0","0","8","0","1","9","2","2","6","17","8","4","1","20","22","37","39","34","76","1","32","45","74","59","58","93","2","25","35","78","83","78","92","1","14","40","76","67","85","108","1","20","18","31","21","16","26","1","12","17","23","25","13","16","1","7","7","16","14","10","14","1","8","2","17","14","11","13","316","143","78","12","13","3","4","2","20","441","126","119","27","19","1","11","2","38","151","30","21","15","4","2","4","2","11","79","35","13","2","3","0","2","1","0"
"s25","voters","302011","1716","684","680","84","5","9","24","0","6","0","224","787","929","201","143","63","37","20","21","6","2","5","2","2","2","3","0","0","1","6","5","1","0","5","2","2","1","4","1","3","1","27","23","4","7","3","15","38","53","36","60","59","5","46","49","69","81","69","101","2","12","34","66","69","62","81","2","16","39","71","62","71","93","6","7","18","32","30","12","19","1","4","16","31","21","9","18","0","7","9","12","17","14","14","0","5","6","14","8","10","12","448","162","49","4","6","0","2","2","11","421","150","71","16","6","1","1","0","14","155","38","19","3","3","0","1","0","5","93","21","10","2","2","0","0","0","0"
"s25","voters","302013","1268","456","518","70","1","8","16","0","3","0","196","567","701","171","106","65","19","11","14","6","4","3","0","0","0","0","3","0","0","1","2","1","0","0","2","0","0","2","4","3","1","2","1","1","1","0","19","29","32","29","31","29","3","26","46","50","51","54","57","1","25","31","46","55","48","53","1","13","30","48","46","61","60","3","14","16","17","21","14","10","2","11","15","22","27","12","12","0","4","3","7","15","11","4","1","5","7","11","10","12","8","282","88","44","12","10","2","3","0","15","293","97","61","10","15","3","4","2","33","129","25","16","2","10","0","4","2","8","65","20","9","1","1","0","1","0","1"
"s25","voters","302019","413","85","239","21","1","8","7","0","3","0","49","217","196","27","32","15","5","2","8","2","4","0","0","0","0","0","0","0","0","0","0","0","0","0","0","0","0","0","0","0","0","0","0","0","0","0","1","3","4","5","11","16","0","5","3","6","5","12","14","0","8","10","19","24","35","38","1","7","11","15","16","21","34","0","4","2","5","3","6","4","1","1","3","7","4","4","5","0","2","3","2","2","2","8","1","1","3","3","3","6","4","55","8","10","1","6","0","1","1","3","129","42","30","7","5","0","1","3","22","30","5","3","4","4","1","0","0","2","24","10","3","0","1","0","1","0","1"
"s25","voters","302024","22","10","12","0","0","0","0","0","0","0","0","11","11","4","1","0","0","0","0","0","0","0","0","0","0","0","0","0","0","0","0","0","0","0","0","0","0","0","0","0","0","0","0","0","0","0","0","2","1","0","0","4","0","0","0","0","0","1","2","0","0","0","1","1","1","1","0","0","0","1","1","2","4","0","0","0","0","0","0","0","0","0","0","0","0","0","0","0","0","0","0","0","0","0","0","0","0","0","0","0","0","4","2","3","0","0","0","0","0","1","9","1","2","0","0","0","0","0","0","0","0","0","0","0","0","0","0","0","0","0","0","0","0","0","0","0","0"
"s25","voters","302035","209","76","77","14","1","0","5","0","0","0","36","91","118","27","9","15","6","2","6","0","0","1","0","0","0","0","0","0","0","0","0","4","2","1","0","0","0","0","0","0","0","5","1","1","1","0","1","6","5","9","7","1","2","5","10","8","7","11","4","0","1","7","5","5","11","12","0","1","2","7","7","11","8","0","2","5","3","1","0","2","0","4","6","5","3","3","2","0","1","2","3","1","1","0","1","1","4","2","2","1","1","48","21","2","2","1","0","0","0","2","54","16","3","1","2","0","0","0","1","30","4","1","0","0","0","1","0","0","19","1","0","0","0","0","0","0","0"
"s25","voters","303007","1104","413","441","70","4","8","14","0","4","0","150","516","588","141","87","51","25","12","11","1","2","0","1","0","0","2","0","0","0","2","2","1","0","3","0","1","0","3","5","3","1","5","10","6","0","5","17","18","31","30","33","39","3","33","27","45","42","42","48","2","9","18","42","39","59","51","3","5","12","43","36","50","72","0","13","5","14","13","14","12","2","18","7","12","19","6","15","2","3","6","8","11","15","7","1","5","5","11","8","8","10","236","70","71","10","8","2","3","0","13","244","64","57","18","20","0","3","2","33","87","21","16","11","6","0","0","0","9","60","17","9","4","6","1","0","3","0"
"s25","voters","303008","1394","529","539","84","3","9","8","0","2","0","220","640","754","145","115","64","22","15","13","5","3","0","1","2","0","2","3","0","0","1","2","1","0","7","1","6","0","2","4","5","0","18","23","9","1","2","21","34","36","38","33","42","4","32","40","58","69","54","66","2","21","29","62","50","47","63","3","18","23","76","38","45","62","1","14","21","24","26","10","13","2","9","15","28","22","21","14","0","5","4","11","8","10","13","0","6","11","7","14","9","8","361","94","41","15","5","2","1","2","8","368","83","56","10","8","3","2","3","6","147","32","23","8","2","1","3","1","3","69","22","8","3","0","0","2","0","2"
"s25","voters","303012","1565","520","722","78","3","11","21","0","3","0","207","659","906","171","124","54","27","22","15","4","2","0","0","2","1","0","3","0","0","1","2","2","0","3","2","3","0","0","1","1","0","6","14","4","1","0","14","17","27","23","31","75","2","20","43","37","42","75","114","1","16","31","48","54","80","106","1","10","32","61","31","98","153","2","15","13","13","12","18","16","5","21","11","21","15","15","30","1","1","9","11","6","8","11","0","6","10","13","11","13","16","310","92","61","14","7","0","4","4","28","402","125","94","13","15","0","6","9","58","135","30","23","6","2","0","3","1","7","70","29","9","2","2","0","0","0","4"
"s25","voters","303022","1023","372","443","33","3","4","10","0","1","0","157","473","550","125","83","47","18","8","11","3","1","0","1","1","0","1","1","0","0","0","1","2","1","0","2","1","0","3","4","1","0","9","6","3","0","2","11","20","34","24","23","33","3","22","30","40","36","39","55","2","12","20","40","45","53","47","1","7","28","45","42","49","52","3","12","14","18","10","16","9","2","10","8","25","10","16","4","0","2","2","5","6","6","4","0","1","7","8","4","3","3","235","57","38","11","5","2","5","2","17","269","56","56","11","10","3","3","5","30","101","20","21","6","1","2","0","1","5","25","9","9","2","1","0","0","2","3"
"s25","voters","303026","627","250","243","32","1","9","8","0","3","0","81","286","341","68","60","21","7","4","4","1","0","0","0","0","0","0","0","0","0","1","0","1","1","0","1","0","0","0","0","0","1","3","8","5","2","2","16","13","11","11","25","21","1","14","22","24","24","33","33","1","9","11","30","28","21","23","1","7","11","23","33","19","26","0","7","6","8","6","6","4","0","6","9","8","4","6","11","0","1","3","3","3","10","7","0","0","3","5","5","9","4","173","39","20","2","6","0","5","0","5","153","40","33","9","3","1","0","0","4","55","7","11","4","1","0","2","0","1","33","14","4","1","0","0","1","0","0"
"s25","voters","303030","1648","563","718","82","2","20","16","0","9","0","238","791","857","161","160","54","34","12","10","2","1","0","0","0","0","0","3","0","0","2","6","2","0","4","0","3","1","2","2","3","0","28","31","16","1","1","24","28","35","44","38","76","0","32","36","51","49","66","83","4","35","28","60","85","69","75","5","18","36","71","77","72","83","4","18","17","36","22","13","16","5","17","9","30","15","17","19","2","8","6","13","12","16","6","1","10","4","18","15","10","8","325","116","73","12","17","2","8","2","8","401","128","106","15","16","3","3","4","42","142","40","28","8","7","2","3","2","6","79","35","8","2","2","0","1","2","0"
"s25","voters","303033","263","50","176","12","0","1","0","0","1","0","23","120","143","18","17","6","2","6","6","2","0","0","0","0","0","0","0","0","0","0","0","0","0","0","0","0","0","0","0","0","0","1","0","0","0","0","0","4","2","1","1","3","0","3","6","4","12","7","7","0","3","3","11","13","17","44","1","4","2","14","9","14","41","2","3","1","0","1","0","4","0","3","3","1","2","0","3","0","1","0","1","1","4","0","0","0","0","1","3","2","1","30","9","6","1","1","0","0","0","3","96","38","18","1","7","1","2","1","12","16","3","2","0","1","0","0","0","1","9","3","1","1","0","0","0","0","0"
"s25","voters","303035","635","169","341","29","2","2","3","0","1","0","88","297","338","61","62","15","8","4","7","1","1","0","0","0","0","0","1","0","0","1","0","2","0","0","1","1","0","1","0","2","1","3","5","1","0","2","3","8","12","9","21","18","0","11","10","15","10","27","23","1","15","16","32","31","32","42","3","7","20","30","27","36","49","0","1","7","6","10","9","12","1","8","6","8","9","8","3","0","0","0","3","0","7","0","0","3","3","7","4","6","4","101","31","19","4","4","0","2","2","6","229","46","29","6","5","2","4","2","18","52","13","13","2","4","0","2","0","2","25","8","3","0","1","0","0","0","0"
"s25","voters","304001","658","254","265","28","2","5","1","0","2","0","101","295","363","145","64","67","12","6","3","1","1","0","0","0","0","0","0","0","0","0","1","0","0","3","0","0","0","2","3","0","0","5","3","1","0","0","9","12","9","14","16","28","2","27","28","22","26","21","40","1","10","14","20","21","36","43","1","6","19","19","20","23","32","3","5","2","9","5","14","4","2","8","14","7","8","9","11","0","4","1","4","5","3","3","0","3","3","0","4","2","6","121","51","23","7","14","1","8","4","25","150","44","34","10","4","2","4","1","16","60","12","10","9","4","0","0","0","6","29","3","3","0","0","1","0","0","2"
"s25","voters","304014","693","332","232","21","1","7","7","0","2","0","91","312","381","104","57","25","9","7","1","2","1","2","1","0","0","2","0","1","0","2","3","2","0","2","0","0","0","4","1","0","0","12","8","7","0","0","10","21","23","20","19","39","3","15","25","35","30","42","50","0","4","20","22","19","26","23","1","1","28","21","21","26","20","0","6","7","10","10","7","6","0","3","7","11","12","3","9","0","0","4","4","4","1","7","0","2","2","5","6","0","3","236","73","14","2","1","1","2","1","2","183","38","7","0","1","0","1","0","2","69","15","6","0","0","1","0","0","0","29","7","0","2","0","0","0","0","0"
"s25","voters","304015","747","311","262","34","2","8","3","0","1","0","126","336","411","114","60","31","7","4","11","4","1","1","0","0","0","0","2","1","1","2","0","0","0","0","2","0","0","1","0","0","0","13","9","2","0","2","6","12","29","27","21","27","2","18","22","47","32","28","38","0","2","19","37","30","24","21","0","6","10","34","24","22","33","1","7","11","12","10","7","9","2","11","10","15","15","9","7","0","3","1","9","3","3","3","0","3","3","7","9","1","3","196","64","34","5","3","0","5","1","3","158","35","40","6","4","4","3","4","8","82","18","12","4","2","1","1","1","5","32","11","2","1","1","0","0","0","1"
"s25","voters","304017","1248","541","439","65","7","14","10","0","3","0","169","482","766","165","82","62","24","11","18","3","3","0","0","2","0","0","0","0","0","0","2","2","0","2","3","0","0","0","0","0","0","9","3","3","2","1","6","22","19","5","34","85","3","16","26","32","32","67","193","0","2","10","25","19","38","95","1","6","14","21","16","51","141","0","4","17","9","4","10","35","0","9","8","10","9","21","33","0","2","3","6","9","6","16","3","3","5","7","3","9","27","336","103","46","9","15","3","3","4","22","266","71","55","8","8","2","4","1","24","100","29","22","9","5","1","2","0","1","68","19","8","2","1","0","0","1","0"
"s25","voters","304019","804","287","346","42","2","5","7","0","0","0","115","368","436","91","82","36","10","11","16","1","0","0","0","0","0","0","1","0","0","1","2","1","0","1","1","0","0","1","0","4","0","2","8","4","0","2","10","12","16","25","17","35","1","26","18","17","26","29","53","0","9","10","25","42","32","49","1","9","20","24","31","39","55","0","10","10","7","10","12","7","1","11","7","11","9","13","7","0","3","4","0","6","5","10","0","2","2","1","8","6","9","166","56","29","6","6","2","2","2","18","203","51","40","12","6","2","4","2","26","69","19","10","7","5","0","1","0","4","37","12","5","0","0","0","0","0","2"
"s25","voters","304021","18","6","7","0","0","0","0","0","0","0","5","7","11","4","2","2","0","0","0","0","0","0","0","0","0","0","0","0","0","0","0","0","0","0","0","0","0","0","0","0","0","0","0","0","0","0","0","0","0","0","1","1","0","1","0","1","1","1","0","0","0","0","2","0","0","2","0","0","0","0","1","0","2","0","0","0","0","0","0","1","0","0","1","1","1","0","1","0","0","0","0","0","0","0","0","0","0","0","0","0","0","4","0","2","0","0","0","0","0","0","3","2","2","0","0","0","0","0","0","3","0","1","0","1","0","0","0","0","0","0","0","0","0","0","0","0","0"
"s25","voters","304022","100","44","34","7","0","2","1","0","1","0","11","48","52","20","9","4","3","0","1","1","1","0","0","0","0","0","0","0","0","0","0","0","0","0","0","0","0","0","0","0","0","1","1","0","0","0","1","5","3","1","3","2","1","5","9","6","4","2","2","0","2","4","4","2","4","3","0","1","3","4","1","3","3","0","1","2","2","2","1","1","0","0","1","0","0","1","0","0","1","0","0","1","0","3","0","2","1","2","0","1","0","26","5","9","2","1","1","0","0","0","21","6","4","0","2","0","0","0","1","9","0","1","1","0","0","0","0","0","10","1","0","0","0","0","0","0","0"
"s25","voters","304023","604","229","249","29","2","3","10","0","0","0","82","281","323","49","42","23","8","0","9","1","0","1","0","0","0","1","5","0","0","0","0","1","0","0","1","1","1","5","2","1","0","7","9","0","0","0","6","4","9","15","20","38","2","12","5","25","21","25","47","0","9","6","19","25","30","38","0","2","13","17","26","28","36","2","5","7","6","9","5","6","1","6","7","6","7","7","8","0","2","3","4","4","3","6","0","1","3","3","9","1","5","140","42","21","13","4","0","5","2","2","130","44","42","13","5","0","1","2","12","40","16","10","6","5","0","4","1","0","28","9","5","1","0","0","1","0","0"
"s25","voters","304031","1358","435","691","88","1","11","4","0","0","0","128","558","800","43","51","10","15","11","30","4","1","4","2","0","0","2","3","1","0","1","1","0","4","0","1","1","0","1","1","0","0","2","2","1","1","0","0","1","2","3","15","133","0","0","1","0","3","32","245","0","0","1","1","1","23","264","0","0","0","0","4","38","359","0","0","2","0","2","6","58","0","0","0","0","0","7","53","0","0","1","1","0","3","41","0","0","0","0","3","7","48","276","73","30","8","7","1","4","2","34","380","128","62","17","18","8","7","3","68","84","16","11","2","2","1","1","3","8","69","26","3","4","0","0","2","0","0"
"s25","voters","304038","134","58","43","4","0","0","2","0","3","0","24","59","75","28","8","10","1","0","1","0","1","0","0","0","0","0","0","0","0","0","1","0","0","2","0","0","0","2","2","1","0","0","0","0","0","0","4","3","1","4","5","7","1","3","5","4","6","5","10","0","0","4","3","7","3","3","0","2","1","7","6","5","2","1","0","3","2","2","1","1","0","3","1","3","4","1","2","0","1","1","2","1","0","0","0","0","1","0","2","1","0","33","10","6","1","1","0","4","0","3","20","7","8","2","1","0","0","2","3","15","2","4","3","0","0","0","0","0","4","3","0","1","0","0","1","0","0"
"s25","voters","304045","1861","758","738","82","3","14","14","0","7","0","245","864","997","181","155","70","26","19","25","10","4","1","0","0","0","0","5","1","1","11","5","6","0","8","5","0","0","3","5","3","1","8","20","5","1","1","23","28","40","63","54","105","5","34","52","65","92","80","116","4","18","29","69","84","78","97","2","17","25","78","72","76","89","0","15","13","30","26","9","14","2","15","14","35","29","20","23","1","4","3","7","16","15","18","0","9","6","10","7","10","14","444","156","91","28","14","4","6","3","12","423","138","105","25","23","1","5","4","14","143","44","31","10","7","3","1","1","5","77","20","11","5","3","0","2","0","2"
"s25","voters","304051","217","114","37","4","4","3","0","0","3","0","52","99","118","92","10","40","10","0","1","0","0","0","0","0","0","0","0","0","0","0","0","0","0","0","0","0","0","0","0","0","0","3","0","2","0","2","5","8","3","5","12","13","0","13","10","11","9","7","16","0","1","1","3","4","1","9","0","1","1","1","2","1","12","0","6","5","3","1","2","6","4","5","6","4","5","2","3","0","5","1","1","0","0","2","0","1","2","1","0","0","1","68","14","9","4","7","0","3","1","8","18","6","8","1","1","0","1","0","2","31","5","7","2","2","0","0","0","5","8","4","1","1","0","0","0","0","0"
"s25","voters","309096","2126","789","899","117","2","11","21","0","8","0","279","946","1180","162","137","51","26","32","28","14","3","4","2","6","1","4","0","0","1","7","5","6","1","2","0","0","0","7","1","5","4","14","29","5","2","2","16","25","34","45","52","127","4","40","51","57","58","75","203","3","28","28","52","52","77","185","2","15","23","55","65","87","227","3","14","19","24","25","22","45","2","14","19","25","18","15","34","1","6","5","9","14","13","20","0","14","7","9","14","16","31","491","130","69","31","19","7","8","2","32","505","145","96","25","28","6","10","5","79","145","50","22","15","14","7","6","3","17","93","42","13","3","3","0","3","1","1"
"s25","voters","309099","406","111","200","24","0","4","7","0","0","0","60","190","216","22","21","9","2","5","9","3","1","0","0","0","0","0","0","0","0","1","5","3","1","5","2","0","0","1","4","1","0","6","7","2","2","0","2","3","8","5","6","15","1","10","8","10","11","15","17","5","4","7","16","25","16","30","2","7","3","16","25","18","26","1","5","3","4","5","7","6","1","3","3","5","9","4","4","0","3","1","4","2","5","2","0","7","1","1","3","1","5","64","19","11","2","4","0","4","0","7","119","21","28","12","2","1","0","2","15","36","12","5","3","0","0","2","1","1","20","8","4","1","0","0","0","0","2"
"s25","voters","311000","620","234","228","34","3","5","8","0","2","0","106","279","341","127","61","54","11","3","6","2","1","0","0","0","0","0","0","1","0","0","2","4","0","2","0","0","2","0","1","0","0","5","2","1","2","2","8","17","16","9","21","20","3","21","26","12","17","29","33","1","8","10","15","20","23","36","0","6","11","19","10","27","42","2","11","5","5","7","10","12","0","6","7","16","6","10","9","0","1","4","3","2","2","9","2","6","5","7","1","5","5","141","34","32","6","10","2","1","1","7","123","36","23","10","10","0","4","3","19","71","17","7","4","2","0","0","0","5","33","12","5","0","0","0","1","0","1"
"s25","voters","311002","328","77","185","16","1","3","2","0","1","1","42","157","171","39","36","16","3","1","9","2","1","0","0","0","0","0","0","0","0","0","0","0","0","0","4","1","0","0","0","0","0","2","3","1","0","0","1","3","3","5","6","13","0","4","2","3","12","8","17","1","8","7","11","13","18","32","1","3","13","15","11","16","36","0","2","5","4","4","5","6","0","3","3","2","3","5","0","0","2","1","0","1","0","6","0","1","1","3","0","3","6","41","5","10","5","2","1","2","2","9","104","28","23","7","3","1","0","0","19","28","7","2","2","1","0","2","0","0","14","4","3","2","0","0","0","0","1"
"s25","voters","311005","841","264","387","41","2","6","12","0","6","0","123","388","453","130","83","46","18","6","15","4","2","1","2","1","0","1","2","1","0","0","1","2","0","2","0","1","1","0","0","2","0","0","2","1","0","1","17","11","12","12","20","35","2","16","28","16","26","18","50","1","11","26","27","27","44","52","0","11","20","28","28","56","56","0","4","10","15","7","7","16","1","13","11","10","8","10","11","0","4","5","4","3","3","14","2","1","5","6","4","9","7","157","38","28","9","15","0","1","2","14","219","50","60","11","7","0","5","6","29","76","15","9","4","3","0","3","3","10","37","14","9","1","1","0","3","1","1"
"s25","voters","312000","14","4","8","0","0","0","0","0","0","0","2","7","7","0","3","2","0","0","0","0","0","0","0","0","0","0","0","0","0","0","0","0","0","0","0","0","0","0","0","0","0","0","0","0","0","0","0","0","1","0","0","1","0","0","0","1","0","0","1","0","0","0","0","0","2","2","0","1","0","0","1","1","1","0","1","0","0","0","0","0","0","0","0","1","0","0","0","0","0","0","0","0","0","0","0","0","0","0","0","0","0","1","3","0","0","0","0","0","0","0","5","0","0","0","1","2","0","0","0","2","0","0","0","0","0","0","0","0","0","0","0","0","0","0","0","0","0"
"s25","voters","312006","1073","306","531","53","2","13","12","0","4","1","151","489","584","86","71","33","14","7","14","5","4","0","0","0","0","3","2","0","0","0","1","0","0","0","3","0","0","0","0","1","0","11","5","2","0","1","10","15","18","18","30","33","1","9","28","19","31","26","67","2","10","30","36","37","46","88","0","9","27","35","39","55","117","1","6","10","16","9","15","19","0","2","18","13","10","17","15","0","1","4","9","3","12","10","0","2","10","11","2","14","7","163","68","29","12","5","2","6","4","17","311","81","63","22","13","1","6","4","30","92","16","14","5","8","1","1","1","13","59","12","3","6","1","0","1","0","3"
"s25","voters","312011","651","190","331","23","2","4","4","0","1","0","96","318","333","66","56","41","6","6","17","1","2","0","0","0","0","0","2","0","0","2","1","0","0","0","0","0","0","0","2","0","0","7","7","6","1","0","4","9","9","9","19","31","0","16","12","11","16","24","30","1","12","17","20","28","39","55","0","5","11","23","24","45","51","2","5","12","5","6","9","10","1","6","10","7","5","9","9","0","1","3","1","5","2","4","0","0","0","3","2","8","5","112","36","22","3","6","1","2","0","8","203","45","29","7","13","2","4","4","24","63","11","6","7","4","0","2","0","3","26","5","2","0","0","0","1","0","0"
"s25","voters","312018","167","59","67","6","2","1","4","0","0","1","27","74","93","31","12","16","4","0","3","1","1","0","0","0","0","0","0","0","0","0","0","0","0","0","0","1","0","0","0","0","0","0","0","0","0","0","1","1","0","3","5","11","1","6","6","7","5","3","10","1","3","3","7","5","9","6","0","2","5","7","3","6","10","0","2","2","2","1","2","3","1","2","6","2","1","2","1","0","0","2","2","0","0","3","0","1","1","2","1","1","1","39","9","4","1","3","0","1","2","0","37","14","8","2","1","0","0","0","5","20","2","3","0","1","0","0","0","1","9","2","2","0","0","0","0","0","1"
"s25","voters","312022","481","159","220","19","0","4","7","0","2","0","70","213","268","37","32","13","5","2","5","4","1","0","0","0","0","0","0","0","0","1","0","0","0","1","4","0","2","0","0","3","0","7","7","2","0","0","6","5","6","8","14","22","0","10","13","15","18","17","25","1","8","10","12","27","20","29","1","10","8","10","22","24","38","2","5","2","4","7","5","6","0","7","3","6","13","5","5","0","1","4","1","5","1","2","1","3","3","3","4","2","2","84","34","22","6","2","0","2","1","8","117","41","28","7","4","1","3","2","17","41","12","10","5","0","1","0","1","0","20","6","4","0","1","1","0","0","0"
"s25","voters","313003","1291","388","609","58","5","10","8","0","4","1","208","586","705","142","103","59","16","8","31","8","2","0","0","0","0","1","1","0","0","0","3","0","0","0","0","1","1","0","0","1","0","5","2","1","1","0","8","13","17","16","35","61","2","14","32","30","23","35","102","2","14","32","30","43","77","98","0","20","24","41","45","71","112","1","13","14","16","10","13","29","5","7","19","17","12","23","29","1","2","7","6","8","9","11","0","5","6","6","7","8","10","219","68","47","14","10","3","4","2","21","324","100","76","22","22","0","4","7","54","109","39","15","23","3","1","6","1","11","51","22","5","3","2","0","0","1","2"
"s25","voters","313006","1049","328","488","64","2","4","16","0","4","0","143","509","540","113","90","54","19","6","27","3","2","3","0","0","0","2","0","2","0","2","2","0","1","1","1","1","0","3","5","3","0","13","9","0","2","1","17","8","15","24","24","41","4","29","18","17","41","33","56","3","15","20","33","58","61","58","0","22","23","31","40","54","70","0","9","14","15","12","11","17","2","9","16","12","11","5","10","2","6","6","7","11","10","11","0","3","2","7","9","9","7","186","68","33","10","11","1","2","0","17","270","82","69","19","13","2","4","1","28","82","20","14","5","10","2","6","0","4","54","20","7","3","1","2","3","0","0"
"s25","voters","314000","1269","345","685","57","4","12","11","0","3","0","152","607","662","124","111","44","21","4","20","1","0","0","1","0","0","0","1","0","0","1","0","0","0","4","2","0","0","3","2","0","0","2","6","3","0","1","12","17","17","17","31","49","3","18","25","26","25","36","68","3","25","22","34","63","65","127","2","11","15","42","53","77","146","2","8","15","10","7","11","20","1","10","11","17","15","15","10","2","5","3","10","9","9","13","0","8","5","5","4","5","9","192","67","44","7","6","0","6","1","22","378","111","90","10","21","2","6","3","64","81","23","21","9","2","0","4","4","8","55","16","10","5","0","0","1","0","0"
"s25","voters","314008","759","234","378","33","3","5","7","0","5","0","94","359","400","115","61","41","15","5","10","1","1","0","1","0","0","0","0","0","0","0","2","0","0","0","0","0","0","0","2","0","0","2","6","1","1","2","5","16","15","18","13","28","0","20","24","12","21","23","37","1","13","15","25","34","30","69","1","13","16","33","36","30","62","1","8","3","13","8","9","3","0","6","7","12","8","6","10","1","6","4","7","5","3","4","2","1","0","3","8","5","4","137","45","31","2","5","0","3","0","11","212","59","42","11","10","1","5","4","34","55","13","11","1","8","2","0","2","2","29","14","6","1","0","0","3","0","0"
"s25","voters","314013","169","43","76","7","3","2","3","0","0","0","35","78","91","24","18","18","10","0","3","0","0","0","0","0","0","0","0","0","0","0","0","0","0","0","0","0","0","0","0","0","0","1","4","1","0","0","1","4","3","5","2","5","0","4","3","3","4","6","3","0","5","3","6","5","9","11","0","1","4","6","5","10","11","0","1","1","3","2","0","4","1","3","3","6","2","5","4","0","2","0","4","0","2","0","0","1","1","2","2","0","1","28","7","4","1","0","0","0","1","2","41","14","10","3","4","0","0","0","4","18","2","9","0","1","1","2","0","2","11","4","0","0","0","0","0","0","0"
"s25","voters","315004","1486","486","654","73","6","14","14","0","2","0","237","666","820","130","123","59","24","12","20","3","4","1","0","2","0","1","2","0","1","6","1","0","0","0","3","0","0","3","7","0","0","13","15","8","4","0","17","27","29","22","37","44","6","42","54","52","46","54","56","3","22","41","59","57","66","77","2","16","34","56","66","69","86","4","12","20","23","21","17","11","4","17","25","27","22","15","19","0","7","8","10","11","8","13","1","7","8","7","9","8","12","322","69","36","15","18","1","10","3","12","414","84","61","22","17","2","7","3","44","166","26","14","15","9","0","0","1","6","77","17","7","3","1","0","0","1","3"
"s25","voters","315005","917","252","451","52","4","3","9","0","1","0","145","448","469","82","76","36","17","8","14","2","4","0","0","2","0","0","1","0","0","2","0","1","0","3","0","3","1","2","2","1","0","2","10","2","2","0","8","16","19","14","22","26","0","11","12","20","22","36","46","2","17","26","37","41","48","61","0","7","16","38","41","52","65","0","9","12","14","17","17","13","2","2","12","12","9","15","11","0","3","6","3","2","4","11","0","3","5","8","7","8","9","163","40","25","12","2","1","2","0","7","290","59","49","15","10","1","6","5","16","91","20","16","6","5","0","2","1","4","55","6","6","1","1","0","0","0","0"
"s25","voters","319050","472","178","191","23","0","6","6","0","2","0","66","212","260","91","57","39","10","0","2","0","0","0","0","0","0","0","2","0","0","0","0","0","0","0","0","0","0","0","1","0","0","3","1","1","0","1","10","9","4","8","21","15","0","19","11","14","17","26","23","1","3","6","13","15","19","36","0","3","9","15","11","27","33","1","5","3","9","2","7","5","2","3","1","8","5","9","6","0","2","3","5","3","3","3","0","5","1","4","2","3","3","89","31","33","8","3","0","0","3","11","102","32","31","9","2","1","1","0","13","43","8","8","7","0","0","0","0","0","24","8","2","1","2","0","0","0","0"
"s25","voters","319063","125","37","62","3","0","1","2","0","0","0","20","54","71","16","17","8","3","0","1","0","0","0","0","0","0","0","0","0","0","0","0","0","0","0","0","0","0","0","0","0","0","0","0","1","0","0","1","0","3","2","3","5","1","4","2","5","1","1","9","0","3","0","4","3","6","14","0","0","7","6","2","10","7","0","1","3","1","0","1","1","1","3","0","2","3","2","2","0","0","0","0","0","2","1","0","2","1","0","0","0","0","27","3","3","0","1","0","0","0","3","36","5","11","4","6","0","0","0","0","12","2","1","1","2","1","0","0","1","4","2","0","0","0","0","0","0","0"
"s25","voters","319064","330","127","130","15","0","1","2","0","2","0","53","147","183","67","25","27","3","0","3","0","0","0","0","0","0","0","0","0","0","0","0","1","0","0","2","0","0","0","0","0","0","2","1","3","0","0","6","7","8","4","12","11","3","7","13","10","14","14","18","0","5","5","11","8","14","20","0","4","8","10","17","13","15","1","5","3","2","6","4","4","1","4","7","5","3","4","4","1","0","2","4","2","1","1","0","1","3","4","0","0","1","77","27","14","6","0","0","0","0","3","70","22","22","10","1","0","2","1","2","33","5","10","4","0","0","0","0","1","14","3","3","0","0","0","0","0","0"
"s25","voters","319068","80","30","40","3","0","2","0","0","0","0","5","43","37","17","6","2","1","0","0","0","0","0","0","0","0","0","0","0","0","0","0","0","0","0","0","0","0","0","0","0","0","0","0","0","0","0","1","0","2","1","3","5","0","2","2","1","0","3","10","0","0","1","4","2","6","9","0","1","1","2","3","3","8","0","0","0","0","0","1","3","0","0","0","1","0","0","0","0","0","0","0","0","0","5","0","0","0","0","0","0","0","23","3","1","1","1","0","1","0","0","23","7","5","2","1","0","0","0","2","4","0","0","0","1","0","0","0","0","1","1","2","0","0","0","0","0","1"
"s25","voters","319074","525","267","130","24","2","5","7","0","1","0","89","228","297","111","53","39","13","6","5","3","0","0","0","0","0","0","0","0","0","0","0","2","0","2","0","0","0","1","1","5","0","9","6","6","3","3","16","21","24","18","11","16","2","17","38","33","29","23","16","0","2","13","16","14","11","9","0","0","11","15","15","9","15","2","8","9","7","1","3","10","1","9","11","9","9","6","4","0","1","5","4","1","1","2","0","1","8","6","6","2","2","254","7","2","0","1","0","1","0","2","117","8","0","1","3","0","0","1","0","81","1","2","1","0","1","0","0","3","39","0","0","0","0","0","0","0","0"
"s25","voters","319084","534","213","192","28","3","5","1","0","1","0","91","247","287","146","27","51","13","2","4","1","2","2","0","0","0","1","2","0","0","0","0","1","0","1","0","0","0","0","1","0","0","2","1","2","0","6","10","10","7","5","12","39","2","18","6","15","17","18","48","1","4","3","11","9","18","46","0","1","3","9","14","19","54","0","9","8","9","5","5","11","0","4","9","4","6","6","15","0","1","2","0","3","4","9","1","3","4","0","2","2","7","118","51","22","6","4","0","2","4","6","100","38","26","8","6","2","2","4","6","63","10","8","4","4","0","1","0","1","27","6","4","0","1","0","0","0","0"
"s25","voters","319085","664","293","241","35","3","2","0","0","1","0","89","308","356","143","36","35","13","9","7","2","2","0","0","0","0","0","1","0","0","0","3","0","0","0","0","1","0","0","0","0","0","4","1","0","0","3","2","12","14","8","8","68","5","19","21","14","16","25","78","0","0","8","8","11","29","75","0","1","5","6","7","18","73","0","7","5","1","3","10","22","0","7","2","4","2","7","19","2","1","0","0","0","2","9","0","0","4","1","2","5","15","178","36","40","4","12","6","1","1","15","150","36","31","5","2","2","3","1","11","63","10","6","3","4","0","2","0","1","31","7","2","1","0","0","0","0","0"
"s25","voters","321001","1318","397","622","87","1","16","13","0","4","0","178","637","681","107","108","37","28","6","16","5","6","4","0","2","0","0","3","1","1","6","2","0","0","1","5","0","2","3","1","2","2","4","9","3","1","0","13","20","21","26","33","46","4","21","33","38","37","59","46","4","27","25","48","62","88","70","2","26","16","42","70","72","70","2","16","15","10","15","16","14","1","9","6","16","22","20","16","1","9","8","10","10","18","10","0","7","12","10","7","9","10","220","78","45","9","12","3","7","2","21","315","110","94","26","17","3","4","5","48","92","28","25","11","6","3","0","2","11","68","24","16","5","3","0","1","0","4"
"s25","voters","321007","1364","385","661","92","4","8","24","0","7","0","183","654","710","92","87","22","22","18","16","7","6","4","6","2","0","3","3","1","0","2","1","4","0","3","0","3","0","0","1","2","0","7","11","7","0","1","10","21","24","24","26","42","2","20","29","35","38","47","66","2","30","21","46","59","81","104","1","15","25","41","58","83","95","0","11","11","18","20","21","15","1","14","10","12","16","16","18","1","7","11","12","12","12","12","0","6","13","11","11","10","17","227","75","43","10","11","1","1","1","16","390","114","77","17","9","2","8","6","38","121","20","22","8","4","1","3","0","4","83","31","15","2","1","0","0","1","2"
"s25","voters","321010","524","149","294","18","2","4","1","0","1","0","55","258","266","33","20","12","5","6","7","1","3","0","1","1","0","3","6","0","0","1","2","1","0","0","1","0","0","1","0","0","0","4","1","2","0","0","4","2","7","8","23","24","0","12","5","11","13","18","22","0","15","8","13","22","30","60","0","9","7","18","23","34","55","0","4","6","2","6","3","6","0","1","6","6","1","5","9","0","3","1","1","2","3","5","0","2","1","2","1","3","2","81","40","11","4","3","0","1","0","9","148","54","37","16","3","1","1","2","32","27","10","9","2","0","2","0","2","3","21","3","2","0","0","0","0","0","0"
"s25","voters","321013","1294","426","559","81","8","11","11","0","0","1","197","602","692","153","103","47","20","12","27","11","5","0","0","0","0","2","2","1","0","4","3","2","0","1","0","0","1","4","2","3","2","9","7","3","5","0","8","16","26","29","34","48","5","24","35","41","30","58","72","1","12","28","38","57","76","75","1","14","19","40","44","80","74","0","12","15","19","15","20","17","4","12","12","17","24","12","18","0","7","8","11","11","11","8","0","11","8","11","6","11","9","239","73","59","12","14","3","3","3","20","291","86","76","20","11","2","6","7","60","108","31","21","9","11","1","3","1","12","70","24","10","1","3","1","0","1","2"
"s25","voters","321017","1273","425","518","72","2","13","19","0","5","0","219","594","679","120","86","50","21","8","13","5","1","2","1","1","1","1","1","1","1","3","1","0","1","3","0","2","0","1","2","1","1","5","8","6","0","2","17","31","35","21","24","48","1","14","46","42","34","41","69","1","19","23","41","45","60","59","0","10","30","49","45","62","74","3","19","19","26","20","15","20","2","11","21","23","17","15","8","0","3","8","9","7","7","12","1","10","10","8","11","10","15","255","70","46","12","9","1","6","0","26","291","85","66","18","9","3","4","4","38","124","37","25","10","8","3","1","1","10","64","20","14","3","5","0","3","0","2"
"s25","voters","321025","652","230","275","37","1","0","7","0","1","0","101","300","352","57","60","26","10","1","4","2","0","2","7","2","0","0","0","0","0","3","0","3","0","1","2","5","0","2","3","0","0","8","6","4","3","0","15","7","15","19","15","27","3","16","12","21","32","16","32","0","11","12","19","33","29","31","2","11","5","26","31","29","36","0","8","9","6","12","6","8","0","10","7","6","11","9","9","0","2","3","1","6","1","5","0","5","5","1","8","6","3","134","30","31","9","8","1","6","0","11","161","42","36","6","9","0","2","4","15","58","16","13","5","1","0","1","0","7","25","7","6","1","4","1","0","0","2"
"s25","voters","321034","707","254","271","43","2","4","5","0","3","0","125","311","396","89","75","42","16","2","10","0","2","1","2","0","0","0","0","0","0","1","4","1","0","0","0","0","0","4","3","1","0","4","9","0","3","0","6","18","10","12","21","26","0","24","26","23","26","29","33","0","12","12","23","30","35","23","0","10","17","17","39","37","16","2","12","6","10","14","7","5","2","14","6","12","18","12","5","0","3","5","5","8","3","3","0","4","7","6","2","5","6","157","37","31","5","9","2","1","1","11","151","45","30","8","10","1","4","5","17","74","19","10","10","3","2","2","0","5","37","13","4","1","1","0","1","0","0"
"s25","voters","322005","1131","392","471","60","3","10","7","0","2","0","186","512","619","119","105","51","21","11","10","5","0","1","0","2","0","3","1","0","1","4","7","1","2","5","2","1","0","7","11","9","0","14","19","9","5","1","13","23","24","37","22","24","4","23","39","62","37","38","45","2","15","25","58","54","53","35","3","14","16","50","54","35","57","0","13","13","17","27","7","14","3","11","10","21","21","12","17","1","5","5","5","5","5","9","2","9","6","8","12","6","4","233","80","35","13","9","2","6","0","14","273","81","69","15","11","1","1","1","19","115","27","26","7","5","1","3","0","2","55","17","6","3","0","0","0","1","0"
"s25","voters","322008","841","301","355","53","1","9","7","0","3","0","112","400","441","95","61","37","21","8","12","0","1","2","0","0","0","1","0","0","0","6","0","0","0","2","0","0","0","3","1","0","0","5","2","3","0","1","22","18","19","20","20","21","2","24","36","22","40","26","30","1","12","11","41","33","47","37","1","14","12","38","33","36","39","0","9","10","12","10","10","6","1","10","11","7","9","10","7","0","4","5","10","11","4","6","0","4","7","9","3","5","5","175","48","35","14","5","2","7","1","14","200","48","49","8","6","1","4","0","39","58","11","22","8","3","1","1","1","7","43","17","6","3","2","1","0","1","0"
"s25","voters","322021","1029","399","376","57","1","8","10","0","2","0","176","484","545","106","90","47","18","4","8","3","0","0","0","0","0","0","1","1","0","2","3","1","1","8","4","1","1","3","6","6","2","12","30","7","2","3","18","21","24","30","32","25","4","36","44","42","46","32","42","3","19","16","35","50","37","35","0","8","13","34","57","41","28","0","14","23","25","15","12","10","1","12","7","21","22","7","7","0","1","7","6","9","11","3","1","6","7","4","13","3","7","272","62","34","7","9","1","5","0","9","253","47","39","9","5","2","3","6","12","116","23","13","12","4","0","1","1","6","51","15","8","1","2","0","0","0","1"
"s25","voters","322025","882","323","342","42","3","5","9","0","3","0","155","412","470","81","67","36","8","7","8","3","7","0","2","1","0","1","0","3","1","0","3","3","0","5","2","0","0","4","0","0","0","14","9","15","0","1","8","12","15","29","24","40","2","20","22","32","36","39","43","2","10","15","26","34","41","38","2","9","18","27","38","46","36","1","17","17","9","14","18","9","0","14","5","16","18","8","9","0","6","4","6","3","10","3","0","5","3","4","6","9","3","185","54","42","5","9","3","7","2","16","195","55","31","10","9","1","3","2","36","83","27","24","6","6","0","1","0","8","36","17","5","2","0","0","0","0","2"
"s25","voters","322026","42","5","30","5","0","0","0","0","0","0","2","21","21","0","5","0","1","1","0","0","0","0","0","0","0","0","0","0","0","0","0","0","0","0","0","0","0","0","0","0","0","1","0","0","1","0","1","0","0","0","1","0","0","0","2","0","0","1","0","0","0","0","1","4","0","9","0","0","0","3","4","1","8","0","0","0","0","0","0","1","0","0","0","0","0","1","0","1","0","1","0","1","0","1","0","0","0","0","0","0","1","3","1","0","1","0","0","0","0","0","14","4","4","4","0","0","1","0","3","1","1","0","0","0","0","0","0","0","3","1","1","0","0","0","0","0","0"
"s25","voters","322038","1673","609","674","86","4","11","21","0","4","0","264","782","891","172","147","69","38","14","15","7","6","3","1","1","0","1","0","1","0","4","9","3","0","13","0","7","0","3","2","2","0","19","20","9","4","5","23","36","31","54","42","52","5","45","43","81","73","58","61","2","26","23","62","78","77","66","2","24","29","65","89","74","57","6","22","15","25","30","30","17","2","14","17","21","31","18","16","1","10","6","14","10","8","11","0","11","9","9","10","15","12","377","115","72","8","15","1","7","1","13","392","113","84","23","16","3","6","3","34","173","30","32","10","8","1","4","0","6","74","31","16","1","1","1","0","0","2"
"s25","voters","322046","802","267","341","35","4","5","12","0","3","1","134","374","428","87","64","43","7","9","18","4","0","0","0","0","0","0","2","1","0","0","1","0","2","2","0","0","0","1","0","0","0","3","4","4","1","1","11","22","11","14","20","35","1","8","22","26","21","33","42","0","13","13","20","25","35","63","2","3","13","21","27","43","63","1","4","7","26","7","5","13","2","15","14","13","14","5","8","1","3","5","3","5","3","8","0","5","8","5","5","6","3","171","31","33","5","7","0","2","0","18","182","57","31","19","11","2","2","2","35","83","16","21","3","5","0","1","0","5","44","12","1","2","0","0","0","0","1"
"s25","voters","323001","2631","638","1434","132","2","12","19","0","5","0","389","1251","1380","138","158","64","21","41","66","13","8","1","4","2","1","6","6","4","0","5","6","9","0","2","5","3","3","2","6","3","0","4","13","2","2","3","21","23","18","37","60","110","0","23","32","48","44","64","155","2","33","45","80","94","159","266","3","36","34","117","101","181","283","4","26","23","34","40","38","57","2","25","16","28","24","36","36","1","9","9","10","17","13","19","0","12","10","10","11","18","31","345","118","92","16","11","3","7","4","42","777","225","172","50","40","4","13","8","145","222","68","45","23","8","1","4","0","18","103","40","13","5","4","1","0","0","4"
"s25","voters","323005","1688","348","979","79","3","10","17","0","2","0","250","808","880","110","126","41","21","13","40","4","3","4","7","1","2","0","2","0","0","0","2","2","0","3","0","4","1","5","7","4","0","1","8","3","1","3","8","9","20","26","32","41","4","28","18","19","37","38","65","4","41","31","58","112","107","136","1","25","27","80","99","129","129","1","19","20","10","26","20","23","2","14","15","21","34","27","18","1","7","2","12","13","13","13","1","8","10","7","8","8","8","198","61","45","13","7","2","5","1","16","527","160","130","23","28","6","3","2","100","136","32","34","15","10","1","1","1","20","74","18","11","3","1","1","2","0","1"
"s25","voters","323016","1802","472","948","98","7","18","11","0","6","0","242","800","1002","104","130","35","13","18","29","9","7","1","1","0","0","2","4","1","1","5","7","3","2","1","2","0","0","3","3","0","1","8","3","4","2","0","8","21","30","22","31","72","3","17","27","39","32","50","120","3","35","38","58","57","102","138","2","31","42","83","77","119","163","2","9","14","26","23","18","29","1","12","14","27","19","20","28","2","5","10","10","11","15","11","0","7","9","11","13","13","23","319","75","37","11","5","4","5","3","13","572","154","97","27","22","7","4","11","54","140","47","27","8","3","1","3","1","12","88","32","13","2","2","0","0","1","2"
"s25","voters","323019","1059","317","476","51","4","12","15","0","2","0","182","439","620","100","75","60","13","9","16","8","6","0","2","0","0","1","1","0","0","5","2","0","3","1","0","1","1","0","0","0","0","13","9","3","0","1","7","21","22","15","19","33","1","25","39","38","30","29","37","4","8","17","39","35","58","46","0","13","31","37","41","73","74","2","16","14","15","19","10","4","1","8","21","16","23","17","16","0","1","5","8","8","5","7","1","7","7","15","2","10","8","193","61","39","9","5","3","3","0","4","284","77","37","22","14","3","7","4","28","121","14","20","9","6","1","3","1","7","60","14","4","0","4","0","1","0","1"
"s25","voters","323021","96","17","57","7","0","1","1","0","0","0","13","42","54","7","1","4","0","0","5","0","0","0","0","0","0","0","0","0","0","0","0","0","0","1","1","0","1","5","0","0","0","0","0","0","0","0","3","0","0","0","2","1","0","1","2","3","1","2","2","0","1","0","2","3","9","11","0","1","1","5","6","7","11","0","0","0","2","2","1","1","0","1","1","0","0","3","2","0","1","1","1","0","0","1","0","1","0","0","0","0","4","9","3","5","0","0","0","0","0","0","30","7","11","3","0","0","0","0","6","9","1","1","2","0","0","0","0","0","6","0","2","1","0","0","0","0","0"
"s25","voters","323022","117","22","78","6","0","1","0","0","1","0","9","56","61","8","11","1","0","0","0","0","0","0","0","0","0","0","0","0","0","0","0","0","1","0","1","0","1","0","0","0","0","0","0","1","1","2","1","0","1","2","2","2","0","2","1","2","2","5","0","1","5","3","2","11","11","6","0","3","4","5","7","10","10","0","1","0","0","1","2","0","0","2","0","0","1","1","1","0","1","1","0","1","0","0","0","1","0","1","2","0","1","15","5","1","0","1","0","0","0","0","47","15","8","2","0","0","1","1","4","4","1","0","1","0","0","0","0","3","6","2","0","0","0","0","0","0","0"
"s25","voters","323024","2","1","0","0","0","0","0","0","0","0","1","1","1","1","0","0","0","0","0","0","0","0","0","0","0","0","0","0","0","0","0","0","0","0","0","0","0","0","0","0","0","0","0","0","0","0","0","0","0","0","1","0","0","0","0","0","0","0","0","0","0","0","0","0","0","0","0","0","0","0","0","0","0","0","0","0","0","0","0","0","0","0","0","1","0","0","0","0","0","0","0","0","0","0","0","0","0","0","0","0","0","1","0","0","0","0","0","0","0","0","0","0","0","0","0","0","0","0","0","1","0","0","0","0","0","0","0","0","0","0","0","0","0","0","0","0","0"
"s25","voters","323038","500","128","252","32","0","3","6","0","0","0","79","234","266","27","27","10","6","8","9","1","1","1","0","0","0","0","3","0","0","0","0","2","0","2","0","0","0","0","0","0","0","1","0","1","1","1","7","3","7","8","8","9","1","11","3","18","20","18","14","1","10","11","25","25","38","16","1","6","7","30","30","36","16","0","9","3","8","13","12","1","3","4","1","7","11","3","4","1","2","4","1","7","2","2","0","5","2","3","7","4","1","79","26","12","2","0","2","0","1","6","140","35","35","11","6","0","3","1","21","46","13","11","5","1","0","1","0","2","23","10","4","1","3","0","0","0","0"
"s25","voters","323041","639","215","291","36","1","7","6","0","0","1","82","291","348","95","62","18","9","8","2","3","1","2","2","0","0","0","0","0","0","0","0","0","0","0","0","0","0","1","4","0","1","4","5","3","0","1","8","10","11","14","15","29","3","14","15","18","22","16","39","0","13","14","14","23","35","40","0","4","10","20","23","50","45","1","4","4","10","8","5","6","1","6","6","4","10","9","8","0","0","2","7","4","7","6","0","6","2","8","2","6","1","141","34","19","6","3","2","2","0","8","157","42","35","14","8","2","1","1","31","50","9","13","2","2","1","0","0","5","39","9","0","1","0","0","0","0","2"
"s25","voters","324008","1325","457","648","63","3","5","13","0","1","0","135","528","797","65","57","16","14","23","18","5","3","0","2","2","0","3","6","0","1","2","0","5","0","2","1","1","0","3","0","0","0","4","4","4","0","0","5","7","6","5","19","126","0","5","10","10","9","42","213","0","1","5","7","16","45","188","0","0","3","10","19","62","292","0","1","6","6","3","7","37","1","3","4","10","5","7","45","0","0","0","4","5","5","24","0","1","0","1","4","11","30","286","77","41","12","11","4","1","0","25","381","111","63","22","20","3","6","5","37","75","19","16","13","4","2","0","1","5","52","19","9","3","0","0","0","0","2"
"s25","voters","324011","1882","629","876","97","4","12","18","0","2","0","244","817","1065","126","110","62","19","22","28","7","1","1","1","1","0","4","2","0","0","3","13","2","2","3","1","0","0","1","2","1","1","17","10","10","0","4","12","28","21","30","29","113","3","20","40","50","42","58","179","1","10","32","33","41","74","216","2","15","22","36","43","90","261","0","10","18","17","15","17","40","2","10","17","13","18","15","52","0","3","10","6","7","8","22","2","9","6","6","6","9","39","403","110","59","19","8","3","2","2","23","502","136","114","25","24","2","9","4","60","140","42","25","15","6","4","1","0","11","89","27","10","5","1","1","0","0","0"
"s25","voters","324013","959","371","404","48","3","9","5","0","2","0","117","418","541","112","74","23","10","11","13","4","2","2","0","0","0","0","4","1","4","0","5","1","0","3","0","0","0","3","1","1","1","5","8","4","0","0","13","17","17","17","13","53","3","16","19","25","34","45","99","1","10","23","19","31","48","61","0","3","19","23","23","53","90","0","5","8","11","13","10","19","1","3","6","7","6","14","14","0","6","4","2","4","5","8","1","0","4","6","6","7","14","224","63","45","11","3","2","4","3","16","244","60","37","18","4","2","5","0","34","67","10","20","8","4","1","3","1","3","46","12","5","1","0","0","0","0","3"
"s25","voters","324031","1117","402","435","57","5","10","21","0","4","0","183","504","613","105","80","45","23","9","6","4","1","1","2","0","0","1","3","0","0","3","5","0","0","4","3","0","0","6","2","3","1","9","4","5","2","0","14","24","32","18","20","44","4","27","39","47","29","42","62","1","10","24","34","35","51","70","0","7","18","34","27","58","66","3","14","11","14","11","19","17","1","15","14","25","18","9","12","0","5","5","6","7","6","9","0","12","6","12","9","11","9","263","56","43","8","5","1","3","2","21","261","55","53","18","12","1","1","1","33","114","26","21","8","5","0","1","1","7","72","12","5","2","4","0","0","0","2"
"s25","voters","324033","1098","360","469","61","5","15","10","0","5","0","173","524","574","130","96","50","23","9","19","4","3","1","1","2","0","1","1","0","0","3","7","2","0","2","0","2","0","3","3","1","0","3","8","2","1","1","17","25","16","20","28","41","2","16","30","42","28","49","45","0","16","22","38","41","53","63","2","19","26","41","28","52","68","2","10","13","29","13","16","12","2","10","11","14","16","15","10","2","7","9","7","4","13","6","2","10","5","10","9","7","5","223","59","41","6","10","2","3","1","15","256","86","55","7","9","4","1","2","49","89","28","16","16","11","0","2","0","11","63","16","9","2","2","1","2","1","0"
"s25","voters","324048","970","335","386","61","1","12","15","0","1","0","159","470","500","104","66","38","24","12","6","3","3","0","0","0","0","0","3","1","0","0","0","1","0","2","3","1","2","1","3","4","0","5","5","0","1","2","9","17","20","13","18","54","1","15","22","34","30","35","65","0","10","21","29","39","52","54","0","6","15","24","34","46","56","1","8","10","19","15","14","16","4","11","15","21","9","10","6","0","5","8","7","2","13","14","0","4","4","7","8","10","8","170","58","56","9","8","4","6","1","23","193","67","51","12","11","1","9","5","37","92","25","23","5","3","1","2","1","7","57","21","7","2","2","0","1","0","0"
"s25","voters","325007","876","327","327","57","3","7","8","0","2","0","145","381","495","86","67","45","23","4","6","2","0","3","3","1","0","1","0","0","0","5","11","3","1","5","0","2","1","2","5","1","4","15","34","4","2","1","16","18","18","32","18","18","0","28","27","30","40","42","39","1","12","10","27","49","19","36","1","3","13","41","39","34","42","2","9","13","15","10","10","7","1","8","11","19","12","13","15","1","6","5","6","10","5","7","0","7","4","7","8","5","6","199","61","37","8","10","0","3","1","8","206","62","35","10","5","0","3","0","6","93","20","14","10","3","0","1","0","4","51","14","8","0","2","0","0","1","1"
"s25","voters","325009","1660","577","658","107","2","17","21","0","4","0","274","766","894","130","97","52","25","12","15","8","6","3","4","1","0","3","2","3","2","4","5","5","2","15","9","11","0","7","9","5","0","5","20","9","3","3","27","20","33","46","42","49","3","41","43","56","69","68","77","3","36","22","47","67","83","88","0","21","21","41","73","67","89","2","15","14","25","29","25","14","2","15","19","22","33","34","25","0","10","7","11","15","19","14","0","10","13","12","13","16","11","353","99","58","16","12","0","8","2","29","380","102","75","18","17","4","6","9","47","157","33","41","14","13","0","4","1","11","103","25","16","2","4","0","0","0","1"
"s25","voters","325017","1511","573","580","85","5","9","17","0","4","0","238","705","806","151","107","61","29","14","10","3","1","4","3","1","0","2","2","0","0","5","7","4","0","2","1","2","0","3","10","0","0","15","26","8","2","5","21","30","47","38","54","45","2","41","43","54","62","62","69","4","19","21","36","70","74","63","1","17","20","52","61","64","78","0","19","19","22","23","21","19","3","13","20","20","26","18","15","1","6","5","11","13","11","8","1","11","6","12","13","12","10","354","96","70","9","17","3","5","2","17","329","86","86","18","19","4","4","3","31","147","29","32","11","6","2","1","1","9","77","25","10","1","3","1","1","0","2"
"s25","voters","325029","1120","358","518","67","1","7","10","0","1","0","158","534","586","80","92","33","18","3","16","3","2","1","0","0","0","1","1","0","0","1","2","2","0","0","0","1","0","5","4","2","0","8","12","3","1","3","13","13","17","21","27","56","1","28","23","23","33","37","63","2","24","14","26","53","57","77","3","8","17","26","52","61","98","2","9","13","10","11","19","18","0","10","13","10","15","10","18","0","9","3","1","10","13","13","0","6","1","2","6","9","13","227","54","43","6","6","3","1","1","17","309","95","52","12","10","2","8","6","24","99","21","17","9","3","2","2","0","5","60","18","4","1","1","0","1","1","0"
"s25","voters","325032","524","177","274","28","0","1","5","0","0","0","39","213","311","30","26","6","4","16","11","2","0","0","0","0","0","0","0","1","0","0","0","2","0","0","0","0","1","1","1","0","1","0","7","0","0","0","1","1","3","4","12","43","0","5","5","4","7","23","69","0","0","2","9","9","21","76","0","1","5","5","7","33","106","0","3","1","1","6","5","4","0","3","0","1","4","5","6","0","0","0","1","1","3","7","0","0","1","4","1","4","12","104","39","17","5","6","0","2","0","4","139","58","31","13","10","2","4","1","16","25","1","6","4","2","0","0","0","1","15","10","4","2","0","1","1","1","0"
"s25","voters","325036","554","203","257","24","1","3","2","0","2","0","62","211","343","51","30","7","4","8","11","4","2","0","0","0","0","0","0","0","0","0","0","1","0","0","0","0","0","0","0","0","0","6","2","2","0","0","0","5","3","4","9","57","0","2","3","3","2","24","91","0","2","4","3","3","17","69","0","1","3","5","7","37","106","0","1","0","2","2","4","13","0","3","1","4","0","6","26","0","1","0","1","1","2","8","0","0","0","0","2","2","15","135","27","14","7","4","2","3","0","11","146","43","33","9","10","0","2","2","12","36","12","4","3","2","0","0","0","5","27","4","0","0","0","0","1","0","0"
"s25","voters","327006","0","0","0","0","0","0","0","0","0","0","0","0","0","0","0","0","0","0","0","0","0","0","0","0","0","0","0","0","0","0","0","0","0","0","0","0","0","0","0","0","0","0","0","0","0","0","0","0","0","0","0","0","0","0","0","0","0","0","0","0","0","0","0","0","0","0","0","0","0","0","0","0","0","0","0","0","0","0","0","0","0","0","0","0","0","0","0","0","0","0","0","0","0","0","0","0","0","0","0","0","0","0","0","0","0","0","0","0","0","0","0","0","0","0","0","0","0","0","0","0","0","0","0","0","0","0","0","0","0","0","0","0","0","0","0","0","0"
"s25","voters","331014","1243","433","519","58","1","8","26","0","5","0","193","593","650","149","82","45","11","10","6","3","2","0","2","1","0","1","5","0","0","4","1","3","1","2","0","0","0","0","0","1","0","2","4","3","3","0","18","23","19","34","31","50","2","24","31","39","41","50","71","1","18","25","36","43","59","90","1","9","17","41","40","55","84","3","11","12","11","21","20","23","3","7","12","19","12","20","19","0","3","3","12","8","6","13","1","5","5","10","9","14","9","264","82","47","9","10","0","3","8","10","273","89","68","12","17","0","5","4","51","109","23","30","4","9","0","2","1","15","61","21","8","3","2","1","0","0","2"
"s25","voters","331018","1409","541","538","66","4","13","11","0","4","0","232","640","769","122","95","52","19","27","23","9","5","4","0","2","1","1","5","2","0","8","3","7","0","1","4","2","1","5","2","0","0","26","16","14","4","2","20","36","41","30","45","46","6","29","43","56","52","71","64","1","13","19","37","47","75","66","1","10","19","30","63","76","81","1","11","14","21","21","23","26","2","16","19","14","28","14","22","0","3","5","10","7","11","9","0","5","5","8","15","15","5","324","117","53","15","13","0","8","0","11","288","102","62","13","21","4","7","2","39","146","37","23","8","5","3","3","1","6","60","27","9","1","0","0","0","0","1"
"s25","voters","331022","1725","613","658","90","4","17","14","0","7","0","322","825","900","144","99","71","26","12","32","8","6","9","7","1","0","4","2","2","0","5","4","19","1","6","5","4","1","6","6","5","1","24","25","15","3","3","24","32","37","56","52","39","8","50","37","64","85","59","67","2","35","24","40","100","76","54","1","20","19","50","99","80","58","6","33","18","22","52","29","25","2","24","8","32","30","26","15","0","8","7","8","16","17","10","0","12","8","12","12","14","8","384","110","64","15","17","3","4","5","11","393","102","73","21","17","3","20","3","26","200","43","33","19","5","3","7","0","12","86","25","12","5","3","0","1","0","0"
"s25","voters","331029","1021","314","454","53","1","9","10","0","2","0","178","473","548","58","65","20","15","13","17","5","2","7","4","4","0","3","4","1","0","3","10","10","1","4","1","1","1","3","2","3","2","9","3","4","2","1","8","15","15","15","34","35","2","26","18","26","29","38","52","1","17","16","20","29","64","65","1","17","22","23","41","63","75","2","9","5","14","24","17","24","2","8","8","11","19","12","23","0","5","3","4","7","14","10","1","2","3","3","9","6","8","187","56","32","10","7","0","3","2","17","247","87","45","10","17","1","4","2","41","109","29","14","6","8","3","0","0","9","41","17","12","0","2","0","0","1","2"
"s25","voters","331035","1783","710","661","85","3","16","15","0","2","0","291","874","909","147","114","57","20","20","17","4","4","5","1","3","0","3","2","1","2","11","10","8","3","7","4","5","1","9","8","10","3","14","19","11","1","6","34","29","40","58","51","91","3","48","39","60","92","67","92","2","24","20","58","84","75","88","2","19","10","56","72","69","82","2","16","18","32","37","16","29","1","21","18","33","27","25","16","0","5","8","6","15","13","17","2","8","8","7","14","7","11","413","131","95","14","17","4","9","2","25","353","125","83","25","16","5","11","2","41","170","43","37","12","4","5","3","6","11","75","28","7","2","3","2","0","1","3"
"s25","voters","332002","1478","553","555","87","2","15","12","0","7","0","247","676","802","157","89","41","30","19","23","16","3","2","0","1","0","4","1","1","1","2","1","1","0","1","1","1","0","5","1","1","0","5","8","1","1","1","18","33","35","27","34","64","2","29","50","60","50","50","100","1","5","32","34","38","58","107","0","8","30","44","36","56","106","2","9","27","31","18","18","20","0","14","25","26","17","11","29","1","3","9","18","6","15","12","0","9","12","5","7","11","15","346","95","67","10","9","4","5","2","15","358","57","47","20","13","3","7","7","43","168","36","19","9","4","0","1","0","10","96","12","8","1","0","1","0","2","3"
"s25","voters","332009","1154","434","423","64","2","12","12","0","4","0","203","526","628","117","75","45","20","19","22","3","0","0","1","0","0","4","2","1","0","3","2","5","0","2","1","5","0","4","5","0","1","13","8","11","3","1","12","29","24","31","27","39","6","24","32","56","43","60","50","1","12","20","37","54","55","42","1","15","22","41","41","43","39","6","9","11","25","18","17","10","2","13","18","20","20","16","18","0","0","10","9","9","12","6","1","8","8","6","10","9","6","259","93","46","7","9","1","6","0","13","225","75","64","16","9","5","5","2","22","127","24","24","8","8","2","3","1","6","70","13","4","1","4","0","1","0","1"
"s25","voters","332016","2056","667","897","118","9","16","20","0","7","0","322","998","1058","173","121","57","27","23","39","13","5","1","6","1","1","4","2","0","1","4","5","6","0","5","3","4","0","3","5","2","0","16","22","6","4","4","34","31","37","40","62","63","3","45","47","59","71","93","78","4","32","34","86","84","125","97","3","20","26","64","84","126","112","5","18","28","23","35","41","29","4","13","14","36","31","25","20","0","6","12","19","15","20","14","1","15","10","8","15","14","21","410","102","78","21","22","2","3","0","29","514","123","113","38","17","3","8","8","73","201","38","33","13","11","2","6","4","14","110","30","19","1","2","2","2","0","4"
"s25","voters","332019","1466","444","657","94","3","12","19","0","4","0","233","653","813","137","88","51","22","11","25","9","6","1","0","0","0","1","3","0","0","4","3","2","0","2","9","2","1","5","5","4","1","8","14","6","3","2","16","24","15","18","27","60","1","22","42","38","33","51","95","1","14","32","33","47","71","112","0","10","31","37","45","96","128","1","11","20","25","20","15","30","3","12","16","16","17","23","24","0","2","7","12","10","12","16","1","4","13","11","15","13","16","276","84","49","13","9","0","2","1","10","393","106","60","17","17","2","18","6","38","138","33","33","13","1","2","2","1","10","99","17","9","2","2","0","1","0","2"
"s25","voters","333001","1861","628","824","105","4","13","17","0","6","0","264","867","994","124","101","49","24","23","31","6","4","2","4","0","0","2","0","0","1","5","8","4","0","0","1","1","1","1","0","2","0","15","7","5","1","2","15","22","31","34","40","104","3","24","43","49","55","61","145","7","18","23","49","55","92","171","3","10","23","46","51","117","159","2","17","16","27","22","25","34","2","12","11","28","15","27","26","0","5","6","11","6","12","21","0","5","10","17","11","12","29","358","121","59","28","10","2","5","4","41","467","124","109","22","8","2","6","7","79","153","38","34","9","3","2","4","0","21","87","35","13","2","1","2","1","0","4"
"s25","voters","333008","1886","649","777","88","3","24","25","0","3","0","317","890","996","145","107","58","21","24","18","10","5","0","0","1","0","1","5","0","1","2","3","3","0","4","1","6","1","0","2","0","1","14","6","8","2","5","22","25","42","50","42","69","2","31","49","74","62","70","106","4","27","30","59","58","107","112","2","18","31","51","60","99","119","4","20","24","32","22","31","37","1","11","15","26","29","29","36","2","4","10","16","8","15","13","0","10","11","10","11","16","17","373","114","74","29","18","2","7","1","31","420","101","96","29","23","3","11","4","90","173","43","33","24","16","3","5","4","16","93","20","10","9","6","0","0","0","5"
"s25","voters","333011","2231","690","971","149","6","17","30","0","5","0","363","1080","1151","115","114","71","35","41","34","9","4","0","4","2","0","3","3","2","2","10","11","3","0","1","4","5","1","5","5","4","3","27","11","8","3","3","22","25","39","52","61","85","3","55","44","52","85","77","87","7","33","41","67","100","116","129","2","26","30","67","93","124","136","4","31","20","34","43","34","25","3","30","26","35","35","26","17","2","14","12","14","26","24","17","1","13","7","11","24","16","26","397","111","89","22","22","3","8","2","36","566","143","108","31","34","2","8","9","70","213","64","35","16","10","1","5","0","19","116","47","25","4","4","2","2","0","7"
"s25","voters","333015","1058","323","480","55","1","6","11","0","5","0","177","493","565","67","71","35","11","6","8","4","0","1","1","0","1","0","0","1","0","2","8","1","0","3","1","2","0","1","1","0","0","8","3","1","3","2","10","9","26","14","31","35","1","26","21","34","36","26","52","2","15","22","34","45","68","62","2","8","16","31","45","58","72","2","8","9","14","19","14","11","1","14","10","19","22","14","20","0","1","7","8","8","16","1","0","9","3","7","4","9","5","191","51","41","10","10","3","2","0","15","281","74","48","12","6","3","1","8","47","98","29","19","11","10","1","3","2","4","52","17","5","1","0","0","0","0","3"
"s25","voters","333021","1233","324","613","63","2","6","15","0","4","0","206","590","643","71","91","32","13","2","24","11","4","9","0","0","0","5","5","0","0","3","1","7","1","2","2","6","1","5","5","2","0","10","7","3","0","1","12","7","8","28","22","46","2","22","20","25","36","36","59","5","26","15","47","72","70","78","1","19","15","37","80","58","90","3","15","7","22","18","21","23","2","11","9","19","23","18","15","1","4","3","9","7","8","12","0","5","3","8","14","5","11","190","61","40","11","2","2","6","1","11","357","96","84","19","10","2","11","6","28","111","27","30","14","8","3","3","2","8","65","12","8","1","3","0","1","0","0"
"s25","voters","334007","1459","530","600","78","4","6","15","0","3","0","223","694","765","112","99","41","14","10","20","3","1","3","2","4","1","2","2","0","1","6","10","8","1","15","1","3","1","1","8","1","0","12","24","11","2","0","7","25","46","42","36","68","5","17","30","66","55","45","88","0","13","25","51","58","63","93","2","10","26","50","55","74","80","5","12","14","27","18","16","20","2","11","10","25","23","24","16","0","7","2","12","12","8","14","0","5","5","9","8","12","12","364","91","48","13","8","1","1","2","2","420","88","46","15","17","0","2","3","9","155","27","16","13","7","0","2","2","1","75","17","7","2","2","1","1","0","1"
"s25","voters","334010","1440","511","585","71","4","15","15","0","1","0","238","670","770","148","99","64","21","7","17","5","1","0","3","1","0","4","1","0","0","9","7","5","1","2","0","2","0","6","3","3","0","10","13","7","4","3","18","26","38","45","34","60","2","27","24","41","46","55","92","3","8","19","45","52","72","93","3","11","25","47","47","74","86","0","8","11","19","22","18","26","0","16","11","27","28","23","29","1","4","2","7","10","12","14","1","4","11","10","9","13","8","310","96","50","13","9","0","4","2","27","337","83","69","14","21","3","6","6","46","134","41","31","10","4","3","1","2","12","67","21","12","2","1","2","0","0","1"
"s25","voters","334012","664","196","331","30","1","4","5","0","0","0","97","328","336","48","23","13","6","4","6","1","0","0","0","0","0","1","0","0","0","0","3","1","0","2","0","0","1","0","1","0","0","2","12","1","0","1","9","10","11","17","16","19","1","9","10","21","20","23","29","0","14","14","21","20","40","64","0","6","12","20","28","33","59","1","5","9","9","9","5","12","4","5","3","6","11","7","11","0","2","1","4","5","6","4","0","3","1","1","3","7","3","95","45","27","2","3","2","1","2","19","173","37","45","14","12","3","7","1","39","54","10","21","4","0","2","2","0","4","24","12","2","0","1","0","0","0","1"
"s25","voters","334018","1934","568","986","101","2","18","10","0","3","0","246","927","1007","111","99","33","12","17","36","7","8","0","0","0","0","2","3","0","0","0","10","4","1","2","2","3","0","0","6","0","2","8","4","7","0","1","11","21","30","29","41","95","1","24","35","36","54","64","126","3","18","39","45","67","119","211","2","12","24","55","68","130","193","3","12","14","25","30","19","30","3","11","17","23","21","21","17","0","6","7","7","10","15","19","0","8","7","11","10","16","18","318","95","80","8","15","3","7","2","40","546","157","109","25","21","1","8","5","114","147","44","20","9","10","2","0","1","13","81","18","19","5","6","1","1","0","3"
"s25","voters","334022","1553","525","707","93","5","7","9","0","5","0","202","680","873","124","76","38","18","27","27","13","3","5","0","3","0","1","2","2","0","4","4","3","0","6","0","1","3","2","0","0","0","9","9","8","1","0","8","24","13","23","30","92","0","19","37","29","37","68","145","2","18","21","30","36","74","148","0","14","26","25","44","79","190","0","11","14","18","14","20","30","0","9","16","9","15","15","31","0","4","7","1","6","14","22","0","11","8","7","7","9","23","319","85","49","28","12","4","5","3","20","403","117","61","27","21","5","9","6","58","120","22","27","10","11","0","1","0","11","87","17","9","1","1","0","0","3","1"
"s25","voters","334024","1302","382","634","68","0","5","11","0","3","0","199","629","673","73","63","28","12","15","33","6","3","0","2","0","0","2","3","0","0","1","5","3","0","2","2","2","0","0","2","4","0","4","5","4","1","1","13","13","18","25","34","52","2","9","18","37","33","53","74","1","24","25","29","46","71","119","1","17","19","32","52","90","108","2","8","15","17","15","30","29","2","10","5","13","13","17","23","0","4","5","9","9","8","7","0","4","5","7","12","4","13","211","76","46","13","6","2","2","1","25","341","103","86","11","11","3","5","5","69","130","24","16","10","5","0","2","0","12","56","15","11","1","1","2","0","1","0"
"s25","voters","334040","1208","442","501","60","0","10","11","0","2","0","182","554","654","90","65","27","14","13","20","13","5","1","1","3","0","1","2","0","0","5","3","2","0","4","0","3","1","1","5","2","1","11","13","5","3","0","10","21","29","17","26","70","1","13","47","31","37","40","100","1","10","18","38","40","46","92","0","9","27","26","43","63","88","0","10","9","18","13","18","28","1","7","11","12","11","18","26","0","5","6","5","6","5","13","0","2","4","7","8","7","15","313","89","17","4","6","0","2","0","11","350","79","35","9","4","0","3","0","21","121","29","9","8","3","3","2","0","7","67","11","3","0","0","0","0","0","2"
"s25","voters","335002","1851","721","715","99","4","10","13","0","3","0","286","825","1026","129","104","47","32","28","29","9","1","5","0","3","1","2","2","1","0","7","3","13","3","9","5","3","0","2","6","3","0","25","18","19","4","3","29","40","49","59","49","65","7","44","47","76","87","69","97","4","20","27","55","91","68","75","2","19","36","76","89","69","84","1","13","12","32","35","24","24","6","15","14","36","33","20","21","0","7","7","6","10","9","11","1","12","8","22","13","12","11","492","112","57","17","9","5","6","2","21","450","113","82","15","15","5","8","4","23","197","39","18","9","10","1","5","0","7","100","17","9","0","1","0","1","0","1"
"s25","voters","335008","720","269","268","48","3","4","14","0","3","0","111","311","409","67","56","27","13","14","8","4","5","0","0","0","0","0","0","0","0","2","1","1","0","0","0","2","0","2","0","0","2","4","4","1","0","0","3","18","12","20","7","36","1","17","24","32","24","29","46","0","7","16","17","21","24","39","0","4","12","21","22","35","50","0","5","5","16","15","8","7","2","6","8","11","9","8","11","0","1","4","9","3","9","9","0","7","5","6","3","4","12","164","49","29","5","8","0","1","2","11","174","35","19","11","6","2","0","1","20","60","18","14","6","3","0","2","1","7","49","12","9","0","1","0","0","0","1"
"s25","voters","335012","1446","602","466","64","5","10","17","0","11","0","271","621","825","203","93","80","22","10","16","8","6","3","1","4","0","1","3","1","1","2","1","2","2","3","3","0","2","0","1","2","1","19","10","12","1","3","30","33","39","37","38","39","3","38","70","79","57","63","73","0","20","25","39","34","54","54","1","8","27","38","37","55","74","3","17","27","23","21","19","20","4","23","22","24","25","22","21","0","5","11","14","7","4","5","2","11","9","10","12","7","10","389","103","61","15","16","1","6","0","11","296","59","51","11","14","2","1","4","28","176","25","34","13","8","2","3","0","10","73","19","10","2","0","1","0","1","1"
"s25","voters","335013","842","296","359","43","0","9","8","0","4","0","123","388","454","84","48","30","9","8","11","3","0","0","0","0","0","0","0","0","0","0","1","0","0","2","1","0","0","1","0","1","0","1","5","3","0","0","9","14","22","20","16","41","2","11","26","24","21","39","51","0","6","12","32","33","30","62","0","9","17","22","24","37","75","2","7","10","12","12","8","10","0","6","10","16","11","9","10","1","1","5","6","7","4","6","1","2","4","6","3","8","10","196","48","25","7","7","1","0","0","12","225","46","40","9","10","1","4","2","22","81","18","7","6","2","2","3","2","2","42","9","6","4","2","0","0","0","1"
"s25","voters","335020","623","274","229","17","2","4","5","0","1","0","91","253","370","103","45","28","4","6","9","2","0","0","0","0","0","0","1","0","0","1","3","0","0","2","4","1","0","2","1","1","0","5","1","3","0","1","10","13","9","10","15","34","0","9","29","17","15","35","77","0","3","7","13","13","27","38","0","6","5","10","14","31","62","2","8","4","7","4","11","10","1","4","9","6","8","8","9","0","1","4","1","1","3","4","0","1","3","0","2","2","7","168","49","25","8","5","0","1","2","16","133","28","28","8","4","1","1","2","24","54","14","6","4","6","1","1","0","5","19","3","4","1","0","0","0","0","2"
"s25","voters","357001","1081","199","680","47","1","8","11","0","0","0","135","534","547","26","58","18","9","13","29","4","1","0","1","0","0","2","1","0","0","3","6","4","0","0","1","3","0","0","0","0","0","0","0","0","0","1","5","4","4","10","16","34","1","10","6","5","21","32","50","0","14","19","36","39","93","147","2","13","25","31","40","93","128","2","5","10","8","5","16","32","1","6","5","6","8","16","15","0","2","2","0","7","10","13","0","2","2","4","7","4","14","129","30","14","6","5","2","2","2","9","389","121","75","24","20","3","8","0","40","79","27","10","5","3","2","1","1","7","47","17","2","0","0","0","0","1","0"
"s25","voters","357011","287","57","172","15","2","3","4","0","1","0","33","137","150","8","14","3","4","4","7","1","0","0","0","0","0","0","0","0","0","1","0","1","0","0","2","0","0","1","0","0","0","0","1","0","0","0","2","2","1","3","7","13","0","0","2","4","4","3","16","0","3","3","3","8","16","52","0","4","3","4","15","23","38","0","1","0","3","0","5","9","0","2","1","1","1","2","8","0","1","1","0","1","3","0","0","2","3","1","2","6","5","30","18","4","2","0","0","1","0","2","83","23","22","6","9","3","4","1","21","18","4","5","3","2","0","0","0","1","17","3","2","0","2","0","1","0","0"
"s25","voters","357027","20","5","10","2","0","0","0","0","0","0","3","10","10","0","0","0","0","0","0","0","0","0","0","0","0","0","0","0","0","0","0","0","0","0","0","0","0","0","2","0","0","0","0","0","0","0","0","0","0","0","0","3","0","0","0","0","0","1","1","0","0","0","0","1","2","2","0","1","1","0","0","2","1","0","0","0","1","0","0","0","0","0","0","0","2","0","0","0","0","0","0","0","1","0","0","0","0","0","0","1","0","3","0","0","0","2","0","0","0","0","4","1","2","2","0","0","0","1","0","3","0","0","0","0","0","0","0","0","1","1","0","0","0","0","0","0","0"
"s25","voters","357028","929","233","497","54","3","1","9","0","3","0","129","464","465","43","39","14","11","12","15","3","3","2","0","1","0","0","0","0","0","0","6","8","0","2","1","1","1","1","1","1","0","4","0","1","0","1","3","3","7","9","28","46","0","4","11","13","20","36","52","1","25","17","11","21","59","116","0","8","18","17","29","70","105","0","5","10","10","17","19","22","0","1","6","6","9","13","11","0","0","2","2","3","14","13","0","4","3","2","4","9","14","134","43","20","7","4","2","4","2","17","294","77","36","17","8","5","5","2","53","82","19","10","3","7","2","1","2","3","49","9","6","4","1","0","0","1","0"
"s25","voters","357053","14","7","4","2","0","0","0","0","0","0","1","3","11","4","1","1","0","0","0","0","1","0","0","0","0","0","0","0","0","0","0","0","0","0","0","0","0","0","0","0","0","0","0","0","0","0","0","0","0","0","0","2","0","0","0","0","0","2","3","0","0","0","0","0","0","0","1","2","0","0","1","0","0","0","0","0","0","0","0","0","0","1","0","0","0","0","0","0","0","0","0","0","0","1","0","0","0","0","0","0","1","5","2","0","0","0","0","0","0","0","4","0","0","0","0","0","0","0","0","1","0","0","0","0","0","0","0","0","1","0","0","0","0","0","0","0","1"
"s25","voters","357064","167","79","47","18","0","0","3","0","0","0","20","76","91","39","13","11","9","0","0","1","0","0","0","0","0","0","0","0","0","0","1","0","0","0","0","0","0","0","1","0","0","0","0","0","0","0","0","2","3","8","7","15","0","2","4","6","3","9","20","0","1","0","6","0","5","9","0","0","1","4","3","5","13","0","1","0","2","0","1","3","0","2","3","3","2","2","1","0","3","1","4","1","1","3","1","1","0","1","1","1","3","43","14","14","1","1","0","0","0","6","24","12","4","1","1","1","1","2","1","14","3","1","1","0","0","0","0","1","21","0","0","0","0","0","0","0","0"
"s25","voters","357071","46","15","22","2","0","0","0","0","0","0","7","24","22","4","0","2","0","1","2","0","0","0","0","0","0","0","0","0","0","0","0","0","0","0","0","0","0","0","1","0","0","0","0","0","0","0","0","3","3","0","2","0","0","1","1","2","2","0","1","0","0","1","0","3","1","9","0","0","0","0","0","4","4","0","0","1","0","0","0","1","0","0","0","0","3","2","0","0","0","0","0","0","0","0","0","0","0","0","0","1","1","11","1","3","0","0","0","0","0","0","17","3","2","0","0","0","0","0","0","5","2","0","0","0","0","0","0","0","1","1","0","0","0","0","0","0","0"
"s25","voters","358000","534","232","179","24","2","2","3","0","1","0","91","251","283","82","54","32","8","4","2","1","0","0","1","0","0","0","0","0","0","0","0","1","0","0","0","1","0","1","0","1","0","10","11","3","0","1","9","19","18","15","18","11","4","14","31","25","25","20","22","0","8","33","17","17","13","18","0","7","15","17","11","15","8","0","3","11","12","9","0","5","0","9","11","7","11","4","9","0","3","3","1","3","3","1","1","2","3","4","3","4","1","162","32","25","4","3","1","3","1","1","152","14","9","0","2","0","1","0","1","72","8","5","2","3","0","1","0","0","28","1","3","0","0","0","0","0","0"
"s25","voters","358009","636","238","248","32","2","2","5","0","2","0","107","305","331","53","41","28","10","4","10","0","1","1","0","0","0","4","0","1","0","0","3","0","0","4","2","1","0","2","4","3","0","12","13","7","1","0","8","12","21","13","15","23","2","12","25","38","22","21","26","0","11","19","26","28","18","31","0","6","15","17","27","23","27","1","4","7","9","19","8","6","0","7","4","16","12","7","7","0","2","1","3","9","8","3","0","1","2","3","3","5","3","185","30","9","2","4","1","2","0","5","192","30","18","2","0","0","2","0","4","79","11","9","2","3","0","2","0","1","37","5","1","0","0","0","0","0","0"
"s25","voters","358012","192","40","109","10","0","1","5","0","1","0","26","90","102","17","11","6","5","1","5","0","0","0","0","0","0","0","1","0","0","0","0","0","0","0","0","0","0","1","0","0","0","0","0","1","0","0","0","1","1","2","4","3","0","5","3","7","5","5","4","1","2","6","12","3","9","25","0","2","4","11","6","8","20","0","1","1","1","5","2","3","0","4","1","3","2","0","3","0","1","3","1","0","3","0","0","1","1","3","0","1","3","31","3","2","0","2","0","0","0","2","69","10","13","2","2","0","1","1","11","20","4","1","0","0","0","0","0","1","13","3","0","0","0","0","0","0","1"
"s25","voters","358014","1022","383","398","48","6","5","8","0","6","0","168","436","586","197","82","76","19","7","14","5","2","0","0","0","0","0","0","0","1","3","0","1","0","0","3","0","0","1","2","3","0","10","12","5","0","0","16","25","20","27","24","32","3","33","53","46","40","25","39","0","6","32","33","31","37","52","0","12","24","37","35","49","50","2","5","18","16","8","14","6","3","19","24","13","20","8","12","0","1","6","10","2","4","9","0","7","9","9","6","6","4","265","66","31","3","5","0","2","0","11","262","58","46","6","11","0","1","0","14","117","29","16","0","4","0","0","1","1","54","12","5","1","1","0","0","0","0"
"s25","voters","358015","56","23","25","1","0","2","0","0","0","0","5","27","29","12","12","4","0","1","1","0","0","0","0","0","0","0","0","0","0","0","0","1","0","0","0","0","0","0","0","0","0","0","1","0","0","0","1","0","2","2","2","2","0","2","4","2","0","2","4","0","1","0","1","1","2","8","0","0","2","1","1","2","6","0","2","0","1","0","1","0","0","1","0","0","0","0","0","0","1","0","0","0","0","0","0","0","0","1","0","0","1","14","4","2","0","1","0","0","0","2","11","5","2","1","3","0","1","0","2","5","0","0","0","0","0","0","0","0","1","0","2","0","0","0","0","0","0"
"s25","voters","358016","3","0","3","0","0","0","0","0","0","0","0","2","1","0","0","0","0","0","0","0","0","0","0","0","0","0","0","0","0","0","0","0","0","0","0","0","0","0","0","0","0","0","0","0","0","0","0","0","0","0","0","0","0","0","0","0","0","0","0","0","0","0","0","0","0","2","0","0","0","0","1","0","0","0","0","0","0","0","0","0","0","0","0","0","0","0","0","0","0","0","0","0","0","0","0","0","0","0","0","0","0","0","0","0","0","0","0","0","0","0","1","1","1","0","0","0","0","0","0","0","0","0","0","0","0","0","0","0","0","0","0","0","0","0","0","0","0"
"s25","voters","358020","492","173","214","17","3","4","1","0","4","0","76","236","256","61","47","23","6","4","11","5","1","0","0","2","0","0","2","0","0","0","0","0","0","0","0","1","0","4","3","1","0","1","6","0","3","0","6","4","13","12","10","25","0","10","14","17","17","23","22","0","6","11","25","38","19","14","0","6","10","22","24","24","15","1","5","12","3","7","6","2","0","7","4","8","9","6","6","0","1","1","3","5","6","1","0","3","0","1","3","5","0","86","37","26","6","9","0","2","1","6","130","36","20","13","5","1","2","3","4","42","15","8","2","4","0","1","0","4","20","6","1","0","0","0","0","0","2"
"s25","voters","358024","31","7","21","1","0","0","0","0","0","0","2","15","16","0","0","0","0","0","2","0","0","0","0","0","0","0","0","0","0","1","0","0","0","0","0","0","0","0","0","0","0","0","0","0","0","0","0","0","0","1","0","2","0","0","1","1","0","0","2","1","1","0","2","1","3","2","0","2","0","3","1","3","2","0","0","0","0","0","1","0","0","0","0","0","0","0","1","0","1","0","0","0","0","0","0","0","0","0","0","0","0","7","0","0","0","0","0","0","0","0","13","5","2","0","0","0","0","0","1","1","0","0","0","0","0","0","0","1","1","0","0","0","0","0","0","0","0"
"s25","voters","358025","14","8","2","0","0","0","0","0","0","0","4","5","9","1","0","0","0","0","0","0","0","0","0","0","0","0","0","0","0","0","0","0","0","0","0","0","0","0","0","0","0","1","0","0","0","0","1","0","0","1","0","1","1","0","0","0","1","0","3","0","0","0","1","0","0","0","0","0","0","0","0","0","1","0","0","0","0","1","0","0","0","1","0","0","1","1","0","0","0","0","0","0","0","0","0","0","0","0","0","0","0","5","2","0","1","0","0","0","0","0","0","0","1","0","0","0","0","0","1","1","0","3","0","0","0","0","0","0","0","0","0","0","0","0","0","0","0"
"s25","voters","358027","1111","433","427","47","0","8","11","0","1","0","184","510","601","87","93","50","9","15","18","7","3","0","0","1","0","4","0","0","0","3","1","2","0","5","2","4","0","4","6","6","0","22","28","10","0","1","16","19","20","32","39","42","2","21","26","52","53","41","69","3","13","7","40","45","42","55","2","8","16","37","44","44","71","0","11","10","36","21","11","10","1","8","10","28","16","11","11","0","4","4","7","9","8","5","1","2","7","5","5","5","5","261","110","38","15","7","0","0","0","2","250","100","51","13","10","1","1","0","1","118","41","8","12","4","0","0","1","0","36","25","4","2","0","0","0","0","0"
"s25","voters","358030","1241","425","534","66","0","11","6","0","3","0","196","572","669","95","99","32","10","12","20","2","1","1","2","2","0","0","0","0","0","1","6","2","0","4","1","1","0","3","2","2","2","14","20","5","4","5","16","8","34","52","28","38","2","30","16","53","54","32","57","2","17","17","52","71","60","47","4","16","17","64","58","47","62","1","11","9","20","20","11","13","1","9","12","30","30","12","17","0","4","4","12","7","7","6","0","8","6","8","8","8","8","250","80","49","18","9","4","9","1","5","296","100","82","26","15","3","4","0","8","122","27","21","13","6","1","3","2","1","49","26","6","2","1","1","0","0","1"
"s25","voters","358032","128","42","52","5","0","1","5","0","1","0","22","64","64","11","8","7","3","1","0","0","0","1","0","1","0","1","0","0","0","1","0","2","0","0","0","1","0","0","0","0","0","1","1","2","1","0","3","2","4","3","3","3","0","3","1","7","5","2","6","0","3","3","9","4","6","4","0","1","2","6","4","7","3","0","1","1","1","3","1","3","1","1","2","1","4","1","2","0","0","2","2","1","0","2","0","0","3","1","0","0","1","22","17","1","0","1","0","0","0","1","30","18","3","0","1","0","0","0","0","12","8","1","0","0","0","1","0","0","7","4","0","0","0","1","0","0","0"
"s25","voters","358038","1322","495","539","56","0","9","10","0","3","0","210","627","695","128","114","54","19","14","27","14","3","1","0","0","0","1","2","0","0","5","2","2","0","3","0","1","0","2","3","2","1","20","13","6","0","0","19","28","31","39","40","54","4","20","25","47","44","54","90","3","13","34","46","52","46","80","1","7","24","49","46","54","84","3","11","13","13","24","16","25","2","14","13","23","28","10","15","0","3","5","6","12","5","6","1","8","3","6","8","6","9","316","92","59","8","7","3","3","0","7","326","96","74","17","13","2","2","0","9","129","30","31","6","5","3","2","2","2","50","22","4","1","1","0","0","0","0"
"s25","voters","358041","602","212","249","29","3","5","7","0","0","0","97","286","316","75","79","29","13","5","13","2","2","1","0","1","0","2","0","0","2","0","1","1","0","4","0","0","0","1","1","3","0","7","12","9","2","1","5","8","12","22","23","19","2","18","9","24","33","13","23","1","9","12","26","36","20","18","0","10","12","37","30","16","22","1","6","10","8","11","8","5","1","11","5","8","10","7","6","1","1","3","6","5","6","3","1","4","3","2","3","4","2","143","30","17","6","5","1","5","0","5","143","35","40","10","14","0","3","1","3","57","10","11","11","4","0","2","0","2","28","6","3","3","2","1","0","0","1"
"s25","voters","358106","1130","446","418","60","4","10","11","0","3","0","178","530","600","157","107","57","19","5","10","1","1","0","0","1","0","0","0","2","1","6","4","3","2","3","2","3","1","3","1","0","1","11","14","11","4","0","14","26","50","32","27","28","0","33","54","56","49","42","35","0","9","38","47","37","35","40","2","5","49","37","39","39","41","2","13","23","17","19","16","9","0","13","16","18","8","16","8","0","2","10","13","9","8","6","0","4","10","6","9","8","3","366","72","4","0","0","0","1","0","3","351","60","3","1","0","0","0","0","3","153","22","3","0","0","0","0","0","0","78","10","0","0","0","0","0","0","0"
"s25","voters","359000","49","6","36","1","1","0","0","0","0","0","5","23","26","3","11","1","0","0","5","0","0","0","0","0","0","0","0","0","0","0","0","0","0","0","0","0","0","0","0","0","0","0","0","0","0","0","0","0","0","0","0","2","0","1","0","0","1","0","2","1","0","1","3","4","3","6","0","0","2","2","4","3","7","0","0","1","0","1","1","0","0","1","0","0","0","0","1","0","0","0","0","0","0","0","0","0","1","0","1","0","0","2","1","1","1","1","0","0","0","0","18","4","3","0","1","0","2","1","7","3","0","1","0","1","0","0","0","0","1","1","0","0","0","0","0","0","0"
"s25","voters","359011","12","4","7","0","0","0","0","0","0","0","1","5","7","3","1","0","0","0","0","0","0","0","0","0","0","0","0","0","0","0","0","0","0","0","0","0","0","0","0","0","0","0","0","0","0","0","0","0","0","0","1","1","0","0","0","0","1","0","1","0","0","0","1","0","0","1","0","0","1","0","1","0","3","0","0","0","0","0","0","1","0","0","0","0","0","0","0","0","0","0","0","0","0","0","0","0","0","0","0","0","0","2","1","0","0","1","0","0","0","0","4","3","0","0","0","0","0","0","0","0","1","0","0","0","0","0","0","0","0","0","0","0","0","0","0","0","0"
"s25","voters","359016","97","19","52","6","0","0","2","0","1","0","17","53","44","9","5","3","0","0","2","0","0","0","0","0","0","0","0","0","0","0","0","0","0","0","2","0","0","0","0","0","0","0","3","0","0","0","1","1","0","1","1","2","0","1","2","2","1","4","3","0","3","3","4","3","6","12","0","0","0","4","4","4","9","0","1","1","3","1","4","2","1","0","1","1","0","1","1","0","0","0","2","0","0","2","0","0","0","0","0","0","5","7","2","6","1","0","1","1","0","1","29","10","7","0","2","0","1","0","3","9","2","2","1","0","0","1","1","1","5","1","0","1","1","0","1","0","0"
"s25","voters","359017","330","54","200","13","0","4","7","0","1","0","51","152","178","7","12","6","2","3","10","3","1","0","0","0","0","0","0","0","0","0","0","0","0","0","3","0","0","0","0","0","0","0","0","0","0","1","2","1","1","3","2","9","2","2","5","3","3","6","14","0","4","12","14","15","23","27","0","5","5","12","15","25","43","1","2","2","5","3","6","8","0","6","3","6","2","4","3","0","2","0","3","0","2","4","0","1","2","1","1","4","5","31","11","4","2","0","0","0","0","6","103","33","25","6","5","2","2","1","23","34","4","5","1","1","0","2","2","2","14","8","2","1","0","0","0","0","0"
"s25","voters","359020","9","1","6","1","0","1","0","0","0","0","0","6","3","0","0","0","0","1","0","0","0","0","0","0","0","0","0","0","0","0","0","0","0","0","0","0","0","0","0","0","0","0","0","0","0","0","0","0","0","0","0","1","0","0","0","0","0","0","0","0","0","1","0","1","0","2","0","0","0","0","1","1","0","0","0","0","0","0","0","0","0","0","0","0","0","0","0","0","0","0","0","1","0","0","0","0","0","0","1","0","0","0","0","1","0","0","0","0","0","0","2","1","2","0","0","0","0","0","1","0","0","0","0","0","0","0","0","0","1","0","1","0","0","0","0","0","0"
"s25","voters","367006","730","267","268","46","3","5","7","0","5","0","129","329","401","68","55","34","22","10","7","4","2","6","2","3","0","1","0","0","0","3","2","1","0","2","1","3","0","2","1","1","1","13","11","4","0","1","3","16","28","18","10","22","0","15","29","50","19","28","28","0","5","17","29","36","25","23","0","6","21","27","35","14","30","2","9","12","18","10","6","7","3","7","12","15","16","5","7","0","0","4","14","9","3","2","1","8","1","8","7","6","3","209","36","14","5","1","1","0","0","1","196","27","28","3","2","0","2","2","8","100","17","9","1","0","0","0","0","2","46","14","6","0","0","0","0","0","0"
"s25","voters","367007","990","351","403","55","0","12","5","0","2","0","162","423","567","92","77","40","14","8","10","0","4","3","0","0","0","0","6","3","0","0","0","0","1","0","2","0","0","1","5","1","0","10","18","9","1","1","7","5","13","29","26","34","7","28","22","37","41","46","55","2","9","10","46","51","35","41","0","15","10","44","61","33","46","0","17","7","18","20","15","9","4","12","9","9","18","12","12","1","3","1","2","10","4","7","2","5","3","9","11","11","5","220","58","29","12","14","2","2","1","13","234","66","59","9","10","1","3","6","15","87","27","19","13","5","2","4","0","5","45","15","7","2","1","0","2","1","1"
"s25","voters","367020","1556","560","619","92","3","8","15","0","2","0","257","708","848","138","112","51","26","17","16","2","0","4","3","0","0","2","4","1","0","5","2","6","1","15","5","3","3","3","8","1","2","23","15","7","3","4","16","25","36","39","40","60","3","47","30","74","56","52","78","4","27","13","66","81","60","64","2","18","18","64","75","53","74","3","10","14","28","31","21","11","2","22","18","29","36","15","17","3","8","3","9","17","6","9","1","11","3","13","19","11","7","322","144","46","19","9","0","6","0","14","369","114","66","26","21","0","3","2","18","148","56","22","19","6","1","0","0","5","87","20","11","0","0","0","0","1","1"
"s25","voters","367022","1330","424","581","55","9","7","29","0","8","0","217","626","704","104","94","53","14","18","28","5","4","2","0","3","1","1","0","1","1","0","7","1","0","0","3","0","0","2","5","1","1","19","14","12","5","4","18","19","28","34","38","35","3","32","31","41","55","39","47","5","24","19","48","86","60","55","1","21","26","58","73","47","58","1","15","11","22","31","10","9","2","15","13","27","28","15","18","0","4","13","11","11","11","4","4","7","8","5","12","10","8","259","79","51","14","7","0","2","3","9","373","82","62","10","13","1","9","3","28","129","29","22","12","8","0","4","2","11","67","18","15","2","1","0","3","0","2"
"s25","voters","367030","1469","520","596","73","3","13","17","0","5","0","242","686","783","173","103","57","24","14","17","5","4","0","0","0","0","2","2","0","0","5","1","0","0","5","0","4","0","3","4","0","3","11","7","6","1","4","21","27","39","47","31","46","7","24","30","69","52","52","71","1","20","32","43","54","78","59","7","26","22","38","77","66","73","2","19","21","23","23","18","19","2","21","15","25","16","26","12","2","6","5","10","17","7","12","0","7","6","12","10","10","7","321","87","48","12","17","2","8","3","22","364","98","65","12","13","3","8","4","29","149","37","24","8","8","1","2","1","12","66","20","15","2","2","1","3","0","2"
"s25","voters","367032","1347","365","697","77","1","4","12","0","6","0","185","657","690","104","102","39","16","10","22","9","3","4","4","0","0","4","0","3","1","4","3","1","0","2","2","3","0","2","4","1","1","11","8","8","3","1","17","19","27","18","34","35","2","18","19","47","36","46","46","5","24","27","59","79","75","82","1","23","22","61","79","81","79","3","17","12","13","27","22","9","0","10","6","16","26","9","15","1","8","3","11","13","9","7","1","7","6","2","12","10","10","212","70","45","13","9","0","0","2","14","394","125","88","21","13","1","7","9","39","102","26","25","12","8","0","2","2","8","58","24","8","3","0","2","2","0","3"
"s25","voters","367045","832","299","325","39","2","6","10","0","4","0","147","399","433","91","56","43","14","8","18","4","1","5","3","1","0","2","3","1","1","2","3","4","1","1","0","0","0","5","2","0","3","6","11","8","0","1","7","22","26","29","17","25","2","29","31","29","33","19","29","1","13","9","31","42","40","30","1","7","10","37","47","29","28","1","13","10","18","22","5","9","2","10","6","17","21","10","3","1","4","6","6","6","2","3","1","5","3","9","6","5","4","179","68","24","6","10","4","4","0","4","195","57","44","9","7","2","3","2","6","87","30","15","4","4","0","2","0","5","40","11","8","1","1","0","0","0","0"
"s25","voters","367046","824","311","289","41","1","5","10","0","2","0","165","386","438","80","52","47","6","13","8","3","2","0","2","0","0","1","1","1","0","3","2","4","0","1","2","0","0","13","4","2","2","15","7","4","1","2","19","11","23","30","21","27","7","20","21","33","42","25","30","1","9","17","29","39","28","24","3","6","14","35","37","23","24","1","12","9","11","27","14","7","0","13","11","16","26","9","9","2","2","3","5","9","1","3","1","3","3","6","11","5","5","195","48","39","9","6","1","0","1","12","187","40","35","5","9","2","3","4","4","93","23","26","12","6","3","0","0","2","40","9","5","2","1","0","1","0","1"
"s25","voters","367048","1250","400","551","50","4","14","18","0","2","0","211","584","666","99","107","53","13","9","16","4","2","4","0","1","0","6","1","0","0","0","4","4","1","3","0","2","2","4","9","4","1","15","27","12","4","1","14","9","31","39","29","45","1","21","19","52","55","36","48","2","19","15","52","62","48","78","1","12","21","56","58","45","82","1","15","10","24","21","11","16","2","14","11","24","23","11","28","0","3","7","10","12","2","8","1","4","6","11","6","10","8","241","73","51","11","13","2","0","3","6","332","83","75","19","16","4","6","2","14","123","39","24","9","7","1","1","2","5","56","16","10","3","0","1","0","1","1"
"s25","voters","367051","105","43","44","4","0","1","0","0","0","0","13","48","57","16","10","8","1","0","0","0","1","0","0","0","0","0","0","0","0","0","0","0","0","1","0","0","0","0","0","0","0","3","3","1","0","0","3","2","1","5","2","4","1","2","3","4","5","6","5","0","1","5","4","3","2","5","0","0","7","3","6","3","5","1","0","1","2","3","0","0","0","1","3","0","2","0","0","0","0","2","0","1","1","0","0","0","0","0","1","0","0","37","6","0","0","0","0","0","0","0","37","4","0","1","1","1","0","0","0","7","6","0","0","0","0","0","0","0","4","1","0","0","0","0","0","0","0"
"s25","voters","367053","45","10","26","2","0","1","3","0","0","0","3","25","20","6","4","2","3","2","3","1","2","0","0","0","0","0","0","0","0","0","0","0","0","0","0","0","0","0","0","0","0","0","0","0","0","0","0","0","0","0","1","2","0","0","1","0","1","1","4","0","0","0","2","3","2","8","0","2","0","2","3","0","4","0","1","0","0","1","0","1","0","0","0","0","0","0","0","0","0","0","0","3","1","0","0","1","0","0","1","0","0","5","4","0","0","0","0","0","0","1","14","6","2","1","0","0","0","0","3","3","0","0","0","0","0","0","0","0","2","2","2","0","0","0","0","0","0"
"s25","voters","367057","0","0","0","0","0","0","0","0","0","0","0","0","0","0","0","0","0","0","0","0","0","0","0","0","0","0","0","0","0","0","0","0","0","0","0","0","0","0","0","0","0","0","0","0","0","0","0","0","0","0","0","0","0","0","0","0","0","0","0","0","0","0","0","0","0","0","0","0","0","0","0","0","0","0","0","0","0","0","0","0","0","0","0","0","0","0","0","0","0","0","0","0","0","0","0","0","0","0","0","0","0","0","0","0","0","0","0","0","0","0","0","0","0","0","0","0","0","0","0","0","0","0","0","0","0","0","0","0","0","0","0","0","0","0","0","0","0"
"s25","voters","367062","10","4","6","0","0","0","0","0","0","0","0","7","3","0","0","0","0","0","1","0","0","0","0","0","0","0","0","0","0","1","0","0","0","0","0","0","0","0","0","0","0","0","0","0","0","0","0","0","0","0","0","2","0","0","0","0","1","0","1","0","0","0","0","1","2","2","0","0","0","0","0","0","1","0","0","0","0","0","0","0","0","0","0","0","0","0","0","0","0","0","0","0","0","0","0","0","0","0","0","0","0","2","1","1","0","0","0","0","0","0","4","1","1","0","0","0","0","0","0","0","0","0","0","0","0","0","0","0","0","0","0","0","0","0","0","0","0"
"s25","voters","368006","662","112","408","37","4","3","9","0","0","0","89","292","370","21","40","16","7","1","18","2","1","0","0","0","0","0","0","0","0","2","3","1","0","0","0","0","0","0","2","0","0","0","0","0","0","0","2","3","2","4","5","18","0","5","6","6","10","15","36","3","16","4","5","30","48","81","2","16","8","12","35","51","97","0","4","5","4","6","9","19","0","4","6","7","6","11","8","0","2","4","4","2","2","10","1","2","2","2","4","10","8","69","23","9","2","2","0","1","0","6","224","66","47","12","9","2","3","4","41","57","11","8","6","3","0","3","0","1","34","11","6","1","0","0","0","0","1"
"s25","voters","368010","603","136","315","41","0","5","14","0","4","0","88","278","325","26","33","13","8","4","15","2","0","0","0","0","0","0","0","0","0","0","2","4","1","1","0","2","1","6","4","4","1","1","8","1","0","0","4","2","2","11","9","16","0","13","10","17","14","13","25","2","8","7","22","33","34","53","1","10","7","19","29","41","49","0","6","1","7","9","9","9","2","5","4","7","15","5","9","0","7","0","5","9","4","9","0","3","1","4","8","9","5","82","23","15","4","3","0","1","2","6","169","60","45","15","7","2","2","3","12","61","13","4","3","3","0","1","3","0","39","12","4","4","2","1","0","1","1"
"s25","voters","368011","405","136","182","25","0","1","1","0","0","0","60","191","214","28","30","5","3","1","5","1","0","1","0","2","0","2","0","0","0","4","4","7","0","3","0","4","0","2","0","2","1","2","2","1","0","1","2","8","4","16","5","18","0","6","4","12","18","9","33","0","5","4","17","21","11","32","0","3","1","19","17","12","40","0","6","1","7","7","3","11","1","3","3","3","8","1","6","0","1","0","3","3","2","3","1","2","2","1","2","3","4","75","32","26","3","0","0","0","0","0","103","38","32","7","1","0","0","0","1","32","15","10","3","0","0","0","0","0","18","4","4","1","0","0","0","0","0"
"s25","voters","368025","1396","429","598","80","2","5","19","0","2","0","261","681","715","77","78","19","17","8","25","7","0","3","5","3","0","2","3","3","0","9","5","10","0","8","2","5","1","3","6","3","4","0","12","5","0","1","18","8","23","29","35","67","3","27","16","31","49","37","85","3","16","16","42","72","68","88","2","14","11","38","70","61","97","2","16","10","23","38","23","26","4","18","7","23","33","23","15","0","4","6","10","15","8","14","0","5","5","4","9","16","12","264","79","46","8","14","3","7","1","7","343","91","66","23","15","6","21","7","26","154","48","32","9","3","1","5","0","9","67","19","14","3","2","1","1","0","1"
"s25","voters","368026","303","98","144","10","0","1","2","0","0","0","48","142","161","11","15","8","0","4","3","0","0","0","0","0","0","0","0","0","0","0","1","1","0","2","0","4","0","3","0","0","2","2","1","3","0","2","3","2","1","10","9","10","3","4","3","5","19","9","18","0","11","4","8","14","16","17","0","3","2","12","17","16","24","3","4","1","1","5","6","5","1","3","1","0","12","4","2","0","2","0","1","3","3","1","0","1","0","0","0","1","1","58","20","14","1","0","0","1","1","3","81","23","16","5","1","2","4","4","8","26","12","4","3","1","0","0","1","1","11","1","1","0","0","0","0","0","0"
"s25","voters","368031","91","12","54","5","0","0","1","0","0","0","19","43","48","1","0","2","2","0","3","1","1","0","0","0","0","0","0","0","0","0","0","0","0","0","0","0","0","0","0","2","0","0","0","0","0","0","0","0","0","0","2","2","0","0","0","1","0","2","5","0","1","0","3","0","7","10","0","0","2","4","2","12","13","0","3","1","3","2","1","5","0","1","0","1","1","0","1","0","0","0","1","1","1","0","0","0","0","2","0","1","0","5","1","3","1","1","0","0","0","1","24","8","7","3","0","0","1","2","9","12","3","0","1","1","0","0","2","0","6","0","0","0","0","0","0","0","0"
"s25","voters","368037","312","76","182","22","0","2","2","0","1","0","27","153","159","9","19","2","4","1","3","0","0","0","0","0","0","0","0","0","0","0","0","0","0","0","0","0","0","0","0","0","0","0","0","0","0","1","1","4","2","5","5","13","0","2","2","3","8","9","21","0","3","5","7","12","22","45","1","4","5","8","10","28","32","1","1","2","1","4","4","4","0","0","0","1","3","4","2","0","0","1","2","0","4","4","0","2","1","2","2","2","7","46","14","6","5","1","0","1","0","3","98","31","20","8","9","0","2","1","13","19","3","2","2","0","0","0","0","1","18","5","1","1","1","0","0","0","1"
"s25","voters","368040","396","83","227","19","0","7","3","0","1","0","56","182","214","16","21","7","3","8","15","4","2","2","1","1","0","0","1","0","0","0","0","2","0","0","0","0","0","0","0","0","0","2","0","0","0","0","2","1","0","3","2","13","0","3","5","2","13","15","24","0","8","6","8","15","29","48","0","4","3","10","13","33","50","0","4","5","3","6","8","5","0","3","3","5","6","5","3","0","0","0","3","2","7","4","0","1","1","3","2","5","2","49","16","10","2","2","0","0","0","4","126","31","29","8","10","1","2","2","18","35","11","3","3","2","0","1","0","1","23","3","3","1","0","0","0","0","0"
"s25","voters","368052","249","36","160","18","1","5","0","0","0","0","29","115","134","5","7","2","1","2","2","3","1","0","0","0","0","0","0","0","0","0","0","0","0","0","2","1","0","0","0","0","0","0","0","0","0","0","0","0","1","0","2","10","0","0","0","2","1","5","15","2","2","2","4","14","21","27","0","3","3","6","13","26","37","2","4","1","2","0","6","3","0","1","1","1","3","3","2","0","1","0","1","1","2","7","0","0","1","1","1","5","4","15","11","4","2","1","0","0","1","2","85","18","24","9","1","0","3","0","20","19","3","4","0","1","0","0","0","2","15","3","4","1","0","0","0","0","1"
"s25","voters","368060","28","4","20","2","0","0","2","0","0","0","0","11","17","0","3","0","0","0","1","0","0","0","0","0","0","0","0","0","0","0","0","0","0","0","0","0","0","0","0","0","0","0","0","0","0","0","0","0","0","1","0","0","0","0","0","2","0","1","0","0","1","0","2","0","3","2","0","1","3","2","0","2","4","0","0","0","0","0","0","0","0","0","0","0","0","0","0","0","0","0","0","1","1","0","0","1","0","0","1","0","0","1","1","2","0","0","0","0","0","0","13","2","3","1","0","0","0","0","1","0","0","0","0","0","0","0","0","0","1","1","1","1","0","0","0","0","0"
"s25","voters","368064","2","0","2","0","0","0","0","0","0","0","0","2","0","0","1","0","0","0","0","0","0","0","0","0","0","0","0","0","0","0","0","0","0","0","0","0","0","0","0","0","0","0","0","0","0","0","0","0","0","0","0","0","0","0","0","0","0","0","0","0","0","0","0","0","0","2","0","0","0","0","0","0","0","0","0","0","0","0","0","0","0","0","0","0","0","0","0","0","0","0","0","0","0","0","0","0","0","0","0","0","0","0","0","0","0","0","0","0","0","0","1","0","0","0","1","0","0","0","0","0","0","0","0","0","0","0","0","0","0","0","0","0","0","0","0","0","0"
"s25","voters","368069","8","1","5","0","0","0","0","0","0","0","2","5","3","1","0","0","0","0","1","0","0","0","0","0","0","0","0","0","0","0","0","0","0","0","0","0","0","0","0","0","0","0","0","0","0","0","0","0","0","0","1","0","0","0","0","0","0","0","0","0","0","0","0","0","0","2","0","0","0","1","0","0","2","0","1","0","1","0","0","0","0","0","0","0","0","0","0","0","0","0","0","0","0","0","0","0","0","0","0","0","0","0","1","0","0","0","0","0","0","0","3","1","1","0","0","0","0","0","0","1","0","1","0","0","0","0","0","0","0","0","0","0","0","0","0","0","0"
"s25","voters","368070","3","0","3","0","0","0","0","0","0","0","0","2","1","0","0","0","0","0","0","0","0","0","0","0","0","0","0","0","0","0","0","0","0","0","0","0","0","0","0","0","0","0","0","0","0","0","0","0","0","0","0","0","0","0","0","0","0","0","0","0","0","0","0","1","1","0","0","0","0","0","0","0","1","0","0","0","0","0","0","0","0","0","0","0","0","0","0","0","0","0","0","0","0","0","0","0","0","0","0","0","0","0","0","0","0","0","0","0","0","0","2","0","0","0","0","0","0","0","1","0","0","0","0","0","0","0","0","0","0","0","0","0","0","0","0","0","0"
"s25","voters","368072","525","127","295","36","2","3","9","0","0","0","53","258","267","15","32","5","4","7","8","3","0","0","0","0","0","1","1","1","0","0","1","0","0","0","0","0","0","0","1","0","0","0","1","0","1","0","2","3","6","4","16","25","1","5","9","6","5","21","24","0","5","14","11","17","34","62","1","11","5","10","16","46","63","0","1","5","2","3","6","17","0","2","0","1","3","5","8","1","0","2","2","4","3","13","0","3","2","3","1","9","7","69","24","12","5","8","0","2","0","7","159","48","38","8","7","0","1","3","31","29","10","3","3","1","1","1","0","5","33","9","1","0","2","0","1","2","2"
"s25","voters","369001","179","47","95","10","0","3","2","0","0","0","22","86","93","14","6","2","2","2","5","1","0","0","0","0","0","0","0","0","0","0","0","0","0","2","0","0","0","1","0","1","0","1","0","0","0","1","1","1","2","3","5","5","1","1","3","3","5","7","9","0","0","5","6","4","8","19","0","1","3","5","7","13","24","0","1","1","2","3","2","9","0","1","0","1","0","1","1","0","0","1","1","2","0","4","0","0","0","0","0","1","6","29","7","4","4","0","0","0","0","3","49","19","9","1","2","3","3","0","9","12","2","3","0","0","0","1","0","4","6","5","1","2","0","0","0","0","1"
"s25","voters","369006","5","0","3","2","0","0","0","0","0","0","0","3","2","0","0","0","0","0","0","0","0","0","0","0","0","0","0","0","0","0","0","0","0","0","0","0","0","0","0","0","0","0","0","0","0","0","0","0","0","0","0","0","0","0","0","0","0","0","0","0","0","0","0","1","0","1","0","0","0","0","0","0","1","0","0","0","0","0","0","0","0","0","0","0","0","0","0","0","1","0","0","0","0","0","0","0","0","0","1","0","0","0","0","0","0","0","0","0","0","0","1","0","0","0","1","0","0","0","1","0","0","0","0","0","0","0","0","0","2","0","0","0","0","0","0","0","0"
"s25","voters","369014","102","26","58","4","0","0","2","0","0","0","12","49","53","3","4","2","0","0","8","1","0","0","0","0","0","0","0","0","0","0","0","0","0","0","0","1","0","0","0","0","0","1","1","0","0","0","1","0","3","1","5","2","0","0","2","0","2","3","7","1","0","0","3","6","8","10","0","3","0","3","7","6","11","0","2","1","0","1","0","1","0","0","1","0","1","4","1","0","0","0","1","2","1","0","0","0","0","0","1","1","0","11","7","5","1","0","0","0","0","2","34","5","7","5","1","0","0","0","6","7","2","0","1","0","1","0","0","1","2","3","1","0","0","0","0","0","0"
"s25","voters","369016","399","84","239","18","3","1","3","0","3","1","47","196","203","24","10","9","3","2","4","2","1","0","1","0","1","0","0","0","0","0","1","2","0","0","0","0","0","0","0","0","0","2","0","0","0","0","2","1","3","3","7","22","0","6","7","6","5","10","12","0","5","5","16","19","24","50","1","10","10","13","14","32","40","0","2","3","4","5","6","4","0","5","3","5","4","3","3","0","0","3","2","3","1","6","0","2","2","1","0","4","5","41","23","6","6","2","0","3","0","3","140","35","27","6","3","0","2","1","25","35","5","2","0","2","0","0","0","3","20","5","2","1","1","0","0","0","0"
"s25","voters","369022","33","6","18","3","0","0","0","0","0","0","6","16","17","0","0","0","0","0","1","0","0","0","0","0","0","0","0","0","0","0","0","0","0","0","0","0","0","0","0","0","0","0","0","0","0","0","0","2","0","0","0","1","0","0","0","0","0","1","2","0","0","1","0","1","3","4","0","0","2","1","2","3","1","0","0","1","1","0","0","0","0","0","0","2","0","2","0","0","0","0","0","1","1","0","0","0","1","0","0","0","0","1","1","3","1","0","0","0","0","0","13","2","1","0","1","0","1","0","0","6","0","0","0","0","0","0","0","0","1","0","2","0","0","0","0","0","0"
"s25","voters","369024","198","37","120","8","1","0","4","0","2","0","26","97","101","5","21","6","1","1","0","1","0","0","0","0","0","0","0","0","0","0","0","0","0","0","0","0","0","0","0","0","0","0","0","0","0","0","1","0","0","1","3","12","0","3","0","1","1","3","12","0","8","4","5","8","12","26","0","4","4","6","8","11","24","0","1","1","2","0","5","2","0","2","5","1","2","3","2","0","0","3","1","0","0","2","0","2","1","1","0","3","2","22","5","6","2","0","0","0","0","2","72","19","17","6","1","1","1","0","3","14","1","1","1","1","0","5","1","2","9","2","3","1","0","0","0","0","0"
"s25","voters","369029","158","35","79","9","0","1","3","0","2","0","29","66","92","7","20","7","2","3","0","0","0","0","0","0","0","0","0","0","0","0","0","0","0","0","0","0","0","0","0","0","0","1","0","1","0","0","0","1","3","2","1","7","0","1","3","3","2","3","9","0","1","2","3","7","9","14","1","1","6","6","7","10","12","0","1","1","1","1","3","3","0","2","3","1","4","4","5","0","0","2","3","0","0","1","1","1","1","2","0","2","2","20","6","2","5","0","1","1","0","0","52","13","6","5","1","0","0","0","2","14","5","5","3","1","0","0","0","1","9","5","0","0","1","0","0","0","0"
"s25","voters","369033","287","96","137","16","2","2","2","0","0","0","32","124","163","21","19","3","3","7","3","2","2","0","0","0","0","0","0","0","0","0","1","0","0","0","0","0","0","0","0","0","0","0","0","0","2","0","1","1","1","2","8","22","0","2","2","2","3","7","45","1","0","2","3","6","14","40","0","1","2","4","7","14","43","0","0","0","1","1","3","9","1","0","2","1","1","1","12","0","0","0","0","2","2","5","0","0","0","0","3","0","10","61","20","7","0","2","1","1","1","3","80","24","17","0","6","1","1","1","7","14","8","6","0","1","0","0","1","2","13","3","1","0","2","1","1","0","1"
"s25","voters","369035","106","19","67","6","0","0","1","0","2","0","11","53","53","1","2","1","2","1","5","2","1","0","0","0","0","2","0","1","0","0","0","0","0","0","0","0","0","0","0","0","0","0","0","0","0","0","2","1","0","1","1","3","0","1","0","0","3","2","5","0","2","1","2","3","5","21","0","1","2","3","6","8","13","0","2","1","0","0","2","1","0","0","0","0","2","1","2","0","2","0","0","1","1","1","0","1","0","1","0","1","1","12","5","1","0","0","0","0","0","1","31","16","7","3","3","1","2","0","4","6","1","2","1","1","0","0","0","0","3","5","0","1","0","0","0","0","0"
"s25","voters","369038","188","35","102","16","1","1","3","0","1","0","29","89","99","10","9","4","2","2","0","1","0","0","0","0","0","0","0","0","0","0","0","0","0","0","0","0","0","0","0","0","0","0","0","0","0","0","0","0","0","1","6","5","0","1","0","1","1","11","9","1","4","1","3","6","21","14","2","1","2","3","10","20","14","0","2","2","4","3","0","3","1","2","1","4","4","1","2","0","0","0","1","4","3","5","0","0","0","4","1","2","2","26","4","3","0","0","0","0","0","2","76","13","8","2","0","0","0","0","3","17","5","3","2","2","0","0","0","0","12","6","2","1","0","0","0","1","0"
"s25","voters","377002","863","305","387","49","2","7","10","0","5","0","98","381","482","125","51","26","11","6","13","6","1","0","2","0","0","1","1","0","0","1","1","0","0","0","0","0","0","1","0","0","0","1","2","0","1","1","7","7","5","8","19","75","0","14","14","8","19","25","103","2","2","10","10","13","41","91","1","7","6","11","30","40","123","1","5","1","9","11","9","18","0","3","8","5","7","3","18","0","1","6","4","3","4","18","0","3","2","2","3","12","15","183","51","39","14","4","1","3","0","10","217","62","43","12","13","2","2","4","32","59","10","11","6","6","0","1","1","4","46","15","5","4","1","0","0","0","2"
"s25","voters","377025","463","142","224","27","1","3","2","0","1","0","63","201","262","54","45","23","11","11","8","3","0","1","0","0","0","0","1","0","0","0","0","1","1","1","0","5","0","0","1","0","0","0","0","0","1","0","4","9","8","6","8","13","1","7","16","11","11","15","33","0","8","6","10","18","26","39","2","6","6","19","21","17","46","0","2","6","7","4","4","6","0","8","6","5","3","8","4","0","2","0","1","4","3","7","0","1","1","6","2","4","3","82","14","20","4","8","1","1","0","12","123","39","21","7","5","2","3","2","22","33","9","9","5","1","0","1","0","5","20","7","3","1","0","0","0","0","3"
"s25","voters","377026","896","380","306","50","6","3","5","0","1","0","145","403","493","192","91","73","24","3","11","3","2","0","0","0","0","0","0","0","0","0","0","0","0","0","0","0","0","1","1","0","0","2","0","0","0","2","17","21","12","18","30","40","3","34","40","24","31","51","57","1","9","16","28","25","34","47","0","5","17","24","24","27","49","1","10","12","15","6","12","14","2","15","18","16","11","10","3","0","3","6","5","5","11","3","1","5","6","7","3","6","4","209","69","52","6","12","3","5","0","24","160","49","45","7","8","2","4","3","28","94","16","18","5","4","1","0","2","5","43","12","7","1","0","0","1","0","1"
"s25","voters","377029","492","188","200","20","3","9","8","0","2","0","62","211","281","102","42","27","21","2","5","0","0","0","0","0","0","0","1","0","0","0","0","0","0","0","0","0","0","2","0","0","0","2","2","0","0","1","8","10","6","7","12","20","3","12","12","17","19","26","35","1","1","5","17","20","26","28","1","4","6","19","11","20","41","0","8","1","3","3","5","10","1","9","4","3","6","2","7","0","2","2","4","4","3","4","0","3","2","3","4","9","2","108","25","23","8","5","3","2","1","13","118","24","24","8","7","0","3","0","16","40","8","3","0","3","0","0","3","5","25","10","4","2","1","0","0","0","0"
"s25","voters","377031","1131","448","438","53","5","7","12","0","5","1","162","481","650","213","78","67","18","7","12","2","2","0","0","0","0","1","2","0","0","0","5","0","1","4","0","1","0","0","0","0","0","1","2","2","2","2","17","22","27","21","29","52","3","36","38","48","41","41","71","1","9","15","21","32","48","68","2","9","12","31","37","56","97","1","15","20","8","7","14","13","4","12","15","13","11","15","14","1","3","3","9","8","5","10","2","6","8","4","7","9","8","246","75","66","13","15","1","2","2","28","237","65","56","15","12","1","10","5","37","101","25","13","11","4","0","1","0","7","57","15","3","1","2","1","1","0","3"
"s25","voters","377032","247","74","103","14","3","2","1","0","1","0","49","103","144","37","17","20","10","0","3","2","1","0","0","0","0","0","0","0","0","0","0","1","0","0","0","0","0","0","0","0","0","0","3","1","0","0","2","2","3","6","5","7","1","7","10","6","6","7","12","0","1","5","9","7","16","10","0","4","3","6","2","15","25","0","4","1","5","3","3","7","0","4","5","4","4","5","4","0","2","1","3","0","0","1","1","1","2","2","1","5","2","39","17","6","3","2","0","0","1","6","61","17","11","1","2","0","1","1","9","33","7","6","2","1","0","0","0","0","12","4","5","0","0","0","0","0","0"
"s25","voters","377039","658","193","326","41","2","3","10","0","0","0","83","304","354","65","33","22","9","2","6","4","2","0","1","0","0","0","0","0","0","0","2","0","0","2","3","8","2","0","0","0","0","1","2","0","1","0","3","3","3","6","18","45","1","1","11","7","8","24","63","0","5","6","13","21","35","74","1","11","4","16","21","42","77","0","5","4","5","5","7","19","0","4","3","7","2","11","11","0","1","2","4","2","7","11","1","0","4","5","2","4","13","112","31","20","4","5","3","1","2","15","187","59","35","9","8","0","2","2","24","44","12","9","9","0","0","3","1","5","32","20","1","0","1","0","0","0","2"
"s25","voters","377040","417","140","191","15","0","2","5","0","2","0","62","193","224","56","45","17","5","1","11","0","2","0","0","0","0","0","0","0","0","0","0","0","0","0","0","0","0","0","0","0","0","1","2","2","0","0","6","8","9","5","14","23","0","5","5","13","10","14","28","1","7","11","7","14","17","35","0","7","8","11","17","17","39","0","6","4","4","3","5","8","0","4","4","4","7","5","8","0","0","1","2","2","1","0","1","1","4","4","1","1","6","61","38","14","4","7","1","2","2","11","107","22","21","9","8","0","0","2","22","40","8","5","2","0","1","2","0","4","18","3","1","1","1","0","0","0","0"
"s25","voters","377041","1","1","0","0","0","0","0","0","0","0","0","0","1","1","0","0","0","0","0","0","0","0","0","0","0","0","0","0","0","0","0","0","0","0","0","0","0","0","0","0","0","0","0","0","0","0","0","0","0","0","0","0","0","0","0","0","0","0","1","0","0","0","0","0","0","0","0","0","0","0","0","0","0","0","0","0","0","0","0","0","0","0","0","0","0","0","0","0","0","0","0","0","0","0","0","0","0","0","0","0","0","0","1","0","0","0","0","0","0","0","0","0","0","0","0","0","0","0","0","0","0","0","0","0","0","0","0","0","0","0","0","0","0","0","0","0","0"
"s25","voters","377049","270","89","139","8","0","1","2","0","0","0","31","140","130","21","5","10","4","2","7","1","1","0","0","0","0","0","0","0","0","0","1","0","0","0","0","0","0","0","0","0","0","2","0","0","0","1","3","3","3","4","8","21","0","2","6","2","5","12","19","0","1","2","8","7","19","34","0","2","9","3","8","14","32","0","6","2","2","2","4","1","0","1","2","4","2","2","3","0","0","0","1","1","4","3","0","0","0","0","0","2","0","45","17","14","5","3","0","0","0","5","67","23","19","6","3","0","1","2","18","16","7","3","3","0","0","1","0","1","6","5","0","0","0","0","0","0","0"
"s25","voters","377051","90","26","45","5","2","0","0","0","0","0","12","44","46","7","10","3","3","1","5","1","1","0","0","0","0","0","0","0","0","0","1","0","0","0","0","0","0","0","0","0","0","0","1","0","0","0","2","0","3","1","1","3","0","1","1","4","3","2","5","0","1","3","2","2","5","7","0","1","1","3","4","4","12","0","0","2","3","1","2","3","0","0","0","0","0","0","1","0","0","1","0","0","1","1","0","1","1","0","0","2","0","14","5","5","0","0","0","0","0","2","25","8","4","4","0","0","0","0","4","10","0","1","1","0","0","0","0","0","5","1","1","0","0","0","0","0","0"
"s25","voters","377057","374","89","216","22","1","0","3","0","0","0","43","181","193","22","21","8","10","2","2","0","1","0","0","0","0","0","0","0","0","0","0","0","1","0","1","3","0","0","0","0","0","0","0","0","0","0","5","2","2","4","9","16","0","1","4","7","5","16","18","1","6","7","6","13","30","40","0","4","7","7","14","32","49","0","2","4","5","3","5","11","0","1","3","2","2","3","2","0","1","1","2","0","2","4","0","1","1","2","1","7","4","55","10","9","2","2","2","0","0","9","107","40","31","7","4","1","2","2","22","23","10","5","1","1","0","1","0","2","17","4","4","1","0","0","0","0","0"
"s25","voters","377061","287","81","144","19","1","1","2","0","0","2","37","138","149","18","14","10","6","2","3","1","1","0","0","3","0","0","0","0","0","0","2","0","0","6","0","2","0","0","0","0","0","1","1","0","0","0","0","3","1","3","6","25","1","4","4","2","4","8","20","0","1","7","9","9","18","29","0","2","3","6","5","19","36","0","2","2","2","3","2","4","0","2","1","3","8","4","4","1","1","1","2","1","2","4","0","2","0","1","3","3","4","46","14","5","5","2","1","0","1","7","72","30","22","1","1","0","1","0","17","20","2","4","6","2","0","0","0","3","7","4","7","1","1","0","1","0","4"
"s25","voters","377070","13","2","8","0","0","0","0","0","0","0","3","7","6","1","0","0","0","0","0","0","0","0","0","0","0","0","0","0","0","0","0","0","0","0","0","0","0","0","0","0","0","0","0","0","0","0","0","0","0","0","0","1","0","0","0","0","0","1","0","0","0","1","0","2","1","0","0","0","1","0","1","1","1","0","0","0","1","0","0","1","0","0","0","0","0","0","1","0","0","0","0","0","0","0","0","0","0","0","0","0","0","1","1","0","0","0","0","0","0","0","3","0","3","0","0","0","0","0","2","1","0","1","0","0","0","1","0","0","0","0","0","0","0","0","0","0","0"
"s25","voters","379049","4","1","2","1","0","0","0","0","0","0","0","3","1","0","0","0","0","0","0","0","0","0","0","0","0","0","0","0","0","0","0","0","0","0","0","0","0","0","0","0","0","0","0","0","0","0","0","0","0","0","0","1","0","0","0","0","0","0","0","0","0","0","0","0","0","1","0","0","0","0","0","1","0","0","0","0","0","0","0","0","0","0","0","0","0","0","0","0","0","0","0","0","1","0","0","0","0","0","0","0","0","0","1","0","0","0","0","0","0","0","1","0","1","0","0","0","0","0","0","0","0","0","0","0","0","0","0","0","0","0","0","0","1","0","0","0","0"
"s25","voters","379050","237","68","120","18","1","4","2","0","2","0","22","123","114","9","13","1","3","2","3","0","2","0","0","0","0","0","0","0","0","0","0","0","0","0","0","0","0","0","0","0","0","0","0","1","0","0","4","1","0","3","7","18","0","0","1","4","5","7","18","0","0","0","5","4","11","45","0","0","2","2","2","12","37","0","1","0","1","2","4","6","0","0","2","0","1","3","2","0","1","0","0","1","1","8","0","1","1","0","0","6","8","42","14","8","3","0","0","0","0","1","66","21","13","5","5","0","2","3","5","18","2","1","1","0","0","0","0","0","20","2","2","3","0","0","0","0","0"
"s25","voters","379060","8","2","6","0","0","0","0","0","0","0","0","5","3","0","0","0","0","0","0","0","0","0","0","0","0","0","0","0","0","0","0","0","0","0","0","0","0","0","0","0","0","0","0","0","0","0","0","0","0","0","0","1","0","0","0","0","0","0","1","0","2","0","0","1","0","1","0","0","0","0","1","1","0","0","0","0","0","0","0","0","0","0","0","0","0","0","0","0","0","0","0","0","0","0","0","0","0","0","0","0","0","1","1","0","0","0","0","0","0","0","5","0","1","0","0","0","0","0","0","0","0","0","0","0","0","0","0","0","0","0","0","0","0","0","0","0","0"
"s25","voters","379061","520","110","293","33","1","5","12","0","0","0","66","258","262","32","42","17","13","7","9","1","2","0","2","0","0","0","1","0","0","0","0","1","0","0","0","0","0","0","0","0","0","0","3","1","0","0","5","0","4","5","12","17","0","2","7","7","7","16","28","0","6","9","22","21","32","60","1","5","6","20","20","35","56","1","5","3","5","5","11","7","1","6","4","3","4","8","3","1","2","3","4","5","6","7","0","2","1","4","4","4","8","63","28","7","2","2","0","1","1","6","186","49","35","6","3","0","3","2","9","40","13","9","2","2","0","0","0","0","35","6","6","2","1","0","0","0","1"
"s25","voters","379062","1","0","1","0","0","0","0","0","0","0","0","0","1","0","1","0","0","0","0","0","0","0","0","0","0","0","0","0","0","0","0","0","0","0","0","0","0","0","0","0","0","0","0","0","0","0","0","0","0","0","0","0","0","0","0","0","0","0","0","0","0","0","0","0","0","0","0","0","0","1","0","0","0","0","0","0","0","0","0","0","0","0","0","0","0","0","0","0","0","0","0","0","0","0","0","0","0","0","0","0","0","0","0","0","0","0","0","0","0","0","1","0","0","0","0","0","0","0","0","0","0","0","0","0","0","0","0","0","0","0","0","0","0","0","0","0","0"
"s25","voters","379072","62","20","32","4","0","0","0","0","0","0","6","30","32","6","5","1","1","2","0","0","0","0","0","0","0","0","0","0","0","0","0","0","0","0","0","0","0","0","0","0","0","0","0","0","0","0","1","0","2","1","2","5","0","1","0","1","1","3","3","0","0","0","0","2","4","6","0","1","2","2","3","5","7","0","0","1","0","1","1","1","0","0","0","0","0","1","1","0","0","0","0","2","1","0","0","0","0","0","0","0","1","13","6","0","0","1","0","0","0","0","22","5","4","0","1","0","0","0","0","2","0","1","3","0","0","0","0","0","4","0","0","0","0","0","0","0","0"
"s25","voters","379073","122","21","69","10","0","0","2","0","1","0","19","52","70","7","9","0","0","1","0","2","0","0","0","0","0","0","0","0","0","0","0","0","0","0","0","0","0","0","0","0","0","0","0","0","0","0","0","1","1","1","1","6","0","0","0","1","0","4","6","0","0","8","4","4","7","4","0","2","10","4","6","6","14","0","1","2","2","1","2","1","0","3","2","1","0","2","2","0","0","0","0","0","3","3","0","1","2","0","1","1","2","10","4","1","0","0","2","0","0","4","34","13","6","0","6","0","2","0","8","16","1","1","1","0","0","0","0","0","9","2","2","0","0","0","0","0","0"
"s25","voters","379075","46","13","21","6","0","0","1","0","0","0","5","20","26","3","0","0","0","0","1","1","0","0","0","0","0","0","0","0","0","0","0","0","0","0","0","0","0","0","0","0","0","0","0","0","0","0","0","0","0","0","0","3","0","0","0","0","2","1","7","0","0","1","0","1","3","5","0","0","0","3","3","1","4","0","0","0","0","1","2","0","0","1","0","0","0","1","0","0","0","0","0","1","1","2","0","0","0","0","0","1","2","11","0","2","0","0","0","0","0","0","10","4","0","2","2","1","1","0","1","4","0","1","0","0","0","0","0","0","5","1","0","0","0","1","0","0","0"
"s25","voters","379079","801","235","390","42","5","7","9","0","3","1","109","364","437","55","34","18","11","6","6","1","2","1","0","1","0","1","2","1","0","0","0","1","0","1","0","0","0","0","1","0","0","5","0","1","2","1","2","12","9","8","19","37","1","8","18","13","15","34","58","1","6","11","18","20","36","100","0","3","16","23","23","41","92","1","7","7","5","9","10","15","1","7","4","8","8","12","15","1","1","4","5","2","5","12","0","3","5","2","8","7","12","145","33","22","6","11","4","2","1","11","216","43","56","18","11","0","4","4","38","70","12","7","6","3","1","3","0","7","41","11","8","2","1","0","1","0","3"
"s25","voters","379085","311","95","145","19","0","1","9","0","1","0","41","144","167","27","20","11","1","2","7","3","0","0","1","0","0","1","0","0","0","0","2","1","2","0","0","0","0","0","0","0","0","0","0","0","0","0","4","3","4","2","11","19","0","2","1","5","7","17","20","0","5","2","5","10","12","35","0","2","2","9","9","15","39","0","1","5","5","2","6","1","0","1","2","7","4","3","4","0","0","1","1","1","3","6","0","1","1","3","1","6","6","53","16","16","0","3","0","1","0","6","77","18","25","4","2","1","2","2","14","26","3","9","0","2","0","1","0","0","21","9","0","0","0","0","0","0","0"
"s25","voters","379088","10","5","2","1","0","0","2","0","0","0","0","5","5","0","1","0","0","0","0","0","0","0","0","0","0","0","0","0","0","0","0","0","0","0","0","0","0","0","0","0","0","0","0","0","0","0","0","0","0","1","0","1","0","0","0","0","0","0","3","0","0","0","1","1","0","0","0","0","0","0","0","0","0","0","0","0","0","0","0","0","0","0","0","0","0","0","0","0","0","0","0","0","0","1","0","0","0","0","0","2","0","3","1","1","0","0","0","0","0","0","1","0","0","0","1","0","0","0","0","0","0","0","0","0","0","0","0","0","1","1","0","1","0","0","0","0","0"
"s25","voters","379089","204","48","107","14","1","7","1","0","0","0","26","95","109","9","7","5","2","1","6","0","3","0","0","0","0","0","0","0","0","0","0","0","0","0","0","0","0","0","0","0","0","0","0","0","0","0","0","2","0","1","3","15","0","1","2","3","1","10","10","0","1","2","3","8","10","26","1","1","3","3","6","13","30","0","2","0","1","3","4","3","1","1","1","2","3","2","3","0","0","1","1","2","1","6","0","1","1","2","1","4","3","25","10","7","1","0","0","0","0","5","60","15","15","3","4","2","1","0","7","20","2","2","2","0","0","0","0","0","15","4","3","1","0","0","0","0","0"
"s25","voters","387003","142","28","83","9","0","1","5","0","0","0","16","65","77","1","4","1","1","0","4","0","0","0","0","0","0","0","0","0","0","0","0","0","0","0","0","1","0","0","0","0","0","0","0","0","0","0","0","1","1","1","0","8","0","0","0","0","1","5","11","1","1","0","1","3","15","16","0","1","3","4","9","8","21","0","1","0","1","2","0","4","0","1","0","4","0","1","2","0","1","0","0","2","4","2","0","1","0","2","1","1","1","16","7","1","1","0","0","0","0","3","33","24","11","2","3","1","2","1","6","9","1","2","1","1","0","0","1","1","8","2","5","0","0","0","0","0","0"
"s25","voters","401005","837","457","190","36","7","9","5","0","5","0","128","364","473","242","64","74","29","5","2","2","0","0","0","1","0","1","0","0","0","1","0","0","0","0","0","0","0","0","1","0","1","2","0","1","0","0","19","30","17","22","44","64","4","44","41","32","31","34","75","1","8","12","7","12","20","29","0","3","11","14","16","18","39","3","8","8","12","12","2","8","3","16","12","10","9","12","13","1","2","2","7","3","1","10","0","6","7","4","3","7","9","291","62","53","7","10","3","5","7","19","113","22","28","6","3","7","0","0","11","84","16","13","5","4","0","0","2","4","43","7","7","2","1","1","0","0","1"
"s25","voters","401012","294","179","55","10","1","2","2","0","0","0","45","139","155","64","13","18","3","2","4","0","0","0","0","1","0","0","0","0","0","2","3","0","0","0","0","1","0","0","0","0","0","1","0","0","0","2","6","6","1","12","21","39","0","11","10","3","10","14","44","0","0","2","1","3","6","14","1","0","3","1","2","6","16","0","1","3","3","1","3","7","1","1","4","4","4","5","8","0","1","1","1","1","3","1","0","0","0","0","0","4","3","117","39","12","3","4","0","0","2","2","29","11","8","3","0","0","1","0","3","33","8","3","0","1","0","0","0","0","8","7","0","0","0","0","0","0","0"
"s25","voters","401016","21","10","4","4","0","0","0","0","0","0","3","11","10","9","1","3","2","0","0","0","0","0","0","0","0","0","0","0","0","0","0","0","0","0","0","0","0","0","0","0","0","0","0","0","0","1","2","1","0","0","0","0","0","0","2","2","0","1","1","0","1","0","0","0","1","0","0","0","0","0","1","1","0","0","0","0","0","1","0","0","1","1","0","0","0","0","0","0","1","0","0","2","0","1","0","0","0","0","0","0","0","8","1","0","0","1","0","0","0","0","2","1","0","0","0","0","0","0","1","3","0","0","0","0","0","0","0","0","4","0","0","0","0","0","0","0","0"
"s25","voters","402012","657","334","187","38","0","5","6","0","1","0","86","321","336","82","36","26","6","13","5","3","3","0","0","0","0","1","0","1","0","1","1","2","0","0","0","0","0","0","0","0","0","1","5","5","0","0","2","7","12","14","47","75","1","21","11","15","25","34","70","1","4","6","5","15","21","41","0","4","7","7","11","23","42","2","5","4","4","9","7","13","4","5","5","6","6","9","7","0","1","3","3","5","6","9","1","1","2","2","5","7","5","191","66","31","20","6","1","5","2","12","107","26","22","9","2","1","2","2","16","51","10","13","4","3","0","1","0","4","31","8","6","1","1","0","0","1","2"
"s25","voters","402018","208","94","58","14","1","1","0","0","1","0","39","102","106","41","8","11","8","3","1","0","0","0","0","1","0","0","0","0","0","0","0","0","0","0","1","0","0","0","0","0","0","0","0","1","0","2","4","2","7","2","12","17","0","7","5","10","4","7","15","1","0","4","3","4","7","11","0","0","3","2","1","6","16","0","2","2","1","5","3","5","1","4","4","3","3","4","2","0","1","1","1","0","4","1","0","1","1","0","2","2","3","52","14","12","4","3","1","2","1","5","31","7","9","0","4","0","1","0","6","23","8","3","4","0","0","1","0","0","9","1","2","1","1","1","0","0","2"
"s25","voters","402020","953","471","255","69","8","5","5","0","3","0","137","485","468","138","63","57","29","15","5","4","1","0","0","0","0","0","0","0","0","4","3","0","1","2","1","1","0","0","0","1","0","2","2","3","0","1","14","18","33","39","60","79","4","17","27","35","37","40","67","1","6","10","19","24","25","47","0","1","8","19","26","32","37","2","7","11","12","14","12","13","4","10","11","8","13","12","8","0","4","0","7","8","8","11","0","8","6","8","8","8","14","329","61","40","15","7","4","3","0","12","159","30","33","6","7","4","6","1","9","96","20","10","5","0","1","2","0","3","65","16","5","2","0","1","1","0","0"
"s25","voters","403001","907","474","216","42","3","7","9","0","4","0","152","401","506","182","60","61","24","12","10","3","1","1","0","0","0","0","0","0","0","4","0","2","0","1","0","0","1","0","1","0","0","5","2","2","2","0","11","19","19","28","48","71","1","39","48","26","40","44","80","0","4","7","19","16","30","30","0","3","15","17","13","21","41","3","9","16","7","7","10","14","3","10","23","14","15","12","9","0","1","6","7","5","9","5","0","6","3","4","5","5","9","282","72","55","18","15","4","6","3","19","129","29","33","2","8","3","2","0","10","105","14","18","6","4","0","2","0","3","47","9","4","1","1","2","0","0","1"
"s25","voters","403004","241","121","51","21","0","4","2","0","0","0","42","117","124","60","13","27","6","4","2","1","0","0","0","0","0","0","0","0","0","0","1","0","1","0","0","0","1","0","0","0","0","0","0","0","0","0","0","2","7","6","19","21","0","9","11","9","8","13","16","0","4","2","4","1","7","7","1","3","2","1","6","7","6","0","2","4","4","1","7","4","1","3","5","3","3","2","3","0","2","2","1","6","1","3","0","0","1","2","1","4","4","71","22","17","1","5","1","1","0","3","33","1","6","2","2","1","2","0","4","25","2","8","2","2","0","0","1","2","20","4","3","0","0","0","0","0","0"
"s25","voters","404007","900","492","224","40","5","7","3","0","3","0","126","421","479","185","45","42","18","8","8","7","5","1","0","0","0","0","0","0","0","2","0","3","0","1","0","1","0","0","0","0","0","4","6","3","3","3","12","17","22","33","57","71","3","32","28","31","43","51","89","1","3","9","12","21","32","35","0","6","11","13","16","31","34","1","6","12","8","9","12","12","2","10","7","13","12","11","11","0","2","5","4","7","5","10","3","1","2","2","6","3","8","286","90","45","15","15","8","10","6","17","129","30","34","3","5","4","1","2","16","79","14","14","6","6","3","1","0","3","35","10","8","0","3","0","0","0","2"
"s25","voters","404008","434","266","78","22","3","3","3","0","1","0","58","198","236","78","17","18","7","7","10","2","1","1","0","0","0","0","0","0","0","1","0","1","0","1","0","1","0","1","0","0","0","1","1","1","0","2","7","17","7","8","26","54","4","11","13","15","17","19","66","0","2","2","2","3","7","21","0","0","2","2","3","9","25","0","4","5","1","4","5","7","1","7","4","5","2","3","10","0","2","1","1","1","2","7","0","2","0","4","0","2","10","181","31","27","6","4","4","3","0","10","45","8","9","4","3","1","1","0","7","41","6","5","2","3","0","1","0","0","21","5","3","1","1","0","1","0","0"
"s25","voters","408000","3","2","0","1","0","0","0","0","0","0","0","2","1","0","0","0","0","0","0","0","1","0","0","0","0","0","0","0","0","0","0","0","0","0","0","0","0","0","0","0","0","0","0","0","0","0","0","0","0","0","1","0","0","0","0","0","0","0","1","0","0","0","0","0","0","0","0","0","0","0","0","0","0","0","0","0","0","0","0","0","0","0","0","0","0","0","0","0","0","0","0","0","1","0","0","0","0","0","0","0","0","0","2","0","0","0","0","0","0","0","0","0","0","0","0","0","0","0","0","0","0","0","0","0","0","0","0","0","1","0","0","0","0","0","0","0","0"
"s25","voters","408006","456","200","126","31","1","3","7","0","9","0","79","239","217","22","6","3","5","20","5","6","2","0","0","0","0","4","0","1","1","0","0","0","0","1","0","0","0","0","0","0","0","0","0","0","0","0","1","2","6","16","23","50","0","3","7","11","11","15","55","0","0","4","3","8","19","38","0","0","2","2","5","17","28","0","1","3","6","4","11","24","0","0","1","5","3","6","15","0","1","2","1","0","7","9","0","2","3","4","5","4","13","122","37","15","6","5","0","1","0","14","72","22","12","1","3","1","2","2","11","44","7","8","2","10","0","0","1","7","26","5","9","1","3","0","4","0","3"
"s25","voters","408013","469","225","150","14","1","6","9","0","3","1","60","228","241","16","9","2","2","11","12","3","2","0","0","0","0","0","0","0","0","2","0","0","0","0","0","1","0","0","0","0","0","1","1","1","0","0","1","7","12","7","17","48","1","3","4","13","16","30","66","0","2","6","6","10","13","50","0","1","1","1","8","9","43","0","5","2","4","3","7","13","0","3","3","2","6","3","9","0","2","1","5","1","1","5","1","0","0","4","3","3","8","128","40","28","5","7","1","0","3","13","75","27","15","5","5","2","0","1","20","44","5","6","0","2","0","1","0","2","21","7","4","1","0","0","0","1","0"
"s25","voters","408014","2","1","0","1","0","0","0","0","0","0","0","1","1","1","0","0","1","0","0","0","0","0","0","0","0","0","0","0","0","0","0","0","0","0","0","0","0","0","0","0","0","0","0","0","0","0","0","0","0","0","0","0","0","0","1","0","0","0","0","0","0","0","0","0","0","0","0","0","0","0","0","0","0","0","0","0","0","0","0","0","0","0","0","0","0","0","0","0","0","0","1","0","0","0","0","0","0","0","0","0","0","1","0","0","0","0","0","0","0","0","0","0","0","0","0","0","0","0","0","0","0","0","0","0","0","0","0","0","1","0","0","0","0","0","0","0","0"
"s25","voters","408015","835","396","231","39","1","10","8","0","2","0","148","369","466","21","9","10","3","21","8","13","2","1","0","0","0","1","0","0","0","2","0","0","0","2","0","1","0","1","0","0","0","0","0","0","0","0","4","4","21","18","33","71","1","6","12","34","27","45","120","0","3","3","12","8","26","60","0","3","6","16","12","26","56","1","3","5","12","13","9","40","0","2","6","8","11","12","26","0","1","1","2","3","7","9","0","4","2","2","4","12","13","240","71","36","15","8","1","2","2","21","118","35","24","10","11","0","3","1","29","93","17","6","7","4","1","1","2","17","41","11","7","0","0","0","0","0","1"
"s25","voters","408026","26","7","10","3","0","1","0","0","1","0","4","12","14","0","2","0","0","0","0","1","0","0","0","0","0","0","0","0","0","0","0","0","0","0","0","0","0","0","0","0","0","1","1","0","0","0","0","0","0","1","0","2","0","0","0","1","0","0","3","0","0","1","0","2","0","2","0","1","0","0","2","0","2","0","0","0","0","0","0","2","0","1","0","0","0","0","1","0","0","0","1","0","0","1","0","0","0","1","0","0","2","1","1","1","2","1","0","0","0","1","3","4","1","0","1","0","0","0","1","2","1","1","0","0","0","0","0","0","4","1","0","0","0","0","0","0","0"
"s25","voters","408028","21","10","6","2","0","0","0","0","0","0","3","9","12","0","0","0","0","0","0","0","0","0","0","0","0","0","0","0","0","0","0","0","0","0","0","0","0","0","0","0","0","0","2","0","0","1","0","0","0","0","1","3","0","0","0","1","1","2","1","0","0","0","0","1","0","1","0","1","0","0","2","0","1","0","1","0","0","0","0","0","0","1","0","0","1","0","0","0","0","1","0","0","0","0","0","0","0","0","0","1","0","9","0","1","0","0","0","0","0","0","2","3","0","0","0","0","1","0","0","2","1","0","0","0","0","0","0","0","2","0","0","0","0","0","0","0","0"
"s25","voters","408094","175","94","44","6","0","0","2","0","1","0","28","87","88","22","10","8","1","3","3","1","0","0","0","0","0","0","1","0","0","0","0","0","0","0","0","0","0","0","0","0","0","0","0","1","0","0","0","5","7","7","11","17","1","4","7","6","8","9","12","0","0","2","4","2","6","8","0","2","1","4","0","6","9","1","4","1","1","2","0","5","1","2","3","3","2","0","3","0","1","0","0","0","1","2","0","1","0","0","0","1","3","62","13","8","3","3","2","0","2","1","19","10","8","2","2","0","0","0","3","20","1","1","0","4","0","0","1","1","5","2","0","1","0","1","0","0","0"
"s25","voters","409003","677","308","257","32","0","3","3","0","2","0","72","327","350","41","26","14","8","22","12","2","2","0","1","0","0","2","0","0","0","3","2","0","0","2","1","1","0","3","0","0","0","3","0","0","0","0","1","3","10","21","30","70","2","2","15","8","14","36","96","1","0","1","3","11","28","87","0","1","6","7","13","19","80","0","3","2","8","8","3","14","0","2","3","4","6","3","16","0","1","0","2","2","7","11","0","0","1","1","6","1","8","189","54","29","16","5","1","4","1","9","155","41","24","6","4","3","2","3","19","43","14","6","2","4","0","2","0","1","28","7","2","0","1","0","1","0","1"
"s25","voters","409014","214","94","64","10","1","3","5","0","0","0","37","99","115","39","18","14","5","3","1","1","0","1","1","0","0","0","0","0","0","0","1","0","1","0","0","0","0","0","0","0","0","1","0","0","0","0","6","9","3","4","8","17","1","2","9","8","5","8","14","1","0","2","5","10","2","7","0","0","3","8","5","10","11","0","2","1","2","3","1","5","0","2","5","4","5","5","2","0","2","1","0","3","1","4","0","1","0","3","1","1","2","52","16","15","1","4","1","0","0","5","39","7","9","4","0","0","2","1","2","26","6","4","1","0","0","0","0","0","13","3","1","1","1","0","0","0","0"
"s25","voters","409018","1","0","0","0","0","0","0","0","0","0","1","0","1","0","0","0","0","0","0","0","0","0","0","0","0","0","0","0","0","0","0","0","0","0","0","0","0","0","0","0","0","0","0","0","0","0","0","0","0","0","0","0","0","0","0","0","0","0","0","0","0","0","0","0","0","0","0","0","0","0","0","0","0","0","0","0","0","0","0","0","0","0","0","1","0","0","0","0","0","0","0","0","0","0","0","0","0","0","0","0","0","0","0","0","0","0","0","0","0","0","0","0","0","0","0","0","0","0","0","1","0","0","0","0","0","0","0","0","0","0","0","0","0","0","0","0","0"
"s25","voters","409021","21","10","7","2","0","0","0","0","0","0","2","10","11","1","2","0","0","0","0","0","0","0","0","0","0","0","0","0","0","0","0","0","0","0","0","0","0","0","0","0","0","0","0","0","0","0","0","0","2","0","0","3","0","0","0","0","0","2","3","0","0","0","0","0","0","3","0","0","0","0","0","0","4","0","0","0","0","0","0","0","0","0","0","0","0","1","1","0","0","0","0","0","0","2","0","0","0","0","0","0","0","4","4","0","1","0","0","0","0","1","4","2","0","0","0","0","0","1","0","1","1","0","0","0","0","0","0","0","1","0","1","0","0","0","0","0","0"
"s25","voters","409030","119","60","30","1","1","2","1","0","1","0","23","61","58","23","12","5","3","2","0","0","0","2","0","1","0","0","0","0","0","0","0","0","0","0","0","0","0","0","0","0","0","1","0","0","0","0","1","5","2","3","5","14","1","3","4","2","2","9","9","0","2","0","2","0","3","6","0","1","2","2","3","3","6","0","1","4","4","2","0","3","0","5","0","2","1","0","1","0","0","0","2","1","0","1","0","0","0","0","0","0","2","35","8","7","4","0","2","1","0","3","16","2","6","1","0","0","1","0","4","16","1","3","1","2","0","0","0","0","5","0","1","0","0","0","0","0","0"
"s25","voters","409031","35","24","4","3","0","0","0","0","1","0","3","20","15","8","0","2","0","0","0","0","1","0","0","0","0","0","0","0","0","0","0","0","0","0","0","0","0","0","0","0","0","0","0","0","0","0","1","0","1","2","5","3","1","2","0","0","3","1","5","0","1","0","0","0","1","1","0","0","0","0","0","0","1","0","0","0","0","1","0","0","0","1","0","0","1","0","0","0","0","0","0","0","3","1","0","0","0","0","0","0","0","14","3","2","2","0","1","0","0","2","3","0","1","0","0","0","0","0","0","1","2","0","0","0","0","0","0","0","3","0","0","0","0","1","0","0","0"
"s25","voters","409038","180","88","45","9","0","4","2","0","1","0","31","80","100","45","15","17","4","1","2","1","0","0","0","0","0","0","0","0","0","0","0","0","0","0","0","0","0","0","0","0","0","0","0","0","0","0","1","2","4","4","9","9","0","11","9","5","7","7","20","0","1","1","1","5","5","11","0","0","2","1","5","3","10","0","3","3","1","3","3","4","0","2","3","1","3","2","3","0","2","1","0","1","1","5","0","1","0","1","0","2","2","51","15","13","1","6","0","1","0","1","25","6","5","1","1","2","2","0","3","22","1","2","0","3","1","1","0","1","8","3","2","0","0","0","0","0","3"
"s25","voters","409051","289","175","40","6","1","0","1","0","3","0","63","125","164","123","21","41","6","1","2","0","0","0","0","0","0","0","0","0","0","0","0","0","0","0","0","0","0","0","0","0","0","5","0","6","0","0","9","15","6","5","19","18","1","21","19","13","12","20","17","0","4","2","5","3","4","0","0","1","3","1","3","6","8","1","4","5","6","6","3","3","1","9","7","8","4","4","2","0","1","2","2","0","2","0","0","1","0","1","1","0","1","92","27","26","8","3","2","4","5","8","23","2","8","2","0","2","0","0","3","41","8","7","2","0","0","3","0","2","7","2","2","0","0","0","0","0","0"
"s25","voters","409055","419","241","81","12","0","4","3","0","2","0","76","178","241","143","26","46","9","3","3","1","1","0","0","0","0","1","1","0","0","1","0","0","0","0","0","0","0","0","0","0","0","2","0","1","0","0","4","12","13","13","15","30","4","28","29","22","12","28","31","0","2","8","10","6","8","13","0","0","1","5","5","8","15","1","6","4","8","1","6","6","2","10","4","11","7","4","6","0","1","2","2","2","4","1","0","2","1","3","1","1","1","123","42","37","10","7","3","4","4","11","51","8","8","6","1","2","0","2","3","46","16","2","5","5","1","1","0","0","14","3","4","0","0","0","0","0","0"
"s25","voters","409056","193","116","46","5","0","2","0","0","0","0","24","94","99","23","4","8","4","4","1","1","0","0","0","0","0","0","1","0","0","1","0","0","0","1","1","0","0","0","0","0","0","0","0","0","0","0","1","2","0","3","19","32","0","5","4","1","2","13","34","0","0","0","2","1","2","17","0","0","0","1","0","4","19","0","0","2","1","1","5","3","1","2","0","0","0","2","7","0","0","0","0","2","1","0","0","0","0","2","0","1","1","76","19","11","7","1","0","1","0","1","30","8","4","2","1","1","0","0","0","19","2","3","0","0","0","0","0","0","3","2","1","0","0","0","0","1","0"
"s25","voters","409066","282","146","74","16","5","4","2","0","2","0","33","131","151","72","17","15","9","6","1","1","1","0","0","0","0","0","0","0","0","1","0","0","0","1","0","0","0","0","0","0","0","0","0","0","0","1","7","9","5","10","15","21","0","7","9","11","20","13","18","0","1","1","5","7","9","11","0","1","3","5","5","15","11","0","3","0","3","1","4","6","0","2","3","0","5","3","3","0","3","2","1","1","2","3","1","0","2","2","1","2","9","70","29","23","6","4","2","3","2","7","39","10","8","6","1","0","3","0","7","19","3","6","2","1","0","0","0","2","16","7","4","0","0","0","0","1","1"
"s25","voters","409075","22","10","7","2","0","0","0","0","0","0","3","10","12","6","2","2","1","0","0","0","0","0","0","0","0","0","0","0","0","0","0","0","0","0","0","0","0","0","0","0","0","0","0","0","0","0","0","0","0","0","2","1","0","1","3","0","0","0","3","0","0","1","0","1","0","3","0","0","0","0","0","1","1","0","0","1","0","0","0","1","0","0","1","0","0","0","0","0","0","0","0","0","0","0","0","0","0","0","0","1","1","8","1","1","0","0","0","0","0","0","5","1","1","0","0","0","0","0","0","2","0","0","1","0","0","0","0","0","0","1","1","0","0","0","0","0","0"
"s25","voters","411104","4","0","1","1","0","0","0","0","0","0","2","3","1","0","1","1","1","0","0","0","0","0","0","0","0","0","0","0","0","0","0","0","0","0","0","0","0","0","0","0","0","0","0","0","0","0","0","0","0","0","0","0","0","0","0","0","0","0","0","0","0","0","0","1","0","0","0","0","0","0","0","0","0","0","0","1","0","0","0","0","0","0","1","0","0","0","0","0","0","1","0","0","0","0","0","0","0","0","0","0","0","0","0","0","0","0","0","0","0","0","0","1","0","0","0","0","0","0","0","2","0","0","0","0","0","0","0","0","1","0","0","0","0","0","0","0","0"
"s25","voters","411113","1736","1293","182","58","3","16","15","0","4","0","165","1066","670","221","36","45","16","56","10","2","4","1","0","0","0","2","0","1","0","14","0","1","0","2","0","2","0","2","3","0","0","15","2","2","3","0","21","25","48","94","229","395","1","42","36","45","51","86","220","5","3","2","4","5","14","68","0","0","3","5","7","18","48","1","6","5","6","12","23","45","0","11","8","10","10","12","16","1","2","2","4","6","16","24","1","8","7","1","2","13","9","755","266","116","45","26","20","19","11","35","112","35","16","5","1","6","2","0","5","106","20","13","8","3","2","1","2","10","68","16","7","3","0","0","1","1","0"
"s25","voters","411123","85","64","11","2","0","1","0","0","0","0","7","53","32","3","3","0","0","8","0","0","0","0","0","0","0","0","0","0","0","1","0","0","0","0","0","0","0","1","0","0","0","0","0","0","0","0","0","0","0","7","17","19","0","1","0","0","3","3","14","0","1","0","0","0","2","0","0","0","0","2","1","3","2","1","0","0","0","0","4","0","0","0","0","0","0","0","2","0","1","0","0","0","0","1","0","0","0","0","0","1","0","33","10","3","7","0","1","3","3","4","9","1","0","0","0","0","0","0","1","4","0","0","0","1","1","0","0","1","2","1","0","0","0","0","0","0","0"
"s25","voters","411130","1027","749","126","23","2","2","4","0","4","0","117","697","330","113","19","28","10","34","7","0","2","1","1","0","0","5","0","0","0","5","1","3","0","2","0","1","0","4","0","0","0","26","13","8","1","0","4","18","42","73","173","231","3","15","18","10","24","54","84","0","1","2","4","8","16","35","0","0","1","7","6","12","34","0","4","5","10","7","12","28","0","4","5","6","4","14","18","0","1","3","1","2","11","6","0","2","2","2","1","0","4","484","127","70","24","12","4","4","5","19","70","17","17","7","4","0","4","0","7","73","16","15","6","2","1","0","0","4","26","4","3","2","0","0","0","0","0"
"s25","voters","411132","250","167","30","8","0","3","2","0","3","0","37","175","75","13","3","4","2","9","1","2","1","0","0","0","0","0","0","0","0","0","0","0","0","0","0","0","0","1","0","0","0","0","0","0","0","0","1","4","4","13","33","64","0","2","4","5","3","8","26","0","0","1","1","1","3","13","0","0","0","0","0","2","9","0","1","1","3","1","10","9","0","2","1","1","1","1","6","1","1","1","1","2","2","4","0","0","0","0","1","1","2","110","22","17","7","3","3","0","0","5","21","4","1","1","1","0","1","0","1","27","4","1","2","0","1","0","0","2","12","1","2","0","1","0","0","0","0"
"s25","voters","412107","1248","775","228","43","3","5","7","0","4","1","182","746","502","146","43","39","9","32","4","9","3","4","1","1","0","2","0","1","0","1","0","1","0","1","1","1","0","1","0","0","0","5","0","4","0","0","7","18","53","68","155","186","0","8","27","39","43","57","114","0","0","7","11","19","21","57","1","1","5","7","9","24","66","0","3","4","14","23","32","30","1","8","10","9","6","18","24","0","1","2","6","6","9","14","0","1","4","1","2","1","16","435","137","89","21","20","13","10","6","44","109","30","23","5","9","4","6","1","41","110","19","19","8","8","2","2","1","13","27","15","9","0","7","0","2","2","1"
"s25","voters","412108","2176","1561","260","58","6","18","11","0","4","0","258","1496","680","145","14","31","13","97","15","10","3","2","0","1","0","11","1","0","0","7","0","4","3","4","0","1","0","4","0","0","1","11","3","5","2","0","4","24","97","146","381","477","4","11","27","38","60","86","206","0","0","6","4","11","29","82","0","1","1","9","7","32","78","0","2","13","14","26","51","69","1","3","11","14","13","14","27","0","4","5","4","6","13","28","0","2","3","4","3","8","17","948","291","142","55","38","9","18","6","54","139","38","35","6","6","2","2","3","29","163","34","20","12","5","5","4","2","13","70","17","5","0","0","0","1","0","4"
"s25","voters","412117","654","479","66","25","0","1","3","0","3","0","77","465","189","29","6","5","4","26","1","3","2","1","0","1","0","1","0","1","0","2","0","0","0","1","0","0","0","2","0","1","0","7","0","1","0","0","0","8","16","19","121","198","0","1","8","3","10","18","77","0","0","1","2","6","5","15","0","1","0","1","0","10","25","0","0","0","4","4","18","29","0","1","0","3","3","3","12","0","0","1","4","2","5","7","0","1","0","2","0","3","7","289","96","42","10","12","7","6","2","15","34","9","13","3","2","1","0","0","4","58","3","7","5","3","0","0","1","0","26","5","1","0","0","0","0","0","0"
"s25","voters","413103","1433","952","216","58","2","6","7","0","3","0","189","951","482","86","10","25","7","60","6","9","5","2","0","0","0","5","0","0","0","11","1","2","0","6","0","2","1","0","0","0","0","6","3","2","1","2","3","16","34","65","209","330","1","9","17","20","28","53","165","0","1","3","4","5","31","75","0","0","3","5","8","17","64","1","2","7","13","15","33","54","0","5","5","7","6","16","25","1","2","3","2","5","15","20","0","3","0","3","3","7","12","628","123","96","22","15","0","10","9","49","120","23","18","10","11","0","6","0","28","123","28","18","5","6","1","2","0","6","55","7","6","2","1","1","1","1","2"
"s25","voters","413112","2136","1636","169","76","5","13","5","0","10","0","222","1526","610","136","15","30","15","90","5","5","4","0","0","0","0","2","1","0","1","8","5","2","1","6","1","1","0","3","1","0","0","15","2","4","0","0","14","34","73","147","398","551","1","17","30","28","39","75","229","0","3","4","7","9","25","41","0","0","2","4","10","16","48","0","2","9","13","20","43","65","0","7","8","6","7","17","25","0","3","4","4","13","22","22","0","1","3","7","1","11","18","1105","276","112","46","30","5","5","13","44","99","20","19","5","4","0","1","1","20","164","18","17","9","3","2","1","0","8","79","18","5","3","1","0","1","0","2"
"s25","voters","414101","2210","1572","266","87","5","10","10","0","5","0","255","1512","698","162","16","26","19","99","8","15","6","3","0","0","0","3","1","2","0","9","0","2","0","4","0","0","0","5","0","0","1","17","2","4","1","0","8","32","62","130","314","574","0","12","33","28","52","67","260","0","2","6","9","10","20","96","0","1","1","3","5","17","96","0","3","6","17","15","52","81","2","2","4","6","4","12","51","0","2","6","2","9","22","34","0","3","3","3","0","11","22","977","292","127","48","33","8","13","11","63","139","49","32","11","7","4","3","1","20","154","29","24","22","5","4","1","0","16","79","22","5","5","1","0","0","0","5"
"s25","voters","414107","1227","852","154","44","3","8","4","0","2","0","160","848","379","75","9","14","3","65","9","13","3","0","0","0","0","4","0","0","0","7","0","1","0","1","2","1","0","2","1","0","0","5","2","2","1","0","3","12","26","45","188","341","0","5","17","13","17","43","142","0","1","4","0","7","15","51","0","1","3","2","5","9","56","0","2","2","7","13","33","58","0","1","3","5","8","6","22","0","1","1","1","3","13","21","0","1","2","0","2","2","14","558","140","78","27","15","4","6","8","16","85","30","14","2","5","2","0","1","15","107","25","9","6","6","1","1","1","4","37","10","8","1","1","0","1","1","2"
"s25","voters","414113","1091","755","176","36","0","8","2","0","3","0","111","719","372","78","15","12","4","45","13","3","1","0","0","0","0","2","0","0","0","2","0","1","0","1","0","0","0","3","0","0","1","5","3","0","1","0","2","10","25","44","155","280","1","4","5","10","10","41","168","0","0","2","2","8","12","71","0","1","1","1","6","16","56","0","0","3","7","8","20","36","1","1","2","4","5","7","17","0","0","0","2","2","12","18","0","2","1","1","1","4","6","525","109","47","18","12","7","3","5","29","90","29","20","5","9","3","1","4","15","77","11","15","3","3","0","0","1","1","28","13","5","1","0","0","0","0","2"
"s25","voters","415104","796","582","88","37","1","3","5","0","0","0","80","587","209","54","4","6","1","35","6","2","1","0","0","0","0","0","0","0","0","4","0","0","2","1","0","1","0","0","0","0","0","1","0","0","0","0","1","7","25","55","158","194","0","1","14","9","17","28","73","0","0","1","1","1","10","34","0","0","2","1","1","9","28","0","1","1","3","11","19","32","0","1","1","0","1","4","6","0","0","0","2","3","8","20","0","0","1","1","1","2","8","395","77","59","10","8","7","6","3","17","52","11","12","1","1","1","0","1","9","56","11","4","5","1","0","0","0","3","29","9","3","2","0","0","1","0","2"
"s25","voters","415109","2297","1721","221","69","4","13","11","0","6","0","252","1660","637","115","8","25","11","122","20","9","5","1","0","0","0","4","0","1","0","10","2","1","3","4","0","1","1","2","0","0","0","8","0","1","0","0","1","23","61","138","435","620","0","8","10","26","38","96","265","0","1","5","3","7","26","75","0","0","0","4","6","16","78","0","0","4","13","38","41","98","0","2","2","4","5","15","30","0","1","3","7","11","19","30","0","1","4","1","2","4","20","1067","333","148","49","28","17","20","4","55","110","38","19","10","7","1","1","2","33","163","33","26","10","4","4","4","2","6","73","17","8","1","1","1","1","1","0"
"s25","voters","415113","1798","1324","229","60","1","10","10","0","1","0","163","1281","517","68","3","10","1","135","13","12","9","1","0","0","0","5","0","1","0","6","1","0","0","1","2","0","0","2","0","0","0","10","2","1","0","1","3","8","25","70","342","543","0","6","8","11","21","64","222","0","2","6","4","7","32","79","0","1","0","1","3","21","73","0","2","3","5","12","36","51","0","2","2","1","7","15","27","0","1","1","1","3","17","27","0","2","1","0","4","11","14","819","253","116","47","25","8","11","5","40","135","26","27","7","9","2","2","0","21","108","16","17","9","5","1","3","0","4","58","11","4","3","2","2","0","0","2"
"s25","voters","421001","686","428","99","32","4","4","5","0","2","0","112","338","348","221","43","62","18","10","4","3","0","0","1","0","0","0","0","0","0","0","0","0","0","1","1","0","0","1","0","0","0","8","0","3","1","3","13","25","25","24","48","66","4","38","32","26","38","18","68","0","3","2","8","10","8","14","0","2","3","5","8","13","23","2","12","6","8","12","8","13","2","11","8","4","6","6","14","0","2","4","4","4","6","8","0","5","3","1","3","4","3","264","57","51","15","12","5","3","4","17","50","18","11","2","6","1","1","2","8","73","21","12","1","1","1","0","0","3","34","8","3","0","0","0","0","1","1"
"s25","voters","421002","371","260","43","9","1","3","2","0","3","0","50","226","145","62","12","26","4","12","3","0","1","0","0","0","0","0","0","0","0","0","0","0","0","0","0","0","0","0","0","1","0","6","0","0","0","0","3","8","8","17","38","90","2","8","13","9","6","24","34","0","0","4","1","0","6","14","0","0","2","1","1","4","10","2","5","4","3","1","2","9","0","6","3","4","2","4","5","0","2","1","1","1","1","5","0","2","0","1","2","1","1","169","48","25","7","2","0","2","1","6","27","8","2","0","0","1","1","1","3","31","7","7","4","1","0","0","0","0","12","3","0","2","0","0","0","0","1"
"s25","voters","421011","1220","848","173","51","1","7","4","0","6","0","130","813","407","131","20","21","8","36","2","4","4","0","1","0","0","1","3","0","1","6","0","1","0","2","0","1","0","0","0","0","0","6","0","0","1","0","9","20","43","74","210","246","2","10","13","20","25","45","131","0","0","5","7","6","20","48","0","1","5","5","6","20","50","0","5","5","9","13","20","32","0","5","4","3","10","10","14","0","3","2","3","4","13","16","0","2","3","4","4","3","12","495","142","92","41","17","8","10","10","33","80","28","27","4","3","1","2","2","26","72","14","23","7","6","0","0","0","8","44","10","7","4","1","0","1","2","0"
"s25","voters","421016","220","168","21","8","1","0","1","0","1","0","20","159","61","18","1","3","2","8","0","0","0","0","0","0","0","0","0","0","0","3","0","0","1","0","0","0","0","0","0","0","0","2","0","0","0","0","0","1","3","7","55","64","1","0","1","1","4","13","18","0","0","0","1","1","3","5","0","0","0","0","0","1","10","0","0","1","2","3","3","5","0","0","0","0","0","3","3","0","0","0","0","0","2","3","0","1","0","0","0","4","1","106","30","24","5","1","0","0","0","2","12","4","2","0","2","0","0","0","1","15","4","0","1","0","0","0","0","0","8","3","0","0","0","0","0","0","0"
"s25","voters","422000","1495","1044","182","56","7","9","11","0","5","0","181","845","650","309","30","91","19","39","8","8","3","0","0","0","0","1","0","0","0","8","2","1","0","4","0","0","0","3","1","2","0","7","4","2","2","1","24","33","21","34","146","354","7","50","41","21","33","66","213","0","2","1","5","4","18","53","0","0","5","3","9","17","65","0","11","6","10","5","25","40","4","13","14","7","10","7","29","0","7","1","2","1","11","30","1","5","3","2","2","5","18","653","186","106","36","20","4","8","4","27","100","29","23","4","5","2","2","1","16","103","21","24","10","9","4","0","4","6","57","19","5","4","1","0","0","0","2"
"s25","voters","422014","181","119","25","3","2","1","2","0","1","0","28","79","102","70","10","16","1","1","1","1","1","0","0","0","0","0","0","0","0","0","0","1","0","0","0","0","0","0","0","1","0","2","0","0","0","2","4","6","10","5","11","11","1","9","16","10","3","8","23","0","1","2","2","1","3","3","0","0","0","0","2","4","7","0","2","0","4","3","0","3","0","3","5","4","2","1","1","0","0","1","1","0","4","0","0","0","0","1","0","1","1","70","21","14","4","6","0","1","1","2","15","3","4","0","1","0","0","0","2","14","6","1","1","4","1","0","0","1","5","3","1","0","0","0","0","0","0"
"s25","voters","422015","955","685","129","32","1","7","4","0","1","0","96","639","316","66","5","6","3","28","5","6","5","0","0","0","0","2","0","0","0","2","0","0","0","1","0","0","0","1","0","0","0","4","2","2","1","0","1","4","16","36","147","277","0","3","3","8","13","46","131","0","1","4","1","4","17","42","0","0","2","0","4","13","41","0","0","0","4","6","24","29","0","1","0","1","1","7","23","0","1","0","1","1","2","21","0","0","0","0","0","4","15","481","110","50","12","12","3","1","3","13","74","22","7","2","4","0","2","2","16","68","7","9","2","1","1","1","0","7","28","7","3","1","2","1","0","0","3"
"s25","voters","423005","507","301","117","21","2","3","6","0","2","0","55","254","253","88","23","19","8","10","7","2","1","0","0","0","0","0","1","0","1","0","1","0","0","1","0","0","0","1","2","0","0","5","1","3","0","1","6","9","21","19","41","55","0","16","15","15","23","33","47","1","4","3","12","10","14","15","0","3","2","10","8","16","19","0","2","4","2","9","5","2","0","5","7","6","10","1","2","0","1","1","2","2","6","7","0","2","1","3","2","3","4","167","64","29","12","8","1","2","0","18","61","24","10","1","3","2","1","1","14","32","9","5","2","2","2","1","0","2","17","12","4","1","0","0","0","0","0"
"s25","voters","423013","1090","604","270","44","2","15","7","0","3","1","144","558","532","217","68","50","18","16","14","3","0","0","0","0","0","0","1","0","0","3","3","0","0","0","4","2","1","0","3","6","0","17","2","10","6","0","14","33","25","40","96","121","2","30","26","33","35","53","96","2","5","7","15","20","35","44","1","11","12","10","25","32","51","0","12","3","8","9","13","12","1","13","14","13","12","20","14","0","2","4","5","5","9","19","1","3","4","3","1","7","9","325","115","74","20","13","4","12","7","34","155","32","36","6","6","5","4","4","22","89","16","12","11","4","0","2","1","9","40","19","9","1","1","0","0","0","2"
"s25","voters","423015","1137","707","231","42","1","10","5","0","5","0","136","643","494","221","47","42","20","41","9","4","0","0","0","0","0","2","0","0","1","3","2","0","0","0","0","3","1","1","0","0","0","6","6","3","2","0","14","27","31","48","100","210","0","16","29","31","32","59","110","0","3","7","8","12","21","55","0","1","5","9","11","22","77","1","2","5","10","10","12","29","0","10","10","8","5","7","27","0","4","2","1","6","16","9","0","3","2","7","1","3","9","416","129","70","25","17","7","9","5","29","143","33","22","8","5","5","1","2","12","90","17","11","4","1","1","1","0","11","35","15","6","4","0","1","1","1","0"
"s25","voters","423017","672","434","111","21","0","0","5","0","1","0","100","433","239","71","21","29","2","16","7","2","0","0","0","0","0","2","1","0","1","1","0","0","1","1","0","0","0","0","0","0","0","5","1","2","0","1","1","5","11","22","90","181","2","4","9","7","7","19","75","0","2","0","1","4","6","39","0","1","5","1","4","10","38","0","2","3","4","6","11","29","2","4","3","4","2","9","21","0","0","0","0","4","4","7","0","0","0","1","1","2","8","276","73","30","17","9","5","6","2","16","69","18","11","2","1","1","2","0","7","66","7","10","4","2","3","0","1","7","20","5","0","1","0","0","0","1","0"
"s25","voters","424002","1006","626","199","37","2","11","1","0","1","0","129","529","477","194","36","52","12","37","11","5","2","0","0","0","0","1","0","0","1","3","1","1","0","2","1","0","0","0","0","1","0","15","1","3","0","0","16","13","14","28","102","164","2","22","30","17","24","67","127","0","4","2","3","4","20","58","0","5","6","2","11","20","64","2","3","7","7","9","13","29","1","11","10","8","6","5","18","0","1","4","3","3","7","13","0","0","4","2","2","5","8","377","103","60","26","7","4","13","5","31","107","25","28","8","8","3","2","3","15","76","23","11","9","6","1","2","0","1","36","7","2","3","1","1","2","0","0"
"s25","voters","424004","1484","912","279","43","10","5","6","0","6","0","223","731","753","505","119","120","30","19","7","4","1","0","0","0","0","1","0","0","0","5","1","3","0","4","1","5","1","4","1","3","0","18","9","11","2","2","23","45","59","70","133","118","6","54","75","62","55","83","127","0","15","11","23","16","31","44","0","7","7","21","16","39","49","2","21","22","13","18","18","16","3","21","17","26","15","18","13","0","2","8","4","4","6","7","0","7","7","6","5","7","7","498","156","117","23","24","13","14","13","54","177","41","17","8","4","3","3","2","24","148","20","23","9","8","3","3","1","8","40","17","5","3","3","1","0","0","1"
"s25","voters","425005","1700","936","401","66","7","14","7","0","5","1","263","888","812","414","107","109","39","23","26","5","1","2","1","0","0","0","0","0","0","3","4","2","0","7","0","2","1","0","5","7","1","12","5","8","4","4","22","34","49","81","133","173","2","71","57","48","73","80","109","2","11","16","22","21","56","76","1","8","13","16","21","64","74","0","17","18","19","23","29","31","4","22","15","7","28","24","26","0","4","7","4","6","12","18","0","7","11","4","3","13","11","535","167","103","36","25","7","9","12","42","201","54","50","16","18","6","5","4","47","165","29","28","14","8","3","5","1","10","64","15","10","5","2","0","0","1","3"
"s25","voters","425010","1315","799","267","51","4","8","13","0","1","0","172","695","620","277","66","55","20","22","8","5","3","2","1","0","0","2","1","0","0","10","0","0","1","5","0","2","0","7","6","3","1","11","2","7","1","2","19","34","42","57","118","155","4","36","54","53","42","74","109","0","12","9","16","25","32","43","1","9","6","11","32","27","44","0","13","12","13","14","21","22","3","7","8","13","13","11","22","0","3","0","5","4","10","14","1","2","5","7","5","9","12","466","166","83","30","22","2","6","1","23","153","37","35","5","9","5","3","5","15","107","22","17","9","3","2","3","2","7","35","26","7","4","4","0","0","1","0"
"s25","voters","427001","20","2","13","0","0","0","0","0","0","0","5","12","8","0","1","2","0","0","1","0","0","0","0","0","0","0","0","0","0","0","0","0","0","0","0","0","0","0","0","0","0","0","0","0","0","0","0","0","0","0","1","0","0","0","0","0","0","0","1","0","0","0","0","0","3","5","0","0","0","0","1","1","3","0","0","0","0","2","0","1","0","0","0","0","0","0","2","0","0","0","0","0","0","0","0","0","0","0","0","0","0","2","0","0","0","0","0","0","0","0","9","1","1","0","0","0","0","2","0","1","0","0","2","0","0","0","0","2","0","0","0","0","0","0","0","0","0"
"s25","voters","427017","17","8","4","0","0","0","0","0","0","0","5","7","10","1","1","1","0","0","0","0","0","0","0","0","0","0","0","0","0","0","0","0","0","0","0","0","0","0","0","0","0","0","0","0","0","0","0","0","0","0","0","2","0","0","0","0","1","2","3","0","0","0","1","1","0","1","0","1","0","0","0","0","0","0","0","1","0","1","0","0","0","1","0","0","0","2","0","0","0","0","0","0","0","0","0","0","0","0","0","0","0","5","2","0","0","0","0","0","0","1","3","0","1","0","0","0","0","0","0","3","1","1","0","0","0","0","0","0","0","0","0","0","0","0","0","0","0"
"s25","voters","427019","12","4","3","0","0","0","2","0","0","0","3","6","6","1","0","0","0","0","0","0","0","0","0","0","0","0","0","0","0","0","0","0","0","0","0","0","0","0","0","0","0","0","0","0","0","0","0","0","0","0","0","2","0","0","1","0","0","1","0","0","0","0","0","2","1","0","0","0","0","0","0","0","0","0","0","0","0","0","0","0","0","0","0","2","0","0","1","0","0","0","0","0","0","1","0","0","0","0","0","0","1","1","0","1","1","1","0","0","0","0","3","0","0","0","0","0","0","0","0","0","1","1","1","0","0","0","0","0","0","2","0","0","0","0","0","0","0"
"s25","voters","427029","6","2","4","0","0","0","0","0","0","0","0","2","4","0","0","0","0","0","0","0","0","0","0","0","0","0","0","0","0","0","0","0","0","0","0","0","0","0","0","0","0","0","0","0","0","0","0","0","0","0","0","0","0","0","0","0","1","0","1","0","0","0","0","2","0","0","0","0","0","0","2","0","0","0","0","0","0","0","0","0","0","0","0","0","0","0","0","0","0","0","0","0","0","0","0","0","0","0","0","0","0","0","0","2","0","0","0","0","0","0","4","0","0","0","0","0","0","0","0","0","0","0","0","0","0","0","0","0","0","0","0","0","0","0","0","0","0"
"s25","voters","427041","23","3","11","1","0","4","0","0","0","0","4","13","10","0","0","1","0","0","0","0","0","0","0","0","0","0","0","0","0","0","0","0","0","0","0","0","0","0","0","0","0","0","0","0","0","0","0","1","0","0","0","1","0","0","0","1","0","0","0","0","0","0","0","0","3","1","0","1","1","0","0","4","1","0","1","1","0","0","1","0","0","0","0","0","0","1","0","1","1","0","0","0","1","1","0","0","1","0","0","0","0","2","0","0","0","0","0","0","0","1","2","1","0","0","1","1","1","1","4","4","0","0","0","0","0","0","0","0","4","1","0","0","0","0","0","0","0"
"s25","voters","427043","20","5","8","2","0","0","0","0","0","0","5","11","9","1","0","1","0","0","0","0","0","0","0","0","0","0","0","1","0","0","0","0","0","0","0","0","0","0","0","0","0","0","1","0","1","0","0","0","0","0","1","3","0","0","0","0","0","0","1","0","0","0","0","0","2","3","0","0","0","0","0","1","2","0","0","0","1","0","0","1","0","0","0","1","0","0","2","0","0","0","0","0","0","0","0","0","0","0","0","0","2","3","1","1","0","0","0","0","0","0","1","6","1","0","0","0","0","0","0","1","3","0","0","0","0","1","0","0","1","1","0","0","0","0","0","0","0"
"s25","voters","427049","20","16","2","2","0","0","0","0","0","0","0","4","16","10","1","0","0","1","0","0","0","0","0","0","0","0","0","0","0","0","0","0","0","0","0","0","0","0","0","0","0","1","0","0","0","0","1","0","1","0","1","1","0","2","0","3","0","6","1","0","0","0","0","0","0","0","0","0","0","0","1","0","1","0","0","0","0","0","0","0","0","0","0","0","0","0","0","0","0","0","0","0","0","0","0","0","1","0","0","1","0","9","5","1","0","0","0","0","1","0","0","0","2","0","0","0","0","0","0","0","0","0","0","0","0","0","0","0","1","1","0","0","0","0","0","0","0"
"s25","voters","428002","804","386","230","27","5","5","10","0","4","0","137","348","456","290","76","92","27","1","7","1","1","0","0","0","0","0","0","0","0","1","3","1","0","0","0","0","0","0","2","0","0","6","4","4","1","4","24","22","18","15","28","33","3","47","50","29","32","42","39","2","9","18","14","19","30","31","0","5","8","12","16","35","31","0","13","14","8","16","7","7","2","15","11","10","14","9","11","0","2","4","0","2","3","5","2","7","11","3","5","4","3","210","61","54","17","10","3","3","9","19","125","40","35","8","4","0","3","0","15","80","13","20","6","8","3","2","0","5","34","10","3","1","0","1","0","0","2"
"s25","voters","428010","1189","570","401","61","4","10","10","0","1","0","132","542","647","109","31","34","11","21","23","5","4","0","0","0","0","1","2","0","0","3","0","0","0","1","0","0","0","0","0","0","0","9","3","2","0","0","2","4","9","14","53","175","0","6","9","8","16","57","217","0","0","2","5","5","33","137","0","0","1","5","14","37","162","0","2","4","3","4","14","36","0","8","3","4","1","13","40","0","0","0","1","2","13","24","0","0","1","1","2","12","30","345","123","47","17","9","3","5","2","19","244","72","39","10","13","1","5","2","15","84","19","7","7","6","1","2","0","6","49","21","4","5","1","2","0","3","1"
"s25","voters","428013","2","2","0","0","0","0","0","0","0","0","0","2","0","0","0","0","0","0","0","0","0","0","0","0","0","0","0","0","0","0","0","0","0","0","0","0","0","0","0","0","0","0","0","0","0","0","0","0","0","1","1","0","0","0","0","0","0","0","0","0","0","0","0","0","0","0","0","0","0","0","0","0","0","0","0","0","0","0","0","0","0","0","0","0","0","0","0","0","0","0","0","0","0","0","0","0","0","0","0","0","0","0","0","2","0","0","0","0","0","0","0","0","0","0","0","0","0","0","0","0","0","0","0","0","0","0","0","0","0","0","0","0","0","0","0","0","0"
"s25","voters","428029","0","0","0","0","0","0","0","0","0","0","0","0","0","0","0","0","0","0","0","0","0","0","0","0","0","0","0","0","0","0","0","0","0","0","0","0","0","0","0","0","0","0","0","0","0","0","0","0","0","0","0","0","0","0","0","0","0","0","0","0","0","0","0","0","0","0","0","0","0","0","0","0","0","0","0","0","0","0","0","0","0","0","0","0","0","0","0","0","0","0","0","0","0","0","0","0","0","0","0","0","0","0","0","0","0","0","0","0","0","0","0","0","0","0","0","0","0","0","0","0","0","0","0","0","0","0","0","0","0","0","0","0","0","0","0","0","0"
"s25","voters","428051","436","144","200","25","2","3","3","0","0","0","59","201","235","64","27","20","7","2","5","1","0","0","4","0","1","0","0","0","0","0","0","0","0","0","1","1","0","0","0","0","0","0","0","0","0","0","5","7","8","11","10","10","1","8","17","5","20","14","28","1","3","12","20","15","25","29","0","4","6","15","17","23","30","0","4","6","5","4","6","6","1","4","7","3","4","4","5","0","2","2","3","3","2","2","0","4","0","3","1","5","6","79","25","18","7","4","2","1","0","8","111","19","25","9","9","2","2","0","23","40","4","6","4","3","0","0","0","2","20","9","1","1","2","0","0","0","0"
"s25","voters","428056","390","145","157","17","0","3","5","0","0","0","63","176","214","46","33","24","5","6","11","3","0","0","0","0","0","2","3","0","0","0","0","0","0","0","0","0","2","0","2","0","0","3","0","1","2","1","2","10","5","12","6","17","0","11","15","10","16","16","24","0","3","9","8","14","16","24","0","3","4","9","19","24","24","0","4","11","3","6","5","5","0","3","5","8","5","4","4","0","0","2","3","1","4","5","0","2","1","2","3","2","0","84","21","18","3","4","1","2","1","11","83","31","20","5","4","2","1","1","10","48","2","6","2","1","0","1","0","3","19","3","2","1","0","0","0","0","0"
"s25","voters","428069","783","245","369","39","1","7","16","0","2","0","104","368","415","45","28","24","11","13","29","1","2","0","0","0","0","1","0","0","0","1","2","2","0","0","0","0","0","2","1","0","0","0","6","1","0","0","4","8","9","10","20","52","2","9","8","14","18","33","58","0","4","14","16","16","34","86","0","5","8","15","21","43","107","0","8","10","8","10","9","15","0","2","7","5","7","8","15","0","0","3","5","7","7","13","0","2","2","2","5","5","14","151","45","19","8","3","0","2","0","17","186","75","47","10","11","3","2","1","34","63","15","15","4","3","0","1","0","3","40","12","5","3","2","0","1","2","0"
"s25","voters","428070","755","297","320","28","0","3","7","0","0","0","100","362","393","101","26","27","6","12","12","6","1","0","0","0","0","0","0","0","0","0","3","0","0","0","2","0","0","0","0","0","0","3","2","0","0","1","11","4","13","24","22","50","2","13","11","25","22","33","66","1","5","8","11","17","34","82","0","4","5","19","24","24","86","1","8","4","10","14","7","14","0","6","2","8","12","3","11","0","0","2","4","2","3","10","0","0","0","4","2","6","5","166","60","30","12","4","1","3","0","21","166","46","35","18","9","2","2","1","41","59","13","9","5","4","0","3","0","7","24","3","8","1","0","0","0","0","2"
"s25","voters","429000","2535","1125","1000","129","1","14","11","0","3","0","252","1049","1486","45","31","3","8","193","86","29","28","2","1","1","0","1","1","1","0","0","3","5","0","0","0","0","0","0","0","0","0","5","2","1","2","0","0","2","1","5","48","372","0","0","0","2","9","64","622","0","1","2","1","6","32","367","0","1","1","0","6","46","537","0","0","1","0","6","17","109","0","0","1","1","0","14","103","0","0","2","1","3","10","63","0","0","0","0","2","14","63","723","205","97","23","18","9","3","1","46","529","174","104","44","26","13","12","8","90","147","48","20","16","5","1","3","0","12","116","24","7","4","0","1","2","1","3"
"s25","voters","429005","2216","1099","767","105","3","15","7","0","3","0","217","920","1296","57","37","10","6","173","44","35","9","5","0","0","0","0","3","0","0","3","3","0","0","6","0","0","0","3","0","0","0","8","3","3","3","0","1","2","3","12","59","357","0","2","0","1","13","72","577","0","0","2","0","7","31","274","0","1","3","0","6","55","388","0","0","0","3","6","10","87","0","0","0","0","2","13","96","0","1","1","1","1","17","45","0","0","0","0","3","10","54","732","197","87","28","17","6","6","2","24","448","137","76","26","19","6","4","2","49","138","31","16","17","5","1","1","2","6","93","27","8","3","1","0","0","1","0"
"s25","voters","429050","83","26","45","4","0","0","0","0","0","0","8","40","43","0","2","0","0","1","1","0","0","0","0","0","0","0","0","0","0","0","1","0","0","0","0","0","0","0","0","0","0","0","0","0","0","0","0","0","3","3","1","5","1","0","0","1","1","2","9","0","1","0","2","2","8","9","0","1","1","1","3","4","13","0","0","1","0","1","2","1","0","0","0","0","1","2","0","0","0","0","0","0","0","1","0","0","0","0","0","1","2","13","2","5","2","0","0","0","1","3","23","5","8","3","1","0","1","0","4","3","1","2","0","0","0","0","0","2","1","1","1","0","1","0","0","0","0"
"s25","voters","429060","1","1","0","0","0","0","0","0","0","0","0","1","0","0","0","0","0","0","0","0","0","0","0","0","0","0","0","0","0","0","0","0","0","0","0","0","0","0","0","0","0","0","0","0","0","0","0","0","0","1","0","0","0","0","0","0","0","0","0","0","0","0","0","0","0","0","0","0","0","0","0","0","0","0","0","0","0","0","0","0","0","0","0","0","0","0","0","0","0","0","0","0","0","0","0","0","0","0","0","0","0","0","0","1","0","0","0","0","0","0","0","0","0","0","0","0","0","0","0","0","0","0","0","0","0","0","0","0","0","0","0","0","0","0","0","0","0"
"s25","voters","430006","1853","1009","500","86","4","11","5","0","5","0","233","974","879","59","25","18","6","90","39","18","6","4","2","0","0","7","1","3","1","5","6","4","0","3","3","2","0","3","0","0","0","7","1","2","0","1","5","6","18","35","126","346","0","8","12","16","31","73","332","0","6","4","6","15","34","173","0","8","1","9","22","42","180","0","3","5","4","18","38","69","0","4","2","3","7","15","65","0","0","1","1","8","14","38","0","1","2","2","4","10","30","626","210","76","27","22","10","12","0","26","282","85","52","19","9","7","7","4","35","135","35","25","14","11","1","1","2","9","84","16","4","1","2","1","1","2","0"
"s25","voters","430007","1694","959","435","79","1","7","7","0","1","0","205","930","764","62","22","15","2","119","40","15","12","4","0","1","2","2","1","1","0","4","0","5","0","5","2","2","0","3","0","0","0","6","2","2","1","0","2","2","9","36","133","344","0","3","5","7","13","88","317","0","3","2","2","12","30","177","1","4","1","4","7","37","155","0","4","2","2","4","34","87","0","1","3","0","4","18","46","0","0","1","1","1","11","31","0","0","0","0","2","14","34","674","194","69","7","2","1","4","1","7","262","105","39","9","6","1","0","0","13","139","29","22","4","2","2","2","2","3","63","23","6","2","1","0","0","0","0"
"s25","voters","430022","1460","848","338","58","0","8","12","0","2","0","194","862","598","90","18","25","8","66","32","15","8","0","0","0","0","1","1","0","0","1","2","3","0","2","0","0","0","1","0","0","1","6","1","5","0","1","9","9","18","36","138","320","2","17","8","20","20","60","190","1","4","1","9","14","33","106","0","3","5","4","13","20","125","1","6","3","10","18","27","54","0","4","6","7","7","12","39","1","0","1","4","2","9","27","0","2","0","1","1","6","26","548","135","85","23","12","5","11","2","27","202","49","35","11","12","4","1","3","21","123","27","10","14","8","2","3","0","7","49","15","8","3","1","1","0","0","3"
"s25","voters","430023","2308","1149","716","116","0","13","9","0","3","0","302","1259","1049","65","40","9","9","119","48","38","7","5","0","3","0","0","0","1","1","13","4","3","2","6","4","4","1","2","0","2","2","7","3","3","0","0","6","18","19","45","173","423","0","13","10","12","21","82","327","2","5","7","16","22","43","239","0","5","3","11","22","70","271","0","2","5","9","18","35","109","2","4","8","7","10","19","74","0","3","3","1","6","10","40","0","2","1","1","8","13","53","738","231","86","29","13","7","5","3","37","408","124","66","19","22","5","9","3","60","194","47","27","13","9","0","4","1","7","93","29","10","3","4","0","1","1","0"
"s25","voters","430030","834","426","222","42","0","6","8","0","2","0","128","433","401","40","13","8","1","39","14","6","3","0","0","1","0","1","0","2","0","1","1","2","0","4","1","2","0","1","0","0","0","5","2","1","0","0","1","6","7","21","52","138","0","2","5","6","23","29","136","0","1","5","6","8","26","59","0","0","3","1","4","31","78","0","1","6","4","3","15","50","0","1","4","5","5","11","23","0","0","1","0","3","6","14","0","2","0","2","5","9","16","247","88","40","15","9","4","2","0","21","128","39","22","9","5","0","4","0","15","83","18","9","6","4","2","2","0","4","37","13","5","2","0","0","0","0","1"
"s25","voters","430031","1361","601","494","70","1","7","4","0","2","0","182","692","669","40","17","8","3","68","38","16","6","1","2","1","0","3","1","0","0","7","3","6","0","8","1","2","1","2","0","0","0","2","5","1","0","1","4","3","16","16","61","225","0","6","8","5","15","46","195","0","4","10","10","13","42","143","0","3","2","9","18","43","197","1","2","5","3","12","22","57","0","1","5","4","8","23","39","0","2","0","0","5","12","23","0","0","2","1","4","9","26","382","109","56","14","3","5","2","1","29","307","70","45","6","17","5","5","5","34","110","26","14","14","4","1","3","1","9","58","20","5","1","0","0","0","0","0"
"s25","voters","441001","275","141","81","10","0","2","0","0","2","0","39","117","158","48","18","10","4","8","2","1","0","1","2","0","0","0","0","0","0","1","1","1","0","1","0","1","0","0","1","0","0","0","0","1","0","1","4","3","8","3","10","27","0","5","7","12","11","15","35","0","1","2","4","7","11","12","0","1","3","6","7","8","19","0","1","4","1","2","4","4","0","2","3","7","4","3","4","0","0","1","3","0","2","2","0","1","0","1","1","0","3","96","15","14","7","2","0","1","0","6","44","13","10","5","1","0","0","0","8","26","5","5","3","0","0","0","0","0","9","4","0","0","0","0","1","0","0"
"s25","voters","441007","317","175","82","14","3","4","1","0","2","0","36","130","187","75","7","18","8","7","4","0","1","0","0","0","0","2","2","0","1","0","0","0","0","0","0","0","0","0","0","0","0","2","1","0","2","1","5","10","8","9","8","24","2","22","17","17","9","11","32","0","3","3","2","5","4","15","0","1","2","8","7","5","27","1","4","5","2","0","6","0","0","4","2","1","2","1","8","0","1","1","1","3","5","4","0","2","1","1","0","3","2","109","30","17","4","3","1","2","0","9","41","12","6","4","5","0","1","1","12","20","6","3","3","1","0","0","0","3","14","9","0","1","0","0","0","0","0"
"s25","voters","441008","966","494","242","41","3","9","8","0","8","0","161","435","531","175","44","54","18","24","9","5","0","0","0","0","0","5","0","0","0","4","6","4","0","2","0","0","0","1","5","0","1","2","2","3","1","0","14","34","17","21","48","70","1","25","36","29","43","54","102","0","4","11","13","25","18","38","1","4","7","9","19","27","66","2","10","11","10","19","10","23","1","8","12","7","14","11","23","1","1","7","5","8","4","11","0","5","8","3","3","3","10","331","59","46","17","12","0","2","2","25","138","37","32","6","4","4","3","2","16","110","20","10","7","3","2","1","0","8","50","11","6","0","0","1","0","1","0"
"s25","voters","441011","688","314","203","35","4","0","14","0","6","0","112","304","384","118","52","42","14","9","8","2","1","1","1","0","0","1","0","1","0","1","0","3","0","0","0","0","0","1","0","1","0","1","4","1","0","1","11","14","12","19","28","43","1","21","20","22","24","28","70","0","5","10","14","11","24","27","1","2","9","14","23","22","41","2","2","10","12","9","7","13","1","11","12","5","6","14","8","1","3","6","5","3","3","9","1","7","5","2","5","3","6","189","40","39","13","9","1","4","0","19","117","29","29","6","3","1","3","1","14","73","15","11","6","3","0","0","0","4","39","9","7","1","2","0","0","0","1"
"s25","voters","441017","16","6","7","0","0","0","0","0","0","0","3","6","10","2","1","1","0","0","0","0","0","0","0","0","0","0","0","0","0","0","0","0","0","0","0","0","0","0","0","0","0","0","0","0","0","0","0","0","0","0","1","2","0","1","0","0","0","2","0","0","0","0","0","1","0","0","0","1","0","2","1","0","2","0","0","0","1","0","0","1","0","0","0","1","0","0","0","0","0","0","0","0","0","0","0","0","0","0","0","0","0","4","0","2","0","0","0","0","0","0","5","1","0","0","1","0","0","0","0","3","0","0","0","0","0","0","0","0","0","0","0","0","0","0","0","0","0"
"s25","voters","442000","24","11","6","3","0","0","0","0","0","0","4","10","14","4","2","1","0","0","1","1","0","0","0","0","0","0","0","0","0","0","0","0","0","0","0","0","0","0","0","0","0","0","0","0","0","0","1","0","0","1","1","3","1","0","1","1","1","0","1","0","0","0","0","0","0","2","0","0","0","1","0","0","3","0","0","0","0","1","1","0","0","0","0","1","0","0","1","0","0","0","0","0","0","0","1","0","0","0","1","1","0","5","2","1","2","0","0","0","0","1","3","2","0","0","0","0","0","0","1","4","0","0","0","0","0","0","0","0","2","1","0","0","0","0","0","0","0"
"s25","voters","442004","523","291","129","21","2","0","1","0","2","0","77","254","269","40","10","15","7","15","7","4","1","1","0","0","0","0","0","1","0","2","3","0","0","0","0","0","0","0","0","0","0","1","0","1","0","0","5","10","15","16","31","55","1","4","20","17","15","34","68","0","1","6","7","9","15","29","0","0","3","6","9","13","31","0","5","8","5","6","7","11","0","5","6","4","6","7","7","0","0","1","0","9","2","1","0","1","1","1","1","6","3","186","48","32","9","7","4","1","0","4","63","22","17","6","3","0","0","2","16","47","14","8","2","4","0","0","0","2","19","4","2","0","0","0","0","0","1"
"s25","voters","442012","1767","725","674","94","0","14","8","0","4","0","248","818","949","60","27","14","4","67","38","8","6","1","2","0","0","1","0","0","0","4","3","0","0","1","2","2","1","0","2","3","0","4","2","0","0","1","6","19","17","28","55","183","1","9","12","26","35","82","251","1","11","5","21","32","48","203","0","4","8","16","32","61","232","1","8","8","14","10","32","72","1","3","3","14","10","21","51","0","1","0","2","1","8","31","0","2","4","3","7","19","42","453","137","72","22","8","2","9","4","18","386","111","72","25","8","4","9","1","58","155","40","23","19","4","0","4","1","2","83","23","8","2","2","0","1","0","1"
"s25","voters","442015","1762","718","678","85","1","14","12","0","4","0","250","819","943","44","35","14","13","73","33","14","6","1","0","3","0","4","1","1","1","2","0","0","0","2","1","4","1","0","0","0","0","6","0","1","0","0","11","17","24","28","69","172","0","7","19","33","32","77","229","1","4","8","16","34","61","191","0","3","13","22","30","60","235","3","6","14","9","16","24","59","0","14","7","7","12","33","46","0","1","5","3","8","14","21","1","6","2","4","9","15","27","430","132","83","19","11","5","5","1","32","378","103","75","27","15","6","11","1","62","168","33","23","12","2","0","3","0","9","73","26","8","2","1","1","2","0","3"
"s25","voters","443001","1733","845","511","87","3","11","16","0","4","0","256","826","907","148","75","41","19","45","31","11","5","6","0","3","0","2","2","0","0","8","6","3","0","9","6","3","1","4","1","1","1","16","9","8","5","3","14","27","57","67","87","129","4","34","63","62","70","77","151","1","10","17","35","35","56","98","1","9","24","32","38","62","93","1","10","15","18","36","26","31","0","11","14","24","29","17","24","0","1","6","11","8","9","18","1","7","6","11","11","11","21","616","133","63","12","8","2","2","1","8","362","65","40","16","11","3","5","1","8","186","33","19","11","1","1","1","0","4","87","19","6","5","1","1","0","0","2"
"s25","voters","443007","841","319","366","42","0","4","4","0","0","0","106","371","470","19","30","3","6","40","33","14","2","0","0","0","0","0","0","1","0","3","2","1","0","0","0","0","0","1","0","0","0","5","2","0","0","0","1","4","3","4","22","101","0","2","5","2","10","37","128","0","2","4","7","8","21","119","0","3","2","5","12","31","152","1","0","1","3","3","9","35","0","0","3","1","2","8","40","0","0","0","0","2","3","18","0","0","1","0","0","2","24","210","61","27","8","5","0","0","3","5","200","76","28","11","12","6","5","1","27","70","18","7","4","2","0","2","0","3","34","13","1","0","0","0","0","0","2"
"s25","voters","443010","1623","631","647","85","3","13","7","0","8","0","229","759","864","87","41","26","8","53","31","13","7","0","1","0","0","3","0","0","0","6","1","1","0","1","4","3","0","0","0","0","0","6","6","2","0","0","8","13","17","26","54","152","1","21","30","21","39","62","187","1","10","5","18","24","56","197","0","1","8","14","36","53","224","1","7","4","17","19","23","54","0","8","6","11","14","22","43","0","1","0","1","7","11","33","1","6","3","2","7","9","35","397","108","74","15","12","2","6","1","16","364","124","72","16","21","1","7","3","39","145","34","25","4","6","2","3","0","10","75","33","6","1","1","0","0","0","0"
"s25","voters","444000","336","140","126","20","0","3","0","0","0","0","47","148","188","21","6","4","2","11","5","3","0","0","0","1","0","1","1","0","0","0","0","1","0","0","0","0","0","0","0","1","0","0","2","0","0","0","2","2","3","9","7","31","0","4","2","6","8","16","50","0","1","3","6","5","5","38","0","0","4","3","7","10","44","0","0","1","4","2","4","14","0","2","1","5","0","3","11","0","0","0","0","3","3","5","0","1","0","1","0","2","8","83","31","14","4","3","2","1","0","2","77","18","13","4","1","0","4","0","9","26","13","2","6","0","0","0","0","0","21","1","0","1","0","0","0","0","0"
"s25","voters","444008","1678","693","631","78","3","11","8","0","2","0","252","752","926","97","33","18","13","71","42","20","5","0","0","0","0","2","3","0","0","7","5","3","1","3","0","3","0","7","4","0","0","3","1","3","1","3","9","17","17","22","41","169","1","19","26","27","33","68","241","0","7","13","9","20","53","192","0","5","8","13","21","49","241","1","4","10","14","8","21","74","0","3","6","10","15","22","64","0","4","3","2","6","9","24","0","1","2","1","7","8","35","459","119","49","20","14","1","0","1","30","370","92","71","22","6","5","9","4","52","162","31","22","13","4","3","2","3","12","68","16","5","4","1","2","2","2","2"
"s25","voters","444013","1954","820","705","118","4","16","12","0","3","1","275","863","1091","161","84","49","21","41","25","8","7","3","2","1","0","1","0","2","0","2","0","2","0","0","1","0","0","3","3","0","0","12","4","4","1","2","19","24","33","46","53","157","2","20","33","40","52","84","255","3","7","14","34","32","64","155","0","11","12","36","28","77","232","2","3","10","22","15","27","60","1","4","12","18","20","23","58","1","1","3","7","12","18","39","0","4","5","3","5","21","35","507","126","88","29","17","2","8","3","40","397","105","83","19","18","5","8","2","68","164","43","23","11","12","1","8","5","8","102","28","13","2","5","2","0","0","2"
"s25","voters","445000","2438","1116","899","127","3","17","12","0","6","0","258","1053","1385","123","62","26","8","69","39","18","3","3","4","1","0","3","4","0","1","6","5","2","1","2","4","0","0","3","0","1","0","10","6","6","0","2","6","16","24","22","99","295","1","8","14","19","35","103","472","2","4","6","17","24","63","277","0","4","7","12","30","85","368","0","4","3","9","11","20","79","0","3","6","7","8","25","83","0","0","4","1","4","14","47","0","1","1","1","6","19","67","722","209","92","28","18","5","8","2","32","563","125","83","30","28","9","6","4","51","173","35","21","8","5","1","3","0","12","115","30","14","1","0","2","1","0","2"
"s25","voters","445009","2540","1157","918","114","2","21","20","0","3","0","305","1112","1428","89","51","18","12","97","60","16","12","4","0","0","0","3","4","0","0","4","0","0","0","5","1","1","0","2","0","4","0","8","4","3","0","2","8","14","15","20","80","332","1","10","22","22","38","96","497","1","4","13","12","18","76","284","1","7","9","11","17","79","386","0","2","8","14","10","20","106","0","6","10","14","9","16","90","0","1","2","4","5","16","45","0","1","2","1","6","16","61","776","190","83","41","27","2","12","1","25","567","123","97","32","20","8","9","3","59","200","48","18","17","1","1","3","4","13","108","33","12","3","3","1","0","0","0"
"s25","voters","450005","1398","429","701","82","3","10","12","0","1","1","159","630","768","17","15","5","4","37","51","9","4","0","0","0","0","3","0","0","0","3","6","3","0","3","3","4","1","0","0","0","0","2","3","2","2","0","0","5","4","10","28","131","0","8","9","3","7","51","173","0","3","0","10","17","41","238","0","10","3","11","19","55","294","0","0","2","2","7","17","62","0","0","3","2","3","20","41","0","2","2","1","4","9","35","0","0","2","1","6","13","34","287","76","30","12","6","3","2","1","12","425","95","66","19","15","10","8","6","57","110","15","9","13","6","1","0","1","4","77","17","10","1","2","1","0","0","1"
"s25","voters","450009","959","263","500","54","0","8","8","0","0","0","126","428","531","16","11","4","3","17","36","6","2","0","2","0","0","3","3","0","0","1","1","2","0","0","1","0","0","0","0","0","0","6","1","0","0","0","2","4","6","9","22","65","0","3","6","6","11","27","102","0","3","6","4","10","42","155","0","0","4","5","16","46","209","0","1","2","1","4","11","46","0","0","0","3","3","4","51","0","2","2","3","1","6","21","0","0","1","0","2","10","22","164","56","21","6","6","3","3","0","4","291","85","51","15","14","3","5","1","35","74","19","17","5","3","0","1","2","5","45","13","9","1","0","1","0","0","1"
"s25","voters","459001","1","1","0","0","0","0","0","0","0","0","0","0","1","0","0","0","0","0","0","0","0","0","0","0","0","0","0","0","0","0","0","0","0","0","0","0","0","0","0","0","0","0","0","0","0","0","0","0","0","0","0","0","0","0","0","0","0","1","0","0","0","0","0","0","0","0","0","0","0","0","0","0","0","0","0","0","0","0","0","0","0","0","0","0","0","0","0","0","0","0","0","0","0","0","0","0","0","0","0","0","0","1","0","0","0","0","0","0","0","0","0","0","0","0","0","0","0","0","0","0","0","0","0","0","0","0","0","0","0","0","0","0","0","0","0","0","0"
"s25","voters","459005","176","72","59","3","0","1","1","0","1","0","39","75","101","50","13","24","2","2","5","0","0","0","0","0","0","0","0","0","0","0","0","0","0","0","0","0","0","0","0","0","0","0","0","0","0","0","2","3","3","4","3","10","1","3","5","12","5","6","15","0","0","3","2","5","8","10","0","1","1","4","6","9","10","0","2","2","5","3","2","5","0","4","3","2","4","2","5","0","0","0","0","0","2","1","0","0","1","0","1","0","1","35","11","11","2","6","0","0","1","6","33","10","8","3","1","0","1","0","3","22","5","5","1","2","0","1","0","3","3","1","1","0","0","0","0","0","1"
"s25","voters","459007","0","0","0","0","0","0","0","0","0","0","0","0","0","0","0","0","0","0","0","0","0","0","0","0","0","0","0","0","0","0","0","0","0","0","0","0","0","0","0","0","0","0","0","0","0","0","0","0","0","0","0","0","0","0","0","0","0","0","0","0","0","0","0","0","0","0","0","0","0","0","0","0","0","0","0","0","0","0","0","0","0","0","0","0","0","0","0","0","0","0","0","0","0","0","0","0","0","0","0","0","0","0","0","0","0","0","0","0","0","0","0","0","0","0","0","0","0","0","0","0","0","0","0","0","0","0","0","0","0","0","0","0","0","0","0","0","0"
"s25","voters","459021","51","32","6","1","0","1","0","0","0","0","11","26","25","28","4","11","2","0","0","0","0","0","0","0","0","0","0","0","0","0","0","0","0","0","0","0","0","0","0","0","0","0","0","0","0","1","2","3","1","3","3","3","0","5","1","1","2","2","5","0","0","3","0","1","1","0","0","0","0","0","0","1","0","1","1","1","0","0","1","0","0","3","1","2","0","1","0","0","0","1","0","0","0","0","0","0","0","0","1","0","0","18","7","4","2","0","0","0","1","0","3","1","1","0","0","0","1","0","0","5","2","2","0","0","0","0","0","2","1","0","1","0","0","0","0","0","0"
"s25","voters","460002","523","205","208","36","0","0","3","0","1","0","70","239","284","45","30","14","7","8","9","2","1","0","0","0","0","0","0","0","0","0","0","0","2","1","0","0","0","0","1","1","0","3","3","2","1","1","3","6","18","8","11","26","0","9","12","22","15","17","57","0","6","6","6","9","31","43","1","3","5","11","19","20","48","0","9","8","3","4","11","9","1","1","6","1","6","4","7","1","2","1","2","3","6","6","1","2","1","3","5","2","5","133","34","15","6","3","0","2","1","11","132","31","22","4","3","2","2","0","12","41","13","3","2","1","3","2","1","4","32","4","2","0","2","0","0","0","0"
"s25","voters","460007","2081","777","873","120","4","10","18","0","2","1","276","953","1128","224","116","53","33","26","22","18","6","0","3","0","0","3","1","1","0","6","4","7","1","8","1","2","0","5","9","2","1","4","2","2","1","3","20","25","40","42","68","104","3","31","42","59","70","106","164","4","26","23","52","76","112","139","2","15","22","57","75","122","148","0","15","18","32","26","29","29","3","11","10","20","25","26","32","1","6","8","9","11","16","19","1","8","10","8","11","23","24","440","142","94","20","14","5","4","3","55","464","117","116","25","26","1","12","6","106","151","38","41","18","6","1","4","3","14","93","29","22","0","4","2","1","1","3"
"s25","voters","460010","1854","756","713","98","8","16","13","0","5","0","245","791","1063","207","103","69","23","35","26","8","4","1","1","0","0","3","2","3","0","3","2","3","0","2","0","1","3","6","6","4","1","14","5","2","1","2","27","25","35","29","65","110","8","34","31","51","53","72","214","2","22","19","29","45","71","140","1","13","11","31","46","85","198","1","9","14","19","21","23","32","1","20","14","21","15","17","38","0","7","6","1","6","13","18","0","8","6","7","12","24","32","450","129","89","32","17","4","4","1","30","412","106","68","24","19","6","11","6","61","146","38","24","10","9","2","4","1","11","94","29","8","4","1","0","0","1","3"
"s25","voters","460021","1760","570","857","99","1","7","11","0","2","0","213","840","920","79","60","18","15","44","45","19","9","1","0","0","0","0","3","0","0","0","0","2","0","2","1","1","0","0","0","0","0","5","11","0","1","0","5","11","15","23","35","152","1","12","13","17","28","63","195","0","8","11","14","31","78","274","2","6","14","15","28","86","290","1","5","8","7","9","17","72","1","5","4","4","9","20","51","0","1","2","5","4","12","40","0","2","1","2","8","12","31","334","122","50","16","20","1","3","1","23","484","156","84","25","19","3","13","4","69","131","35","18","10","4","1","4","0","10","81","30","7","0","2","0","0","0","0"
"s25","voters","460026","2512","1223","710","131","14","22","31","0","5","0","376","1141","1371","413","157","116","48","40","14","16","8","0","0","1","0","1","4","1","1","3","6","2","0","2","0","2","1","3","0","0","1","10","4","4","0","1","28","40","63","67","106","192","7","48","76","91","85","151","268","1","15","35","42","42","85","136","1","10","18","35","35","101","154","3","16","30","26","30","31","60","3","17","28","31","26","28","47","0","6","11","11","13","21","30","2","7","11","12","13","26","40","740","199","118","39","29","7","16","8","67","372","116","87","21","26","5","8","4","71","221","60","46","13","14","1","6","3","12","138","35","17","4","3","0","2","2","2"
"s25","voters","460029","665","265","252","36","3","3","6","0","0","0","100","304","361","87","24","28","6","15","17","3","4","2","0","0","0","0","2","0","0","1","4","0","0","0","0","0","0","1","0","0","0","2","0","1","0","0","5","12","7","5","31","54","1","7","16","11","16","37","63","0","3","12","5","5","28","66","0","4","4","6","12","29","78","1","2","5","0","9","11","21","2","2","7","6","4","11","19","0","0","2","1","1","6","12","0","1","3","3","1","8","10","161","51","25","4","6","2","2","3","11","143","40","29","11","6","3","1","1","18","63","16","9","7","2","0","1","0","2","32","9","3","3","0","1","0","0","0"
"s25","voters","460030","1977","906","621","116","4","11","13","0","1","0","305","857","1120","287","71","70","36","29","41","14","8","0","0","0","0","1","0","0","0","2","2","0","0","1","5","2","0","1","0","1","0","6","1","6","0","2","17","32","27","40","65","158","0","34","58","58","55","108","252","1","6","13","19","23","60","164","0","2","12","19","27","75","200","3","10","16","23","22","29","62","3","9","19","18","16","27","48","1","4","7","7","5","19","22","0","7","5","5","4","22","37","552","146","95","30","22","3","11","10","37","368","92","76","19","15","2","6","4","39","194","40","32","10","12","3","6","0","8","102","23","10","6","2","0","1","0","1"
"s25","voters","460039","2067","627","1036","109","1","9","14","0","1","0","270","986","1081","42","64","22","12","48","71","18","5","6","4","1","0","3","5","0","2","3","1","1","0","1","1","2","0","0","2","0","0","5","3","1","1","0","6","9","12","20","45","174","0","8","17","21","28","73","214","1","6","13","11","38","106","325","0","11","7","18","45","129","326","0","6","3","8","19","21","95","0","5","8","7","16","26","56","0","2","2","5","7","17","35","0","0","2","2","5","19","38","417","117","51","26","5","2","1","2","6","654","165","100","40","25","9","4","5","34","193","32","19","14","5","2","1","0","4","93","34","5","0","0","0","2","0","0"
"s25","voters","460047","1255","486","516","81","0","13","8","0","0","0","151","578","677","35","17","4","3","50","35","7","4","1","2","0","0","4","0","0","0","2","1","1","0","3","2","0","0","0","0","0","0","2","0","2","0","0","0","2","2","6","35","148","0","2","1","3","6","53","228","0","1","2","3","3","25","214","1","1","1","1","5","35","224","0","0","3","1","2","14","70","0","0","0","0","2","15","44","0","1","1","1","0","9","35","0","1","0","0","0","6","48","309","103","31","10","5","7","5","2","14","325","86","38","17","15","3","8","9","15","73","26","21","10","6","5","5","2","3","62","22","11","1","2","0","0","3","1"
"s25","voters","466053","51","28","13","0","0","0","1","0","0","0","9","22","29","27","11","9","1","0","0","0","0","0","0","0","0","0","0","0","0","0","0","0","0","0","0","0","0","0","0","0","0","1","0","0","0","0","0","5","1","0","2","4","0","4","2","3","2","2","3","0","1","0","0","0","3","0","0","2","0","1","1","3","2","0","0","1","2","1","1","1","0","2","1","0","0","0","0","0","0","0","0","0","0","0","0","1","0","0","0","0","0","18","2","2","0","3","1","0","0","2","8","0","1","1","0","0","0","0","3","3","3","1","0","0","0","1","0","1","0","0","1","0","0","0","0","0","0"
"s25","voters","466080","100","65","12","2","1","1","0","0","0","0","19","46","54","56","6","15","1","0","2","0","0","0","0","0","0","1","2","1","1","0","0","0","0","0","0","0","0","0","0","0","0","0","0","0","0","1","4","7","2","2","4","9","0","10","9","4","2","4","7","0","2","1","0","2","0","2","0","1","0","0","0","2","2","0","2","1","1","2","0","2","0","6","1","0","2","0","2","0","0","0","0","1","0","1","0","0","1","0","0","0","1","29","14","10","3","4","1","0","1","3","6","4","1","0","0","0","0","0","1","7","1","7","0","2","0","0","1","1","3","0","1","0","0","0","0","0","0"
"s25","voters","467004","524","339","88","13","4","0","5","0","1","0","74","232","292","260","45","61","13","2","0","1","0","0","0","0","0","0","1","0","0","0","0","0","0","0","0","0","0","0","0","0","0","8","0","0","1","2","15","28","13","19","22","43","4","37","26","26","18","24","62","0","1","8","4","5","9","23","0","0","3","7","7","4","17","0","5","12","2","3","3","7","1","10","5","10","5","6","5","0","2","1","1","0","2","2","0","5","2","3","1","1","3","163","59","45","12","21","3","3","2","31","52","11","10","3","0","1","1","1","9","37","8","8","9","5","2","0","1","4","13","7","1","1","1","0","0","0","0"
"s25","voters","467011","228","126","53","8","0","1","0","0","1","0","39","104","124","110","33","35","8","0","1","1","0","0","0","0","0","0","0","1","0","0","1","0","0","1","0","0","0","0","0","0","0","0","0","1","0","2","4","5","6","5","4","22","1","11","14","12","9","8","23","0","2","6","4","3","7","11","0","3","3","1","1","3","9","0","4","3","0","6","2","2","0","8","3","5","4","1","1","0","2","2","1","1","0","0","0","0","0","0","1","0","3","63","34","10","3","7","1","0","1","7","24","4","14","1","3","1","2","1","3","29","3","3","1","1","1","1","0","0","4","3","1","0","1","0","0","0","1"
"s25","voters","467055","183","115","8","4","1","1","1","0","3","0","50","70","113","96","5","46","8","0","0","0","1","0","0","0","0","1","0","0","0","0","0","0","0","0","1","0","0","0","0","0","0","1","0","0","0","2","12","5","8","1","8","11","4","27","12","5","2","5","13","0","3","1","0","0","0","1","0","1","0","1","0","1","0","1","3","2","0","0","3","5","1","21","5","3","1","2","3","0","1","1","1","0","1","0","0","3","2","0","0","0","1","76","12","14","5","4","0","0","1","3","6","2","0","0","0","0","0","0","0","33","7","5","2","1","0","0","1","1","5","2","2","1","0","0","0","0","0"
"s25","voters","467061","629","403","49","13","4","3","8","0","1","0","148","241","388","344","38","137","25","1","0","0","0","0","0","0","0","0","0","0","0","0","0","0","0","0","0","0","0","0","0","0","0","6","2","0","1","0","24","23","15","11","23","40","5","58","72","34","25","28","45","0","4","5","4","1","4","4","0","2","8","6","4","5","2","1","18","18","7","6","8","9","2","20","21","10","7","11","10","2","6","2","3","1","2","0","0","2","6","3","2","0","0","199","78","55","11","16","7","3","8","26","33","6","7","0","1","1","0","0","1","92","15","19","12","3","2","2","1","2","21","4","3","0","1","0","0","0","0"
"s25","voters","468000","14","8","2","0","0","0","0","0","0","0","4","6","8","8","0","4","0","0","0","0","0","0","0","0","0","0","0","0","0","0","0","0","0","0","0","0","0","0","0","0","0","0","0","0","0","0","0","0","0","1","0","1","1","0","0","2","0","1","2","0","0","0","0","0","0","2","0","0","0","0","0","0","0","0","0","0","1","0","0","1","0","0","0","1","0","0","1","0","0","0","0","0","0","0","0","0","0","0","0","0","0","3","0","1","0","2","0","0","0","2","1","0","0","0","0","0","0","0","1","0","4","0","0","0","0","0","0","0","0","0","0","0","0","0","0","0","0"
"s25","voters","468011","2","2","0","0","0","0","0","0","0","0","0","1","1","2","0","0","0","0","0","0","0","0","0","0","0","0","0","0","0","0","0","0","0","0","0","0","0","0","0","0","0","0","0","0","0","0","0","0","0","0","1","0","0","0","1","0","0","0","0","0","0","0","0","0","0","0","0","0","0","0","0","0","0","0","0","0","0","0","0","0","0","0","0","0","0","0","0","0","0","0","0","0","0","0","0","0","0","0","0","0","0","1","1","0","0","0","0","0","0","0","0","0","0","0","0","0","0","0","0","0","0","0","0","0","0","0","0","0","0","0","0","0","0","0","0","0","0"
"s25","voters","468019","307","198","33","5","1","1","1","0","0","0","68","128","179","146","11","49","5","1","5","0","0","0","0","0","0","0","0","0","0","0","0","0","0","2","0","0","0","0","0","0","0","6","0","0","0","0","16","18","11","5","14","17","0","33","26","12","14","16","16","0","2","1","2","3","4","4","1","0","1","4","3","1","7","0","8","6","2","2","1","6","0","20","6","5","3","2","7","0","2","1","2","1","0","0","0","0","1","0","1","0","0","124","40","17","3","5","1","2","0","6","19","4","5","1","2","0","0","0","2","48","7","5","3","2","0","2","0","1","7","0","0","0","0","0","0","0","1"
"s25","voters","469002","11","1","5","0","0","0","0","0","0","0","5","4","7","1","1","3","0","0","0","0","0","0","0","0","0","0","0","0","0","0","0","0","0","0","0","0","0","0","0","0","0","0","0","0","0","0","0","0","0","1","0","0","0","0","0","0","0","0","0","0","0","0","0","0","0","1","0","0","0","0","0","1","3","0","0","0","0","0","0","2","0","1","1","0","1","0","0","0","0","0","0","0","0","0","0","0","0","0","0","0","0","1","0","0","0","0","0","0","0","0","4","0","1","0","0","0","0","0","0","4","0","0","1","0","0","0","0","0","0","0","0","0","0","0","0","0","0"
"s25","voters","469010","0","0","0","0","0","0","0","0","0","0","0","0","0","0","0","0","0","0","0","0","0","0","0","0","0","0","0","0","0","0","0","0","0","0","0","0","0","0","0","0","0","0","0","0","0","0","0","0","0","0","0","0","0","0","0","0","0","0","0","0","0","0","0","0","0","0","0","0","0","0","0","0","0","0","0","0","0","0","0","0","0","0","0","0","0","0","0","0","0","0","0","0","0","0","0","0","0","0","0","0","0","0","0","0","0","0","0","0","0","0","0","0","0","0","0","0","0","0","0","0","0","0","0","0","0","0","0","0","0","0","0","0","0","0","0","0","0"
"s25","voters","469011","26","3","16","2","0","0","0","0","0","0","5","16","10","1","0","1","0","0","2","0","0","0","0","0","0","0","0","0","0","0","0","0","0","0","0","0","0","0","0","0","0","0","0","0","0","0","0","0","0","1","0","1","0","0","0","0","0","0","1","0","0","1","0","1","3","4","0","0","0","0","2","2","3","0","0","0","0","0","2","1","0","0","0","0","1","0","1","0","0","0","0","0","1","1","0","0","0","0","0","0","0","2","0","0","0","0","1","0","0","0","10","1","1","0","1","1","0","0","2","4","1","0","0","0","0","0","0","0","1","1","0","0","0","0","0","0","0"
"s25","voters","469020","6","4","1","0","0","0","0","0","0","0","1","3","3","4","0","1","0","0","0","0","0","0","0","0","0","0","0","0","0","0","0","0","0","0","0","0","0","0","0","0","0","0","0","0","0","0","0","0","0","0","1","0","0","2","0","0","0","1","0","0","0","0","0","0","0","1","0","0","0","0","0","0","0","0","1","0","0","0","0","0","0","0","0","0","0","0","0","0","0","0","0","0","0","0","0","0","0","0","0","0","0","2","1","1","0","0","0","0","0","0","1","0","0","0","0","0","0","0","0","1","0","0","0","0","0","0","0","0","0","0","0","0","0","0","0","0","0"
"s25","voters","471102","27","10","13","0","0","0","0","0","0","0","4","10","17","7","3","1","0","0","0","0","0","0","0","0","0","0","0","0","0","0","0","0","0","0","0","0","0","0","0","0","0","0","0","0","0","0","2","0","1","0","0","1","0","0","0","1","2","2","1","1","0","1","0","0","2","1","0","0","2","1","1","3","1","0","0","0","1","0","0","0","0","0","1","0","0","1","1","0","0","0","0","0","0","0","0","0","0","0","0","0","0","7","1","1","1","0","0","0","0","0","7","2","2","0","0","0","0","0","2","4","0","0","0","0","0","0","0","0","0","0","0","0","0","0","0","0","0"
"s25","voters","471103","712","297","271","40","1","8","4","0","2","0","89","304","408","123","52","33","16","5","9","2","0","0","0","0","0","0","0","0","0","0","1","0","0","5","4","2","0","1","0","0","0","9","3","2","0","1","9","17","16","22","19","22","3","27","30","38","39","31","23","1","9","10","30","33","18","23","1","8","16","26","39","24","33","0","4","7","13","13","10","3","2","4","3","9","10","9","2","0","5","4","4","6","1","4","0","5","3","8","10","2","3","160","63","36","8","14","0","4","0","12","139","47","35","14","6","1","7","3","19","50","16","7","8","1","3","1","0","3","28","13","5","4","2","1","0","0","2"
"s25","voters","471109","1201","560","425","69","1","11","8","0","0","2","125","528","673","144","56","27","13","37","23","10","1","0","0","0","0","2","0","0","0","3","2","0","0","3","1","2","0","0","1","0","0","5","2","1","0","0","5","10","11","11","36","148","1","15","14","17","21","50","221","0","5","6","9","8","25","154","0","1","3","6","12","24","172","0","3","6","4","1","7","37","0","8","7","4","4","7","37","0","2","3","4","0","2","31","0","3","3","1","1","5","36","343","104","43","11","25","4","12","5","13","222","106","31","22","15","12","6","3","8","72","23","15","4","5","1","4","0","1","65","16","1","2","4","1","1","0","1"
"s25","voters","471111","2395","1040","974","124","2","20","9","0","1","0","225","1022","1373","113","67","18","13","119","64","12","22","0","2","3","0","5","3","3","1","1","3","1","1","3","7","0","0","1","0","0","0","9","9","1","0","0","4","3","2","10","47","321","0","8","14","6","23","79","523","0","3","4","6","10","42","379","0","4","3","13","9","62","439","0","3","3","3","4","12","96","0","6","3","0","2","12","81","0","1","0","2","1","12","54","0","1","0","2","5","15","63","610","191","119","35","20","7","19","7","32","563","172","97","33","29","9","11","6","54","131","52","18","7","3","4","3","0","7","100","38","6","3","2","0","1","1","5"
"s25","voters","471120","285","167","67","6","2","2","1","0","3","0","37","127","158","120","28","24","9","0","0","0","0","0","0","0","0","0","0","0","0","0","0","0","1","0","0","0","0","0","0","0","0","2","2","0","0","0","8","13","12","17","11","10","2","17","12","8","30","14","13","0","4","0","5","11","9","6","0","0","3","5","10","9","5","0","4","4","1","3","3","2","0","4","5","3","5","1","2","0","1","0","1","1","1","0","0","4","1","1","1","3","0","91","24","20","3","7","1","2","2","17","45","9","5","0","1","1","0","0","6","19","5","4","4","3","1","0","0","1","8","4","2","0","0","0","0","0","0"
"s25","voters","471125","543","289","131","27","3","7","5","0","2","0","79","233","310","241","63","55","29","2","1","0","3","0","0","0","0","2","0","0","0","0","0","0","0","0","0","0","0","0","1","0","0","1","0","4","0","1","13","17","16","22","16","28","2","29","25","32","24","26","38","0","3","10","11","8","7","20","1","3","9","7","14","15","23","0","12","5","5","4","7","6","2","6","5","12","7","7","1","0","1","4","3","4","5","5","0","9","4","3","3","1","2","167","44","28","12","8","3","8","5","14","74","19","15","3","2","4","0","0","14","48","11","13","2","1","0","0","0","4","27","9","5","0","1","0","1","0","1"
"s25","voters","471128","1517","560","695","99","0","5","3","0","0","0","155","646","871","113","46","25","11","36","30","11","8","2","0","3","0","2","2","1","0","0","2","0","1","0","2","0","0","1","0","0","0","6","0","1","2","3","8","9","10","14","33","130","1","8","23","19","30","60","212","1","4","9","15","14","42","216","0","9","9","11","30","65","270","1","5","4","7","11","18","47","0","4","6","4","9","5","34","0","1","2","2","4","8","28","0","3","5","3","3","12","36","350","89","59","17","8","2","3","3","29","396","113","68","28","25","8","11","1","45","99","19","13","5","5","0","5","1","8","73","23","10","0","1","0","0","0","0"
"s25","voters","472104","1758","793","608","87","3","14","19","0","5","0","229","823","935","426","192","114","42","12","16","2","4","1","2","0","0","2","0","0","2","1","3","2","0","9","0","3","0","2","3","0","1","12","7","5","2","3","32","35","48","67","60","77","6","41","56","88","114","70","96","2","28","18","67","86","62","58","1","9","26","72","61","48","70","6","17","7","22","26","18","12","4","28","13","30","22","15","9","1","8","3","10","26","13","11","0","11","7","7","19","5","7","454","130","106","27","23","8","13","5","27","330","118","79","22","23","3","6","4","23","149","21","25","15","6","3","7","0","3","87","22","12","2","1","1","1","1","1"
"s25","voters","472107","359","187","99","11","2","3","3","0","1","0","53","156","203","126","43","30","5","2","2","0","0","0","0","0","0","0","2","0","0","0","0","0","0","3","0","0","1","0","0","0","0","5","3","1","2","2","3","13","7","7","18","20","2","11","15","14","19","21","35","0","2","6","7","12","10","12","0","3","3","13","10","11","10","1","2","5","3","6","8","4","0","2","5","5","5","1","6","0","1","0","2","0","2","3","1","2","2","1","1","2","3","104","32","23","2","3","2","0","6","15","49","14","19","5","4","2","0","1","5","33","7","4","2","1","1","1","0","4","12","3","4","0","0","0","0","0","1"
"s25","voters","472114","730","483","124","28","1","4","2","0","4","0","84","281","449","391","82","67","25","1","1","1","2","0","0","0","0","0","0","0","0","1","0","0","0","0","0","0","0","0","0","0","0","4","0","0","0","3","19","32","15","16","34","62","3","46","41","51","30","47","84","0","6","3","8","13","10","17","0","3","6","9","7","15","27","2","8","5","6","6","2","3","1","10","10","9","5","7","10","0","2","1","2","3","0","3","1","8","6","2","1","4","6","226","77","73","22","16","5","5","14","45","61","19","21","5","5","1","0","1","11","52","7","12","7","4","0","1","0","1","23","6","8","0","2","0","0","0","0"
"s25","voters","472127","285","201","35","5","0","2","4","0","0","0","38","103","182","144","22","25","8","2","1","0","0","0","0","0","0","0","0","0","0","0","0","0","0","0","0","0","0","0","0","0","0","3","0","1","0","0","10","10","4","13","6","28","2","13","17","14","9","21","54","0","0","4","2","0","2","5","0","1","2","5","2","1","11","0","1","4","6","2","3","3","0","5","1","6","3","2","2","0","0","0","0","0","0","0","0","2","3","3","1","0","2","111","28","28","8","4","3","1","1","17","22","5","5","0","1","0","0","0","2","26","5","4","3","0","0","0","0","0","9","0","2","0","0","0","0","0","0"
"s25","voters","473106","1149","589","367","54","2","4","7","0","1","0","125","540","609","124","52","19","13","30","27","3","4","1","0","0","0","6","0","2","1","3","0","2","0","1","0","0","0","0","0","0","0","12","4","3","0","2","9","8","11","24","40","155","3","16","21","19","29","55","197","1","2","8","8","18","41","103","0","6","5","9","24","43","99","0","2","6","5","8","15","37","2","3","4","2","7","10","24","0","0","2","2","5","6","22","0","0","2","0","3","12","14","382","107","64","20","4","1","2","1","8","238","61","42","9","4","3","4","0","6","80","24","10","8","3","0","0","0","0","48","10","8","0","1","0","0","0","1"
"s25","voters","473108","910","469","267","28","6","4","3","0","4","0","129","408","502","296","113","72","20","7","8","2","2","0","1","0","0","1","0","0","0","0","7","1","0","2","0","0","0","0","0","0","0","6","3","5","1","2","15","17","29","39","32","53","1","34","44","56","41","48","58","0","8","9","34","27","22","34","0","8","10","29","19","38","29","1","8","13","17","17","9","6","0","12","5","17","13","8","3","0","3","4","1","3","3","2","1","4","2","12","3","6","1","260","73","80","13","14","4","5","4","16","157","49","37","9","3","2","3","3","4","72","17","22","10","3","0","1","3","1","29","10","0","3","2","0","0","0","1"
"s25","voters","473110","546","256","181","21","4","4","5","0","0","0","75","236","310","140","58","36","17","7","7","4","1","0","0","0","0","0","0","0","0","0","3","0","0","0","0","0","0","0","14","1","0","2","4","0","0","0","7","13","11","17","17","33","1","16","27","20","19","21","54","0","7","6","8","14","17","33","0","4","8","14","16","19","35","0","3","7","4","7","6","8","1","7","6","7","3","8","8","0","2","3","2","6","1","4","0","1","3","5","3","1","3","149","56","21","4","9","3","3","3","8","114","33","21","4","3","2","1","0","3","47","15","3","5","2","0","1","0","2","18","10","1","3","0","0","0","2","0"
"s25","voters","473126","1121","699","172","34","6","6","7","0","6","0","191","471","650","575","110","151","44","0","3","0","1","0","0","0","0","0","0","0","0","0","0","1","0","1","0","0","0","0","0","0","0","12","1","2","2","6","40","37","26","38","45","79","10","63","73","57","67","63","95","1","10","12","12","16","12","22","1","3","6","16","20","21","20","2","21","10","21","11","11","13","2","17","25","14","12","17","15","1","4","5","7","2","3","4","0","8","6","4","5","3","7","343","129","97","29","26","6","8","20","41","100","29","19","7","5","4","1","0","7","102","23","27","14","11","2","3","0","9","36","10","10","0","3","0","0","0","0"
"s25","voters","474101","723","449","140","22","3","8","4","0","7","0","90","312","411","339","67","66","33","2","6","0","0","0","0","0","0","0","0","3","0","0","0","0","0","0","1","1","0","0","0","0","0","7","2","0","0","4","26","23","16","23","38","42","2","55","49","39","29","45","58","0","5","15","7","11","15","25","0","3","6","8","9","15","21","2","4","15","7","1","2","4","1","11","10","13","4","7","9","1","3","6","7","2","4","4","0","4","0","0","7","5","1","238","65","71","16","10","7","7","4","31","87","21","12","3","2","1","1","0","13","56","14","6","8","3","1","1","1","0","31","3","6","0","1","0","2","1","0"
"s25","voters","474106","858","489","210","23","2","4","1","0","1","0","128","359","499","354","82","81","10","1","8","3","3","0","0","0","0","1","1","0","0","1","1","0","0","0","1","1","0","0","0","0","0","8","2","2","0","0","17","25","27","26","39","56","4","33","38","43","42","59","80","0","11","12","17","11","29","26","1","7","9","15","15","23","34","2","6","8","3","7","9","11","0","20","10","17","11","12","12","0","3","3","2","2","5","2","1","0","4","3","2","2","2","240","93","61","19","17","4","6","7","42","114","28","34","4","2","2","1","3","22","80","11","18","6","3","1","3","2","4","20","7","4","0","0","0","0","0","0"
"s25","voters","474108","677","385","172","17","1","2","7","0","0","0","93","270","407","296","87","67","18","4","2","0","0","0","0","0","0","1","0","1","0","3","0","2","0","0","1","1","0","0","0","0","0","1","6","0","0","0","15","20","18","15","29","41","0","23","40","36","25","45","78","0","6","7","7","7","22","29","2","4","11","11","12","22","32","0","6","8","10","8","4","7","1","9","9","10","5","7","9","0","1","3","2","2","1","2","0","0","4","4","2","3","3","189","64","56","15","12","4","4","4","37","100","29","15","9","1","3","1","0","14","60","5","10","7","5","1","1","0","4","16","6","4","0","1","0","0","0","0"
"s25","voters","474117","519","287","128","17","0","1","1","0","3","0","82","203","316","193","57","56","13","3","2","0","1","0","0","1","0","0","0","0","0","0","1","1","0","0","0","0","0","1","0","0","0","5","0","1","0","2","11","15","13","9","23","39","4","17","29","20","18","37","50","0","0","1","10","11","9","18","0","3","7","12","9","16","32","0","8","5","4","2","5","5","0","16","10","2","3","10","12","0","0","3","1","2","2","5","0","0","3","0","1","2","3","176","32","31","10","10","4","1","7","16","79","23","12","1","6","1","0","0","6","47","14","11","3","2","0","0","0","5","19","0","0","0","1","1","1","0","0"
"s25","voters","475101","576","308","129","27","4","4","5","0","4","0","95","240","336","207","37","60","21","5","6","0","0","0","0","0","0","0","0","0","0","0","0","0","0","1","2","2","0","0","0","0","0","2","8","1","1","0","12","11","22","18","20","28","3","24","31","33","32","36","38","0","8","6","5","13","14","18","1","2","3","6","18","18","17","0","10","6","10","7","6","3","0","9","8","9","12","8","7","0","4","3","1","3","3","9","2","2","5","2","2","6","2","178","44","36","15","9","5","1","4","16","69","18","22","3","2","3","1","1","10","52","11","13","8","4","1","1","0","5","27","7","8","2","0","0","0","0","0"
"s25","voters","475107","949","525","234","37","4","5","6","0","3","0","135","401","548","390","97","80","30","7","3","4","1","1","0","0","0","1","2","3","0","0","0","0","0","0","0","0","0","0","0","0","0","5","3","0","1","0","19","16","27","29","39","67","4","35","44","36","49","65","95","0","2","12","13","11","23","51","2","3","14","10","11","30","52","1","7","8","9","15","12","10","1","10","13","13","13","14","9","0","2","4","3","11","3","7","1","5","3","2","2","6","6","279","86","62","12","19","8","3","9","47","127","29","29","11","4","2","4","1","27","77","18","14","8","7","4","0","1","6","32","7","7","5","2","0","0","0","2"
"s25","voters","475112","862","333","333","53","1","6","8","0","3","1","124","400","462","150","67","44","23","10","17","6","5","0","0","0","0","0","0","0","0","1","1","2","0","1","0","0","0","1","0","2","1","11","2","1","1","2","8","6","9","19","30","54","0","19","25","19","43","39","60","0","10","8","12","24","42","74","0","3","7","9","20","47","77","1","2","9","7","13","10","20","0","3","5","9","10","12","23","2","4","5","8","3","9","9","0","4","3","4","9","3","9","218","47","33","5","6","1","3","2","18","194","40","40","9","10","2","7","3","28","80","15","8","6","4","0","1","0","10","44","14","8","2","0","1","0","0","3"
"s25","voters","475116","1111","481","425","57","0","13","9","0","0","0","126","506","605","135","53","32","14","20","23","3","3","0","0","0","0","0","3","1","0","8","2","0","0","0","1","0","0","0","0","1","1","1","4","1","0","0","8","17","16","18","33","121","1","15","18","17","31","46","140","0","3","13","25","11","29","109","0","2","8","13","32","41","139","0","3","6","10","6","11","30","1","5","9","4","13","7","21","1","4","1","2","9","4","16","0","3","1","5","10","5","18","286","89","53","16","7","3","2","1","24","239","80","56","11","8","2","2","2","25","88","13","11","5","2","3","1","0","3","53","9","6","3","3","1","0","0","4"
"s25","voters","475120","1584","762","510","86","5","8","5","0","2","0","206","695","889","179","75","45","17","49","31","10","4","0","0","1","0","6","0","0","0","0","0","1","0","1","1","0","1","0","0","0","0","3","3","3","0","1","1","13","23","18","60","196","0","15","22","20","33","94","266","1","1","9","13","12","44","160","0","3","10","10","14","56","177","0","4","3","6","5","26","58","0","5","8","11","11","18","51","1","1","2","2","2","8","25","1","1","6","0","4","15","38","518","123","77","22","14","1","0","0","7","316","107","44","17","14","2","0","0","10","163","26","10","5","0","0","1","1","0","77","18","6","2","1","0","0","0","2"
"s25","voters","479080","5","0","4","1","0","0","0","0","0","0","0","2","3","0","1","0","0","0","0","0","1","0","0","0","0","0","0","0","0","0","0","0","0","0","0","0","0","0","0","0","0","0","0","0","0","0","0","0","0","0","0","0","0","0","0","0","0","0","0","0","0","0","1","0","0","1","0","0","0","1","0","1","0","0","0","0","0","0","0","0","0","0","0","0","0","0","0","0","0","0","0","0","0","0","0","0","0","0","0","1","0","0","0","0","0","0","0","0","0","0","3","0","0","1","0","0","0","0","0","0","0","0","0","0","0","0","0","0","1","0","0","0","0","0","0","0","0"
"s25","voters","480002","774","534","84","15","6","4","1","0","1","0","129","319","455","464","67","110","21","0","1","0","0","0","0","0","0","1","0","0","0","0","0","0","0","1","0","1","0","0","0","0","0","8","1","1","0","4","27","29","21","28","36","53","3","61","73","56","44","40","59","0","4","12","12","6","8","9","0","1","7","7","5","5","8","1","11","15","8","7","6","11","2","19","14","13","6","9","7","0","1","3","3","2","0","2","0","6","4","1","1","2","2","260","91","64","18","32","12","6","8","43","41","15","12","4","2","3","2","0","5","92","8","11","9","3","0","3","0","3","13","8","5","0","0","0","0","0","1"
"s25","voters","480007","863","584","110","19","7","4","3","0","7","0","129","380","483","491","91","108","26","0","0","2","0","0","0","0","0","0","0","0","0","1","0","0","0","1","0","0","0","0","2","1","0","11","1","0","4","3","46","31","44","42","47","28","2","67","53","76","63","43","39","0","7","10","11","17","7","9","1","4","6","10","13","10","5","4","11","10","14","9","9","3","2","18","15","6","17","8","3","0","6","1","4","2","4","1","0","5","6","4","4","1","2","294","108","81","25","21","9","7","14","25","65","20","12","2","3","1","1","0","6","87","16","7","6","4","3","2","0","4","23","7","6","2","1","0","0","0","1"
"s25","voters","480024","591","434","70","6","3","2","4","0","1","0","71","232","359","373","56","60","14","2","0","1","0","0","0","0","0","0","0","0","0","0","0","0","0","0","0","0","0","0","0","0","0","4","0","0","0","0","29","28","11","21","21","51","8","41","56","26","23","28","91","0","4","4","7","10","3","5","0","1","3","7","5","12","9","2","8","7","4","2","1","7","0","13","7","2","7","5","6","0","1","3","0","2","1","0","0","1","3","2","1","1","1","228","67","63","17","14","5","7","2","31","39","7","9","2","4","2","1","0","6","45","9","7","6","2","0","2","0","0","11","2","1","1","0","0","0","0","1"
"s25","voters","480028","1130","802","125","13","6","2","4","0","3","0","175","463","667","669","100","145","25","1","0","1","0","0","0","0","0","0","0","0","0","2","0","0","0","2","0","0","0","2","0","2","0","8","2","4","1","6","40","60","47","46","49","59","10","77","129","81","65","65","68","0","8","16","16","11","14","7","1","5","18","6","5","9","9","3","13","19","9","9","9","10","3","24","27","15","18","9","7","0","0","3","2","5","2","0","0","3","4","2","4","2","1","444","124","102","28","26","8","7","14","49","78","17","14","4","2","3","2","0","5","112","18","17","11","10","1","4","0","2","17","7","4","0","0","0","0","0","0"
"s25","voters","480032","557","393","55","6","2","3","3","0","5","0","90","201","356","329","41","73","16","0","1","2","0","0","0","0","0","1","0","0","0","1","0","0","0","0","0","0","0","0","0","0","0","4","2","0","0","2","9","31","22","16","24","27","2","50","58","34","30","42","46","1","1","6","5","3","4","2","1","3","7","5","9","2","6","2","9","9","5","4","6","4","0","13","10","8","9","4","7","1","3","4","0","1","0","0","0","7","2","0","0","1","0","185","67","62","11","19","12","7","8","22","38","5","3","1","1","1","1","3","2","51","11","7","7","8","4","1","0","1","11","5","0","2","1","0","0","0","0"
"s25","voters","480033","1264","866","156","19","7","5","6","0","8","0","197","503","761","726","129","161","39","1","4","0","0","0","0","0","0","0","0","0","0","1","0","0","0","0","0","0","0","0","0","0","0","22","0","1","1","2","48","68","47","31","50","69","11","99","123","82","73","59","104","3","11","9","19","11","10","14","0","7","17","16","10","14","15","3","26","29","17","8","3","5","3","25","19","26","13","12","8","0","6","3","4","5","1","1","1","7","9","2","2","3","1","464","152","106","18","49","13","3","15","46","109","21","12","2","2","3","0","0","7","125","23","20","9","11","5","3","0","1","26","12","3","1","2","0","1","0","0"
"s25","voters","487001","36","12","18","1","0","0","1","0","0","0","4","16","20","1","4","1","0","0","0","0","0","0","0","0","0","0","0","0","0","0","0","0","0","0","0","0","0","0","0","0","0","0","0","0","0","0","0","0","0","0","0","5","0","0","0","0","0","3","4","0","0","0","0","1","4","2","0","0","1","0","2","2","6","0","0","1","0","0","1","0","0","0","0","0","0","1","1","0","0","0","1","1","0","0","0","0","0","0","0","0","0","7","2","2","0","0","0","0","0","1","11","4","2","0","0","0","0","0","1","4","0","0","0","0","0","0","0","0","2","0","0","0","0","0","0","0","0"
"s25","voters","487006","107","26","63","6","0","0","0","0","0","0","12","47","60","1","6","0","0","0","3","0","0","0","0","0","0","0","0","0","0","1","0","0","0","0","0","0","0","0","0","0","0","0","0","0","0","0","0","0","3","2","2","7","0","1","0","3","0","0","8","0","3","0","2","4","9","9","0","2","1","5","3","7","18","0","0","0","1","0","1","2","0","1","0","2","1","1","3","0","0","0","0","0","1","1","0","0","0","0","1","2","1","20","3","2","0","1","0","0","0","0","34","13","10","1","0","0","1","1","3","8","1","0","0","3","0","0","0","0","3","2","0","0","1","0","0","0","0"
"s25","voters","488070","547","258","200","31","0","2","4","0","1","0","51","264","283","21","17","5","4","10","7","0","4","4","0","1","1","0","3","0","0","0","0","2","0","0","0","1","0","0","0","0","0","0","2","0","0","0","0","0","1","6","34","84","0","1","0","1","2","24","105","0","0","0","0","1","12","81","0","0","0","0","1","24","81","0","0","0","1","0","6","21","0","0","0","0","1","5","17","0","0","0","0","2","8","7","0","0","0","0","0","7","14","169","43","29","2","3","1","0","0","11","117","33","19","11","5","1","5","0","9","38","7","3","3","0","0","0","0","0","27","4","6","0","1","0","0","0","0"
"s25","voters","488078","707","385","188","44","3","4","4","0","2","0","77","301","406","79","26","18","4","22","7","3","5","0","1","1","0","0","0","0","0","2","0","0","0","1","0","0","0","0","0","0","0","3","1","0","0","0","3","9","6","7","33","101","2","10","8","11","14","39","142","0","3","3","8","7","17","50","1","2","2","4","7","16","68","1","3","1","4","2","5","15","0","2","7","4","3","9","21","0","0","0","2","0","5","16","0","0","1","0","2","8","23","242","70","33","15","12","0","4","0","9","121","30","13","10","4","0","2","1","7","43","17","5","2","4","1","4","1","0","42","9","2","3","0","0","0","1","0"
"s25","voters","489003","10","7","0","0","0","0","0","0","0","0","3","1","9","2","0","1","0","1","0","0","0","0","0","0","0","0","0","0","0","0","0","0","0","0","0","0","0","0","0","0","0","0","0","1","0","0","0","0","0","0","0","0","0","0","0","1","2","2","2","0","0","0","0","0","0","0","0","0","0","0","0","0","0","0","1","0","0","0","0","0","0","0","0","1","1","0","0","0","0","0","0","0","0","0","0","0","0","0","0","0","0","5","1","0","0","0","0","0","0","1","0","0","0","0","0","0","0","0","0","1","0","2","0","0","0","0","0","0","0","0","0","0","0","0","0","0","0"
"s25","voters","489004","613","245","228","35","2","6","9","0","2","0","86","281","332","75","33","20","7","10","0","1","0","0","0","2","0","0","0","1","0","0","1","0","0","2","0","0","0","0","0","0","0","1","0","1","0","0","3","4","18","10","23","42","1","11","8","14","15","27","69","0","5","9","12","7","20","54","0","2","5","11","17","21","65","1","5","5","3","2","10","16","0","5","5","4","4","9","17","1","3","2","1","0","8","17","0","2","0","4","3","2","11","138","48","31","6","1","3","3","3","12","140","32","12","7","5","4","2","1","25","59","10","7","4","4","0","0","0","2","28","11","10","0","0","1","1","3","0"
"s25","voters","490009","1304","440","602","47","8","5","10","0","4","0","188","615","689","232","151","83","22","2","12","1","0","0","0","0","0","0","1","0","0","0","0","1","0","5","2","1","0","0","1","0","0","9","3","0","1","0","18","14","13","23","41","85","0","15","30","26","23","55","97","3","11","32","36","57","71","83","0","14","24","39","55","93","84","2","8","14","9","19","16","20","1","10","14","22","17","21","15","0","5","6","10","3","7","9","0","5","3","5","6","7","8","257","64","45","14","10","2","0","3","45","343","83","78","13","16","5","6","5","53","104","19","24","13","4","4","0","1","19","44","18","7","1","1","1","0","1","1"
"s25","voters","490010","922","348","383","41","7","7","9","0","3","0","124","410","512","165","50","43","19","1","1","1","1","0","0","0","0","0","1","0","0","1","5","1","0","2","7","1","0","0","0","0","0","6","2","2","0","3","13","13","8","19","33","48","1","15","18","15","27","53","82","0","9","19","19","37","48","51","1","8","14","24","41","53","59","1","6","9","9","9","9","12","2","9","8","15","7","14","14","0","3","4","4","6","5","13","0","4","2","5","4","8","9","185","53","45","14","8","4","1","3","35","212","57","48","12","12","0","5","6","31","73","19","9","13","3","0","1","0","6","45","11","3","3","0","3","1","1","0"
"s25","voters","497004","162","73","49","7","0","3","2","0","2","0","26","84","78","16","3","3","3","5","1","3","0","0","0","0","0","0","0","0","0","1","0","0","0","0","0","0","0","0","2","0","0","0","0","0","0","0","1","2","2","7","5","19","0","4","2","3","5","6","17","0","1","0","2","4","8","14","0","0","0","2","2","3","13","0","0","2","3","1","3","3","0","1","0","4","1","1","7","0","0","1","0","2","2","2","0","0","1","0","0","3","3","44","13","8","3","0","0","1","0","4","27","4","6","3","3","1","2","0","3","12","2","4","4","2","0","0","1","1","9","1","2","0","0","0","1","1","0"
"s25","voters","497009","16","6","5","0","0","0","0","0","0","0","5","12","4","0","0","0","0","1","0","0","0","0","0","0","0","0","0","0","0","0","0","0","0","0","0","0","0","0","0","0","0","0","0","0","0","0","0","0","0","1","1","2","0","0","0","0","0","1","1","0","0","0","0","0","2","1","0","0","0","0","0","1","1","0","0","0","0","0","2","3","0","0","0","0","0","0","0","0","0","0","0","0","0","0","0","0","0","0","0","0","0","4","1","1","0","0","0","0","0","0","5","0","0","0","0","0","0","0","0","3","0","0","1","0","0","1","0","0","0","0","0","0","0","0","0","0","0"
"s25","voters","497010","87","39","23","5","0","1","2","0","1","0","16","50","37","1","1","0","0","7","0","1","0","0","0","0","0","0","0","0","0","0","0","0","0","0","0","0","0","0","0","0","0","0","0","0","0","0","0","0","0","1","8","16","0","0","0","0","0","5","9","0","0","0","1","0","4","6","0","0","0","0","0","6","6","0","0","0","0","0","3","5","0","0","0","0","1","3","4","0","0","1","1","0","0","4","0","0","0","1","0","1","1","33","5","0","1","0","0","0","0","0","9","1","2","3","0","0","1","0","7","13","1","1","0","0","1","0","0","0","7","1","0","1","0","0","0","0","0"
"s25","voters","497020","26","7","4","6","0","0","0","0","0","0","9","11","15","0","1","1","0","0","1","0","0","0","0","0","0","0","0","0","0","0","0","0","0","0","0","0","0","0","0","0","0","0","0","0","0","0","0","0","0","0","1","2","0","0","0","0","1","0","3","0","0","0","1","0","0","2","0","0","0","0","0","0","1","0","0","0","1","1","1","1","0","0","0","3","1","0","1","0","0","0","0","0","0","1","0","0","0","0","1","1","3","3","2","2","0","0","0","0","0","0","3","0","0","1","0","0","0","0","0","5","0","2","0","1","0","0","0","1","5","0","1","0","0","0","0","0","0"
"s25","voters","498000","83","15","53","4","0","0","0","0","0","0","11","48","35","2","2","1","0","1","1","1","0","0","0","0","0","0","0","0","0","1","0","0","0","0","1","0","0","0","0","0","0","0","0","0","0","0","0","0","0","0","1","9","0","0","0","0","1","0","4","0","0","1","0","2","11","15","0","0","0","0","2","8","14","0","0","0","0","0","3","5","0","0","0","0","0","1","2","0","0","0","0","0","1","0","0","0","0","0","0","0","3","8","1","2","1","1","0","1","0","1","27","9","6","1","4","1","2","0","3","8","2","0","0","0","0","1","0","0","3","0","1","0","0","0","0","0","0"
"s25","voters","498012","130","79","21","8","0","1","0","0","0","0","21","88","42","5","2","2","1","3","1","1","0","0","0","0","0","1","0","0","0","1","0","0","0","0","0","0","0","0","0","0","0","0","0","0","0","0","0","1","0","5","18","37","0","0","0","1","0","3","14","0","0","0","0","0","0","11","0","0","0","0","0","1","9","0","0","1","0","2","3","4","0","0","0","2","2","1","6","0","0","0","0","0","4","2","0","0","0","0","0","0","3","52","12","10","2","1","0","0","1","1","9","3","2","0","0","0","0","0","7","13","2","2","0","1","0","0","0","3","6","1","0","0","2","0","0","0","0"
"s25","voters","498026","125","18","71","11","0","1","1","0","2","0","21","66","59","7","3","5","4","0","1","0","0","0","0","0","0","0","0","0","0","0","0","0","0","0","3","0","1","0","0","0","0","0","0","0","0","0","1","0","0","0","1","6","0","0","0","1","1","2","6","0","2","0","3","1","9","19","0","0","0","4","2","13","18","0","1","1","3","1","4","4","0","0","1","0","2","0","4","0","0","2","1","3","0","4","0","0","1","0","1","0","3","12","1","2","1","1","0","0","0","1","40","9","7","3","1","1","4","0","6","9","1","5","1","0","0","0","0","5","12","1","0","0","1","0","0","0","1"
"s25","voters","498041","40","7","29","0","0","0","0","0","0","0","4","21","19","5","4","2","0","0","0","0","0","0","0","0","0","0","0","0","0","0","0","0","0","0","0","0","0","0","0","0","0","0","0","0","0","0","0","0","0","0","0","3","0","0","0","0","1","0","3","0","2","1","1","5","2","5","0","1","1","1","4","3","3","0","0","0","0","1","1","0","0","0","0","0","1","1","0","0","0","0","0","0","0","0","0","0","0","0","0","0","0","2","2","1","1","0","0","0","0","1","13","7","4","2","1","0","1","0","1","0","0","1","0","0","0","0","0","3","0","0","0","0","0","0","0","0","0"
"s25","voters","498043","36","10","20","3","0","0","0","0","0","0","3","15","21","4","3","1","1","0","0","0","0","0","0","0","0","0","0","0","0","0","0","0","0","0","0","0","0","0","0","0","0","0","0","0","0","0","0","1","0","1","1","1","0","0","1","0","0","4","1","0","0","0","1","1","1","7","0","0","0","1","0","4","5","0","0","0","0","0","0","1","0","0","0","1","0","1","0","0","0","0","0","0","0","0","0","1","0","0","0","1","1","4","1","1","0","2","0","1","0","1","13","2","2","1","0","0","0","0","2","2","1","0","0","0","0","0","0","0","3","0","0","0","0","0","0","0","0"
"s25","voters","498052","108","43","31","10","1","2","2","0","0","0","19","45","63","23","6","10","5","0","0","0","0","0","0","0","0","0","0","1","0","0","0","0","0","0","0","0","0","0","0","0","0","0","0","0","0","0","1","1","0","1","2","10","0","5","2","2","5","4","10","0","0","1","0","4","6","7","0","0","1","1","4","1","6","0","0","1","0","4","0","1","0","2","3","2","2","0","4","0","0","0","0","2","2","2","0","2","1","0","1","0","5","23","8","7","2","3","0","0","0","0","16","4","6","1","1","0","0","0","3","7","4","3","1","0","1","1","0","2","6","5","2","1","0","0","0","1","0"
"s25","voters","498060","7","4","3","0","0","0","0","0","0","0","0","4","3","4","1","0","0","0","0","0","0","0","0","0","0","0","0","0","0","0","0","0","0","0","0","0","0","0","0","0","0","0","0","0","0","0","0","1","0","0","1","0","0","0","1","0","0","1","0","0","0","0","0","0","1","1","0","0","0","0","0","0","1","0","0","0","0","0","0","0","0","0","0","0","0","0","0","0","0","0","0","0","0","0","0","0","0","0","0","0","0","3","0","1","0","0","0","0","0","0","1","1","0","0","1","0","0","0","0","0","0","0","0","0","0","0","0","0","0","0","0","0","0","0","0","0","0"
"s25","voters","498070","45","18","17","3","2","0","0","0","0","0","5","23","22","7","4","1","2","0","1","0","0","0","0","0","0","0","0","0","0","0","0","0","0","0","0","0","0","0","0","0","0","0","0","0","0","0","0","0","1","0","3","5","0","0","2","1","1","2","3","0","1","0","2","0","4","1","0","0","0","1","1","1","6","0","0","0","1","0","2","1","0","0","1","0","0","0","0","0","0","0","0","0","0","2","0","0","0","0","1","1","1","12","3","1","1","0","0","0","0","1","14","0","2","1","0","0","0","0","0","5","0","0","0","0","0","0","0","0","5","0","0","0","0","0","0","0","0"
"s25","voters","498080","51","22","18","0","0","0","0","0","0","0","11","23","28","14","7","11","0","2","0","0","0","0","0","0","0","0","0","0","0","0","0","0","0","0","0","0","0","0","0","0","0","0","0","0","0","0","0","0","0","0","1","6","0","0","1","2","1","1","10","0","0","0","2","1","2","5","0","0","0","1","0","1","6","0","2","0","0","1","1","2","0","0","2","0","1","0","2","0","0","0","0","0","0","0","0","0","0","0","0","0","0","11","5","4","0","0","0","0","1","1","10","1","3","0","0","1","1","0","2","8","0","1","1","1","0","0","0","0","0","0","0","0","0","0","0","0","0"
"s25","voters","501008","1183","668","212","40","11","11","7","0","4","0","230","522","661","357","86","122","33","6","5","3","2","0","3","2","0","0","1","0","0","7","2","4","0","5","1","1","0","7","15","13","2","17","8","2","2","5","40","43","35","37","57","45","8","83","72","47","61","57","78","1","8","20","22","17","22","32","0","1","15","21","16","13","24","2","21","24","25","11","11","11","5","34","30","14","19","15","8","1","3","9","7","3","7","3","1","6","9","5","4","9","6","394","109","71","14","25","3","15","4","33","132","24","23","2","7","0","3","3","18","162","17","25","11","7","1","1","2","4","47","14","6","3","1","0","1","0","1"
"s25","voters","501010","886","520","151","33","8","7","5","0","1","0","161","331","555","190","60","76","17","6","3","4","1","0","0","0","0","0","0","0","0","3","0","0","0","4","1","2","1","0","0","0","0","6","3","1","0","0","22","33","29","21","33","35","6","29","65","65","52","61","69","0","3","7","16","8","15","22","1","5","17","10","7","16","24","3","12","22","4","8","9","10","3","22","15","20","10","17","6","0","1","6","4","2","3","3","0","6","5","9","5","7","3","348","69","53","15","9","3","7","1","15","99","20","12","6","3","1","3","0","7","122","12","16","3","3","2","2","1","0","40","7","5","0","1","1","0","0","0"
"s25","voters","501019","1461","819","308","42","2","16","13","0","11","0","250","612","849","477","142","138","44","14","5","3","0","4","1","0","0","1","0","0","0","2","1","1","0","1","1","3","0","2","4","5","0","9","5","2","0","2","38","50","31","31","64","95","5","66","91","62","80","89","115","1","16","18","21","18","30","48","1","6","27","19","19","33","51","3","21","30","15","13","17","18","3","39","19","18","26","16","12","0","1","7","3","9","6","6","3","7","16","4","5","5","12","435","119","107","22","42","6","24","7","57","163","49","35","14","6","2","6","1","32","164","30","23","12","9","3","0","1","8","50","16","10","0","3","2","0","0","3"
"s25","voters","501021","1141","662","203","36","5","15","4","0","4","0","212","446","695","388","96","127","28","4","2","2","0","0","0","0","0","1","2","1","0","2","1","1","0","0","0","0","0","0","1","0","0","18","1","2","0","5","27","39","24","32","42","55","8","57","82","64","59","61","107","0","6","5","10","13","21","43","2","8","9","14","13","21","38","2","23","22","9","11","9","15","2","24","33","19","13","18","12","1","3","8","3","5","5","8","0","7","5","5","4","7","3","359","124","80","15","26","3","20","1","34","107","29","25","2","5","0","6","4","25","130","25","29","7","8","2","0","1","10","37","15","6","4","0","0","0","0","2"
"s25","voters","501026","199","123","39","2","4","1","3","0","0","0","27","98","101","76","19","19","2","1","0","0","0","0","0","0","0","0","0","0","0","1","0","1","0","0","0","0","0","0","0","0","0","2","0","0","0","3","10","7","6","3","15","14","3","11","12","9","6","9","15","0","1","3","4","7","3","6","1","1","4","2","1","2","4","1","1","5","2","1","1","0","0","3","2","4","1","2","4","0","1","1","0","1","1","1","0","0","0","3","0","1","1","69","21","11","0","11","0","0","0","11","18","7","6","2","0","0","1","0","5","15","7","3","1","1","0","0","0","0","6","4","0","0","0","0","0","0","0"
"s25","voters","501028","1024","631","167","35","7","11","5","0","4","0","164","414","610","375","73","97","34","5","3","0","1","0","0","0","1","0","3","1","0","3","0","2","0","1","0","0","0","3","0","0","0","5","1","2","0","4","17","43","33","31","46","60","8","75","79","48","47","59","81","1","5","7","21","17","17","24","0","4","10","11","9","20","21","4","10","8","8","11","8","13","2","21","22","19","11","17","10","0","6","8","3","5","2","2","1","7","12","4","2","4","6","345","119","68","23","22","3","13","5","33","104","16","12","9","6","0","7","0","13","101","21","23","8","6","0","4","1","0","43","4","11","2","1","1","0","0","0"
"s25","voters","501030","1444","864","274","40","9","12","9","0","2","0","234","601","843","551","121","151","28","3","7","0","3","0","3","0","0","0","0","0","0","1","0","2","0","8","0","0","0","2","8","1","0","8","3","3","0","2","50","52","33","37","70","80","7","94","94","74","68","96","107","1","9","14","17","23","30","48","2","5","13","20","24","16","52","1","19","24","18","18","16","8","3","29","33","27","15","14","9","1","3","7","6","5","2","7","0","7","9","6","8","7","4","460","158","121","26","27","5","30","4","33","160","34","34","8","6","1","9","2","20","143","25","42","9","4","0","3","1","7","46","15","6","1","3","0","0","0","1"
"s25","voters","502005","1572","767","475","61","7","13","14","0","3","0","232","697","875","299","158","98","36","15","12","2","0","1","1","1","1","1","3","0","0","2","4","2","2","3","2","1","0","3","4","1","0","8","3","3","3","0","26","35","39","23","57","104","2","35","75","54","61","94","162","0","12","15","30","43","64","88","0","8","13","29","36","64","73","2","8","15","23","26","20","26","3","18","25","18","14","13","21","0","6","6","6","7","9","7","3","6","9","11","5","15","8","408","135","109","28","12","4","8","6","57","235","74","59","18","13","3","10","3","60","130","37","25","11","14","1","0","1","13","63","21","5","3","2","1","1","1","1"
"s25","voters","502006","2033","1140","491","68","7","17","13","0","5","0","292","863","1170","420","167","128","41","15","7","2","0","1","0","0","0","5","1","2","0","5","6","7","0","10","3","5","1","4","6","3","2","12","21","1","1","3","27","54","53","52","86","140","5","78","90","111","114","134","193","4","12","19","33","44","56","90","0","6","17","26","41","72","71","3","17","35","22","16","21","23","0","19","29","29","29","22","27","2","6","10","10","7","9","9","0","9","8","11","6","12","11","632","199","131","38","31","5","15","4","85","295","63","54","18","11","1","8","2","39","176","29","45","18","6","0","2","0","16","73","22","11","0","1","1","0","1","1"
"s25","voters","502014","1727","859","546","50","4","19","17","0","5","0","227","772","955","369","161","99","23","17","21","6","3","0","0","1","0","1","0","0","0","0","3","3","0","0","0","0","0","2","0","2","0","9","10","4","1","3","24","36","49","39","63","126","1","50","73","66","59","122","148","1","15","24","42","44","60","91","2","8","24","35","43","59","98","4","19","15","9","15","16","29","3","12","16","26","26","20","17","0","4","4","9","11","10","10","0","5","4","9","4","14","11","458","151","115","22","17","3","11","6","76","302","77","76","18","11","5","8","10","39","132","30","29","17","7","0","2","1","9","54","19","16","3","0","1","0","0","2"
"s25","voters","502017","1064","508","300","48","5","11","15","0","2","0","175","468","596","195","113","74","26","5","3","2","1","0","0","2","0","2","1","0","0","4","0","2","0","5","4","3","1","0","3","0","0","12","11","5","2","1","12","24","31","19","41","60","4","35","43","55","44","59","80","1","6","15","24","29","32","42","0","2","15","30","19","41","44","1","12","22","26","5","9","20","2","21","17","15","8","6","11","0","1","2","10","10","6","7","1","4","9","10","4","7","10","283","85","59","21","16","4","8","0","32","167","40","41","10","4","1","6","4","27","123","13","19","8","6","1","1","0","4","51","18","8","3","0","0","0","0","1"
"s25","voters","502022","1488","780","378","55","7","15","8","0","8","0","237","638","850","392","139","111","36","17","8","5","2","2","3","0","0","2","4","2","0","1","3","0","1","4","0","0","0","2","0","1","0","5","4","5","0","7","21","37","36","33","66","96","4","54","71","55","59","80","161","0","7","17","30","23","35","68","0","3","13","27","24","49","82","3","11","23","30","19","11","21","3","19","22","19","17","14","25","0","2","7","8","6","13","8","0","7","8","10","8","9","7","447","127","88","23","20","5","13","4","53","210","36","54","6","16","2","8","2","44","145","30","21","15","11","1","4","0","10","54","9","17","2","4","0","0","2","5"
"s25","voters","502029","1129","544","364","39","4","15","8","0","3","0","152","506","623","304","119","75","27","2","12","1","1","0","0","0","0","3","0","0","0","4","2","3","1","3","0","1","0","4","2","3","1","2","8","2","1","1","20","38","31","29","45","63","4","37","49","49","34","53","91","1","13","21","24","26","29","58","0","3","13","27","28","46","75","3","9","7","15","12","13","12","3","10","16","14","12","10","16","1","8","8","5","4","5","5","0","4","3","7","3","7","9","297","81","85","9","15","6","7","4","40","197","47","46","16","13","0","4","0","41","93","18","13","11","5","1","2","1","8","35","19","9","1","3","1","0","0","1"
"s25","voters","502033","1409","719","410","43","9","20","16","0","2","0","190","604","805","346","128","98","39","11","14","2","1","0","0","0","0","3","2","0","1","2","2","0","0","3","0","0","0","0","2","0","0","5","2","2","0","5","31","26","32","36","54","92","5","47","62","45","74","76","134","1","7","10","29","25","46","82","0","13","11","19","34","49","84","2","16","18","14","17","7","16","2","20","15","9","24","14","16","0","4","4","10","4","3","13","1","11","7","11","4","6","12","388","126","104","17","23","0","15","5","41","216","68","55","10","9","0","8","2","42","107","24","25","8","2","1","7","1","15","62","17","10","0","1","0","0","0","0"
"s25","voters","502039","1479","688","479","56","6","9","12","0","6","1","222","663","816","316","159","117","36","11","9","3","0","3","0","0","0","0","4","0","0","6","0","4","1","3","0","0","0","0","0","1","0","14","8","6","3","3","19","25","28","37","59","109","3","46","51","35","65","84","124","0","13","13","32","36","50","87","1","14","20","39","39","44","91","3","22","19","16","17","16","20","3","22","13","23","18","10","20","0","4","8","6","7","4","10","1","11","9","4","6","8","12","381","101","88","29","18","2","10","4","55","260","68","50","19","10","2","14","1","55","132","26","20","23","7","1","2","0","11","51","16","15","0","3","0","2","0","3"
"s25","voters","502040","990","376","419","37","2","13","8","0","5","0","130","467","523","152","80","62","18","2","18","2","1","1","1","1","0","0","1","0","0","1","2","0","0","2","0","3","0","3","1","1","0","7","6","1","0","0","11","16","15","21","18","81","1","14","23","23","20","33","100","1","6","15","25","25","43","90","1","6","14","18","20","61","94","1","9","12","11","11","10","13","1","13","13","9","12","9","6","0","2","4","9","6","3","9","2","8","4","5","6","1","6","190","73","50","13","4","0","3","2","41","198","55","54","16","18","3","7","3","65","84","14","13","5","3","1","1","1","8","39","11","9","1","2","1","0","0","2"
"s25","voters","502044","880","445","245","25","3","9","4","0","4","0","145","379","501","209","75","65","13","4","3","0","2","0","0","3","0","1","0","0","0","2","1","5","0","0","2","0","0","1","1","1","1","10","12","4","2","0","14","20","19","24","27","59","3","33","39","40","36","52","79","0","8","11","20","12","26","46","0","3","12","14","22","25","46","4","10","9","17","12","9","13","2","9","11","15","14","10","10","1","2","2","2","5","3","4","1","2","5","5","5","2","6","243","75","49","20","13","3","5","2","35","136","36","33","5","1","1","2","2","29","85","26","10","9","5","0","0","0","10","29","6","6","3","0","0","0","1","0"
"s25","voters","503000","1118","692","197","24","13","6","13","0","4","0","169","468","650","441","85","113","31","3","3","0","1","0","1","0","0","2","1","0","1","0","1","1","0","2","1","0","0","0","3","0","0","5","2","4","0","2","26","50","35","28","53","71","8","64","77","64","67","64","83","1","2","17","17","22","18","29","2","4","10","15","13","10","37","3","12","21","8","11","9","9","2","27","24","10","5","15","13","0","5","8","2","2","3","4","3","7","9","5","1","4","7","373","122","76","21","26","3","17","3","51","111","29","20","7","6","1","1","2","20","109","17","23","8","5","1","0","0","6","47","4","2","3","2","0","0","0","2"
"s25","voters","503016","1623","982","305","50","7","19","5","0","7","0","248","668","955","552","133","140","41","3","5","4","2","0","2","0","0","0","0","0","0","4","1","2","0","2","0","2","0","4","2","5","1","10","0","4","2","4","36","55","32","49","90","117","8","75","112","70","72","108","154","1","12","10","23","16","33","51","2","8","10","21","22","36","60","2","13","33","23","12","6","16","2","25","31","22","19","25","19","0","6","4","2","7","8","7","0","12","8","4","6","11","13","557","143","145","25","32","3","26","6","45","162","43","46","10","6","0","8","1","29","152","32","30","9","10","3","2","3","7","49","17","8","5","1","0","1","1","6"
"s25","voters","503022","1558","887","324","55","6","13","9","0","7","0","257","701","857","449","124","120","40","7","13","2","0","1","2","0","0","0","3","0","0","3","2","4","0","3","1","4","0","8","7","3","1","20","16","8","1","4","47","58","48","48","62","87","4","71","81","73","88","98","118","4","11","26","29","30","41","40","2","8","10","27","26","32","38","1","23","31","17","15","18","16","2","26","35","25","16","13","19","0","7","11","6","10","5","6","2","8","8","6","5","7","9","527","136","97","28","30","3","15","5","46","200","44","40","8","4","1","4","0","23","162","44","27","8","6","1","2","1","6","61","18","7","0","1","1","1","0","1"
"s25","voters","503024","1685","848","487","56","8","17","11","0","3","0","255","738","947","367","173","95","27","11","11","6","3","0","0","0","0","0","2","0","0","2","8","4","0","11","0","5","0","2","5","2","0","20","19","5","1","5","26","37","45","61","61","90","4","62","80","73","93","96","115","1","17","18","39","37","48","79","2","22","19","34","46","42","83","0","24","29","21","19","22","15","3","20","17","27","26","23","9","3","3","1","9","7","13","8","0","5","8","6","4","10","18","499","143","100","25","19","3","11","1","47","285","70","68","17","7","2","7","1","30","153","31","29","14","9","1","3","3","12","62","16","9","2","3","0","1","0","2"
"s25","voters","503027","1686","981","330","66","5","13","13","0","2","0","276","707","979","523","119","157","38","10","11","3","0","1","1","0","0","0","0","1","1","0","0","0","0","3","1","2","1","4","4","0","1","21","4","7","1","3","46","68","59","36","71","91","4","92","104","86","79","98","144","1","13","23","30","29","28","47","1","11","25","28","18","30","46","2","35","25","15","12","11","13","4","35","34","23","25","22","20","1","5","7","9","9","5","13","1","8","11","8","10","7","5","537","158","120","29","40","4","25","6","62","202","41","36","5","4","3","11","2","26","183","32","39","5","5","0","3","1","8","64","13","12","5","1","1","0","2","1"
"s25","voters","503033","1775","1010","389","52","9","8","9","0","8","1","289","718","1057","534","153","152","41","10","8","3","0","0","0","0","0","0","0","0","0","1","1","0","0","3","0","3","1","5","2","3","0","24","9","7","1","3","39","50","32","65","69","91","9","76","123","104","112","113","124","2","11","34","32","25","32","60","1","12","21","29","28","36","66","1","24","25","25","15","23","21","2","33","34","34","15","11","26","2","2","7","10","6","6","6","1","10","9","9","4","8","7","615","149","107","38","30","7","17","6","41","219","54","47","13","6","1","7","5","37","194","31","28","13","13","3","3","0","4","58","16","6","3","1","0","0","0","3"
"s25","voters","503038","1749","992","355","67","12","25","9","0","9","0","280","739","1010","483","124","149","48","14","3","3","1","0","0","1","0","0","0","0","0","5","4","1","0","6","5","4","1","1","1","4","1","23","11","13","6","4","38","50","42","60","68","109","7","79","102","71","103","110","149","1","20","22","24","32","36","55","1","13","16","21","31","38","45","1","16","25","22","18","20","23","4","30","36","29","16","20","20","2","4","11","6","7","10","13","0","15","14","17","8","5","10","527","162","149","32","32","12","21","4","53","202","54","41","13","7","2","7","1","28","165","28","42","17","12","2","5","1","8","84","16","12","4","0","3","1","0","2"
"s25","voters","504003","1338","822","227","46","7","12","6","0","1","0","217","545","793","393","94","127","29","6","8","2","3","0","0","3","0","0","0","0","0","3","1","0","1","7","2","2","0","1","2","1","1","13","10","2","1","6","27","47","51","42","64","67","5","77","89","79","66","87","115","0","8","20","18","15","26","26","1","5","16","14","21","25","32","6","15","14","18","18","16","10","4","23","33","15","17","14","14","0","4","7","5","5","4","6","1","7","8","4","11","5","5","465","150","85","21","16","3","22","9","51","130","34","30","6","7","1","4","2","13","131","28","26","12","11","1","2","2","4","47","14","6","1","1","0","1","1","1"
"s25","voters","504005","459","272","68","19","0","10","7","0","1","0","82","200","259","195","39","64","18","2","1","2","0","0","0","0","0","0","0","0","0","1","0","0","0","1","0","0","0","0","1","0","0","3","0","0","0","1","12","26","9","13","24","24","7","30","29","26","23","24","24","0","1","3","12","8","9","4","0","3","4","8","7","4","5","3","7","10","8","4","4","5","1","15","6","6","7","6","0","0","4","3","3","1","1","1","0","5","2","8","5","2","2","159","49","34","6","9","1","6","1","7","44","14","3","0","1","0","2","1","3","55","8","10","2","6","1","0","0","0","25","7","3","0","0","0","1","0","1"
"s25","voters","504009","1373","835","247","40","5","10","10","0","7","0","219","574","799","441","94","127","31","6","5","4","1","0","0","0","0","1","1","0","0","6","4","5","1","2","0","0","0","7","10","5","2","25","9","5","2","1","32","57","42","39","59","88","7","68","92","75","80","82","113","0","11","13","16","26","27","31","0","7","15","19","25","21","36","4","19","21","25","11","11","11","5","30","26","12","13","19","12","1","3","2","9","7","3","5","0","7","7","12","4","8","4","429","143","102","31","44","9","18","2","57","160","37","30","5","5","0","3","0","7","140","18","34","13","6","1","3","0","4","46","10","10","3","1","0","1","0","1"
"s25","voters","504012","1351","759","299","62","5","11","2","0","6","0","207","567","784","438","102","124","40","17","8","2","4","0","0","0","0","0","2","1","0","1","2","0","1","1","1","0","0","4","3","2","0","14","8","4","1","1","38","45","28","33","57","96","10","52","100","57","48","65","129","2","7","29","13","23","32","39","0","10","7","17","25","34","61","2","20","18","20","7","8","10","5","27","33","13","14","13","17","1","3","6","9","3","9","8","0","5","8","11","5","11","7","386","125","105","23","39","3","24","5","49","183","42","30","11","4","1","2","1","25","135","24","24","10","6","4","3","0","1","61","14","9","0","1","0","0","0","1"
"s25","voters","504013","1271","735","227","37","5","18","9","0","4","0","236","544","727","282","101","107","16","7","6","5","5","0","0","1","0","0","2","0","0","2","2","3","1","1","0","1","0","2","2","6","1","9","12","4","0","4","26","38","35","36","63","81","2","42","67","54","77","84","126","0","7","17","19","15","27","31","0","8","5","23","15","30","30","3","21","21","25","16","16","12","0","28","25","20","22","13","14","0","3","5","9","1","4","9","1","9","7","6","4","8","7","382","108","111","26","19","8","14","3","64","136","29","27","7","7","1","2","2","16","152","27","33","8","6","1","3","1","5","48","13","5","1","1","1","2","0","2"
"s25","voters","504017","1368","835","251","50","7","12","3","0","7","0","203","577","791","370","106","104","29","8","4","1","1","2","1","0","0","0","4","0","0","6","0","2","1","5","1","2","1","8","0","0","0","22","6","4","1","3","39","41","34","57","58","83","8","69","67","74","110","96","96","0","5","14","31","26","25","24","0","4","11","35","25","26","25","2","16","16","17","25","12","10","4","22","21","23","14","12","9","0","5","6","9","8","8","3","0","7","4","6","12","6","5","450","164","93","25","29","6","14","3","51","150","39","33","6","3","0","4","4","12","128","33","24","9","3","1","4","0","1","51","13","10","3","0","1","0","0","1"
"s25","voters","504019","1701","1022","334","56","7","15","8","0","7","0","252","707","994","375","122","117","35","5","5","2","0","1","1","0","1","1","0","0","0","4","7","3","0","8","3","7","0","4","11","2","1","21","9","6","2","2","45","57","33","69","96","90","9","82","93","88","109","120","129","1","10","18","35","26","31","44","0","12","12","25","38","38","44","4","13","21","22","19","22","12","5","33","21","22","25","20","13","0","5","3","7","10","9","3","3","13","10","8","9","6","7","562","168","143","33","24","7","23","10","52","192","45","50","8","9","3","3","5","19","163","24","30","14","9","2","4","2","4","57","21","10","0","2","0","1","0","2"
"s25","voters","504022","1040","613","191","27","6","11","11","0","1","0","180","426","614","211","98","68","15","7","0","3","1","1","0","1","0","1","0","0","0","5","5","4","0","2","0","5","0","7","0","1","1","5","6","10","0","1","24","31","38","42","48","51","4","46","59","60","57","78","74","1","4","9","24","19","17","16","1","5","11","21","20","25","18","1","15","15","15","13","10","9","5","18","13","16","21","19","10","0","2","3","5","5","6","2","1","3","8","8","4","5","4","346","104","80","15","18","3","11","7","29","124","27","24","2","5","0","3","1","5","119","16","27","9","3","0","1","2","3","38","7","4","1","1","1","1","0","3"
"s25","voters","504034","1792","964","501","74","6","17","7","0","4","0","219","782","1010","321","125","76","27","13","10","0","1","0","2","0","0","2","1","0","1","2","3","4","1","3","2","1","0","5","1","0","0","17","7","10","4","4","19","36","40","50","83","149","4","42","45","77","83","116","216","0","22","16","31","27","51","95","0","5","7","39","34","51","123","2","20","20","19","10","23","19","0","14","19","19","16","20","18","0","3","7","3","5","15","13","0","9","9","11","7","13","13","516","164","115","34","27","6","19","5","78","285","59","56","26","6","3","8","2","56","129","32","27","16","5","3","2","0","5","79","11","11","2","2","1","1","0","1"
"s25","voters","508005","6","1","3","1","0","0","0","0","0","0","1","2","4","1","0","0","0","0","0","0","0","0","0","0","0","0","0","0","0","0","0","0","0","0","0","0","0","0","0","0","0","0","0","0","0","0","0","0","0","0","0","0","0","0","0","0","1","0","0","0","0","0","0","0","0","1","0","0","0","0","1","1","0","0","0","0","0","0","0","1","0","0","0","0","0","0","0","0","0","0","0","0","0","0","0","0","0","0","0","1","0","0","0","1","0","0","0","0","0","0","2","1","0","0","0","0","0","0","0","1","0","0","0","0","0","0","0","0","0","1","0","0","0","0","0","0","0"
"s25","voters","508007","467","76","269","37","1","3","5","0","0","1","75","217","250","16","28","14","8","3","4","2","0","0","1","1","0","2","0","1","0","0","0","0","0","0","0","0","0","0","0","0","0","0","0","0","0","0","1","2","2","3","6","11","0","4","3","6","7","7","24","2","6","9","15","23","32","43","1","10","8","16","19","34","51","2","5","4","4","2","5","19","0","1","6","5","3","9","10","0","1","1","1","4","3","11","0","0","4","4","3","6","9","40","12","11","3","4","1","1","0","4","136","51","25","12","14","1","2","3","25","32","16","10","3","3","0","1","3","7","25","12","5","0","2","0","0","1","2"
"s25","voters","508010","67","12","47","1","0","0","0","0","0","0","7","31","36","1","6","0","0","0","0","0","0","0","0","0","0","0","0","0","0","0","0","0","0","0","0","0","0","0","0","0","0","0","0","0","0","0","0","0","0","0","2","3","0","0","0","0","0","2","5","1","0","1","1","6","5","8","1","2","2","3","6","3","8","0","0","2","0","0","2","0","0","0","1","1","0","1","0","0","0","0","0","0","0","0","0","0","0","1","0","0","0","8","4","0","0","0","0","0","0","0","26","9","4","1","0","0","2","0","5","4","1","2","0","0","0","0","0","0","0","1","0","0","0","0","0","0","0"
"s25","voters","508012","5","2","2","1","0","0","0","0","0","0","0","2","3","2","2","0","0","0","0","0","0","0","0","0","0","0","0","0","0","0","0","0","0","0","0","0","0","0","0","0","0","0","0","0","0","0","0","0","0","0","0","0","0","1","0","0","1","0","0","0","0","1","0","1","0","0","0","0","0","0","0","0","0","0","0","0","0","0","0","0","0","0","0","0","0","0","0","0","0","0","0","0","0","0","0","1","0","0","0","0","0","1","1","0","0","0","0","0","0","0","0","1","0","0","0","0","0","0","1","0","0","0","0","0","0","0","0","0","1","0","0","0","0","0","0","0","0"
"s25","voters","508013","9","2","5","1","0","0","0","0","0","0","1","4","5","2","2","1","1","0","0","0","0","0","0","0","0","0","0","0","0","0","0","0","0","0","0","0","0","0","0","0","0","0","0","0","0","0","0","0","0","0","0","1","0","0","0","0","0","0","1","0","0","0","0","1","0","0","0","1","0","0","2","0","1","1","0","0","0","0","0","0","0","0","0","0","0","0","0","0","0","0","0","1","0","0","0","0","0","0","0","0","0","2","0","0","0","0","0","0","0","0","3","0","0","1","1","0","0","0","0","1","0","0","0","0","0","0","0","0","1","0","0","0","0","0","0","0","0"
"s25","voters","508015","277","83","135","18","0","0","5","0","1","0","35","126","151","31","26","11","5","4","7","1","0","0","0","0","0","0","0","0","0","0","0","0","0","0","0","0","0","0","0","0","0","0","0","2","0","0","2","6","5","2","2","16","0","6","4","6","4","9","21","0","3","1","9","12","13","28","0","4","7","9","12","20","17","0","1","1","2","2","1","5","0","1","4","2","2","8","6","0","2","2","1","1","5","4","0","4","0","1","0","2","2","37","16","13","3","4","0","1","0","9","73","24","19","6","4","0","2","1","6","15","8","6","1","0","2","1","1","1","16","3","3","0","2","0","0","0","0"
"s25","voters","508016","607","120","366","31","1","4","12","0","2","0","71","281","326","50","43","16","10","1","12","1","1","0","0","0","0","0","0","0","0","3","1","0","0","2","0","0","0","0","0","0","0","3","1","0","0","0","4","6","2","9","8","21","0","5","9","4","9","9","34","0","12","7","28","26","36","63","1","9","11","29","35","37","72","0","4","3","7","5","7","10","1","2","1","4","8","6","13","0","1","2","3","6","2","9","0","3","2","4","6","3","9","66","19","13","5","4","1","0","0","12","203","55","55","4","11","2","3","2","31","31","16","11","3","4","0","1","0","5","30","9","4","3","0","0","0","2","2"
"s25","voters","508022","71","20","40","3","0","0","1","0","0","0","7","37","34","4","9","1","1","0","2","2","0","0","0","0","0","0","0","0","0","0","0","0","0","0","0","0","0","0","0","0","0","0","0","0","0","0","0","1","0","1","2","7","0","1","0","0","1","2","5","0","0","3","3","2","4","11","0","0","1","3","1","5","7","0","0","0","0","0","1","1","0","0","0","0","1","1","3","0","0","0","0","0","0","1","0","0","0","0","0","1","2","11","4","1","1","1","0","0","0","2","23","8","6","1","1","0","0","0","1","5","0","1","1","0","0","0","0","0","2","2","0","0","0","0","0","0","0"
"s25","voters","508030","1341","378","723","81","2","11","10","0","3","0","133","603","738","112","81","21","15","15","24","4","2","2","0","0","0","0","0","0","0","0","0","0","0","1","0","0","0","0","1","0","0","2","1","3","1","0","6","5","7","12","24","102","1","5","10","16","9","37","144","0","11","17","27","30","56","185","0","9","16","27","35","63","247","0","6","6","9","10","9","29","0","5","2","9","8","11","29","0","3","5","1","7","11","25","0","4","4","2","7","8","30","199","86","33","13","5","1","6","5","30","391","113","101","19","31","4","7","3","54","78","19","16","6","1","0","3","2","8","72","17","11","5","0","0","0","0","2"
"s25","voters","508035","227","51","136","13","0","2","3","0","1","0","21","107","120","8","19","6","5","6","3","0","1","0","0","0","0","0","0","0","0","0","0","0","0","0","0","0","0","0","0","0","0","2","2","1","0","0","0","1","1","2","3","14","0","4","3","2","1","8","12","0","5","6","9","8","10","30","0","3","8","10","10","11","26","0","0","1","2","1","4","4","0","3","1","0","2","2","1","0","1","1","0","2","1","1","0","2","1","2","3","2","3","30","7","6","0","3","1","1","0","3","62","25","15","1","3","5","1","1","23","14","0","2","1","0","0","1","0","3","15","2","1","0","0","1","0","0","0"
"s25","voters","508052","2","0","2","0","0","0","0","0","0","0","0","1","1","0","0","0","0","0","0","0","0","0","0","0","0","0","0","0","0","0","0","0","0","0","0","0","0","0","0","0","0","0","0","0","0","0","0","0","0","0","0","0","0","0","0","0","0","0","0","0","0","0","0","1","0","0","0","0","0","0","1","0","0","0","0","0","0","0","0","0","0","0","0","0","0","0","0","0","0","0","0","0","0","0","0","0","0","0","0","0","0","0","0","0","0","0","0","0","0","0","1","1","0","0","0","0","0","0","0","0","0","0","0","0","0","0","0","0","0","0","0","0","0","0","0","0","0"
"s25","voters","509001","5","2","3","0","0","0","0","0","0","0","0","3","2","0","0","0","0","0","0","0","0","0","0","0","0","0","0","0","0","0","0","0","0","0","0","0","0","0","0","0","0","0","0","0","0","0","0","0","2","0","0","0","0","0","0","0","0","0","0","0","0","0","0","0","0","1","0","0","0","0","1","0","1","0","0","0","0","0","0","0","0","0","0","0","0","0","0","0","0","0","0","0","0","0","0","0","0","0","0","0","0","1","1","0","0","0","0","0","0","0","1","1","0","0","0","0","0","0","1","0","0","0","0","0","0","0","0","0","0","0","0","0","0","0","0","0","0"
"s25","voters","509003","35","12","7","0","0","0","0","0","0","0","16","14","21","4","0","4","0","0","1","1","0","0","0","0","0","0","0","0","0","1","1","0","0","2","1","0","0","0","0","0","0","1","1","0","0","0","0","3","1","1","0","0","0","2","2","0","0","3","0","0","0","0","0","0","1","1","0","0","1","0","2","1","1","0","1","0","0","4","1","1","0","3","1","3","0","0","2","0","0","0","0","0","0","0","0","0","0","0","0","0","0","12","0","0","0","0","0","0","0","0","7","0","0","0","0","0","0","0","0","16","0","0","0","0","0","0","0","0","0","0","0","0","0","0","0","0","0"
"s25","voters","509008","27","5","14","0","0","0","0","0","0","0","8","12","15","1","4","3","0","0","0","0","0","0","0","0","0","0","0","0","0","0","0","0","0","0","0","0","0","0","0","0","0","0","0","0","0","0","0","0","1","0","0","2","0","0","0","0","0","1","1","0","0","0","1","1","0","4","0","0","0","0","0","3","5","0","1","0","0","0","0","2","0","1","0","0","2","1","1","0","0","0","0","0","0","0","0","0","0","0","0","0","0","3","1","0","0","1","0","0","0","0","6","3","3","0","1","0","0","0","1","4","2","1","0","0","0","0","1","0","0","0","0","0","0","0","0","0","0"
"s25","voters","509009","27","9","13","0","0","0","0","0","0","0","5","16","11","3","3","4","0","0","2","0","0","0","0","0","0","0","0","0","0","0","0","0","0","0","0","0","0","0","0","0","0","0","0","0","0","0","0","1","2","1","0","1","0","1","0","0","1","1","1","0","2","1","0","1","3","2","0","0","0","0","0","2","2","0","0","1","0","0","1","0","0","1","1","0","1","0","0","0","0","0","0","0","0","0","0","0","0","0","0","0","0","5","1","1","1","1","0","0","0","0","7","2","2","0","0","0","0","0","2","3","0","2","0","0","0","0","0","0","0","0","0","0","0","0","0","0","0"
"s25","voters","509011","66","18","32","5","0","0","0","0","0","0","11","30","36","5","7","7","2","2","0","0","0","0","0","0","0","0","0","0","0","0","0","0","0","0","0","0","0","0","0","0","0","0","0","0","0","0","0","1","0","0","1","6","0","2","1","0","1","1","5","0","0","0","5","0","2","7","0","0","3","4","2","4","5","0","0","2","0","0","0","2","0","3","0","0","0","1","3","0","0","0","1","0","1","2","0","0","0","0","0","1","0","11","2","2","1","1","0","0","0","1","16","7","4","0","0","0","1","0","4","7","0","3","0","0","0","0","0","1","2","0","1","0","0","0","0","1","1"
"s25","voters","509071","0","0","0","0","0","0","0","0","0","0","0","0","0","0","0","0","0","0","0","0","0","0","0","0","0","0","0","0","0","0","0","0","0","0","0","0","0","0","0","0","0","0","0","0","0","0","0","0","0","0","0","0","0","0","0","0","0","0","0","0","0","0","0","0","0","0","0","0","0","0","0","0","0","0","0","0","0","0","0","0","0","0","0","0","0","0","0","0","0","0","0","0","0","0","0","0","0","0","0","0","0","0","0","0","0","0","0","0","0","0","0","0","0","0","0","0","0","0","0","0","0","0","0","0","0","0","0","0","0","0","0","0","0","0","0","0","0"
"s25","voters","509079","19","4","12","1","0","1","0","0","0","0","1","10","9","1","1","0","0","0","0","0","1","0","0","0","0","0","0","0","0","0","0","0","0","0","0","0","0","0","0","0","0","0","0","0","0","0","0","0","0","0","0","2","0","0","0","0","2","0","0","0","2","0","1","2","0","1","0","1","0","1","1","2","1","0","0","0","0","0","1","0","0","0","0","0","0","0","0","0","0","0","0","0","0","1","0","0","0","0","1","0","0","2","0","2","0","0","0","0","0","0","8","2","1","0","1","0","0","0","0","1","0","0","0","0","0","0","0","0","1","1","0","0","0","0","0","0","0"
"s25","voters","517000","51","12","28","6","0","1","0","0","0","0","4","27","24","6","6","0","4","0","2","0","0","0","1","0","0","0","0","0","0","0","0","0","0","0","0","0","0","0","0","0","0","0","0","0","0","0","0","1","0","0","0","6","0","1","0","0","0","0","4","0","0","0","1","3","1","9","0","1","0","0","3","4","6","0","0","0","0","0","0","2","0","0","1","1","0","0","0","0","0","1","0","1","1","1","0","0","0","0","1","2","0","11","1","0","0","0","0","0","0","0","12","8","3","0","0","0","0","0","5","2","1","0","0","0","0","1","0","0","6","1","0","0","0","0","0","0","0"
"s25","voters","517001","158","33","95","9","0","1","1","0","0","0","19","78","80","7","13","7","2","0","1","0","0","0","0","0","0","0","0","0","0","0","0","0","0","0","0","0","0","0","0","0","0","0","0","0","0","0","2","0","2","0","3","7","0","0","1","2","3","5","8","0","0","3","5","8","8","21","1","0","6","4","6","12","21","0","0","2","2","1","4","2","1","1","1","3","2","0","0","0","1","1","0","0","3","3","0","0","0","0","2","0","1","17","9","4","0","0","0","0","0","3","47","18","8","7","4","0","1","3","7","10","3","2","3","0","0","0","0","1","7","2","1","0","1","0","0","0","0"
"s25","voters","518011","265","130","74","17","4","1","2","0","1","0","36","98","167","49","22","13","10","3","2","2","0","0","0","0","0","0","0","0","0","1","0","0","0","0","0","0","0","0","0","0","0","0","2","1","0","0","3","7","8","5","4","10","2","12","13","10","10","22","24","0","1","1","6","6","9","12","0","4","1","7","4","8","15","0","1","4","2","1","3","2","0","5","6","4","0","3","5","0","2","2","0","2","5","2","0","2","2","3","1","2","2","79","17","15","3","3","0","4","0","9","41","10","9","2","3","1","0","1","7","19","8","1","4","0","0","0","0","4","17","4","1","0","0","0","1","1","1"
"s25","voters","518053","358","160","102","21","1","1","2","0","3","0","68","150","208","78","25","32","8","3","1","0","0","0","0","1","0","0","0","0","0","5","0","0","0","0","0","0","0","0","0","0","0","5","1","2","0","0","1","8","6","9","8","16","1","9","25","13","13","22","29","0","1","5","10","13","14","16","0","1","6","7","12","8","9","0","3","8","3","3","2","8","0","6","8","7","6","7","7","0","3","3","5","0","1","4","0","1","2","2","2","1","4","95","22","21","0","4","1","2","2","13","71","11","13","1","2","0","1","1","2","42","7","11","6","0","0","1","0","1","15","3","5","1","1","1","0","0","2"
"s25","voters","519008","43","6","31","3","0","0","0","0","0","0","3","23","20","2","4","0","1","0","2","0","0","0","0","0","0","0","0","0","0","0","0","0","0","0","0","0","0","0","0","0","0","0","0","0","0","0","0","0","0","0","0","3","0","0","1","0","2","0","0","0","3","1","1","1","4","7","0","0","1","2","5","1","5","0","1","0","0","0","0","0","0","0","0","0","0","0","2","0","0","0","1","0","1","0","0","0","0","0","1","0","0","6","0","0","0","0","0","0","0","0","21","4","1","1","0","0","0","0","4","2","0","0","1","0","0","0","0","0","3","0","0","0","0","0","0","0","0"
"s25","voters","519019","0","0","0","0","0","0","0","0","0","0","0","0","0","0","0","0","0","0","0","0","0","0","0","0","0","0","0","0","0","0","0","0","0","0","0","0","0","0","0","0","0","0","0","0","0","0","0","0","0","0","0","0","0","0","0","0","0","0","0","0","0","0","0","0","0","0","0","0","0","0","0","0","0","0","0","0","0","0","0","0","0","0","0","0","0","0","0","0","0","0","0","0","0","0","0","0","0","0","0","0","0","0","0","0","0","0","0","0","0","0","0","0","0","0","0","0","0","0","0","0","0","0","0","0","0","0","0","0","0","0","0","0","0","0","0","0","0"
"s25","voters","519026","0","0","0","0","0","0","0","0","0","0","0","0","0","0","0","0","0","0","0","0","0","0","0","0","0","0","0","0","0","0","0","0","0","0","0","0","0","0","0","0","0","0","0","0","0","0","0","0","0","0","0","0","0","0","0","0","0","0","0","0","0","0","0","0","0","0","0","0","0","0","0","0","0","0","0","0","0","0","0","0","0","0","0","0","0","0","0","0","0","0","0","0","0","0","0","0","0","0","0","0","0","0","0","0","0","0","0","0","0","0","0","0","0","0","0","0","0","0","0","0","0","0","0","0","0","0","0","0","0","0","0","0","0","0","0","0","0"
"s25","voters","519032","487","193","186","16","3","3","2","0","2","0","82","214","273","133","54","44","15","4","1","1","1","0","0","0","0","1","1","1","0","0","0","0","0","0","0","0","0","0","0","0","0","1","1","2","1","1","11","8","4","6","15","24","2","17","20","17","18","14","36","1","8","7","14","7","27","34","2","6","7","10","9","21","33","1","4","5","5","4","7","9","2","7","9","10","4","7","8","0","1","3","3","0","2","3","0","3","3","1","1","2","4","105","32","23","6","6","1","0","3","17","85","36","27","7","4","1","3","3","20","47","12","7","5","4","0","0","1","6","18","3","1","1","1","0","0","0","2"
"s25","voters","519034","27","9","10","3","0","0","0","0","0","0","5","14","13","6","0","2","0","0","0","0","0","0","0","0","0","0","0","0","0","0","0","0","0","0","0","0","0","0","0","0","0","1","0","0","0","0","0","1","1","1","0","2","0","0","2","2","0","0","0","0","0","1","1","0","2","3","0","0","0","0","0","1","2","0","1","0","0","0","1","0","0","0","2","1","0","0","0","0","0","0","0","0","0","0","0","0","0","0","0","1","2","5","3","0","0","1","0","0","0","0","5","1","1","0","0","0","0","1","2","3","0","1","0","0","0","0","1","0","0","0","1","0","1","0","0","0","1"
"s25","voters","519040","263","122","76","9","0","1","5","0","3","0","47","122","141","77","25","27","6","3","0","1","0","0","0","0","0","0","1","1","0","0","0","0","0","0","0","0","0","1","0","0","0","2","1","0","1","1","6","13","9","6","7","16","0","5","15","11","7","14","12","0","0","5","4","4","11","10","0","1","6","6","7","7","15","1","2","6","4","3","2","3","1","1","7","6","4","2","5","0","0","1","3","1","2","2","0","2","1","2","0","2","2","95","16","6","0","1","0","0","0","4","48","7","4","3","5","0","4","0","5","42","2","2","0","0","0","0","0","1","17","0","1","0","0","0","0","0","0"
"s25","voters","519045","1037","366","442","43","6","13","11","0","5","0","151","467","570","231","135","79","20","10","16","3","2","2","2","0","0","0","0","1","0","0","0","0","0","1","0","2","0","0","0","0","0","2","0","1","1","2","12","14","22","22","31","44","3","43","21","32","29","40","51","3","15","23","33","45","38","59","2","12","20","32","42","42","76","2","14","7","13","11","10","14","0","12","8","14","19","13","14","0","3","8","5","6","3","8","0","8","9","8","7","1","12","190","62","60","9","7","2","1","2","33","257","64","50","14","12","1","6","3","35","85","20","23","7","6","2","0","0","8","46","18","7","2","1","1","1","1","1"
"s25","voters","519051","163","57","60","10","1","0","3","0","0","0","32","76","87","36","20","19","4","2","2","0","0","0","0","0","0","0","0","0","0","0","1","0","0","0","0","0","0","0","0","0","0","0","0","0","0","0","2","2","2","2","6","7","0","7","4","5","3","6","11","0","3","2","6","6","6","10","0","4","2","3","6","2","10","1","1","3","4","1","1","6","0","1","7","1","3","2","1","0","0","1","0","0","1","3","0","1","1","1","0","2","4","39","7","4","3","1","0","0","0","3","37","14","4","1","1","0","1","0","2","13","6","6","1","2","1","1","0","2","7","3","2","0","0","0","1","1","0"
"s25","voters","519056","32","7","19","1","1","0","1","0","0","0","3","13","19","4","0","2","3","0","0","0","0","0","0","0","0","0","0","0","0","0","0","0","0","0","0","0","0","0","0","0","0","0","2","0","0","0","0","0","0","3","0","0","0","1","0","0","1","1","1","0","0","0","0","2","3","3","0","0","0","0","2","3","6","0","0","0","0","0","0","0","0","2","0","1","0","0","0","0","0","0","0","1","0","1","0","1","0","0","0","0","0","5","0","2","0","0","0","0","0","0","9","4","2","1","1","0","1","0","1","2","0","1","0","0","0","0","0","0","2","1","0","0","0","0","0","0","0"
"s25","voters","519057","128","42","60","6","0","1","1","0","0","0","18","62","66","26","17","6","4","0","4","1","1","0","0","0","0","0","0","0","0","0","0","0","0","0","0","2","1","0","0","0","0","0","0","0","0","0","1","3","1","3","7","5","0","1","3","1","3","7","7","0","2","1","7","5","5","8","0","0","4","7","4","7","10","0","0","2","4","0","0","4","0","2","2","1","2","0","1","0","0","1","2","1","0","0","0","0","0","0","0","2","2","25","8","4","0","0","0","0","0","5","32","12","8","1","1","2","1","0","3","11","2","0","0","1","0","2","0","2","5","2","0","1","0","0","0","0","0"
"s25","voters","519060","448","112","248","22","0","4","5","0","1","0","56","214","234","58","50","24","9","3","8","1","1","1","0","0","0","0","0","0","0","0","0","0","0","0","0","0","0","0","0","0","0","2","0","0","1","1","6","6","6","11","4","10","1","11","9","8","8","12","19","2","12","5","14","17","32","50","0","4","6","15","18","33","40","2","6","2","2","2","5","6","2","5","8","4","3","6","3","0","1","1","3","2","3","3","0","3","1","2","2","6","5","59","15","10","5","5","1","2","0","15","142","23","41","4","9","2","3","2","22","37","7","7","2","0","0","0","0","3","20","8","2","1","0","0","0","1","0"
"s25","voters","519063","73","11","44","5","1","0","1","0","0","0","11","36","37","5","4","2","3","0","1","0","0","0","0","0","0","0","0","0","0","0","0","0","0","2","0","0","0","0","0","0","0","0","0","0","0","1","1","1","0","1","1","1","0","1","0","1","1","1","1","0","0","4","1","3","6","9","0","0","1","2","1","6","11","0","0","2","0","1","0","1","0","0","1","2","2","0","2","0","1","0","0","0","1","1","0","0","1","0","0","0","3","9","1","1","0","0","0","0","0","0","22","12","6","0","2","0","0","0","2","7","0","2","1","1","0","0","0","0","5","0","1","0","1","0","0","0","0"
"s25","voters","519068","30","7","19","0","0","0","0","0","0","0","4","17","13","1","0","1","0","0","1","0","0","0","0","0","0","0","0","0","0","0","0","0","0","1","0","1","0","0","0","0","0","0","0","0","0","0","0","1","0","2","1","0","0","0","1","0","1","0","1","0","1","0","0","0","5","4","0","0","0","0","2","2","5","0","1","1","0","0","1","0","0","1","0","0","0","0","0","0","0","0","0","0","0","0","0","0","0","0","0","0","0","3","3","0","0","1","0","0","0","0","13","2","3","0","0","0","0","0","1","3","0","0","0","1","0","0","0","0","0","0","0","0","0","0","0","0","0"
"s25","voters","519069","31","9","13","2","0","0","0","0","0","0","7","11","20","4","3","5","1","1","0","0","0","0","0","0","0","0","0","0","0","0","0","0","0","0","0","0","0","0","0","0","0","0","0","0","0","0","0","0","0","0","0","2","0","1","0","0","1","2","3","0","0","0","1","0","5","0","0","0","2","1","0","2","2","0","0","0","1","0","1","0","0","2","1","1","0","1","0","0","0","0","1","0","0","0","0","0","1","0","0","0","0","6","1","1","0","0","0","0","0","1","6","2","1","0","1","0","0","0","3","5","0","0","0","0","0","1","0","1","0","1","0","0","0","0","0","1","0"
"s25","voters","519071","295","77","160","18","1","2","2","0","1","0","34","136","159","27","25","15","4","4","4","0","0","0","0","0","0","0","1","0","0","0","0","0","0","0","0","0","0","0","2","1","0","0","0","0","0","0","1","0","4","3","3","16","1","4","4","6","5","7","23","1","1","6","12","8","13","43","2","4","3","9","6","13","39","0","1","0","4","3","0","6","0","1","4","5","1","4","5","0","1","1","2","1","1","5","1","0","0","1","0","3","8","49","13","7","0","2","0","0","0","6","99","20","19","4","3","0","0","2","13","18","4","5","2","5","0","0","0","0","16","3","4","0","0","0","0","0","1"
"s25","voters","519085","189","23","94","3","0","3","0","0","0","0","66","72","117","2","3","5","0","0","6","3","0","0","0","0","0","1","0","1","0","0","2","0","0","0","0","0","0","0","0","0","0","0","0","0","0","0","0","1","1","1","1","5","0","0","1","1","1","3","8","0","0","0","3","7","9","24","0","0","1","4","13","12","21","0","0","0","1","3","4","10","0","0","1","4","9","8","26","0","0","0","0","0","0","2","0","0","0","0","0","0","4","9","2","3","4","2","1","0","0","2","51","10","17","3","0","1","0","0","12","16","12","6","3","1","3","2","2","21","2","0","2","1","0","0","0","0","1"
"s25","voters","519086","245","109","91","20","0","1","1","0","3","0","20","97","148","29","23","4","2","6","4","0","3","2","0","0","0","0","0","0","0","0","0","0","0","0","0","0","0","0","0","0","0","0","3","0","1","0","1","0","2","1","5","29","0","1","3","0","6","17","44","0","1","0","1","1","9","24","0","0","0","0","3","12","40","0","0","1","2","2","2","2","0","0","1","0","0","2","8","1","0","1","1","1","5","5","0","0","1","0","1","3","6","69","16","15","3","2","0","2","0","2","54","14","10","4","3","0","2","1","3","10","6","3","0","0","0","1","0","0","19","5","0","1","0","0","0","0","0"
"s25","voters","527000","14","1","9","3","0","0","0","0","0","0","1","8","6","0","0","0","1","0","0","0","0","0","0","0","0","0","0","0","0","0","0","0","0","0","0","0","0","0","0","0","0","0","0","0","0","0","0","0","0","0","0","1","0","0","0","0","0","0","0","0","0","0","0","0","1","3","0","0","0","0","0","1","4","0","0","0","0","0","1","0","0","0","0","0","0","0","0","0","0","0","1","0","1","0","0","0","0","0","0","1","0","1","0","0","0","0","0","0","0","0","5","1","1","1","0","0","0","0","1","1","0","0","0","0","0","0","0","0","2","1","0","0","0","0","0","0","0"
"s25","voters","528001","51","8","37","2","1","0","0","0","0","0","3","25","26","4","1","1","2","0","0","0","1","0","0","0","0","4","0","0","0","0","2","0","0","0","0","0","0","0","0","0","0","0","1","0","0","0","0","1","0","0","2","1","0","1","1","1","0","0","1","0","0","0","2","9","1","7","0","2","1","4","5","1","5","0","0","0","0","0","1","0","0","0","0","0","2","0","0","0","0","0","0","0","0","1","0","0","0","0","1","0","1","3","3","0","1","1","0","0","0","0","18","7","6","0","3","1","0","0","2","3","0","0","0","0","0","0","0","0","2","1","0","0","0","0","0","0","0"
"s25","voters","528017","10","1","7","0","0","0","0","0","0","0","2","6","4","1","1","0","0","0","0","0","0","0","0","0","0","0","0","0","0","0","0","0","0","0","0","0","0","0","0","0","0","0","0","0","0","0","0","0","0","0","0","0","0","0","0","0","0","1","0","0","1","0","0","1","1","1","0","0","0","0","0","1","2","0","0","0","1","0","1","0","0","0","0","0","0","0","0","0","0","0","0","0","0","0","0","0","0","0","0","0","0","0","0","0","0","0","0","0","0","1","1","3","2","0","0","0","0","0","1","1","0","0","0","0","0","0","0","1","0","0","0","0","0","0","0","0","0"
"s25","voters","528023","64","23","30","4","0","0","0","0","0","1","6","30","34","3","1","1","2","0","0","0","0","0","0","0","0","0","0","0","1","0","0","0","0","0","0","0","0","0","0","0","0","0","0","0","0","0","1","2","0","2","2","4","0","1","0","0","3","3","5","0","0","0","1","2","4","8","0","0","2","0","1","6","6","0","0","0","0","0","1","1","0","0","1","1","1","0","1","0","0","0","1","0","0","1","0","0","0","1","0","0","2","11","5","4","1","0","0","1","0","1","18","3","3","1","1","1","0","0","3","4","2","0","0","0","0","0","0","0","2","2","0","0","0","0","0","0","1"
"s25","voters","528038","75","21","36","5","0","1","2","0","0","0","10","41","34","2","7","2","2","2","1","0","0","0","0","0","0","0","0","0","0","0","0","0","0","0","0","0","0","0","0","0","0","0","0","0","0","0","1","0","0","0","2","6","0","1","2","0","1","1","7","0","0","1","2","1","4","12","0","0","3","0","1","3","9","0","0","1","1","1","1","2","0","1","2","0","0","0","1","0","0","0","0","1","1","4","0","0","0","0","0","0","2","6","9","1","1","1","0","0","0","3","21","6","4","2","1","0","2","0","0","5","1","0","0","0","0","1","0","3","5","1","1","0","0","0","0","0","1"
"s25","voters","528052","43","17","13","1","1","0","1","0","0","0","10","15","28","6","6","7","1","0","3","0","2","0","0","0","0","0","0","0","0","0","0","0","0","0","0","0","0","0","0","0","0","3","0","0","0","0","0","1","1","0","0","3","0","3","2","2","1","1","3","0","1","0","1","2","1","2","0","0","1","1","3","1","0","1","2","0","0","0","0","0","0","1","3","1","2","0","0","0","0","0","0","0","0","0","0","0","1","0","1","0","1","11","0","3","1","0","0","2","0","0","7","1","2","1","1","0","0","1","0","7","2","0","0","1","0","0","0","0","3","0","0","0","0","0","0","0","0"
"s25","voters","528053","36","8","22","3","0","0","0","0","0","0","3","15","21","2","2","0","1","0","0","1","0","0","0","0","0","0","0","0","0","0","0","0","0","0","1","0","0","0","0","0","0","0","0","0","0","0","1","0","0","0","0","2","0","0","0","1","1","1","2","1","1","0","0","1","2","4","0","3","0","1","4","2","3","0","0","0","1","1","0","0","0","0","0","1","0","0","0","0","0","0","0","0","1","0","0","1","1","0","0","0","0","3","2","1","0","2","0","0","0","0","15","2","1","1","1","0","0","0","2","1","1","1","0","0","0","0","0","0","3","0","0","0","0","0","0","0","0"
"s25","voters","528060","90","47","26","8","1","1","1","0","0","0","6","33","57","25","16","3","6","0","0","0","0","0","0","0","0","0","0","0","0","0","0","0","0","0","0","0","0","0","0","0","0","3","0","0","0","0","0","0","0","1","4","9","0","2","7","3","4","5","12","0","0","0","1","3","2","4","0","3","3","0","5","0","5","0","1","1","0","0","0","0","1","0","1","0","2","0","0","0","0","1","1","4","0","1","0","1","0","1","1","1","0","28","11","2","0","0","0","1","0","5","12","10","1","0","0","0","0","0","3","3","1","1","0","1","0","0","0","0","3","5","2","0","0","0","0","0","1"
"s25","voters","529025","7","0","4","1","0","0","0","0","0","0","2","4","3","0","0","0","0","0","0","0","0","0","0","0","0","0","0","0","0","0","0","0","0","0","0","0","0","0","0","0","0","0","0","0","0","0","0","0","0","0","0","0","0","0","0","0","0","0","0","0","0","0","0","0","1","1","0","0","0","0","1","0","1","0","0","0","0","0","0","1","0","0","0","0","0","1","0","0","0","0","1","0","0","0","0","0","0","0","0","0","0","0","0","0","0","0","0","0","0","0","2","1","0","0","0","1","0","0","0","2","0","0","0","0","0","0","0","0","0","0","0","0","0","0","0","0","1"
"s25","voters","529029","236","79","97","8","1","0","6","0","3","0","42","113","123","46","23","12","4","1","2","0","0","0","0","0","0","1","3","1","0","0","3","1","0","0","1","1","0","0","0","0","0","1","0","1","0","0","3","5","2","2","9","11","1","1","11","6","7","9","12","0","2","4","6","3","17","16","0","3","2","4","10","9","21","0","1","4","4","5","4","4","0","1","7","2","4","2","4","0","4","3","1","2","0","1","1","3","1","2","0","0","0","49","9","11","3","0","0","0","0","7","53","15","11","2","3","2","1","1","9","17","9","7","3","2","1","1","0","2","12","4","0","1","1","0","0","0","0"
"s25","voters","529049","35","12","17","0","0","0","0","0","0","0","6","16","19","9","1","2","0","0","0","0","0","0","0","0","0","0","0","0","0","0","0","0","0","0","0","0","0","0","0","0","0","1","0","0","0","0","0","0","3","0","1","1","1","1","0","3","0","1","1","0","0","0","0","0","4","4","0","1","0","1","2","2","3","0","1","0","0","1","1","0","0","1","1","1","0","0","0","0","0","0","0","0","0","0","0","0","0","0","0","0","0","10","1","1","0","0","0","0","0","0","8","1","2","1","0","0","1","0","4","4","1","0","0","1","0","0","0","0","0","0","0","0","0","0","0","0","0"
"s25","voters","529056","58","15","29","3","1","0","1","0","0","0","9","32","26","10","13","2","2","0","0","0","0","0","0","0","0","0","0","0","0","0","0","2","0","0","0","0","0","0","0","0","0","0","0","0","0","0","0","0","1","1","2","2","0","0","2","0","1","3","3","0","0","2","2","1","3","8","0","0","0","0","1","7","5","0","1","0","0","0","2","4","0","1","0","0","0","0","1","0","1","0","1","0","0","1","0","0","0","1","0","0","1","9","1","2","1","0","0","0","0","2","22","1","1","0","0","0","2","0","3","5","0","2","0","1","0","0","0","1","4","0","0","0","1","0","0","0","0"
"s25","voters","529062","109","37","55","4","0","1","1","0","1","0","10","54","55","12","4","4","0","1","4","0","0","0","0","0","0","0","0","0","0","0","0","0","0","0","0","0","0","0","0","0","0","0","1","0","0","0","1","0","1","6","2","5","0","2","2","1","6","4","7","1","0","2","3","3","6","14","0","0","2","3","4","7","10","0","1","0","1","1","2","1","0","0","1","0","0","0","3","0","0","1","0","0","1","2","0","1","1","0","1","0","0","12","11","4","2","1","0","1","1","5","28","4","5","6","2","1","2","0","7","8","1","0","0","0","0","0","0","1","5","1","0","0","1","0","0","0","0"
"s25","voters","529065","23","5","11","3","0","0","0","0","0","0","4","13","10","1","3","0","0","0","0","0","0","0","0","0","0","0","0","0","0","0","0","0","0","0","0","0","0","0","0","0","0","0","0","0","0","0","0","0","0","2","1","0","0","0","1","0","1","0","0","0","0","0","0","1","1","4","0","0","0","0","0","3","2","0","0","0","0","0","2","1","0","0","0","0","1","0","0","0","0","0","0","0","0","1","0","0","0","0","0","1","1","2","1","2","0","0","0","0","0","0","7","1","1","0","0","0","0","0","2","1","1","2","0","0","0","0","0","0","2","0","1","0","0","0","0","0","0"
"s25","voters","530005","1239","407","586","72","6","13","8","0","3","0","144","575","664","153","86","32","22","6","16","4","2","0","0","0","0","0","0","1","0","2","2","0","0","2","1","2","0","0","0","0","0","6","2","3","1","0","16","17","23","20","35","50","3","21","41","39","28","47","67","1","12","23","49","38","61","102","3","9","26","46","39","60","117","2","8","9","16","7","16","16","0","11","9","14","11","10","15","1","4","4","3","15","10","17","0","5","3","10","7","9","14","229","74","63","8","5","3","7","3","15","332","93","81","18","18","2","5","3","34","77","30","18","5","6","0","0","0","8","73","17","10","0","2","0","0","0","0"
"s25","voters","530017","951","340","453","45","3","9","11","0","2","0","88","423","528","111","69","31","13","3","10","3","0","0","0","0","0","2","0","0","0","1","2","0","1","3","0","2","1","0","0","0","0","2","2","0","1","0","6","12","15","13","19","68","0","8","18","16","19","44","102","0","2","19","21","22","42","104","0","1","14","18","18","50","142","0","2","4","7","6","7","18","0","2","5","6","5","7","19","0","0","4","4","4","7","17","0","2","1","2","3","10","16","196","82","35","7","7","1","2","0","10","275","83","58","16","6","1","2","0","12","53","20","7","4","2","0","1","0","1","41","19","4","4","0","0","1","0","1"
"s25","voters","530023","1742","433","991","79","1","6","14","0","2","0","216","821","921","158","149","44","14","5","37","6","6","0","0","0","0","1","2","0","0","1","1","1","1","0","0","0","0","3","4","1","0","6","11","3","0","2","17","26","24","26","21","63","1","25","27","39","34","46","82","2","33","45","91","87","98","126","0","27","37","109","96","94","146","2","7","20","27","14","20","18","0","10","17","14","16","18","33","0","2","3","14","10","13","10","1","4","8","8","6","12","11","248","80","58","10","13","3","4","2","15","516","171","163","39","31","3","6","2","60","108","36","40","8","7","5","4","1","7","59","22","10","4","4","0","0","2","1"
"s25","voters","530027","356","96","201","22","0","2","5","0","0","0","30","158","198","22","22","8","3","3","8","1","2","1","2","0","0","0","0","0","0","2","1","0","0","0","0","0","0","0","0","0","0","0","1","0","0","0","1","0","0","5","6","30","0","0","2","5","1","11","35","0","1","1","1","1","15","67","0","0","1","0","3","24","87","0","0","0","0","1","3","13","0","2","0","0","0","2","9","0","1","0","0","0","2","10","0","0","2","0","0","6","8","56","21","7","3","3","1","1","0","4","122","31","20","6","9","0","2","1","10","14","4","10","0","0","0","1","1","0","24","2","1","0","0","1","1","0","0"
"s25","voters","540001","2011","775","800","85","8","15","14","0","5","0","309","952","1059","278","219","110","39","15","18","8","2","4","2","3","0","2","3","0","0","4","6","2","0","6","2","2","1","2","1","0","1","12","19","8","2","5","35","38","52","76","74","78","3","50","39","89","93","60","83","0","31","23","90","107","84","65","3","19","28","103","92","83","72","3","33","12","39","35","14","7","5","19","29","47","32","21","13","0","7","6","9","14","7","8","1","10","11","18","13","9","14","483","143","82","25","16","3","9","5","9","483","117","107","34","16","3","16","4","20","196","40","43","15","0","1","4","6","4","81","20","18","4","1","0","0","1","2"
"s25","voters","540003","1202","468","445","54","1","7","2","0","4","0","221","524","678","160","152","79","18","10","7","3","2","3","3","3","2","3","2","0","1","2","2","0","0","7","1","3","0","2","5","6","1","19","7","8","1","0","10","22","32","40","42","29","3","33","45","57","56","44","55","0","13","30","56","43","33","45","1","10","40","55","42","38","39","2","12","18","20","27","9","8","3","16","20","27","26","14","19","0","2","6","15","5","3","2","0","1","9","6","8","7","4","327","65","41","7","13","0","5","1","9","310","67","33","10","11","0","4","1","9","165","24","12","10","6","2","1","0","1","55","8","2","1","1","0","1","0","0"
"s25","voters","540005","922","391","320","48","1","8","11","0","2","0","141","420","502","166","94","50","19","5","5","2","0","0","2","1","0","1","0","0","0","1","0","1","1","0","1","2","1","2","0","1","0","4","3","2","0","3","19","26","32","25","24","28","1","30","36","51","45","33","38","2","6","33","51","27","26","16","1","11","33","44","27","18","25","1","5","20","17","11","8","7","2","11","15","22","13","7","2","0","2","4","7","11","4","5","0","6","7","10","12","0","2","286","75","22","1","2","2","1","1","1","226","51","34","3","0","1","1","0","4","104","17","14","4","0","0","2","0","0","48","16","4","1","1","0","0","0","0"
"s25","voters","540013","1965","713","888","125","0","13","8","0","5","1","212","864","1101","178","133","46","20","24","36","8","15","2","9","1","0","4","0","0","0","3","3","2","3","5","1","1","1","0","0","0","0","20","9","1","1","0","10","7","6","19","41","189","0","12","12","14","26","60","317","2","11","12","24","21","48","297","0","8","7","31","24","63","340","0","4","3","8","11","18","64","0","2","5","5","7","18","67","0","2","1","6","7","10","43","0","1","3","3","4","19","53","396","123","75","22","23","8","11","5","50","506","143","84","32","32","3","16","6","66","124","27","22","12","10","1","6","2","8","80","37","18","5","5","0","1","3","3"
"s25","voters","540016","1467","535","622","65","3","7","16","1","6","0","212","654","813","273","152","96","30","3","12","1","2","0","0","0","0","1","0","1","0","1","1","1","0","3","0","0","0","1","2","0","0","7","3","2","1","3","15","28","28","32","48","49","5","35","46","59","62","46","79","4","14","29","68","56","53","74","7","11","32","64","55","64","91","3","13","19","23","16","21","9","5","15","26","22","18","13","9","1","7","3","7","12","9","10","0","4","6","14","10","9","6","307","88","67","14","17","5","5","5","27","344","100","89","21","21","1","3","4","39","121","23","35","14","8","3","2","0","6","57","16","17","2","2","0","2","1","1"
"s25","voters","540018","653","221","285","27","0","7","12","0","1","0","100","308","345","120","79","31","14","0","3","1","1","0","0","0","0","0","0","0","0","1","2","0","0","0","0","0","0","0","0","1","0","0","1","7","0","0","12","12","12","19","15","14","1","16","23","22","27","26","22","1","14","12","31","42","28","23","1","7","14","29","36","24","23","2","7","5","13","12","4","6","1","7","4","12","14","6","7","0","5","3","4","7","3","2","0","3","5","3","10","1","1","130","31","33","5","5","0","1","1","15","150","54","38","6","11","1","2","3","20","55","13","17","5","5","1","1","1","2","29","8","7","2","0","0","0","0","1"
"s25","voters","540023","88","21","41","5","0","0","3","0","0","0","18","39","49","6","9","4","2","0","0","1","0","0","0","0","0","0","0","0","0","0","0","0","0","0","0","0","0","0","0","0","0","0","0","0","0","0","2","1","1","1","0","4","0","0","1","2","2","1","6","0","1","2","4","5","3","4","0","2","4","5","5","4","2","0","0","0","1","4","0","2","0","2","3","2","0","1","3","0","0","0","0","1","1","2","0","1","0","0","2","1","0","12","4","0","1","0","0","0","0","4","23","9","6","0","0","0","1","0","2","11","1","3","1","1","0","0","0","1","6","0","1","0","0","0","1","0","0"
"s25","voters","540027","512","171","214","35","3","1","8","0","1","0","79","229","283","101","37","43","14","1","6","1","3","0","2","0","0","1","0","0","0","1","2","2","0","0","0","0","0","0","0","0","0","1","1","0","0","0","3","12","10","10","8","28","1","13","16","21","13","12","24","0","11","11","14","12","28","30","0","5","7","13","18","22","43","1","2","8","11","4","0","5","1","5","8","10","10","6","8","0","0","3","5","3","4","6","1","3","5","5","1","7","5","94","27","27","5","6","0","1","1","10","124","32","22","12","4","1","2","1","16","45","6","10","4","6","2","0","2","4","24","10","2","1","3","1","2","1","4"
"s25","voters","540033","1451","626","498","78","6","10","10","0","5","0","218","659","792","233","159","67","27","7","14","4","8","3","0","1","0","2","4","0","0","4","3","5","0","8","3","5","0","1","2","5","1","11","9","4","1","2","18","22","55","49","34","67","6","36","42","72","67","68","88","2","14","26","63","64","39","49","2","11","19","74","48","40","47","1","19","19","27","23","9","11","2","10","17","27","22","15","16","0","3","2","9","18","8","6","0","10","11","11","13","7","11","350","124","65","23","29","3","12","7","13","291","80","64","16","19","1","7","5","15","120","36","23","15","13","2","2","2","5","69","15","14","4","2","1","3","1","0"
"s25","voters","540041","2007","923","647","116","6","9","10","0","2","0","294","876","1131","258","169","98","26","17","13","10","7","3","3","1","1","0","1","0","0","9","2","7","2","2","0","0","0","0","4","1","0","18","26","8","2","2","15","20","60","36","70","150","1","25","56","85","76","127","200","0","16","29","63","50","56","107","1","8","29","66","53","52","117","2","11","18","28","26","20","31","4","19","18","27","23","33","34","0","4","5","12","9","15","21","0","3","12","11","11","18","22","565","209","111","23","9","1","4","0","1","424","105","92","15","5","0","1","2","3","189","55","30","12","6","0","0","1","1","103","24","10","4","1","0","0","0","1"
"s25","voters","540045","2673","1187","1070","119","4","14","7","0","2","0","270","1153","1520","211","119","35","29","66","40","9","4","2","0","0","0","5","3","5","0","4","10","5","0","6","2","0","0","0","3","2","0","33","9","4","1","0","10","7","7","17","50","371","0","13","12","19","32","97","552","0","4","4","19","18","63","397","0","2","3","13","14","90","443","0","3","3","0","6","15","98","0","8","2","10","2","26","97","0","2","2","3","4","7","43","0","3","1","5","1","9","66","661","215","126","63","41","8","20","4","49","568","181","143","56","54","7","16","12","33","142","39","30","16","12","6","11","5","9","90","30","12","1","6","1","4","1","1"
"s25","voters","540048","556","268","155","17","4","4","3","0","2","0","103","237","319","133","44","47","9","1","1","2","0","2","0","0","0","0","0","1","0","2","0","0","0","1","1","1","0","1","0","2","1","7","5","9","1","0","7","12","17","29","15","23","3","21","18","37","24","26","36","1","4","14","12","21","11","15","0","4","11","14","11","14","23","0","10","4","11","6","8","6","2","17","7","8","9","7","8","0","1","1","4","1","2","2","0","3","3","5","3","1","4","146","58","35","5","6","1","7","1","9","89","29","22","4","4","0","3","3","1","64","15","11","5","4","0","2","1","1","17","4","5","2","1","0","0","0","1"
"s25","voters","540057","575","212","244","31","0","3","2","0","2","0","81","256","319","86","66","32","9","5","6","4","0","1","0","0","0","0","0","0","0","0","3","2","0","0","0","0","0","0","2","0","0","2","5","1","1","0","7","9","17","14","15","26","1","14","11","20","26","23","29","0","7","8","16","38","18","26","1","9","12","21","32","25","31","2","2","5","6","12","7","7","2","4","5","12","4","5","8","0","2","1","0","6","1","4","2","5","1","2","7","5","2","108","40","22","12","7","0","1","4","18","139","36","29","12","6","0","2","4","16","45","10","8","6","3","1","2","0","6","28","4","4","1","0","0","1","0","0"
"s25","voters","540064","159","69","48","9","0","1","2","0","0","0","30","73","86","42","10","17","7","2","0","1","0","0","0","0","0","0","0","0","0","0","2","0","0","0","0","0","0","0","0","0","0","1","0","2","0","0","1","7","1","3","7","8","0","4","10","4","1","6","17","0","2","4","0","2","10","7","0","2","0","2","6","6","7","0","1","2","4","1","1","5","0","3","3","3","2","2","3","0","0","0","2","1","3","1","0","0","0","2","0","3","0","41","14","3","0","2","1","0","0","8","28","10","6","0","1","0","0","0","3","19","4","3","0","0","0","0","2","2","6","4","2","0","0","0","0","0","0"
"s25","voters","540065","444","187","144","17","1","2","4","0","2","0","87","201","243","104","39","55","13","1","2","1","1","0","0","0","0","1","0","0","0","1","0","1","0","1","0","0","0","0","2","0","0","0","2","0","0","1","11","9","15","11","12","17","1","17","17","8","13","21","34","0","9","9","7","18","16","14","0","3","8","8","17","16","19","1","9","8","8","3","4","7","4","4","12","10","6","4","7","0","1","1","5","2","2","1","1","2","2","4","1","4","0","100","34","29","5","4","2","3","0","10","84","22","13","4","3","2","3","1","12","58","11","5","2","2","2","5","0","2","15","6","2","1","1","0","0","1","0"
"s25","voters","540070","459","172","182","13","3","0","8","0","1","0","80","207","252","77","56","34","4","3","2","2","1","0","0","0","0","0","0","0","0","1","1","0","0","0","0","0","0","2","8","1","0","6","4","3","1","0","10","8","13","10","13","9","2","14","13","13","29","19","19","1","10","7","11","28","8","25","1","5","8","21","18","11","28","0","6","10","10","6","5","7","1","7","5","12","7","4","0","0","2","0","2","3","2","1","0","1","5","3","3","1","2","91","27","23","10","7","3","3","5","3","119","23","15","6","5","1","4","2","7","45","12","10","8","1","1","1","0","2","18","2","3","0","1","0","0","1","0"
"s25","voters","540082","230","86","85","9","1","3","4","0","0","0","42","112","118","56","19","25","5","4","1","1","3","0","0","0","0","0","0","0","0","0","0","0","0","1","1","1","0","0","0","0","0","3","6","2","0","0","3","1","6","6","5","11","1","9","7","8","16","6","7","0","3","3","14","8","8","11","1","2","1","14","5","4","11","0","6","3","4","8","1","1","0","4","2","1","5","3","4","0","1","2","2","3","1","1","0","1","0","2","1","2","1","46","15","14","7","1","1","0","1","1","49","11","17","1","3","0","0","0","4","24","5","8","1","2","1","1","0","0","9","4","3","0","0","1","0","0","0"
"s25","voters","540118","629","211","292","26","4","4","7","0","5","0","80","290","339","89","66","26","18","1","5","0","1","1","0","0","0","2","0","1","0","0","1","0","0","0","0","0","0","1","2","0","0","2","6","3","0","0","9","8","5","13","15","30","2","14","8","26","22","28","31","2","8","16","19","41","42","22","1","16","7","18","48","25","27","0","10","4","9","2","6","5","2","9","11","8","3","6","5","0","4","4","4","6","5","1","2","4","1","3","4","4","4","112","34","24","12","5","1","4","2","17","165","44","38","12","7","0","4","1","21","49","7","10","6","1","0","1","1","5","29","8","6","1","1","0","1","0","0"
"s25","voters","551101","642","270","220","41","1","7","2","0","1","0","100","281","361","107","53","36","18","12","3","2","1","3","2","0","0","0","0","0","0","0","2","0","0","1","0","0","0","0","0","0","0","4","0","1","1","0","4","9","11","3","23","58","1","13","17","12","10","23","86","0","1","7","7","7","26","56","1","1","3","9","9","20","73","1","5","10","6","5","5","11","1","7","8","9","9","8","15","0","4","4","3","4","2","9","0","0","3","3","1","7","12","153","43","38","7","11","0","2","0","16","114","35","33","7","7","1","1","2","20","46","15","16","12","3","2","1","0","5","33","8","8","2","0","0","0","0","1"
"s25","voters","551104","527","231","194","33","2","3","7","0","2","0","55","223","304","112","45","25","16","4","6","0","0","2","0","0","0","0","0","0","0","0","1","0","0","0","0","0","0","0","0","0","0","4","0","0","2","0","4","9","11","6","14","40","2","7","19","20","16","25","58","0","5","12","4","12","27","40","0","3","5","9","12","21","44","1","1","5","5","1","6","2","1","5","7","4","1","5","11","0","0","3","3","1","4","7","0","3","1","4","4","10","7","142","35","23","7","8","2","3","0","11","106","41","27","7","1","3","1","0","8","38","8","5","1","0","0","1","0","2","34","9","2","1","1","0","0","0","0"
"s25","voters","551106","152","79","44","5","0","0","1","0","1","0","22","59","93","42","16","11","3","3","2","2","0","0","0","0","0","0","0","0","0","0","0","0","0","0","0","0","0","0","0","0","0","0","1","1","0","0","4","3","4","5","7","6","3","8","7","4","8","11","9","0","1","2","4","0","9","4","0","3","0","4","2","8","7","0","1","2","0","1","3","2","1","3","2","2","0","2","3","0","0","0","1","0","0","0","0","2","0","1","0","1","2","48","18","13","0","0","0","0","0","0","25","9","5","2","0","0","0","0","3","13","1","7","0","0","0","0","0","1","3","3","1","0","0","0","0","0","0"
"s25","voters","552101","179","93","33","13","2","2","1","0","0","0","35","70","109","49","8","19","1","0","1","0","0","0","0","0","0","0","0","0","0","2","0","0","0","1","0","1","0","0","0","0","0","4","0","0","0","1","5","2","3","1","9","16","0","5","7","10","10","12","12","0","2","2","3","4","1","5","0","0","3","1","4","6","2","0","1","2","2","1","3","1","0","2","8","7","3","3","2","0","1","0","0","1","1","3","0","1","2","1","2","2","4","56","12","15","1","3","1","1","0","4","17","5","9","1","0","1","0","0","0","18","5","11","1","0","0","0","0","0","17","1","0","0","0","0","0","0","0"
"s25","voters","552103","637","278","215","31","2","3","6","0","0","0","102","275","362","126","44","41","13","2","9","1","0","0","0","0","0","0","0","0","0","4","2","0","3","1","0","0","0","1","1","1","0","1","4","1","0","1","6","7","11","9","11","53","4","13","17","20","13","27","86","1","6","13","14","7","17","48","0","3","6","10","13","21","56","1","9","7","7","2","5","20","1","2","7","13","4","8","16","0","0","3","2","2","3","10","0","3","2","1","1","6","9","160","42","33","12","7","3","3","3","15","111","36","32","7","8","1","3","0","17","67","13","10","6","1","0","0","0","5","28","8","3","2","1","0","0","0","0"
"s25","voters","552108","353","147","123","22","0","3","2","0","2","0","54","156","197","83","29","23","14","1","1","0","0","0","0","0","0","0","0","0","0","0","0","0","0","0","0","0","0","1","0","0","0","1","1","1","0","0","5","10","2","4","9","22","0","6","12","10","16","22","29","0","5","4","8","12","12","21","1","0","4","7","11","18","20","0","3","5","6","6","3","4","0","6","6","5","2","2","6","0","1","3","3","2","2","4","0","1","3","1","2","3","4","78","31","14","5","6","1","1","1","10","60","25","12","3","4","0","5","0","14","35","5","5","4","1","0","0","0","4","15","8","2","3","0","0","0","0","1"
"s25","voters","553105","2405","916","1107","123","2","13","15","0","2","0","227","984","1421","138","80","24","18","46","27","15","3","6","14","1","0","0","2","1","0","4","1","5","1","5","1","1","1","2","0","0","0","5","14","2","3","1","0","6","6","11","51","272","0","4","5","4","14","88","454","0","0","3","9","10","62","367","0","2","1","9","15","89","540","0","1","0","3","7","13","96","0","0","2","1","6","27","71","0","0","1","1","0","9","55","1","2","2","1","3","12","68","578","155","64","27","22","3","10","3","54","629","163","112","46","44","8","12","10","83","140","28","17","16","7","2","4","1","12","95","34","11","6","0","2","1","2","4"
"s25","voters","553106","1358","442","713","58","1","8","7","0","0","0","129","568","790","39","50","5","4","24","38","10","6","5","8","2","0","0","2","1","0","1","6","3","0","0","0","0","0","1","0","0","0","3","0","0","0","0","0","0","3","1","12","145","0","1","0","2","2","39","237","0","0","0","1","4","24","267","0","0","1","1","5","45","365","0","0","0","2","3","9","55","0","0","0","1","1","8","50","0","0","1","0","1","8","32","0","0","0","0","0","4","28","261","85","36","19","9","4","4","2","22","405","103","74","20","19","8","10","5","69","81","13","10","10","5","0","2","3","5","53","11","4","1","1","0","0","2","2"
"s25","voters","554108","1493","638","504","75","8","12","15","0","4","0","237","656","837","277","132","101","39","7","10","4","2","1","0","0","0","0","0","0","0","6","0","1","1","0","0","2","1","2","0","0","0","17","13","11","1","2","14","39","49","47","28","61","9","37","70","72","56","56","98","4","6","41","48","46","43","62","1","9","34","42","43","49","76","1","11","34","27","14","6","15","1","20","27","29","25","8","19","2","8","12","11","8","7","10","0","3","10","16","13","8","6","473","94","27","12","8","1","4","2","17","338","62","45","9","10","2","2","4","32","182","37","5","4","4","0","2","0","3","83","21","5","1","1","1","1","1","0"
"s25","voters","554115","465","168","189","27","3","9","7","0","1","0","61","211","254","100","53","20","14","1","3","1","0","0","0","0","0","1","1","1","0","1","0","1","0","2","0","1","1","0","0","0","0","2","2","1","0","0","6","14","10","10","10","19","0","9","17","13","12","14","34","0","3","10","19","11","22","25","0","5","11","15","15","22","31","0","6","3","6","6","5","6","1","4","3","8","5","3","5","0","3","0","3","8","2","4","0","2","3","8","3","5","6","89","22","25","6","8","2","0","0","16","120","23","18","5","7","0","2","1","13","40","9","5","4","3","0","0","0","0","30","6","5","4","0","0","0","0","2"
"s25","voters","554118","302","133","102","19","4","4","0","0","0","0","40","135","167","63","25","15","7","0","2","1","0","0","1","0","0","1","0","1","0","2","1","3","3","1","0","0","3","0","0","0","0","1","4","0","0","0","6","8","5","7","13","13","0","5","12","3","11","24","26","0","6","3","6","13","7","17","0","3","4","6","7","11","19","0","3","2","5","6","7","0","0","2","6","1","2","2","4","0","1","2","0","2","2","1","0","0","2","4","2","3","8","82","22","17","4","3","0","0","1","4","50","24","10","1","3","2","3","2","7","24","6","4","4","0","0","0","0","2","18","6","2","0","0","0","0","0","1"
"s25","voters","555105","500","245","145","24","0","2","8","0","5","0","71","215","285","89","46","27","16","2","3","1","1","0","0","0","0","1","0","0","0","2","1","0","0","0","0","1","0","0","0","0","0","7","3","2","0","0","9","8","12","9","27","30","2","7","18","22","22","26","53","0","4","8","9","15","13","18","0","3","6","12","12","16","29","1","4","3","10","10","2","9","0","5","9","2","4","6","6","0","0","2","2","3","4","3","0","3","5","5","4","3","5","119","40","37","4","12","0","1","1","31","78","20","18","5","5","0","1","2","16","37","11","10","4","4","1","1","0","3","26","7","3","2","0","0","0","0","1"
"s25","voters","555108","453","254","96","14","3","5","2","0","2","0","77","188","265","101","33","32","12","0","1","0","1","0","0","0","0","1","0","0","0","1","0","2","0","0","0","0","0","0","0","0","0","1","1","1","0","1","6","9","13","12","15","35","2","16","25","21","18","26","55","0","1","1","8","10","15","13","1","1","3","8","9","12","14","0","5","6","7","9","1","8","0","10","10","3","5","3","10","0","0","2","3","2","1","5","0","0","2","3","3","3","2","137","42","31","11","10","1","3","0","19","55","17","15","1","2","1","0","1","4","46","15","7","3","2","0","2","1","1","16","6","2","0","1","0","1","0","0"
"s25","voters","560004","741","312","269","30","1","7","5","0","1","0","116","319","422","162","77","56","19","1","9","4","1","0","0","0","0","0","0","0","0","0","1","0","0","0","0","2","0","0","1","1","0","5","1","3","0","0","9","23","12","19","26","25","0","27","33","26","36","42","34","1","6","14","20","21","37","33","2","4","8","19","25","37","42","1","9","11","8","4","11","7","2","12","10","10","12","11","8","0","0","4","3","2","5","8","0","1","4","3","4","7","3","177","53","31","10","13","3","4","1","20","161","38","35","7","3","0","2","0","23","69","15","12","7","7","0","1","1","4","25","5","8","1","1","0","3","1","0"
"s25","voters","560010","1229","550","414","64","6","8","10","0","5","0","172","533","696","240","97","85","30","13","15","2","0","0","0","0","0","1","0","0","0","2","4","1","0","0","0","0","0","0","3","0","0","6","6","2","0","1","16","21","26","22","44","77","2","34","55","29","45","58","120","1","8","13","27","30","45","76","3","9","11","25","24","53","89","1","14","13","17","15","11","12","1","15","13","12","13","16","19","0","2","5","7","4","11","14","0","10","6","7","10","3","14","312","106","63","14","16","2","8","4","25","242","62","56","12","8","6","9","0","19","104","23","19","4","6","5","1","4","6","57","18","9","2","5","1","1","0","0"
"s25","voters","560015","886","460","225","39","7","4","5","0","2","0","144","367","519","282","84","86","21","2","6","0","1","0","0","0","0","0","0","0","0","0","0","0","0","1","0","0","0","0","0","0","0","11","9","0","1","1","16","25","15","24","42","46","5","46","44","41","39","52","64","0","12","12","17","19","16","37","0","4","10","20","25","24","29","0","11","9","17","5","7","9","4","16","20","17","9","8","12","0","7","8","4","4","2","2","1","5","7","5","8","3","1","284","64","60","12","6","2","5","3","24","137","37","22","9","2","0","3","2","13","97","18","17","5","2","1","1","0","3","40","7","8","0","1","0","0","0","1"
"s25","voters","560019","590","272","180","25","4","7","3","0","3","0","96","276","314","148","49","38","17","1","8","0","1","0","0","0","0","2","0","1","0","1","2","0","0","0","0","0","0","0","0","0","0","4","5","4","0","2","10","15","19","20","20","34","2","14","29","25","18","21","43","0","7","16","14","13","17","26","0","2","8","9","10","23","35","3","5","16","9","7","2","5","2","9","12","9","4","9","4","0","1","2","3","4","3","3","0","2","7","4","4","5","4","181","38","20","7","10","1","3","0","12","116","21","17","2","8","0","2","0","14","75","5","4","5","1","0","2","0","4","28","8","4","0","1","1","0","0","0"
"s25","voters","560023","1306","579","431","49","5","10","23","0","2","0","207","572","734","293","170","108","29","7","10","6","2","0","0","1","0","0","0","1","0","1","0","0","0","2","5","3","0","1","2","2","1","19","5","3","3","4","18","31","25","45","50","42","8","44","53","65","60","70","64","2","29","14","44","46","38","42","7","10","26","33","51","39","50","1","21","18","15","17","13","12","5","18","22","16","24","14","11","0","6","8","7","10","7","7","3","5","3","13","11","5","4","317","105","85","19","18","1","7","5","22","263","69","43","10","13","1","7","7","18","137","24","29","8","1","1","2","2","3","54","19","10","2","1","0","0","1","2"
"s25","voters","560025","597","293","163","24","5","4","4","0","3","0","101","252","345","160","69","56","19","2","2","1","1","1","0","0","0","0","0","0","0","0","0","0","1","0","0","0","0","0","0","0","0","3","3","1","0","0","8","17","15","19","22","34","3","21","25","19","22","27","61","3","7","7","18","13","16","19","0","4","9","11","12","16","28","0","9","2","2","8","6","10","2","13","13","10","12","6","8","0","2","0","3","6","3","3","0","3","3","4","4","1","8","181","41","37","12","7","4","2","3","6","88","22","34","4","3","2","2","1","7","71","15","5","2","3","0","1","0","4","26","11","3","0","0","0","0","0","0"
"s25","voters","560034","518","260","141","22","2","0","4","0","3","0","86","208","310","137","50","53","14","4","4","2","1","0","0","0","0","0","0","0","0","0","0","1","0","0","0","1","0","0","0","0","0","1","2","1","0","0","11","13","5","4","18","43","1","9","20","22","15","25","74","1","3","5","4","7","22","21","0","2","3","4","12","16","41","1","6","7","4","1","6","12","1","6","6","15","5","4","12","0","1","1","1","4","2","5","0","6","1","3","1","2","4","150","45","26","7","9","2","5","2","14","87","18","15","6","4","0","2","2","7","54","11","10","5","4","0","2","0","0","20","5","3","2","1","0","0","0","0"
"s25","voters","560037","395","182","141","17","0","7","6","0","1","0","41","176","219","95","44","25","10","1","4","0","1","0","0","0","0","2","0","0","0","0","0","0","0","0","0","0","0","0","0","0","0","2","0","1","0","2","3","7","14","5","11","31","2","10","12","9","9","16","51","0","4","4","7","9","12","30","1","2","3","7","7","18","37","0","1","3","6","2","2","5","1","4","4","5","2","3","3","0","2","8","4","1","2","1","0","4","1","0","2","4","2","103","33","20","10","7","2","3","1","3","85","22","15","5","4","0","1","3","6","27","5","6","1","1","1","0","0","0","20","7","3","0","0","0","0","1","0"
"s25","voters","560043","868","383","324","38","8","4","5","0","0","0","106","399","469","198","84","53","18","4","7","3","2","0","0","0","0","0","0","0","0","0","0","0","0","3","0","0","0","0","4","0","0","3","4","0","0","1","17","18","20","23","28","51","1","27","22","31","40","44","60","2","7","16","21","32","32","56","0","3","16","21","23","38","57","2","9","8","5","10","12","3","2","9","13","10","9","10","4","1","7","4","1","2","5","6","0","3","6","3","4","6","7","215","80","42","16","9","0","10","0","11","179","54","44","18","4","0","3","2","20","59","19","12","9","2","0","3","0","2","36","9","5","1","0","0","3","0","1"
"s25","voters","560045","122","52","37","5","0","0","0","0","0","0","28","54","68","21","11","14","1","0","1","0","0","0","0","0","0","0","0","0","0","0","0","0","0","0","0","0","0","0","0","0","0","0","0","0","0","1","1","2","6","4","4","4","0","2","4","7","5","5","7","0","0","1","4","4","6","4","0","0","1","4","6","3","4","0","1","7","1","2","1","1","0","4","3","1","1","2","4","0","0","0","0","0","0","0","0","2","0","1","0","1","1","31","12","8","1","0","0","0","0","0","16","9","4","1","1","1","0","0","5","18","3","5","1","1","0","0","0","0","4","0","1","0","0","0","0","0","0"
"s25","voters","560051","176","82","71","9","0","2","0","0","1","0","11","73","103","21","16","4","1","1","1","0","0","0","0","0","0","0","0","0","1","0","0","0","0","0","0","0","0","0","0","0","0","2","3","0","0","0","1","0","0","4","6","20","0","0","0","0","1","8","42","0","0","0","0","0","3","31","0","0","0","0","1","10","26","0","0","0","0","0","1","1","0","0","0","0","0","0","9","0","0","0","1","0","1","4","0","0","0","0","0","2","4","50","20","5","1","3","0","2","0","1","43","11","10","1","1","0","2","0","3","7","1","1","0","1","0","0","0","1","8","3","0","0","1","0","0","0","0"
"s25","voters","560058","1380","616","439","53","6","8","19","0","7","0","232","624","756","304","140","131","52","9","12","3","0","0","0","0","0","1","0","0","0","4","0","0","0","2","0","0","0","1","7","2","0","16","10","10","4","5","22","31","26","39","65","56","2","51","57","65","72","52","73","4","21","20","47","56","49","37","2","12","21","46","46","37","41","0","22","18","18","19","13","9","2","29","25","23","30","10","14","1","4","6","15","7","6","8","1","14","8","8","10","1","4","341","118","80","26","14","3","11","5","18","263","71","53","19","9","4","2","1","17","125","39","26","15","6","4","7","0","10","58","17","6","3","2","1","2","2","2"
"s25","voters","560061","1176","541","386","44","7","11","9","0","8","0","170","537","639","244","134","87","28","7","12","2","3","0","0","0","0","1","1","0","0","1","1","0","3","4","0","1","0","1","2","1","1","8","3","2","0","1","26","22","27","34","40","74","6","31","33","40","53","66","88","0","12","13","34","32","38","50","1","11","23","27","39","35","71","4","15","16","17","16","12","15","3","15","16","12","9","12","8","1","0","6","8","6","5","13","0","6","4","7","10","3","10","308","105","55","21","17","2","6","4","23","202","70","47","12","16","2","7","6","24","104","25","17","10","8","1","2","0","3","56","13","6","1","1","1","0","0","1"
"s25","voters","560070","470","197","164","19","3","2","5","0","2","0","78","214","256","101","64","38","8","5","3","3","2","0","0","1","1","0","0","0","0","0","4","1","0","0","0","0","0","3","1","0","1","2","2","0","0","2","8","11","13","13","18","21","2","15","20","19","12","22","21","0","3","10","18","18","17","18","1","1","10","23","16","9","20","0","5","6","9","4","6","3","0","5","7","14","8","3","8","0","1","3","4","0","2","1","0","1","2","4","3","5","5","118","41","25","6","5","0","1","0","1","96","27","23","4","6","0","3","1","4","44","11","14","4","2","0","1","0","2","17","8","5","1","0","0","0","0","0"
"s25","voters","560071","97","42","37","4","0","1","0","0","0","0","13","35","62","11","4","4","1","2","0","0","0","0","0","0","0","0","0","1","0","0","0","0","0","0","0","0","0","0","0","0","0","0","1","0","0","0","1","1","1","2","4","5","0","2","1","5","5","7","8","0","2","1","3","3","2","4","0","0","2","3","3","2","12","0","0","0","2","0","0","1","0","0","2","3","2","1","2","0","0","0","1","1","0","1","0","0","1","0","1","0","0","30","7","4","1","0","0","0","0","0","22","4","5","4","1","0","1","0","0","9","2","0","1","0","0","0","0","1","1","2","1","1","0","0","0","0","0"
"s25","voters","571001","787","395","258","32","4","5","0","0","7","0","86","326","461","118","53","21","9","11","11","5","0","1","1","0","0","0","0","0","0","0","0","1","0","2","1","0","0","0","0","0","0","5","0","1","0","0","1","9","8","8","24","95","4","8","10","8","19","44","157","0","1","0","8","5","21","74","0","0","2","4","17","23","103","0","3","2","2","2","11","24","1","6","2","2","4","8","19","0","1","1","2","2","7","15","0","1","0","3","2","4","10","266","54","43","14","4","4","3","2","5","168","41","23","9","5","0","3","1","8","58","9","9","5","2","0","0","2","1","36","7","3","0","1","0","0","1","0"
"s25","voters","571003","935","428","257","41","7","7","6","0","6","0","183","409","526","192","78","71","21","5","4","1","0","0","0","0","0","0","2","0","0","0","0","0","0","2","1","1","0","0","1","1","0","4","2","1","1","1","12","17","24","25","27","64","0","33","30","28","24","49","94","0","15","6","14","16","32","50","1","3","15","13","22","23","47","3","6","10","10","4","11","29","4","19","24","13","10","21","19","1","1","4","2","5","9","11","2","2","4","4","4","7","11","281","59","45","12","8","4","5","1","13","153","43","33","3","5","0","3","2","15","117","16","17","17","6","0","5","0","5","49","8","6","1","0","1","0","0","2"
"s25","voters","571005","83","26","29","4","1","0","2","0","0","0","21","37","46","9","14","12","1","2","0","0","0","0","0","0","0","0","0","0","0","0","0","0","0","0","0","0","0","0","0","0","0","0","0","0","0","0","1","1","0","2","3","2","1","2","1","3","1","3","6","0","0","1","2","3","3","5","1","1","0","3","1","7","2","0","5","2","0","1","2","1","1","1","1","1","3","1","2","0","0","1","0","0","2","0","0","0","0","2","0","2","0","13","4","5","2","0","0","0","1","1","17","5","3","2","0","1","0","0","1","8","3","4","2","3","1","0","0","0","5","0","1","0","0","0","0","0","1"
"s25","voters","571010","859","316","384","54","0","5","4","0","2","0","94","407","452","150","65","35","16","4","10","1","0","0","0","0","0","1","1","0","0","0","0","0","0","1","0","0","0","0","0","0","1","1","0","1","1","1","7","16","18","24","25","43","3","21","24","15","25","31","63","2","11","10","33","22","43","61","0","10","9","37","28","35","83","2","7","5","12","10","2","16","0","4","14","4","7","5","6","0","2","8","5","7","5","10","0","3","6","2","7","5","5","179","52","40","6","14","1","0","1","23","183","79","56","7","10","1","0","5","43","52","9","14","7","3","1","0","0","8","46","9","7","0","1","0","1","0","1"
"s25","voters","571017","904","337","358","55","3","6","6","0","1","0","138","394","510","146","80","57","20","4","5","0","0","0","0","0","0","1","0","1","0","1","0","2","0","0","0","0","0","0","0","0","0","3","3","5","0","1","8","17","10","10","26","53","2","26","23","27","30","34","70","1","8","9","17","33","36","60","0","5","9","29","29","53","69","0","9","13","7","15","17","11","3","16","11","7","8","10","11","0","0","4","5","5","6","13","1","5","6","5","4","6","11","207","57","35","14","7","1","1","3","12","201","53","39","16","10","2","4","0","33","90","15","14","5","2","2","3","0","7","50","14","1","3","1","0","0","0","2"
"s25","voters","571018","29","11","12","1","0","0","0","0","0","0","5","15","14","5","3","3","1","1","0","0","0","0","0","0","0","0","0","0","0","0","0","0","0","0","0","0","0","0","0","0","0","0","1","0","0","0","1","0","0","2","0","1","0","0","1","1","2","2","1","0","0","0","2","1","0","4","0","0","1","1","0","0","3","0","0","1","0","2","0","0","0","0","1","1","0","0","0","0","0","1","0","0","0","0","0","0","0","0","0","0","0","6","1","2","2","0","0","0","0","0","7","3","0","0","1","0","1","0","0","4","1","0","0","0","0","0","0","0","1","0","0","0","0","0","0","0","0"
"s25","voters","572010","1136","449","467","51","3","7","11","0","6","1","141","474","662","159","90","44","16","12","12","0","1","0","0","0","0","1","0","0","0","2","1","0","0","0","0","0","1","0","0","2","0","3","4","2","0","1","7","11","7","14","24","100","3","16","19","16","12","45","174","0","3","7","14","11","43","128","0","4","2","9","24","39","183","1","5","7","5","5","10","30","0","9","8","9","8","9","35","0","3","2","2","2","7","25","0","4","1","2","5","6","20","282","67","51","12","9","5","1","3","19","283","76","43","19","8","1","5","2","30","84","22","17","1","5","1","5","1","5","51","18","7","0","1","0","1","0","1"
"s25","voters","572015","1185","493","429","55","8","4","11","0","4","0","181","512","673","211","116","87","32","13","11","3","1","0","0","0","0","2","1","2","0","3","0","0","0","2","1","0","0","1","1","2","0","5","3","6","0","0","10","14","15","27","39","84","5","27","34","31","37","55","115","1","12","13","21","36","32","88","2","9","8","20","33","38","116","0","11","11","8","8","13","33","1","9","14","20","11","17","25","1","1","4","7","3","5","15","2","6","7","4","3","12","12","295","89","50","17","12","0","6","4","20","237","68","56","20","11","4","5","4","24","105","21","21","14","5","1","4","2","8","49","18","8","1","1","0","1","1","3"
"s25","voters","572018","533","260","122","27","5","3","5","0","2","0","109","195","338","141","50","55","18","2","2","3","0","1","0","0","0","0","0","0","0","0","1","0","0","0","0","0","0","1","1","1","0","0","2","1","0","1","10","11","19","9","15","18","5","33","33","24","28","21","33","0","2","8","15","7","10","16","0","4","11","10","13","12","14","2","7","8","9","2","9","2","3","15","14","18","8","6","6","0","2","4","2","1","2","4","0","6","5","6","4","3","3","147","64","30","9","4","0","1","0","5","85","16","8","4","3","0","1","1","4","69","11","17","3","5","0","1","1","2","30","7","4","1","0","0","0","0","0"
"s25","voters","572019","1514","554","697","89","2","6","7","0","1","0","158","662","852","94","63","23","15","15","19","3","3","2","3","1","0","2","1","1","0","7","1","5","0","4","2","0","1","0","0","0","0","10","3","4","1","0","3","11","9","10","22","175","1","12","13","8","15","48","227","0","2","3","13","11","30","235","0","3","7","8","10","43","332","1","5","4","3","5","9","61","0","3","6","4","4","8","45","0","0","4","1","2","7","36","0","1","4","2","5","8","35","342","93","61","8","6","2","6","6","30","383","133","66","22","21","0","9","9","54","80","28","18","7","5","1","4","3","12","69","17","8","2","3","0","2","2","2"
"s25","voters","572020","711","294","282","33","3","2","13","0","2","0","82","323","388","100","58","30","19","4","8","2","1","3","0","0","0","0","0","0","0","0","0","0","0","0","2","0","0","0","0","0","0","7","4","1","1","1","12","10","9","21","21","48","2","11","14","22","28","36","59","1","8","11","19","30","31","38","0","9","8","32","26","34","35","3","2","6","2","6","5","6","1","5","6","9","11","13","7","0","0","7","6","6","6","8","0","2","1","4","2","5","6","179","60","33","3","4","1","3","2","9","170","48","31","9","8","1","1","2","12","57","10","6","3","2","2","0","1","1","39","9","3","0","1","0","1","0","0"
"s25","voters","573000","1723","848","531","101","5","5","13","0","3","0","217","715","1008","250","88","61","29","14","10","3","3","0","0","1","0","1","0","0","0","2","4","2","1","2","0","0","0","1","1","1","0","4","13","1","1","2","13","24","19","27","61","166","5","22","34","38","38","111","288","0","14","16","19","14","62","125","1","3","11","17","23","71","155","0","6","8","18","15","24","33","0","8","11","21","12","26","35","0","7","4","3","9","7","19","1","7","5","4","4","15","42","556","125","87","26","21","1","9","6","17","333","65","69","13","18","1","6","3","23","133","32","29","11","7","2","0","1","2","83","20","13","3","4","0","1","1","2"
"s25","voters","573007","555","226","253","30","1","3","1","0","1","0","40","219","336","39","19","7","4","8","8","0","0","0","0","0","0","0","1","1","1","2","0","2","0","0","0","0","0","0","0","0","0","2","2","1","0","0","0","0","1","3","8","68","0","1","1","2","7","24","111","0","0","4","1","1","20","83","0","0","0","0","2","25","117","0","0","0","0","1","2","12","0","0","1","1","0","10","13","1","0","0","1","0","4","9","0","0","1","0","2","4","14","147","43","15","12","3","0","1","2","3","166","34","21","10","9","1","4","1","7","29","4","4","1","0","0","0","0","2","27","3","3","1","2","0","0","0","0"
"s25","voters","573012","990","412","381","53","3","9","6","0","2","0","124","430","560","125","60","33","12","8","12","2","0","0","0","0","0","0","1","0","0","1","2","0","0","1","0","1","0","0","0","0","0","5","1","0","0","1","2","10","9","8","29","100","0","9","15","6","16","41","166","0","1","8","7","7","31","127","2","1","2","2","7","34","152","1","4","4","3","10","8","26","0","3","6","8","4","15","32","0","1","0","0","0","9","24","0","2","1","3","4","6","23","264","65","42","10","5","0","3","2","21","251","61","19","13","7","2","3","2","23","74","23","8","6","3","1","3","0","6","45","20","5","1","2","0","0","0","0"
"s25","voters","573018","1418","591","513","76","3","16","9","0","2","0","208","578","840","236","93","79","25","5","18","6","1","0","1","0","0","0","0","0","1","1","0","0","1","0","2","0","0","3","0","1","0","6","3","5","2","3","17","25","22","23","36","86","2","33","49","34","59","59","143","2","14","20","27","33","40","90","0","5","16","32","27","53","154","2","10","16","17","17","10","29","1","13","13","21","14","12","33","0","2","9","5","3","6","14","0","2","8","7","7","9","34","365","92","67","27","14","2","1","0","23","313","78","61","14","13","2","4","5","23","136","23","22","12","3","0","1","0","11","66","15","16","2","3","2","1","0","1"
"s25","voters","574002","6","0","4","0","0","0","1","0","0","0","1","2","4","0","2","0","0","0","1","0","1","0","0","0","0","0","0","0","0","0","0","0","0","0","0","0","0","0","0","0","0","0","0","0","0","0","0","0","0","0","0","0","0","0","0","0","0","0","0","0","0","0","0","1","0","0","0","0","0","1","0","1","1","0","0","0","0","0","0","0","0","0","1","0","0","0","0","0","1","0","0","0","0","0","0","0","0","0","0","0","0","0","0","0","0","0","0","0","0","0","1","0","2","0","1","0","0","0","0","0","0","0","1","0","0","0","0","0","0","1","0","0","0","0","0","0","0"
"s25","voters","574006","1674","683","662","83","4","13","11","1","5","0","212","737","937","204","125","61","23","16","27","4","2","0","1","1","0","0","0","0","0","1","0","5","1","1","0","0","0","0","4","0","0","5","10","3","3","1","13","26","26","28","42","127","5","43","35","36","44","71","186","1","15","18","23","25","63","178","0","7","21","27","33","71","180","1","12","8","16","9","15","37","2","14","14","25","11","14","34","0","3","8","8","4","10","20","0","5","6","8","8","11","26","445","120","57","16","21","5","2","1","16","394","108","76","21","20","2","16","3","22","139","31","16","8","8","3","3","0","4","85","12","11","5","1","1","2","0","0"
"s25","voters","574007","1030","426","391","58","3","9","8","0","8","0","127","438","592","157","88","43","14","8","12","4","1","1","0","0","0","0","0","1","2","2","1","0","0","5","2","0","0","0","0","0","1","8","10","3","1","3","15","14","15","15","25","70","5","29","33","31","28","55","88","0","10","10","17","29","38","69","2","13","17","24","20","42","100","0","5","15","13","7","11","10","4","6","10","14","7","10","15","1","6","3","9","4","8","16","0","6","5","6","1","7","14","267","73","45","9","5","1","7","2","17","233","71","34","9","9","0","0","6","29","79","13","14","8","6","0","1","1","5","63","14","8","1","0","0","0","0","0"
"s25","voters","574008","1682","692","706","93","5","9","5","0","2","0","170","719","963","145","67","37","8","16","28","4","5","0","0","4","0","1","1","0","0","1","0","0","0","4","4","2","0","1","1","1","0","5","11","0","2","1","12","7","9","20","44","185","1","10","12","11","25","80","275","1","4","5","8","10","52","222","0","6","3","6","19","53","317","0","5","5","6","7","14","51","0","9","6","10","8","7","42","0","2","3","5","2","7","32","0","3","2","2","1","14","41","434","134","45","19","22","4","3","0","31","428","120","61","26","20","7","5","5","34","109","21","18","8","4","1","4","0","5","80","21","6","1","2","3","0","0","1"
"s25","voters","574013","629","260","239","25","2","5","6","0","1","0","91","273","356","105","56","38","10","2","9","7","0","0","0","0","0","0","0","0","0","0","0","1","0","3","0","1","0","0","0","0","0","3","1","0","0","0","7","8","4","15","16","43","1","16","20","18","24","24","64","0","1","11","11","16","26","61","0","5","6","10","19","20","53","0","6","3","1","10","6","11","1","15","8","6","6","7","11","0","2","2","1","4","4","4","0","3","5","4","0","5","5","179","35","19","8","7","0","1","1","10","137","36","29","10","7","1","1","3","15","65","8","6","1","5","1","0","0","5","20","10","6","2","0","0","0","0","1"
"s25","voters","574022","155","78","44","8","1","4","0","0","1","0","19","70","85","50","6","15","4","0","2","0","2","0","0","0","0","0","0","0","0","0","0","0","0","0","0","0","0","1","0","0","0","1","0","0","0","1","5","6","5","6","5","5","2","11","6","5","7","4","10","0","1","3","5","1","4","6","0","3","2","3","4","5","7","0","2","1","2","1","2","2","0","4","1","1","1","1","1","0","0","2","0","2","1","2","0","1","0","3","2","1","0","44","14","8","4","2","1","1","2","2","28","5","5","1","2","0","1","0","2","14","0","3","0","0","1","0","0","1","5","5","3","0","0","0","0","1","0"
"s25","voters","575000","988","459","336","33","8","7","6","0","4","0","135","428","560","184","59","59","15","13","15","3","5","0","0","0","0","0","1","0","0","0","1","0","0","1","1","1","0","0","0","0","0","2","3","0","0","2","10","17","11","6","46","96","3","20","24","20","22","45","137","0","3","6","14","15","30","88","0","3","3","8","13","41","112","3","5","8","4","5","13","17","0","11","14","12","6","9","28","0","1","3","1","5","10","9","0","3","3","0","3","8","12","249","85","55","18","19","5","7","1","20","207","47","34","9","12","1","5","0","21","78","17","15","11","5","1","4","0","4","39","9","4","2","1","1","1","0","1"
"s25","voters","575003","361","161","107","17","1","3","4","0","0","0","68","156","205","84","29","25","8","1","3","1","1","0","0","0","0","0","0","0","0","0","0","0","1","1","0","0","0","0","0","0","0","1","0","1","0","1","4","9","9","4","8","24","1","18","13","15","14","14","27","0","4","7","7","8","8","17","0","2","9","6","4","18","17","1","8","7","4","4","7","5","0","6","1","5","7","8","5","0","1","2","1","1","2","3","0","2","1","1","1","3","7","96","23","23","4","2","1","1","0","11","63","14","16","5","4","0","2","1","2","46","7","5","2","3","0","0","0","5","14","6","4","0","0","1","0","0","0"
"s25","voters","575011","757","348","229","33","8","2","7","0","7","1","122","322","435","160","66","50","20","2","4","1","1","0","0","0","0","1","0","0","1","2","1","1","0","1","0","0","0","0","0","0","0","8","1","4","0","3","8","21","10","10","26","50","3","25","29","24","25","38","76","0","4","9","10","15","28","47","0","5","11","17","20","25","38","2","6","6","5","7","11","16","2","15","6","10","11","8","17","1","2","3","2","2","7","11","0","4","6","6","3","7","4","223","58","36","8","7","3","2","1","10","125","43","28","2","11","0","3","1","16","77","17","12","7","0","3","2","1","3","40","10","5","1","1","0","0","0","1"
"s25","voters","575013","393","198","111","19","1","3","4","0","2","0","55","173","220","94","37","26","12","2","2","3","1","0","0","0","0","0","0","0","0","0","0","0","0","2","0","1","0","0","0","1","0","1","0","1","0","0","4","7","7","6","13","32","2","8","26","13","16","22","42","0","4","4","9","8","14","16","0","1","8","5","8","11","23","1","3","8","3","6","4","9","0","3","6","4","3","3","2","0","2","4","4","3","1","1","0","2","1","2","3","3","3","115","34","27","5","4","1","3","0","9","66","22","7","2","2","0","1","0","11","39","8","2","2","1","0","0","0","3","13","8","5","3","0","0","0","0","0"
"s25","voters","575026","269","104","117","12","6","1","0","0","0","0","29","106","163","24","18","11","2","5","1","0","0","0","0","0","0","0","0","0","0","0","0","0","0","0","0","0","0","0","0","0","0","1","1","0","0","0","3","5","8","3","5","14","0","6","10","6","6","8","30","0","4","8","6","6","6","21","0","0","6","10","10","14","26","0","0","2","2","3","1","4","0","4","3","1","3","2","4","0","1","1","0","2","1","0","0","1","1","0","5","2","5","72","14","10","2","1","0","1","0","4","75","17","11","2","7","0","3","0","2","20","2","4","2","0","0","0","0","1","15","3","0","1","0","0","0","0","0"
"s25","voters","575029","573","247","207","27","3","8","9","0","1","0","71","254","319","92","61","30","16","2","2","0","0","0","0","0","0","0","2","0","0","0","0","1","0","0","0","3","0","0","1","0","0","4","5","4","1","3","5","9","21","22","16","20","4","15","24","32","30","23","23","1","8","13","19","21","21","12","1","6","16","26","26","16","21","1","6","3","8","9","6","6","0","4","5","10","6","2","5","0","4","6","4","5","3","2","0","5","5","1","8","4","1","166","41","16","4","12","0","4","1","3","147","24","22","3","6","1","1","1","2","51","11","3","1","2","0","0","0","3","38","6","3","0","0","0","0","0","1"
"s25","voters","577006","979","370","395","52","4","6","6","0","5","0","141","413","566","156","75","53","22","11","10","3","2","0","0","0","0","0","0","0","0","0","0","1","0","1","1","1","0","1","0","0","0","4","0","1","0","0","16","14","19","23","27","49","0","16","31","27","33","42","73","0","8","6","23","32","35","70","0","5","18","25","34","43","96","1","3","15","12","9","8","14","2","15","13","15","6","12","16","0","1","3","3","4","10","8","1","5","8","7","6","9","8","214","60","51","19","8","0","6","0","12","212","59","45","11","6","2","5","7","48","93","14","14","5","8","0","2","1","4","50","12","6","0","0","0","0","1","4"
"s25","voters","577009","1496","585","586","87","4","9","12","0","5","0","208","671","825","269","98","76","20","8","16","5","6","1","0","2","0","1","1","0","0","0","0","0","0","0","0","1","0","0","0","0","0","5","4","2","0","4","14","33","19","23","39","85","6","35","41","35","56","60","135","2","15","27","32","59","62","101","2","8","20","38","45","69","106","0","15","17","11","21","22","24","6","13","13","18","16","14","18","0","5","9","6","5","14","7","0","16","7","9","11","13","15","333","110","65","26","24","2","6","3","16","347","90","63","18","15","1","9","5","38","120","19","38","10","10","0","3","0","8","72","28","10","4","0","1","1","1","0"
"s25","voters","577020","4","1","3","0","0","0","0","0","0","0","0","2","2","0","3","0","0","0","0","0","0","0","0","0","0","0","0","0","0","0","0","0","0","0","0","0","0","0","0","0","0","0","0","0","0","0","0","0","0","0","0","0","0","0","0","0","0","1","0","0","0","0","0","0","2","0","0","0","0","0","0","0","1","0","0","0","0","0","0","0","0","0","0","0","0","0","0","0","0","0","0","0","0","0","0","0","0","0","0","0","0","1","0","0","0","0","0","0","0","0","0","1","0","0","0","0","1","0","1","0","0","0","0","0","0","0","0","0","0","0","0","0","0","0","0","0","0"
