"county","srprec","addist","cddist","sddist","bedist","TOTREG","DEMREG","REPREG","AIPREG","GRNREG","LIBREG","NLPREG","REFREG","DCLREG","MSCREG","TOTVOTE","DEMVOTE","REPVOTE","AIPVOTE","GRNVOTE","LIBVOTE","NLPVOTE","REFVOTE","DCLVOTE","MSCVOTE","PRCVOTE","ABSVOTE","PR_50_N","PR_50_Y"
"56","0002000","38","24","21","2","6","0","0","0","0","0","0","0","0","0","23","0","0","0","0","0","0","0","0","0","0","0","14","9"
"56","0002001","38","26","21","2","24","0","0","0","0","0","0","0","0","0","16","0","0","0","0","0","0","0","0","0","0","0","5","11"
"56","0002002","38","24","21","2","0","0","0","0","0","0","0","0","0","0","0","0","0","0","0","0","0","0","0","0","0","0","0","0"
"56","0003000","38","26","21","2","309","0","0","0","0","0","0","0","0","0","177","0","0","0","0","0","0","0","0","0","0","0","96","81"
"56","0003001","38","26","21","2","8","0","0","0","0","0","0","0","0","0","4","0","0","0","0","0","0","0","0","0","0","0","***","***"
"56","0003002","38","26","21","2","9","0","0","0","0","0","0","0","0","0","8","0","0","0","0","0","0","0","0","0","0","0","***","***"
"56","0003003","38","26","21","2","71","0","0","0","0","0","0","0","0","0","47","0","0","0","0","0","0","0","0","0","0","0","23","24"
"56","0003004","38","26","21","2","0","0","0","0","0","0","0","0","0","0","0","0","0","0","0","0","0","0","0","0","0","0","0","0"
"56","0003005","38","26","21","2","0","0","0","0","0","0","0","0","0","0","0","0","0","0","0","0","0","0","0","0","0","0","0","0"
"56","0003006","38","26","21","2","0","0","0","0","0","0","0","0","0","0","1","0","0","0","0","0","0","0","0","0","0","0","***","***"
"56","0003007","42","26","21","2","1","0","0","0","0","0","0","0","0","0","0","0","0","0","0","0","0","0","0","0","0","0","0","0"
"56","0003008","38","26","21","2","0","0","0","0","0","0","0","0","0","0","0","0","0","0","0","0","0","0","0","0","0","0","0","0"
"56","0003009","38","26","21","2","0","0","0","0","0","0","0","0","0","0","0","0","0","0","0","0","0","0","0","0","0","0","0","0"
"56","0003010","42","26","21","2","0","0","0","0","0","0","0","0","0","0","0","0","0","0","0","0","0","0","0","0","0","0","0","0"
"56","0003011","38","26","21","2","0","0","0","0","0","0","0","0","0","0","0","0","0","0","0","0","0","0","0","0","0","0","0","0"
"56","0003012","38","26","21","2","3","0","0","0","0","0","0","0","0","0","3","0","0","0","0","0","0","0","0","0","0","0","***","***"
"56","0004000","38","26","21","2","7","0","0","0","0","0","0","0","0","0","6","0","0","0","0","0","0","0","0","0","0","0","***","***"
"56","0004001","38","26","21","2","2","0","0","0","0","0","0","0","0","0","2","0","0","0","0","0","0","0","0","0","0","0","***","***"
"56","0004002","38","26","21","2","54","0","0","0","0","0","0","0","0","0","36","0","0","0","0","0","0","0","0","0","0","0","23","13"
"56","0004003","38","26","21","2","0","0","0","0","0","0","0","0","0","0","0","0","0","0","0","0","0","0","0","0","0","0","0","0"
"56","0004004","38","26","21","2","6","0","0","0","0","0","0","0","0","0","5","0","0","0","0","0","0","0","0","0","0","0","***","***"
"56","0004005","38","26","21","2","0","0","0","0","0","0","0","0","0","0","0","0","0","0","0","0","0","0","0","0","0","0","0","0"
"56","0004006","38","26","21","2","0","0","0","0","0","0","0","0","0","0","0","0","0","0","0","0","0","0","0","0","0","0","0","0"
"56","0004007","38","26","21","2","3","0","0","0","0","0","0","0","0","0","3","0","0","0","0","0","0","0","0","0","0","0","***","***"
"56","0004008","38","26","21","2","0","0","0","0","0","0","0","0","0","0","0","0","0","0","0","0","0","0","0","0","0","0","0","0"
"56","0004009","38","26","21","2","0","0","0","0","0","0","0","0","0","0","0","0","0","0","0","0","0","0","0","0","0","0","0","0"
"56","0004010","38","26","21","2","137","0","0","0","0","0","0","0","0","0","48","0","0","0","0","0","0","0","0","0","0","0","4","44"
"56","0004011","38","26","21","2","67","0","0","0","0","0","0","0","0","0","39","0","0","0","0","0","0","0","0","0","0","0","23","16"
"56","0004100","38","26","21","2","148","0","0","0","0","0","0","0","0","0","49","0","0","0","0","0","0","0","0","0","0","0","13","36"
"56","0004101","38","26","21","2","0","0","0","0","0","0","0","0","0","0","0","0","0","0","0","0","0","0","0","0","0","0","0","0"
"56","0004102","38","26","21","2","2","0","0","0","0","0","0","0","0","0","0","0","0","0","0","0","0","0","0","0","0","0","0","0"
"56","0004103","38","26","21","2","140","0","0","0","0","0","0","0","0","0","62","0","0","0","0","0","0","0","0","0","0","0","37","25"
"56","0004104","38","26","21","2","0","0","0","0","0","0","0","0","0","0","0","0","0","0","0","0","0","0","0","0","0","0","0","0"
"56","0004105","38","26","21","2","102","0","0","0","0","0","0","0","0","0","72","0","0","0","0","0","0","0","0","0","0","0","24","48"
"56","0004106","38","26","21","2","29","0","0","0","0","0","0","0","0","0","11","0","0","0","0","0","0","0","0","0","0","0","6","5"
"56","0005000","42","26","21","2","14","0","0","0","0","0","0","0","0","0","10","0","0","0","0","0","0","0","0","0","0","0","0","10"
"56","0005001","42","26","21","2","2","0","0","0","0","0","0","0","0","0","1","0","0","0","0","0","0","0","0","0","0","0","***","***"
"56","0005002","42","26","21","2","3","0","0","0","0","0","0","0","0","0","1","0","0","0","0","0","0","0","0","0","0","0","***","***"
"56","0005003","42","26","21","2","16","0","0","0","0","0","0","0","0","0","7","0","0","0","0","0","0","0","0","0","0","0","***","***"
"56","0005004","42","26","21","2","4","0","0","0","0","0","0","0","0","0","5","0","0","0","0","0","0","0","0","0","0","0","***","***"
"56","0005005","42","26","21","2","0","0","0","0","0","0","0","0","0","0","0","0","0","0","0","0","0","0","0","0","0","0","0","0"
"56","0005006","42","26","21","2","0","0","0","0","0","0","0","0","0","0","0","0","0","0","0","0","0","0","0","0","0","0","0","0"
"56","0005007","42","26","27","2","7","0","0","0","0","0","0","0","0","0","3","0","0","0","0","0","0","0","0","0","0","0","***","***"
"56","0005008","42","26","27","2","11","0","0","0","0","0","0","0","0","0","7","0","0","0","0","0","0","0","0","0","0","0","***","***"
"56","0005009","42","26","27","2","0","0","0","0","0","0","0","0","0","0","0","0","0","0","0","0","0","0","0","0","0","0","0","0"
"56","0005010","38","26","21","2","0","0","0","0","0","0","0","0","0","0","0","0","0","0","0","0","0","0","0","0","0","0","0","0"
"56","0005100","42","26","21","2","3","0","0","0","0","0","0","0","0","0","4","0","0","0","0","0","0","0","0","0","0","0","***","***"
"56","0005300","42","26","21","2","1480","0","0","0","0","0","0","0","0","0","881","0","0","0","0","0","0","0","0","0","0","0","235","645"
"56","0005301","42","26","21","2","34","0","0","0","0","0","0","0","0","0","16","0","0","0","0","0","0","0","0","0","0","0","7","9"
"56","0005302","42","26","21","2","5","0","0","0","0","0","0","0","0","0","2","0","0","0","0","0","0","0","0","0","0","0","***","***"
"56","0005303","42","26","21","2","2","0","0","0","0","0","0","0","0","0","0","0","0","0","0","0","0","0","0","0","0","0","0","0"
"56","0005304","42","26","21","2","5","0","0","0","0","0","0","0","0","0","0","0","0","0","0","0","0","0","0","0","0","0","0","0"
"56","0005305","42","26","21","2","3","0","0","0","0","0","0","0","0","0","2","0","0","0","0","0","0","0","0","0","0","0","***","***"
"56","0005306","42","26","21","2","0","0","0","0","0","0","0","0","0","0","0","0","0","0","0","0","0","0","0","0","0","0","0","0"
"56","0005307","42","26","21","2","21","0","0","0","0","0","0","0","0","0","8","0","0","0","0","0","0","0","0","0","0","0","***","***"
"56","0005308","42","26","21","2","0","0","0","0","0","0","0","0","0","0","0","0","0","0","0","0","0","0","0","0","0","0","0","0"
"56","0005309","42","26","21","2","0","0","0","0","0","0","0","0","0","0","0","0","0","0","0","0","0","0","0","0","0","0","0","0"
"56","0005310","42","26","21","2","7","0","0","0","0","0","0","0","0","0","4","0","0","0","0","0","0","0","0","0","0","0","***","***"
"56","0005311","42","26","21","2","6","0","0","0","0","0","0","0","0","0","2","0","0","0","0","0","0","0","0","0","0","0","***","***"
"56","0005312","42","26","21","2","8","0","0","0","0","0","0","0","0","0","4","0","0","0","0","0","0","0","0","0","0","0","***","***"
"56","0005313","42","26","21","2","2","0","0","0","0","0","0","0","0","0","1","0","0","0","0","0","0","0","0","0","0","0","***","***"
"56","0006900","38","26","21","2","845","0","0","0","0","0","0","0","0","0","542","0","0","0","0","0","0","0","0","0","0","0","248","294"
"56","0006901","38","26","21","2","963","0","0","0","0","0","0","0","0","0","610","0","0","0","0","0","0","0","0","0","0","0","318","292"
"56","0006902","38","26","21","2","835","0","0","0","0","0","0","0","0","0","540","0","0","0","0","0","0","0","0","0","0","0","249","291"
"56","0006903","38","26","21","2","654","0","0","0","0","0","0","0","0","0","411","0","0","0","0","0","0","0","0","0","0","0","207","203"
"56","0006904","42","26","21","2","981","0","0","0","0","0","0","0","0","0","646","0","0","0","0","0","0","0","0","0","0","0","284","362"
"56","0006905","42","26","21","2","794","0","0","0","0","0","0","0","0","0","480","0","0","0","0","0","0","0","0","0","0","0","246","234"
"56","0006906","42","26","21","2","0","0","0","0","0","0","0","0","0","0","0","0","0","0","0","0","0","0","0","0","0","0","0","0"
"56","0006907","38","26","21","2","472","0","0","0","0","0","0","0","0","0","286","0","0","0","0","0","0","0","0","0","0","0","111","174"
"56","0006908","42","26","21","2","763","0","0","0","0","0","0","0","0","0","631","0","0","0","0","0","0","0","0","0","0","0","249","382"
"56","0006909","42","26","21","2","623","0","0","0","0","0","0","0","0","0","467","0","0","0","0","0","0","0","0","0","0","0","204","263"
"56","0006910","42","26","21","2","751","0","0","0","0","0","0","0","0","0","618","0","0","0","0","0","0","0","0","0","0","0","235","383"
"56","0006911","42","26","21","2","635","0","0","0","0","0","0","0","0","0","507","0","0","0","0","0","0","0","0","0","0","0","208","299"
"56","0006912","42","26","21","2","746","0","0","0","0","0","0","0","0","0","551","0","0","0","0","0","0","0","0","0","0","0","262","289"
"56","0006913","42","26","21","2","667","0","0","0","0","0","0","0","0","0","422","0","0","0","0","0","0","0","0","0","0","0","180","242"
"56","0006914","38","26","21","2","117","0","0","0","0","0","0","0","0","0","64","0","0","0","0","0","0","0","0","0","0","0","19","45"
"56","0006915","38","26","21","2","25","0","0","0","0","0","0","0","0","0","12","0","0","0","0","0","0","0","0","0","0","0","8","4"
"56","0006916","42","26","21","2","251","0","0","0","0","0","0","0","0","0","147","0","0","0","0","0","0","0","0","0","0","0","62","85"
"56","0006917","42","26","21","2","5","0","0","0","0","0","0","0","0","0","3","0","0","0","0","0","0","0","0","0","0","0","***","***"
"56","0006918","38","26","21","2","0","0","0","0","0","0","0","0","0","0","0","0","0","0","0","0","0","0","0","0","0","0","0","0"
"56","0006919","38","26","21","2","76","0","0","0","0","0","0","0","0","0","52","0","0","0","0","0","0","0","0","0","0","0","32","20"
"56","0006920","38","26","21","2","0","0","0","0","0","0","0","0","0","0","0","0","0","0","0","0","0","0","0","0","0","0","0","0"
"56","0006921","42","26","21","2","879","0","0","0","0","0","0","0","0","0","611","0","0","0","0","0","0","0","0","0","0","0","346","265"
"56","0006922","42","26","21","2","674","0","0","0","0","0","0","0","0","0","378","0","0","0","0","0","0","0","0","0","0","0","152","226"
"56","0006923","42","26","21","2","174","0","0","0","0","0","0","0","0","0","100","0","0","0","0","0","0","0","0","0","0","0","53","46"
"56","0006924","42","26","21","2","440","0","0","0","0","0","0","0","0","0","270","0","0","0","0","0","0","0","0","0","0","0","98","172"
"56","0006925","38","26","21","2","473","0","0","0","0","0","0","0","0","0","318","0","0","0","0","0","0","0","0","0","0","0","154","164"
"56","0006926","38","26","21","2","515","0","0","0","0","0","0","0","0","0","350","0","0","0","0","0","0","0","0","0","0","0","167","183"
"56","0006927","42","26","21","2","0","0","0","0","0","0","0","0","0","0","0","0","0","0","0","0","0","0","0","0","0","0","0","0"
"56","0006928","42","26","21","2","0","0","0","0","0","0","0","0","0","0","0","0","0","0","0","0","0","0","0","0","0","0","0","0"
"56","0006929","42","26","21","2","206","0","0","0","0","0","0","0","0","0","120","0","0","0","0","0","0","0","0","0","0","0","40","80"
"56","0006930","42","26","21","2","564","0","0","0","0","0","0","0","0","0","415","0","0","0","0","0","0","0","0","0","0","0","199","216"
"56","0006931","42","26","21","2","0","0","0","0","0","0","0","0","0","0","0","0","0","0","0","0","0","0","0","0","0","0","0","0"
"56","0006932","42","26","21","2","9","0","0","0","0","0","0","0","0","0","3","0","0","0","0","0","0","0","0","0","0","0","***","***"
"56","0006933","42","26","21","2","0","0","0","0","0","0","0","0","0","0","0","0","0","0","0","0","0","0","0","0","0","0","0","0"
"56","0006934","42","26","21","2","319","0","0","0","0","0","0","0","0","0","205","0","0","0","0","0","0","0","0","0","0","0","114","91"
"56","0006935","42","26","21","2","62","0","0","0","0","0","0","0","0","0","45","0","0","0","0","0","0","0","0","0","0","0","20","25"
"56","0006936","42","26","21","2","0","0","0","0","0","0","0","0","0","0","0","0","0","0","0","0","0","0","0","0","0","0","0","0"
"56","0006937","42","26","21","2","0","0","0","0","0","0","0","0","0","0","0","0","0","0","0","0","0","0","0","0","0","0","0","0"
"56","0006938","42","26","21","2","0","0","0","0","0","0","0","0","0","0","0","0","0","0","0","0","0","0","0","0","0","0","0","0"
"56","0007000","38","26","21","2","906","0","0","0","0","0","0","0","0","0","464","0","0","0","0","0","0","0","0","0","0","0","200","264"
"56","0007001","38","26","21","2","568","0","0","0","0","0","0","0","0","0","403","0","0","0","0","0","0","0","0","0","0","0","176","227"
"56","0007002","42","26","21","2","840","0","0","0","0","0","0","0","0","0","458","0","0","0","0","0","0","0","0","0","0","0","206","252"
"56","0007003","42","26","21","2","523","0","0","0","0","0","0","0","0","0","270","0","0","0","0","0","0","0","0","0","0","0","87","183"
"56","0007004","38","26","21","2","0","0","0","0","0","0","0","0","0","0","0","0","0","0","0","0","0","0","0","0","0","0","0","0"
"56","0007005","38","26","21","2","714","0","0","0","0","0","0","0","0","0","423","0","0","0","0","0","0","0","0","0","0","0","185","238"
"56","0007006","38","26","21","2","523","0","0","0","0","0","0","0","0","0","296","0","0","0","0","0","0","0","0","0","0","0","136","160"
"56","0007007","38","26","21","2","804","0","0","0","0","0","0","0","0","0","473","0","0","0","0","0","0","0","0","0","0","0","219","253"
"56","0007008","38","26","21","2","822","0","0","0","0","0","0","0","0","0","464","0","0","0","0","0","0","0","0","0","0","0","163","300"
"56","0007009","38","26","21","2","789","0","0","0","0","0","0","0","0","0","452","0","0","0","0","0","0","0","0","0","0","0","201","251"
"56","0007010","38","26","21","2","831","0","0","0","0","0","0","0","0","0","482","0","0","0","0","0","0","0","0","0","0","0","234","247"
"56","0007011","42","26","21","2","224","0","0","0","0","0","0","0","0","0","120","0","0","0","0","0","0","0","0","0","0","0","40","80"
"56","0007012","42","26","21","2","0","0","0","0","0","0","0","0","0","0","0","0","0","0","0","0","0","0","0","0","0","0","0","0"
"56","0007013","38","26","21","2","656","0","0","0","0","0","0","0","0","0","379","0","0","0","0","0","0","0","0","0","0","0","150","229"
"56","0007014","38","26","21","2","100","0","0","0","0","0","0","0","0","0","62","0","0","0","0","0","0","0","0","0","0","0","44","18"
"56","0007015","38","26","21","2","674","0","0","0","0","0","0","0","0","0","412","0","0","0","0","0","0","0","0","0","0","0","203","209"
"56","0007016","38","26","21","2","515","0","0","0","0","0","0","0","0","0","305","0","0","0","0","0","0","0","0","0","0","0","142","163"
"56","0007017","38","26","21","2","697","0","0","0","0","0","0","0","0","0","380","0","0","0","0","0","0","0","0","0","0","0","142","238"
"56","0007018","38","26","21","2","565","0","0","0","0","0","0","0","0","0","349","0","0","0","0","0","0","0","0","0","0","0","165","184"
"56","0007019","38","26","21","2","516","0","0","0","0","0","0","0","0","0","315","0","0","0","0","0","0","0","0","0","0","0","162","153"
"56","0007020","38","26","21","2","224","0","0","0","0","0","0","0","0","0","128","0","0","0","0","0","0","0","0","0","0","0","51","77"
"56","0007021","42","26","21","2","576","0","0","0","0","0","0","0","0","0","450","0","0","0","0","0","0","0","0","0","0","0","190","260"
"56","0007022","38","26","21","2","87","0","0","0","0","0","0","0","0","0","48","0","0","0","0","0","0","0","0","0","0","0","34","14"
"56","0007023","42","26","21","2","612","0","0","0","0","0","0","0","0","0","378","0","0","0","0","0","0","0","0","0","0","0","179","199"
"56","0007024","42","26","21","2","561","0","0","0","0","0","0","0","0","0","323","0","0","0","0","0","0","0","0","0","0","0","136","187"
"56","0007025","38","26","21","2","168","0","0","0","0","0","0","0","0","0","115","0","0","0","0","0","0","0","0","0","0","0","50","65"
"56","0007026","42","26","21","2","441","0","0","0","0","0","0","0","0","0","240","0","0","0","0","0","0","0","0","0","0","0","98","142"
"56","0007027","42","26","21","2","43","0","0","0","0","0","0","0","0","0","40","0","0","0","0","0","0","0","0","0","0","0","22","18"
"56","0007028","42","26","21","2","435","0","0","0","0","0","0","0","0","0","262","0","0","0","0","0","0","0","0","0","0","0","108","154"
"56","0007029","42","26","21","2","576","0","0","0","0","0","0","0","0","0","375","0","0","0","0","0","0","0","0","0","0","0","142","233"
"56","0007030","42","26","21","2","714","0","0","0","0","0","0","0","0","0","427","0","0","0","0","0","0","0","0","0","0","0","206","221"
"56","0007031","42","26","21","2","429","0","0","0","0","0","0","0","0","0","268","0","0","0","0","0","0","0","0","0","0","0","92","176"
"56","0007032","42","26","21","2","1143","0","0","0","0","0","0","0","0","0","547","0","0","0","0","0","0","0","0","0","0","0","209","338"
"56","0007033","42","26","21","2","762","0","0","0","0","0","0","0","0","0","423","0","0","0","0","0","0","0","0","0","0","0","173","250"
"56","0007034","42","26","21","2","777","0","0","0","0","0","0","0","0","0","448","0","0","0","0","0","0","0","0","0","0","0","177","271"
"56","0007035","42","26","21","2","331","0","0","0","0","0","0","0","0","0","167","0","0","0","0","0","0","0","0","0","0","0","69","98"
"56","0007036","38","26","21","2","769","0","0","0","0","0","0","0","0","0","509","0","0","0","0","0","0","0","0","0","0","0","240","267"
"56","0007037","42","26","21","2","0","0","0","0","0","0","0","0","0","0","0","0","0","0","0","0","0","0","0","0","0","0","0","0"
"56","0007038","42","26","21","2","0","0","0","0","0","0","0","0","0","0","0","0","0","0","0","0","0","0","0","0","0","0","0","0"
"56","0007039","42","26","21","2","0","0","0","0","0","0","0","0","0","0","0","0","0","0","0","0","0","0","0","0","0","0","0","0"
"56","0007040","42","26","21","2","712","0","0","0","0","0","0","0","0","0","499","0","0","0","0","0","0","0","0","0","0","0","248","251"
"56","0007041","42","26","21","2","414","0","0","0","0","0","0","0","0","0","249","0","0","0","0","0","0","0","0","0","0","0","118","131"
"56","0007042","38","26","21","2","67","0","0","0","0","0","0","0","0","0","56","0","0","0","0","0","0","0","0","0","0","0","29","27"
"56","0007043","38","26","21","2","52","0","0","0","0","0","0","0","0","0","31","0","0","0","0","0","0","0","0","0","0","0","14","17"
"56","0007044","42","26","21","2","36","0","0","0","0","0","0","0","0","0","8","0","0","0","0","0","0","0","0","0","0","0","***","***"
"56","0007045","38","26","21","2","2","0","0","0","0","0","0","0","0","0","2","0","0","0","0","0","0","0","0","0","0","0","***","***"
"56","0007046","42","26","21","2","530","0","0","0","0","0","0","0","0","0","336","0","0","0","0","0","0","0","0","0","0","0","144","192"
"56","0007047","38","26","21","2","3","0","0","0","0","0","0","0","0","0","3","0","0","0","0","0","0","0","0","0","0","0","***","***"
"56","0007048","42","26","21","2","12","0","0","0","0","0","0","0","0","0","7","0","0","0","0","0","0","0","0","0","0","0","***","***"
"56","0007049","42","26","21","2","575","0","0","0","0","0","0","0","0","0","278","0","0","0","0","0","0","0","0","0","0","0","117","161"
"56","0007050","42","26","21","2","487","0","0","0","0","0","0","0","0","0","224","0","0","0","0","0","0","0","0","0","0","0","60","164"
"56","0007051","42","26","21","2","751","0","0","0","0","0","0","0","0","0","438","0","0","0","0","0","0","0","0","0","0","0","183","255"
"56","0007052","42","26","21","2","782","0","0","0","0","0","0","0","0","0","395","0","0","0","0","0","0","0","0","0","0","0","166","229"
"56","0007053","38","26","21","2","800","0","0","0","0","0","0","0","0","0","348","0","0","0","0","0","0","0","0","0","0","0","129","219"
"56","0007054","42","26","21","2","773","0","0","0","0","0","0","0","0","0","447","0","0","0","0","0","0","0","0","0","0","0","176","271"
"56","0007055","42","26","21","2","0","0","0","0","0","0","0","0","0","0","0","0","0","0","0","0","0","0","0","0","0","0","0","0"
"56","0007056","42","26","21","2","4","0","0","0","0","0","0","0","0","0","1","0","0","0","0","0","0","0","0","0","0","0","***","***"
"56","0007057","42","26","21","2","0","0","0","0","0","0","0","0","0","0","0","0","0","0","0","0","0","0","0","0","0","0","0","0"
"56","0007058","38","26","21","2","0","0","0","0","0","0","0","0","0","0","0","0","0","0","0","0","0","0","0","0","0","0","0","0"
"56","0007059","38","26","21","2","0","0","0","0","0","0","0","0","0","0","0","0","0","0","0","0","0","0","0","0","0","0","0","0"
"56","0007060","38","26","21","2","143","0","0","0","0","0","0","0","0","0","85","0","0","0","0","0","0","0","0","0","0","0","41","44"
"56","0007061","42","26","21","2","0","0","0","0","0","0","0","0","0","0","0","0","0","0","0","0","0","0","0","0","0","0","0","0"
"56","0007062","38","26","21","2","990","0","0","0","0","0","0","0","0","0","409","0","0","0","0","0","0","0","0","0","0","0","107","302"
"56","0007063","38","26","21","2","838","0","0","0","0","0","0","0","0","0","391","0","0","0","0","0","0","0","0","0","0","0","149","242"
"56","0007064","38","26","21","2","917","0","0","0","0","0","0","0","0","0","575","0","0","0","0","0","0","0","0","0","0","0","282","293"
"56","0007065","38","26","21","2","452","0","0","0","0","0","0","0","0","0","248","0","0","0","0","0","0","0","0","0","0","0","145","103"
"56","0007066","38","26","21","2","565","0","0","0","0","0","0","0","0","0","343","0","0","0","0","0","0","0","0","0","0","0","140","203"
"56","0007067","38","26","21","2","289","0","0","0","0","0","0","0","0","0","182","0","0","0","0","0","0","0","0","0","0","0","112","70"
"56","0007068","38","26","21","2","1019","0","0","0","0","0","0","0","0","0","513","0","0","0","0","0","0","0","0","0","0","0","228","284"
"56","0007069","38","26","21","2","328","0","0","0","0","0","0","0","0","0","210","0","0","0","0","0","0","0","0","0","0","0","105","105"
"56","0007070","38","26","21","2","489","0","0","0","0","0","0","0","0","0","241","0","0","0","0","0","0","0","0","0","0","0","84","156"
"56","0007071","38","26","21","2","839","0","0","0","0","0","0","0","0","0","486","0","0","0","0","0","0","0","0","0","0","0","179","307"
"56","0007072","42","26","21","2","14","0","0","0","0","0","0","0","0","0","5","0","0","0","0","0","0","0","0","0","0","0","***","***"
"56","0007073","42","26","21","2","2","0","0","0","0","0","0","0","0","0","1","0","0","0","0","0","0","0","0","0","0","0","***","***"
"56","0007074","38","26","21","2","1062","0","0","0","0","0","0","0","0","0","490","0","0","0","0","0","0","0","0","0","0","0","185","304"
"56","0007075","38","26","21","2","0","0","0","0","0","0","0","0","0","0","0","0","0","0","0","0","0","0","0","0","0","0","0","0"
"56","0007076","42","26","21","2","0","0","0","0","0","0","0","0","0","0","0","0","0","0","0","0","0","0","0","0","0","0","0","0"
"56","0007077","42","26","21","2","0","0","0","0","0","0","0","0","0","0","0","0","0","0","0","0","0","0","0","0","0","0","0","0"
"56","0007078","42","26","21","2","909","0","0","0","0","0","0","0","0","0","588","0","0","0","0","0","0","0","0","0","0","0","310","278"
"56","0007300","42","26","21","2","0","0","0","0","0","0","0","0","0","0","0","0","0","0","0","0","0","0","0","0","0","0","0","0"
"56","0008000","38","24","21","2","55","0","0","0","0","0","0","0","0","0","26","0","0","0","0","0","0","0","0","0","0","0","9","17"
"56","0008001","38","24","21","2","46","0","0","0","0","0","0","0","0","0","23","0","0","0","0","0","0","0","0","0","0","0","12","11"
"56","0008002","38","24","21","2","4","0","0","0","0","0","0","0","0","0","2","0","0","0","0","0","0","0","0","0","0","0","***","***"
"56","0008003","38","24","21","2","18","0","0","0","0","0","0","0","0","0","13","0","0","0","0","0","0","0","0","0","0","0","3","10"
"56","0008004","38","24","21","2","11","0","0","0","0","0","0","0","0","0","10","0","0","0","0","0","0","0","0","0","0","0","0","10"
"56","0008005","38","24","21","2","196","0","0","0","0","0","0","0","0","0","129","0","0","0","0","0","0","0","0","0","0","0","40","89"
"56","0008006","38","24","21","2","2","0","0","0","0","0","0","0","0","0","1","0","0","0","0","0","0","0","0","0","0","0","***","***"
"56","0008007","38","24","21","2","73","0","0","0","0","0","0","0","0","0","31","0","0","0","0","0","0","0","0","0","0","0","16","15"
"56","0008008","38","24","21","2","270","0","0","0","0","0","0","0","0","0","158","0","0","0","0","0","0","0","0","0","0","0","55","103"
"56","0008009","38","24","21","2","9","0","0","0","0","0","0","0","0","0","2","0","0","0","0","0","0","0","0","0","0","0","***","***"
"56","0008010","38","24","21","2","5","0","0","0","0","0","0","0","0","0","4","0","0","0","0","0","0","0","0","0","0","0","***","***"
"56","0008011","38","24","21","2","9","0","0","0","0","0","0","0","0","0","6","0","0","0","0","0","0","0","0","0","0","0","***","***"
"56","0008012","38","24","21","2","1","0","0","0","0","0","0","0","0","0","1","0","0","0","0","0","0","0","0","0","0","0","***","***"
"56","0008013","38","24","21","2","2","0","0","0","0","0","0","0","0","0","0","0","0","0","0","0","0","0","0","0","0","0","0","0"
"56","0008014","38","24","21","2","0","0","0","0","0","0","0","0","0","0","0","0","0","0","0","0","0","0","0","0","0","0","0","0"
"56","0008015","38","24","21","2","2","0","0","0","0","0","0","0","0","0","2","0","0","0","0","0","0","0","0","0","0","0","***","***"
"56","0008016","38","24","21","2","11","0","0","0","0","0","0","0","0","0","4","0","0","0","0","0","0","0","0","0","0","0","***","***"
"56","0008017","38","24","21","2","19","0","0","0","0","0","0","0","0","0","10","0","0","0","0","0","0","0","0","0","0","0","3","7"
"56","0008018","38","24","21","2","8","0","0","0","0","0","0","0","0","0","0","0","0","0","0","0","0","0","0","0","0","0","0","0"
"56","0008019","38","24","21","2","0","0","0","0","0","0","0","0","0","0","0","0","0","0","0","0","0","0","0","0","0","0","0","0"
"56","0008020","38","24","21","2","0","0","0","0","0","0","0","0","0","0","0","0","0","0","0","0","0","0","0","0","0","0","0","0"
"56","0008021","38","24","21","2","41","0","0","0","0","0","0","0","0","0","31","0","0","0","0","0","0","0","0","0","0","0","11","20"
"56","0008022","38","24","21","2","13","0","0","0","0","0","0","0","0","0","12","0","0","0","0","0","0","0","0","0","0","0","5","7"
"56","0008023","38","24","21","2","6","0","0","0","0","0","0","0","0","0","4","0","0","0","0","0","0","0","0","0","0","0","***","***"
"56","0008024","38","24","21","2","0","0","0","0","0","0","0","0","0","0","0","0","0","0","0","0","0","0","0","0","0","0","0","0"
"56","0008025","38","24","21","2","0","0","0","0","0","0","0","0","0","0","0","0","0","0","0","0","0","0","0","0","0","0","0","0"
"56","0008026","38","24","21","2","2","0","0","0","0","0","0","0","0","0","2","0","0","0","0","0","0","0","0","0","0","0","***","***"
"56","0008027","38","24","21","2","35","0","0","0","0","0","0","0","0","0","14","0","0","0","0","0","0","0","0","0","0","0","7","7"
"56","0008028","38","24","21","2","6","0","0","0","0","0","0","0","0","0","1","0","0","0","0","0","0","0","0","0","0","0","***","***"
"56","0008029","38","24","21","2","38","0","0","0","0","0","0","0","0","0","24","0","0","0","0","0","0","0","0","0","0","0","7","17"
"56","0008030","38","24","21","2","25","0","0","0","0","0","0","0","0","0","15","0","0","0","0","0","0","0","0","0","0","0","6","9"
"56","0008031","38","24","21","2","1","0","0","0","0","0","0","0","0","0","1","0","0","0","0","0","0","0","0","0","0","0","***","***"
"56","0008032","38","26","21","2","3","0","0","0","0","0","0","0","0","0","3","0","0","0","0","0","0","0","0","0","0","0","***","***"
"56","0008033","38","24","21","2","5","0","0","0","0","0","0","0","0","0","0","0","0","0","0","0","0","0","0","0","0","0","0","0"
"56","0008034","38","24","21","2","0","0","0","0","0","0","0","0","0","0","0","0","0","0","0","0","0","0","0","0","0","0","0","0"
"56","0009000","38","26","21","2","0","0","0","0","0","0","0","0","0","0","0","0","0","0","0","0","0","0","0","0","0","0","0","0"
"56","0009001","38","26","21","2","0","0","0","0","0","0","0","0","0","0","0","0","0","0","0","0","0","0","0","0","0","0","0","0"
"56","0009002","38","26","21","2","0","0","0","0","0","0","0","0","0","0","0","0","0","0","0","0","0","0","0","0","0","0","0","0"
"56","0010100","38","26","21","2","61","0","0","0","0","0","0","0","0","0","44","0","0","0","0","0","0","0","0","0","0","0","35","9"
"56","0010200","38","26","21","2","139","0","0","0","0","0","0","0","0","0","99","0","0","0","0","0","0","0","0","0","0","0","62","37"
"56","0010201","38","26","21","2","20","0","0","0","0","0","0","0","0","0","9","0","0","0","0","0","0","0","0","0","0","0","***","***"
"56","0010202","38","26","21","2","9","0","0","0","0","0","0","0","0","0","2","0","0","0","0","0","0","0","0","0","0","0","***","***"
"56","0010203","38","26","21","2","18","0","0","0","0","0","0","0","0","0","0","0","0","0","0","0","0","0","0","0","0","0","0","0"
"56","0010204","38","26","21","2","0","0","0","0","0","0","0","0","0","0","0","0","0","0","0","0","0","0","0","0","0","0","0","0"
"56","0010205","38","26","21","2","5","0","0","0","0","0","0","0","0","0","3","0","0","0","0","0","0","0","0","0","0","0","***","***"
"56","0010206","38","26","21","2","0","0","0","0","0","0","0","0","0","0","0","0","0","0","0","0","0","0","0","0","0","0","0","0"
"56","0010207","38","26","21","2","0","0","0","0","0","0","0","0","0","0","0","0","0","0","0","0","0","0","0","0","0","0","0","0"
"56","0010208","38","26","21","2","0","0","0","0","0","0","0","0","0","0","0","0","0","0","0","0","0","0","0","0","0","0","0","0"
"56","0010209","38","26","21","2","0","0","0","0","0","0","0","0","0","0","0","0","0","0","0","0","0","0","0","0","0","0","0","0"
"56","0010210","38","26","21","2","2","0","0","0","0","0","0","0","0","0","2","0","0","0","0","0","0","0","0","0","0","0","***","***"
"56","0010211","38","26","21","2","72","0","0","0","0","0","0","0","0","0","28","0","0","0","0","0","0","0","0","0","0","0","20","8"
"56","0010212","38","26","21","2","4","0","0","0","0","0","0","0","0","0","0","0","0","0","0","0","0","0","0","0","0","0","0","0"
"56","0011000","38","26","21","2","798","0","0","0","0","0","0","0","0","0","488","0","0","0","0","0","0","0","0","0","0","0","120","367"
"56","0011001","38","26","21","2","272","0","0","0","0","0","0","0","0","0","176","0","0","0","0","0","0","0","0","0","0","0","58","118"
"56","0011002","38","26","21","2","8","0","0","0","0","0","0","0","0","0","7","0","0","0","0","0","0","0","0","0","0","0","***","***"
"56","0011003","38","26","21","2","2","0","0","0","0","0","0","0","0","0","2","0","0","0","0","0","0","0","0","0","0","0","***","***"
"56","0011004","38","26","21","2","2","0","0","0","0","0","0","0","0","0","2","0","0","0","0","0","0","0","0","0","0","0","***","***"
"56","0011005","38","26","21","2","2","0","0","0","0","0","0","0","0","0","0","0","0","0","0","0","0","0","0","0","0","0","0","0"
"56","0011006","38","24","21","2","12","0","0","0","0","0","0","0","0","0","8","0","0","0","0","0","0","0","0","0","0","0","***","***"
"56","0011007","38","24","21","2","4","0","0","0","0","0","0","0","0","0","3","0","0","0","0","0","0","0","0","0","0","0","***","***"
"56","0011008","38","24","21","2","10","0","0","0","0","0","0","0","0","0","8","0","0","0","0","0","0","0","0","0","0","0","***","***"
"56","0011009","38","26","21","2","17","0","0","0","0","0","0","0","0","0","10","0","0","0","0","0","0","0","0","0","0","0","2","8"
"56","0011010","38","24","21","2","5","0","0","0","0","0","0","0","0","0","4","0","0","0","0","0","0","0","0","0","0","0","***","***"
"56","0011011","38","24","21","2","7","0","0","0","0","0","0","0","0","0","3","0","0","0","0","0","0","0","0","0","0","0","***","***"
"56","0011012","38","26","21","2","8","0","0","0","0","0","0","0","0","0","6","0","0","0","0","0","0","0","0","0","0","0","***","***"
"56","0011013","38","26","21","2","0","0","0","0","0","0","0","0","0","0","0","0","0","0","0","0","0","0","0","0","0","0","0","0"
"56","0011014","38","26","21","2","0","0","0","0","0","0","0","0","0","0","0","0","0","0","0","0","0","0","0","0","0","0","0","0"
"56","0011015","38","24","21","2","3","0","0","0","0","0","0","0","0","0","2","0","0","0","0","0","0","0","0","0","0","0","***","***"
"56","0011016","38","26","21","2","9","0","0","0","0","0","0","0","0","0","6","0","0","0","0","0","0","0","0","0","0","0","***","***"
"56","0012000","38","26","21","2","0","0","0","0","0","0","0","0","0","0","0","0","0","0","0","0","0","0","0","0","0","0","0","0"
"56","0012001","38","26","21","2","0","0","0","0","0","0","0","0","0","0","0","0","0","0","0","0","0","0","0","0","0","0","0","0"
"56","0012300","38","26","21","2","842","0","0","0","0","0","0","0","0","0","330","0","0","0","0","0","0","0","0","0","0","0","71","259"
"56","0012301","38","26","21","2","768","0","0","0","0","0","0","0","0","0","287","0","0","0","0","0","0","0","0","0","0","0","52","234"
"56","0012302","38","26","21","2","501","0","0","0","0","0","0","0","0","0","231","0","0","0","0","0","0","0","0","0","0","0","50","181"
"56","0012303","38","26","21","2","45","0","0","0","0","0","0","0","0","0","17","0","0","0","0","0","0","0","0","0","0","0","6","11"
"56","0012304","38","26","21","2","0","0","0","0","0","0","0","0","0","0","0","0","0","0","0","0","0","0","0","0","0","0","0","0"
"56","0012305","38","26","21","2","324","0","0","0","0","0","0","0","0","0","92","0","0","0","0","0","0","0","0","0","0","0","20","72"
"56","0012306","38","26","21","2","50","0","0","0","0","0","0","0","0","0","30","0","0","0","0","0","0","0","0","0","0","0","4","26"
"56","0012307","38","26","21","2","621","0","0","0","0","0","0","0","0","0","209","0","0","0","0","0","0","0","0","0","0","0","27","182"
"56","0013000","38","26","21","2","567","0","0","0","0","0","0","0","0","0","262","0","0","0","0","0","0","0","0","0","0","0","72","188"
"56","0013001","38","26","21","2","382","0","0","0","0","0","0","0","0","0","188","0","0","0","0","0","0","0","0","0","0","0","70","118"
"56","0013002","38","26","21","2","501","0","0","0","0","0","0","0","0","0","290","0","0","0","0","0","0","0","0","0","0","0","129","161"
"56","0013003","38","26","21","2","504","0","0","0","0","0","0","0","0","0","251","0","0","0","0","0","0","0","0","0","0","0","82","169"
"56","0013004","38","26","21","2","964","0","0","0","0","0","0","0","0","0","479","0","0","0","0","0","0","0","0","0","0","0","187","292"
"56","0013005","38","26","21","2","354","0","0","0","0","0","0","0","0","0","168","0","0","0","0","0","0","0","0","0","0","0","74","94"
"56","0013006","38","26","21","2","790","0","0","0","0","0","0","0","0","0","374","0","0","0","0","0","0","0","0","0","0","0","149","224"
"56","0013007","38","26","21","2","716","0","0","0","0","0","0","0","0","0","364","0","0","0","0","0","0","0","0","0","0","0","165","199"
"56","0013008","38","26","21","2","754","0","0","0","0","0","0","0","0","0","305","0","0","0","0","0","0","0","0","0","0","0","82","223"
"56","0013009","38","26","21","2","262","0","0","0","0","0","0","0","0","0","161","0","0","0","0","0","0","0","0","0","0","0","68","92"
"56","0013010","38","26","21","2","304","0","0","0","0","0","0","0","0","0","119","0","0","0","0","0","0","0","0","0","0","0","42","77"
"56","0013011","38","26","21","2","0","0","0","0","0","0","0","0","0","0","0","0","0","0","0","0","0","0","0","0","0","0","0","0"
"56","0013012","38","26","21","2","484","0","0","0","0","0","0","0","0","0","230","0","0","0","0","0","0","0","0","0","0","0","65","165"
"56","0013013","38","26","21","2","503","0","0","0","0","0","0","0","0","0","255","0","0","0","0","0","0","0","0","0","0","0","78","177"
"56","0013014","38","26","21","2","668","0","0","0","0","0","0","0","0","0","282","0","0","0","0","0","0","0","0","0","0","0","86","196"
"56","0013015","38","26","21","2","97","0","0","0","0","0","0","0","0","0","41","0","0","0","0","0","0","0","0","0","0","0","26","15"
"56","0013016","38","26","21","2","70","0","0","0","0","0","0","0","0","0","25","0","0","0","0","0","0","0","0","0","0","0","12","13"
"56","0013017","38","26","21","2","480","0","0","0","0","0","0","0","0","0","256","0","0","0","0","0","0","0","0","0","0","0","86","170"
"56","0013018","38","26","21","2","66","0","0","0","0","0","0","0","0","0","33","0","0","0","0","0","0","0","0","0","0","0","6","27"
"56","0013019","38","26","21","2","261","0","0","0","0","0","0","0","0","0","129","0","0","0","0","0","0","0","0","0","0","0","40","89"
"56","0013020","38","26","21","2","9","0","0","0","0","0","0","0","0","0","5","0","0","0","0","0","0","0","0","0","0","0","***","***"
"56","0013021","38","26","21","2","640","0","0","0","0","0","0","0","0","0","293","0","0","0","0","0","0","0","0","0","0","0","103","190"
"56","0013022","38","26","21","2","488","0","0","0","0","0","0","0","0","0","213","0","0","0","0","0","0","0","0","0","0","0","45","168"
"56","0014000","42","26","27","2","0","0","0","0","0","0","0","0","0","0","0","0","0","0","0","0","0","0","0","0","0","0","0","0"
"56","0014001","42","26","27","2","0","0","0","0","0","0","0","0","0","0","0","0","0","0","0","0","0","0","0","0","0","0","0","0"
"56","0014002","42","26","27","2","3","0","0","0","0","0","0","0","0","0","2","0","0","0","0","0","0","0","0","0","0","0","***","***"
"56","0014003","42","26","27","2","0","0","0","0","0","0","0","0","0","0","0","0","0","0","0","0","0","0","0","0","0","0","0","0"
"56","0014004","42","26","27","2","2","0","0","0","0","0","0","0","0","0","2","0","0","0","0","0","0","0","0","0","0","0","***","***"
"56","0014005","42","26","27","2","0","0","0","0","0","0","0","0","0","0","0","0","0","0","0","0","0","0","0","0","0","0","0","0"
"56","0014100","38","26","21","2","0","0","0","0","0","0","0","0","0","0","0","0","0","0","0","0","0","0","0","0","0","0","0","0"
"56","0014101","38","26","21","2","49","0","0","0","0","0","0","0","0","0","36","0","0","0","0","0","0","0","0","0","0","0","20","16"
"56","0014102","42","26","21","2","2","0","0","0","0","0","0","0","0","0","0","0","0","0","0","0","0","0","0","0","0","0","0","0"
"56","0014103","42","26","21","2","2","0","0","0","0","0","0","0","0","0","2","0","0","0","0","0","0","0","0","0","0","0","***","***"
"56","0014104","42","26","21","2","0","0","0","0","0","0","0","0","0","0","0","0","0","0","0","0","0","0","0","0","0","0","0","0"
"56","0014105","42","26","21","2","0","0","0","0","0","0","0","0","0","0","0","0","0","0","0","0","0","0","0","0","0","0","0","0"
"56","0014106","42","26","21","2","3","0","0","0","0","0","0","0","0","0","2","0","0","0","0","0","0","0","0","0","0","0","***","***"
"56","0014107","42","26","21","2","10","0","0","0","0","0","0","0","0","0","7","0","0","0","0","0","0","0","0","0","0","0","***","***"
"56","0014108","38","26","21","2","0","0","0","0","0","0","0","0","0","0","0","0","0","0","0","0","0","0","0","0","0","0","0","0"
"56","0014109","38","26","21","2","0","0","0","0","0","0","0","0","0","0","0","0","0","0","0","0","0","0","0","0","0","0","0","0"
"56","0014200","42","26","21","2","179","0","0","0","0","0","0","0","0","0","102","0","0","0","0","0","0","0","0","0","0","0","58","44"
"56","0014201","42","26","27","2","20","0","0","0","0","0","0","0","0","0","12","0","0","0","0","0","0","0","0","0","0","0","8","4"
"56","0014202","42","26","27","2","514","0","0","0","0","0","0","0","0","0","294","0","0","0","0","0","0","0","0","0","0","0","153","141"
"56","0014203","38","26","21","2","37","0","0","0","0","0","0","0","0","0","26","0","0","0","0","0","0","0","0","0","0","0","11","15"
"56","0014204","42","26","27","2","2","0","0","0","0","0","0","0","0","0","0","0","0","0","0","0","0","0","0","0","0","0","0","0"
"56","0014205","42","26","21","2","0","0","0","0","0","0","0","0","0","0","0","0","0","0","0","0","0","0","0","0","0","0","0","0"
"56","0014206","42","26","27","2","17","0","0","0","0","0","0","0","0","0","9","0","0","0","0","0","0","0","0","0","0","0","***","***"
"56","0014207","38","26","21","2","13","0","0","0","0","0","0","0","0","0","8","0","0","0","0","0","0","0","0","0","0","0","***","***"
"56","0014208","38","26","21","2","7","0","0","0","0","0","0","0","0","0","3","0","0","0","0","0","0","0","0","0","0","0","***","***"
"56","0014209","38","26","21","2","35","0","0","0","0","0","0","0","0","0","20","0","0","0","0","0","0","0","0","0","0","0","6","14"
"56","0014210","42","26","27","2","0","0","0","0","0","0","0","0","0","0","0","0","0","0","0","0","0","0","0","0","0","0","0","0"
"56","0014211","42","26","21","2","0","0","0","0","0","0","0","0","0","0","0","0","0","0","0","0","0","0","0","0","0","0","0","0"
"56","0014212","42","26","27","2","0","0","0","0","0","0","0","0","0","0","0","0","0","0","0","0","0","0","0","0","0","0","0","0"
"56","0014213","42","26","27","2","0","0","0","0","0","0","0","0","0","0","0","0","0","0","0","0","0","0","0","0","0","0","0","0"
"56","0014214","42","26","27","2","0","0","0","0","0","0","0","0","0","0","0","0","0","0","0","0","0","0","0","0","0","0","0","0"
"56","0014215","42","26","27","2","0","0","0","0","0","0","0","0","0","0","0","0","0","0","0","0","0","0","0","0","0","0","0","0"
"56","0014216","42","26","27","2","0","0","0","0","0","0","0","0","0","0","0","0","0","0","0","0","0","0","0","0","0","0","0","0"
"56","0014217","42","26","27","2","6","0","0","0","0","0","0","0","0","0","5","0","0","0","0","0","0","0","0","0","0","0","***","***"
"56","0014218","42","26","21","2","0","0","0","0","0","0","0","0","0","0","0","0","0","0","0","0","0","0","0","0","0","0","0","0"
"56","0014219","42","26","27","2","12","0","0","0","0","0","0","0","0","0","4","0","0","0","0","0","0","0","0","0","0","0","***","***"
"56","0014220","42","26","21","2","0","0","0","0","0","0","0","0","0","0","0","0","0","0","0","0","0","0","0","0","0","0","0","0"
"56","0014221","42","26","21","2","0","0","0","0","0","0","0","0","0","0","0","0","0","0","0","0","0","0","0","0","0","0","0","0"
"56","0014222","38","26","21","2","14","0","0","0","0","0","0","0","0","0","10","0","0","0","0","0","0","0","0","0","0","0","4","6"
"56","0014223","38","26","21","2","0","0","0","0","0","0","0","0","0","0","0","0","0","0","0","0","0","0","0","0","0","0","0","0"
"56","0014224","42","26","21","2","0","0","0","0","0","0","0","0","0","0","0","0","0","0","0","0","0","0","0","0","0","0","0","0"
"56","0014225","42","26","27","2","0","0","0","0","0","0","0","0","0","0","0","0","0","0","0","0","0","0","0","0","0","0","0","0"
"56","0014226","42","26","21","2","0","0","0","0","0","0","0","0","0","0","0","0","0","0","0","0","0","0","0","0","0","0","0","0"
"56","0015000","38","26","21","2","26","0","0","0","0","0","0","0","0","0","11","0","0","0","0","0","0","0","0","0","0","0","3","8"
"56","0015001","38","26","21","2","2","0","0","0","0","0","0","0","0","0","0","0","0","0","0","0","0","0","0","0","0","0","0","0"
"56","0015002","38","26","21","2","3","0","0","0","0","0","0","0","0","0","1","0","0","0","0","0","0","0","0","0","0","0","***","***"
"56","0015003","38","26","21","2","16","0","0","0","0","0","0","0","0","0","3","0","0","0","0","0","0","0","0","0","0","0","***","***"
"56","0015004","38","26","21","2","60","0","0","0","0","0","0","0","0","0","39","0","0","0","0","0","0","0","0","0","0","0","30","9"
"56","0015005","38","26","21","2","7","0","0","0","0","0","0","0","0","0","4","0","0","0","0","0","0","0","0","0","0","0","***","***"
"56","0015006","38","26","21","2","0","0","0","0","0","0","0","0","0","0","0","0","0","0","0","0","0","0","0","0","0","0","0","0"
"56","0016000","38","26","21","2","0","0","0","0","0","0","0","0","0","0","0","0","0","0","0","0","0","0","0","0","0","0","0","0"
"56","0016001","38","26","21","2","0","0","0","0","0","0","0","0","0","0","0","0","0","0","0","0","0","0","0","0","0","0","0","0"
"56","0018000","38","26","21","2","836","0","0","0","0","0","0","0","0","0","534","0","0","0","0","0","0","0","0","0","0","0","255","279"
"56","0018001","38","26","21","2","1077","0","0","0","0","0","0","0","0","0","650","0","0","0","0","0","0","0","0","0","0","0","281","367"
"56","0018002","38","26","21","2","236","0","0","0","0","0","0","0","0","0","154","0","0","0","0","0","0","0","0","0","0","0","78","76"
"56","0018003","38","26","21","2","71","0","0","0","0","0","0","0","0","0","46","0","0","0","0","0","0","0","0","0","0","0","17","28"
"56","0018004","38","26","21","2","257","0","0","0","0","0","0","0","0","0","160","0","0","0","0","0","0","0","0","0","0","0","100","60"
"56","0020000","38","26","21","2","586","0","0","0","0","0","0","0","0","0","364","0","0","0","0","0","0","0","0","0","0","0","163","200"
"56","0021000","38","24","21","2","0","0","0","0","0","0","0","0","0","0","0","0","0","0","0","0","0","0","0","0","0","0","0","0"
"56","0021001","38","24","21","2","0","0","0","0","0","0","0","0","0","0","0","0","0","0","0","0","0","0","0","0","0","0","0","0"
"56","0024000","42","26","27","2","835","0","0","0","0","0","0","0","0","0","490","0","0","0","0","0","0","0","0","0","0","0","207","283"
"56","0024001","42","26","27","2","516","0","0","0","0","0","0","0","0","0","295","0","0","0","0","0","0","0","0","0","0","0","118","177"
"56","0024002","46","26","27","2","0","0","0","0","0","0","0","0","0","0","0","0","0","0","0","0","0","0","0","0","0","0","0","0"
"56","0024003","46","32","27","2","0","0","0","0","0","0","0","0","0","0","0","0","0","0","0","0","0","0","0","0","0","0","0","0"
"56","0026000","46","32","27","2","798","0","0","0","0","0","0","0","0","0","434","0","0","0","0","0","0","0","0","0","0","0","174","260"
"56","0026001","46","32","27","2","729","0","0","0","0","0","0","0","0","0","391","0","0","0","0","0","0","0","0","0","0","0","190","201"
"56","0027000","38","26","21","2","102","0","0","0","0","0","0","0","0","0","45","0","0","0","0","0","0","0","0","0","0","0","17","26"
"56","0027001","38","26","21","2","0","0","0","0","0","0","0","0","0","0","0","0","0","0","0","0","0","0","0","0","0","0","0","0"
"56","0027002","38","26","21","2","677","0","0","0","0","0","0","0","0","0","470","0","0","0","0","0","0","0","0","0","0","0","254","215"
"56","0027003","38","26","21","2","101","0","0","0","0","0","0","0","0","0","67","0","0","0","0","0","0","0","0","0","0","0","29","38"
"56","0027004","38","26","21","2","0","0","0","0","0","0","0","0","0","0","0","0","0","0","0","0","0","0","0","0","0","0","0","0"
"56","0027005","38","26","21","2","107","0","0","0","0","0","0","0","0","0","74","0","0","0","0","0","0","0","0","0","0","0","30","44"
"56","0027100","38","26","21","2","714","0","0","0","0","0","0","0","0","0","494","0","0","0","0","0","0","0","0","0","0","0","268","226"
"56","0027101","38","26","21","2","251","0","0","0","0","0","0","0","0","0","175","0","0","0","0","0","0","0","0","0","0","0","89","86"
"56","0027102","38","26","21","2","2","0","0","0","0","0","0","0","0","0","0","0","0","0","0","0","0","0","0","0","0","0","0","0"
"56","0027103","38","26","21","2","8","0","0","0","0","0","0","0","0","0","6","0","0","0","0","0","0","0","0","0","0","0","***","***"
"56","0027104","38","26","21","2","241","0","0","0","0","0","0","0","0","0","184","0","0","0","0","0","0","0","0","0","0","0","84","100"
"56","0027105","38","26","21","2","0","0","0","0","0","0","0","0","0","0","0","0","0","0","0","0","0","0","0","0","0","0","0","0"
"56","0027106","38","26","21","2","0","0","0","0","0","0","0","0","0","0","0","0","0","0","0","0","0","0","0","0","0","0","0","0"
"56","0027107","38","26","21","2","3","0","0","0","0","0","0","0","0","0","2","0","0","0","0","0","0","0","0","0","0","0","***","***"
"56","0028000","38","24","21","2","289","0","0","0","0","0","0","0","0","0","183","0","0","0","0","0","0","0","0","0","0","0","78","105"
"56","0028001","38","24","21","2","0","0","0","0","0","0","0","0","0","0","0","0","0","0","0","0","0","0","0","0","0","0","0","0"
"56","0028002","38","24","21","2","172","0","0","0","0","0","0","0","0","0","91","0","0","0","0","0","0","0","0","0","0","0","45","46"
"56","0028003","38","24","21","2","3","0","0","0","0","0","0","0","0","0","1","0","0","0","0","0","0","0","0","0","0","0","***","***"
"56","0028004","38","24","21","2","0","0","0","0","0","0","0","0","0","0","0","0","0","0","0","0","0","0","0","0","0","0","0","0"
"56","0028005","38","24","21","2","0","0","0","0","0","0","0","0","0","0","0","0","0","0","0","0","0","0","0","0","0","0","0","0"
"56","0028006","38","24","21","2","14","0","0","0","0","0","0","0","0","0","6","0","0","0","0","0","0","0","0","0","0","0","***","***"
"56","0028007","38","24","21","2","12","0","0","0","0","0","0","0","0","0","2","0","0","0","0","0","0","0","0","0","0","0","***","***"
"56","0028008","38","24","21","2","113","0","0","0","0","0","0","0","0","0","70","0","0","0","0","0","0","0","0","0","0","0","26","44"
"56","0031000","38","26","21","2","173","0","0","0","0","0","0","0","0","0","109","0","0","0","0","0","0","0","0","0","0","0","85","24"
"56","0031001","38","26","21","2","0","0","0","0","0","0","0","0","0","0","0","0","0","0","0","0","0","0","0","0","0","0","0","0"
"56","0031002","38","26","21","2","3","0","0","0","0","0","0","0","0","0","0","0","0","0","0","0","0","0","0","0","0","0","0","0"
"56","0031003","38","26","21","2","0","0","0","0","0","0","0","0","0","0","0","0","0","0","0","0","0","0","0","0","0","0","0","0"
"56","0031004","38","26","21","2","0","0","0","0","0","0","0","0","0","0","0","0","0","0","0","0","0","0","0","0","0","0","0","0"
"56","0031005","38","26","21","2","0","0","0","0","0","0","0","0","0","0","0","0","0","0","0","0","0","0","0","0","0","0","0","0"
"56","0031006","38","26","21","2","0","0","0","0","0","0","0","0","0","0","0","0","0","0","0","0","0","0","0","0","0","0","0","0"
"56","0031007","38","26","21","2","0","0","0","0","0","0","0","0","0","0","0","0","0","0","0","0","0","0","0","0","0","0","0","0"
"56","0033000","38","24","21","2","0","0","0","0","0","0","0","0","0","0","0","0","0","0","0","0","0","0","0","0","0","0","0","0"
"56","0033001","38","26","21","2","0","0","0","0","0","0","0","0","0","0","0","0","0","0","0","0","0","0","0","0","0","0","0","0"
"56","0033002","38","26","21","2","0","0","0","0","0","0","0","0","0","0","0","0","0","0","0","0","0","0","0","0","0","0","0","0"
"56","0033003","38","26","21","2","0","0","0","0","0","0","0","0","0","0","0","0","0","0","0","0","0","0","0","0","0","0","0","0"
"56","0033004","38","26","21","2","0","0","0","0","0","0","0","0","0","0","0","0","0","0","0","0","0","0","0","0","0","0","0","0"
"56","0034000","38","26","21","2","29","0","0","0","0","0","0","0","0","0","15","0","0","0","0","0","0","0","0","0","0","0","9","6"
"56","0034001","38","24","21","2","139","0","0","0","0","0","0","0","0","0","100","0","0","0","0","0","0","0","0","0","0","0","13","87"
"56","0034002","38","26","21","2","106","0","0","0","0","0","0","0","0","0","62","0","0","0","0","0","0","0","0","0","0","0","10","52"
"56","0034003","38","26","21","2","4","0","0","0","0","0","0","0","0","0","2","0","0","0","0","0","0","0","0","0","0","0","***","***"
"56","0034004","38","26","21","2","11","0","0","0","0","0","0","0","0","0","7","0","0","0","0","0","0","0","0","0","0","0","***","***"
"56","0034005","38","26","21","2","2","0","0","0","0","0","0","0","0","0","2","0","0","0","0","0","0","0","0","0","0","0","***","***"
"56","0034006","38","24","21","2","21","0","0","0","0","0","0","0","0","0","13","0","0","0","0","0","0","0","0","0","0","0","10","3"
"56","0034007","38","24","21","2","12","0","0","0","0","0","0","0","0","0","7","0","0","0","0","0","0","0","0","0","0","0","***","***"
"56","0034008","38","24","21","2","3","0","0","0","0","0","0","0","0","0","1","0","0","0","0","0","0","0","0","0","0","0","***","***"
"56","0034009","38","24","21","2","17","0","0","0","0","0","0","0","0","0","8","0","0","0","0","0","0","0","0","0","0","0","***","***"
"56","0034010","38","24","21","2","43","0","0","0","0","0","0","0","0","0","38","0","0","0","0","0","0","0","0","0","0","0","11","27"
"56","0034011","38","24","21","2","51","0","0","0","0","0","0","0","0","0","36","0","0","0","0","0","0","0","0","0","0","0","10","26"
"56","0034012","38","24","21","2","63","0","0","0","0","0","0","0","0","0","35","0","0","0","0","0","0","0","0","0","0","0","6","28"
"56","0034013","38","24","21","2","2","0","0","0","0","0","0","0","0","0","2","0","0","0","0","0","0","0","0","0","0","0","***","***"
"56","0034014","38","24","21","2","14","0","0","0","0","0","0","0","0","0","5","0","0","0","0","0","0","0","0","0","0","0","***","***"
"56","0034015","38","24","21","2","5","0","0","0","0","0","0","0","0","0","2","0","0","0","0","0","0","0","0","0","0","0","***","***"
"56","0034016","38","26","21","2","0","0","0","0","0","0","0","0","0","0","0","0","0","0","0","0","0","0","0","0","0","0","0","0"
"56","0034017","38","24","21","2","12","0","0","0","0","0","0","0","0","0","7","0","0","0","0","0","0","0","0","0","0","0","***","***"
"56","0034018","38","24","21","2","2","0","0","0","0","0","0","0","0","0","1","0","0","0","0","0","0","0","0","0","0","0","***","***"
"56","0034019","38","26","21","2","1","0","0","0","0","0","0","0","0","0","0","0","0","0","0","0","0","0","0","0","0","0","0","0"
"56","0034020","38","24","21","2","3","0","0","0","0","0","0","0","0","0","2","0","0","0","0","0","0","0","0","0","0","0","***","***"
"56","0034021","38","24","21","2","198","0","0","0","0","0","0","0","0","0","143","0","0","0","0","0","0","0","0","0","0","0","44","99"
"56","0034022","38","24","21","2","0","0","0","0","0","0","0","0","0","0","0","0","0","0","0","0","0","0","0","0","0","0","0","0"
"56","0034024","38","24","21","2","2","0","0","0","0","0","0","0","0","0","2","0","0","0","0","0","0","0","0","0","0","0","***","***"
"56","0034025","38","24","21","2","0","0","0","0","0","0","0","0","0","0","0","0","0","0","0","0","0","0","0","0","0","0","0","0"
"56","0034026","38","24","21","2","0","0","0","0","0","0","0","0","0","0","0","0","0","0","0","0","0","0","0","0","0","0","0","0"
"56","0034027","38","24","21","2","0","0","0","0","0","0","0","0","0","0","0","0","0","0","0","0","0","0","0","0","0","0","0","0"
"56","0034028","38","24","21","2","0","0","0","0","0","0","0","0","0","0","0","0","0","0","0","0","0","0","0","0","0","0","0","0"
"56","0034029","38","26","21","2","0","0","0","0","0","0","0","0","0","0","0","0","0","0","0","0","0","0","0","0","0","0","0","0"
"56","0034030","38","26","21","2","0","0","0","0","0","0","0","0","0","0","0","0","0","0","0","0","0","0","0","0","0","0","0","0"
"56","0034031","38","24","21","2","1","0","0","0","0","0","0","0","0","0","1","0","0","0","0","0","0","0","0","0","0","0","***","***"
"56","0034032","38","24","21","2","2","0","0","0","0","0","0","0","0","0","2","0","0","0","0","0","0","0","0","0","0","0","***","***"
"56","0034033","38","24","21","2","1","0","0","0","0","0","0","0","0","0","1","0","0","0","0","0","0","0","0","0","0","0","***","***"
"56","0035000","38","24","21","2","262","0","0","0","0","0","0","0","0","0","152","0","0","0","0","0","0","0","0","0","0","0","46","106"
"56","0035001","38","24","21","2","864","0","0","0","0","0","0","0","0","0","508","0","0","0","0","0","0","0","0","0","0","0","135","373"
"56","0035002","38","24","21","2","78","0","0","0","0","0","0","0","0","0","50","0","0","0","0","0","0","0","0","0","0","0","14","36"
"56","0035003","38","24","21","2","193","0","0","0","0","0","0","0","0","0","130","0","0","0","0","0","0","0","0","0","0","0","49","81"
"56","0035004","38","24","21","2","256","0","0","0","0","0","0","0","0","0","155","0","0","0","0","0","0","0","0","0","0","0","53","102"
"56","0035005","38","24","21","2","6","0","0","0","0","0","0","0","0","0","0","0","0","0","0","0","0","0","0","0","0","0","0","0"
"56","0035006","38","24","21","2","5","0","0","0","0","0","0","0","0","0","3","0","0","0","0","0","0","0","0","0","0","0","***","***"
"56","0035007","38","24","21","2","2","0","0","0","0","0","0","0","0","0","1","0","0","0","0","0","0","0","0","0","0","0","***","***"
"56","0035008","38","24","21","2","1","0","0","0","0","0","0","0","0","0","1","0","0","0","0","0","0","0","0","0","0","0","***","***"
"56","0035009","38","24","21","2","0","0","0","0","0","0","0","0","0","0","0","0","0","0","0","0","0","0","0","0","0","0","0","0"
"56","0035010","38","24","21","2","4","0","0","0","0","0","0","0","0","0","4","0","0","0","0","0","0","0","0","0","0","0","***","***"
"56","0035012","38","24","21","2","37","0","0","0","0","0","0","0","0","0","18","0","0","0","0","0","0","0","0","0","0","0","7","11"
"56","0035013","38","24","21","2","371","0","0","0","0","0","0","0","0","0","204","0","0","0","0","0","0","0","0","0","0","0","45","159"
"56","0035014","38","24","21","2","151","0","0","0","0","0","0","0","0","0","94","0","0","0","0","0","0","0","0","0","0","0","14","80"
"56","0035015","38","24","21","2","87","0","0","0","0","0","0","0","0","0","40","0","0","0","0","0","0","0","0","0","0","0","8","32"
"56","0035016","38","24","21","2","12","0","0","0","0","0","0","0","0","0","11","0","0","0","0","0","0","0","0","0","0","0","8","3"
"56","0035017","38","24","21","2","24","0","0","0","0","0","0","0","0","0","10","0","0","0","0","0","0","0","0","0","0","0","6","4"
"56","0035018","38","24","21","2","2","0","0","0","0","0","0","0","0","0","0","0","0","0","0","0","0","0","0","0","0","0","0","0"
"56","0036000","38","26","21","2","541","0","0","0","0","0","0","0","0","0","281","0","0","0","0","0","0","0","0","0","0","0","102","179"
"56","0036001","38","26","21","2","787","0","0","0","0","0","0","0","0","0","379","0","0","0","0","0","0","0","0","0","0","0","107","272"
"56","0036002","38","24","21","2","5","0","0","0","0","0","0","0","0","0","1","0","0","0","0","0","0","0","0","0","0","0","***","***"
"56","0036003","38","24","21","2","0","0","0","0","0","0","0","0","0","0","0","0","0","0","0","0","0","0","0","0","0","0","0","0"
"56","0036004","38","24","21","2","0","0","0","0","0","0","0","0","0","0","0","0","0","0","0","0","0","0","0","0","0","0","0","0"
"56","0036005","38","26","21","2","4","0","0","0","0","0","0","0","0","0","3","0","0","0","0","0","0","0","0","0","0","0","***","***"
"56","0036006","38","24","21","2","0","0","0","0","0","0","0","0","0","0","0","0","0","0","0","0","0","0","0","0","0","0","0","0"
"56","0036007","38","24","21","2","0","0","0","0","0","0","0","0","0","0","0","0","0","0","0","0","0","0","0","0","0","0","0","0"
"56","0036008","38","24","21","2","0","0","0","0","0","0","0","0","0","0","0","0","0","0","0","0","0","0","0","0","0","0","0","0"
"56","0036009","38","24","21","2","0","0","0","0","0","0","0","0","0","0","0","0","0","0","0","0","0","0","0","0","0","0","0","0"
"56","0036010","38","24","21","2","0","0","0","0","0","0","0","0","0","0","0","0","0","0","0","0","0","0","0","0","0","0","0","0"
"56","0036011","38","24","21","2","0","0","0","0","0","0","0","0","0","0","0","0","0","0","0","0","0","0","0","0","0","0","0","0"
"56","0036012","38","24","21","2","0","0","0","0","0","0","0","0","0","0","0","0","0","0","0","0","0","0","0","0","0","0","0","0"
"56","0036013","38","24","21","2","1","0","0","0","0","0","0","0","0","0","0","0","0","0","0","0","0","0","0","0","0","0","0","0"
"56","0037000","38","24","21","2","139","0","0","0","0","0","0","0","0","0","85","0","0","0","0","0","0","0","0","0","0","0","47","38"
"56","0037001","38","24","21","2","6","0","0","0","0","0","0","0","0","0","4","0","0","0","0","0","0","0","0","0","0","0","***","***"
"56","0037002","38","26","21","2","15","0","0","0","0","0","0","0","0","0","10","0","0","0","0","0","0","0","0","0","0","0","5","5"
"56","0037003","38","26","21","2","9","0","0","0","0","0","0","0","0","0","6","0","0","0","0","0","0","0","0","0","0","0","***","***"
"56","0037004","38","24","21","2","2","0","0","0","0","0","0","0","0","0","0","0","0","0","0","0","0","0","0","0","0","0","0","0"
"56","0037100","38","26","21","2","71","0","0","0","0","0","0","0","0","0","33","0","0","0","0","0","0","0","0","0","0","0","15","18"
"56","0038000","38","24","21","2","0","0","0","0","0","0","0","0","0","0","0","0","0","0","0","0","0","0","0","0","0","0","0","0"
"56","0038001","38","26","21","2","1","0","0","0","0","0","0","0","0","0","1","0","0","0","0","0","0","0","0","0","0","0","***","***"
"56","0038002","38","24","21","2","0","0","0","0","0","0","0","0","0","0","0","0","0","0","0","0","0","0","0","0","0","0","0","0"
"56","0038003","38","26","21","2","3","0","0","0","0","0","0","0","0","0","0","0","0","0","0","0","0","0","0","0","0","0","0","0"
"56","0039000","42","26","27","2","683","0","0","0","0","0","0","0","0","0","423","0","0","0","0","0","0","0","0","0","0","0","243","179"
"56","0039001","42","26","27","2","799","0","0","0","0","0","0","0","0","0","469","0","0","0","0","0","0","0","0","0","0","0","198","271"
"56","0039002","42","26","27","2","920","0","0","0","0","0","0","0","0","0","454","0","0","0","0","0","0","0","0","0","0","0","157","297"
"56","0039003","42","26","27","2","716","0","0","0","0","0","0","0","0","0","382","0","0","0","0","0","0","0","0","0","0","0","170","212"
"56","0039004","42","26","27","2","1001","0","0","0","0","0","0","0","0","0","424","0","0","0","0","0","0","0","0","0","0","0","49","375"
"56","0039005","42","26","27","2","918","0","0","0","0","0","0","0","0","0","386","0","0","0","0","0","0","0","0","0","0","0","125","261"
"56","0039006","42","26","27","2","767","0","0","0","0","0","0","0","0","0","483","0","0","0","0","0","0","0","0","0","0","0","216","267"
"56","0039007","42","26","27","2","814","0","0","0","0","0","0","0","0","0","467","0","0","0","0","0","0","0","0","0","0","0","186","281"
"56","0039008","42","26","27","2","587","0","0","0","0","0","0","0","0","0","393","0","0","0","0","0","0","0","0","0","0","0","189","204"
"56","0039009","42","26","27","2","653","0","0","0","0","0","0","0","0","0","438","0","0","0","0","0","0","0","0","0","0","0","185","252"
"56","0039010","42","26","27","2","639","0","0","0","0","0","0","0","0","0","352","0","0","0","0","0","0","0","0","0","0","0","91","261"
"56","0039011","42","26","27","2","1190","0","0","0","0","0","0","0","0","0","784","0","0","0","0","0","0","0","0","0","0","0","395","389"
"56","0039012","42","26","27","2","841","0","0","0","0","0","0","0","0","0","532","0","0","0","0","0","0","0","0","0","0","0","282","250"
"56","0039013","42","26","27","2","738","0","0","0","0","0","0","0","0","0","469","0","0","0","0","0","0","0","0","0","0","0","196","273"
"56","0039014","42","26","27","2","636","0","0","0","0","0","0","0","0","0","418","0","0","0","0","0","0","0","0","0","0","0","161","257"
"56","0039015","42","26","27","2","641","0","0","0","0","0","0","0","0","0","408","0","0","0","0","0","0","0","0","0","0","0","194","214"
"56","0039016","42","26","27","2","382","0","0","0","0","0","0","0","0","0","185","0","0","0","0","0","0","0","0","0","0","0","41","144"
"56","0039017","42","26","27","2","789","0","0","0","0","0","0","0","0","0","480","0","0","0","0","0","0","0","0","0","0","0","217","263"
"56","0039018","42","26","27","2","950","0","0","0","0","0","0","0","0","0","555","0","0","0","0","0","0","0","0","0","0","0","264","290"
"56","0039019","42","26","27","2","749","0","0","0","0","0","0","0","0","0","445","0","0","0","0","0","0","0","0","0","0","0","203","242"
"56","0039020","42","26","27","2","858","0","0","0","0","0","0","0","0","0","564","0","0","0","0","0","0","0","0","0","0","0","270","294"
"56","0039021","42","26","27","2","932","0","0","0","0","0","0","0","0","0","609","0","0","0","0","0","0","0","0","0","0","0","227","381"
"56","0039022","42","26","27","2","494","0","0","0","0","0","0","0","0","0","335","0","0","0","0","0","0","0","0","0","0","0","164","171"
"56","0039023","42","26","27","2","701","0","0","0","0","0","0","0","0","0","417","0","0","0","0","0","0","0","0","0","0","0","215","202"
"56","0039024","42","26","27","2","1050","0","0","0","0","0","0","0","0","0","652","0","0","0","0","0","0","0","0","0","0","0","300","352"
"56","0039025","42","26","27","2","0","0","0","0","0","0","0","0","0","0","0","0","0","0","0","0","0","0","0","0","0","0","0","0"
"56","0039026","42","26","27","2","0","0","0","0","0","0","0","0","0","0","0","0","0","0","0","0","0","0","0","0","0","0","0","0"
"56","0039027","42","26","27","2","355","0","0","0","0","0","0","0","0","0","159","0","0","0","0","0","0","0","0","0","0","0","40","119"
"56","0039028","42","26","27","2","349","0","0","0","0","0","0","0","0","0","169","0","0","0","0","0","0","0","0","0","0","0","87","82"
"56","0039029","42","26","27","2","0","0","0","0","0","0","0","0","0","0","0","0","0","0","0","0","0","0","0","0","0","0","0","0"
"56","0039030","42","26","27","2","109","0","0","0","0","0","0","0","0","0","50","0","0","0","0","0","0","0","0","0","0","0","11","39"
"56","0039031","42","26","27","2","67","0","0","0","0","0","0","0","0","0","40","0","0","0","0","0","0","0","0","0","0","0","24","16"
"56","0039032","42","26","27","2","647","0","0","0","0","0","0","0","0","0","320","0","0","0","0","0","0","0","0","0","0","0","99","219"
"56","0039033","42","26","27","2","618","0","0","0","0","0","0","0","0","0","410","0","0","0","0","0","0","0","0","0","0","0","189","221"
"56","0039034","42","26","27","2","0","0","0","0","0","0","0","0","0","0","0","0","0","0","0","0","0","0","0","0","0","0","0","0"
"56","0039035","42","26","27","2","694","0","0","0","0","0","0","0","0","0","479","0","0","0","0","0","0","0","0","0","0","0","251","228"
"56","0039036","42","26","27","2","86","0","0","0","0","0","0","0","0","0","34","0","0","0","0","0","0","0","0","0","0","0","10","24"
"56","0039037","42","26","27","2","872","0","0","0","0","0","0","0","0","0","523","0","0","0","0","0","0","0","0","0","0","0","248","275"
"56","0039038","42","26","27","2","890","0","0","0","0","0","0","0","0","0","528","0","0","0","0","0","0","0","0","0","0","0","219","309"
"56","0040000","38","24","21","2","0","0","0","0","0","0","0","0","0","0","0","0","0","0","0","0","0","0","0","0","0","0","0","0"
"56","0040001","38","24","21","2","31","0","0","0","0","0","0","0","0","0","22","0","0","0","0","0","0","0","0","0","0","0","8","14"
"56","0040002","38","26","21","2","0","0","0","0","0","0","0","0","0","0","0","0","0","0","0","0","0","0","0","0","0","0","0","0"
"56","0040003","38","24","21","2","0","0","0","0","0","0","0","0","0","0","0","0","0","0","0","0","0","0","0","0","0","0","0","0"
"56","0040004","38","24","21","2","20","0","0","0","0","0","0","0","0","0","8","0","0","0","0","0","0","0","0","0","0","0","***","***"
"56","0040005","38","24","21","2","0","0","0","0","0","0","0","0","0","0","0","0","0","0","0","0","0","0","0","0","0","0","0","0"
"56","0040006","38","24","21","2","0","0","0","0","0","0","0","0","0","0","0","0","0","0","0","0","0","0","0","0","0","0","0","0"
"56","0040150","38","26","21","2","272","0","0","0","0","0","0","0","0","0","72","0","0","0","0","0","0","0","0","0","0","0","27","45"
"56","0041000","38","26","21","2","6","0","0","0","0","0","0","0","0","0","4","0","0","0","0","0","0","0","0","0","0","0","***","***"
"56","0041001","38","26","21","2","0","0","0","0","0","0","0","0","0","0","0","0","0","0","0","0","0","0","0","0","0","0","0","0"
"56","0041002","38","26","21","2","153","0","0","0","0","0","0","0","0","0","75","0","0","0","0","0","0","0","0","0","0","0","29","46"
"56","0041003","38","26","21","2","0","0","0","0","0","0","0","0","0","0","0","0","0","0","0","0","0","0","0","0","0","0","0","0"
"56","0041004","38","26","21","2","39","0","0","0","0","0","0","0","0","0","23","0","0","0","0","0","0","0","0","0","0","0","3","20"
"56","0041005","38","26","21","2","7","0","0","0","0","0","0","0","0","0","0","0","0","0","0","0","0","0","0","0","0","0","0","0"
"56","0041006","38","26","21","2","15","0","0","0","0","0","0","0","0","0","12","0","0","0","0","0","0","0","0","0","0","0","3","9"
"56","0042000","38","26","21","2","11","0","0","0","0","0","0","0","0","0","4","0","0","0","0","0","0","0","0","0","0","0","***","***"
"56","0042001","38","26","21","2","6","0","0","0","0","0","0","0","0","0","2","0","0","0","0","0","0","0","0","0","0","0","***","***"
"56","0042002","38","26","21","2","2","0","0","0","0","0","0","0","0","0","0","0","0","0","0","0","0","0","0","0","0","0","0","0"
"56","0042100","38","26","21","2","0","0","0","0","0","0","0","0","0","0","0","0","0","0","0","0","0","0","0","0","0","0","0","0"
"56","0043000","38","26","21","2","783","0","0","0","0","0","0","0","0","0","285","0","0","0","0","0","0","0","0","0","0","0","51","234"
"56","0043001","38","26","21","2","1","0","0","0","0","0","0","0","0","0","0","0","0","0","0","0","0","0","0","0","0","0","0","0"
"56","0043002","38","26","21","2","0","0","0","0","0","0","0","0","0","0","0","0","0","0","0","0","0","0","0","0","0","0","0","0"
"56","0044000","42","26","27","2","554","0","0","0","0","0","0","0","0","0","345","0","0","0","0","0","0","0","0","0","0","0","88","257"
"56","0044001","42","26","27","2","542","0","0","0","0","0","0","0","0","0","348","0","0","0","0","0","0","0","0","0","0","0","133","214"
"56","0044002","42","26","27","2","0","0","0","0","0","0","0","0","0","0","0","0","0","0","0","0","0","0","0","0","0","0","0","0"
"56","0044003","42","26","27","2","616","0","0","0","0","0","0","0","0","0","399","0","0","0","0","0","0","0","0","0","0","0","103","296"
"56","0044004","42","26","27","2","685","0","0","0","0","0","0","0","0","0","427","0","0","0","0","0","0","0","0","0","0","0","176","251"
"56","0044005","42","26","27","2","529","0","0","0","0","0","0","0","0","0","341","0","0","0","0","0","0","0","0","0","0","0","112","229"
"56","0044006","42","26","27","2","426","0","0","0","0","0","0","0","0","0","261","0","0","0","0","0","0","0","0","0","0","0","94","167"
"56","0044007","42","26","27","2","0","0","0","0","0","0","0","0","0","0","0","0","0","0","0","0","0","0","0","0","0","0","0","0"
"56","0044008","42","26","27","2","881","0","0","0","0","0","0","0","0","0","512","0","0","0","0","0","0","0","0","0","0","0","175","336"
"56","0044009","42","26","27","2","889","0","0","0","0","0","0","0","0","0","529","0","0","0","0","0","0","0","0","0","0","0","233","296"
"56","0044010","42","26","27","2","819","0","0","0","0","0","0","0","0","0","468","0","0","0","0","0","0","0","0","0","0","0","162","306"
"56","0044011","42","26","27","2","849","0","0","0","0","0","0","0","0","0","510","0","0","0","0","0","0","0","0","0","0","0","153","357"
"56","0044012","42","26","27","2","897","0","0","0","0","0","0","0","0","0","551","0","0","0","0","0","0","0","0","0","0","0","204","346"
"56","0044013","42","26","27","2","729","0","0","0","0","0","0","0","0","0","387","0","0","0","0","0","0","0","0","0","0","0","137","249"
"56","0044014","42","26","27","2","792","0","0","0","0","0","0","0","0","0","492","0","0","0","0","0","0","0","0","0","0","0","167","325"
"56","0044015","46","32","27","2","0","0","0","0","0","0","0","0","0","0","0","0","0","0","0","0","0","0","0","0","0","0","0","0"
"56","0044016","42","26","27","2","510","0","0","0","0","0","0","0","0","0","295","0","0","0","0","0","0","0","0","0","0","0","117","177"
"56","0044200","42","26","27","2","0","0","0","0","0","0","0","0","0","0","0","0","0","0","0","0","0","0","0","0","0","0","0","0"
"56","0044201","46","32","27","2","0","0","0","0","0","0","0","0","0","0","0","0","0","0","0","0","0","0","0","0","0","0","0","0"
"56","0044202","46","26","27","2","0","0","0","0","0","0","0","0","0","0","0","0","0","0","0","0","0","0","0","0","0","0","0","0"
"56","0045000","38","24","21","2","728","0","0","0","0","0","0","0","0","0","377","0","0","0","0","0","0","0","0","0","0","0","146","231"
"56","0045001","38","24","21","2","519","0","0","0","0","0","0","0","0","0","322","0","0","0","0","0","0","0","0","0","0","0","131","191"
"56","0045002","38","24","21","2","510","0","0","0","0","0","0","0","0","0","289","0","0","0","0","0","0","0","0","0","0","0","100","188"
"56","0045003","38","24","21","2","130","0","0","0","0","0","0","0","0","0","84","0","0","0","0","0","0","0","0","0","0","0","29","55"
"56","0045004","38","24","21","2","509","0","0","0","0","0","0","0","0","0","289","0","0","0","0","0","0","0","0","0","0","0","119","170"
"56","0045005","38","24","21","2","611","0","0","0","0","0","0","0","0","0","409","0","0","0","0","0","0","0","0","0","0","0","163","246"
"56","0045006","38","24","21","2","0","0","0","0","0","0","0","0","0","0","0","0","0","0","0","0","0","0","0","0","0","0","0","0"
"56","0045007","38","24","21","2","2","0","0","0","0","0","0","0","0","0","1","0","0","0","0","0","0","0","0","0","0","0","***","***"
"56","0045008","38","24","21","2","1","0","0","0","0","0","0","0","0","0","1","0","0","0","0","0","0","0","0","0","0","0","***","***"
"56","0045009","38","24","21","2","20","0","0","0","0","0","0","0","0","0","6","0","0","0","0","0","0","0","0","0","0","0","***","***"
"56","0045010","38","24","21","2","166","0","0","0","0","0","0","0","0","0","98","0","0","0","0","0","0","0","0","0","0","0","45","53"
"56","0045011","38","24","21","2","56","0","0","0","0","0","0","0","0","0","38","0","0","0","0","0","0","0","0","0","0","0","22","16"
"56","0045012","38","24","21","2","81","0","0","0","0","0","0","0","0","0","57","0","0","0","0","0","0","0","0","0","0","0","23","34"
"56","0045013","38","24","21","2","26","0","0","0","0","0","0","0","0","0","24","0","0","0","0","0","0","0","0","0","0","0","6","18"
"56","0045014","38","24","21","2","1","0","0","0","0","0","0","0","0","0","1","0","0","0","0","0","0","0","0","0","0","0","***","***"
"56","0045015","38","24","21","2","219","0","0","0","0","0","0","0","0","0","119","0","0","0","0","0","0","0","0","0","0","0","49","70"
"56","0045016","38","24","21","2","210","0","0","0","0","0","0","0","0","0","89","0","0","0","0","0","0","0","0","0","0","0","27","62"
"56","0047000","42","26","27","2","116","0","0","0","0","0","0","0","0","0","68","0","0","0","0","0","0","0","0","0","0","0","47","21"
"56","0048100","42","26","21","2","0","0","0","0","0","0","0","0","0","0","0","0","0","0","0","0","0","0","0","0","0","0","0","0"
"56","0048101","38","26","21","2","3","0","0","0","0","0","0","0","0","0","2","0","0","0","0","0","0","0","0","0","0","0","***","***"
"56","0048102","38","26","21","2","14","0","0","0","0","0","0","0","0","0","8","0","0","0","0","0","0","0","0","0","0","0","***","***"
"56","0048103","38","26","21","2","2","0","0","0","0","0","0","0","0","0","0","0","0","0","0","0","0","0","0","0","0","0","0","0"
"56","0048104","38","26","21","2","0","0","0","0","0","0","0","0","0","0","0","0","0","0","0","0","0","0","0","0","0","0","0","0"
"56","0048105","38","26","21","2","0","0","0","0","0","0","0","0","0","0","0","0","0","0","0","0","0","0","0","0","0","0","0","0"
"56","0048106","38","26","21","2","4","0","0","0","0","0","0","0","0","0","3","0","0","0","0","0","0","0","0","0","0","0","***","***"
"56","0048200","38","26","21","2","151","0","0","0","0","0","0","0","0","0","48","0","0","0","0","0","0","0","0","0","0","0","20","28"
"56","0048201","38","26","21","2","2","0","0","0","0","0","0","0","0","0","2","0","0","0","0","0","0","0","0","0","0","0","***","***"
"56","0048202","38","26","21","2","38","0","0","0","0","0","0","0","0","0","13","0","0","0","0","0","0","0","0","0","0","0","7","6"
"56","0048203","42","26","21","2","6","0","0","0","0","0","0","0","0","0","5","0","0","0","0","0","0","0","0","0","0","0","***","***"
"56","0048204","42","26","21","2","0","0","0","0","0","0","0","0","0","0","0","0","0","0","0","0","0","0","0","0","0","0","0","0"
"56","0048205","38","26","21","2","0","0","0","0","0","0","0","0","0","0","0","0","0","0","0","0","0","0","0","0","0","0","0","0"
"56","0048206","42","26","21","2","0","0","0","0","0","0","0","0","0","0","0","0","0","0","0","0","0","0","0","0","0","0","0","0"
"56","0050000","38","24","21","2","148","0","0","0","0","0","0","0","0","0","107","0","0","0","0","0","0","0","0","0","0","0","40","67"
"56","0050001","38","24","21","2","788","0","0","0","0","0","0","0","0","0","498","0","0","0","0","0","0","0","0","0","0","0","122","375"
"56","0050002","38","24","21","2","647","0","0","0","0","0","0","0","0","0","410","0","0","0","0","0","0","0","0","0","0","0","95","315"
"56","0050003","38","24","21","2","590","0","0","0","0","0","0","0","0","0","398","0","0","0","0","0","0","0","0","0","0","0","103","294"
"56","0050004","38","24","21","2","135","0","0","0","0","0","0","0","0","0","94","0","0","0","0","0","0","0","0","0","0","0","20","74"
"56","0050005","38","24","21","2","624","0","0","0","0","0","0","0","0","0","386","0","0","0","0","0","0","0","0","0","0","0","86","299"
"56","0050006","38","24","21","2","61","0","0","0","0","0","0","0","0","0","40","0","0","0","0","0","0","0","0","0","0","0","15","25"
"56","0050007","38","24","21","2","515","0","0","0","0","0","0","0","0","0","360","0","0","0","0","0","0","0","0","0","0","0","108","252"
"56","0050008","38","24","21","2","435","0","0","0","0","0","0","0","0","0","294","0","0","0","0","0","0","0","0","0","0","0","81","212"
"56","0050009","38","24","21","2","362","0","0","0","0","0","0","0","0","0","207","0","0","0","0","0","0","0","0","0","0","0","99","108"
"56","0050010","38","24","21","2","18","0","0","0","0","0","0","0","0","0","10","0","0","0","0","0","0","0","0","0","0","0","4","6"
"56","0050011","38","24","21","2","425","0","0","0","0","0","0","0","0","0","244","0","0","0","0","0","0","0","0","0","0","0","51","193"
"56","0050012","38","24","21","2","1","0","0","0","0","0","0","0","0","0","1","0","0","0","0","0","0","0","0","0","0","0","***","***"
"56","0050013","38","24","21","2","2","0","0","0","0","0","0","0","0","0","2","0","0","0","0","0","0","0","0","0","0","0","***","***"
"56","0050014","38","24","21","2","28","0","0","0","0","0","0","0","0","0","18","0","0","0","0","0","0","0","0","0","0","0","14","4"
"56","0050015","38","24","21","2","371","0","0","0","0","0","0","0","0","0","245","0","0","0","0","0","0","0","0","0","0","0","57","187"
"56","0050016","38","24","21","2","155","0","0","0","0","0","0","0","0","0","99","0","0","0","0","0","0","0","0","0","0","0","29","70"
"56","0050017","38","24","21","2","20","0","0","0","0","0","0","0","0","0","18","0","0","0","0","0","0","0","0","0","0","0","2","16"
"56","0050018","38","24","21","2","46","0","0","0","0","0","0","0","0","0","29","0","0","0","0","0","0","0","0","0","0","0","13","16"
"56","0051000","38","26","21","2","705","0","0","0","0","0","0","0","0","0","394","0","0","0","0","0","0","0","0","0","0","0","112","282"
"56","0051001","38","26","21","2","777","0","0","0","0","0","0","0","0","0","528","0","0","0","0","0","0","0","0","0","0","0","200","327"
"56","0051002","38","26","21","2","637","0","0","0","0","0","0","0","0","0","339","0","0","0","0","0","0","0","0","0","0","0","118","221"
"56","0051003","38","26","21","2","713","0","0","0","0","0","0","0","0","0","366","0","0","0","0","0","0","0","0","0","0","0","92","274"
"56","0051004","38","26","21","2","884","0","0","0","0","0","0","0","0","0","432","0","0","0","0","0","0","0","0","0","0","0","104","328"
"56","0051005","38","26","21","2","914","0","0","0","0","0","0","0","0","0","373","0","0","0","0","0","0","0","0","0","0","0","73","300"
"56","0051006","38","26","21","2","646","0","0","0","0","0","0","0","0","0","345","0","0","0","0","0","0","0","0","0","0","0","91","254"
"56","0051007","38","26","21","2","877","0","0","0","0","0","0","0","0","0","481","0","0","0","0","0","0","0","0","0","0","0","116","365"
"56","0051008","38","26","21","2","893","0","0","0","0","0","0","0","0","0","387","0","0","0","0","0","0","0","0","0","0","0","96","290"
"56","0051009","38","26","21","2","683","0","0","0","0","0","0","0","0","0","325","0","0","0","0","0","0","0","0","0","0","0","80","245"
"56","0051010","38","26","21","2","0","0","0","0","0","0","0","0","0","0","0","0","0","0","0","0","0","0","0","0","0","0","0","0"
"56","0051011","38","26","21","2","663","0","0","0","0","0","0","0","0","0","263","0","0","0","0","0","0","0","0","0","0","0","42","221"
"56","0051012","38","26","21","2","1000","0","0","0","0","0","0","0","0","0","612","0","0","0","0","0","0","0","0","0","0","0","198","414"
"56","0051013","38","26","21","2","927","0","0","0","0","0","0","0","0","0","482","0","0","0","0","0","0","0","0","0","0","0","134","348"
"56","0051014","38","26","21","2","643","0","0","0","0","0","0","0","0","0","295","0","0","0","0","0","0","0","0","0","0","0","72","223"
"56","0051015","38","26","21","2","1215","0","0","0","0","0","0","0","0","0","657","0","0","0","0","0","0","0","0","0","0","0","245","412"
"56","0051016","38","26","21","2","11","0","0","0","0","0","0","0","0","0","3","0","0","0","0","0","0","0","0","0","0","0","***","***"
"56","0051017","38","26","21","2","0","0","0","0","0","0","0","0","0","0","0","0","0","0","0","0","0","0","0","0","0","0","0","0"
"56","0051018","38","26","21","2","0","0","0","0","0","0","0","0","0","0","0","0","0","0","0","0","0","0","0","0","0","0","0","0"
"56","0051019","38","26","21","2","1","0","0","0","0","0","0","0","0","0","1","0","0","0","0","0","0","0","0","0","0","0","***","***"
"56","0051020","38","26","21","2","0","0","0","0","0","0","0","0","0","0","0","0","0","0","0","0","0","0","0","0","0","0","0","0"
"56","0051021","38","26","21","2","52","0","0","0","0","0","0","0","0","0","21","0","0","0","0","0","0","0","0","0","0","0","10","11"
"56","0051022","38","26","21","2","796","0","0","0","0","0","0","0","0","0","344","0","0","0","0","0","0","0","0","0","0","0","79","265"
"56","0053000","38","26","21","2","213","0","0","0","0","0","0","0","0","0","96","0","0","0","0","0","0","0","0","0","0","0","28","68"
"56","0053001","38","26","21","2","278","0","0","0","0","0","0","0","0","0","132","0","0","0","0","0","0","0","0","0","0","0","32","100"
"56","0053002","38","26","21","2","585","0","0","0","0","0","0","0","0","0","271","0","0","0","0","0","0","0","0","0","0","0","61","210"
"56","0053003","38","26","21","2","884","0","0","0","0","0","0","0","0","0","385","0","0","0","0","0","0","0","0","0","0","0","107","278"
"56","0053004","38","26","21","2","904","0","0","0","0","0","0","0","0","0","438","0","0","0","0","0","0","0","0","0","0","0","81","357"
"56","0053005","38","26","21","2","219","0","0","0","0","0","0","0","0","0","96","0","0","0","0","0","0","0","0","0","0","0","28","68"
"56","0053006","38","26","21","2","841","0","0","0","0","0","0","0","0","0","383","0","0","0","0","0","0","0","0","0","0","0","87","296"
"56","0053007","38","26","21","2","657","0","0","0","0","0","0","0","0","0","290","0","0","0","0","0","0","0","0","0","0","0","69","221"
"56","0053008","38","26","21","2","813","0","0","0","0","0","0","0","0","0","252","0","0","0","0","0","0","0","0","0","0","0","45","207"
"56","0053009","38","26","21","2","0","0","0","0","0","0","0","0","0","0","0","0","0","0","0","0","0","0","0","0","0","0","0","0"
"56","0053010","38","26","21","2","0","0","0","0","0","0","0","0","0","0","0","0","0","0","0","0","0","0","0","0","0","0","0","0"
"56","0053011","38","26","21","2","619","0","0","0","0","0","0","0","0","0","357","0","0","0","0","0","0","0","0","0","0","0","98","259"
"56","0053012","38","26","21","2","772","0","0","0","0","0","0","0","0","0","432","0","0","0","0","0","0","0","0","0","0","0","103","329"
"56","0053013","38","26","21","2","671","0","0","0","0","0","0","0","0","0","337","0","0","0","0","0","0","0","0","0","0","0","99","238"
"56","0053014","38","26","21","2","360","0","0","0","0","0","0","0","0","0","176","0","0","0","0","0","0","0","0","0","0","0","46","130"
"56","0053015","38","26","21","2","0","0","0","0","0","0","0","0","0","0","0","0","0","0","0","0","0","0","0","0","0","0","0","0"
"56","0053016","38","26","21","2","327","0","0","0","0","0","0","0","0","0","103","0","0","0","0","0","0","0","0","0","0","0","16","87"
"56","0053017","38","26","21","2","333","0","0","0","0","0","0","0","0","0","189","0","0","0","0","0","0","0","0","0","0","0","63","126"
"56","0053018","38","26","21","2","930","0","0","0","0","0","0","0","0","0","409","0","0","0","0","0","0","0","0","0","0","0","78","330"
"56","0053019","38","26","21","2","594","0","0","0","0","0","0","0","0","0","299","0","0","0","0","0","0","0","0","0","0","0","83","216"
"56","0053020","38","26","21","2","924","0","0","0","0","0","0","0","0","0","325","0","0","0","0","0","0","0","0","0","0","0","48","277"
"56","0053021","38","26","21","2","400","0","0","0","0","0","0","0","0","0","182","0","0","0","0","0","0","0","0","0","0","0","41","141"
"56","0053022","38","26","21","2","1010","0","0","0","0","0","0","0","0","0","388","0","0","0","0","0","0","0","0","0","0","0","72","316"
"56","0053023","38","26","21","2","698","0","0","0","0","0","0","0","0","0","336","0","0","0","0","0","0","0","0","0","0","0","78","258"
"56","0053024","38","26","21","2","497","0","0","0","0","0","0","0","0","0","225","0","0","0","0","0","0","0","0","0","0","0","41","183"
"56","0053025","38","26","21","2","528","0","0","0","0","0","0","0","0","0","254","0","0","0","0","0","0","0","0","0","0","0","81","173"
"56","0053026","38","26","21","2","675","0","0","0","0","0","0","0","0","0","248","0","0","0","0","0","0","0","0","0","0","0","55","193"
"56","0053027","38","26","21","2","577","0","0","0","0","0","0","0","0","0","291","0","0","0","0","0","0","0","0","0","0","0","67","224"
"56","0053028","38","26","21","2","536","0","0","0","0","0","0","0","0","0","204","0","0","0","0","0","0","0","0","0","0","0","19","185"
"56","0053029","38","26","21","2","43","0","0","0","0","0","0","0","0","0","21","0","0","0","0","0","0","0","0","0","0","0","2","19"
"56","0053030","38","26","21","2","1012","0","0","0","0","0","0","0","0","0","483","0","0","0","0","0","0","0","0","0","0","0","106","377"
"56","0053031","38","26","21","2","713","0","0","0","0","0","0","0","0","0","277","0","0","0","0","0","0","0","0","0","0","0","30","247"
"56","0053032","38","26","21","2","598","0","0","0","0","0","0","0","0","0","251","0","0","0","0","0","0","0","0","0","0","0","36","215"
"56","0053033","38","26","21","2","835","0","0","0","0","0","0","0","0","0","403","0","0","0","0","0","0","0","0","0","0","0","117","286"
"56","0053034","38","26","21","2","792","0","0","0","0","0","0","0","0","0","323","0","0","0","0","0","0","0","0","0","0","0","44","279"
"56","0053035","38","26","21","2","759","0","0","0","0","0","0","0","0","0","273","0","0","0","0","0","0","0","0","0","0","0","45","228"
"56","0053036","38","26","21","2","0","0","0","0","0","0","0","0","0","0","0","0","0","0","0","0","0","0","0","0","0","0","0","0"
"56","0053037","38","26","21","2","71","0","0","0","0","0","0","0","0","0","23","0","0","0","0","0","0","0","0","0","0","0","1","22"
"56","0053038","38","26","21","2","758","0","0","0","0","0","0","0","0","0","356","0","0","0","0","0","0","0","0","0","0","0","104","252"
"56","0053039","38","26","21","2","661","0","0","0","0","0","0","0","0","0","309","0","0","0","0","0","0","0","0","0","0","0","70","239"
"56","0053040","38","26","21","2","713","0","0","0","0","0","0","0","0","0","309","0","0","0","0","0","0","0","0","0","0","0","92","217"
"56","0053041","38","26","21","2","543","0","0","0","0","0","0","0","0","0","229","0","0","0","0","0","0","0","0","0","0","0","65","164"
"56","0053042","38","26","21","2","802","0","0","0","0","0","0","0","0","0","337","0","0","0","0","0","0","0","0","0","0","0","63","272"
"56","0053043","38","26","21","2","1","0","0","0","0","0","0","0","0","0","0","0","0","0","0","0","0","0","0","0","0","0","0","0"
"56","0053044","38","26","21","2","0","0","0","0","0","0","0","0","0","0","0","0","0","0","0","0","0","0","0","0","0","0","0","0"
"56","0053045","38","26","21","2","862","0","0","0","0","0","0","0","0","0","357","0","0","0","0","0","0","0","0","0","0","0","104","253"
"56","0053046","38","26","21","2","0","0","0","0","0","0","0","0","0","0","0","0","0","0","0","0","0","0","0","0","0","0","0","0"
"56","0055000","38","26","21","2","880","0","0","0","0","0","0","0","0","0","333","0","0","0","0","0","0","0","0","0","0","0","56","277"
"56","0055001","38","26","21","2","784","0","0","0","0","0","0","0","0","0","307","0","0","0","0","0","0","0","0","0","0","0","38","269"
"56","0055002","38","26","21","2","613","0","0","0","0","0","0","0","0","0","243","0","0","0","0","0","0","0","0","0","0","0","23","220"
"56","0055003","38","26","21","2","347","0","0","0","0","0","0","0","0","0","112","0","0","0","0","0","0","0","0","0","0","0","18","94"
"56","0055004","38","26","21","2","774","0","0","0","0","0","0","0","0","0","286","0","0","0","0","0","0","0","0","0","0","0","56","230"
"56","0055005","38","26","21","2","913","0","0","0","0","0","0","0","0","0","376","0","0","0","0","0","0","0","0","0","0","0","107","269"
"56","0055006","38","26","21","2","1017","0","0","0","0","0","0","0","0","0","407","0","0","0","0","0","0","0","0","0","0","0","48","359"
"56","0055007","38","26","21","2","948","0","0","0","0","0","0","0","0","0","387","0","0","0","0","0","0","0","0","0","0","0","100","287"
"56","0055008","38","26","21","2","702","0","0","0","0","0","0","0","0","0","251","0","0","0","0","0","0","0","0","0","0","0","41","210"
"56","0055009","38","26","21","2","322","0","0","0","0","0","0","0","0","0","145","0","0","0","0","0","0","0","0","0","0","0","15","130"
"56","0055010","38","26","21","2","561","0","0","0","0","0","0","0","0","0","272","0","0","0","0","0","0","0","0","0","0","0","81","191"
"56","0055011","38","26","21","2","536","0","0","0","0","0","0","0","0","0","244","0","0","0","0","0","0","0","0","0","0","0","64","178"
"56","0055012","38","26","21","2","44","0","0","0","0","0","0","0","0","0","16","0","0","0","0","0","0","0","0","0","0","0","6","10"
"56","0055013","38","26","21","2","725","0","0","0","0","0","0","0","0","0","268","0","0","0","0","0","0","0","0","0","0","0","45","223"
"56","0055014","38","26","21","2","699","0","0","0","0","0","0","0","0","0","259","0","0","0","0","0","0","0","0","0","0","0","37","222"
"56","0055015","38","26","21","2","684","0","0","0","0","0","0","0","0","0","469","0","0","0","0","0","0","0","0","0","0","0","181","288"
"56","0055016","38","26","21","2","569","0","0","0","0","0","0","0","0","0","269","0","0","0","0","0","0","0","0","0","0","0","24","244"
"56","0055017","38","26","21","2","0","0","0","0","0","0","0","0","0","0","0","0","0","0","0","0","0","0","0","0","0","0","0","0"
"56","0055018","38","26","21","2","822","0","0","0","0","0","0","0","0","0","318","0","0","0","0","0","0","0","0","0","0","0","75","243"
"56","0055019","38","26","21","2","655","0","0","0","0","0","0","0","0","0","208","0","0","0","0","0","0","0","0","0","0","0","46","162"
"56","0055020","38","26","21","2","278","0","0","0","0","0","0","0","0","0","96","0","0","0","0","0","0","0","0","0","0","0","15","81"
"56","0055021","38","26","21","2","362","0","0","0","0","0","0","0","0","0","272","0","0","0","0","0","0","0","0","0","0","0","105","167"
"56","0055022","38","26","21","2","1042","0","0","0","0","0","0","0","0","0","368","0","0","0","0","0","0","0","0","0","0","0","51","317"
"56","0055023","38","26","21","2","713","0","0","0","0","0","0","0","0","0","247","0","0","0","0","0","0","0","0","0","0","0","35","212"
"56","0055024","38","26","21","2","710","0","0","0","0","0","0","0","0","0","273","0","0","0","0","0","0","0","0","0","0","0","50","223"
"56","0055025","38","26","21","2","684","0","0","0","0","0","0","0","0","0","295","0","0","0","0","0","0","0","0","0","0","0","53","242"
"56","0055026","38","26","21","2","688","0","0","0","0","0","0","0","0","0","260","0","0","0","0","0","0","0","0","0","0","0","41","219"
"56","0055027","38","26","21","2","821","0","0","0","0","0","0","0","0","0","279","0","0","0","0","0","0","0","0","0","0","0","34","244"
"56","0055028","38","26","21","2","785","0","0","0","0","0","0","0","0","0","324","0","0","0","0","0","0","0","0","0","0","0","45","279"
"56","0055029","38","26","21","2","904","0","0","0","0","0","0","0","0","0","367","0","0","0","0","0","0","0","0","0","0","0","43","324"
"56","0055030","38","26","21","2","493","0","0","0","0","0","0","0","0","0","137","0","0","0","0","0","0","0","0","0","0","0","14","123"
"56","0055031","38","26","21","2","1047","0","0","0","0","0","0","0","0","0","423","0","0","0","0","0","0","0","0","0","0","0","78","345"
"56","0055032","38","26","21","2","1122","0","0","0","0","0","0","0","0","0","609","0","0","0","0","0","0","0","0","0","0","0","164","445"
"56","0055033","38","26","21","2","921","0","0","0","0","0","0","0","0","0","361","0","0","0","0","0","0","0","0","0","0","0","69","291"
"56","0055034","38","26","21","2","804","0","0","0","0","0","0","0","0","0","304","0","0","0","0","0","0","0","0","0","0","0","57","247"
"56","0055035","38","26","21","2","844","0","0","0","0","0","0","0","0","0","401","0","0","0","0","0","0","0","0","0","0","0","126","275"
"56","0055036","38","26","21","2","915","0","0","0","0","0","0","0","0","0","462","0","0","0","0","0","0","0","0","0","0","0","149","313"
"56","0055037","38","26","21","2","718","0","0","0","0","0","0","0","0","0","338","0","0","0","0","0","0","0","0","0","0","0","103","235"
"56","0055038","38","26","21","2","603","0","0","0","0","0","0","0","0","0","247","0","0","0","0","0","0","0","0","0","0","0","46","201"
"56","0055039","38","26","21","2","697","0","0","0","0","0","0","0","0","0","253","0","0","0","0","0","0","0","0","0","0","0","31","222"
"56","0055040","38","26","21","2","536","0","0","0","0","0","0","0","0","0","211","0","0","0","0","0","0","0","0","0","0","0","33","178"
"56","0055041","38","26","21","2","742","0","0","0","0","0","0","0","0","0","272","0","0","0","0","0","0","0","0","0","0","0","36","236"
"56","0055042","38","26","21","2","754","0","0","0","0","0","0","0","0","0","260","0","0","0","0","0","0","0","0","0","0","0","32","228"
"56","0055043","38","26","21","2","612","0","0","0","0","0","0","0","0","0","201","0","0","0","0","0","0","0","0","0","0","0","36","165"
"56","0055044","38","26","21","2","803","0","0","0","0","0","0","0","0","0","258","0","0","0","0","0","0","0","0","0","0","0","22","236"
"56","0055045","38","26","21","2","491","0","0","0","0","0","0","0","0","0","155","0","0","0","0","0","0","0","0","0","0","0","28","127"
"56","0055046","38","26","21","2","921","0","0","0","0","0","0","0","0","0","299","0","0","0","0","0","0","0","0","0","0","0","42","257"
"56","0055047","38","26","21","2","847","0","0","0","0","0","0","0","0","0","328","0","0","0","0","0","0","0","0","0","0","0","55","272"
"56","0055048","38","26","21","2","1042","0","0","0","0","0","0","0","0","0","504","0","0","0","0","0","0","0","0","0","0","0","118","386"
"56","0055049","38","26","21","2","1032","0","0","0","0","0","0","0","0","0","591","0","0","0","0","0","0","0","0","0","0","0","173","416"
"56","0055050","38","26","21","2","870","0","0","0","0","0","0","0","0","0","451","0","0","0","0","0","0","0","0","0","0","0","125","326"
"56","0055051","38","26","21","2","444","0","0","0","0","0","0","0","0","0","183","0","0","0","0","0","0","0","0","0","0","0","33","150"
"56","0055052","38","26","21","2","478","0","0","0","0","0","0","0","0","0","183","0","0","0","0","0","0","0","0","0","0","0","40","143"
"56","0055053","38","26","21","2","568","0","0","0","0","0","0","0","0","0","232","0","0","0","0","0","0","0","0","0","0","0","49","183"
"56","0055054","38","26","21","2","841","0","0","0","0","0","0","0","0","0","376","0","0","0","0","0","0","0","0","0","0","0","76","300"
"56","0055055","38","26","21","2","764","0","0","0","0","0","0","0","0","0","287","0","0","0","0","0","0","0","0","0","0","0","62","225"
"56","0055056","38","26","21","2","928","0","0","0","0","0","0","0","0","0","350","0","0","0","0","0","0","0","0","0","0","0","71","279"
"56","0055057","38","26","21","2","818","0","0","0","0","0","0","0","0","0","341","0","0","0","0","0","0","0","0","0","0","0","79","262"
"56","0055058","38","26","21","2","835","0","0","0","0","0","0","0","0","0","306","0","0","0","0","0","0","0","0","0","0","0","45","261"
"56","0055059","38","26","21","2","847","0","0","0","0","0","0","0","0","0","383","0","0","0","0","0","0","0","0","0","0","0","94","289"
"56","0055060","38","26","21","2","640","0","0","0","0","0","0","0","0","0","316","0","0","0","0","0","0","0","0","0","0","0","94","222"
"56","0055061","38","26","21","2","597","0","0","0","0","0","0","0","0","0","291","0","0","0","0","0","0","0","0","0","0","0","74","217"
"56","0055062","38","26","21","2","481","0","0","0","0","0","0","0","0","0","214","0","0","0","0","0","0","0","0","0","0","0","32","182"
"56","0055063","38","26","21","2","987","0","0","0","0","0","0","0","0","0","391","0","0","0","0","0","0","0","0","0","0","0","50","340"
"56","0055064","38","26","21","2","1000","0","0","0","0","0","0","0","0","0","351","0","0","0","0","0","0","0","0","0","0","0","34","317"
"56","0055065","38","26","21","2","388","0","0","0","0","0","0","0","0","0","166","0","0","0","0","0","0","0","0","0","0","0","23","143"
"56","0055066","38","26","21","2","659","0","0","0","0","0","0","0","0","0","246","0","0","0","0","0","0","0","0","0","0","0","44","202"
"56","0055067","38","26","21","2","916","0","0","0","0","0","0","0","0","0","404","0","0","0","0","0","0","0","0","0","0","0","60","343"
"56","0055068","38","26","21","2","793","0","0","0","0","0","0","0","0","0","324","0","0","0","0","0","0","0","0","0","0","0","52","272"
"56","0055069","38","26","21","2","805","0","0","0","0","0","0","0","0","0","343","0","0","0","0","0","0","0","0","0","0","0","83","259"
"56","0055070","38","26","21","2","0","0","0","0","0","0","0","0","0","0","0","0","0","0","0","0","0","0","0","0","0","0","0","0"
"56","0055071","38","26","21","2","34","0","0","0","0","0","0","0","0","0","10","0","0","0","0","0","0","0","0","0","0","0","4","6"
"56","0055072","38","26","21","2","106","0","0","0","0","0","0","0","0","0","39","0","0","0","0","0","0","0","0","0","0","0","12","27"
"56","0055073","38","26","21","2","0","0","0","0","0","0","0","0","0","0","0","0","0","0","0","0","0","0","0","0","0","0","0","0"
"56","0055074","38","26","21","2","879","0","0","0","0","0","0","0","0","0","488","0","0","0","0","0","0","0","0","0","0","0","163","325"
"56","0055075","38","26","21","2","788","0","0","0","0","0","0","0","0","0","475","0","0","0","0","0","0","0","0","0","0","0","179","296"
"56","0055076","38","26","21","2","664","0","0","0","0","0","0","0","0","0","447","0","0","0","0","0","0","0","0","0","0","0","155","292"
"56","0055077","38","26","21","2","910","0","0","0","0","0","0","0","0","0","584","0","0","0","0","0","0","0","0","0","0","0","238","346"
"56","0055078","38","26","21","2","659","0","0","0","0","0","0","0","0","0","470","0","0","0","0","0","0","0","0","0","0","0","273","197"
"56","0055079","38","26","21","2","693","0","0","0","0","0","0","0","0","0","492","0","0","0","0","0","0","0","0","0","0","0","187","305"
"56","0055080","38","26","21","2","0","0","0","0","0","0","0","0","0","0","0","0","0","0","0","0","0","0","0","0","0","0","0","0"
"56","0055081","38","26","21","2","1","0","0","0","0","0","0","0","0","0","0","0","0","0","0","0","0","0","0","0","0","0","0","0"
"56","0055082","38","26","21","2","0","0","0","0","0","0","0","0","0","0","0","0","0","0","0","0","0","0","0","0","0","0","0","0"
"56","0055083","38","26","21","2","0","0","0","0","0","0","0","0","0","0","1","0","0","0","0","0","0","0","0","0","0","0","***","***"
"56","0055084","38","26","21","2","2","0","0","0","0","0","0","0","0","0","0","0","0","0","0","0","0","0","0","0","0","0","0","0"
"56","0055085","38","26","21","2","62","0","0","0","0","0","0","0","0","0","28","0","0","0","0","0","0","0","0","0","0","0","2","26"
"56","0055086","38","26","21","2","0","0","0","0","0","0","0","0","0","0","0","0","0","0","0","0","0","0","0","0","0","0","0","0"
"56","0055087","38","26","21","2","825","0","0","0","0","0","0","0","0","0","324","0","0","0","0","0","0","0","0","0","0","0","114","209"
"56","0055088","38","26","21","2","1182","0","0","0","0","0","0","0","0","0","505","0","0","0","0","0","0","0","0","0","0","0","130","375"
"56","0055089","38","26","21","2","546","0","0","0","0","0","0","0","0","0","262","0","0","0","0","0","0","0","0","0","0","0","46","216"
"56","0055090","38","26","21","2","753","0","0","0","0","0","0","0","0","0","312","0","0","0","0","0","0","0","0","0","0","0","63","249"
"56","0055091","38","26","21","2","1","0","0","0","0","0","0","0","0","0","0","0","0","0","0","0","0","0","0","0","0","0","0","0"
"56","0055092","38","26","21","2","540","0","0","0","0","0","0","0","0","0","217","0","0","0","0","0","0","0","0","0","0","0","55","162"
"56","0055093","38","26","21","2","37","0","0","0","0","0","0","0","0","0","9","0","0","0","0","0","0","0","0","0","0","0","***","***"
"56","0055094","38","26","21","2","70","0","0","0","0","0","0","0","0","0","28","0","0","0","0","0","0","0","0","0","0","0","4","24"
"56","0055095","38","26","21","2","0","0","0","0","0","0","0","0","0","0","0","0","0","0","0","0","0","0","0","0","0","0","0","0"
"56","0055096","38","26","21","2","0","0","0","0","0","0","0","0","0","0","0","0","0","0","0","0","0","0","0","0","0","0","0","0"
"56","0055097","38","26","21","2","1158","0","0","0","0","0","0","0","0","0","456","0","0","0","0","0","0","0","0","0","0","0","70","386"
"56","0055098","38","26","21","2","872","0","0","0","0","0","0","0","0","0","333","0","0","0","0","0","0","0","0","0","0","0","84","249"
"56","0055099","38","26","21","2","843","0","0","0","0","0","0","0","0","0","324","0","0","0","0","0","0","0","0","0","0","0","57","267"
"56","0055100","38","26","21","2","602","0","0","0","0","0","0","0","0","0","213","0","0","0","0","0","0","0","0","0","0","0","23","190"
"56","0056000","38","26","21","2","56","0","0","0","0","0","0","0","0","0","26","0","0","0","0","0","0","0","0","0","0","0","16","10"
"56","0056100","38","26","21","2","0","0","0","0","0","0","0","0","0","0","0","0","0","0","0","0","0","0","0","0","0","0","0","0"
"56","0056101","38","26","21","2","0","0","0","0","0","0","0","0","0","0","0","0","0","0","0","0","0","0","0","0","0","0","0","0"
"56","0056102","38","26","21","2","8","0","0","0","0","0","0","0","0","0","5","0","0","0","0","0","0","0","0","0","0","0","***","***"
"56","0056300","38","26","21","2","21","0","0","0","0","0","0","0","0","0","5","0","0","0","0","0","0","0","0","0","0","0","***","***"
"56","0056301","38","26","21","2","0","0","0","0","0","0","0","0","0","0","0","0","0","0","0","0","0","0","0","0","0","0","0","0"
"56","0056302","38","26","21","2","0","0","0","0","0","0","0","0","0","0","0","0","0","0","0","0","0","0","0","0","0","0","0","0"
"56","0056303","38","26","21","2","0","0","0","0","0","0","0","0","0","0","0","0","0","0","0","0","0","0","0","0","0","0","0","0"
"56","0056304","38","26","21","2","0","0","0","0","0","0","0","0","0","0","0","0","0","0","0","0","0","0","0","0","0","0","0","0"
"56","0056305","38","26","21","2","0","0","0","0","0","0","0","0","0","0","0","0","0","0","0","0","0","0","0","0","0","0","0","0"
"56","0056306","38","26","21","2","0","0","0","0","0","0","0","0","0","0","0","0","0","0","0","0","0","0","0","0","0","0","0","0"
"56","0056307","38","26","21","2","0","0","0","0","0","0","0","0","0","0","0","0","0","0","0","0","0","0","0","0","0","0","0","0"
"56","0058000","38","26","21","2","1429","0","0","0","0","0","0","0","0","0","532","0","0","0","0","0","0","0","0","0","0","0","131","400"
"56","0058001","38","26","21","2","7","0","0","0","0","0","0","0","0","0","6","0","0","0","0","0","0","0","0","0","0","0","***","***"
"56","0058002","38","26","21","2","14","0","0","0","0","0","0","0","0","0","10","0","0","0","0","0","0","0","0","0","0","0","0","10"
"56","0058003","42","26","21","2","0","0","0","0","0","0","0","0","0","0","0","0","0","0","0","0","0","0","0","0","0","0","0","0"
"56","0058004","38","26","21","2","0","0","0","0","0","0","0","0","0","0","0","0","0","0","0","0","0","0","0","0","0","0","0","0"
"56","0058005","38","26","21","2","0","0","0","0","0","0","0","0","0","0","0","0","0","0","0","0","0","0","0","0","0","0","0","0"
"56","0058006","42","26","21","2","0","0","0","0","0","0","0","0","0","0","0","0","0","0","0","0","0","0","0","0","0","0","0","0"
"56","0058007","42","26","21","2","0","0","0","0","0","0","0","0","0","0","0","0","0","0","0","0","0","0","0","0","0","0","0","0"
"56","0058008","38","26","21","2","0","0","0","0","0","0","0","0","0","0","0","0","0","0","0","0","0","0","0","0","0","0","0","0"
"56","0058009","42","26","21","2","0","0","0","0","0","0","0","0","0","0","0","0","0","0","0","0","0","0","0","0","0","0","0","0"
"56","0058010","42","26","21","2","0","0","0","0","0","0","0","0","0","0","0","0","0","0","0","0","0","0","0","0","0","0","0","0"
"56","0058011","38","26","21","2","1","0","0","0","0","0","0","0","0","0","1","0","0","0","0","0","0","0","0","0","0","0","***","***"
"56","0058100","38","26","21","2","0","0","0","0","0","0","0","0","0","0","0","0","0","0","0","0","0","0","0","0","0","0","0","0"
"56","0058101","38","26","21","2","1","0","0","0","0","0","0","0","0","0","0","0","0","0","0","0","0","0","0","0","0","0","0","0"
"56","0058102","38","26","21","2","0","0","0","0","0","0","0","0","0","0","0","0","0","0","0","0","0","0","0","0","0","0","0","0"
"56","0060200","38","26","21","2","408","0","0","0","0","0","0","0","0","0","113","0","0","0","0","0","0","0","0","0","0","0","47","66"
"56","0060201","38","26","21","2","753","0","0","0","0","0","0","0","0","0","353","0","0","0","0","0","0","0","0","0","0","0","105","248"
"56","0060202","38","26","21","2","492","0","0","0","0","0","0","0","0","0","223","0","0","0","0","0","0","0","0","0","0","0","59","164"
"56","0060203","38","26","21","2","871","0","0","0","0","0","0","0","0","0","365","0","0","0","0","0","0","0","0","0","0","0","113","251"
"56","0060204","38","26","21","2","683","0","0","0","0","0","0","0","0","0","306","0","0","0","0","0","0","0","0","0","0","0","81","225"
"56","0060205","38","26","21","2","11","0","0","0","0","0","0","0","0","0","4","0","0","0","0","0","0","0","0","0","0","0","***","***"
"56","0060206","38","26","21","2","1008","0","0","0","0","0","0","0","0","0","450","0","0","0","0","0","0","0","0","0","0","0","123","327"
"56","0060207","38","26","21","2","989","0","0","0","0","0","0","0","0","0","433","0","0","0","0","0","0","0","0","0","0","0","106","327"
"56","0060208","38","26","21","2","842","0","0","0","0","0","0","0","0","0","397","0","0","0","0","0","0","0","0","0","0","0","92","305"
"56","0060209","38","26","21","2","291","0","0","0","0","0","0","0","0","0","213","0","0","0","0","0","0","0","0","0","0","0","89","124"
"56","0060210","38","26","21","2","668","0","0","0","0","0","0","0","0","0","382","0","0","0","0","0","0","0","0","0","0","0","120","262"
"56","0060211","38","26","21","2","687","0","0","0","0","0","0","0","0","0","504","0","0","0","0","0","0","0","0","0","0","0","162","342"
"56","0060212","38","26","21","2","677","0","0","0","0","0","0","0","0","0","256","0","0","0","0","0","0","0","0","0","0","0","56","200"
"56","0060213","38","26","21","2","549","0","0","0","0","0","0","0","0","0","356","0","0","0","0","0","0","0","0","0","0","0","111","245"
"56","0060214","38","26","21","2","489","0","0","0","0","0","0","0","0","0","327","0","0","0","0","0","0","0","0","0","0","0","143","184"
"56","0060215","38","26","21","2","836","0","0","0","0","0","0","0","0","0","285","0","0","0","0","0","0","0","0","0","0","0","48","235"
"56","0060216","38","26","21","2","638","0","0","0","0","0","0","0","0","0","404","0","0","0","0","0","0","0","0","0","0","0","135","268"
"56","0060217","38","26","21","2","395","0","0","0","0","0","0","0","0","0","226","0","0","0","0","0","0","0","0","0","0","0","63","163"
"56","0062000","42","26","21","2","9","0","0","0","0","0","0","0","0","0","5","0","0","0","0","0","0","0","0","0","0","0","***","***"
"56","0062001","38","26","21","2","0","0","0","0","0","0","0","0","0","0","0","0","0","0","0","0","0","0","0","0","0","0","0","0"
"56","0062002","38","26","21","2","0","0","0","0","0","0","0","0","0","0","0","0","0","0","0","0","0","0","0","0","0","0","0","0"
"56","0062200","42","26","21","2","1","0","0","0","0","0","0","0","0","0","1","0","0","0","0","0","0","0","0","0","0","0","***","***"
"56","0064000","38","24","21","2","4","0","0","0","0","0","0","0","0","0","3","0","0","0","0","0","0","0","0","0","0","0","***","***"
"56","0064001","38","24","21","2","475","0","0","0","0","0","0","0","0","0","301","0","0","0","0","0","0","0","0","0","0","0","159","142"
"56","0064002","38","24","21","2","7","0","0","0","0","0","0","0","0","0","2","0","0","0","0","0","0","0","0","0","0","0","***","***"
"56","0064003","38","24","21","2","48","0","0","0","0","0","0","0","0","0","21","0","0","0","0","0","0","0","0","0","0","0","8","13"
"56","0064004","38","26","21","2","8","0","0","0","0","0","0","0","0","0","6","0","0","0","0","0","0","0","0","0","0","0","***","***"
"56","0064005","38","24","21","2","30","0","0","0","0","0","0","0","0","0","13","0","0","0","0","0","0","0","0","0","0","0","1","12"
"56","0064006","38","26","21","2","0","0","0","0","0","0","0","0","0","0","1","0","0","0","0","0","0","0","0","0","0","0","***","***"
"56","0064007","38","26","21","2","6","0","0","0","0","0","0","0","0","0","4","0","0","0","0","0","0","0","0","0","0","0","***","***"
"56","0064008","38","24","21","2","39","0","0","0","0","0","0","0","0","0","25","0","0","0","0","0","0","0","0","0","0","0","12","12"
"56","0066000","38","26","21","2","0","0","0","0","0","0","0","0","0","0","0","0","0","0","0","0","0","0","0","0","0","0","0","0"
"56","0066100","38","26","21","2","22","0","0","0","0","0","0","0","0","0","10","0","0","0","0","0","0","0","0","0","0","0","5","5"
"56","0066101","38","26","21","2","0","0","0","0","0","0","0","0","0","0","0","0","0","0","0","0","0","0","0","0","0","0","0","0"
"56","0066102","38","26","21","2","0","0","0","0","0","0","0","0","0","0","0","0","0","0","0","0","0","0","0","0","0","0","0","0"
"56","0066103","38","26","21","2","307","0","0","0","0","0","0","0","0","0","129","0","0","0","0","0","0","0","0","0","0","0","47","82"
"56","0068000","38","24","21","2","147","0","0","0","0","0","0","0","0","0","102","0","0","0","0","0","0","0","0","0","0","0","42","60"
"56","0068001","38","24","21","2","27","0","0","0","0","0","0","0","0","0","10","0","0","0","0","0","0","0","0","0","0","0","8","2"
"56","0068002","38","26","21","2","7","0","0","0","0","0","0","0","0","0","5","0","0","0","0","0","0","0","0","0","0","0","***","***"
"56","0068003","38","24","21","2","32","0","0","0","0","0","0","0","0","0","20","0","0","0","0","0","0","0","0","0","0","0","6","14"
"56","0068004","38","24","21","2","9","0","0","0","0","0","0","0","0","0","5","0","0","0","0","0","0","0","0","0","0","0","***","***"
"56","0068005","38","24","21","2","2","0","0","0","0","0","0","0","0","0","2","0","0","0","0","0","0","0","0","0","0","0","***","***"
"56","0068006","38","24","21","2","4","0","0","0","0","0","0","0","0","0","4","0","0","0","0","0","0","0","0","0","0","0","***","***"
"56","0068007","38","24","21","2","3","0","0","0","0","0","0","0","0","0","3","0","0","0","0","0","0","0","0","0","0","0","***","***"
"56","0068008","38","24","21","2","0","0","0","0","0","0","0","0","0","0","0","0","0","0","0","0","0","0","0","0","0","0","0","0"
"56","0068009","38","24","21","2","3","0","0","0","0","0","0","0","0","0","3","0","0","0","0","0","0","0","0","0","0","0","***","***"
"56","0068010","38","24","21","2","0","0","0","0","0","0","0","0","0","0","0","0","0","0","0","0","0","0","0","0","0","0","0","0"
"56","0068011","38","24","21","2","0","0","0","0","0","0","0","0","0","0","0","0","0","0","0","0","0","0","0","0","0","0","0","0"
"56","0068012","38","24","21","2","0","0","0","0","0","0","0","0","0","0","0","0","0","0","0","0","0","0","0","0","0","0","0","0"
"56","0068013","38","24","21","2","0","0","0","0","0","0","0","0","0","0","0","0","0","0","0","0","0","0","0","0","0","0","0","0"
"56","0068014","38","24","21","2","5","0","0","0","0","0","0","0","0","0","4","0","0","0","0","0","0","0","0","0","0","0","***","***"
"56","0068015","38","24","21","2","2","0","0","0","0","0","0","0","0","0","1","0","0","0","0","0","0","0","0","0","0","0","***","***"
"56","0068016","38","24","21","2","8","0","0","0","0","0","0","0","0","0","9","0","0","0","0","0","0","0","0","0","0","0","***","***"
"56","0068017","38","24","21","2","3","0","0","0","0","0","0","0","0","0","3","0","0","0","0","0","0","0","0","0","0","0","***","***"
"56","0068018","38","24","21","2","7","0","0","0","0","0","0","0","0","0","3","0","0","0","0","0","0","0","0","0","0","0","***","***"
"56","0070000","38","26","21","2","11","0","0","0","0","0","0","0","0","0","3","0","0","0","0","0","0","0","0","0","0","0","***","***"
"56","0070001","38","26","21","2","31","0","0","0","0","0","0","0","0","0","27","0","0","0","0","0","0","0","0","0","0","0","10","17"
"56","0070002","38","26","21","2","0","0","0","0","0","0","0","0","0","0","0","0","0","0","0","0","0","0","0","0","0","0","0","0"
"56","0070003","38","26","21","2","6","0","0","0","0","0","0","0","0","0","4","0","0","0","0","0","0","0","0","0","0","0","***","***"
"56","0070004","38","26","21","2","20","0","0","0","0","0","0","0","0","0","11","0","0","0","0","0","0","0","0","0","0","0","8","3"
"56","0070005","38","26","21","2","0","0","0","0","0","0","0","0","0","0","0","0","0","0","0","0","0","0","0","0","0","0","0","0"
"56","0070006","38","26","21","2","55","0","0","0","0","0","0","0","0","0","31","0","0","0","0","0","0","0","0","0","0","0","11","20"
"56","0072000","38","26","21","2","386","0","0","0","0","0","0","0","0","0","261","0","0","0","0","0","0","0","0","0","0","0","112","149"
"56","0072001","38","26","21","2","813","0","0","0","0","0","0","0","0","0","482","0","0","0","0","0","0","0","0","0","0","0","200","281"
"56","0072002","38","26","21","2","451","0","0","0","0","0","0","0","0","0","300","0","0","0","0","0","0","0","0","0","0","0","116","184"
"56","0072003","38","26","21","2","722","0","0","0","0","0","0","0","0","0","400","0","0","0","0","0","0","0","0","0","0","0","133","267"
"56","0072004","38","26","21","2","677","0","0","0","0","0","0","0","0","0","345","0","0","0","0","0","0","0","0","0","0","0","107","238"
"56","0072005","38","26","21","2","663","0","0","0","0","0","0","0","0","0","284","0","0","0","0","0","0","0","0","0","0","0","69","214"
"56","0072006","38","26","21","2","992","0","0","0","0","0","0","0","0","0","411","0","0","0","0","0","0","0","0","0","0","0","104","306"
"56","0072007","38","26","21","2","917","0","0","0","0","0","0","0","0","0","293","0","0","0","0","0","0","0","0","0","0","0","50","243"
"56","0072008","38","26","21","2","768","0","0","0","0","0","0","0","0","0","334","0","0","0","0","0","0","0","0","0","0","0","60","274"
"56","0072009","38","26","21","2","0","0","0","0","0","0","0","0","0","0","0","0","0","0","0","0","0","0","0","0","0","0","0","0"
"56","0072010","38","26","21","2","1069","0","0","0","0","0","0","0","0","0","600","0","0","0","0","0","0","0","0","0","0","0","211","388"
"56","0072011","38","26","21","2","1023","0","0","0","0","0","0","0","0","0","458","0","0","0","0","0","0","0","0","0","0","0","127","330"
"56","0072012","38","26","21","2","328","0","0","0","0","0","0","0","0","0","221","0","0","0","0","0","0","0","0","0","0","0","81","139"
"56","0072013","38","26","21","2","555","0","0","0","0","0","0","0","0","0","276","0","0","0","0","0","0","0","0","0","0","0","93","183"
"56","0072014","38","26","21","2","844","0","0","0","0","0","0","0","0","0","351","0","0","0","0","0","0","0","0","0","0","0","82","269"
"56","0072015","38","26","21","2","754","0","0","0","0","0","0","0","0","0","351","0","0","0","0","0","0","0","0","0","0","0","99","252"
"56","0072016","38","26","21","2","221","0","0","0","0","0","0","0","0","0","93","0","0","0","0","0","0","0","0","0","0","0","17","76"
"56","0072017","38","26","21","2","59","0","0","0","0","0","0","0","0","0","42","0","0","0","0","0","0","0","0","0","0","0","29","13"
"56","0072018","38","26","21","2","42","0","0","0","0","0","0","0","0","0","28","0","0","0","0","0","0","0","0","0","0","0","12","16"
"56","0072019","38","26","21","2","1265","0","0","0","0","0","0","0","0","0","614","0","0","0","0","0","0","0","0","0","0","0","203","411"
"56","0072020","38","26","21","2","505","0","0","0","0","0","0","0","0","0","267","0","0","0","0","0","0","0","0","0","0","0","104","163"
"56","0072021","38","26","21","2","3","0","0","0","0","0","0","0","0","0","1","0","0","0","0","0","0","0","0","0","0","0","***","***"
"56","0072022","38","26","21","2","474","0","0","0","0","0","0","0","0","0","220","0","0","0","0","0","0","0","0","0","0","0","68","152"
"56","0072023","38","26","21","2","644","0","0","0","0","0","0","0","0","0","265","0","0","0","0","0","0","0","0","0","0","0","41","224"
"56","0072024","38","26","21","2","251","0","0","0","0","0","0","0","0","0","88","0","0","0","0","0","0","0","0","0","0","0","21","67"
"56","0072025","38","26","21","2","55","0","0","0","0","0","0","0","0","0","21","0","0","0","0","0","0","0","0","0","0","0","6","15"
"56","0072026","38","26","21","2","145","0","0","0","0","0","0","0","0","0","68","0","0","0","0","0","0","0","0","0","0","0","25","43"
"56","0072027","38","26","21","2","7","0","0","0","0","0","0","0","0","0","7","0","0","0","0","0","0","0","0","0","0","0","***","***"
"56","0072028","38","26","21","2","157","0","0","0","0","0","0","0","0","0","95","0","0","0","0","0","0","0","0","0","0","0","28","66"
"56","0072029","38","26","21","2","188","0","0","0","0","0","0","0","0","0","71","0","0","0","0","0","0","0","0","0","0","0","16","55"
"56","0072030","38","26","21","2","44","0","0","0","0","0","0","0","0","0","14","0","0","0","0","0","0","0","0","0","0","0","3","11"
"56","0072031","38","26","21","2","317","0","0","0","0","0","0","0","0","0","167","0","0","0","0","0","0","0","0","0","0","0","35","131"
"56","0072032","38","26","21","2","8","0","0","0","0","0","0","0","0","0","1","0","0","0","0","0","0","0","0","0","0","0","***","***"
"56","0072033","38","26","21","2","679","0","0","0","0","0","0","0","0","0","275","0","0","0","0","0","0","0","0","0","0","0","40","235"
"56","0072034","38","26","21","2","183","0","0","0","0","0","0","0","0","0","81","0","0","0","0","0","0","0","0","0","0","0","24","57"
"56","0072035","38","26","21","2","119","0","0","0","0","0","0","0","0","0","35","0","0","0","0","0","0","0","0","0","0","0","6","29"
"56","0072036","38","26","21","2","230","0","0","0","0","0","0","0","0","0","107","0","0","0","0","0","0","0","0","0","0","0","32","75"
"56","0072037","38","26","21","2","230","0","0","0","0","0","0","0","0","0","94","0","0","0","0","0","0","0","0","0","0","0","26","67"
"56","0074000","42","26","27","2","436","0","0","0","0","0","0","0","0","0","253","0","0","0","0","0","0","0","0","0","0","0","177","76"
"56","0074001","42","26","27","2","767","0","0","0","0","0","0","0","0","0","487","0","0","0","0","0","0","0","0","0","0","0","271","216"
"56","0074002","42","26","27","2","735","0","0","0","0","0","0","0","0","0","460","0","0","0","0","0","0","0","0","0","0","0","262","198"
"56","0074003","42","26","27","2","13","0","0","0","0","0","0","0","0","0","4","0","0","0","0","0","0","0","0","0","0","0","***","***"
"56","0074004","42","26","27","2","4","0","0","0","0","0","0","0","0","0","3","0","0","0","0","0","0","0","0","0","0","0","***","***"
"56","0074005","42","26","27","2","679","0","0","0","0","0","0","0","0","0","438","0","0","0","0","0","0","0","0","0","0","0","237","201"
"56","0074200","42","26","27","2","81","0","0","0","0","0","0","0","0","0","51","0","0","0","0","0","0","0","0","0","0","0","39","12"
"56","0078000","38","26","21","2","0","0","0","0","0","0","0","0","0","0","0","0","0","0","0","0","0","0","0","0","0","0","0","0"
"56","0078001","38","26","21","2","419","0","0","0","0","0","0","0","0","0","155","0","0","0","0","0","0","0","0","0","0","0","36","118"
"56","0078002","38","24","21","2","0","0","0","0","0","0","0","0","0","0","0","0","0","0","0","0","0","0","0","0","0","0","0","0"
"56","0078003","38","26","21","2","0","0","0","0","0","0","0","0","0","0","0","0","0","0","0","0","0","0","0","0","0","0","0","0"
"56","0078100","38","26","21","2","13","0","0","0","0","0","0","0","0","0","3","0","0","0","0","0","0","0","0","0","0","0","***","***"
"56","0079000","38","26","21","2","483","0","0","0","0","0","0","0","0","0","266","0","0","0","0","0","0","0","0","0","0","0","135","131"
"56","0079100","38","26","21","2","0","0","0","0","0","0","0","0","0","0","0","0","0","0","0","0","0","0","0","0","0","0","0","0"
"56","0081000","42","26","27","2","892","0","0","0","0","0","0","0","0","0","502","0","0","0","0","0","0","0","0","0","0","0","327","175"
"56","0081001","42","26","27","2","518","0","0","0","0","0","0","0","0","0","323","0","0","0","0","0","0","0","0","0","0","0","183","140"
"56","0081002","42","26","21","2","79","0","0","0","0","0","0","0","0","0","30","0","0","0","0","0","0","0","0","0","0","0","19","11"
"56","0081003","42","26","27","2","0","0","0","0","0","0","0","0","0","0","0","0","0","0","0","0","0","0","0","0","0","0","0","0"
"56","0081004","42","26","27","2","0","0","0","0","0","0","0","0","0","0","0","0","0","0","0","0","0","0","0","0","0","0","0","0"
"56","0081005","42","26","27","2","3","0","0","0","0","0","0","0","0","0","0","0","0","0","0","0","0","0","0","0","0","0","0","0"
"56","0081006","42","26","21","2","48","0","0","0","0","0","0","0","0","0","26","0","0","0","0","0","0","0","0","0","0","0","10","16"
"56","0081007","42","26","21","2","9","0","0","0","0","0","0","0","0","0","5","0","0","0","0","0","0","0","0","0","0","0","***","***"
"56","0081008","42","26","21","2","0","0","0","0","0","0","0","0","0","0","0","0","0","0","0","0","0","0","0","0","0","0","0","0"
"56","0081009","42","26","27","2","4","0","0","0","0","0","0","0","0","0","3","0","0","0","0","0","0","0","0","0","0","0","***","***"
"56","0081010","42","26","21","2","0","0","0","0","0","0","0","0","0","0","0","0","0","0","0","0","0","0","0","0","0","0","0","0"
"56","0081011","42","26","21","2","0","0","0","0","0","0","0","0","0","0","0","0","0","0","0","0","0","0","0","0","0","0","0","0"
"56","0081012","42","26","27","2","0","0","0","0","0","0","0","0","0","0","0","0","0","0","0","0","0","0","0","0","0","0","0","0"
"56","0081013","42","26","21","2","35","0","0","0","0","0","0","0","0","0","18","0","0","0","0","0","0","0","0","0","0","0","13","5"
"56","0081014","42","26","27","2","0","0","0","0","0","0","0","0","0","0","0","0","0","0","0","0","0","0","0","0","0","0","0","0"
"56","0081015","42","26","21","2","7","0","0","0","0","0","0","0","0","0","1","0","0","0","0","0","0","0","0","0","0","0","***","***"
"56","0081016","42","26","21","2","0","0","0","0","0","0","0","0","0","0","0","0","0","0","0","0","0","0","0","0","0","0","0","0"
"56","0081017","42","26","27","2","0","0","0","0","0","0","0","0","0","0","0","0","0","0","0","0","0","0","0","0","0","0","0","0"
"56","0081018","42","26","27","2","3","0","0","0","0","0","0","0","0","0","2","0","0","0","0","0","0","0","0","0","0","0","***","***"
"56","0082000","38","26","21","2","765","0","0","0","0","0","0","0","0","0","438","0","0","0","0","0","0","0","0","0","0","0","198","239"
"56","0082001","38","26","21","2","790","0","0","0","0","0","0","0","0","0","460","0","0","0","0","0","0","0","0","0","0","0","185","275"
"56","0084000","42","26","27","2","14","0","0","0","0","0","0","0","0","0","1","0","0","0","0","0","0","0","0","0","0","0","***","***"
"56","0084001","42","26","27","2","1195","0","0","0","0","0","0","0","0","0","587","0","0","0","0","0","0","0","0","0","0","0","263","324"
"56","0084002","42","26","27","2","1391","0","0","0","0","0","0","0","0","0","694","0","0","0","0","0","0","0","0","0","0","0","302","392"
"56","0084003","42","26","27","2","723","0","0","0","0","0","0","0","0","0","365","0","0","0","0","0","0","0","0","0","0","0","156","209"
"56","0084004","42","26","27","2","882","0","0","0","0","0","0","0","0","0","439","0","0","0","0","0","0","0","0","0","0","0","224","214"
"56","0084005","42","26","27","2","616","0","0","0","0","0","0","0","0","0","264","0","0","0","0","0","0","0","0","0","0","0","106","158"
"56","0084006","42","26","27","2","817","0","0","0","0","0","0","0","0","0","442","0","0","0","0","0","0","0","0","0","0","0","208","234"
"56","0084007","42","26","27","2","924","0","0","0","0","0","0","0","0","0","587","0","0","0","0","0","0","0","0","0","0","0","315","272"
"56","0084008","42","26","27","2","745","0","0","0","0","0","0","0","0","0","421","0","0","0","0","0","0","0","0","0","0","0","201","220"
"56","0084009","42","26","27","2","1225","0","0","0","0","0","0","0","0","0","616","0","0","0","0","0","0","0","0","0","0","0","269","347"
"56","0084010","42","26","27","2","900","0","0","0","0","0","0","0","0","0","516","0","0","0","0","0","0","0","0","0","0","0","251","264"
"56","0084011","42","26","27","2","977","0","0","0","0","0","0","0","0","0","640","0","0","0","0","0","0","0","0","0","0","0","339","299"
"56","0084012","42","26","27","2","913","0","0","0","0","0","0","0","0","0","479","0","0","0","0","0","0","0","0","0","0","0","233","246"
"56","0084013","42","26","27","2","932","0","0","0","0","0","0","0","0","0","478","0","0","0","0","0","0","0","0","0","0","0","193","285"
"56","0084014","42","26","27","2","723","0","0","0","0","0","0","0","0","0","368","0","0","0","0","0","0","0","0","0","0","0","165","203"
"56","0084015","42","26","27","2","362","0","0","0","0","0","0","0","0","0","177","0","0","0","0","0","0","0","0","0","0","0","92","85"
"56","0084016","42","26","27","2","824","0","0","0","0","0","0","0","0","0","440","0","0","0","0","0","0","0","0","0","0","0","231","209"
"56","0084017","42","26","27","2","509","0","0","0","0","0","0","0","0","0","298","0","0","0","0","0","0","0","0","0","0","0","144","154"
"56","0084018","42","26","27","2","788","0","0","0","0","0","0","0","0","0","441","0","0","0","0","0","0","0","0","0","0","0","263","178"
"56","0084019","42","26","27","2","434","0","0","0","0","0","0","0","0","0","244","0","0","0","0","0","0","0","0","0","0","0","127","117"
"56","0084020","42","26","27","2","577","0","0","0","0","0","0","0","0","0","366","0","0","0","0","0","0","0","0","0","0","0","202","164"
"56","0084021","42","26","27","2","750","0","0","0","0","0","0","0","0","0","453","0","0","0","0","0","0","0","0","0","0","0","221","232"
"56","0084022","42","26","27","2","881","0","0","0","0","0","0","0","0","0","426","0","0","0","0","0","0","0","0","0","0","0","181","245"
"56","0084023","42","26","27","2","478","0","0","0","0","0","0","0","0","0","318","0","0","0","0","0","0","0","0","0","0","0","203","115"
"56","0084024","42","26","27","2","738","0","0","0","0","0","0","0","0","0","437","0","0","0","0","0","0","0","0","0","0","0","256","181"
"56","0084025","42","26","27","2","620","0","0","0","0","0","0","0","0","0","329","0","0","0","0","0","0","0","0","0","0","0","130","198"
"56","0084026","42","26","27","2","877","0","0","0","0","0","0","0","0","0","468","0","0","0","0","0","0","0","0","0","0","0","215","253"
"56","0084027","42","26","27","2","974","0","0","0","0","0","0","0","0","0","497","0","0","0","0","0","0","0","0","0","0","0","213","284"
"56","0084028","42","26","27","2","468","0","0","0","0","0","0","0","0","0","194","0","0","0","0","0","0","0","0","0","0","0","70","124"
"56","0084029","42","26","27","2","835","0","0","0","0","0","0","0","0","0","482","0","0","0","0","0","0","0","0","0","0","0","235","247"
"56","0084030","42","26","27","2","791","0","0","0","0","0","0","0","0","0","441","0","0","0","0","0","0","0","0","0","0","0","196","245"
"56","0084031","42","26","27","2","893","0","0","0","0","0","0","0","0","0","520","0","0","0","0","0","0","0","0","0","0","0","203","317"
"56","0084032","42","26","27","2","468","0","0","0","0","0","0","0","0","0","272","0","0","0","0","0","0","0","0","0","0","0","127","145"
"56","0084033","42","26","27","2","833","0","0","0","0","0","0","0","0","0","457","0","0","0","0","0","0","0","0","0","0","0","240","217"
"56","0084034","42","26","27","2","665","0","0","0","0","0","0","0","0","0","420","0","0","0","0","0","0","0","0","0","0","0","224","195"
"56","0084035","42","26","27","2","489","0","0","0","0","0","0","0","0","0","308","0","0","0","0","0","0","0","0","0","0","0","170","138"
"56","0084036","42","26","27","2","686","0","0","0","0","0","0","0","0","0","391","0","0","0","0","0","0","0","0","0","0","0","216","175"
"56","0084037","42","26","27","2","1153","0","0","0","0","0","0","0","0","0","604","0","0","0","0","0","0","0","0","0","0","0","297","307"
"56","0084038","42","26","27","2","669","0","0","0","0","0","0","0","0","0","398","0","0","0","0","0","0","0","0","0","0","0","218","180"
"56","0084039","42","26","27","2","568","0","0","0","0","0","0","0","0","0","317","0","0","0","0","0","0","0","0","0","0","0","205","112"
"56","0084040","42","26","27","2","638","0","0","0","0","0","0","0","0","0","333","0","0","0","0","0","0","0","0","0","0","0","159","174"
"56","0084041","42","26","27","2","804","0","0","0","0","0","0","0","0","0","441","0","0","0","0","0","0","0","0","0","0","0","228","213"
"56","0084042","42","26","27","2","817","0","0","0","0","0","0","0","0","0","445","0","0","0","0","0","0","0","0","0","0","0","184","261"
"56","0084043","42","26","27","2","716","0","0","0","0","0","0","0","0","0","411","0","0","0","0","0","0","0","0","0","0","0","231","180"
"56","0084044","42","26","27","2","717","0","0","0","0","0","0","0","0","0","363","0","0","0","0","0","0","0","0","0","0","0","172","191"
"56","0084045","42","26","27","2","867","0","0","0","0","0","0","0","0","0","451","0","0","0","0","0","0","0","0","0","0","0","175","276"
"56","0084046","42","26","27","2","819","0","0","0","0","0","0","0","0","0","536","0","0","0","0","0","0","0","0","0","0","0","269","266"
"56","0084047","42","26","27","2","767","0","0","0","0","0","0","0","0","0","464","0","0","0","0","0","0","0","0","0","0","0","228","236"
"56","0084048","42","26","27","2","623","0","0","0","0","0","0","0","0","0","457","0","0","0","0","0","0","0","0","0","0","0","307","149"
"56","0084049","42","26","27","2","668","0","0","0","0","0","0","0","0","0","488","0","0","0","0","0","0","0","0","0","0","0","328","160"
"56","0084050","42","26","27","2","768","0","0","0","0","0","0","0","0","0","454","0","0","0","0","0","0","0","0","0","0","0","228","226"
"56","0084051","42","26","27","2","850","0","0","0","0","0","0","0","0","0","482","0","0","0","0","0","0","0","0","0","0","0","256","225"
"56","0084052","42","26","27","2","674","0","0","0","0","0","0","0","0","0","388","0","0","0","0","0","0","0","0","0","0","0","218","170"
"56","0084053","42","26","27","2","719","0","0","0","0","0","0","0","0","0","411","0","0","0","0","0","0","0","0","0","0","0","190","221"
"56","0084054","42","26","27","2","942","0","0","0","0","0","0","0","0","0","521","0","0","0","0","0","0","0","0","0","0","0","278","243"
"56","0084055","42","26","27","2","788","0","0","0","0","0","0","0","0","0","507","0","0","0","0","0","0","0","0","0","0","0","255","251"
"56","0084056","42","26","27","2","814","0","0","0","0","0","0","0","0","0","510","0","0","0","0","0","0","0","0","0","0","0","273","237"
"56","0084057","42","26","27","2","0","0","0","0","0","0","0","0","0","0","1","0","0","0","0","0","0","0","0","0","0","0","***","***"
"56","0084058","42","26","27","2","922","0","0","0","0","0","0","0","0","0","542","0","0","0","0","0","0","0","0","0","0","0","294","248"
"56","0084059","42","26","27","2","1096","0","0","0","0","0","0","0","0","0","618","0","0","0","0","0","0","0","0","0","0","0","315","302"
"56","0084060","42","26","27","2","672","0","0","0","0","0","0","0","0","0","459","0","0","0","0","0","0","0","0","0","0","0","231","228"
"56","0084061","42","26","27","2","543","0","0","0","0","0","0","0","0","0","273","0","0","0","0","0","0","0","0","0","0","0","141","131"
"56","0084062","42","26","27","2","910","0","0","0","0","0","0","0","0","0","463","0","0","0","0","0","0","0","0","0","0","0","195","266"
"56","0084063","42","26","27","2","911","0","0","0","0","0","0","0","0","0","507","0","0","0","0","0","0","0","0","0","0","0","232","275"
"56","0084064","42","26","27","2","945","0","0","0","0","0","0","0","0","0","615","0","0","0","0","0","0","0","0","0","0","0","314","301"
"56","0084065","42","26","27","2","983","0","0","0","0","0","0","0","0","0","569","0","0","0","0","0","0","0","0","0","0","0","242","327"
"56","0084066","42","26","27","2","918","0","0","0","0","0","0","0","0","0","571","0","0","0","0","0","0","0","0","0","0","0","294","277"
"56","0084067","42","26","27","2","868","0","0","0","0","0","0","0","0","0","558","0","0","0","0","0","0","0","0","0","0","0","250","308"
"56","0084068","42","26","27","2","998","0","0","0","0","0","0","0","0","0","509","0","0","0","0","0","0","0","0","0","0","0","240","269"
"56","0084069","42","26","27","2","872","0","0","0","0","0","0","0","0","0","487","0","0","0","0","0","0","0","0","0","0","0","237","250"
"56","0084070","42","26","27","2","854","0","0","0","0","0","0","0","0","0","500","0","0","0","0","0","0","0","0","0","0","0","242","257"
"56","0084071","42","26","27","2","265","0","0","0","0","0","0","0","0","0","145","0","0","0","0","0","0","0","0","0","0","0","48","97"
"56","0084072","42","26","27","2","822","0","0","0","0","0","0","0","0","0","411","0","0","0","0","0","0","0","0","0","0","0","223","187"
"56","0084073","42","26","27","2","799","0","0","0","0","0","0","0","0","0","492","0","0","0","0","0","0","0","0","0","0","0","300","192"
"56","0084074","42","26","27","2","697","0","0","0","0","0","0","0","0","0","453","0","0","0","0","0","0","0","0","0","0","0","230","223"
"56","0084075","42","26","27","2","672","0","0","0","0","0","0","0","0","0","435","0","0","0","0","0","0","0","0","0","0","0","237","198"
"56","0084076","42","26","27","2","723","0","0","0","0","0","0","0","0","0","437","0","0","0","0","0","0","0","0","0","0","0","228","209"
"56","0084077","42","26","27","2","563","0","0","0","0","0","0","0","0","0","349","0","0","0","0","0","0","0","0","0","0","0","191","156"
"56","0084078","42","26","27","2","482","0","0","0","0","0","0","0","0","0","302","0","0","0","0","0","0","0","0","0","0","0","114","188"
"56","0084079","42","26","27","2","506","0","0","0","0","0","0","0","0","0","261","0","0","0","0","0","0","0","0","0","0","0","129","132"
"56","0084080","42","26","27","2","1084","0","0","0","0","0","0","0","0","0","579","0","0","0","0","0","0","0","0","0","0","0","304","275"
"56","0084081","42","26","27","2","795","0","0","0","0","0","0","0","0","0","475","0","0","0","0","0","0","0","0","0","0","0","233","242"
"56","0084082","42","26","27","2","840","0","0","0","0","0","0","0","0","0","534","0","0","0","0","0","0","0","0","0","0","0","274","260"
"56","0084083","42","26","27","2","749","0","0","0","0","0","0","0","0","0","453","0","0","0","0","0","0","0","0","0","0","0","226","227"
"56","0084084","42","26","27","2","708","0","0","0","0","0","0","0","0","0","473","0","0","0","0","0","0","0","0","0","0","0","301","172"
"56","0084085","42","26","27","2","972","0","0","0","0","0","0","0","0","0","554","0","0","0","0","0","0","0","0","0","0","0","246","308"
"56","0084086","42","26","27","2","749","0","0","0","0","0","0","0","0","0","471","0","0","0","0","0","0","0","0","0","0","0","253","218"
"56","0084087","42","26","27","2","239","0","0","0","0","0","0","0","0","0","156","0","0","0","0","0","0","0","0","0","0","0","95","61"
"56","0084088","42","26","27","2","658","0","0","0","0","0","0","0","0","0","428","0","0","0","0","0","0","0","0","0","0","0","224","202"
"56","0084089","42","26","27","2","813","0","0","0","0","0","0","0","0","0","463","0","0","0","0","0","0","0","0","0","0","0","196","267"
"56","0084090","42","26","27","2","10","0","0","0","0","0","0","0","0","0","7","0","0","0","0","0","0","0","0","0","0","0","***","***"
"56","0084091","42","26","27","2","378","0","0","0","0","0","0","0","0","0","191","0","0","0","0","0","0","0","0","0","0","0","71","120"
"56","0084092","42","26","27","2","706","0","0","0","0","0","0","0","0","0","368","0","0","0","0","0","0","0","0","0","0","0","156","212"
"56","0084093","42","26","27","2","800","0","0","0","0","0","0","0","0","0","572","0","0","0","0","0","0","0","0","0","0","0","349","221"
"56","0084094","42","26","27","2","627","0","0","0","0","0","0","0","0","0","429","0","0","0","0","0","0","0","0","0","0","0","227","202"
"56","0084095","42","26","27","2","538","0","0","0","0","0","0","0","0","0","344","0","0","0","0","0","0","0","0","0","0","0","186","158"
"56","0084096","42","26","27","2","905","0","0","0","0","0","0","0","0","0","552","0","0","0","0","0","0","0","0","0","0","0","284","268"
"56","0084097","42","26","27","2","894","0","0","0","0","0","0","0","0","0","553","0","0","0","0","0","0","0","0","0","0","0","312","241"
"56","0084098","42","26","27","2","598","0","0","0","0","0","0","0","0","0","364","0","0","0","0","0","0","0","0","0","0","0","163","199"
"56","0084099","42","26","27","2","953","0","0","0","0","0","0","0","0","0","532","0","0","0","0","0","0","0","0","0","0","0","232","300"
"56","0084100","42","26","27","2","487","0","0","0","0","0","0","0","0","0","230","0","0","0","0","0","0","0","0","0","0","0","116","114"
"56","0084101","42","26","27","2","1009","0","0","0","0","0","0","0","0","0","449","0","0","0","0","0","0","0","0","0","0","0","193","255"
"56","0084102","42","26","27","2","607","0","0","0","0","0","0","0","0","0","367","0","0","0","0","0","0","0","0","0","0","0","181","186"
"56","0084103","42","26","27","2","572","0","0","0","0","0","0","0","0","0","256","0","0","0","0","0","0","0","0","0","0","0","79","177"
"56","0084104","42","26","27","2","764","0","0","0","0","0","0","0","0","0","381","0","0","0","0","0","0","0","0","0","0","0","160","220"
"56","0084105","42","26","27","2","865","0","0","0","0","0","0","0","0","0","483","0","0","0","0","0","0","0","0","0","0","0","224","258"
"56","0084106","42","26","27","2","689","0","0","0","0","0","0","0","0","0","361","0","0","0","0","0","0","0","0","0","0","0","174","186"
"56","0084107","42","26","27","2","818","0","0","0","0","0","0","0","0","0","500","0","0","0","0","0","0","0","0","0","0","0","270","230"
"56","0084108","42","26","27","2","625","0","0","0","0","0","0","0","0","0","352","0","0","0","0","0","0","0","0","0","0","0","175","177"
"56","0084109","42","26","27","2","668","0","0","0","0","0","0","0","0","0","423","0","0","0","0","0","0","0","0","0","0","0","253","169"
"56","0084110","42","26","27","2","911","0","0","0","0","0","0","0","0","0","481","0","0","0","0","0","0","0","0","0","0","0","276","204"
"56","0084111","42","26","27","2","532","0","0","0","0","0","0","0","0","0","311","0","0","0","0","0","0","0","0","0","0","0","149","162"
"56","0084112","42","26","27","2","495","0","0","0","0","0","0","0","0","0","340","0","0","0","0","0","0","0","0","0","0","0","194","146"
"56","0084113","42","26","27","2","649","0","0","0","0","0","0","0","0","0","365","0","0","0","0","0","0","0","0","0","0","0","184","181"
"56","0084114","42","26","27","2","168","0","0","0","0","0","0","0","0","0","80","0","0","0","0","0","0","0","0","0","0","0","38","42"
"56","0084115","42","26","27","2","176","0","0","0","0","0","0","0","0","0","96","0","0","0","0","0","0","0","0","0","0","0","33","63"
"56","0084116","42","26","27","2","380","0","0","0","0","0","0","0","0","0","222","0","0","0","0","0","0","0","0","0","0","0","103","119"
"56","0084117","42","26","27","2","300","0","0","0","0","0","0","0","0","0","145","0","0","0","0","0","0","0","0","0","0","0","76","69"
"56","0084118","42","26","27","2","422","0","0","0","0","0","0","0","0","0","198","0","0","0","0","0","0","0","0","0","0","0","67","131"
"56","0084119","42","26","27","2","52","0","0","0","0","0","0","0","0","0","37","0","0","0","0","0","0","0","0","0","0","0","34","3"
"56","0084120","42","26","27","2","3","0","0","0","0","0","0","0","0","0","0","0","0","0","0","0","0","0","0","0","0","0","0","0"
"56","0084121","42","26","27","2","48","0","0","0","0","0","0","0","0","0","29","0","0","0","0","0","0","0","0","0","0","0","25","4"
"56","0084122","42","26","27","2","177","0","0","0","0","0","0","0","0","0","62","0","0","0","0","0","0","0","0","0","0","0","27","35"
"56","0084123","42","26","27","2","0","0","0","0","0","0","0","0","0","0","0","0","0","0","0","0","0","0","0","0","0","0","0","0"
"56","0085000","42","26","27","2","412","0","0","0","0","0","0","0","0","0","257","0","0","0","0","0","0","0","0","0","0","0","165","92"
"56","0085001","42","26","27","2","0","0","0","0","0","0","0","0","0","0","0","0","0","0","0","0","0","0","0","0","0","0","0","0"
"56","0085002","42","26","27","2","12","0","0","0","0","0","0","0","0","0","9","0","0","0","0","0","0","0","0","0","0","0","***","***"
"56","0085003","42","26","27","2","23","0","0","0","0","0","0","0","0","0","13","0","0","0","0","0","0","0","0","0","0","0","10","3"
"56","0086000","38","26","27","2","257","0","0","0","0","0","0","0","0","0","158","0","0","0","0","0","0","0","0","0","0","0","100","58"
"56","0086001","42","26","27","2","51","0","0","0","0","0","0","0","0","0","30","0","0","0","0","0","0","0","0","0","0","0","11","19"
"56","0086002","38","26","21","2","76","0","0","0","0","0","0","0","0","0","35","0","0","0","0","0","0","0","0","0","0","0","22","13"
"56","0086003","38","26","27","2","437","0","0","0","0","0","0","0","0","0","278","0","0","0","0","0","0","0","0","0","0","0","135","142"
"56","0086004","38","26","27","2","126","0","0","0","0","0","0","0","0","0","58","0","0","0","0","0","0","0","0","0","0","0","26","32"
"56","0086005","42","26","27","2","87","0","0","0","0","0","0","0","0","0","46","0","0","0","0","0","0","0","0","0","0","0","33","13"
"56","0086006","38","26","21","2","12","0","0","0","0","0","0","0","0","0","3","0","0","0","0","0","0","0","0","0","0","0","***","***"
"56","0086007","38","26","21","2","6","0","0","0","0","0","0","0","0","0","2","0","0","0","0","0","0","0","0","0","0","0","***","***"
"56","0086008","42","26","27","2","0","0","0","0","0","0","0","0","0","0","0","0","0","0","0","0","0","0","0","0","0","0","0","0"
"56","0086009","38","26","21","2","142","0","0","0","0","0","0","0","0","0","86","0","0","0","0","0","0","0","0","0","0","0","47","39"
"56","0086010","38","26","27","2","129","0","0","0","0","0","0","0","0","0","81","0","0","0","0","0","0","0","0","0","0","0","56","25"
"56","0086011","42","26","27","2","7","0","0","0","0","0","0","0","0","0","7","0","0","0","0","0","0","0","0","0","0","0","***","***"
"56","0086012","38","26","21","2","5","0","0","0","0","0","0","0","0","0","1","0","0","0","0","0","0","0","0","0","0","0","***","***"
"56","0086013","38","26","21","2","316","0","0","0","0","0","0","0","0","0","197","0","0","0","0","0","0","0","0","0","0","0","103","94"
"56","0086014","38","26","21","2","0","0","0","0","0","0","0","0","0","0","0","0","0","0","0","0","0","0","0","0","0","0","0","0"
"56","0086015","38","26","21","2","72","0","0","0","0","0","0","0","0","0","28","0","0","0","0","0","0","0","0","0","0","0","10","18"
"56","0086016","38","26","21","2","24","0","0","0","0","0","0","0","0","0","9","0","0","0","0","0","0","0","0","0","0","0","***","***"
"56","0086017","38","26","27","2","88","0","0","0","0","0","0","0","0","0","47","0","0","0","0","0","0","0","0","0","0","0","19","28"
"56","0086018","38","26","21","2","0","0","0","0","0","0","0","0","0","0","0","0","0","0","0","0","0","0","0","0","0","0","0","0"
"56","0086019","38","26","21","2","33","0","0","0","0","0","0","0","0","0","9","0","0","0","0","0","0","0","0","0","0","0","***","***"
"56","0086100","38","26","21","2","0","0","0","0","0","0","0","0","0","0","0","0","0","0","0","0","0","0","0","0","0","0","0","0"
"56","0086101","38","26","21","2","17","0","0","0","0","0","0","0","0","0","10","0","0","0","0","0","0","0","0","0","0","0","8","2"
"56","0086102","38","26","21","2","0","0","0","0","0","0","0","0","0","0","0","0","0","0","0","0","0","0","0","0","0","0","0","0"
"56","0086103","38","26","21","2","0","0","0","0","0","0","0","0","0","0","0","0","0","0","0","0","0","0","0","0","0","0","0","0"
"56","0086104","38","26","21","2","5","0","0","0","0","0","0","0","0","0","0","0","0","0","0","0","0","0","0","0","0","0","0","0"
"56","0086200","38","26","21","2","76","0","0","0","0","0","0","0","0","0","39","0","0","0","0","0","0","0","0","0","0","0","20","19"
"56","0086201","38","26","21","2","68","0","0","0","0","0","0","0","0","0","32","0","0","0","0","0","0","0","0","0","0","0","22","10"
"56","0089000","42","26","21","2","0","0","0","0","0","0","0","0","0","0","0","0","0","0","0","0","0","0","0","0","0","0","0","0"
"56","0089001","42","26","21","2","0","0","0","0","0","0","0","0","0","0","0","0","0","0","0","0","0","0","0","0","0","0","0","0"
"56","0089002","38","26","21","2","0","0","0","0","0","0","0","0","0","0","0","0","0","0","0","0","0","0","0","0","0","0","0","0"
"56","0089003","38","26","21","2","0","0","0","0","0","0","0","0","0","0","0","0","0","0","0","0","0","0","0","0","0","0","0","0"
"56","0089004","42","26","21","2","0","0","0","0","0","0","0","0","0","0","0","0","0","0","0","0","0","0","0","0","0","0","0","0"
"56","0089005","38","26","21","2","0","0","0","0","0","0","0","0","0","0","0","0","0","0","0","0","0","0","0","0","0","0","0","0"
"56","0090000","42","26","21","2","77","0","0","0","0","0","0","0","0","0","42","0","0","0","0","0","0","0","0","0","0","0","25","17"
"56","0090001","42","26","21","2","13","0","0","0","0","0","0","0","0","0","4","0","0","0","0","0","0","0","0","0","0","0","***","***"
"56","0090002","42","26","21","2","0","0","0","0","0","0","0","0","0","0","0","0","0","0","0","0","0","0","0","0","0","0","0","0"
"56","0090003","42","26","27","2","0","0","0","0","0","0","0","0","0","0","0","0","0","0","0","0","0","0","0","0","0","0","0","0"
"56","0090004","42","26","27","2","277","0","0","0","0","0","0","0","0","0","177","0","0","0","0","0","0","0","0","0","0","0","94","83"
"56","0090005","42","26","27","2","34","0","0","0","0","0","0","0","0","0","13","0","0","0","0","0","0","0","0","0","0","0","7","6"
"56","0090006","42","26","27","2","32","0","0","0","0","0","0","0","0","0","23","0","0","0","0","0","0","0","0","0","0","0","10","13"
"56","0090007","42","26","27","2","137","0","0","0","0","0","0","0","0","0","85","0","0","0","0","0","0","0","0","0","0","0","64","21"
"56","0090008","42","26","27","2","65","0","0","0","0","0","0","0","0","0","31","0","0","0","0","0","0","0","0","0","0","0","15","16"
"56","0090009","42","26","21","2","0","0","0","0","0","0","0","0","0","0","0","0","0","0","0","0","0","0","0","0","0","0","0","0"
"56","0090010","42","26","21","2","0","0","0","0","0","0","0","0","0","0","0","0","0","0","0","0","0","0","0","0","0","0","0","0"
"56","0090011","42","26","27","2","0","0","0","0","0","0","0","0","0","0","0","0","0","0","0","0","0","0","0","0","0","0","0","0"
"56","0090012","42","26","21","2","0","0","0","0","0","0","0","0","0","0","0","0","0","0","0","0","0","0","0","0","0","0","0","0"
"56","0090013","42","26","27","2","0","0","0","0","0","0","0","0","0","0","0","0","0","0","0","0","0","0","0","0","0","0","0","0"
"56","0091000","38","26","21","2","61","0","0","0","0","0","0","0","0","0","23","0","0","0","0","0","0","0","0","0","0","0","9","14"
"56","0091001","38","26","21","2","108","0","0","0","0","0","0","0","0","0","54","0","0","0","0","0","0","0","0","0","0","0","27","27"
"56","0091002","38","26","21","2","0","0","0","0","0","0","0","0","0","0","0","0","0","0","0","0","0","0","0","0","0","0","0","0"
"56","0092000","42","26","27","2","533","0","0","0","0","0","0","0","0","0","263","0","0","0","0","0","0","0","0","0","0","0","77","186"
"56","0092001","42","26","27","2","992","0","0","0","0","0","0","0","0","0","465","0","0","0","0","0","0","0","0","0","0","0","120","344"
"56","0092002","42","26","27","2","213","0","0","0","0","0","0","0","0","0","105","0","0","0","0","0","0","0","0","0","0","0","50","55"
"56","0092003","42","26","27","2","586","0","0","0","0","0","0","0","0","0","295","0","0","0","0","0","0","0","0","0","0","0","64","231"
"56","0092004","42","26","27","2","917","0","0","0","0","0","0","0","0","0","430","0","0","0","0","0","0","0","0","0","0","0","137","292"
"56","0092005","42","26","27","2","572","0","0","0","0","0","0","0","0","0","397","0","0","0","0","0","0","0","0","0","0","0","198","199"
"56","0092006","42","26","27","2","464","0","0","0","0","0","0","0","0","0","297","0","0","0","0","0","0","0","0","0","0","0","121","176"
"56","0092007","42","26","27","2","862","0","0","0","0","0","0","0","0","0","520","0","0","0","0","0","0","0","0","0","0","0","233","287"
"56","0092008","42","26","27","2","960","0","0","0","0","0","0","0","0","0","573","0","0","0","0","0","0","0","0","0","0","0","249","324"
"56","0092009","42","26","27","2","957","0","0","0","0","0","0","0","0","0","581","0","0","0","0","0","0","0","0","0","0","0","251","330"
"56","0092010","42","26","27","2","604","0","0","0","0","0","0","0","0","0","349","0","0","0","0","0","0","0","0","0","0","0","138","210"
"56","0092011","42","26","27","2","582","0","0","0","0","0","0","0","0","0","322","0","0","0","0","0","0","0","0","0","0","0","133","187"
"56","0092012","42","26","27","2","779","0","0","0","0","0","0","0","0","0","514","0","0","0","0","0","0","0","0","0","0","0","252","262"
"56","0092013","42","26","27","2","618","0","0","0","0","0","0","0","0","0","357","0","0","0","0","0","0","0","0","0","0","0","192","165"
"56","0092014","42","26","27","2","545","0","0","0","0","0","0","0","0","0","348","0","0","0","0","0","0","0","0","0","0","0","166","182"
"56","0092015","42","26","27","2","713","0","0","0","0","0","0","0","0","0","449","0","0","0","0","0","0","0","0","0","0","0","204","245"
"56","0092016","42","26","27","2","670","0","0","0","0","0","0","0","0","0","432","0","0","0","0","0","0","0","0","0","0","0","184","247"
"56","0092017","42","26","27","2","853","0","0","0","0","0","0","0","0","0","434","0","0","0","0","0","0","0","0","0","0","0","136","298"
"56","0092018","42","26","27","2","901","0","0","0","0","0","0","0","0","0","617","0","0","0","0","0","0","0","0","0","0","0","263","353"
"56","0092019","42","26","27","2","0","0","0","0","0","0","0","0","0","0","1","0","0","0","0","0","0","0","0","0","0","0","***","***"
"56","0092020","42","26","27","2","988","0","0","0","0","0","0","0","0","0","672","0","0","0","0","0","0","0","0","0","0","0","352","320"
"56","0092021","42","26","27","2","1081","0","0","0","0","0","0","0","0","0","668","0","0","0","0","0","0","0","0","0","0","0","265","403"
"56","0092022","42","26","27","2","806","0","0","0","0","0","0","0","0","0","562","0","0","0","0","0","0","0","0","0","0","0","272","290"
"56","0092023","42","26","27","2","788","0","0","0","0","0","0","0","0","0","516","0","0","0","0","0","0","0","0","0","0","0","231","285"
"56","0092024","42","26","27","2","659","0","0","0","0","0","0","0","0","0","428","0","0","0","0","0","0","0","0","0","0","0","165","263"
"56","0092025","42","26","27","2","787","0","0","0","0","0","0","0","0","0","452","0","0","0","0","0","0","0","0","0","0","0","214","236"
"56","0092026","42","26","27","2","0","0","0","0","0","0","0","0","0","0","0","0","0","0","0","0","0","0","0","0","0","0","0","0"
"56","0092027","42","26","27","2","734","0","0","0","0","0","0","0","0","0","490","0","0","0","0","0","0","0","0","0","0","0","237","253"
"56","0092028","42","26","27","2","544","0","0","0","0","0","0","0","0","0","263","0","0","0","0","0","0","0","0","0","0","0","122","140"
"56","0092029","42","26","27","2","582","0","0","0","0","0","0","0","0","0","400","0","0","0","0","0","0","0","0","0","0","0","180","220"
"56","0092030","42","26","27","2","511","0","0","0","0","0","0","0","0","0","331","0","0","0","0","0","0","0","0","0","0","0","125","206"
"56","0092031","42","26","27","2","491","0","0","0","0","0","0","0","0","0","231","0","0","0","0","0","0","0","0","0","0","0","75","156"
"56","0092032","42","26","27","2","604","0","0","0","0","0","0","0","0","0","224","0","0","0","0","0","0","0","0","0","0","0","36","188"
"56","0092033","42","26","27","2","577","0","0","0","0","0","0","0","0","0","346","0","0","0","0","0","0","0","0","0","0","0","168","178"
"56","0092034","42","26","27","2","545","0","0","0","0","0","0","0","0","0","342","0","0","0","0","0","0","0","0","0","0","0","155","187"
"56","0092035","42","26","27","2","699","0","0","0","0","0","0","0","0","0","437","0","0","0","0","0","0","0","0","0","0","0","214","223"
"56","0092036","42","26","27","2","50","0","0","0","0","0","0","0","0","0","34","0","0","0","0","0","0","0","0","0","0","0","14","20"
"56","0092037","42","26","27","2","964","0","0","0","0","0","0","0","0","0","563","0","0","0","0","0","0","0","0","0","0","0","231","331"
"56","0092038","42","26","27","2","882","0","0","0","0","0","0","0","0","0","533","0","0","0","0","0","0","0","0","0","0","0","190","343"
"56","0092039","42","26","27","2","868","0","0","0","0","0","0","0","0","0","623","0","0","0","0","0","0","0","0","0","0","0","253","368"
"56","0092040","42","26","27","2","1019","0","0","0","0","0","0","0","0","0","637","0","0","0","0","0","0","0","0","0","0","0","250","387"
"56","0092041","42","26","27","2","922","0","0","0","0","0","0","0","0","0","541","0","0","0","0","0","0","0","0","0","0","0","250","291"
"56","0092042","42","26","27","2","847","0","0","0","0","0","0","0","0","0","543","0","0","0","0","0","0","0","0","0","0","0","251","291"
"56","0092043","42","26","27","2","807","0","0","0","0","0","0","0","0","0","499","0","0","0","0","0","0","0","0","0","0","0","188","310"
"56","0092044","42","26","27","2","705","0","0","0","0","0","0","0","0","0","510","0","0","0","0","0","0","0","0","0","0","0","226","284"
"56","0092045","42","26","27","2","682","0","0","0","0","0","0","0","0","0","477","0","0","0","0","0","0","0","0","0","0","0","215","262"
"56","0092046","42","26","27","2","430","0","0","0","0","0","0","0","0","0","282","0","0","0","0","0","0","0","0","0","0","0","106","176"
"56","0092047","42","26","27","2","0","0","0","0","0","0","0","0","0","0","0","0","0","0","0","0","0","0","0","0","0","0","0","0"
"56","0092048","42","26","27","2","1092","0","0","0","0","0","0","0","0","0","653","0","0","0","0","0","0","0","0","0","0","0","297","355"
"56","0092049","42","26","27","2","265","0","0","0","0","0","0","0","0","0","156","0","0","0","0","0","0","0","0","0","0","0","66","90"
"56","0092050","42","26","27","2","910","0","0","0","0","0","0","0","0","0","651","0","0","0","0","0","0","0","0","0","0","0","321","330"
"56","0092051","42","26","27","2","1075","0","0","0","0","0","0","0","0","0","676","0","0","0","0","0","0","0","0","0","0","0","313","362"
"56","0092052","42","26","27","2","616","0","0","0","0","0","0","0","0","0","336","0","0","0","0","0","0","0","0","0","0","0","141","194"
"56","0092053","42","26","27","2","684","0","0","0","0","0","0","0","0","0","319","0","0","0","0","0","0","0","0","0","0","0","95","223"
"56","0092054","42","26","27","2","753","0","0","0","0","0","0","0","0","0","481","0","0","0","0","0","0","0","0","0","0","0","235","246"
"56","0092055","42","26","27","2","737","0","0","0","0","0","0","0","0","0","458","0","0","0","0","0","0","0","0","0","0","0","191","267"
"56","0092056","42","26","27","2","574","0","0","0","0","0","0","0","0","0","361","0","0","0","0","0","0","0","0","0","0","0","155","206"
"56","0092057","42","26","27","2","718","0","0","0","0","0","0","0","0","0","473","0","0","0","0","0","0","0","0","0","0","0","217","256"
"56","0092058","42","26","27","2","924","0","0","0","0","0","0","0","0","0","579","0","0","0","0","0","0","0","0","0","0","0","240","339"
"56","0092059","42","26","27","2","921","0","0","0","0","0","0","0","0","0","609","0","0","0","0","0","0","0","0","0","0","0","261","348"
"56","0092060","42","26","27","2","423","0","0","0","0","0","0","0","0","0","285","0","0","0","0","0","0","0","0","0","0","0","116","169"
"56","0092061","42","26","27","2","1167","0","0","0","0","0","0","0","0","0","676","0","0","0","0","0","0","0","0","0","0","0","233","443"
"56","0092062","42","26","27","2","1091","0","0","0","0","0","0","0","0","0","584","0","0","0","0","0","0","0","0","0","0","0","242","342"
"56","0092063","42","26","27","2","818","0","0","0","0","0","0","0","0","0","493","0","0","0","0","0","0","0","0","0","0","0","197","296"
"56","0092064","42","26","27","2","545","0","0","0","0","0","0","0","0","0","358","0","0","0","0","0","0","0","0","0","0","0","141","217"
"56","0092065","42","26","27","2","622","0","0","0","0","0","0","0","0","0","387","0","0","0","0","0","0","0","0","0","0","0","178","209"
"56","0092066","42","26","27","2","551","0","0","0","0","0","0","0","0","0","244","0","0","0","0","0","0","0","0","0","0","0","51","193"
"56","0092067","42","26","27","2","942","0","0","0","0","0","0","0","0","0","526","0","0","0","0","0","0","0","0","0","0","0","162","364"
"56","0092068","42","26","27","2","829","0","0","0","0","0","0","0","0","0","568","0","0","0","0","0","0","0","0","0","0","0","291","277"
"56","0092069","42","26","27","2","781","0","0","0","0","0","0","0","0","0","556","0","0","0","0","0","0","0","0","0","0","0","248","307"
"56","0092070","42","26","27","2","799","0","0","0","0","0","0","0","0","0","483","0","0","0","0","0","0","0","0","0","0","0","214","268"
"56","0092071","42","26","27","2","833","0","0","0","0","0","0","0","0","0","543","0","0","0","0","0","0","0","0","0","0","0","250","293"
"56","0092072","42","26","27","2","877","0","0","0","0","0","0","0","0","0","525","0","0","0","0","0","0","0","0","0","0","0","228","296"
"56","0092073","42","26","27","2","984","0","0","0","0","0","0","0","0","0","650","0","0","0","0","0","0","0","0","0","0","0","287","363"
"56","0092074","42","26","27","2","983","0","0","0","0","0","0","0","0","0","552","0","0","0","0","0","0","0","0","0","0","0","191","361"
"56","0092075","42","26","27","2","753","0","0","0","0","0","0","0","0","0","464","0","0","0","0","0","0","0","0","0","0","0","233","231"
"56","0092076","42","26","27","2","701","0","0","0","0","0","0","0","0","0","434","0","0","0","0","0","0","0","0","0","0","0","148","286"
"56","0092077","42","26","27","2","109","0","0","0","0","0","0","0","0","0","66","0","0","0","0","0","0","0","0","0","0","0","26","40"
"56","0092078","42","26","27","2","1054","0","0","0","0","0","0","0","0","0","610","0","0","0","0","0","0","0","0","0","0","0","239","371"
"56","0092079","42","26","27","2","663","0","0","0","0","0","0","0","0","0","323","0","0","0","0","0","0","0","0","0","0","0","104","219"
"56","0092080","42","26","27","2","710","0","0","0","0","0","0","0","0","0","385","0","0","0","0","0","0","0","0","0","0","0","137","247"
"56","0092081","42","26","27","2","695","0","0","0","0","0","0","0","0","0","463","0","0","0","0","0","0","0","0","0","0","0","193","270"
"56","0092082","42","26","27","2","841","0","0","0","0","0","0","0","0","0","546","0","0","0","0","0","0","0","0","0","0","0","205","340"
"56","0092083","42","26","27","2","542","0","0","0","0","0","0","0","0","0","324","0","0","0","0","0","0","0","0","0","0","0","187","137"
"56","0092084","42","26","27","2","427","0","0","0","0","0","0","0","0","0","239","0","0","0","0","0","0","0","0","0","0","0","129","110"
"56","0092085","42","26","27","2","889","0","0","0","0","0","0","0","0","0","569","0","0","0","0","0","0","0","0","0","0","0","276","293"
"56","0092086","42","26","27","2","459","0","0","0","0","0","0","0","0","0","329","0","0","0","0","0","0","0","0","0","0","0","145","182"
"56","0092087","42","26","27","2","558","0","0","0","0","0","0","0","0","0","338","0","0","0","0","0","0","0","0","0","0","0","161","176"
"56","0092088","42","26","27","2","1095","0","0","0","0","0","0","0","0","0","698","0","0","0","0","0","0","0","0","0","0","0","303","395"
"56","0092089","42","26","27","2","1020","0","0","0","0","0","0","0","0","0","617","0","0","0","0","0","0","0","0","0","0","0","261","356"
"56","0092090","42","26","27","2","720","0","0","0","0","0","0","0","0","0","440","0","0","0","0","0","0","0","0","0","0","0","195","245"
"56","0092091","42","26","27","2","810","0","0","0","0","0","0","0","0","0","497","0","0","0","0","0","0","0","0","0","0","0","229","267"
"56","0092092","42","26","27","2","792","0","0","0","0","0","0","0","0","0","474","0","0","0","0","0","0","0","0","0","0","0","210","264"
"56","0092093","42","26","27","2","723","0","0","0","0","0","0","0","0","0","430","0","0","0","0","0","0","0","0","0","0","0","187","243"
"56","0092094","42","26","27","2","616","0","0","0","0","0","0","0","0","0","397","0","0","0","0","0","0","0","0","0","0","0","157","240"
"56","0092095","42","26","27","2","819","0","0","0","0","0","0","0","0","0","502","0","0","0","0","0","0","0","0","0","0","0","267","235"
"56","0092096","42","26","27","2","649","0","0","0","0","0","0","0","0","0","415","0","0","0","0","0","0","0","0","0","0","0","167","248"
"56","0092097","42","26","27","2","811","0","0","0","0","0","0","0","0","0","495","0","0","0","0","0","0","0","0","0","0","0","180","315"
"56","0092098","42","26","27","2","660","0","0","0","0","0","0","0","0","0","436","0","0","0","0","0","0","0","0","0","0","0","180","255"
"56","0092099","42","26","27","2","643","0","0","0","0","0","0","0","0","0","366","0","0","0","0","0","0","0","0","0","0","0","150","216"
"56","0092100","42","26","27","2","905","0","0","0","0","0","0","0","0","0","551","0","0","0","0","0","0","0","0","0","0","0","211","340"
"56","0092101","42","26","27","2","664","0","0","0","0","0","0","0","0","0","410","0","0","0","0","0","0","0","0","0","0","0","190","220"
"56","0092102","42","26","27","2","784","0","0","0","0","0","0","0","0","0","437","0","0","0","0","0","0","0","0","0","0","0","257","180"
"56","0092103","42","26","27","2","922","0","0","0","0","0","0","0","0","0","583","0","0","0","0","0","0","0","0","0","0","0","213","370"
"56","0092104","42","26","27","2","787","0","0","0","0","0","0","0","0","0","552","0","0","0","0","0","0","0","0","0","0","0","231","321"
"56","0092105","42","26","27","2","15","0","0","0","0","0","0","0","0","0","13","0","0","0","0","0","0","0","0","0","0","0","4","9"
"56","0092106","42","26","27","2","779","0","0","0","0","0","0","0","0","0","462","0","0","0","0","0","0","0","0","0","0","0","196","266"
"56","0092107","42","26","27","2","843","0","0","0","0","0","0","0","0","0","533","0","0","0","0","0","0","0","0","0","0","0","232","300"
"56","0092108","42","26","27","2","121","0","0","0","0","0","0","0","0","0","69","0","0","0","0","0","0","0","0","0","0","0","50","19"
"56","0092109","42","26","27","2","0","0","0","0","0","0","0","0","0","0","0","0","0","0","0","0","0","0","0","0","0","0","0","0"
"56","0092110","42","26","27","2","748","0","0","0","0","0","0","0","0","0","445","0","0","0","0","0","0","0","0","0","0","0","160","285"
"56","0092111","42","26","27","2","476","0","0","0","0","0","0","0","0","0","341","0","0","0","0","0","0","0","0","0","0","0","143","198"
"56","0092112","42","26","27","2","544","0","0","0","0","0","0","0","0","0","355","0","0","0","0","0","0","0","0","0","0","0","160","195"
"56","0092113","42","26","27","2","576","0","0","0","0","0","0","0","0","0","380","0","0","0","0","0","0","0","0","0","0","0","158","222"
"56","0092114","42","26","27","2","923","0","0","0","0","0","0","0","0","0","524","0","0","0","0","0","0","0","0","0","0","0","288","236"
"56","0092115","42","26","27","2","501","0","0","0","0","0","0","0","0","0","286","0","0","0","0","0","0","0","0","0","0","0","134","151"
"56","0092116","42","26","27","2","929","0","0","0","0","0","0","0","0","0","484","0","0","0","0","0","0","0","0","0","0","0","218","265"
"56","0092117","42","26","27","2","411","0","0","0","0","0","0","0","0","0","251","0","0","0","0","0","0","0","0","0","0","0","75","176"
"56","0092118","42","26","27","2","512","0","0","0","0","0","0","0","0","0","341","0","0","0","0","0","0","0","0","0","0","0","177","164"
"56","0092119","42","26","27","2","285","0","0","0","0","0","0","0","0","0","162","0","0","0","0","0","0","0","0","0","0","0","53","109"
"56","0092120","42","26","27","2","870","0","0","0","0","0","0","0","0","0","416","0","0","0","0","0","0","0","0","0","0","0","134","281"
"56","0092121","42","26","27","2","838","0","0","0","0","0","0","0","0","0","378","0","0","0","0","0","0","0","0","0","0","0","109","269"
"56","0092122","42","26","27","2","794","0","0","0","0","0","0","0","0","0","499","0","0","0","0","0","0","0","0","0","0","0","242","256"
"56","0092123","42","26","27","2","619","0","0","0","0","0","0","0","0","0","357","0","0","0","0","0","0","0","0","0","0","0","143","214"
"56","0092124","42","26","27","2","740","0","0","0","0","0","0","0","0","0","375","0","0","0","0","0","0","0","0","0","0","0","126","249"
"56","0092125","42","26","27","2","16","0","0","0","0","0","0","0","0","0","8","0","0","0","0","0","0","0","0","0","0","0","***","***"
"56","0092126","42","26","27","2","306","0","0","0","0","0","0","0","0","0","196","0","0","0","0","0","0","0","0","0","0","0","101","95"
"56","0092127","42","26","27","2","541","0","0","0","0","0","0","0","0","0","332","0","0","0","0","0","0","0","0","0","0","0","141","191"
"56","0092128","42","26","27","2","76","0","0","0","0","0","0","0","0","0","54","0","0","0","0","0","0","0","0","0","0","0","19","35"
"56","0092129","42","26","27","2","0","0","0","0","0","0","0","0","0","0","0","0","0","0","0","0","0","0","0","0","0","0","0","0"
"56","0092130","42","26","27","2","4","0","0","0","0","0","0","0","0","0","0","0","0","0","0","0","0","0","0","0","0","0","0","0"
"56","0092131","42","26","27","2","2","0","0","0","0","0","0","0","0","0","2","0","0","0","0","0","0","0","0","0","0","0","***","***"
"56","0094000","38","24","21","2","2","0","0","0","0","0","0","0","0","0","3","0","0","0","0","0","0","0","0","0","0","0","***","***"
"56","0094001","38","24","21","2","89","0","0","0","0","0","0","0","0","0","57","0","0","0","0","0","0","0","0","0","0","0","11","46"
"56","0094002","38","24","21","2","326","0","0","0","0","0","0","0","0","0","214","0","0","0","0","0","0","0","0","0","0","0","72","142"
"56","0094003","38","24","21","2","380","0","0","0","0","0","0","0","0","0","222","0","0","0","0","0","0","0","0","0","0","0","93","129"
"56","0094004","38","24","21","2","0","0","0","0","0","0","0","0","0","0","0","0","0","0","0","0","0","0","0","0","0","0","0","0"
"56","0094005","38","24","21","2","9","0","0","0","0","0","0","0","0","0","3","0","0","0","0","0","0","0","0","0","0","0","***","***"
"56","0094006","38","24","21","2","8","0","0","0","0","0","0","0","0","0","4","0","0","0","0","0","0","0","0","0","0","0","***","***"
"56","0094007","38","24","21","2","65","0","0","0","0","0","0","0","0","0","43","0","0","0","0","0","0","0","0","0","0","0","18","25"
"56","0094008","38","24","21","2","202","0","0","0","0","0","0","0","0","0","133","0","0","0","0","0","0","0","0","0","0","0","76","57"
"56","0094009","38","24","21","2","515","0","0","0","0","0","0","0","0","0","309","0","0","0","0","0","0","0","0","0","0","0","105","204"
"56","0094010","38","24","21","2","222","0","0","0","0","0","0","0","0","0","133","0","0","0","0","0","0","0","0","0","0","0","43","90"
"56","0094011","38","24","21","2","0","0","0","0","0","0","0","0","0","0","0","0","0","0","0","0","0","0","0","0","0","0","0","0"
"56","0094012","38","24","21","2","30","0","0","0","0","0","0","0","0","0","18","0","0","0","0","0","0","0","0","0","0","0","9","9"
"56","0094013","38","24","21","2","0","0","0","0","0","0","0","0","0","0","0","0","0","0","0","0","0","0","0","0","0","0","0","0"
"56","0094014","38","24","21","2","384","0","0","0","0","0","0","0","0","0","229","0","0","0","0","0","0","0","0","0","0","0","108","121"
"56","0094015","38","24","21","2","6","0","0","0","0","0","0","0","0","0","4","0","0","0","0","0","0","0","0","0","0","0","***","***"
"56","0094016","38","24","21","2","29","0","0","0","0","0","0","0","0","0","11","0","0","0","0","0","0","0","0","0","0","0","8","3"
"56","0094017","38","24","21","2","14","0","0","0","0","0","0","0","0","0","11","0","0","0","0","0","0","0","0","0","0","0","3","8"
"56","0094018","38","24","21","2","0","0","0","0","0","0","0","0","0","0","0","0","0","0","0","0","0","0","0","0","0","0","0","0"
"56","0094019","38","24","21","2","12","0","0","0","0","0","0","0","0","0","9","0","0","0","0","0","0","0","0","0","0","0","***","***"
"56","0094020","38","24","21","2","1","0","0","0","0","0","0","0","0","0","1","0","0","0","0","0","0","0","0","0","0","0","***","***"
"56","0094021","38","24","21","2","2","0","0","0","0","0","0","0","0","0","1","0","0","0","0","0","0","0","0","0","0","0","***","***"
"56","0094022","38","24","21","2","1","0","0","0","0","0","0","0","0","0","0","0","0","0","0","0","0","0","0","0","0","0","0","0"
"56","0094023","38","24","21","2","0","0","0","0","0","0","0","0","0","0","0","0","0","0","0","0","0","0","0","0","0","0","0","0"
"56","0094024","38","24","21","2","0","0","0","0","0","0","0","0","0","0","0","0","0","0","0","0","0","0","0","0","0","0","0","0"
"56","0094025","38","24","21","2","0","0","0","0","0","0","0","0","0","0","0","0","0","0","0","0","0","0","0","0","0","0","0","0"
"56","0094026","38","24","21","2","662","0","0","0","0","0","0","0","0","0","450","0","0","0","0","0","0","0","0","0","0","0","168","282"
"56","0094027","38","24","21","2","3","0","0","0","0","0","0","0","0","0","2","0","0","0","0","0","0","0","0","0","0","0","***","***"
"56","0094028","38","24","21","2","32","0","0","0","0","0","0","0","0","0","21","0","0","0","0","0","0","0","0","0","0","0","9","12"
"56","0094029","38","24","21","2","2","0","0","0","0","0","0","0","0","0","0","0","0","0","0","0","0","0","0","0","0","0","0","0"
"56","0094030","38","24","21","2","263","0","0","0","0","0","0","0","0","0","148","0","0","0","0","0","0","0","0","0","0","0","74","74"
"56","0094031","38","24","21","2","7","0","0","0","0","0","0","0","0","0","3","0","0","0","0","0","0","0","0","0","0","0","***","***"
"56","0094032","38","24","21","2","40","0","0","0","0","0","0","0","0","0","26","0","0","0","0","0","0","0","0","0","0","0","11","15"
"56","0094033","38","24","21","2","2","0","0","0","0","0","0","0","0","0","1","0","0","0","0","0","0","0","0","0","0","0","***","***"
"56","0094034","38","24","21","2","3","0","0","0","0","0","0","0","0","0","3","0","0","0","0","0","0","0","0","0","0","0","***","***"
"56","0094035","38","24","21","2","168","0","0","0","0","0","0","0","0","0","105","0","0","0","0","0","0","0","0","0","0","0","31","74"
"56","0094036","38","24","21","2","0","0","0","0","0","0","0","0","0","0","0","0","0","0","0","0","0","0","0","0","0","0","0","0"
"56","0094037","38","24","21","2","0","0","0","0","0","0","0","0","0","0","0","0","0","0","0","0","0","0","0","0","0","0","0","0"
"56","0094038","38","24","21","2","0","0","0","0","0","0","0","0","0","0","0","0","0","0","0","0","0","0","0","0","0","0","0","0"
"56","0094039","38","24","21","2","11","0","0","0","0","0","0","0","0","0","6","0","0","0","0","0","0","0","0","0","0","0","***","***"
"56","0094040","38","24","21","2","174","0","0","0","0","0","0","0","0","0","136","0","0","0","0","0","0","0","0","0","0","0","32","104"
"56","0094041","38","24","21","2","432","0","0","0","0","0","0","0","0","0","289","0","0","0","0","0","0","0","0","0","0","0","135","153"
"56","0095000","42","26","27","2","864","0","0","0","0","0","0","0","0","0","541","0","0","0","0","0","0","0","0","0","0","0","225","316"
"56","0095001","42","26","27","2","530","0","0","0","0","0","0","0","0","0","315","0","0","0","0","0","0","0","0","0","0","0","164","150"
"56","0095002","42","26","27","2","8","0","0","0","0","0","0","0","0","0","5","0","0","0","0","0","0","0","0","0","0","0","***","***"
"56","0095003","42","26","21","2","1","0","0","0","0","0","0","0","0","0","1","0","0","0","0","0","0","0","0","0","0","0","***","***"
"56","0095004","42","26","21","2","0","0","0","0","0","0","0","0","0","0","0","0","0","0","0","0","0","0","0","0","0","0","0","0"
"56","0095005","42","26","27","2","465","0","0","0","0","0","0","0","0","0","299","0","0","0","0","0","0","0","0","0","0","0","138","159"
"56","0095006","42","26","27","2","598","0","0","0","0","0","0","0","0","0","415","0","0","0","0","0","0","0","0","0","0","0","165","249"
"56","0095007","42","26","27","2","648","0","0","0","0","0","0","0","0","0","385","0","0","0","0","0","0","0","0","0","0","0","203","182"
"56","0095008","42","26","27","2","635","0","0","0","0","0","0","0","0","0","362","0","0","0","0","0","0","0","0","0","0","0","161","201"
"56","0095009","42","26","27","2","909","0","0","0","0","0","0","0","0","0","530","0","0","0","0","0","0","0","0","0","0","0","231","299"
"56","0095010","42","26","27","2","19","0","0","0","0","0","0","0","0","0","16","0","0","0","0","0","0","0","0","0","0","0","8","8"
"56","0095011","42","26","27","2","7","0","0","0","0","0","0","0","0","0","2","0","0","0","0","0","0","0","0","0","0","0","***","***"
"56","0095012","42","26","27","2","15","0","0","0","0","0","0","0","0","0","10","0","0","0","0","0","0","0","0","0","0","0","6","4"
"56","0095013","42","26","21","2","0","0","0","0","0","0","0","0","0","0","0","0","0","0","0","0","0","0","0","0","0","0","0","0"
"56","0095014","42","26","21","2","0","0","0","0","0","0","0","0","0","0","0","0","0","0","0","0","0","0","0","0","0","0","0","0"
"56","0095015","42","26","21","2","0","0","0","0","0","0","0","0","0","0","0","0","0","0","0","0","0","0","0","0","0","0","0","0"
"56","0095016","42","26","21","2","0","0","0","0","0","0","0","0","0","0","0","0","0","0","0","0","0","0","0","0","0","0","0","0"
"56","0095017","42","26","27","2","9","0","0","0","0","0","0","0","0","0","6","0","0","0","0","0","0","0","0","0","0","0","***","***"
"56","0096000","38","26","21","2","593","0","0","0","0","0","0","0","0","0","350","0","0","0","0","0","0","0","0","0","0","0","161","189"
"56","0096001","38","26","21","2","191","0","0","0","0","0","0","0","0","0","120","0","0","0","0","0","0","0","0","0","0","0","48","72"
"56","0096002","38","26","21","2","4","0","0","0","0","0","0","0","0","0","2","0","0","0","0","0","0","0","0","0","0","0","***","***"
"56","0096003","38","26","21","2","0","0","0","0","0","0","0","0","0","0","0","0","0","0","0","0","0","0","0","0","0","0","0","0"
"56","0096004","38","24","21","2","2","0","0","0","0","0","0","0","0","0","2","0","0","0","0","0","0","0","0","0","0","0","***","***"
"56","0097000","38","24","21","2","719","0","0","0","0","0","0","0","0","0","458","0","0","0","0","0","0","0","0","0","0","0","166","292"
"56","0097001","38","24","21","2","260","0","0","0","0","0","0","0","0","0","103","0","0","0","0","0","0","0","0","0","0","0","19","84"
"56","0097002","38","24","21","2","975","0","0","0","0","0","0","0","0","0","607","0","0","0","0","0","0","0","0","0","0","0","176","428"
"56","0097003","38","24","21","2","577","0","0","0","0","0","0","0","0","0","370","0","0","0","0","0","0","0","0","0","0","0","131","239"
"56","0097004","38","24","21","2","668","0","0","0","0","0","0","0","0","0","421","0","0","0","0","0","0","0","0","0","0","0","141","280"
"56","0097005","38","24","21","2","809","0","0","0","0","0","0","0","0","0","544","0","0","0","0","0","0","0","0","0","0","0","151","393"
"56","0097006","38","24","21","2","558","0","0","0","0","0","0","0","0","0","321","0","0","0","0","0","0","0","0","0","0","0","115","206"
"56","0097007","38","24","21","2","548","0","0","0","0","0","0","0","0","0","305","0","0","0","0","0","0","0","0","0","0","0","92","213"
"56","0097008","38","24","21","2","788","0","0","0","0","0","0","0","0","0","481","0","0","0","0","0","0","0","0","0","0","0","131","348"
"56","0097009","38","24","21","2","701","0","0","0","0","0","0","0","0","0","388","0","0","0","0","0","0","0","0","0","0","0","120","268"
"56","0097010","38","24","21","2","511","0","0","0","0","0","0","0","0","0","252","0","0","0","0","0","0","0","0","0","0","0","69","183"
"56","0097011","38","24","21","2","747","0","0","0","0","0","0","0","0","0","387","0","0","0","0","0","0","0","0","0","0","0","85","301"
"56","0097012","38","24","21","2","611","0","0","0","0","0","0","0","0","0","347","0","0","0","0","0","0","0","0","0","0","0","108","239"
"56","0097013","38","24","21","2","505","0","0","0","0","0","0","0","0","0","279","0","0","0","0","0","0","0","0","0","0","0","83","196"
"56","0097014","38","24","21","2","932","0","0","0","0","0","0","0","0","0","521","0","0","0","0","0","0","0","0","0","0","0","171","350"
"56","0097015","38","24","21","2","858","0","0","0","0","0","0","0","0","0","509","0","0","0","0","0","0","0","0","0","0","0","175","334"
"56","0097016","38","24","21","2","1","0","0","0","0","0","0","0","0","0","0","0","0","0","0","0","0","0","0","0","0","0","0","0"
"56","0097017","38","24","21","2","783","0","0","0","0","0","0","0","0","0","538","0","0","0","0","0","0","0","0","0","0","0","187","351"
"56","0097018","38","24","21","2","612","0","0","0","0","0","0","0","0","0","426","0","0","0","0","0","0","0","0","0","0","0","166","260"
"56","0097019","38","24","21","2","549","0","0","0","0","0","0","0","0","0","370","0","0","0","0","0","0","0","0","0","0","0","124","245"
"56","0097020","38","24","21","2","773","0","0","0","0","0","0","0","0","0","479","0","0","0","0","0","0","0","0","0","0","0","152","327"
"56","0097021","38","24","21","2","654","0","0","0","0","0","0","0","0","0","328","0","0","0","0","0","0","0","0","0","0","0","133","195"
"56","0097022","38","24","21","2","1009","0","0","0","0","0","0","0","0","0","584","0","0","0","0","0","0","0","0","0","0","0","244","340"
"56","0097023","38","24","21","2","946","0","0","0","0","0","0","0","0","0","645","0","0","0","0","0","0","0","0","0","0","0","208","436"
"56","0097024","38","24","21","2","766","0","0","0","0","0","0","0","0","0","505","0","0","0","0","0","0","0","0","0","0","0","188","317"
"56","0097025","38","24","21","2","620","0","0","0","0","0","0","0","0","0","413","0","0","0","0","0","0","0","0","0","0","0","143","269"
"56","0097026","38","24","21","2","370","0","0","0","0","0","0","0","0","0","241","0","0","0","0","0","0","0","0","0","0","0","90","151"
"56","0097027","38","24","21","2","419","0","0","0","0","0","0","0","0","0","236","0","0","0","0","0","0","0","0","0","0","0","107","129"
"56","0097028","38","24","21","2","779","0","0","0","0","0","0","0","0","0","550","0","0","0","0","0","0","0","0","0","0","0","245","305"
"56","0097029","38","24","21","2","788","0","0","0","0","0","0","0","0","0","522","0","0","0","0","0","0","0","0","0","0","0","191","331"
"56","0097030","38","24","21","2","593","0","0","0","0","0","0","0","0","0","370","0","0","0","0","0","0","0","0","0","0","0","177","192"
"56","0097031","38","24","21","2","333","0","0","0","0","0","0","0","0","0","188","0","0","0","0","0","0","0","0","0","0","0","56","132"
"56","0097032","38","24","21","2","841","0","0","0","0","0","0","0","0","0","527","0","0","0","0","0","0","0","0","0","0","0","237","289"
"56","0097033","38","24","21","2","531","0","0","0","0","0","0","0","0","0","324","0","0","0","0","0","0","0","0","0","0","0","151","173"
"56","0097034","38","24","21","2","454","0","0","0","0","0","0","0","0","0","327","0","0","0","0","0","0","0","0","0","0","0","142","184"
"56","0097035","38","24","21","2","900","0","0","0","0","0","0","0","0","0","594","0","0","0","0","0","0","0","0","0","0","0","242","352"
"56","0097036","38","24","21","2","388","0","0","0","0","0","0","0","0","0","208","0","0","0","0","0","0","0","0","0","0","0","51","157"
"56","0097037","38","24","21","2","698","0","0","0","0","0","0","0","0","0","435","0","0","0","0","0","0","0","0","0","0","0","148","287"
"56","0097038","38","24","21","2","1044","0","0","0","0","0","0","0","0","0","524","0","0","0","0","0","0","0","0","0","0","0","195","329"
"56","0097039","38","26","21","2","623","0","0","0","0","0","0","0","0","0","355","0","0","0","0","0","0","0","0","0","0","0","149","206"
"56","0097040","38","26","21","2","573","0","0","0","0","0","0","0","0","0","312","0","0","0","0","0","0","0","0","0","0","0","93","217"
"56","0097041","38","24","21","2","650","0","0","0","0","0","0","0","0","0","367","0","0","0","0","0","0","0","0","0","0","0","120","247"
"56","0097042","38","24","21","2","599","0","0","0","0","0","0","0","0","0","260","0","0","0","0","0","0","0","0","0","0","0","49","211"
"56","0097043","38","24","21","2","894","0","0","0","0","0","0","0","0","0","555","0","0","0","0","0","0","0","0","0","0","0","152","403"
"56","0097044","38","24","21","2","598","0","0","0","0","0","0","0","0","0","352","0","0","0","0","0","0","0","0","0","0","0","129","223"
"56","0097045","38","24","21","2","697","0","0","0","0","0","0","0","0","0","421","0","0","0","0","0","0","0","0","0","0","0","107","314"
"56","0097046","38","24","21","2","815","0","0","0","0","0","0","0","0","0","572","0","0","0","0","0","0","0","0","0","0","0","190","381"
"56","0097047","38","24","21","2","975","0","0","0","0","0","0","0","0","0","415","0","0","0","0","0","0","0","0","0","0","0","144","271"
"56","0097048","38","24","21","2","680","0","0","0","0","0","0","0","0","0","434","0","0","0","0","0","0","0","0","0","0","0","182","252"
"56","0097049","38","24","21","2","505","0","0","0","0","0","0","0","0","0","322","0","0","0","0","0","0","0","0","0","0","0","119","203"
"56","0097050","38","24","21","2","684","0","0","0","0","0","0","0","0","0","438","0","0","0","0","0","0","0","0","0","0","0","174","264"
"56","0097051","38","24","21","2","953","0","0","0","0","0","0","0","0","0","540","0","0","0","0","0","0","0","0","0","0","0","185","355"
"56","0097052","38","24","21","2","592","0","0","0","0","0","0","0","0","0","378","0","0","0","0","0","0","0","0","0","0","0","167","211"
"56","0097053","38","24","21","2","708","0","0","0","0","0","0","0","0","0","447","0","0","0","0","0","0","0","0","0","0","0","197","250"
"56","0097054","38","24","21","2","695","0","0","0","0","0","0","0","0","0","422","0","0","0","0","0","0","0","0","0","0","0","152","270"
"56","0097055","38","24","21","2","688","0","0","0","0","0","0","0","0","0","340","0","0","0","0","0","0","0","0","0","0","0","88","252"
"56","0097056","38","24","21","2","669","0","0","0","0","0","0","0","0","0","356","0","0","0","0","0","0","0","0","0","0","0","74","282"
"56","0097057","38","24","21","2","690","0","0","0","0","0","0","0","0","0","418","0","0","0","0","0","0","0","0","0","0","0","117","301"
"56","0097058","38","24","21","2","759","0","0","0","0","0","0","0","0","0","393","0","0","0","0","0","0","0","0","0","0","0","100","292"
"56","0097059","38","24","21","2","325","0","0","0","0","0","0","0","0","0","225","0","0","0","0","0","0","0","0","0","0","0","60","165"
"56","0097060","38","24","21","2","792","0","0","0","0","0","0","0","0","0","388","0","0","0","0","0","0","0","0","0","0","0","135","253"
"56","0097061","38","24","21","2","697","0","0","0","0","0","0","0","0","0","391","0","0","0","0","0","0","0","0","0","0","0","141","249"
"56","0097062","38","24","21","2","915","0","0","0","0","0","0","0","0","0","500","0","0","0","0","0","0","0","0","0","0","0","210","290"
"56","0097063","38","24","21","2","905","0","0","0","0","0","0","0","0","0","526","0","0","0","0","0","0","0","0","0","0","0","174","351"
"56","0097064","38","24","21","2","951","0","0","0","0","0","0","0","0","0","512","0","0","0","0","0","0","0","0","0","0","0","161","351"
"56","0097065","38","24","21","2","561","0","0","0","0","0","0","0","0","0","283","0","0","0","0","0","0","0","0","0","0","0","89","194"
"56","0097066","38","24","21","2","732","0","0","0","0","0","0","0","0","0","482","0","0","0","0","0","0","0","0","0","0","0","192","290"
"56","0097067","38","24","21","2","0","0","0","0","0","0","0","0","0","0","0","0","0","0","0","0","0","0","0","0","0","0","0","0"
"56","0097068","38","24","21","2","0","0","0","0","0","0","0","0","0","0","0","0","0","0","0","0","0","0","0","0","0","0","0","0"
"56","0097069","38","24","21","2","1088","0","0","0","0","0","0","0","0","0","524","0","0","0","0","0","0","0","0","0","0","0","138","386"
"56","0097070","38","24","21","2","996","0","0","0","0","0","0","0","0","0","564","0","0","0","0","0","0","0","0","0","0","0","142","421"
"56","0097071","38","24","21","2","92","0","0","0","0","0","0","0","0","0","55","0","0","0","0","0","0","0","0","0","0","0","16","39"
"56","0097072","38","24","21","2","595","0","0","0","0","0","0","0","0","0","406","0","0","0","0","0","0","0","0","0","0","0","138","268"
"56","0097073","38","24","21","2","719","0","0","0","0","0","0","0","0","0","470","0","0","0","0","0","0","0","0","0","0","0","129","341"
"56","0097074","38","24","21","2","966","0","0","0","0","0","0","0","0","0","414","0","0","0","0","0","0","0","0","0","0","0","67","347"
"56","0097075","38","24","21","2","755","0","0","0","0","0","0","0","0","0","319","0","0","0","0","0","0","0","0","0","0","0","71","248"
"56","0097076","38","24","21","2","933","0","0","0","0","0","0","0","0","0","408","0","0","0","0","0","0","0","0","0","0","0","68","338"
"56","0097077","38","26","21","2","900","0","0","0","0","0","0","0","0","0","544","0","0","0","0","0","0","0","0","0","0","0","196","348"
"56","0097078","38","24","21","2","538","0","0","0","0","0","0","0","0","0","304","0","0","0","0","0","0","0","0","0","0","0","72","232"
"56","0097079","38","24","21","2","833","0","0","0","0","0","0","0","0","0","559","0","0","0","0","0","0","0","0","0","0","0","216","343"
"56","0097080","38","24","21","2","606","0","0","0","0","0","0","0","0","0","404","0","0","0","0","0","0","0","0","0","0","0","149","254"
"56","0097081","38","24","21","2","0","0","0","0","0","0","0","0","0","0","0","0","0","0","0","0","0","0","0","0","0","0","0","0"
"56","0097082","38","24","21","2","261","0","0","0","0","0","0","0","0","0","125","0","0","0","0","0","0","0","0","0","0","0","64","61"
"56","0097083","38","24","21","2","1161","0","0","0","0","0","0","0","0","0","665","0","0","0","0","0","0","0","0","0","0","0","223","442"
"56","0097084","38","24","21","2","1030","0","0","0","0","0","0","0","0","0","571","0","0","0","0","0","0","0","0","0","0","0","258","313"
"56","0097085","38","24","21","2","909","0","0","0","0","0","0","0","0","0","539","0","0","0","0","0","0","0","0","0","0","0","204","334"
"56","0097086","38","24","21","2","673","0","0","0","0","0","0","0","0","0","323","0","0","0","0","0","0","0","0","0","0","0","108","215"
"56","0097087","38","24","21","2","447","0","0","0","0","0","0","0","0","0","299","0","0","0","0","0","0","0","0","0","0","0","110","189"
"56","0097088","38","24","21","2","0","0","0","0","0","0","0","0","0","0","0","0","0","0","0","0","0","0","0","0","0","0","0","0"
"56","0097089","38","24","21","2","467","0","0","0","0","0","0","0","0","0","263","0","0","0","0","0","0","0","0","0","0","0","105","158"
"56","0097090","38","24","21","2","684","0","0","0","0","0","0","0","0","0","495","0","0","0","0","0","0","0","0","0","0","0","139","356"
"56","0097091","38","24","21","2","350","0","0","0","0","0","0","0","0","0","210","0","0","0","0","0","0","0","0","0","0","0","64","146"
"56","0097092","38","24","21","2","472","0","0","0","0","0","0","0","0","0","312","0","0","0","0","0","0","0","0","0","0","0","89","223"
"56","0097093","38","24","21","2","589","0","0","0","0","0","0","0","0","0","348","0","0","0","0","0","0","0","0","0","0","0","85","263"
"56","0097094","38","24","21","2","625","0","0","0","0","0","0","0","0","0","287","0","0","0","0","0","0","0","0","0","0","0","79","208"
"56","0097095","38","24","21","2","457","0","0","0","0","0","0","0","0","0","328","0","0","0","0","0","0","0","0","0","0","0","154","174"
"56","0097096","38","24","21","2","648","0","0","0","0","0","0","0","0","0","496","0","0","0","0","0","0","0","0","0","0","0","213","283"
"56","0097097","38","24","21","2","276","0","0","0","0","0","0","0","0","0","209","0","0","0","0","0","0","0","0","0","0","0","101","108"
"56","0097098","38","24","21","2","787","0","0","0","0","0","0","0","0","0","586","0","0","0","0","0","0","0","0","0","0","0","260","326"
"56","0097099","38","24","21","2","683","0","0","0","0","0","0","0","0","0","500","0","0","0","0","0","0","0","0","0","0","0","143","356"
"56","0097100","38","24","21","2","840","0","0","0","0","0","0","0","0","0","343","0","0","0","0","0","0","0","0","0","0","0","77","266"
"56","0097101","38","24","21","2","386","0","0","0","0","0","0","0","0","0","257","0","0","0","0","0","0","0","0","0","0","0","94","163"
"56","0097102","38","24","21","2","1054","0","0","0","0","0","0","0","0","0","482","0","0","0","0","0","0","0","0","0","0","0","127","354"
"56","0097103","38","24","21","2","39","0","0","0","0","0","0","0","0","0","18","0","0","0","0","0","0","0","0","0","0","0","1","17"
"56","0097104","38","24","21","2","772","0","0","0","0","0","0","0","0","0","350","0","0","0","0","0","0","0","0","0","0","0","88","261"
"56","0097105","38","24","21","2","615","0","0","0","0","0","0","0","0","0","372","0","0","0","0","0","0","0","0","0","0","0","157","214"
"56","0097106","38","24","21","2","819","0","0","0","0","0","0","0","0","0","524","0","0","0","0","0","0","0","0","0","0","0","195","329"
"56","0097107","38","24","21","2","47","0","0","0","0","0","0","0","0","0","35","0","0","0","0","0","0","0","0","0","0","0","8","27"
"56","0097108","38","24","21","2","933","0","0","0","0","0","0","0","0","0","649","0","0","0","0","0","0","0","0","0","0","0","215","433"
"56","0097109","38","24","21","2","815","0","0","0","0","0","0","0","0","0","385","0","0","0","0","0","0","0","0","0","0","0","125","260"
"56","0097110","38","24","21","2","356","0","0","0","0","0","0","0","0","0","225","0","0","0","0","0","0","0","0","0","0","0","82","143"
"56","0097111","38","24","21","2","727","0","0","0","0","0","0","0","0","0","460","0","0","0","0","0","0","0","0","0","0","0","196","264"
"56","0097112","38","24","21","2","713","0","0","0","0","0","0","0","0","0","418","0","0","0","0","0","0","0","0","0","0","0","132","286"
"56","0097113","38","24","21","2","654","0","0","0","0","0","0","0","0","0","358","0","0","0","0","0","0","0","0","0","0","0","147","211"
"56","0097114","38","24","21","2","602","0","0","0","0","0","0","0","0","0","388","0","0","0","0","0","0","0","0","0","0","0","146","242"
"56","0097115","38","26","21","2","0","0","0","0","0","0","0","0","0","0","0","0","0","0","0","0","0","0","0","0","0","0","0","0"
"56","0099000","42","26","21","2","326","0","0","0","0","0","0","0","0","0","192","0","0","0","0","0","0","0","0","0","0","0","72","120"
"56","0099001","42","26","21","2","0","0","0","0","0","0","0","0","0","0","0","0","0","0","0","0","0","0","0","0","0","0","0","0"
"56","0099002","42","26","21","2","0","0","0","0","0","0","0","0","0","0","0","0","0","0","0","0","0","0","0","0","0","0","0","0"
"56","CNTYTOT","56040","36230","32142","2836","526114","0","0","0","0","0","0","0","0","0","290920","0","0","0","0","0","0","0","0","0","0","0","112439","178305"
