"election","type","srprec","totreg_r","dem","rep","aip","paf","msc","lib","nlp","grn","ref","dcl","male","female","hispdem","hisprep","hispdcl","hispoth","jewdem","jewrep","jewdcl","jewoth","kordem","korrep","kordcl","koroth","jpndem","jpnrep","jpndcl","jpnoth","chidem","chirep","chidcl","chioth","inddem","indrep","inddcl","indoth","vietdem","vietrep","vietdcl","vietoth","fildem","filrep","fildcl","filoth","demmunk","demm1824","demm2534","demm3544","demm4554","demm5564","demm65pl","demfunk","demf1824","demf2534","demf3544","demf4554","demf5564","demf65pl","repmunk","repm1824","repm2534","repm3544","repm4554","repm5564","repm65pl","repfunk","repf1824","repf2534","repf3544","repf4554","repf5564","repf65pl","dclmunk","dclm1824","dclm2534","dclm3544","dclm4554","dclm5564","dclm65pl","dclfunk","dclf1824","dclf2534","dclf3544","dclf4554","dclf5564","dclf65pl","othmunk","othm1824","othm2534","othm3544","othm4554","othm5564","othm65pl","othfunk","othf1824","othf2534","othf3544","othf4554","othf5564","othf65pl","dreg1g","dreg2g","dreg3g","dreg4g","dreg5g","dreg6g","dreg7g","dreg8g","dreg9g","rreg1g","rreg2g","rreg3g","rreg4g","rreg5g","rreg6g","rreg7g","rreg8g","rreg9g","ireg1g","ireg2g","ireg3g","ireg4g","ireg5g","ireg6g","ireg7g","ireg8g","ireg9g","oreg1g","oreg2g","oreg3g","oreg4g","oreg5g","oreg6g","oreg7g","oreg8g","oreg9g"
"s25","voters","200100","2450","1977","62","22","5","7","6","0","14","0","357","1144","1306","70","3","9","2","233","5","20","3","14","1","7","0","24","1","5","0","64","4","37","0","31","1","12","0","3","0","2","1","11","0","1","0","6","51","58","111","129","147","363","5","62","66","149","161","191","478","0","2","1","2","5","6","21","0","0","1","3","0","4","17","5","13","10","35","46","31","76","2","11","9","14","29","27","49","0","1","5","2","5","7","6","1","1","1","4","6","4","11","1008","329","227","67","59","13","22","26","226","29","10","8","1","0","1","1","0","12","191","49","33","24","7","8","5","5","35","36","4","4","3","0","2","0","0","5"
"s25","voters","200200","1695","1342","47","19","7","5","4","0","13","0","258","768","927","86","2","19","8","141","5","12","2","19","0","2","0","14","0","4","0","55","2","22","3","18","0","8","0","4","1","3","0","7","1","0","2","9","57","46","78","68","95","221","26","97","47","87","114","96","301","0","0","1","2","3","3","18","0","1","0","0","2","5","12","6","21","10","14","30","19","41","8","27","15","14","13","17","23","0","7","0","4","2","3","10","2","5","1","3","2","4","5","780","179","135","40","25","13","19","11","140","24","8","4","1","1","0","1","0","8","155","25","33","11","10","0","7","2","15","33","8","1","0","0","1","0","0","5"
"s25","voters","201400","2398","1957","58","13","8","5","5","1","21","1","329","1105","1293","92","3","17","3","219","0","23","4","12","1","2","0","23","0","3","0","80","6","22","1","24","1","8","4","8","2","5","1","12","2","2","0","5","74","103","115","101","131","320","4","100","138","123","131","165","447","0","3","4","7","3","6","17","0","1","1","2","1","1","12","1","23","31","30","29","27","41","2","20","21","25","24","22","33","0","5","5","3","4","10","7","0","2","3","3","2","1","9","1074","293","215","67","44","16","17","20","211","36","7","1","5","0","0","0","0","9","200","37","29","16","9","5","7","3","23","40","6","3","1","2","0","0","0","2"
"s25","voters","202200","314","232","9","4","0","7","0","0","4","0","58","139","175","28","0","6","1","18","0","1","0","8","0","2","0","1","0","0","0","14","0","6","0","7","1","2","0","1","0","0","0","2","0","0","1","0","19","25","7","10","8","24","1","43","25","9","9","10","42","0","0","2","0","0","2","3","0","0","0","0","0","1","1","0","9","6","3","3","4","9","0","10","2","5","1","1","5","0","0","0","1","0","2","2","0","1","0","1","0","3","5","163","33","13","4","3","0","4","1","11","7","0","0","0","1","0","0","0","1","41","2","3","4","3","2","0","0","3","9","4","0","0","0","0","0","1","1"
"s25","voters","202500","422","310","15","14","2","2","0","0","0","0","79","175","247","80","3","15","5","12","2","4","0","6","0","3","0","1","0","0","0","22","2","8","1","5","0","3","1","7","0","1","0","5","0","2","0","3","86","5","3","5","6","11","3","160","9","5","2","4","8","0","5","0","0","1","3","1","1","4","0","0","0","0","0","2","32","4","2","0","0","1","1","34","2","0","1","0","0","0","5","0","0","0","0","0","1","10","1","1","0","0","0","286","8","0","2","1","2","1","0","10","12","1","1","1","0","0","0","0","0","76","2","1","0","0","0","0","0","0","17","1","0","0","0","0","0","0","0"
"s25","voters","202620","844","594","18","28","4","2","2","0","7","0","189","223","621","235","4","61","17","6","0","5","0","6","0","8","0","0","0","2","1","51","2","29","6","25","1","9","4","25","0","3","0","9","2","1","1","51","71","3","3","2","4","3","164","277","7","1","2","1","5","1","9","0","0","0","1","0","3","2","0","2","0","0","0","28","27","1","2","0","0","1","57","71","0","2","0","0","0","9","5","0","0","0","0","2","14","11","0","0","1","0","1","583","5","3","0","2","0","0","0","1","16","0","0","0","1","0","0","1","0","182","4","2","0","1","0","0","0","0","40","1","0","0","0","0","0","0","2"
"s25","voters","203100","1938","1630","52","22","2","4","2","0","12","0","214","870","1068","67","3","11","2","214","6","17","2","13","1","2","1","12","0","1","2","55","2","9","1","22","1","1","0","5","0","1","1","6","3","1","0","2","25","56","94","93","111","311","4","51","95","118","126","154","390","0","0","0","2","2","7","14","0","2","1","0","1","3","20","1","6","11","20","30","28","38","1","7","11","10","15","12","24","0","1","2","2","6","4","4","1","3","2","4","5","4","4","825","293","171","61","36","14","18","13","199","27","8","2","0","1","0","0","1","13","107","22","23","15","5","4","2","3","33","30","9","2","0","0","0","0","0","1"
"s25","voters","203500","1355","1074","35","20","7","5","2","0","11","0","201","597","758","73","1","20","5","132","3","24","1","6","0","2","0","7","0","2","1","35","1","12","0","14","1","4","0","1","0","3","1","8","0","0","0","18","48","42","47","55","52","177","32","92","69","63","55","86","238","1","2","0","4","0","3","8","0","3","1","1","2","3","7","8","20","15","13","12","21","29","5","18","9","10","10","6","25","1","6","5","1","1","3","5","2","7","5","0","1","4","4","674","144","86","31","23","6","13","15","82","20","5","1","1","1","0","0","2","5","126","23","20","8","5","2","0","3","14","35","5","3","1","0","0","1","0","0"
"s25","voters","203800","1573","1293","20","17","8","10","2","0","22","0","201","683","890","63","0","11","3","135","1","14","6","6","0","0","0","18","1","2","1","25","0","9","2","12","0","6","0","10","0","2","0","6","0","2","0","2","41","90","84","70","90","157","2","61","127","108","102","122","237","0","1","2","2","0","1","7","0","1","0","1","0","1","4","2","12","18","26","20","16","12","0","13","18","22","13","14","15","0","4","1","3","5","5","12","0","2","4","5","4","6","8","720","189","158","38","25","13","12","17","121","10","3","3","0","0","0","0","0","4","126","26","14","5","3","1","3","4","19","40","4","4","3","2","2","0","0","4"
"s25","voters","203880","24","21","1","0","0","0","0","0","0","0","2","9","15","1","0","0","0","1","0","0","0","0","0","0","0","1","0","0","0","2","0","0","0","1","0","0","0","0","0","0","0","0","0","0","0","0","0","3","1","1","0","2","0","1","4","1","5","0","3","0","0","0","0","0","0","0","0","0","1","0","0","0","0","0","0","0","0","1","1","0","0","0","0","0","0","0","0","0","0","0","0","0","0","0","0","0","0","0","0","0","0","8","5","2","1","0","0","0","0","5","1","0","0","0","0","0","0","0","0","1","1","0","0","0","0","0","0","0","0","0","0","0","0","0","0","0","0"
"s25","voters","203890","29","22","1","0","0","0","0","0","0","0","6","13","16","1","0","0","0","3","0","1","0","0","0","0","0","0","0","0","0","0","0","1","0","1","0","1","0","0","0","0","0","0","0","0","0","0","0","0","2","0","1","4","1","0","2","3","1","2","6","0","0","0","0","0","0","1","0","0","0","0","0","0","0","0","0","2","1","0","0","2","0","0","0","0","1","0","0","0","0","0","0","0","0","0","0","0","0","0","0","0","0","11","1","5","0","0","0","1","2","2","0","1","0","0","0","0","0","0","0","5","0","1","0","0","0","0","0","0","0","0","0","0","0","0","0","0","0"
"s25","voters","204210","1275","1015","30","20","5","3","3","0","16","1","182","527","748","134","1","34","7","63","3","15","3","23","1","6","0","8","0","3","0","56","6","10","3","27","0","6","3","24","0","8","0","13","1","0","3","2","108","62","42","46","44","93","6","243","80","48","56","49","136","0","3","4","1","1","4","8","0","0","1","0","1","1","6","0","34","9","10","10","13","15","2","53","9","7","5","3","12","0","6","0","2","2","2","6","0","12","3","3","2","4","6","705","98","84","25","20","7","5","6","65","21","3","1","0","0","0","1","1","3","143","9","13","4","4","2","1","0","6","35","6","1","1","0","0","1","0","4"
"s25","voters","204300","1691","1349","33","18","13","4","3","1","36","0","234","744","947","116","3","24","7","119","5","13","2","15","1","4","0","17","1","6","0","57","3","17","2","12","0","9","2","17","0","6","3","14","0","4","0","2","61","91","80","67","86","168","3","144","140","103","75","93","236","0","1","1","3","4","2","12","1","2","0","0","3","1","3","0","20","20","23","23","21","21","0","26","13","14","23","7","23","0","3","1","3","7","6","18","0","8","3","6","7","4","9","800","186","146","33","37","6","8","16","117","25","3","1","0","3","0","0","0","1","159","24","13","10","4","2","5","4","13","44","14","3","2","1","1","1","0","9"
"s25","voters","204900","619","454","12","13","0","4","2","0","6","0","128","222","397","174","3","36","6","21","0","4","1","11","0","2","0","3","1","1","0","29","4","10","4","15","0","7","2","17","0","2","0","12","0","3","0","23","72","15","10","8","6","16","74","181","19","5","5","5","15","0","3","1","1","0","2","1","0","1","0","0","2","1","0","10","26","6","2","0","4","3","22","41","3","4","3","2","2","2","5","2","3","1","0","0","0","9","1","1","1","0","0","405","19","12","2","3","0","0","0","13","8","1","1","0","1","0","0","0","1","120","4","3","0","0","0","0","0","1","23","0","2","0","0","0","0","0","0"
"s25","voters","205200","3205","2676","64","36","2","11","5","1","21","1","388","1481","1724","83","3","16","4","327","3","25","4","16","1","3","0","37","6","3","1","82","4","18","5","42","0","9","1","6","0","0","0","13","1","2","0","5","62","88","117","167","209","511","6","82","95","156","200","277","701","1","1","1","2","9","9","20","0","0","2","2","4","4","9","2","18","24","34","41","39","78","1","17","11","18","28","34","43","0","6","4","3","2","7","21","0","2","0","2","5","6","19","1331","446","311","99","68","22","35","16","348","39","1","8","2","0","1","1","0","12","190","55","40","28","12","7","8","10","38","47","12","10","2","1","0","0","0","5"
"s25","voters","205700","2717","2281","68","29","1","9","7","0","13","1","308","1237","1480","80","1","12","3","320","6","36","4","18","3","2","0","48","1","4","1","71","5","23","0","21","0","7","2","12","0","1","0","13","0","3","0","9","49","81","107","143","152","430","9","65","100","158","187","217","574","0","3","2","3","3","3","25","0","0","2","3","1","5","18","1","16","14","38","41","31","51","2","7","10","17","20","20","40","0","2","3","6","2","9","13","0","1","4","3","1","4","12","1166","351","246","100","56","15","35","20","292","28","9","9","5","1","0","1","2","13","167","41","32","14","12","2","5","4","31","40","9","4","2","0","0","1","0","4"
"s25","voters","206200","1406","1129","27","15","5","3","4","0","18","0","205","630","776","53","2","14","2","124","1","18","2","5","0","0","1","7","0","2","0","47","1","13","1","22","0","6","3","3","0","1","1","3","0","0","0","3","42","79","57","51","65","167","1","74","120","69","72","80","249","0","1","1","3","2","0","10","0","2","0","2","0","0","6","1","12","25","22","17","24","25","0","12","18","13","13","5","18","0","3","4","2","6","3","5","0","2","3","4","1","7","5","632","173","117","40","28","10","13","9","107","18","4","0","0","1","1","0","0","3","128","27","11","8","9","1","2","1","18","29","11","1","2","0","0","0","1","1"
"s25","voters","206900","872","685","20","4","0","5","5","0","14","0","139","423","449","46","0","17","4","64","1","9","3","4","2","3","0","6","0","0","0","53","1","13","0","16","0","4","2","6","0","4","0","6","0","2","1","0","53","61","38","31","33","95","1","72","78","43","31","32","117","0","1","0","1","0","1","6","0","3","0","0","1","1","6","1","23","12","9","14","9","19","0","19","16","8","3","4","2","0","3","3","1","2","1","6","0","1","2","1","1","3","4","431","70","63","17","18","7","6","9","64","12","0","2","1","1","1","1","0","2","96","12","13","0","5","1","2","0","10","15","5","3","0","1","0","1","0","3"
"s25","voters","207000","1425","1214","24","10","4","4","3","0","12","0","154","652","773","61","1","6","5","135","3","8","5","5","0","1","0","24","0","2","0","36","2","10","0","9","0","5","0","4","0","0","0","13","0","1","0","5","45","56","70","80","91","180","5","33","87","75","110","124","253","0","0","3","0","3","3","8","0","0","0","0","2","2","3","2","5","16","16","18","14","21","0","4","8","9","9","12","20","0","0","1","4","4","1","6","0","3","1","3","1","2","7","654","158","145","42","30","10","8","15","152","14","2","3","1","2","0","0","0","2","72","31","12","8","6","5","1","2","17","17","5","5","0","3","0","1","1","1"
"s25","voters","207200","1653","1333","35","18","7","9","2","0","19","0","230","770","883","75","0","17","2","162","1","14","10","8","1","2","0","21","2","2","0","58","3","17","2","23","0","5","0","14","1","2","0","13","1","3","0","4","69","98","80","83","82","175","5","67","99","86","108","125","252","0","2","5","3","3","3","11","0","1","1","0","1","3","2","1","10","22","22","25","17","22","2","22","21","14","23","7","22","0","8","2","4","2","5","12","0","2","2","4","6","4","4","739","186","157","46","36","9","8","14","138","23","2","6","1","0","0","0","0","3","134","30","21","13","6","5","4","4","13","40","4","4","0","1","0","0","1","5"
"s25","voters","207700","1416","1044","30","35","9","12","4","1","25","0","256","618","798","199","1","45","20","54","1","12","0","13","0","8","0","12","0","0","0","80","1","24","6","27","2","15","3","26","0","7","1","12","0","4","0","2","147","91","42","25","51","75","8","301","85","42","35","40","100","0","5","0","3","1","4","5","0","1","1","2","0","3","5","2","51","19","16","12","14","17","2","63","18","13","6","11","12","0","9","4","5","1","8","9","0","21","9","5","6","2","7","825","80","57","12","15","4","5","7","39","25","1","2","1","0","0","0","0","1","213","11","13","7","5","3","2","1","1","71","8","1","1","2","0","0","1","2"
"s25","voters","208010","2434","1951","47","23","13","7","8","0","38","0","347","1079","1355","141","2","25","9","201","3","14","8","12","1","4","0","34","3","5","2","80","2","23","0","16","0","4","0","12","0","3","0","14","1","6","1","3","76","138","131","115","127","217","9","107","211","156","150","152","359","0","1","5","4","0","9","13","0","0","0","0","1","5","9","4","15","37","40","34","28","33","3","17","40","33","24","25","14","0","4","7","7","5","7","19","0","3","7","4","6","7","13","1089","279","197","78","61","14","18","16","199","25","9","4","1","3","1","1","0","3","208","38","26","16","14","3","8","8","26","53","9","14","2","1","0","1","4","5"
"s25","voters","208300","2196","1754","39","15","16","6","9","1","51","0","305","955","1241","148","4","23","6","131","2","14","7","11","0","8","0","28","0","3","0","51","4","12","2","27","2","5","0","14","0","2","0","16","0","3","0","5","43","127","151","118","112","166","6","73","181","198","163","172","239","0","1","2","4","2","5","7","1","0","6","3","3","1","4","0","12","34","35","32","25","28","2","14","31","33","23","23","13","0","4","9","7","7","6","13","0","8","7","7","12","7","11","1013","271","180","51","48","19","16","19","137","26","2","3","1","1","1","2","0","3","166","47","39","14","8","6","7","1","17","57","21","8","1","1","0","0","3","7"
"s25","voters","208510","1481","1173","33","23","13","7","2","0","15","0","215","657","824","122","4","22","10","63","0","17","3","10","0","2","1","7","0","0","0","33","2","10","3","16","0","6","3","18","3","4","0","13","0","0","0","4","32","87","97","81","72","116","5","57","159","124","88","87","164","0","2","0","2","3","6","7","0","0","0","1","2","3","7","0","13","24","32","26","8","17","1","13","20","18","20","14","9","0","3","6","2","5","6","6","0","2","7","10","4","3","6","680","176","129","39","29","13","13","11","83","19","3","7","2","0","0","0","0","2","140","25","18","8","3","3","5","3","10","51","1","6","1","0","1","0","0","0"
"s25","voters","208690","21","16","1","1","0","0","0","0","1","0","2","6","15","4","0","0","1","1","0","0","0","0","0","0","0","1","0","0","0","0","0","0","0","0","0","0","0","0","0","0","0","0","0","0","0","0","1","0","0","0","1","1","0","1","1","1","1","5","4","0","0","0","0","0","0","0","0","0","0","0","0","0","1","0","0","0","0","0","1","0","0","0","0","1","0","0","0","0","0","1","0","0","0","1","0","0","0","0","0","0","0","8","1","2","0","3","0","1","0","1","1","0","0","0","0","0","0","0","0","2","0","0","0","0","0","0","0","0","2","0","0","0","0","0","0","0","0"
"s25","voters","208800","731","566","23","3","9","7","1","0","8","0","114","304","427","66","9","10","3","33","0","4","1","3","0","0","0","1","0","1","0","15","1","9","0","11","2","5","1","7","1","0","0","2","0","0","1","0","11","63","48","37","20","42","3","33","84","77","54","33","61","0","2","1","2","1","3","2","0","0","4","1","3","0","4","1","5","15","12","10","8","7","1","7","11","14","12","7","4","0","3","4","0","2","2","3","0","2","4","3","3","0","2","332","82","66","16","24","5","9","4","28","18","2","1","1","0","0","1","0","0","60","18","11","5","7","2","3","4","4","20","2","2","1","1","0","0","0","2"
"s25","voters","208820","244","210","1","2","0","2","0","0","2","0","27","99","145","27","0","4","0","8","0","2","1","1","0","0","0","2","0","0","0","9","0","1","0","4","0","0","0","1","0","0","0","2","0","0","0","2","6","11","19","20","14","13","1","10","22","31","18","15","28","0","0","0","0","0","0","0","0","0","0","0","0","0","1","0","0","1","5","2","1","2","0","2","4","1","4","2","3","0","0","1","1","1","0","0","0","0","1","0","1","1","0","120","34","19","4","11","3","1","3","15","1","0","0","0","0","0","0","0","0","14","4","4","2","0","0","2","0","1","5","0","1","0","0","0","0","0","0"
"s25","voters","208900","859","670","14","18","7","5","1","0","10","0","134","378","481","77","4","18","5","36","0","3","1","5","0","1","0","8","0","2","0","26","1","4","0","5","0","2","2","13","0","1","0","4","0","0","0","1","14","43","63","52","42","62","2","28","69","89","71","50","84","0","1","1","1","1","2","1","0","0","0","1","0","2","4","0","10","10","16","16","10","6","0","5","16","17","16","5","7","0","0","2","5","9","2","8","0","2","2","5","3","3","0","381","105","88","21","23","4","7","7","34","5","3","3","2","1","0","0","0","0","87","22","6","2","3","1","4","2","7","27","7","2","1","1","0","0","1","2"
"s25","voters","209010","2720","2233","41","34","5","10","6","0","32","0","359","1170","1550","180","6","25","7","197","1","31","7","15","1","6","1","33","0","3","1","75","5","18","0","24","1","8","1","4","0","6","0","15","0","2","0","4","46","112","186","185","150","221","16","80","156","262","245","214","356","0","3","1","2","7","9","7","0","0","0","3","2","1","6","2","15","24","53","35","28","32","0","16","29","48","28","24","25","0","6","3","5","12","11","11","1","1","5","3","6","12","11","1210","350","252","79","69","24","27","22","200","26","3","7","1","1","0","0","0","3","190","48","43","15","22","5","4","4","28","55","17","5","1","3","0","0","2","4"
"s25","voters","209310","3845","3152","75","33","10","14","12","0","63","0","486","1682","2163","197","4","21","12","292","9","41","9","22","0","5","0","71","3","11","4","124","8","40","6","40","0","11","2","21","0","7","2","27","2","3","1","11","72","167","232","208","217","390","8","93","250","322","281","289","612","0","1","1","6","8","8","30","0","0","0","2","1","5","13","3","16","32","68","58","45","44","0","12","28","61","40","28","51","0","2","4","12","14","12","21","0","6","10","10","13","11","17","1701","482","331","98","94","28","45","35","338","48","9","4","4","2","0","0","0","8","250","71","46","30","19","3","6","11","50","83","18","9","9","2","2","0","0","9"
"s25","voters","209700","1582","1278","40","21","9","5","5","0","14","0","210","691","891","207","9","33","6","83","3","11","2","13","0","1","0","13","0","0","0","44","1","5","0","10","0","2","0","8","3","3","1","16","1","2","0","5","27","72","113","89","69","137","2","48","127","143","131","112","203","0","0","4","4","0","8","9","0","1","1","2","3","1","7","1","11","27","25","25","13","23","1","8","12","25","11","13","15","0","3","3","7","6","4","6","0","1","1","9","2","5","7","721","205","129","50","34","14","16","14","95","26","5","6","2","0","0","0","0","1","130","27","16","6","5","1","2","4","19","39","9","4","0","0","0","0","0","2"
"s25","voters","209900","2593","2108","59","36","8","18","9","1","25","0","329","1158","1435","259","6","42","10","161","2","12","7","15","1","2","0","18","1","4","0","63","5","15","4","30","2","6","1","13","0","1","0","15","2","2","2","3","60","145","173","135","117","250","8","97","202","195","214","159","350","0","3","5","4","7","7","4","1","1","4","4","4","5","10","2","11","39","39","45","18","37","2","11","26","32","20","14","33","0","4","6","7","8","9","20","0","2","4","10","3","13","11","1222","341","225","59","63","19","24","26","129","46","6","3","0","2","0","0","2","0","197","33","26","18","17","8","6","1","23","75","11","3","0","1","1","3","0","3"
"s25","voters","213100","756","576","43","12","0","1","4","0","4","0","116","358","398","20","2","4","1","54","4","12","0","3","0","1","1","3","0","0","4","23","4","7","1","2","0","1","0","0","0","0","0","5","0","0","0","0","10","20","34","30","43","115","3","21","38","32","32","59","139","0","0","2","3","0","8","13","0","0","0","0","2","4","11","0","5","3","7","7","11","37","2","4","3","3","12","8","14","0","0","0","2","1","3","4","0","1","0","1","0","3","6","323","88","63","19","8","3","2","5","65","23","3","6","2","1","0","0","0","8","58","15","17","3","4","0","2","3","14","14","1","1","0","1","1","0","0","3"
"s25","voters","213500","2156","1582","160","47","3","8","6","0","8","0","342","1015","1141","79","10","17","6","137","4","21","6","18","0","3","1","24","1","3","0","137","16","43","7","51","2","10","0","9","3","5","0","9","2","1","1","0","30","58","99","102","138","264","6","43","74","129","148","164","327","0","1","3","16","14","14","45","0","2","2","5","4","15","39","2","18","18","33","38","34","53","0","10","15","27","30","27","37","0","1","3","8","2","5","16","0","3","1","7","3","7","16","925","273","146","48","47","10","9","13","111","79","18","20","10","4","2","2","1","24","181","52","44","17","9","3","4","5","27","52","9","5","2","2","0","0","1","1"
"s25","voters","213600","2949","2309","151","53","4","9","5","0","11","0","407","1408","1541","111","2","20","6","214","6","19","6","23","0","4","1","32","0","4","3","102","5","28","0","54","2","5","1","12","1","2","0","9","0","3","0","11","46","94","171","154","223","316","5","79","121","239","208","245","397","0","5","3","6","14","24","41","1","3","3","3","11","9","28","5","15","26","44","48","52","63","1","6","14","32","24","37","40","0","4","2","6","4","16","15","0","1","2","3","7","9","13","1247","378","244","77","55","32","21","21","234","73","24","13","2","6","2","6","2","23","207","62","65","18","3","3","3","6","40","55","13","7","2","0","0","2","0","3"
"s25","voters","213920","48","38","2","1","0","1","0","0","0","0","6","22","26","3","0","0","0","1","0","0","0","0","0","0","0","1","0","0","0","0","0","0","0","0","0","0","0","0","0","0","0","0","0","1","0","0","1","2","2","2","3","5","1","0","2","3","3","5","9","0","0","0","1","0","0","1","0","0","0","0","0","0","0","0","0","1","1","0","2","0","0","0","0","0","1","0","1","0","0","0","0","0","0","1","0","0","0","1","0","0","0","16","8","2","2","1","2","1","2","4","1","1","0","0","0","0","0","0","0","2","1","1","1","0","1","0","0","0","1","1","0","0","0","0","0","0","0"
"s25","voters","214300","1431","1107","82","16","0","8","3","0","6","0","209","668","763","38","5","9","3","124","4","11","0","17","0","3","0","8","0","1","1","43","3","8","0","28","0","7","1","10","0","3","0","5","0","1","0","5","26","35","70","86","80","175","4","44","54","97","117","91","223","0","3","0","3","6","4","34","1","1","0","1","3","9","17","2","11","6","17","29","28","31","3","7","2","14","23","13","23","0","0","1","3","1","5","7","1","0","1","1","6","2","5","643","183","109","23","16","13","16","3","101","40","7","2","4","2","2","0","0","25","107","40","17","12","5","4","3","4","17","20","5","3","1","0","0","2","0","2"
"s25","voters","214600","2426","1993","59","27","4","12","8","0","20","0","303","1098","1328","86","3","20","4","197","5","23","2","20","0","1","0","21","4","1","0","72","0","20","0","23","1","9","1","9","3","0","0","17","0","3","0","5","42","142","164","123","128","236","3","60","194","211","164","164","357","0","0","4","7","5","6","18","0","1","0","2","3","2","11","2","8","29","39","36","28","40","2","7","22","25","16","24","25","0","3","5","6","5","8","9","1","1","8","5","3","3","14","1144","309","197","64","45","22","17","24","171","34","10","2","1","1","0","0","0","11","172","56","29","10","8","3","3","4","18","50","7","6","4","1","1","0","0","2"
"s25","voters","215110","2094","1716","18","25","13","9","4","0","31","0","278","882","1212","111","2","14","8","134","2","21","5","17","0","5","0","10","0","0","1","58","2","16","1","19","0","3","1","9","0","2","0","13","0","3","2","3","30","134","162","112","98","144","6","45","257","205","181","120","219","0","0","0","2","1","3","5","0","0","3","0","1","0","3","1","7","33","46","30","13","17","2","10","31","40","25","10","13","0","1","10","4","7","7","12","0","2","9","8","6","7","9","997","241","190","59","34","12","24","19","140","13","1","1","0","2","0","0","0","1","158","43","30","11","8","2","3","3","20","60","11","2","4","2","0","1","0","2"
"s25","voters","215400","951","761","26","15","5","2","0","0","7","0","135","415","536","41","0","5","2","70","3","9","2","4","1","1","0","8","0","2","0","31","0","7","0","7","2","3","0","8","0","2","0","5","0","1","0","2","14","65","64","48","39","69","0","31","110","90","53","72","104","0","2","1","2","3","6","4","0","0","0","3","1","2","2","1","6","17","21","11","13","11","0","3","10","16","7","6","13","0","0","3","1","3","3","6","0","0","2","3","1","3","4","468","140","55","20","14","10","5","8","41","16","1","3","1","0","0","1","0","4","84","18","11","6","7","0","1","3","5","21","4","1","1","1","0","0","0","1"
"s25","voters","215500","2692","2205","87","21","9","9","10","0","23","0","328","1210","1482","113","6","24","1","191","5","28","4","18","0","3","1","30","1","6","2","74","2","20","1","34","1","8","0","8","0","3","0","16","0","1","1","7","32","148","175","134","149","286","1","58","198","217","179","187","434","0","1","2","4","7","9","25","1","0","2","1","4","3","28","2","9","20","41","45","36","37","2","6","29","18","30","21","32","0","1","6","4","8","8","14","0","1","8","3","5","9","5","1272","356","224","59","45","15","18","23","193","47","14","5","4","1","0","0","2","14","179","47","31","20","9","2","7","2","31","42","13","3","6","1","1","0","0","6"
"s25","voters","215700","2079","1686","26","24","14","8","2","0","29","0","290","897","1182","138","0","24","4","129","0","11","3","8","1","1","0","17","0","2","0","55","3","28","3","21","1","4","1","10","2","3","0","15","0","7","0","4","26","161","187","111","86","117","4","39","244","257","140","123","187","0","0","1","0","1","2","8","0","0","3","5","1","1","4","2","8","26","48","28","24","25","2","10","36","29","29","8","15","0","3","5","6","9","2","7","0","2","9","11","9","6","8","1030","257","155","43","52","13","18","22","96","14","4","3","0","1","0","0","1","3","170","37","31","14","8","3","5","3","19","61","3","6","0","1","0","1","1","4"
"s25","voters","215800","1099","858","14","17","9","4","3","0","16","0","178","473","626","101","2","23","6","59","0","11","2","5","0","3","0","10","0","1","0","32","1","12","0","8","0","4","1","11","0","3","0","7","0","1","0","2","19","108","102","59","24","34","1","27","175","146","63","43","55","0","0","2","0","0","2","3","0","2","0","1","0","1","3","0","4","27","31","13","6","9","2","9","35","26","9","4","3","0","2","8","6","2","5","5","0","1","5","7","4","3","1","589","111","67","18","20","8","5","6","34","12","2","0","0","0","0","0","0","0","130","15","14","6","2","3","1","2","5","34","6","7","0","1","0","0","0","1"
"s25","voters","223010","2836","2300","67","33","14","11","11","0","32","0","368","1127","1709","157","5","30","9","209","3","17","8","17","3","3","1","20","1","1","0","63","7","12","8","29","0","6","2","18","0","2","0","17","1","4","3","2","31","170","168","114","119","260","4","37","294","266","147","159","529","0","0","1","3","2","4","25","0","1","0","1","1","7","22","0","5","30","49","39","21","40","1","12","38","41","18","21","53","0","4","9","6","6","5","14","0","3","15","9","12","4","14","1395","349","228","82","41","16","16","22","151","44","11","3","3","2","0","0","0","4","218","51","36","19","12","6","7","4","15","66","17","8","2","1","2","1","0","4"
"s25","voters","224000","3210","2599","106","45","3","10","10","0","18","0","419","1496","1714","101","4","8","2","270","7","41","6","14","2","1","1","24","1","3","0","113","8","37","1","50","0","12","0","25","0","1","0","23","1","4","1","8","64","82","222","202","181","358","12","83","120","273","269","240","485","0","3","2","6","10","13","34","0","2","3","3","7","7","16","6","26","27","42","70","38","59","2","13","9","32","28","25","42","0","2","2","10","9","8","12","0","2","4","8","9","7","13","1354","438","274","96","50","23","26","34","304","56","14","10","3","6","0","3","2","12","231","41","51","21","17","2","4","10","42","50","21","2","3","2","1","0","0","7"
"s25","voters","224500","1311","1044","47","21","2","2","11","0","15","0","169","534","777","85","3","12","5","71","0","7","0","4","1","2","2","13","1","1","1","55","12","24","7","15","0","1","0","7","0","2","0","15","1","6","0","2","15","33","91","76","62","105","1","24","72","128","131","104","200","1","1","1","3","5","7","14","0","0","0","1","0","3","11","2","3","9","19","28","11","20","1","4","6","19","13","10","24","0","0","3","4","5","8","6","1","1","8","1","7","4","3","530","186","137","39","29","9","15","14","85","29","7","7","0","0","1","0","1","2","92","27","19","3","6","3","2","2","15","32","10","4","0","1","1","0","1","2"
"s25","voters","224600","1788","1466","66","23","8","6","4","0","20","0","195","755","1033","90","5","18","2","123","2","9","7","9","1","1","2","11","0","3","1","50","5","16","0","21","0","1","0","7","0","2","1","5","0","0","0","4","19","53","122","116","91","160","1","41","82","190","147","163","277","0","1","5","5","6","6","16","0","0","1","0","1","5","20","2","2","12","24","23","29","26","0","5","12","20","10","9","21","1","3","3","5","5","4","12","0","4","1","6","3","11","3","792","229","152","64","33","12","18","20","146","39","11","9","0","1","1","1","1","3","106","24","24","9","5","2","0","3","22","45","6","5","1","1","0","0","0","3"
"s25","voters","224800","967","769","37","13","3","4","1","0","12","0","128","397","570","83","6","6","2","58","0","6","1","6","0","1","0","3","0","0","1","25","8","18","2","4","0","1","0","7","1","2","0","9","1","0","0","4","13","32","63","67","47","75","3","23","63","112","73","62","132","0","1","1","1","2","4","7","0","1","0","2","4","2","12","0","6","6","17","19","10","7","2","4","9","19","13","6","10","0","1","2","2","3","1","6","0","1","2","4","4","4","3","422","142","70","22","14","11","17","4","67","24","7","2","1","1","0","0","0","2","70","18","16","9","2","2","0","2","9","18","8","1","1","0","2","0","0","3"
"s25","voters","225300","1302","1018","32","19","8","11","4","0","14","0","196","533","769","76","2","18","3","69","1","4","5","10","0","3","0","8","1","1","0","38","0","9","3","13","0","0","2","8","2","4","0","13","1","3","2","3","7","70","103","63","57","67","0","18","162","141","113","71","143","0","1","2","3","2","1","13","0","0","0","1","3","2","4","0","4","22","39","23","7","17","1","3","28","23","11","7","11","0","1","4","12","4","3","5","0","0","8","5","6","5","3","650","179","70","24","18","7","9","8","53","17","4","4","0","1","3","0","0","3","129","27","11","7","5","3","3","0","11","48","3","1","0","2","0","0","1","1"
"s25","voters","225710","2173","1697","51","39","13","8","11","0","34","0","320","917","1256","144","3","30","7","108","5","17","7","16","1","2","1","13","1","5","1","56","2","18","5","19","0","8","1","13","1","2","1","13","1","5","1","2","20","136","157","95","113","147","2","42","239","238","147","138","221","0","0","0","4","5","4","10","0","0","3","3","6","7","9","2","2","36","41","31","31","25","1","9","38","39","26","15","24","0","2","9","5","10","14","16","0","1","10","13","9","8","8","1015","277","170","50","29","18","15","14","109","30","6","6","0","3","3","0","0","3","200","33","26","13","9","3","2","4","30","69","15","9","3","1","0","1","0","7"
"s25","voters","225900","1935","1545","46","21","11","9","4","0","23","0","276","853","1082","107","0","25","11","120","3","12","4","16","0","2","0","26","3","4","2","47","5","13","3","15","0","4","0","9","1","4","0","15","0","1","0","4","25","120","138","104","104","148","6","35","165","199","146","125","226","0","1","0","4","6","8","12","0","0","2","0","0","3","10","1","8","25","35","25","23","32","1","6","35","35","23","11","16","1","2","5","4","8","4","6","1","0","4","13","9","6","5","914","251","145","35","37","8","20","11","124","31","3","6","0","0","1","0","0","5","163","28","25","19","11","3","6","3","18","47","7","9","0","1","0","1","1","2"
"s25","voters","244000","2121","1671","92","38","2","10","3","0","15","0","290","1017","1104","103","6","12","2","142","7","20","3","17","1","2","2","14","0","1","1","75","5","15","2","27","0","4","0","5","1","3","1","18","2","0","2","2","43","64","152","125","131","230","7","49","72","190","140","171","295","1","2","2","3","2","14","21","0","1","1","3","5","8","29","0","7","17","57","32","37","40","1","11","13","20","19","18","18","1","2","4","0","8","11","9","0","2","1","2","7","11","10","908","276","179","60","36","12","23","20","157","43","14","9","3","2","1","2","1","17","169","41","28","13","9","4","3","2","21","42","13","4","3","1","0","0","0","5"
"s25","voters","244300","3692","2874","167","65","8","12","19","0","23","0","524","1731","1961","127","8","23","8","254","14","40","4","24","1","5","1","46","2","9","1","123","8","25","8","42","0","5","1","19","0","1","0","27","1","7","0","2","59","100","220","199","233","456","9","66","139","281","263","284","563","0","2","2","11","12","21","46","0","2","3","5","12","13","38","4","18","33","53","55","57","84","2","19","14","49","32","55","49","1","4","4","11","11","15","18","0","4","6","6","10","15","22","1576","477","331","79","65","17","29","28","272","78","22","18","6","7","1","3","1","31","288","76","46","33","11","4","6","7","53","76","26","13","1","3","1","0","2","5"
"s25","voters","245000","1926","1583","60","29","6","4","6","0","16","0","222","874","1052","91","1","12","0","158","2","20","3","7","0","1","0","22","1","2","0","42","4","12","0","12","0","6","0","8","3","3","0","13","1","4","0","6","34","48","111","124","124","227","6","39","77","147","175","153","312","0","0","2","1","7","9","17","0","1","1","2","2","3","15","2","9","9","22","27","32","30","0","7","5","23","17","19","20","0","3","5","4","3","7","11","0","3","2","4","5","4","10","822","241","180","55","36","20","28","17","184","26","9","3","3","0","1","1","2","15","102","28","32","7","10","5","6","3","29","46","5","2","3","2","0","1","0","2"
"s25","voters","245300","1474","1107","101","37","1","11","6","0","8","0","203","693","781","45","3","7","3","127","9","10","5","5","1","3","1","20","1","3","0","46","2","12","1","11","0","2","0","3","1","1","1","12","1","2","0","6","28","26","60","97","85","180","3","40","42","84","118","128","210","2","2","1","3","6","15","29","0","0","0","3","10","8","22","2","11","8","21","19","22","32","3","7","7","12","17","17","25","0","1","0","7","7","11","12","0","2","1","3","4","4","11","608","163","137","37","30","10","9","12","101","51","19","12","1","1","0","2","2","13","113","27","20","10","4","3","3","5","18","42","10","7","2","0","0","0","0","2"
"s25","voters","260100","2374","1779","118","36","6","9","6","0","22","0","398","1036","1338","177","10","27","9","98","4","10","5","24","0","10","1","30","3","7","0","164","24","78","6","27","0","9","2","18","3","5","1","21","1","0","2","4","75","136","109","131","103","182","5","130","184","152","149","135","284","0","2","7","4","8","11","28","0","0","6","4","8","10","30","0","9","34","39","36","30","53","1","24","42","33","26","26","45","1","1","5","5","8","8","7","0","5","10","4","6","6","13","1088","275","177","40","36","16","20","16","111","66","24","10","4","0","0","1","1","12","264","52","31","22","5","1","6","0","17","49","20","4","2","1","2","0","0","1"
"s25","voters","261300","2640","2050","115","41","5","7","2","0","25","0","395","1191","1449","142","9","28","5","146","0","16","4","25","1","4","0","49","1","6","0","129","18","64","5","29","2","8","1","17","4","2","1","28","0","6","3","12","58","82","128","168","142","263","8","94","116","173","252","197","357","0","3","5","4","6","12","37","0","3","1","5","6","8","25","1","15","18","50","52","45","45","0","10","21","33","42","31","32","1","4","1","7","9","14","9","0","0","4","4","8","6","13","1075","355","236","73","53","19","24","29","186","60","14","18","4","1","1","0","2","15","207","68","37","18","15","4","6","4","36","54","10","8","1","2","0","0","1","4"
"s25","voters","262000","3048","2446","94","34","13","2","6","0","40","0","413","1357","1691","138","5","23","8","246","4","34","10","19","0","4","0","64","2","8","1","122","14","53","9","41","1","11","2","20","1","2","0","15","1","2","0","11","74","101","150","179","161","339","11","94","124","195","255","263","489","0","2","2","5","6","5","30","0","0","2","5","4","9","24","4","21","22","45","60","46","47","4","10","18","30","45","25","36","1","4","3","6","8","9","16","0","3","3","8","5","15","14","1264","386","267","91","57","27","37","35","282","52","16","6","0","2","0","2","0","16","220","71","43","17","10","6","2","5","39","56","17","3","5","3","1","0","1","9"
"s25","voters","280100","3214","2410","216","58","3","5","9","0","18","0","495","1527","1687","85","3","12","2","261","17","39","2","22","2","7","1","21","2","4","1","186","16","77","4","43","1","9","0","24","2","5","0","21","0","2","1","11","73","67","160","195","213","343","18","98","102","209","235","248","438","1","6","4","12","15","27","50","1","2","4","11","7","24","52","1","26","17","56","68","54","75","2","14","16","39","48","32","47","0","8","5","1","9","12","18","0","4","4","3","7","9","13","1281","416","270","75","47","20","34","29","238","100","37","17","6","7","4","3","3","39","241","76","64","24","16","8","11","9","46","60","13","12","1","2","0","0","2","3"
"s25","voters","280700","2918","1971","359","58","4","14","5","0","6","0","501","1385","1533","48","7","14","1","216","21","32","6","29","0","5","1","29","3","4","0","174","31","75","4","43","1","8","0","17","2","4","0","11","0","0","0","8","60","47","108","169","126","303","13","84","63","168","229","192","401","1","16","8","11","25","53","90","0","5","1","10","24","27","88","5","29","15","50","62","58","95","5","12","9","28","43","36","54","0","2","4","2","6","12","20","1","7","3","9","6","5","10","1073","292","245","58","47","27","20","33","176","192","42","41","5","7","4","3","9","56","270","68","62","35","9","10","7","3","37","58","13","7","1","1","2","2","1","2"
"s25","voters","300110","1451","890","199","34","5","4","9","0","11","0","299","684","767","69","10","18","4","37","3","4","4","22","7","7","2","34","4","7","1","179","82","102","10","19","0","7","1","18","13","10","1","35","4","13","4","6","32","34","56","77","70","101","3","44","42","89","108","102","126","1","6","3","12","15","32","45","0","4","3","11","10","20","37","0","17","18","29","30","33","35","4","3","10","28","22","43","27","0","3","3","8","3","7","8","1","3","5","5","3","7","7","481","170","111","29","19","4","6","4","66","114","28","19","8","2","3","2","5","18","149","55","27","17","3","4","4","6","34","44","8","8","2","1","0","0","0","0"
"s25","voters","300130","1806","1160","248","42","5","8","7","0","11","0","325","821","985","115","20","25","7","42","9","7","3","23","7","11","1","28","1","6","1","173","44","96","8","14","0","6","0","33","13","12","2","37","6","5","3","8","39","49","80","87","57","151","7","53","53","124","119","100","233","0","1","6","11","24","27","66","1","2","5","11","20","18","56","4","12","13","34","31","35","39","4","7","15","32","32","29","38","1","4","4","6","12","9","11","0","4","0","5","5","4","8","629","193","125","42","34","11","13","12","101","133","36","30","4","2","2","2","2","37","175","46","38","14","12","5","8","3","24","40","18","9","1","2","0","0","0","3"
"s25","voters","300150","3036","1980","387","73","2","7","10","1","7","0","569","1381","1655","116","19","26","6","105","12","20","6","43","5","12","0","60","1","10","3","364","93","175","18","48","2","13","3","20","3","11","2","22","8","8","1","6","47","62","97","100","146","345","8","66","83","168","169","190","493","0","4","6","21","30","35","112","0","1","7","7","22","31","111","6","21","25","33","64","56","108","2","14","18","27","53","60","82","0","4","2","6","6","15","24","0","2","2","5","7","11","16","1024","369","225","72","39","14","25","16","196","182","54","41","12","10","2","9","5","72","285","88","76","37","17","1","7","8","50","69","15","8","1","3","1","0","0","3"
"s25","voters","300300","2924","2031","275","90","11","7","14","0","25","0","471","1310","1614","176","22","40","19","120","11","21","6","15","2","5","1","15","1","9","1","124","18","78","7","21","2","6","1","40","14","11","1","32","7","6","1","9","62","70","150","163","150","213","14","62","101","222","260","229","326","2","8","8","10","23","28","70","0","2","2","10","16","26","70","7","20","24","52","63","52","48","4","12","17","40","46","31","55","0","6","12","13","12","14","21","0","3","7","12","11","12","24","1099","336","251","60","39","14","26","19","187","147","34","40","7","5","0","0","1","41","249","79","48","16","15","6","7","10","41","92","22","19","2","2","1","3","0","6"
"s25","voters","301900","3211","2256","249","67","12","12","20","0","29","0","566","1395","1816","226","16","59","12","111","11","27","5","27","3","8","0","20","3","6","0","118","25","74","3","20","4","11","0","31","14","20","2","46","12","17","5","6","50","107","196","176","142","232","10","69","156","284","259","207","362","0","3","11","15","16","22","58","0","2","11","10","11","19","71","4","24","30","54","61","48","73","1","19","27","47","69","57","52","1","5","8","14","13","15","11","0","3","11","11","13","17","18","1316","360","234","74","47","15","34","23","153","133","38","37","1","4","1","3","2","30","298","76","74","25","22","3","11","6","51","98","16","14","1","3","1","2","1","4"
"s25","voters","302200","3504","2522","321","61","3","18","21","0","26","0","532","1631","1873","236","29","32","16","125","11","23","3","15","0","5","1","32","2","5","0","130","18","66","2","26","4","10","1","27","8","11","2","42","7","8","3","17","78","76","191","216","187","285","16","93","121","269","324","277","372","0","3","7","17","31","50","86","0","1","4","13","10","23","76","5","27","17","82","66","55","71","5","15","17","39","42","36","55","1","5","4","6","15","21","12","0","3","7","11","13","10","21","1349","404","306","80","62","25","26","27","243","153","47","35","8","10","2","5","6","55","263","64","77","34","13","7","7","3","64","71","20","16","6","6","1","3","1","5"
"s25","voters","302700","2504","1761","214","55","6","11","15","0","25","0","417","1079","1425","231","33","53","12","90","6","13","5","10","7","6","0","14","0","5","0","59","12","41","5","23","0","9","1","34","15","10","4","52","16","12","1","2","37","103","148","107","125","175","5","59","160","189","213","173","265","0","1","10","19","13","24","49","0","1","7","9","18","19","44","2","12","38","35","45","36","45","2","18","31","33","43","36","41","0","2","7","13","10","11","10","1","7","8","12","10","9","12","1015","306","179","61","46","11","25","22","96","133","28","23","1","7","1","3","4","14","221","53","44","30","18","7","6","5","33","84","11","8","3","0","0","1","0","5"
"s25","voters","303800","2900","2049","242","61","11","14","20","0","35","0","468","1282","1618","251","26","61","22","103","12","20","6","10","0","2","0","24","1","0","2","107","21","50","9","15","3","2","2","33","11","22","1","83","4","16","3","9","46","96","171","172","147","188","11","74","136","274","241","211","273","1","2","8","16","23","36","43","1","2","5","12","19","26","48","4","11","32","59","57","39","46","3","12","38","57","32","37","41","0","5","10","12","17","17","15","0","6","12","8","13","15","11","1159","304","251","68","56","15","27","23","146","131","25","30","10","7","1","3","2","33","254","51","65","32","13","9","5","4","35","91","15","22","5","1","0","0","0","7"
"s25","voters","304800","3399","2387","259","64","9","18","20","0","21","0","621","1471","1928","245","21","58","14","107","4","18","2","26","5","9","1","32","0","8","2","187","29","93","3","35","3","21","0","69","10","28","3","61","19","17","6","3","48","125","209","181","143","223","13","62","203","295","258","207","417","0","6","11","18","23","24","53","0","6","7","14","16","27","54","5","24","41","74","55","57","80","3","18","30","70","51","41","72","0","1","12","13","16","14","12","0","7","9","9","9","13","17","1502","343","244","76","47","13","22","21","119","171","33","19","5","6","2","0","3","20","387","85","57","22","23","4","3","10","30","90","22","13","2","1","0","0","0","4"
"s25","voters","305110","2444","1682","198","60","8","7","11","0","16","0","462","1079","1365","208","26","40","16","66","4","16","3","24","0","7","0","16","0","4","1","114","21","65","3","16","2","10","1","33","9","12","4","37","6","21","1","2","44","99","151","125","119","138","8","62","134","222","210","155","213","0","6","11","10","21","24","43","1","2","3","14","16","22","25","8","18","23","59","59","35","45","4","17","19","42","39","40","54","0","0","6","5","13","10","5","2","5","12","9","11","12","12","1028","289","148","59","37","11","18","22","70","127","26","14","5","4","1","5","0","16","264","49","56","22","6","10","4","10","41","77","9","6","1","3","1","0","1","4"
"s25","voters","305500","2244","1597","172","46","12","9","13","0","16","0","379","977","1267","218","38","52","14","38","2","13","1","6","4","0","0","11","0","0","1","56","16","55","7","10","2","3","4","27","8","14","0","67","12","11","2","6","38","90","147","88","123","140","11","52","138","204","160","186","214","0","6","10","5","12","18","43","0","3","1","17","12","21","24","1","14","25","40","44","37","38","6","11","30","33","33","34","33","0","1","8","10","15","12","6","0","6","12","5","8","7","6","901","276","187","55","34","14","15","16","99","112","22","20","1","1","0","3","3","10","225","48","30","24","11","3","6","4","28","57","22","7","3","3","0","1","1","2"
"s25","voters","305700","2950","2046","286","73","7","19","17","0","22","0","480","1261","1689","200","33","25","13","123","8","19","6","3","1","3","1","21","2","0","4","134","25","73","8","27","0","4","0","22","4","12","2","43","13","15","4","4","40","97","151","136","148","225","5","67","118","204","245","226","380","0","4","8","13","14","31","84","0","2","4","12","16","26","72","0","26","25","47","48","42","53","2","22","25","30","48","37","75","0","3","8","9","17","13","15","0","2","11","8","18","14","20","1160","350","195","70","53","14","23","24","157","135","41","43","11","5","4","5","3","39","263","69","56","24","16","6","7","5","34","91","23","11","3","3","1","0","1","5"
"s25","voters","310000","2685","2096","41","47","24","9","6","0","48","1","413","1134","1551","171","3","38","8","109","2","21","7","17","0","5","1","13","0","5","1","83","1","19","2","27","1","4","4","19","3","5","1","24","1","5","1","2","29","181","228","136","120","144","5","54","295","274","183","159","286","0","1","3","3","6","1","7","0","0","0","6","3","4","7","3","8","47","65","41","32","14","0","12","43","68","43","18","19","0","1","14","13","13","12","10","0","5","16","17","7","13","14","1250","346","234","66","52","6","24","19","99","24","5","8","1","1","0","1","0","1","257","54","36","21","9","4","2","4","26","90","21","16","1","1","0","0","1","5"
"s25","voters","310120","16","12","0","1","0","0","0","0","0","0","3","5","11","0","0","0","0","0","0","0","0","0","0","0","0","0","0","0","0","0","0","0","0","1","0","0","0","0","0","0","0","0","0","0","0","1","0","0","0","0","0","2","0","0","1","1","2","1","4","0","0","0","0","0","0","0","0","0","0","0","0","0","0","0","0","0","0","0","0","1","0","0","0","0","1","1","0","0","0","0","0","0","1","0","0","0","0","0","0","0","0","7","2","0","1","0","0","0","0","2","0","0","0","0","0","0","0","0","0","1","1","0","0","1","0","0","0","0","0","1","0","0","0","0","0","0","0"
"s25","voters","310600","2560","2092","44","27","14","12","6","0","44","0","321","1046","1514","150","5","27","10","150","1","22","11","6","0","2","1","19","1","1","1","43","5","17","1","29","2","6","0","11","3","3","0","14","0","2","0","2","24","160","206","136","121","147","5","60","280","301","231","173","246","0","1","6","7","4","2","7","0","0","2","3","1","5","6","0","7","37","60","42","19","14","4","10","31","44","31","11","11","1","4","5","6","10","10","8","2","5","10","15","10","4","13","1170","373","227","65","53","17","22","24","141","31","4","4","2","2","0","0","0","1","188","45","27","18","6","7","8","4","18","71","7","14","4","1","1","0","1","4"
"s25","voters","311400","2526","2025","41","35","25","10","8","0","31","0","351","1084","1442","157","1","34","12","112","0","11","2","4","0","3","1","23","0","1","0","71","5","19","3","29","1","10","1","14","3","1","2","16","1","5","0","0","40","198","241","133","108","112","4","61","261","309","192","158","208","0","0","2","5","5","4","8","0","2","2","3","2","2","6","1","5","44","68","35","18","12","0","11","43","51","34","19","10","0","2","10","9","10","4","10","1","7","15","13","12","8","8","1189","356","210","70","43","16","18","17","106","33","3","3","1","0","0","0","0","1","216","45","35","16","15","3","4","1","16","71","20","9","2","2","3","0","1","1"
"s25","voters","323200","2411","1853","70","40","20","11","7","0","39","0","371","1017","1394","179","6","30","15","101","0","9","5","15","1","2","0","19","0","4","0","123","22","56","7","24","1","4","0","38","1","10","2","22","2","3","2","4","23","146","175","132","98","164","5","34","243","263","206","148","212","0","0","2","2","5","11","17","0","0","0","2","3","7","21","1","11","35","51","41","19","32","5","10","47","46","26","20","27","0","2","8","12","12","9","5","0","5","19","14","7","11","13","1120","280","213","34","37","16","27","15","111","35","8","9","2","4","0","0","0","12","220","45","38","16","10","3","8","1","30","80","16","13","1","0","1","1","0","5"
"s25","voters","325100","2450","1882","50","48","27","13","12","0","30","0","388","1052","1398","208","6","48","14","80","0","12","6","29","4","5","0","16","1","1","0","86","11","51","7","30","1","7","3","28","0","4","1","21","0","3","4","1","22","220","197","107","97","123","2","35","334","291","134","105","214","0","1","3","2","4","4","13","0","0","0","2","1","4","16","1","6","51","49","35","19","34","1","6","45","55","25","18","43","0","1","15","14","10","7","16","0","11","27","10","5","5","9","1229","290","165","44","35","20","19","10","70","33","8","4","0","2","0","0","0","3","237","46","34","18","8","6","12","7","20","112","10","4","1","0","3","0","0","0"
"s25","voters","325400","1736","1362","35","27","10","10","6","0","25","0","261","751","985","142","2","29","13","71","0","10","5","9","0","3","0","9","0","2","0","53","0","7","2","14","0","6","2","6","6","4","1","14","0","1","1","0","14","137","140","90","79","103","0","20","247","167","115","101","149","0","0","2","2","5","1","6","0","1","0","5","1","4","8","2","4","33","47","19","17","17","2","3","41","22","28","11","15","1","1","6","8","5","8","4","0","2","11","15","8","3","6","891","193","112","30","29","15","16","9","67","25","3","2","0","0","0","1","1","3","172","28","14","6","9","4","8","3","17","59","9","3","0","1","1","1","1","3"
"s25","voters","325600","1956","1587","51","26","14","6","4","0","21","0","247","813","1143","127","4","20","10","113","3","16","2","13","1","2","1","16","0","0","1","56","6","11","2","19","0","9","0","11","0","4","0","20","0","3","0","1","16","128","143","78","78","178","0","25","243","195","112","75","315","0","2","1","3","4","2","10","0","0","1","0","3","3","22","0","9","27","41","22","17","19","0","6","29","30","20","3","24","0","0","6","6","5","8","9","0","0","11","6","6","4","10","989","264","130","45","45","9","15","14","76","20","10","9","1","0","2","1","2","6","176","27","12","6","6","1","6","6","7","48","11","2","4","1","1","1","0","3"
"s25","voters","333200","1879","1388","58","43","21","14","6","0","26","0","323","888","991","131","8","29","16","72","2","12","1","18","1","4","1","8","0","1","1","62","9","60","3","15","0","8","3","21","0","3","1","17","0","3","0","1","21","166","156","70","84","134","0","29","214","179","74","74","186","0","1","6","4","2","9","12","0","0","1","4","3","5","11","1","5","52","40","26","14","25","0","7","49","30","16","11","47","0","1","15","6","18","11","8","0","2","12","13","13","6","5","974","189","93","26","30","9","18","8","41","41","9","3","0","4","0","0","0","1","222","37","29","12","2","2","6","3","10","80","13","5","2","2","2","3","1","2"
"s25","voters","333210","258","164","10","4","5","1","1","0","2","0","71","110","148","13","1","2","2","10","0","4","1","3","0","1","0","0","0","0","0","18","6","28","0","1","0","1","0","2","0","0","0","1","0","2","0","0","2","16","21","11","6","13","0","6","22","22","11","10","24","0","0","0","1","2","0","2","0","0","0","0","1","0","4","0","1","6","7","4","3","10","0","0","4","7","4","3","22","0","0","2","0","1","2","0","0","0","4","1","0","3","0","107","21","17","3","1","0","5","1","9","5","1","3","0","0","0","0","0","1","40","10","10","0","6","1","1","3","0","9","3","0","1","0","0","0","0","0"
"s25","voters","333410","1677","1141","84","46","5","4","7","0","9","0","381","784","893","93","3","26","9","54","2","8","1","11","3","5","1","21","1","2","0","167","34","124","6","11","0","4","2","17","7","1","2","16","0","4","0","1","12","111","137","68","71","96","1","24","157","189","99","58","117","0","1","4","4","9","7","20","0","0","2","6","3","5","23","2","8","36","59","30","31","43","0","3","40","35","22","26","46","0","1","9","11","2","6","5","0","2","11","9","8","3","4","776","184","77","29","17","9","7","8","34","50","17","6","2","1","0","0","1","7","247","39","36","19","11","3","3","4","19","54","12","3","0","1","0","0","0","1"
"s25","voters","333460","109","70","4","1","2","4","1","0","1","0","26","62","47","11","0","2","1","1","0","1","0","1","0","1","0","0","0","0","0","5","0","1","1","4","0","0","0","3","0","0","0","0","0","0","0","0","1","15","10","6","2","3","0","4","14","8","5","1","1","0","0","1","1","0","1","0","0","0","1","0","0","0","0","0","0","8","4","2","2","2","0","1","3","4","0","0","0","0","0","1","3","0","0","0","0","0","2","2","1","0","0","66","2","2","0","0","0","0","0","0","3","1","0","0","0","0","0","0","0","25","0","0","0","1","0","0","0","0","9","0","0","0","0","0","0","0","0"
"s25","voters","333810","641","428","39","11","6","5","2","0","8","0","142","285","356","46","2","11","6","19","1","4","0","2","1","0","1","2","0","1","0","36","10","39","2","5","1","2","0","13","7","14","0","2","0","2","0","0","12","39","42","19","18","58","1","9","63","47","24","24","72","0","1","2","3","3","4","7","0","0","0","1","2","5","11","0","4","8","12","3","12","25","1","7","12","10","6","12","30","0","1","4","2","2","0","4","0","1","6","3","4","1","4","267","63","48","11","7","2","6","5","19","24","5","6","0","0","0","1","0","3","88","19","15","3","4","5","2","0","6","22","5","2","0","1","0","1","0","1"
"s25","voters","333900","788","504","37","18","11","9","2","0","11","0","196","352","436","51","3","20","11","13","0","3","1","4","0","1","0","3","0","2","0","76","12","64","4","3","0","1","1","22","9","18","7","0","0","0","0","1","17","55","54","27","22","43","0","23","62","63","36","34","67","0","1","3","1","1","5","9","0","0","1","1","5","0","10","1","3","20","19","17","8","20","1","11","13","21","8","15","39","0","2","7","6","0","4","6","0","3","9","6","3","4","1","304","87","56","12","11","7","3","4","20","27","2","5","0","0","0","0","0","3","115","23","19","5","9","6","3","1","15","40","5","3","1","0","0","2","0","0"
"s25","voters","333910","540","388","35","17","2","2","1","0","5","0","90","241","299","41","4","14","6","13","2","2","1","1","0","0","0","6","0","0","0","24","1","8","2","6","1","3","0","8","0","2","1","11","2","2","0","0","6","46","30","32","15","28","0","12","76","64","35","17","27","0","0","4","6","2","2","9","0","1","3","1","1","2","4","0","2","9","15","11","4","6","0","2","15","13","3","2","8","0","1","3","2","1","4","3","0","0","5","1","1","4","2","309","34","17","10","5","0","1","1","11","29","4","0","0","0","1","0","0","1","74","7","5","0","2","0","0","0","2","25","1","1","0","0","0","0","0","0"
"s25","voters","334000","1183","860","35","30","17","10","6","0","10","0","215","488","695","102","4","24","9","40","0","6","2","8","0","0","0","4","0","1","0","45","5","22","2","8","0","4","1","29","7","17","0","7","0","3","0","0","17","77","70","51","45","72","3","40","133","130","73","59","90","0","2","2","2","4","4","7","0","1","0","1","2","3","7","0","11","23","33","15","6","20","1","11","28","26","15","15","11","0","0","4","6","6","6","5","0","3","17","11","9","2","4","516","141","85","22","26","11","11","5","43","23","2","5","0","2","0","0","2","1","132","30","23","9","7","3","3","1","7","57","8","6","0","1","1","0","0","0"
"s25","voters","334510","94","71","3","1","1","1","1","0","0","0","16","52","42","9","1","1","1","5","0","2","0","0","0","0","0","0","0","0","0","0","0","0","1","0","0","0","0","1","0","0","0","2","0","1","0","0","3","3","3","10","9","8","0","0","4","6","9","5","11","0","0","0","0","1","0","1","0","0","0","0","1","0","0","0","0","1","5","1","2","3","0","0","2","1","0","1","0","0","0","0","1","1","0","0","0","0","0","1","0","0","1","40","11","10","1","5","2","0","0","2","2","1","0","0","0","0","0","0","0","7","2","3","2","0","0","1","1","0","3","1","0","0","0","0","0","0","0"
"s25","voters","334610","42","29","3","1","0","1","0","0","0","0","8","22","20","6","0","3","0","1","0","0","0","0","0","0","0","0","0","0","0","1","0","1","0","0","0","0","0","0","2","0","0","1","0","0","0","0","1","3","1","4","2","2","0","2","1","5","6","1","1","0","0","0","0","1","1","0","0","0","0","1","0","0","0","0","0","1","1","0","2","2","0","1","1","0","0","0","0","0","0","0","0","0","0","1","0","1","0","0","0","0","0","24","2","1","0","1","0","1","0","0","3","0","0","0","0","0","0","0","0","8","0","0","0","0","0","0","0","0","1","1","0","0","0","0","0","0","0"
"s25","voters","334800","1037","775","44","19","9","3","8","0","13","0","166","463","574","241","15","57","11","13","1","2","1","3","0","0","1","2","0","2","1","16","3","9","2","8","0","0","3","9","2","12","3","13","0","2","0","2","19","48","56","60","57","80","2","30","75","100","60","71","115","0","4","4","5","2","1","11","0","0","2","2","3","3","7","0","7","13","15","18","17","15","0","9","19","13","15","15","10","0","3","3","7","10","1","5","0","4","3","6","3","7","0","479","114","68","33","19","4","8","7","43","29","8","2","3","0","0","0","0","2","103","18","19","7","5","2","3","3","6","35","9","5","2","0","0","0","0","1"
"s25","voters","335100","1659","1206","42","42","22","6","5","0","32","0","304","774","885","134","6","28","18","51","0","11","4","10","0","3","0","5","0","3","1","55","2","25","1","10","3","9","1","18","1","5","1","22","2","4","1","3","21","99","144","100","84","77","2","30","193","166","118","89","80","0","2","1","8","7","7","3","0","0","1","4","1","7","1","5","6","29","50","34","24","15","0","9","38","48","19","16","11","1","1","12","12","11","13","5","0","6","14","19","6","1","6","762","190","119","18","26","8","10","11","62","31","5","2","1","2","0","0","0","1","202","43","22","10","7","1","2","2","15","85","12","7","1","1","0","0","0","1"
"s25","voters","335110","114","93","3","0","0","3","0","0","0","0","15","52","62","6","1","2","0","3","1","0","0","1","0","0","0","0","0","0","0","2","0","1","0","0","0","0","0","1","0","0","0","1","0","1","0","0","3","7","8","6","9","9","0","5","7","11","5","5","18","0","0","0","1","0","0","0","0","0","0","0","0","0","2","0","0","1","2","0","3","1","0","0","2","1","2","1","2","0","0","0","0","0","0","2","0","0","0","0","0","0","1","54","17","14","1","5","1","1","0","0","3","0","0","0","0","0","0","0","0","9","1","1","2","1","0","0","1","0","1","1","0","0","0","1","0","0","0"
"s25","voters","335400","1126","837","35","24","14","7","0","0","18","0","191","461","665","84","4","20","6","30","0","4","1","4","0","1","0","1","0","0","0","14","4","14","2","16","3","0","1","15","4","4","0","9","0","2","0","0","18","56","81","49","55","67","1","34","105","100","66","81","124","0","0","2","3","4","2","6","0","1","3","2","3","5","4","0","11","20","25","12","13","11","2","8","24","26","12","15","12","0","2","3","8","5","4","4","1","6","8","7","7","4","4","474","149","116","22","25","4","8","8","31","28","4","2","0","0","0","0","0","1","109","34","17","10","11","2","3","1","4","50","6","5","1","0","0","0","0","1"
"s25","voters","335700","1331","1004","36","33","16","3","4","0","19","0","216","646","685","92","4","19","12","49","3","7","0","23","0","2","2","7","0","1","1","47","6","24","1","26","1","7","2","20","3","3","0","25","2","3","2","0","19","182","126","49","38","51","2","44","219","129","63","29","53","0","1","5","5","0","5","5","0","0","5","1","3","2","4","0","6","52","32","13","8","14","0","10","29","26","11","4","11","0","1","14","9","4","5","2","0","5","13","11","5","6","0","831","82","48","12","11","2","9","3","6","26","4","4","0","2","0","0","0","0","173","13","9","7","3","2","2","3","4","66","9","0","0","0","0","0","0","0"
"s25","voters","335710","1451","1109","35","18","16","7","4","0","23","0","239","682","769","111","8","22","7","38","1","9","1","4","1","3","0","6","0","2","0","51","2","20","3","16","0","5","1","12","1","1","1","19","1","3","1","0","20","161","112","64","65","82","2","41","203","141","96","61","61","0","0","1","4","4","7","4","0","0","2","3","2","3","5","1","6","35","42","24","12","8","0","9","40","28","17","3","14","0","1","5","10","5","6","3","1","4","16","7","4","5","1","790","150","77","27","19","4","7","8","27","25","3","4","0","1","0","0","0","2","165","29","10","6","10","4","2","2","11","53","10","3","1","0","0","0","0","1"
"s25","voters","335810","62","38","8","1","1","0","0","0","0","0","14","32","30","0","1","1","1","0","0","0","0","0","0","0","0","0","0","0","0","3","1","8","0","0","0","0","0","0","0","0","0","0","0","0","0","0","1","6","1","1","4","4","0","2","3","3","2","7","4","0","1","0","0","1","2","1","0","0","0","0","0","1","2","0","0","2","1","1","0","4","1","0","1","0","0","0","4","0","0","0","0","0","1","1","0","0","0","0","0","0","0","21","7","7","2","1","0","0","0","0","3","2","0","1","2","0","0","0","0","8","3","2","1","0","0","0","0","0","1","0","0","1","0","0","0","0","0"
"s25","voters","336200","1893","1438","58","36","21","15","2","0","25","0","298","899","994","185","4","33","17","49","0","13","4","15","0","2","0","8","0","1","1","48","8","19","4","18","1","8","0","17","0","3","2","20","0","8","1","0","22","136","206","108","95","83","3","38","177","228","115","121","106","1","0","1","8","10","6","10","0","3","2","6","2","5","4","1","12","42","56","27","15","12","1","12","31","33","20","20","16","0","3","15","18","5","6","1","1","6","14","16","10","2","2","906","226","150","40","33","7","17","17","42","46","5","5","0","1","0","0","0","1","209","30","24","16","8","1","1","3","6","74","15","7","1","0","1","0","0","1"
"s25","voters","336610","1359","987","47","37","15","11","6","0","13","0","243","527","832","75","3","11","6","31","1","7","3","5","0","3","0","2","1","0","1","50","9","53","1","14","2","1","1","23","1","3","0","10","0","2","2","1","17","73","76","34","74","81","3","33","103","117","92","103","180","0","0","5","8","3","2","8","0","1","1","2","6","3","8","1","5","20","21","18","24","20","1","10","29","30","14","15","35","0","0","12","11","4","6","3","2","7","8","12","5","8","4","573","146","126","35","26","12","10","7","52","29","6","8","0","0","0","1","0","3","127","37","35","9","9","4","6","6","10","56","9","7","4","6","0","0","0","0"
"s25","voters","336710","1358","982","35","29","21","7","2","0","17","0","265","600","758","91","5","24","9","24","0","5","4","8","0","5","1","1","0","1","0","34","3","24","3","11","0","5","1","11","5","2","2","5","1","3","1","1","15","72","112","57","62","89","4","35","129","121","78","87","120","0","2","1","4","7","3","8","0","0","1","2","1","2","4","2","13","20","40","22","14","24","1","11","38","27","17","15","21","0","2","8","10","1","6","5","1","7","11","10","3","7","5","609","151","92","25","30","10","10","8","47","26","2","3","0","2","0","0","0","2","168","46","19","10","7","3","1","2","9","57","6","7","1","1","1","0","0","3"
"s25","voters","336900","783","552","33","11","3","1","6","0","7","0","170","376","407","45","6","7","1","19","1","6","0","12","1","4","0","9","1","0","2","57","13","53","6","12","0","5","0","9","2","4","1","9","0","4","0","0","14","82","65","30","23","43","0","16","100","78","38","25","38","0","0","1","2","2","3","11","0","0","2","1","0","4","7","0","1","28","19","10","5","25","0","5","16","16","13","3","29","1","0","5","1","3","2","0","0","0","6","3","2","2","3","406","88","25","6","4","2","4","5","12","23","3","5","0","0","0","1","1","0","113","23","11","4","7","2","1","2","7","22","4","1","0","1","0","0","0","0"
"s25","voters","344000","1185","906","56","30","7","4","2","0","17","0","163","496","689","181","9","29","11","25","0","6","0","1","0","0","0","2","0","0","0","51","11","20","1","7","2","2","0","28","9","14","0","10","4","2","0","2","24","48","72","57","65","78","4","35","90","122","97","83","129","0","0","3","1","4","5","13","0","1","0","8","2","6","13","0","10","16","16","24","13","12","0","4","12","17","10","12","17","0","4","2","10","9","6","2","0","1","4","9","6","5","2","478","189","117","24","23","5","12","8","50","37","8","5","0","1","0","0","2","3","93","20","21","12","5","1","3","0","8","36","13","6","2","0","0","1","0","2"
"s25","voters","344200","1819","1424","58","26","9","7","5","0","23","0","267","748","1071","150","7","30","4","97","2","10","2","8","1","3","1","14","2","1","0","66","8","44","4","15","0","7","0","15","2","11","1","20","3","3","0","6","22","61","150","92","80","134","10","45","100","182","166","154","222","0","1","1","1","11","6","15","0","1","5","1","5","4","7","1","4","19","31","22","21","33","0","11","18","34","18","17","38","0","2","3","8","6","10","8","0","2","4","8","5","7","7","779","227","160","58","36","15","14","14","121","29","8","11","3","2","0","2","0","3","147","23","38","15","5","6","5","6","22","48","5","9","1","2","0","0","0","5"
"s25","voters","344410","596","486","20","9","2","0","0","0","14","0","65","248","348","27","1","8","1","43","2","2","2","5","0","2","0","4","0","1","1","13","5","8","2","3","0","1","0","4","0","2","0","4","0","1","0","0","7","18","40","28","33","62","1","13","28","59","53","52","92","0","0","0","0","2","4","6","0","0","0","0","0","3","5","1","2","2","7","7","10","8","2","0","0","7","6","7","6","0","1","1","4","2","1","2","0","1","1","1","3","2","6","248","86","52","12","11","4","6","8","59","11","2","1","1","0","1","0","0","4","28","12","5","4","3","1","1","2","9","15","2","3","1","2","1","0","0","1"
"s25","voters","344700","1583","1284","65","33","1","4","10","0","7","0","179","722","861","99","10","14","5","97","1","8","4","14","4","1","2","27","1","3","1","57","2","17","1","7","0","4","1","15","0","3","2","20","0","3","2","6","21","45","123","109","90","146","4","32","71","143","144","131","219","0","0","0","2","2","14","19","0","1","0","1","2","4","20","1","6","11","20","27","21","25","1","5","8","10","16","11","17","0","2","7","4","8","6","7","0","2","0","1","5","4","9","654","217","167","39","32","9","13","9","144","33","3","12","2","2","0","2","1","10","90","20","27","9","9","2","4","3","15","36","7","8","1","0","0","1","0","2"
"s25","voters","345310","517","401","18","8","4","3","2","0","4","0","77","217","300","30","3","5","5","11","0","1","0","0","0","2","0","6","0","0","0","13","1","5","0","2","0","1","0","3","0","1","0","3","0","1","0","0","10","13","36","47","17","45","0","12","25","54","36","42","64","0","1","2","2","0","3","5","0","0","1","0","1","2","1","0","2","4","8","6","5","4","0","1","6","16","10","10","5","0","1","1","1","1","2","1","1","1","2","4","4","1","1","225","70","44","10","11","1","2","3","35","10","4","2","0","0","0","0","0","2","42","10","10","5","3","0","1","1","5","15","2","2","2","0","0","0","0","0"
"s25","voters","345320","12","8","3","0","0","0","0","0","0","0","1","4","8","4","1","0","0","0","0","0","0","0","0","0","0","0","0","0","0","1","0","0","0","0","0","0","0","0","0","0","0","0","0","0","0","0","0","1","0","0","0","1","0","1","1","0","1","1","2","0","0","0","1","0","0","0","0","0","1","1","0","0","0","0","0","1","0","0","0","0","0","0","0","0","0","0","0","0","0","0","0","0","0","0","0","0","0","0","0","0","0","4","3","0","0","1","0","0","0","0","2","1","0","0","0","0","0","0","0","0","0","0","1","0","0","0","0","0","0","0","0","0","0","0","0","0","0"
"s25","voters","345500","2539","2020","74","39","16","18","6","0","26","0","340","1005","1534","185","5","40","14","129","5","19","6","6","0","3","0","17","2","3","1","91","12","48","2","19","0","6","1","35","7","14","2","23","2","1","1","4","22","106","183","123","123","190","6","50","185","256","225","203","344","0","0","4","6","2","8","13","0","0","3","4","6","5","23","2","9","18","47","31","27","29","2","14","28","36","48","26","23","1","0","9","14","8","10","16","0","4","8","10","7","8","10","1136","327","256","53","50","19","22","18","139","37","10","7","4","2","1","0","0","13","193","39","35","23","9","4","7","0","30","67","10","13","0","2","2","1","2","8"
"s25","voters","345700","1605","1239","72","27","4","5","4","0","18","0","236","705","900","105","3","23","4","69","3","11","4","10","5","1","0","19","0","5","0","60","6","18","0","10","0","4","0","8","6","6","1","10","0","3","2","5","21","39","91","96","92","142","4","32","78","137","132","142","228","0","1","1","3","6","12","19","0","0","0","4","2","9","15","2","6","11","28","40","32","29","4","5","8","16","21","16","18","0","0","5","3","4","6","11","0","3","2","5","4","6","9","666","216","147","40","25","11","12","15","107","36","9","3","3","6","1","3","0","11","119","32","22","17","6","5","3","1","31","42","6","4","1","0","0","1","1","3"
"s25","voters","345710","76","46","15","5","0","1","0","0","1","0","8","34","42","7","0","0","1","5","0","1","1","1","0","0","0","0","0","0","0","0","0","1","1","0","0","0","0","0","0","0","0","0","0","0","0","0","0","1","4","8","3","4","0","0","2","6","7","4","7","0","0","0","0","0","2","4","0","0","0","1","1","2","5","0","0","0","0","2","2","1","0","0","0","1","1","1","0","0","1","0","1","0","1","0","0","0","0","1","3","0","0","18","9","8","1","1","0","1","2","6","6","1","2","0","0","0","0","2","4","5","1","0","0","0","0","0","0","2","4","1","0","0","0","0","0","0","2"
"s25","voters","345900","1578","1192","105","37","1","7","6","0","9","1","220","740","838","80","5","11","2","79","4","19","4","18","0","0","0","9","1","1","1","79","12","27","3","12","0","5","0","15","2","1","0","6","0","1","0","5","31","38","71","80","105","176","3","24","50","104","106","135","264","0","5","3","4","8","15","28","1","1","0","3","6","12","19","1","9","10","19","20","38","45","0","4","2","16","12","15","29","0","3","3","5","2","8","8","0","3","4","6","6","6","7","626","197","146","50","31","15","13","8","106","54","17","7","4","2","0","5","0","16","127","21","23","10","7","2","2","3","25","49","8","1","1","0","1","0","0","1"
"s25","voters","346000","273","180","18","4","2","1","1","0","4","0","63","111","162","35","4","7","2","3","0","2","1","1","1","2","1","1","0","0","0","10","4","15","0","2","0","0","0","6","2","8","1","3","0","1","0","1","3","14","15","13","10","13","0","4","20","16","22","20","29","0","0","1","3","1","0","3","0","0","1","1","1","2","5","1","2","3","6","5","7","5","0","5","4","8","9","3","5","0","1","0","1","1","2","0","0","0","0","4","0","0","3","90","35","27","8","5","0","0","2","13","12","3","1","0","0","0","0","0","2","33","8","12","3","2","1","1","2","1","10","0","2","0","0","0","0","0","0"
"s25","voters","346100","1180","880","62","26","9","3","4","0","9","0","187","479","701","221","14","35","10","37","1","3","2","6","1","0","0","0","0","1","0","22","9","29","3","5","0","2","0","22","9","14","3","13","0","4","0","2","19","48","69","50","61","75","5","50","84","124","96","86","111","0","0","3","9","6","8","13","0","0","1","2","6","6","8","1","10","15","13","24","14","17","0","8","13","17","21","14","20","0","1","5","4","4","3","5","0","3","3","6","7","6","4","497","137","126","22","33","6","5","8","46","37","8","6","4","1","0","1","0","5","106","28","20","8","11","2","1","2","9","32","13","1","0","1","0","0","0","4"
"s25","voters","347200","1473","1123","68","29","8","12","9","0","13","0","211","603","870","291","19","62","17","18","0","7","0","5","0","2","0","3","0","0","1","28","6","14","0","4","0","0","0","9","12","10","1","4","2","0","0","1","25","58","73","84","77","98","3","58","95","136","120","104","191","0","0","7","9","5","8","15","0","1","4","4","2","3","10","2","11","17","24","24","13","17","1","8","18","31","18","14","13","0","4","6","4","7","5","9","0","1","8","10","7","6","4","591","185","161","29","37","8","18","7","87","40","11","8","2","0","0","1","0","6","125","23","23","15","9","5","2","2","7","54","9","6","1","0","0","0","0","1"
"s25","voters","353310","1428","1024","52","31","9","7","12","1","23","0","269","601","827","136","1","34","10","52","0","3","2","6","0","1","0","9","1","2","0","66","10","36","5","12","0","2","4","41","16","19","4","13","0","3","2","3","18","77","108","68","64","73","2","47","130","153","101","75","105","0","0","2","7","7","8","9","0","0","1","2","4","4","8","1","3","23","40","18","18","19","1","17","36","44","20","13","16","0","1","4","7","7","8","8","0","3","10","17","9","5","4","613","163","110","36","25","11","9","7","50","31","8","8","1","1","0","1","0","2","172","36","25","10","9","1","5","4","7","62","11","2","4","1","0","0","1","2"
"s25","voters","353900","1799","1307","80","32","15","11","5","0","18","0","331","793","1006","162","7","36","9","46","0","6","4","13","2","4","1","6","0","2","0","103","19","66","5","13","0","1","1","60","23","28","6","21","0","4","1","5","35","96","130","90","81","102","3","47","150","196","124","104","144","0","0","8","13","9","8","9","0","0","1","5","5","7","15","1","9","27","50","35","17","32","1","9","37","33","25","23","32","0","1","7","10","7","3","8","0","5","8","14","6","7","5","758","221","149","35","42","9","14","13","66","52","12","8","3","0","1","0","0","4","192","39","38","18","12","3","1","7","21","60","14","2","1","2","0","0","0","2"
"s25","voters","354100","563","414","24","16","7","2","2","0","7","0","91","234","329","54","4","7","7","16","1","3","0","1","1","1","1","2","0","0","0","17","2","15","0","5","0","3","0","22","6","11","3","5","0","2","0","0","7","18","32","27","28","43","2","12","36","64","40","40","65","0","0","3","2","1","3","5","0","0","0","1","1","3","5","1","2","13","5","9","6","13","0","5","10","6","7","4","10","0","0","1","2","2","5","6","0","4","3","2","3","3","3","222","77","43","16","14","5","1","4","32","16","3","3","0","1","1","0","0","0","57","11","6","5","0","0","0","1","11","24","3","2","1","0","1","0","0","3"
"s25","voters","354300","553","372","53","13","2","2","2","0","6","0","103","251","302","141","7","25","8","5","0","1","0","0","0","0","0","0","0","0","0","30","7","14","0","0","0","2","0","36","22","25","1","5","0","0","0","1","5","22","24","24","25","52","2","28","33","31","40","38","47","0","0","7","5","6","6","7","0","0","1","4","4","4","9","0","4","3","18","8","10","11","1","9","10","7","11","5","6","0","0","3","3","2","1","4","1","1","1","1","5","3","0","167","69","65","13","13","7","5","2","31","29","11","7","0","2","0","0","1","3","46","13","18","5","4","4","1","0","12","13","3","6","1","0","1","0","0","1"
"s25","voters","354400","976","665","65","24","6","2","3","0","10","0","201","384","592","118","5","30","11","14","0","4","2","2","1","1","0","3","0","2","0","47","10","37","4","4","1","3","0","63","32","30","3","13","0","2","1","3","16","35","51","36","41","65","2","40","82","87","61","59","87","0","2","3","2","11","5","7","0","0","4","2","2","14","13","0","4","15","16","17","14","19","2","8","22","28","12","20","24","0","7","2","3","3","3","4","0","4","6","4","3","3","3","353","113","92","24","18","5","5","3","52","42","8","9","1","0","0","0","0","5","103","30","24","6","12","6","4","0","16","31","8","2","0","1","1","0","0","2"
"s25","voters","354700","978","674","68","11","11","4","11","0","7","0","192","440","538","229","13","67","14","14","0","0","0","4","0","2","0","2","0","1","0","25","3","18","3","7","0","0","1","20","19","24","4","5","3","7","0","2","29","42","37","43","52","77","2","41","59","82","56","62","90","1","3","2","9","4","6","15","0","3","0","4","2","5","14","1","20","11","18","16","18","12","1","19","15","20","10","9","22","0","3","5","4","5","3","2","0","3","5","4","2","3","5","352","126","86","19","33","0","9","10","39","52","8","3","1","0","0","0","0","4","108","28","24","11","7","4","2","1","7","28","6","8","0","0","0","0","0","2"
"s25","voters","354910","1415","1077","71","30","8","5","2","0","13","0","209","579","836","219","12","30","11","43","0","9","3","6","0","0","1","11","0","0","0","54","12","28","1","5","0","2","0","21","16","19","2","17","4","6","2","1","25","38","89","72","72","108","1","45","85","152","123","80","186","0","2","6","6","6","7","13","1","0","2","1","5","9","13","1","6","13","27","24","9","16","2","8","25","26","13","10","29","1","2","7","9","7","3","9","0","1","1","3","4","6","5","579","182","146","31","33","6","8","9","83","50","7","8","1","0","0","1","0","4","114","32","21","14","7","2","3","3","13","42","8","4","0","2","0","2","0","0"
"s25","voters","355100","962","715","43","16","6","2","5","1","9","0","165","391","571","202","11","44","9","25","0","1","1","3","1","1","1","2","0","0","0","34","8","15","1","7","0","0","0","19","4","12","4","11","1","2","2","3","17","33","54","49","42","71","4","35","56","99","79","54","119","0","0","2","2","3","5","9","0","1","2","3","5","3","8","0","15","14","8","8","14","19","3","14","12","18","19","7","14","0","0","3","7","3","5","5","0","2","4","3","2","4","1","347","129","113","23","31","6","8","9","49","27","4","8","0","1","0","0","1","2","94","18","25","11","3","2","4","1","7","27","6","3","0","1","0","0","1","1"
"s25","voters","356000","1773","1321","105","29","17","7","3","0","16","0","275","734","1039","440","29","78","14","24","1","6","3","10","0","2","0","4","0","0","0","51","12","31","3","3","0","1","0","34","27","21","3","9","0","1","1","2","33","73","102","73","84","125","6","87","116","189","138","99","194","0","2","3","8","11","17","22","0","2","3","4","8","9","16","1","18","21","30","25","19","32","3","13","16","26","29","16","26","0","2","5","10","2","8","6","0","4","7","10","7","7","4","689","252","165","41","41","13","13","13","94","63","14","16","1","0","0","0","2","9","151","33","34","17","10","3","1","7","19","47","8","7","2","1","0","0","1","6"
"s25","voters","356410","860","637","53","11","7","1","2","0","10","0","139","352","508","341","24","65","13","14","0","3","1","2","0","0","0","0","0","0","0","20","2","10","1","1","0","1","0","11","4","7","1","12","1","8","1","6","27","42","32","38","33","61","0","47","64","54","59","52","122","1","3","4","4","2","8","8","0","0","3","3","5","3","9","3","11","9","14","6","9","13","1","19","9","10","13","9","13","0","1","2","9","2","0","4","0","1","4","5","1","1","1","316","109","101","16","19","8","9","4","55","33","7","5","2","4","0","0","1","1","83","9","9","11","9","3","0","1","14","22","3","0","3","1","0","0","1","1"
"s25","voters","361000","266","196","7","3","5","4","0","0","2","0","49","118","148","62","1","19","6","6","0","2","0","1","0","1","0","1","0","0","0","1","0","4","0","2","0","0","0","12","2","2","2","5","0","0","0","0","4","14","23","10","14","17","1","14","24","24","20","14","17","0","0","2","0","1","0","2","0","0","0","1","1","0","0","0","4","3","3","7","6","3","0","3","6","4","4","1","5","0","1","1","1","0","2","0","0","3","1","1","1","1","2","112","34","30","3","9","0","1","0","7","3","2","2","0","0","0","0","0","0","33","4","4","1","2","1","0","1","3","11","0","2","0","0","0","0","0","1"
"s25","voters","361100","127","95","5","4","1","0","1","0","1","0","20","52","75","51","2","6","0","1","0","1","0","0","0","0","0","0","0","0","0","2","0","2","0","0","0","0","0","0","0","0","0","1","0","0","0","0","2","2","8","8","6","13","0","8","10","10","9","7","12","0","0","0","0","1","1","2","0","0","0","0","0","1","0","0","0","4","1","1","0","0","1","1","5","2","0","1","4","0","0","3","0","0","0","0","0","0","0","1","2","1","0","52","15","13","2","4","0","0","1","8","4","1","0","0","0","0","0","0","0","15","3","1","0","0","0","0","0","1","7","0","0","0","0","0","0","0","0"
"s25","voters","361130","382","266","24","17","3","0","4","0","1","0","67","135","247","72","7","16","6","0","2","0","0","1","0","0","0","0","0","0","0","11","1","11","0","1","0","0","0","9","4","3","2","5","1","0","1","0","4","17","10","11","13","30","2","12","27","24","24","31","61","0","1","2","4","1","1","5","0","1","0","2","2","1","4","1","1","2","4","2","3","9","1","1","9","7","9","7","11","1","2","5","4","2","0","0","0","1","2","3","0","3","2","132","40","42","13","11","5","2","3","18","17","5","0","0","2","0","0","0","0","33","8","9","7","4","2","0","0","4","19","3","1","1","0","1","0","0","0"
"s25","voters","361200","505","372","27","20","3","1","3","0","1","0","78","192","313","117","6","28","7","9","0","1","0","1","1","1","0","0","0","0","0","10","1","7","0","4","0","3","0","7","4","3","0","4","0","1","0","2","19","20","9","18","24","44","2","30","33","36","29","34","72","0","4","3","1","1","2","3","0","0","1","2","2","5","3","3","3","4","4","4","8","7","2","6","7","10","5","4","11","0","0","2","3","1","1","2","1","3","0","9","1","2","3","172","77","66","11","12","5","4","2","23","23","4","0","0","0","0","0","0","0","43","9","10","9","3","0","2","0","2","19","4","4","1","0","0","0","0","0"
"s25","voters","361500","1926","1459","101","44","13","9","6","0","6","0","288","760","1166","511","45","136","21","13","1","1","1","0","0","1","0","0","0","0","0","13","5","10","1","2","0","3","1","8","9","6","3","16","3","3","0","8","34","58","78","75","115","160","8","112","144","131","127","147","262","1","7","11","8","9","12","15","0","4","8","7","5","3","11","5","19","28","19","19","18","22","7","37","32","27","15","19","21","0","3","4","3","11","11","7","0","6","6","8","12","6","1","791","220","198","55","42","18","17","8","110","71","12","7","1","2","0","1","2","5","180","34","31","12","12","7","4","2","6","51","12","11","0","2","1","0","1","0"
"s25","voters","362200","739","543","47","16","6","1","1","0","10","0","115","296","443","160","14","38","11","7","1","1","0","0","0","0","0","0","0","1","0","8","5","9","0","3","0","1","0","6","1","6","1","4","1","0","1","1","16","27","36","35","31","60","2","34","52","65","34","48","102","0","1","5","4","5","3","5","0","1","5","4","5","5","4","1","6","8","14","6","7","8","0","17","12","9","14","2","11","1","3","2","4","3","1","3","0","4","4","6","0","1","2","297","81","81","29","14","4","7","6","24","36","2","8","1","0","0","0","0","0","64","21","10","5","5","2","1","3","4","15","10","6","1","1","0","0","0","1"
"s25","voters","362220","9","3","2","0","0","0","1","0","1","0","2","5","4","0","2","0","0","0","0","0","0","0","0","0","0","0","0","0","0","0","0","0","0","0","0","0","0","0","0","0","0","0","0","0","0","0","1","0","0","0","0","1","0","1","0","0","0","0","0","0","0","0","0","1","0","0","0","0","1","0","0","0","0","0","0","1","0","0","0","0","0","0","0","0","0","1","0","0","1","0","0","0","0","0","0","1","0","0","0","0","0","0","1","1","1","0","0","0","0","0","1","1","0","0","0","0","0","0","0","2","0","0","0","0","0","0","0","0","2","0","0","0","0","0","0","0","0"
"s25","voters","362500","361","275","15","9","2","4","2","1","1","0","52","138","223","93","4","23","8","1","0","0","0","0","0","0","0","0","0","0","0","0","1","1","0","1","0","0","0","0","1","2","0","3","0","1","0","0","8","15","12","13","17","30","0","26","28","22","34","23","47","0","1","1","3","3","1","2","0","1","0","1","1","0","1","0","7","6","6","5","2","2","1","9","3","5","2","1","3","1","1","0","0","1","0","1","0","5","2","3","2","1","2","141","40","31","15","9","3","4","5","27","12","3","0","0","0","0","0","0","0","34","9","1","3","0","2","1","0","2","14","2","1","0","0","0","0","0","2"
"s25","voters","362510","682","536","19","16","6","3","3","0","7","0","92","245","437","101","5","26","8","9","0","1","1","1","0","0","0","0","0","1","1","3","2","3","2","2","0","0","1","1","1","2","0","2","0","0","0","3","13","24","24","33","35","48","1","25","61","54","50","62","103","0","0","1","2","2","2","2","1","2","1","2","1","1","2","1","3","11","12","5","4","5","0","7","10","17","9","2","6","0","0","2","3","1","7","2","0","1","5","6","4","2","2","258","83","85","29","12","5","5","3","56","13","4","0","0","0","0","0","1","1","52","11","16","4","6","1","0","1","1","22","7","1","2","1","0","0","0","2"
"s25","voters","362600","2374","1950","48","54","10","7","6","0","18","0","281","932","1442","186","7","42","9","97","0","13","3","10","0","1","0","20","0","1","1","40","3","7","3","16","0","5","0","20","4","3","2","22","1","3","2","4","24","83","162","142","121","184","8","34","137","257","223","204","367","0","1","2","8","1","6","7","0","1","1","0","4","5","12","2","11","16","33","30","23","26","2","9","25","28","40","20","16","0","2","6","15","8","10","5","0","4","10","10","6","10","9","1018","327","228","85","66","17","28","24","157","28","8","6","0","0","2","0","0","4","163","30","24","24","7","7","4","8","14","60","16","7","2","2","1","2","1","4"
"s25","voters","362800","1076","887","18","24","10","0","3","0","8","0","126","415","661","94","5","14","3","28","0","2","0","3","1","0","0","6","0","0","0","20","0","5","1","4","0","3","1","4","2","1","0","7","0","0","1","0","7","38","60","73","53","91","6","21","62","106","100","97","173","0","0","0","0","2","1","3","0","0","0","1","4","1","6","2","6","6","14","14","5","13","1","6","8","15","13","7","16","0","3","2","6","7","3","6","0","0","1","2","4","4","7","456","163","112","31","24","10","4","14","73","11","4","2","0","0","0","0","1","0","69","17","19","8","3","1","2","2","5","32","8","2","0","0","0","1","0","2"
"s25","voters","363000","1059","815","44","23","11","4","6","0","9","0","147","395","664","166","14","44","14","9","0","2","1","1","0","0","0","3","0","0","0","6","2","3","0","0","0","0","1","6","7","9","1","13","3","1","2","1","13","37","35","57","55","88","2","51","65","70","71","92","178","0","6","2","2","5","6","5","1","2","2","4","5","1","3","1","6","19","11","17","5","7","2","12","15","18","10","12","12","0","1","2","3","1","6","4","1","5","7","7","11","2","3","435","139","102","32","21","4","10","15","57","36","2","3","1","0","0","0","1","1","91","21","11","12","6","2","3","0","1","31","11","6","1","1","0","1","1","1"
"s25","voters","363200","865","650","29","23","5","6","2","2","8","0","140","338","527","150","14","54","11","6","0","0","0","0","0","0","0","3","0","1","0","8","0","3","0","6","1","1","1","5","1","1","1","3","0","1","0","2","22","40","32","34","50","58","3","32","62","52","70","77","116","0","2","3","4","3","5","1","0","0","4","2","1","3","1","2","11","8","15","7","11","11","1","14","17","15","14","8","6","1","1","3","1","4","5","2","0","4","4","5","7","3","6","307","117","96","25","19","10","8","4","64","18","6","2","2","0","0","1","0","0","80","17","12","12","5","3","1","1","9","31","3","6","0","1","1","0","0","4"
"s25","voters","364020","3","3","0","0","0","0","0","0","0","0","0","1","2","2","0","0","0","0","0","0","0","0","0","0","0","0","0","0","0","0","0","0","0","0","0","0","0","0","0","0","0","0","0","0","0","0","0","0","0","1","0","0","0","0","0","0","1","0","1","0","0","0","0","0","0","0","0","0","0","0","0","0","0","0","0","0","0","0","0","0","0","0","0","0","0","0","0","0","0","0","0","0","0","0","0","0","0","0","0","0","0","1","2","0","0","0","0","0","0","0","0","0","0","0","0","0","0","0","0","0","0","0","0","0","0","0","0","0","0","0","0","0","0","0","0","0","0"
"s25","voters","364200","940","690","91","19","0","2","3","0","2","0","133","426","514","31","4","4","1","56","5","8","2","2","0","2","1","12","2","1","0","35","14","17","3","8","0","1","1","4","0","6","0","6","0","1","0","0","15","16","37","52","44","122","2","18","29","47","60","68","180","0","0","0","1","3","13","32","0","1","1","0","3","13","24","0","2","4","10","17","15","28","0","2","6","5","16","8","20","0","1","0","0","3","4","7","0","1","0","1","1","3","5","367","128","73","21","13","6","5","7","70","43","11","6","4","0","1","1","2","23","71","23","10","6","3","3","5","2","10","19","1","1","2","1","0","0","0","2"
"s25","voters","364310","1870","1396","120","49","8","7","9","0","11","0","270","784","1086","125","6","20","9","58","6","7","2","7","2","5","0","20","0","2","1","85","16","43","4","28","7","9","2","10","8","9","0","26","0","1","2","5","22","42","99","100","101","162","9","40","99","158","158","150","251","1","4","5","9","8","12","29","0","1","7","2","10","11","21","2","12","18","24","24","29","37","0","6","12","28","22","27","29","0","3","7","9","7","6","7","0","5","8","8","5","13","6","785","262","133","45","23","16","16","11","105","74","16","12","2","2","0","0","1","13","168","25","33","11","3","8","5","5","12","55","12","13","3","0","0","0","0","1"
"s25","voters","364510","646","512","36","10","1","0","3","0","1","0","83","307","339","21","2","6","0","19","2","1","0","0","0","1","0","7","1","1","0","23","5","7","2","7","1","5","2","6","1","5","1","7","1","1","0","2","10","16","31","52","34","87","0","13","17","48","37","54","111","0","0","0","1","3","7","12","0","1","0","1","1","3","7","0","7","4","6","7","8","11","0","2","6","8","12","8","4","1","1","0","2","1","4","0","0","0","2","3","0","0","1","260","72","75","15","15","7","10","7","51","18","3","9","0","0","0","0","0","6","42","9","14","7","3","1","1","1","5","9","2","1","0","2","0","0","0","1"
"s25","voters","364600","888","733","22","23","6","3","2","0","10","0","89","375","513","69","5","11","3","32","1","6","2","5","0","0","0","3","0","1","0","14","0","2","0","9","1","0","0","4","1","1","0","8","0","4","0","0","15","37","53","47","51","91","2","22","54","74","74","70","143","0","1","0","2","1","3","5","0","0","0","0","3","4","3","0","1","6","12","13","6","9","1","2","11","13","9","1","5","0","0","2","4","7","7","2","0","3","3","6","1","4","5","393","103","100","29","20","9","10","5","64","13","2","4","1","0","0","0","0","2","48","13","11","6","1","0","1","0","9","27","7","6","0","0","0","0","1","3"
"s25","voters","364800","847","685","22","20","5","1","3","0","10","0","101","322","525","90","6","17","2","16","0","1","0","1","0","0","0","1","0","0","0","6","1","3","1","3","0","1","0","3","0","0","0","5","0","2","0","2","10","27","46","42","55","66","3","29","41","85","78","82","119","0","0","0","2","4","2","2","0","0","1","4","2","1","4","1","4","6","9","7","7","7","4","10","8","14","10","7","7","0","1","4","5","4","3","6","0","1","1","5","4","2","3","360","119","95","30","12","11","9","8","41","15","0","3","0","0","0","0","0","4","54","11","16","8","1","2","3","0","6","23","6","5","2","1","1","0","1","0"
"s25","voters","365100","2175","1740","68","56","9","8","6","0","22","0","266","935","1240","151","13","22","12","54","3","10","5","4","0","4","0","13","0","0","0","23","0","11","0","13","0","4","0","15","0","1","2","17","1","2","1","2","29","68","132","107","139","225","3","39","92","203","183","165","353","0","1","6","8","7","5","11","0","0","3","3","8","5","11","0","7","21","26","41","17","31","2","11","17","31","28","9","25","0","3","4","8","15","10","12","0","3","7","8","12","11","8","865","314","196","64","56","16","18","26","185","41","8","11","0","1","0","0","3","4","132","43","31","20","8","3","5","0","24","68","12","9","4","2","0","1","0","5"
"s25","voters","365200","1053","833","44","19","10","6","5","0","9","0","127","380","673","164","18","39","13","15","1","1","1","0","1","1","0","0","0","0","0","2","3","1","2","4","0","0","0","9","2","0","0","2","0","2","0","0","14","31","42","57","55","85","1","42","63","81","103","87","172","0","1","2","6","3","6","4","0","0","1","5","12","1","3","1","2","12","15","10","5","9","0","9","18","19","10","6","11","0","1","2","5","7","3","2","1","2","5","6","6","6","3","411","150","116","35","27","10","11","13","60","24","8","7","1","0","1","0","3","0","81","16","7","11","4","4","2","0","2","33","7","3","1","1","0","2","0","2"
"s25","voters","373010","1","0","0","0","0","1","0","0","0","0","0","1","0","0","0","0","0","0","0","0","0","0","0","0","0","0","0","0","0","0","0","0","0","0","0","0","0","0","0","0","0","0","0","0","0","0","0","0","0","0","0","0","0","0","0","0","0","0","0","0","0","0","0","0","0","0","0","0","0","0","0","0","0","0","0","0","0","0","0","0","0","0","0","0","0","0","0","0","0","0","0","0","1","0","0","0","0","0","0","0","0","0","0","0","0","0","0","0","0","0","0","0","0","0","0","0","0","0","0","0","0","0","0","0","0","0","0","0","0","1","0","0","0","0","0","0","0"
"s25","voters","373100","311","230","19","6","2","1","1","0","1","0","51","126","185","74","8","19","2","2","0","0","0","0","0","0","0","0","0","0","0","4","0","4","0","2","0","0","0","5","2","5","0","2","0","0","0","0","7","19","8","12","19","22","0","18","21","16","19","25","44","0","0","1","1","2","3","2","0","2","1","2","2","1","2","1","2","2","8","5","3","4","0","5","5","4","5","4","3","0","0","0","2","1","1","1","0","1","0","0","0","3","2","107","38","39","11","5","2","4","1","23","17","2","0","0","0","0","0","0","0","29","9","5","4","1","0","2","0","1","6","2","0","2","1","0","0","0","0"
"s25","voters","380300","1853","1444","47","37","13","6","4","0","21","0","281","809","1044","160","6","43","13","71","1","6","6","14","0","3","0","22","1","2","0","56","4","24","1","31","4","17","1","10","1","2","0","26","1","4","0","0","22","143","133","85","85","123","2","49","219","171","130","92","190","0","3","5","3","6","5","9","0","0","1","2","3","5","5","0","6","30","38","32","22","24","0","14","33","28","20","17","17","0","2","8","6","10","4","5","0","3","10","12","8","3","10","969","183","130","37","24","14","13","15","59","33","7","3","0","2","0","0","1","1","180","37","22","10","8","3","4","0","17","65","8","4","2","0","0","0","1","1"
"s25","voters","380400","2230","1671","100","50","8","12","12","0","18","0","359","986","1244","166","12","31","9","104","4","25","3","28","4","7","1","26","0","1","0","110","5","37","7","24","1","6","2","16","0","6","1","34","3","6","3","0","20","144","153","92","106","160","1","40","206","193","147","137","272","1","0","11","7","5","13","24","0","0","5","3","6","9","16","0","8","28","54","39","32","33","0","8","33","34","35","27","28","0","0","7","13","14","13","9","0","3","11","11","9","3","7","1083","262","174","34","36","9","7","11","55","68","13","10","0","1","0","1","1","6","243","38","31","12","8","4","2","5","16","77","12","7","2","1","0","0","0","1"
"s25","voters","400100","507","381","42","11","2","5","1","0","2","0","63","229","278","36","5","9","2","23","1","9","0","2","0","2","0","2","0","2","0","15","2","3","0","2","0","1","0","2","0","0","0","7","3","0","0","1","6","11","35","26","28","54","2","2","13","44","45","35","79","0","3","0","2","5","3","8","0","1","1","2","4","6","7","0","0","6","7","7","7","8","0","3","2","6","9","1","7","0","1","1","1","4","2","3","1","0","0","0","3","2","3","206","60","40","9","10","5","6","6","39","18","4","5","1","3","0","1","0","10","29","6","13","2","3","2","2","0","6","13","5","0","2","0","0","0","0","1"
"s25","voters","400200","1541","1244","56","36","7","4","5","0","11","0","178","677","864","78","4","8","8","34","1","6","0","6","1","0","0","6","0","4","0","22","2","8","1","4","3","4","2","4","1","2","0","4","1","2","3","5","32","26","68","93","86","197","7","32","45","101","122","122","308","1","2","5","5","8","6","11","0","0","2","5","4","2","5","1","6","4","21","26","21","25","2","8","8","14","16","10","16","1","1","3","4","4","2","13","0","4","3","7","8","6","7","623","212","152","38","28","12","26","17","136","38","6","7","1","1","0","0","0","3","102","27","14","13","4","0","2","2","14","43","6","7","2","0","0","1","1","3"
"s25","voters","400300","1379","1113","47","32","2","5","5","0","7","0","168","607","772","75","2","14","2","40","0","3","2","4","0","0","0","4","0","3","0","24","5","14","1","9","0","1","1","5","2","0","3","19","1","4","1","1","33","30","66","85","74","169","1","29","40","92","101","116","276","0","0","4","2","3","5","11","0","0","1","3","3","4","11","0","11","4","25","16","14","23","2","5","6","14","17","17","14","1","0","2","2","7","8","11","0","1","4","4","2","3","6","595","196","118","34","23","8","18","8","113","24","7","5","1","1","1","1","1","6","106","17","14","7","6","5","0","3","10","33","6","4","1","2","2","0","1","2"
"s25","voters","401200","209","160","6","6","0","1","0","0","2","0","34","96","113","21","1","11","1","3","0","0","0","0","0","0","0","0","0","0","0","2","2","0","0","0","0","0","0","0","0","0","0","0","0","1","0","0","3","5","11","11","13","26","0","7","9","8","16","24","27","0","0","0","1","1","0","0","0","0","0","0","2","1","1","1","0","7","5","3","3","3","0","2","1","3","0","3","3","0","0","1","0","0","1","1","0","0","1","4","0","0","1","81","24","24","6","5","3","2","3","12","5","1","0","0","0","0","0","0","0","16","1","12","2","1","0","0","1","1","3","3","2","0","1","0","0","0","0"
"s25","voters","410500","2173","1670","88","53","22","2","11","1","10","0","316","845","1328","559","33","149","30","30","0","0","3","3","1","1","0","1","0","1","0","25","4","9","1","1","1","0","2","7","4","3","0","10","5","8","1","3","49","94","83","84","123","169","11","111","144","151","157","181","310","0","4","10","7","7","10","13","0","2","4","7","6","9","9","2","25","22","33","24","23","17","4","26","34","44","21","22","19","0","9","4","7","6","6","11","1","12","11","11","7","2","12","892","289","212","55","52","18","14","18","120","59","17","5","3","2","0","0","0","2","181","42","39","22","14","4","6","2","6","73","11","9","1","0","1","1","0","3"
"s25","voters","410700","1948","1564","62","50","15","3","5","1","16","1","231","765","1183","274","10","59","16","21","1","3","1","1","0","0","0","2","0","0","0","17","2","6","1","9","2","0","0","8","1","0","0","14","2","1","1","3","42","52","87","104","116","176","5","77","119","131","151","185","316","0","2","2","7","5","6","9","0","0","5","8","7","4","7","3","13","30","22","24","10","12","2","12","29","23","21","14","16","0","5","7","11","3","8","6","1","8","6","11","15","5","5","776","270","193","67","41","15","26","14","162","39","6","9","3","0","0","1","0","4","132","32","25","18","6","3","2","1","12","59","9","9","2","3","2","2","1","4"
"s25","voters","415300","730","556","32","11","8","3","3","1","2","0","114","296","434","221","16","70","12","10","0","3","0","0","0","0","0","0","0","0","0","2","2","2","1","1","0","0","0","0","2","0","0","7","0","0","0","3","20","23","25","34","50","63","3","41","48","45","44","60","97","0","1","2","4","2","3","1","0","0","1","7","1","3","7","3","11","8","11","7","6","6","2","9","13","12","9","11","6","1","2","3","4","1","0","2","0","3","3","4","2","2","1","296","97","62","18","15","4","7","6","51","20","2","4","0","2","0","0","0","4","69","16","11","9","5","0","1","0","3","17","5","0","3","1","0","0","0","2"
"s25","voters","415800","1284","998","70","23","11","4","3","0","3","0","172","488","796","349","28","82","16","8","1","1","2","0","0","0","1","1","1","0","1","9","2","7","1","2","1","2","0","10","2","1","1","7","1","1","0","3","37","54","43","43","77","84","2","74","92","93","87","124","185","0","5","10","7","4","4","12","0","0","5","5","6","5","7","2","11","23","20","10","7","11","6","15","28","11","11","11","6","0","3","7","1","2","5","3","1","4","3","4","2","6","3","480","170","158","31","36","5","23","13","82","58","1","5","1","1","1","0","1","2","94","18","23","15","7","7","1","4","3","28","5","3","2","0","0","1","1","4"
"s25","voters","420030","66","40","8","5","1","0","0","0","0","0","12","24","42","33","4","8","5","1","0","0","0","0","0","0","0","0","0","0","0","0","0","0","0","1","0","1","0","3","0","1","0","0","3","0","0","0","3","2","0","1","2","6","1","6","2","3","3","2","9","0","1","1","0","0","0","2","0","0","1","0","0","2","1","0","0","1","1","1","0","1","0","2","3","0","1","1","1","0","0","0","0","0","1","1","0","2","0","1","0","0","1","27","5","4","2","0","0","0","0","2","2","1","4","0","0","0","0","1","0","2","4","2","0","2","1","0","0","1","6","0","0","0","0","0","0","0","0"
"s25","voters","420220","11","9","0","0","0","1","0","0","0","0","1","6","5","2","0","0","0","1","0","0","0","0","0","0","0","0","0","0","0","0","0","0","0","0","0","0","0","0","0","0","0","0","0","0","0","0","0","0","1","0","2","2","0","0","0","2","0","0","2","0","0","0","0","0","0","0","0","0","0","0","0","0","0","0","0","0","0","0","0","0","0","0","0","0","1","0","0","0","0","0","0","0","0","1","0","0","0","0","0","0","0","4","0","1","2","1","0","0","0","1","0","0","0","0","0","0","0","0","0","0","0","0","0","0","0","0","1","0","1","0","0","0","0","0","0","0","0"
"s25","voters","420250","613","410","78","19","3","2","1","0","2","0","98","251","362","233","26","59","13","6","1","0","0","2","0","1","0","1","0","0","0","3","1","3","0","13","1","2","0","12","6","2","0","21","8","5","4","1","21","29","23","15","28","31","4","50","54","42","26","36","50","0","1","6","4","8","10","10","0","1","6","7","7","9","9","1","9","11","6","7","11","6","1","10","9","6","6","6","9","0","1","3","3","1","1","4","0","1","1","2","4","3","3","248","67","43","16","7","5","3","2","19","53","7","13","1","0","0","0","1","3","55","14","7","11","3","1","1","0","6","14","8","3","0","1","0","0","0","1"
"s25","voters","420300","113","66","19","2","2","1","1","0","1","0","21","51","62","16","3","2","2","1","1","1","0","0","0","0","0","0","0","0","0","2","0","0","1","1","0","0","0","2","0","2","0","5","0","2","0","0","2","5","4","1","9","7","0","1","4","5","8","7","13","0","0","0","1","2","4","2","0","0","2","1","0","4","3","0","1","3","2","3","3","0","0","2","1","3","1","1","1","0","0","1","0","0","0","1","0","1","0","1","0","3","0","38","12","3","4","1","0","1","1","6","12","4","2","1","0","0","0","0","0","16","3","1","0","1","0","0","0","0","4","2","1","0","0","0","0","0","0"
"s25","voters","420310","9","3","4","1","0","0","0","0","0","0","1","7","2","2","0","0","1","0","1","0","0","0","0","0","0","0","0","0","0","0","0","0","0","0","0","0","0","0","0","0","0","0","0","0","0","0","0","0","0","0","2","0","0","0","0","0","0","0","1","0","0","0","0","0","2","1","0","0","0","0","0","0","1","0","0","0","0","0","0","1","0","0","0","0","0","0","0","0","0","0","0","1","0","0","0","0","0","0","0","0","0","2","0","0","0","0","0","0","0","1","3","0","1","0","0","0","0","0","0","1","0","0","0","0","0","0","0","0","0","1","0","0","0","0","0","0","0"
"s25","voters","420320","1","0","1","0","0","0","0","0","0","0","0","1","0","0","0","0","0","0","0","0","0","0","0","0","0","0","0","0","0","0","0","0","0","0","0","0","0","0","0","0","0","0","0","0","0","0","0","0","0","0","0","0","0","0","0","0","0","0","0","0","0","0","0","0","0","1","0","0","0","0","0","0","0","0","0","0","0","0","0","0","0","0","0","0","0","0","0","0","0","0","0","0","0","0","0","0","0","0","0","0","0","0","0","0","0","0","0","0","0","0","0","0","1","0","0","0","0","0","0","0","0","0","0","0","0","0","0","0","0","0","0","0","0","0","0","0","0"
"s25","voters","420610","0","0","0","0","0","0","0","0","0","0","0","0","0","0","0","0","0","0","0","0","0","0","0","0","0","0","0","0","0","0","0","0","0","0","0","0","0","0","0","0","0","0","0","0","0","0","0","0","0","0","0","0","0","0","0","0","0","0","0","0","0","0","0","0","0","0","0","0","0","0","0","0","0","0","0","0","0","0","0","0","0","0","0","0","0","0","0","0","0","0","0","0","0","0","0","0","0","0","0","0","0","0","0","0","0","0","0","0","0","0","0","0","0","0","0","0","0","0","0","0","0","0","0","0","0","0","0","0","0","0","0","0","0","0","0","0","0"
"s25","voters","420800","305","219","46","1","1","1","0","0","2","0","35","125","180","149","22","20","1","0","0","0","0","0","0","0","0","0","0","1","0","4","0","1","0","1","0","0","0","2","0","2","1","14","1","4","1","0","9","14","14","13","15","25","1","16","21","15","17","19","40","0","4","0","2","3","4","7","0","3","4","2","3","7","7","0","3","2","1","2","3","3","0","2","2","5","2","4","6","0","0","0","1","0","0","0","0","0","2","1","1","0","0","125","35","19","13","6","0","5","0","16","31","4","7","1","1","0","0","0","2","19","8","1","3","1","0","0","0","3","3","2","0","0","0","0","0","0","0"
"s25","voters","420900","943","619","121","25","6","4","8","0","3","0","157","427","516","268","40","58","13","4","3","1","0","1","0","1","1","2","1","0","0","16","13","16","2","19","5","8","2","14","6","4","1","34","2","12","0","3","31","35","36","35","49","72","3","41","62","50","51","64","87","0","8","5","7","12","16","16","0","2","3","7","15","15","15","1","10","13","16","14","7","17","3","4","10","10","16","16","20","1","1","4","3","5","5","5","0","1","4","7","4","4","2","326","125","66","28","13","6","6","3","46","76","20","13","0","4","0","0","2","6","79","28","15","6","10","4","3","1","11","32","6","4","2","2","0","0","0","0"
"s25","voters","421200","716","425","107","19","6","6","10","0","6","0","137","322","394","139","25","38","17","10","1","3","1","1","0","1","0","5","2","2","0","18","4","8","2","8","8","11","0","11","12","16","1","25","8","9","0","1","10","20","22","18","40","65","0","23","36","40","32","42","76","0","1","8","7","7","13","20","0","1","5","11","8","10","16","0","9","11","13","8","11","14","0","9","11","7","13","14","17","0","4","3","4","3","9","1","0","7","2","5","2","4","3","244","75","45","12","9","3","5","3","29","55","23","16","2","3","1","0","0","7","85","12","16","7","3","2","1","1","10","28","8","5","2","2","0","0","0","2"
"s25","voters","421300","1495","980","233","39","4","6","4","0","6","1","222","661","834","451","57","104","20","5","8","1","0","2","0","0","0","2","1","0","0","21","16","10","1","49","7","15","2","32","17","11","4","55","15","17","2","3","31","58","51","38","71","129","3","69","106","71","71","106","173","2","7","4","23","23","23","49","0","2","7","10","17","23","43","0","17","23","27","20","16","23","1","11","20","15","17","17","15","1","3","4","6","1","4","4","1","4","3","9","6","7","7","532","158","124","32","27","7","11","8","81","131","28","35","5","6","1","1","7","19","119","23","31","20","9","2","4","1","13","35","13","9","1","0","0","0","0","2"
"s25","voters","421600","1564","1035","183","45","10","9","9","0","7","0","266","626","938","499","44","118","25","5","8","2","1","5","1","2","0","1","0","0","1","13","5","12","2","59","16","21","2","26","10","11","0","45","15","19","4","8","55","55","42","55","84","85","16","122","107","78","87","93","148","0","4","11","12","14","20","35","1","7","7","13","16","18","25","3","19","17","21","16","14","19","5","37","32","14","22","23","24","0","5","11","8","3","5","5","1","9","11","6","6","6","4","605","168","136","25","22","6","10","5","58","118","25","21","4","3","0","0","2","10","160","40","33","9","8","3","3","0","10","55","12","12","1","0","0","0","0","0"
"s25","voters","422000","1988","1210","323","59","7","7","10","0","9","0","363","893","1095","357","71","85","25","18","6","3","1","11","7","8","0","12","0","1","1","71","26","64","4","64","10","26","2","44","10","19","5","87","33","32","10","0","29","72","63","58","93","169","2","50","97","125","88","131","233","2","4","10","16","22","35","74","0","1","7","17","22","42","71","1","16","32","30","31","30","57","1","13","18","24","28","24","58","1","6","5","8","8","9","12","2","4","12","3","2","7","13","668","218","149","26","29","8","14","10","88","196","38","45","4","6","0","2","2","30","198","49","42","24","12","2","9","2","25","64","12","9","0","3","0","0","1","3"
"s25","voters","422300","1847","1232","246","51","12","3","9","0","6","0","288","832","1015","441","70","90","24","22","5","6","2","2","1","3","0","10","0","2","0","30","19","21","4","85","10","18","1","28","18","17","3","84","6","22","0","1","45","70","64","66","92","161","9","71","105","102","90","147","209","1","4","9","17","23","36","44","0","4","7","17","23","24","37","3","12","21","29","21","28","35","0","20","8","28","17","33","33","0","2","5","11","6","11","15","0","6","2","3","3","8","9","652","211","166","38","29","8","24","14","90","141","38","33","4","2","4","2","1","21","163","25","49","17","11","4","6","2","11","59","11","3","3","1","1","0","0","3"
"s25","voters","422600","2261","1506","288","46","10","9","8","0","14","0","380","986","1275","541","75","139","20","16","8","4","1","5","0","1","1","4","3","2","0","50","16","39","2","122","14","27","7","39","12","17","1","115","36","35","5","2","42","86","82","67","121","198","5","87","153","102","118","164","279","0","9","12","21","34","41","52","1","2","11","19","11","22","53","2","19","24","32","32","29","42","2","27","27","25","36","26","57","0","2","5","7","9","7","9","0","7","6","7","9","7","12","799","307","201","36","32","14","11","10","96","174","38","32","11","6","3","3","5","16","209","48","47","28","9","7","3","4","25","52","16","9","6","0","0","1","0","3"
"s25","voters","422920","2123","1302","320","60","5","10","7","1","13","1","404","1000","1123","404","78","88","23","16","5","4","1","10","3","4","0","12","1","5","0","81","30","54","4","128","19","67","6","59","29","24","9","153","38","36","8","4","49","83","66","104","120","146","3","68","105","102","127","125","200","0","5","15","15","30","42","60","0","4","6","16","27","41","59","1","19","29","41","30","49","43","1","21","24","36","41","34","35","1","4","10","9","7","12","6","0","7","4","9","9","8","11","756","216","156","35","26","7","13","8","85","186","48","45","14","3","2","2","1","19","223","69","40","21","13","5","4","6","23","59","17","10","1","1","1","1","0","7"
"s25","voters","423000","576","367","84","14","3","1","0","0","2","0","105","246","330","179","30","55","10","3","0","2","1","0","1","0","0","0","2","0","0","13","3","5","0","23","1","3","1","6","7","0","0","46","6","12","1","2","8","15","28","13","28","46","1","35","35","32","30","39","55","0","2","8","7","6","5","17","0","0","2","11","4","7","15","1","3","6","11","10","6","13","1","5","10","8","10","4","17","0","0","3","3","2","0","3","0","1","1","2","1","2","2","187","66","43","9","16","7","2","6","31","52","15","9","0","2","0","1","0","5","60","10","9","8","1","2","4","1","10","12","5","1","0","1","0","0","0","1"
"s25","voters","423300","421","260","72","19","2","2","2","0","1","0","63","179","242","96","21","19","9","11","2","1","0","1","0","0","0","0","0","0","0","3","3","1","0","4","2","3","1","16","4","4","2","10","6","6","0","0","11","12","10","15","22","30","1","20","22","20","21","32","44","0","1","3","5","5","10","16","0","0","1","4","2","8","17","0","2","4","3","5","2","7","0","7","4","8","2","7","12","0","4","1","1","2","4","4","0","2","2","0","2","0","4","138","44","36","7","10","0","2","1","22","47","11","6","0","1","0","1","1","5","34","14","5","3","1","0","2","1","3","19","3","2","0","1","0","0","0","1"
"s25","voters","423610","930","582","156","30","0","2","3","0","2","0","155","403","527","164","31","35","4","10","2","2","0","3","3","1","1","1","0","0","1","9","7","19","1","24","4","9","0","21","12","10","1","45","17","9","0","1","8","22","17","17","39","132","1","15","24","18","23","69","196","0","1","4","4","5","23","35","0","0","1","5","7","17","54","0","3","10","10","10","20","22","1","5","12","7","10","13","32","0","2","3","2","1","3","9","0","2","0","1","3","8","3","308","109","75","15","14","5","4","7","45","88","35","16","3","4","0","1","0","9","71","16","33","10","9","2","0","3","11","23","8","2","2","0","1","0","1","0"
"s25","voters","423710","1190","740","186","33","7","6","5","0","6","0","207","524","666","289","49","60","17","7","4","2","0","2","1","3","0","6","0","1","1","38","12","18","0","50","8","29","3","35","36","19","2","47","17","12","3","1","16","46","40","31","63","96","2","49","78","50","42","94","132","0","3","10","10","12","24","47","0","3","7","12","7","15","36","4","9","14","17","12","19","24","2","13","21","13","15","23","21","0","0","4","6","5","4","7","0","5","6","3","3","9","5","405","119","103","17","20","7","8","7","54","120","25","24","3","3","0","0","1","10","128","25","23","10","1","5","5","2","8","34","9","7","3","3","0","1","0","0"
"s25","voters","423800","15","5","7","1","0","1","0","0","0","0","1","7","8","2","0","0","0","0","0","0","0","0","0","0","0","0","0","0","0","0","0","1","0","0","1","0","0","0","0","0","0","1","0","0","0","0","0","1","0","0","0","2","0","0","0","1","0","0","1","0","0","0","0","2","0","1","0","1","0","0","1","0","2","0","0","0","0","0","0","0","0","1","0","0","0","0","0","0","0","0","0","0","1","0","0","0","0","1","0","0","0","3","0","1","0","1","0","0","0","0","2","2","0","0","0","0","0","1","2","1","0","0","0","0","0","0","0","0","0","2","0","0","0","0","0","0","0"
"s25","voters","424110","1795","1153","219","48","6","7","11","0","10","0","341","807","988","349","45","114","25","15","5","4","0","8","3","2","0","7","1","1","0","53","25","40","4","70","14","21","4","30","12","11","1","93","27","13","4","2","42","88","71","63","93","115","3","74","118","96","98","115","175","0","4","11","12","12","39","36","0","3","6","10","17","26","43","1","18","30","17","43","31","34","1","22","31","24","30","30","29","1","5","6","6","9","9","9","0","7","7","7","3","3","10","679","200","148","28","26","7","11","5","49","131","35","27","5","2","1","2","3","13","209","47","23","24","11","7","1","3","16","56","14","8","0","0","0","1","2","1"
"s25","voters","424200","50","35","9","3","0","0","0","0","0","0","3","28","22","14","3","2","2","0","0","0","0","0","0","0","0","0","0","0","0","2","0","0","0","0","0","0","0","0","0","0","0","3","0","1","0","0","2","1","5","3","1","6","1","1","1","3","4","4","3","0","0","0","1","2","2","1","0","0","0","0","2","1","0","0","0","1","0","0","0","1","0","0","0","0","1","0","0","2","0","0","0","0","0","0","0","0","0","0","0","1","0","18","9","4","1","0","0","0","0","3","6","3","0","0","0","0","0","0","0","2","0","0","1","0","0","0","0","0","2","1","0","0","0","0","0","0","0"
"s25","voters","424510","142","89","17","3","0","1","2","0","0","0","30","61","81","24","1","6","1","4","3","0","0","0","0","0","0","1","0","0","0","4","0","2","0","0","0","0","0","1","0","3","0","7","1","4","0","0","0","5","8","4","4","10","1","2","11","7","11","6","20","0","0","0","2","1","1","3","0","0","1","2","2","0","5","1","1","2","4","3","2","5","0","2","2","1","1","3","3","0","1","0","0","1","0","3","0","0","0","0","0","0","1","49","15","10","3","2","1","0","3","6","6","3","2","0","1","1","0","0","4","17","9","2","0","1","0","1","0","0","2","1","3","0","0","0","0","0","0"
"s25","voters","424600","1450","952","204","24","5","2","5","0","4","0","254","647","803","458","45","102","17","12","2","6","0","1","0","1","0","5","1","2","0","23","12","16","0","23","6","13","1","11","9","6","0","36","6","17","2","4","36","47","58","66","72","116","5","75","78","81","95","84","135","0","2","11","12","17","28","36","1","4","15","16","9","24","29","2","16","18","22","18","21","30","5","17","19","25","19","18","24","0","1","0","3","3","5","3","0","2","4","4","4","4","7","511","162","131","37","17","3","13","11","67","110","25","23","10","9","3","2","2","20","137","41","33","15","5","4","2","1","16","25","7","4","2","1","0","0","0","1"
"s25","voters","430100","151","95","17","5","0","0","1","0","1","0","32","52","99","57","9","11","1","1","0","0","0","1","0","0","0","0","0","0","0","0","0","3","0","0","0","0","0","5","1","1","0","8","1","3","0","2","4","2","2","2","10","8","3","21","13","7","5","8","8","0","0","1","3","2","1","1","0","0","2","2","1","3","1","0","1","0","2","2","2","5","0","4","1","4","0","5","6","0","0","0","0","0","1","1","0","0","0","0","2","0","3","56","24","5","3","1","1","0","2","3","10","2","3","0","0","0","0","0","2","23","1","4","0","2","0","0","0","2","3","2","2","0","0","0","0","0","0"
"s25","voters","430200","361","245","51","15","0","1","2","0","1","0","46","148","213","66","10","8","3","9","1","0","0","0","0","0","0","0","0","0","1","4","3","2","0","5","1","3","0","2","0","0","0","8","1","5","1","1","5","10","8","9","22","31","1","14","15","24","11","30","64","0","0","3","2","4","4","12","0","0","1","1","3","4","17","0","3","5","1","6","5","6","1","2","1","6","5","2","3","0","1","0","4","1","1","4","0","1","0","1","0","1","5","165","30","18","12","6","1","2","1","10","31","6","7","2","0","0","1","2","2","24","8","6","4","0","1","0","0","3","15","2","1","1","0","0","0","0","0"
"s25","voters","430300","15","7","1","0","1","0","0","0","0","0","6","9","6","1","0","0","1","0","0","0","0","0","0","0","0","0","0","0","0","0","0","0","0","0","0","0","0","0","0","0","0","1","0","0","0","0","0","1","0","1","0","2","0","0","1","1","0","0","1","0","0","0","0","0","1","0","0","0","0","0","0","0","0","0","1","2","0","0","0","1","0","0","1","0","1","0","0","0","0","0","0","0","0","0","0","0","1","0","0","0","0","3","0","2","0","1","0","0","0","1","1","0","0","0","0","0","0","0","0","2","3","1","0","0","0","0","0","0","1","0","0","0","0","0","0","0","0"
"s25","voters","430430","61","31","15","0","2","1","0","0","0","0","12","28","33","14","4","6","3","0","0","0","0","0","0","0","0","0","0","0","0","1","0","0","0","0","0","0","0","1","0","0","0","2","0","1","0","0","1","4","5","0","2","4","0","2","3","3","0","1","6","0","0","0","2","2","2","1","0","0","1","1","3","2","1","0","1","0","0","2","1","1","0","1","0","1","3","2","0","0","0","0","0","0","0","0","1","0","1","0","1","0","0","14","3","7","3","0","0","0","0","4","7","4","1","0","0","0","1","0","2","5","2","4","1","0","0","0","0","0","3","0","0","0","0","0","0","0","0"
"s25","voters","430610","343","231","42","13","0","2","1","0","0","0","54","147","196","84","14","16","5","3","0","1","1","2","0","0","0","2","0","0","0","5","3","4","0","2","0","0","0","2","0","3","0","10","1","2","1","0","9","10","5","15","19","33","2","15","21","19","19","17","47","0","0","5","5","1","5","9","0","2","2","3","2","1","7","0","2","3","7","5","2","4","0","5","6","5","3","5","7","0","1","1","1","0","3","2","0","0","2","2","0","0","4","106","48","29","16","8","2","6","1","15","30","0","5","3","0","1","0","1","2","32","8","4","3","2","0","2","1","2","8","2","3","0","1","0","1","0","1"
"s25","voters","430700","382","256","49","11","0","0","1","0","4","0","61","153","229","49","6","11","2","10","2","4","0","3","1","0","0","2","0","0","0","12","6","2","0","3","1","1","0","3","1","1","1","8","0","1","0","1","3","15","17","13","12","29","0","2","22","29","16","41","56","0","0","2","8","1","7","7","0","1","2","2","5","7","7","0","3","6","6","5","3","7","0","1","5","8","3","8","6","0","0","1","2","1","2","2","0","1","0","2","0","5","0","157","48","30","4","4","1","2","2","8","29","8","5","3","0","0","0","0","4","35","11","6","6","0","0","1","1","1","10","1","2","1","0","0","1","0","1"
"s25","voters","430800","359","254","34","16","3","2","3","0","0","0","47","157","202","68","10","14","3","12","0","1","0","2","1","0","0","1","0","0","0","7","1","1","0","3","0","2","0","6","0","1","0","3","4","0","0","0","9","23","15","16","14","21","0","13","53","20","19","21","30","0","0","2","4","1","6","6","0","0","2","3","7","2","1","1","0","10","6","5","4","4","0","0","7","2","4","2","2","0","0","1","1","2","4","2","0","1","4","4","1","1","3","175","39","19","4","4","1","2","0","10","24","7","2","0","0","1","0","0","0","33","2","5","3","0","2","0","0","2","20","2","0","0","1","0","1","0","0"
"s25","voters","430900","603","409","66","23","3","4","8","0","4","0","86","258","345","114","19","18","6","8","4","2","2","0","0","0","0","1","0","3","0","5","1","4","1","11","2","2","0","1","1","2","0","10","1","2","1","0","5","26","33","19","39","33","3","17","35","32","34","60","73","0","5","4","3","9","9","10","0","0","3","3","2","4","14","0","3","8","10","3","10","9","0","8","10","9","5","6","5","0","0","3","5","2","2","8","0","3","3","2","1","7","6","253","66","40","12","8","5","3","3","19","45","6","9","2","1","0","1","0","2","50","16","9","7","1","0","1","0","2","30","7","3","1","0","0","1","0","0"
"s25","voters","431100","699","483","67","26","6","1","6","0","3","0","107","283","416","113","14","30","8","16","0","1","0","4","0","0","0","0","1","1","0","11","7","14","1","2","1","1","0","11","2","3","0","17","4","2","2","0","12","17","36","22","39","49","1","13","45","48","52","50","99","0","2","3","5","9","5","11","0","0","5","3","3","5","16","0","6","6","11","10","5","10","1","8","7","12","8","11","12","0","0","4","3","4","6","8","0","5","1","4","4","2","1","264","79","61","19","18","5","4","3","30","43","9","3","3","2","0","0","1","6","60","15","12","8","4","0","1","1","6","29","5","3","3","0","1","0","0","1"
"s25","voters","431400","274","183","37","5","1","1","4","0","1","0","42","117","157","40","6","15","2","7","3","1","0","1","2","0","0","1","0","0","0","6","1","2","0","3","1","1","0","3","0","0","0","3","3","1","1","0","3","12","15","5","19","15","2","7","19","20","13","25","28","0","0","2","2","2","5","9","0","1","3","4","3","1","5","0","0","4","4","3","1","7","0","2","4","1","3","10","3","0","0","0","3","1","2","3","0","2","0","1","0","0","0","102","32","31","7","0","1","1","0","9","24","9","2","0","1","0","1","0","0","24","7","1","5","2","0","1","0","2","5","2","4","0","0","0","0","1","0"
"s25","voters","431500","108","71","12","7","1","0","1","0","1","0","15","46","62","15","2","0","4","1","0","0","0","2","0","2","0","0","0","0","0","2","2","2","0","0","0","1","0","1","0","1","0","5","1","0","0","0","1","6","5","1","3","10","1","2","6","8","7","10","11","0","0","0","0","2","2","3","0","0","0","1","2","1","1","0","0","1","3","2","1","2","0","0","1","1","1","2","1","0","0","3","0","0","1","0","0","0","1","0","0","2","3","45","12","7","3","0","1","0","0","3","8","2","0","0","0","0","0","0","2","8","3","0","1","0","0","0","2","1","6","2","2","0","0","0","0","0","0"
"s25","voters","432020","1460","963","141","40","6","5","6","0","7","0","292","660","800","325","43","75","17","10","3","4","1","13","0","0","0","6","0","1","0","49","12","54","6","28","7","7","0","25","3","10","3","38","4","19","6","6","31","65","79","56","77","74","4","54","100","113","96","90","118","0","1","12","19","16","18","19","0","1","5","11","13","9","17","1","11","23","40","31","26","27","2","17","13","26","24","26","25","0","0","2","8","7","6","5","1","2","11","6","5","5","6","563","162","121","35","33","4","12","7","26","88","16","19","5","3","2","1","3","4","170","47","26","21","9","5","2","1","11","46","7","5","2","3","0","0","1","0"
"s25","voters","432110","1674","1096","227","41","6","1","12","0","9","1","281","738","936","485","75","97","15","6","2","0","1","4","1","0","0","2","0","1","1","28","14","22","5","48","11","22","0","24","8","10","1","63","2","17","6","5","33","77","57","60","85","118","4","76","112","99","102","112","156","1","5","13","26","23","24","29","0","5","13","23","20","22","23","3","13","28","33","21","18","26","3","19","21","28","18","24","26","0","7","9","11","3","6","4","0","5","4","9","3","4","5","594","199","144","28","29","14","12","6","70","151","35","14","5","6","0","1","1","14","166","44","42","12","4","2","1","0","10","46","14","7","0","1","0","1","0","1"
"s25","voters","432200","633","415","82","19","3","3","2","0","4","0","105","276","357","142","14","39","11","6","1","0","0","3","2","1","0","0","0","0","0","22","16","10","1","16","5","2","0","7","1","2","1","15","8","11","1","2","17","24","27","28","34","40","1","28","43","30","40","48","53","0","3","8","5","7","12","8","0","0","2","5","8","10","14","0","6","6","8","10","8","9","1","6","9","4","14","9","15","1","0","4","2","1","5","1","1","2","4","0","2","1","7","229","79","52","7","16","3","2","5","22","58","10","8","2","1","1","0","0","2","69","17","10","5","2","0","1","0","1","21","4","4","0","0","0","0","1","1"
"s25","voters","432700","1590","1036","218","47","7","8","8","0","2","0","264","657","933","422","69","86","14","5","3","3","0","4","0","0","0","1","0","1","0","15","4","14","2","65","12","24","1","25","13","10","0","63","10","26","5","3","31","66","53","58","74","112","7","86","104","85","82","97","178","0","2","12","12","16","26","43","1","4","7","13","17","21","44","4","9","20","22","13","26","25","1","19","28","24","20","28","25","0","2","3","8","4","3","10","1","8","8","4","8","5","8","546","182","138","30","30","8","10","12","80","121","37","26","3","2","1","2","5","21","143","34","29","15","11","6","8","7","11","42","19","9","1","0","0","0","0","1"
"s25","voters","432910","1230","755","168","47","5","9","4","0","2","0","240","564","666","180","32","39","10","15","7","2","1","5","1","5","1","3","0","4","0","37","14","27","4","50","10","35","2","10","6","8","2","40","10","7","1","6","21","46","52","43","66","83","0","39","76","69","78","72","104","1","5","8","10","12","20","26","0","3","4","13","13","24","29","1","12","22","22","19","30","30","4","6","14","20","19","24","17","0","2","6","2","8","4","7","1","4","11","5","4","5","8","435","131","97","22","21","1","4","7","37","102","27","15","7","4","2","1","0","10","142","40","22","18","6","3","1","0","8","47","12","5","0","1","1","1","0","0"
"s25","voters","433100","232","149","24","14","2","2","1","1","3","0","36","99","133","48","9","9","3","2","2","0","1","0","0","0","0","0","0","0","0","1","2","5","1","3","0","2","0","2","0","0","1","1","3","0","0","1","5","11","9","4","10","16","0","4","22","12","13","17","25","0","0","2","1","1","2","5","0","0","1","1","1","3","7","0","2","4","1","1","2","7","0","1","2","5","4","4","3","0","1","3","3","4","3","1","0","1","2","1","1","1","2","103","24","7","3","4","0","0","0","8","17","1","0","0","1","0","0","0","5","24","3","3","3","1","0","0","0","2","15","4","3","0","0","0","0","0","1"
"s25","voters","433220","460","319","39","16","4","3","4","0","2","0","73","200","260","92","8","23","8","4","0","0","0","2","1","1","0","4","0","0","0","11","6","8","1","9","3","3","3","5","1","2","0","14","2","5","1","0","11","15","20","23","23","29","0","18","29","28","38","39","46","1","0","2","5","5","4","6","0","1","2","4","2","2","5","0","0","8","11","8","6","8","0","4","3","4","8","6","7","0","3","4","3","1","4","0","0","4","0","3","1","2","4","183","56","32","6","9","0","2","1","30","28","2","5","2","0","0","0","0","2","34","14","13","5","1","0","0","2","4","17","5","3","1","0","2","0","0","1"
"s25","voters","433300","706","443","111","15","2","3","2","0","3","0","127","319","387","124","23","24","6","14","4","3","3","1","0","1","0","3","0","2","0","7","7","10","0","4","1","1","0","1","0","1","0","13","6","4","1","3","10","20","37","36","26","46","2","23","34","55","45","39","67","0","2","7","14","7","12","18","0","2","5","4","8","16","16","0","4","11","18","13","9","13","2","3","7","17","11","14","5","0","0","2","5","3","3","0","0","0","1","3","3","1","4","267","70","47","10","16","3","4","1","25","61","20","16","3","1","0","0","0","10","79","12","11","8","4","0","1","2","10","15","9","1","0","0","0","0","0","0"
"s25","voters","433400","1865","1210","272","43","6","5","12","0","13","0","304","852","1013","204","24","36","18","23","5","7","1","14","1","8","1","14","2","4","1","80","29","26","6","74","15","28","10","17","17","2","2","40","10","5","0","5","40","43","49","66","101","196","3","42","94","89","113","122","247","1","10","3","10","12","24","68","0","0","6","15","18","30","75","4","13","13","17","38","42","57","0","14","9","16","21","24","36","1","2","6","3","10","9","9","0","1","6","5","6","8","13","652","186","133","33","28","12","10","8","148","152","30","28","14","4","0","2","3","39","166","52","31","14","5","3","2","4","27","49","13","8","3","0","1","0","1","4"
"s25","voters","433630","637","354","89","12","1","2","2","0","0","0","177","304","333","32","8","10","3","6","1","4","0","3","2","5","1","3","5","4","0","33","23","31","1","46","5","41","1","3","3","3","0","6","2","3","0","3","16","12","12","33","47","32","3","26","21","22","49","47","31","0","1","2","5","13","11","18","0","3","1","5","6","9","15","0","6","1","10","29","23","21","1","5","4","7","25","23","22","0","0","0","0","1","5","3","0","2","0","1","1","2","2","202","67","49","11","3","3","3","3","13","59","13","3","4","6","0","2","0","2","115","22","26","4","5","1","0","1","3","14","1","1","0","0","1","0","0","0"
"s25","voters","433700","1512","964","225","43","4","4","14","0","5","0","253","676","836","234","39","54","11","31","6","8","3","2","6","0","0","14","3","5","0","37","18","19","4","31","7","22","0","5","1","0","2","32","14","9","4","0","32","42","51","52","73","137","2","57","76","72","93","95","182","0","1","11","15","9","26","56","0","3","7","7","16","29","45","2","13","13","23","21","23","36","1","13","19","18","18","25","28","0","3","8","2","8","7","12","0","2","5","3","7","6","7","537","147","120","36","26","6","11","4","77","124","23","27","11","5","2","3","5","25","148","33","33","9","8","1","2","3","16","45","8","10","3","1","0","0","0","3"
"s25","voters","438200","8","0","5","1","0","0","0","0","0","0","2","5","3","0","0","0","0","0","0","0","0","0","0","0","0","0","0","0","0","0","3","0","0","0","0","0","0","0","0","0","0","0","0","0","0","0","0","0","0","0","0","0","0","0","0","0","0","0","0","0","0","0","0","0","0","2","0","0","0","1","0","1","1","0","0","0","1","1","0","0","0","0","0","0","0","0","0","0","0","0","1","0","0","0","0","0","0","0","0","0","0","0","0","0","0","0","0","0","0","0","2","2","0","0","0","0","0","0","1","0","1","1","0","0","0","0","0","0","0","1","0","0","0","0","0","0","0"
"s25","voters","438300","0","0","0","0","0","0","0","0","0","0","0","0","0","0","0","0","0","0","0","0","0","0","0","0","0","0","0","0","0","0","0","0","0","0","0","0","0","0","0","0","0","0","0","0","0","0","0","0","0","0","0","0","0","0","0","0","0","0","0","0","0","0","0","0","0","0","0","0","0","0","0","0","0","0","0","0","0","0","0","0","0","0","0","0","0","0","0","0","0","0","0","0","0","0","0","0","0","0","0","0","0","0","0","0","0","0","0","0","0","0","0","0","0","0","0","0","0","0","0","0","0","0","0","0","0","0","0","0","0","0","0","0","0","0","0","0","0"
"s25","voters","438500","3","0","2","0","0","0","0","0","0","0","1","2","1","0","1","0","0","0","0","0","0","0","0","0","0","0","0","0","0","0","0","0","0","0","1","1","0","0","0","0","0","0","0","0","0","0","0","0","0","0","0","0","0","0","0","0","0","0","0","0","0","0","1","0","0","1","0","0","0","0","0","0","0","0","0","0","0","0","0","0","0","0","0","0","0","0","1","0","0","0","0","0","0","0","0","0","0","0","0","0","0","0","0","0","0","0","0","0","0","0","1","0","0","0","0","0","0","0","1","1","0","0","0","0","0","0","0","0","0","0","0","0","0","0","0","0","0"
"s25","voters","440200","1217","741","221","45","3","7","5","0","2","0","193","553","664","282","50","44","16","10","3","1","2","4","0","0","0","7","0","3","1","48","18","51","3","12","1","7","0","23","11","10","2","23","11","4","0","3","26","40","50","39","58","93","2","34","61","59","48","97","131","0","5","11","16","16","26","43","0","4","10","14","17","16","43","0","9","14","21","16","11","23","2","16","14","19","11","16","21","0","3","3","7","3","9","8","0","1","3","5","5","7","8","391","119","91","25","17","5","6","6","81","145","22","21","2","1","2","2","3","23","109","23","29","8","5","1","4","1","13","32","10","11","0","0","1","1","2","5"
"s25","voters","440210","72","48","8","1","0","0","1","0","0","0","14","33","39","14","1","1","1","0","0","1","0","0","0","0","0","0","0","0","0","0","0","1","0","0","0","0","0","2","0","0","0","0","1","0","0","0","0","4","4","3","4","4","0","1","3","7","3","4","11","0","0","0","1","1","1","1","0","0","0","0","0","2","2","0","1","1","1","1","1","3","0","1","0","3","0","1","1","0","0","0","1","0","1","0","0","0","0","0","0","0","0","24","9","4","0","1","0","0","1","9","3","0","2","0","0","0","0","0","3","6","1","1","2","1","0","0","0","3","1","0","1","0","0","0","0","0","0"
"s25","voters","440300","2216","1385","356","62","7","6","9","0","8","0","383","939","1277","535","83","105","23","29","8","7","3","9","1","2","1","14","4","4","1","107","19","66","5","11","2","1","1","30","9","21","2","69","17","19","3","5","41","63","83","74","104","175","3","93","117","136","106","144","241","2","6","8","20","28","51","72","1","8","8","21","24","43","64","3","15","26","29","19","33","41","4","17","30","29","44","53","40","0","0","4","8","7","12","10","1","5","8","9","8","5","15","736","251","160","44","33","4","15","16","126","197","48","56","7","5","1","2","8","32","202","61","42","22","9","3","6","2","36","51","18","10","1","5","0","0","1","6"
"s25","voters","440900","1495","896","240","44","5","9","12","0","10","0","279","656","839","328","42","81","27","16","8","3","0","4","3","5","1","7","0","3","0","38","20","57","2","5","0","1","0","15","8","12","1","39","8","14","3","1","31","44","47","68","60","111","5","43","75","85","81","100","145","0","6","8","19","14","36","42","1","3","6","11","14","30","50","0","12","22","29","23","22","23","5","17","23","30","22","24","27","0","2","5","5","10","10","6","0","4","6","4","9","8","11","462","127","118","35","19","7","17","9","102","135","32","26","5","6","2","3","1","30","176","32","28","14","8","4","3","5","9","40","15","17","0","1","0","0","0","7"
"s25","voters","441300","431","283","73","9","0","3","3","0","0","0","60","189","242","113","18","14","2","4","2","1","2","1","2","0","1","0","0","1","0","19","7","13","1","3","0","0","0","8","7","2","0","24","2","1","0","1","9","15","13","14","31","28","0","17","27","21","17","35","55","0","2","2","5","9","7","16","0","2","2","1","11","3","13","0","4","8","2","2","5","8","1","5","5","1","4","7","8","0","0","0","2","2","1","3","0","1","2","1","0","2","1","161","49","26","11","5","0","4","2","25","45","11","7","1","1","1","0","0","7","38","5","4","3","3","0","1","0","6","9","3","2","0","1","0","0","0","0"
"s25","voters","442000","278","171","43","6","0","1","2","0","1","0","54","132","146","63","4","12","2","1","0","1","0","1","0","0","0","0","0","0","0","7","1","5","0","7","0","3","0","0","1","3","0","13","5","4","2","1","6","12","5","11","16","18","0","7","19","14","23","13","26","0","0","0","3","5","7","9","0","0","2","0","3","3","11","0","2","3","5","7","6","8","0","0","1","3","3","7","9","0","1","0","0","0","3","4","0","0","0","0","1","0","1","97","28","21","7","4","0","2","0","12","18","8","7","0","2","0","0","1","7","28","4","10","3","2","0","1","1","5","5","1","1","0","0","0","0","0","3"
"s25","voters","442200","864","549","123","24","7","2","5","0","2","0","152","371","493","224","41","63","16","9","6","1","2","0","0","0","0","5","0","0","0","14","7","11","1","5","0","1","0","9","4","4","1","11","2","8","4","4","26","27","22","38","36","64","3","44","39","42","48","62","94","1","1","4","8","9","19","23","0","1","4","3","6","16","28","2","2","14","8","11","20","17","0","12","12","7","12","19","16","0","1","1","3","3","3","4","0","6","4","1","4","7","3","295","99","71","16","10","5","4","5","44","75","16","14","4","1","0","0","1","12","82","19","21","7","4","1","2","0","16","24","9","1","1","3","1","0","0","1"
"s25","voters","443000","623","426","76","14","1","1","3","0","2","0","100","274","349","201","20","37","4","2","0","0","0","0","0","0","0","1","0","0","0","10","8","13","0","4","2","0","0","3","5","4","0","12","8","7","1","2","17","26","18","31","38","39","3","29","38","37","43","54","51","0","1","1","6","5","8","17","0","2","2","8","5","8","13","2","9","5","13","9","9","6","0","9","8","4","6","10","10","0","1","0","2","4","3","2","0","2","2","2","1","1","1","226","82","56","15","9","5","5","3","25","48","13","7","2","1","1","0","2","2","66","13","12","2","1","0","1","2","3","17","2","2","0","0","0","0","0","0"
"s25","voters","443100","1857","1182","261","49","8","4","7","0","7","1","338","794","1063","428","67","98","21","17","11","3","2","2","0","1","0","7","2","1","1","68","28","86","2","11","7","3","1","37","6","12","1","59","14","19","2","10","40","68","56","76","86","131","9","78","147","101","106","116","158","0","4","21","20","25","34","33","0","3","7","12","30","29","43","3","14","23","37","17","30","34","1","25","23","32","30","33","36","1","1","3","8","5","7","7","0","4","9","7","7","8","9","656","217","153","21","30","10","16","7","72","163","39","23","4","7","1","2","5","17","201","44","40","16","11","2","3","0","21","46","15","8","1","2","0","0","0","4"
"s25","voters","443500","1523","1033","151","38","10","6","5","0","7","0","273","595","928","328","38","75","18","9","3","2","3","3","1","0","0","2","2","4","1","50","19","57","1","13","1","4","0","28","6","5","4","19","14","9","0","3","42","70","43","65","65","84","6","91","93","99","109","121","142","0","5","13","15","11","15","24","2","3","3","11","15","15","19","1","14","22","18","15","15","23","5","18","32","27","23","29","31","0","2","6","7","4","8","5","0","6","6","9","7","3","3","612","165","123","24","30","6","9","6","58","96","17","25","1","2","1","1","1","7","177","35","24","11","4","1","2","4","15","42","13","5","2","1","0","0","1","2"
"s25","voters","443700","185","108","36","5","1","0","2","0","2","0","31","86","99","20","4","5","3","4","0","1","0","0","0","0","0","3","0","0","0","2","3","1","0","2","1","0","0","4","0","1","0","0","0","0","0","0","4","8","4","7","7","11","1","4","7","15","12","8","20","0","0","2","3","3","5","10","0","0","1","2","1","3","6","0","2","1","4","3","4","4","0","0","5","3","1","2","2","0","0","0","0","2","2","0","0","0","0","0","3","1","2","62","15","14","3","3","1","1","0","9","27","4","1","1","1","0","0","1","1","21","1","2","0","2","0","0","1","4","5","2","0","2","0","0","0","0","1"
"s25","voters","443800","136","83","19","2","1","1","2","0","1","0","27","59","77","22","5","9","3","0","0","0","0","1","2","0","0","0","0","0","0","8","1","8","0","0","0","0","0","3","0","1","0","2","0","0","0","0","2","3","6","4","12","10","0","3","10","8","11","6","8","0","0","0","1","1","4","5","0","0","0","0","3","3","2","0","1","2","0","1","1","3","0","1","3","2","2","5","6","0","1","0","0","1","1","0","1","1","0","1","1","0","0","44","10","17","1","4","0","1","1","5","6","2","5","2","1","0","1","0","2","13","1","6","4","0","0","0","0","3","4","1","2","0","0","0","0","0","0"
"s25","voters","447010","2","1","0","0","0","0","0","0","0","0","1","1","1","0","0","1","0","0","0","0","0","0","0","0","0","0","0","0","0","0","0","0","0","0","0","0","0","0","0","0","0","0","0","0","0","0","0","0","0","0","0","0","0","0","0","0","0","1","0","0","0","0","0","0","0","0","0","0","0","0","0","0","0","0","0","0","0","0","1","0","0","0","0","0","0","0","0","0","0","0","0","0","0","0","0","0","0","0","0","0","0","1","0","0","0","0","0","0","0","0","0","0","0","0","0","0","0","0","0","1","0","0","0","0","0","0","0","0","0","0","0","0","0","0","0","0","0"
"s25","voters","447100","18","11","2","0","0","0","0","0","0","0","5","9","9","1","0","0","0","1","0","0","0","0","0","0","0","0","0","0","0","0","0","0","0","0","0","0","0","0","0","0","0","0","0","0","0","0","0","0","0","2","3","0","0","0","0","1","0","2","3","0","0","0","0","0","2","0","0","0","0","0","0","0","0","0","0","0","0","0","0","2","0","0","0","0","0","1","2","0","0","0","0","0","0","0","0","0","0","0","0","0","0","7","0","4","0","0","0","0","0","0","0","1","1","0","0","0","0","0","0","5","0","0","0","0","0","0","0","0","0","0","0","0","0","0","0","0","0"
"s25","voters","447200","560","358","67","14","4","4","3","0","2","0","108","253","307","70","10","20","6","11","3","0","0","0","0","0","0","2","0","4","1","13","4","25","5","0","0","0","0","9","0","3","0","6","1","3","0","2","6","19","22","18","33","49","3","11","23","38","41","28","65","0","1","3","6","3","8","10","0","1","3","1","6","6","19","0","1","5","11","12","17","10","0","1","9","12","6","9","15","0","0","3","2","4","3","5","0","2","0","3","1","3","1","204","52","41","12","6","3","4","4","32","45","6","9","1","0","0","0","0","6","63","15","8","6","2","0","3","2","9","21","1","3","0","0","1","0","0","1"
"s25","voters","447300","202","132","26","7","1","0","1","0","1","0","34","86","116","18","0","6","2","9","1","0","0","0","1","0","0","2","0","1","0","8","2","6","0","0","0","0","0","2","1","1","0","4","1","1","0","1","0","7","7","4","10","15","0","3","12","16","5","23","29","0","0","2","3","1","5","5","0","0","0","0","2","5","3","0","3","3","4","4","4","2","0","4","1","2","1","1","5","0","0","2","0","1","2","1","0","0","1","1","2","0","0","73","13","19","5","4","1","2","0","15","9","7","4","1","3","0","0","0","2","13","5","10","1","1","0","1","1","2","4","2","3","0","0","0","0","0","1"
"s25","voters","447510","25","18","3","0","0","2","0","0","0","0","2","12","13","1","0","0","2","0","0","0","0","0","0","0","0","0","1","0","0","0","0","0","0","0","0","0","0","0","1","0","0","0","0","0","0","0","0","3","0","4","1","0","0","0","2","0","5","0","3","0","0","0","1","0","0","1","0","0","1","0","0","0","0","0","0","0","0","1","0","0","0","0","1","0","0","0","0","0","0","0","0","1","0","0","0","0","0","0","1","0","0","12","1","3","1","1","0","0","0","0","2","0","1","0","0","0","0","0","0","1","1","0","0","0","0","0","0","0","2","0","0","0","0","0","0","0","0"
"s25","voters","447600","873","552","117","31","7","7","9","0","8","0","142","405","468","123","18","22","10","5","3","0","0","3","0","1","0","6","1","0","2","30","12","25","2","6","2","4","2","6","3","4","0","19","4","8","2","3","16","32","40","32","39","75","4","27","47","49","44","54","90","0","4","5","8","6","11","27","0","1","2","6","8","15","24","0","4","11","11","18","15","20","0","4","7","17","11","13","11","1","2","1","1","6","9","8","1","5","6","6","2","8","6","295","103","70","14","16","5","6","2","41","67","17","20","2","2","0","1","0","8","72","31","18","7","3","0","2","3","6","42","7","6","1","2","1","1","1","1"
"s25","voters","447700","184","111","34","5","0","1","2","0","0","0","31","79","105","30","5","7","2","5","0","1","0","0","2","0","0","0","0","0","0","5","2","3","2","5","0","1","0","1","2","1","0","1","0","0","0","0","2","7","4","8","6","10","1","7","9","17","21","7","12","0","1","2","3","4","2","6","0","1","1","6","1","1","6","1","2","2","9","0","1","4","0","3","2","0","3","2","2","0","1","1","0","2","1","0","0","2","0","1","0","0","0","56","20","14","6","3","2","0","1","9","22","4","3","1","0","0","1","0","3","17","6","3","1","0","0","1","0","3","7","1","0","0","0","0","0","0","0"
"s25","voters","447730","34","18","7","1","0","0","0","0","0","0","8","15","19","4","1","0","1","0","0","0","0","0","1","1","0","0","0","0","0","2","1","1","0","0","0","0","0","1","0","0","0","2","0","0","0","0","0","1","0","0","2","2","0","0","1","2","1","6","3","0","0","1","0","0","0","3","0","0","0","1","0","0","2","0","0","0","1","0","0","4","0","0","0","0","0","0","3","0","0","0","0","0","0","1","0","0","0","0","0","0","0","10","5","3","0","0","0","0","0","0","1","4","1","0","0","0","0","0","1","5","1","1","0","0","0","0","0","1","1","0","0","0","0","0","0","0","0"
"s25","voters","450200","834","504","131","24","5","2","6","0","4","0","158","365","469","138","22","35","11","3","5","2","1","2","0","1","0","8","0","1","0","53","20","43","4","10","0","4","0","17","8","3","3","8","10","8","0","2","16","26","23","31","39","64","2","30","35","41","44","58","93","0","2","5","5","11","16","26","1","1","4","4","8","16","32","3","6","17","10","11","10","19","2","8","15","9","10","11","27","0","1","3","4","1","8","6","0","3","1","0","4","6","4","276","91","64","14","13","2","7","3","34","68","21","16","4","2","1","3","0","16","93","18","22","8","4","1","1","3","8","26","9","4","1","0","0","0","0","1"
"s25","voters","450500","1553","899","274","42","3","6","7","0","6","0","316","673","880","282","39","58","9","33","13","4","3","3","1","2","0","4","0","0","0","83","60","112","10","6","2","3","0","29","21","15","5","40","11","11","3","2","20","49","45","45","76","117","6","46","76","64","81","89","183","1","7","10","13","21","29","52","0","5","7","11","19","36","63","0","12","18","22","23","34","49","0","18","22","28","26","22","42","0","4","4","2","2","7","9","0","3","3","1","9","11","9","468","157","107","31","20","6","10","3","97","154","31","42","8","6","3","1","2","27","178","34","43","16","5","2","8","4","26","31","19","5","2","2","1","1","0","3"
"s25","voters","450610","551","301","121","13","1","2","0","0","2","0","111","233","318","43","20","5","3","9","4","1","0","5","1","1","0","5","0","0","0","29","28","54","3","5","0","1","2","18","13","9","2","23","2","9","0","0","6","10","6","8","21","63","0","9","10","8","15","32","113","0","1","1","5","6","14","28","0","0","1","3","8","14","40","0","4","3","3","6","15","26","0","5","6","1","5","12","25","0","1","1","1","1","0","3","0","2","1","0","1","3","4","157","51","47","12","8","4","3","3","16","62","13","20","7","3","3","0","1","12","71","6","14","6","4","1","1","1","7","10","3","3","0","1","0","0","1","0"
"s25","voters","450800","583","347","81","11","3","0","1","0","1","0","139","263","320","59","11","18","3","4","1","0","0","2","0","1","0","3","2","0","0","69","15","46","5","8","1","1","0","39","15","19","1","27","19","15","3","1","12","17","17","22","29","42","2","20","38","22","22","51","52","0","3","2","4","7","15","13","0","2","3","1","13","8","10","1","11","7","8","12","19","14","1","11","7","7","11","20","10","0","2","1","0","1","2","1","0","1","1","1","2","4","0","191","58","47","16","8","4","2","2","19","55","12","9","0","0","0","0","1","4","79","20","10","5","4","1","1","1","18","13","2","1","0","0","0","0","0","0"
"s25","voters","450820","2","2","0","0","0","0","0","0","0","0","0","1","1","0","0","0","0","0","0","0","0","0","0","0","0","0","0","0","0","0","0","0","0","0","0","0","0","0","0","0","0","0","0","0","0","0","0","0","0","1","0","0","0","0","0","0","1","0","0","0","0","0","0","0","0","0","0","0","0","0","0","0","0","0","0","0","0","0","0","0","0","0","0","0","0","0","0","0","0","0","0","0","0","0","0","0","0","0","0","0","0","0","0","0","0","1","0","1","0","0","0","0","0","0","0","0","0","0","0","0","0","0","0","0","0","0","0","0","0","0","0","0","0","0","0","0","0"
"s25","voters","450930","1","0","1","0","0","0","0","0","0","0","0","1","0","0","0","0","0","0","0","0","0","0","0","0","0","0","0","0","0","0","0","0","0","0","0","0","0","0","0","0","0","0","1","0","0","0","0","0","0","0","0","0","0","0","0","0","0","0","0","0","0","0","0","1","0","0","0","0","0","0","0","0","0","0","0","0","0","0","0","0","0","0","0","0","0","0","0","0","0","0","0","0","0","0","0","0","0","0","0","0","0","0","0","0","0","0","0","0","0","0","1","0","0","0","0","0","0","0","0","0","0","0","0","0","0","0","0","0","0","0","0","0","0","0","0","0","0"
"s25","voters","451000","603","340","90","20","1","2","2","0","3","1","144","258","345","119","14","16","7","7","3","1","0","3","2","2","0","1","0","1","0","41","20","67","3","2","1","2","0","14","12","9","0","18","0","6","8","1","12","16","22","18","27","36","1","26","28","38","23","28","64","0","2","5","4","9","6","18","0","2","3","4","6","14","17","0","10","14","7","4","13","19","3","5","14","7","15","13","20","0","1","2","1","2","3","6","0","1","4","1","1","2","5","184","69","50","10","4","1","1","2","19","53","12","10","1","2","1","3","1","7","78","16","11","9","2","2","3","3","20","18","5","3","1","0","1","0","0","1"
"s25","voters","451600","1180","667","219","32","2","10","2","0","7","0","241","534","646","216","29","43","12","18","3","4","0","5","3","3","0","4","0","2","0","67","40","63","3","9","1","1","1","33","14","19","1","38","24","10","5","0","23","39","37","40","46","70","3","29","67","47","63","71","132","0","4","9","12","10","25","57","0","5","4","12","16","16","49","0","13","19","25","16","18","40","1","5","15","20","13","30","26","0","0","3","3","10","5","10","0","4","3","2","1","4","8","319","122","96","25","15","7","13","5","65","116","30","32","6","2","0","2","4","27","128","38","23","15","5","2","5","3","22","34","13","2","1","0","2","0","0","1"
"s25","voters","451900","560","330","81","22","2","0","9","0","1","0","115","235","325","96","18","19","10","9","2","1","1","0","0","0","0","1","0","0","0","35","14","33","4","2","0","1","1","14","6","16","0","14","3","5","1","0","9","19","13","18","15","44","1","24","32","24","23","34","74","0","0","3","4","4","10","23","0","0","0","5","7","11","14","2","1","7","11","8","11","17","0","3","13","10","8","11","13","0","1","3","3","0","2","7","1","1","3","1","1","5","6","175","57","34","12","14","2","1","2","33","46","15","10","0","1","0","1","2","6","62","19","12","7","2","0","2","2","9","26","3","4","0","0","0","0","0","1"
"s25","voters","452400","1950","1180","297","63","7","6","7","0","6","0","384","853","1097","331","68","98","22","14","3","7","3","7","6","6","0","8","4","2","0","71","27","77","3","18","5","8","2","50","28","24","5","79","14","24","5","5","24","54","69","69","85","144","5","53","99","116","85","136","236","0","8","12","14","22","39","57","2","4","9","12","23","32","63","6","20","31","36","29","32","48","1","15","24","22","25","42","53","0","2","2","8","11","11","15","0","5","8","3","2","8","14","684","164","130","38","33","8","18","10","95","182","42","39","3","3","1","2","2","23","242","48","38","20","6","2","4","2","22","61","12","8","1","1","0","1","1","4"
"s25","voters","453200","12","7","1","1","0","0","0","0","0","0","3","5","7","3","0","0","0","0","0","0","0","0","0","0","0","0","0","0","0","1","0","2","1","0","0","0","0","0","0","0","0","0","1","0","0","0","0","0","1","0","0","0","0","1","0","1","1","0","3","0","0","0","0","0","0","1","0","0","0","0","0","0","0","0","0","0","0","2","0","0","0","0","0","0","1","0","0","0","0","0","0","0","0","1","0","0","0","0","0","0","0","3","3","1","0","0","0","0","0","0","1","0","0","0","0","0","0","0","0","2","1","0","0","0","0","0","0","0","0","0","0","0","0","0","0","0","1"
"s25","voters","453300","379","251","41","5","1","0","1","0","4","0","76","160","219","100","16","10","4","3","1","1","1","1","0","0","0","0","0","4","0","17","4","40","0","7","1","0","0","9","2","3","0","16","0","3","0","0","3","9","14","16","17","29","2","18","19","26","24","26","48","0","0","0","4","6","4","12","0","1","2","2","1","1","8","1","0","3","11","2","6","16","0","3","3","6","3","6","16","0","0","1","1","1","0","4","1","1","1","1","0","0","0","134","36","41","9","3","2","1","1","24","27","1","5","0","3","0","0","0","5","30","9","11","11","2","1","3","3","6","6","2","2","0","0","0","1","0","0"
"s25","voters","453500","1088","646","178","24","6","6","6","0","5","0","217","463","625","235","26","58","13","11","2","1","0","3","0","2","1","5","0","2","0","47","28","56","5","3","1","0","0","26","16","20","4","51","14","5","0","1","21","37","32","32","41","75","3","49","65","56","46","71","117","1","0","6","13","17","25","29","0","1","8","6","13","31","28","1","9","14","13","18","18","36","0","7","15","11","20","22","33","0","2","7","3","1","4","7","0","5","2","2","2","5","7","364","103","63","28","24","2","7","4","51","103","27","24","4","5","0","0","1","14","114","25","37","11","6","2","5","2","15","27","10","5","3","0","0","0","1","1"
"s25","voters","453600","299","225","30","9","0","1","0","0","0","0","34","129","170","46","4","5","1","4","0","0","1","4","0","1","0","2","0","0","0","16","4","10","1","3","0","0","0","4","3","0","0","13","5","0","0","0","3","10","13","18","10","41","0","4","11","22","16","15","62","0","0","1","2","1","3","7","0","0","2","1","2","2","9","0","0","2","5","2","3","5","0","0","1","2","3","2","9","0","0","0","0","0","0","3","0","0","1","1","0","2","3","134","36","26","9","5","3","0","1","11","22","1","3","1","0","1","0","0","2","18","3","5","1","1","0","0","2","4","9","1","0","0","0","0","0","0","0"
"s25","voters","453900","246","147","38","8","2","0","2","0","2","0","47","106","140","54","6","9","8","1","1","0","0","0","0","0","0","0","0","0","0","17","1","19","0","1","0","0","0","14","6","6","0","9","2","0","0","0","4","5","13","7","10","19","0","10","12","10","16","9","32","0","1","1","1","1","4","11","0","1","3","1","2","4","8","0","1","4","7","1","2","7","1","0","5","3","3","6","7","0","0","2","2","0","1","2","0","2","1","1","0","2","1","84","24","18","3","2","0","2","2","12","26","2","6","0","1","0","0","0","3","21","8","10","2","1","0","0","2","3","12","0","1","0","0","0","0","0","1"
"s25","voters","453920","413","281","52","10","3","0","3","0","2","0","62","142","271","52","9","19","3","5","2","1","0","0","0","2","0","2","0","0","0","23","6","7","0","1","0","0","0","3","3","1","1","11","7","1","0","1","5","9","11","14","18","28","2","13","37","29","23","42","49","0","1","2","3","4","4","10","0","2","1","4","6","7","8","0","1","6","7","4","1","7","0","7","3","8","5","7","6","0","1","2","0","0","1","2","0","2","2","4","2","0","2","176","48","23","9","9","1","3","0","12","32","11","2","1","0","0","1","0","5","38","7","8","1","1","0","0","1","6","14","1","3","0","0","0","0","0","0"
"s25","voters","453940","550","332","76","13","0","1","0","0","4","0","124","237","313","94","18","27","1","7","3","2","0","0","2","1","1","0","1","0","0","34","11","47","2","1","0","0","0","10","0","1","0","15","8","0","1","1","6","25","7","20","28","42","1","15","28","21","26","36","76","0","1","2","2","6","11","12","0","1","5","4","6","11","15","0","4","9","13","6","6","28","0","9","1","11","5","7","25","0","0","1","1","2","0","4","0","1","0","0","3","1","5","173","56","37","16","8","2","9","5","26","48","14","6","0","0","0","2","0","6","70","12","26","5","4","1","0","1","5","13","1","1","1","0","0","1","0","1"
"s25","voters","454100","50","37","2","4","0","0","0","0","0","0","7","21","29","14","1","4","0","1","0","0","0","0","0","0","0","0","0","0","0","4","0","2","1","0","0","0","0","0","0","0","0","2","0","1","0","0","0","2","1","0","8","5","2","3","3","2","4","4","3","0","0","0","1","0","0","0","0","1","0","0","0","0","0","0","1","0","0","0","1","0","0","0","0","2","0","3","0","0","0","0","0","0","2","0","0","0","0","0","2","0","0","21","6","6","1","0","0","1","0","2","2","0","0","0","0","0","0","0","0","4","1","2","0","0","0","0","0","0","3","0","1","0","0","0","0","0","0"
"s25","voters","454220","29","16","7","0","1","1","0","0","1","0","3","11","18","2","4","1","2","0","0","0","0","0","0","0","0","0","0","0","0","0","0","0","0","0","0","0","0","0","0","0","0","1","0","0","0","0","1","2","0","1","2","0","0","1","2","1","3","0","3","0","0","0","1","0","1","1","0","0","1","0","0","2","1","0","0","0","0","0","0","0","0","0","1","0","1","0","1","0","0","1","0","0","1","0","0","0","0","0","1","0","0","11","2","1","0","1","0","0","0","1","3","2","2","0","0","0","0","0","0","2","0","1","0","0","0","0","0","0","2","1","0","0","0","0","0","0","0"
"s25","voters","454500","488","313","68","10","4","2","1","0","5","0","85","213","275","100","12","20","8","7","0","4","0","0","0","1","1","0","1","0","0","46","17","32","3","6","1","1","0","3","4","4","1","7","4","0","1","1","8","15","15","20","18","41","2","13","29","23","28","47","53","0","3","3","4","6","7","16","0","0","3","4","8","4","10","0","5","9","5","4","7","15","0","4","0","7","7","8","14","0","1","2","1","1","3","3","0","2","2","1","1","2","3","184","40","37","5","3","3","4","2","35","45","4","10","1","1","1","0","0","6","42","12","8","8","5","0","2","1","7","16","1","2","2","0","0","0","0","1"
"s25","voters","454520","1","0","0","0","0","0","0","0","0","0","1","1","0","0","0","0","0","0","0","0","0","0","0","0","0","0","0","0","0","0","0","0","0","0","0","0","0","0","0","0","0","0","0","0","0","0","0","0","0","0","0","0","0","0","0","0","0","0","0","0","0","0","0","0","0","0","0","0","0","0","0","0","0","0","0","1","0","0","0","0","0","0","0","0","0","0","0","0","0","0","0","0","0","0","0","0","0","0","0","0","0","0","0","0","0","0","0","0","0","0","0","0","0","0","0","0","0","0","0","1","0","0","0","0","0","0","0","0","0","0","0","0","0","0","0","0","0"
"s25","voters","454700","186","95","31","10","1","1","0","0","0","0","48","92","94","31","6","8","2","2","2","2","0","0","0","0","0","1","0","0","0","6","6","15","1","0","0","0","0","4","1","5","1","5","1","2","0","0","5","6","5","8","10","11","0","0","7","9","7","6","21","0","0","3","3","3","3","5","0","0","0","1","2","7","4","0","3","1","1","4","4","10","1","2","2","2","6","3","9","0","0","0","1","4","1","1","0","1","0","0","0","2","2","47","17","14","3","2","0","3","0","9","18","3","1","1","0","0","0","0","8","26","6","4","4","2","1","1","0","4","6","3","2","0","0","0","0","0","1"
"s25","voters","455100","341","256","23","6","2","1","3","0","3","0","47","140","201","55","5","13","5","4","1","0","0","0","0","0","0","0","1","0","0","4","0","0","0","4","0","0","0","0","0","0","0","6","0","3","0","2","6","14","14","8","16","39","2","12","18","19","29","31","46","0","0","2","3","2","3","2","0","0","0","1","0","6","4","0","1","6","2","5","4","4","0","2","4","8","4","3","4","0","0","1","1","3","1","1","0","2","2","1","1","0","2","154","42","26","5","10","1","2","2","14","18","3","1","0","0","0","0","0","1","25","6","8","3","1","0","1","0","3","11","1","2","0","0","0","0","0","1"
"s25","voters","455300","942","620","101","21","4","3","7","0","5","0","181","400","542","161","24","33","10","9","3","2","0","4","0","4","0","1","0","0","0","41","10","50","5","6","1","1","2","7","4","11","0","16","5","9","2","1","16","29","36","44","43","63","4","31","58","48","76","56","115","1","4","8","5","3","11","18","0","3","5","3","5","8","27","2","5","13","17","18","14","24","0","5","12","11","18","21","21","0","2","2","5","2","6","8","0","3","2","4","3","2","1","390","91","63","16","12","1","4","6","37","60","17","8","2","1","0","0","2","11","96","25","22","11","10","2","1","2","12","27","7","4","0","1","0","0","0","1"
"s25","voters","455400","1180","805","138","43","6","6","2","1","4","0","175","515","665","228","29","40","11","16","1","5","0","4","0","1","0","3","1","2","1","50","13","36","1","8","0","2","0","12","7","3","1","15","3","6","2","0","24","48","44","46","64","89","6","39","68","71","82","87","137","0","1","7","9","10","19","30","1","1","5","4","6","17","28","3","7","15","15","15","17","20","1","6","11","14","18","13","20","0","2","5","8","6","5","6","0","5","5","6","8","4","2","451","135","95","26","20","7","10","5","56","78","22","17","2","5","0","0","2","12","103","19","22","12","8","0","1","2","8","39","12","6","2","1","0","0","0","2"
"s25","voters","455700","356","239","42","14","2","1","3","0","5","0","50","158","198","52","3","7","8","8","1","1","0","5","0","0","2","2","0","0","1","17","3","14","0","2","0","0","1","3","3","1","0","3","0","1","0","0","4","14","14","12","23","29","1","14","11","22","24","32","39","0","0","4","1","3","5","10","0","0","1","3","1","5","9","0","3","1","5","4","3","11","0","0","3","6","2","5","7","0","0","2","1","4","1","4","0","0","0","2","1","3","7","127","45","22","9","6","1","1","2","26","20","8","4","0","2","0","0","1","7","25","4","8","3","1","0","0","0","9","17","6","2","0","0","0","0","0","0"
"s25","voters","456100","981","653","110","28","4","1","7","0","9","0","169","403","578","181","25","32","8","14","2","1","2","1","1","2","0","1","1","2","2","29","17","32","1","8","0","1","0","20","4","6","3","23","6","4","1","2","14","33","40","37","46","66","3","28","69","57","62","71","125","0","2","3","10","8","6","23","0","0","6","4","10","8","30","0","5","16","15","12","22","20","1","8","10","19","12","12","17","0","1","2","6","3","5","6","0","3","2","5","10","4","2","382","112","80","12","10","4","2","8","43","76","14","11","1","2","0","0","1","5","107","22","18","9","3","1","1","1","7","29","8","8","2","0","0","0","2","0"
"s25","voters","456200","1276","875","112","28","5","10","6","0","11","0","229","539","737","196","20","36","8","30","2","4","2","5","1","3","1","10","2","1","0","53","10","29","4","7","0","2","1","11","8","8","2","13","3","2","1","3","20","50","55","39","67","97","7","34","57","89","78","101","178","0","2","5","3","6","12","29","0","0","3","5","4","10","33","3","3","18","27","27","23","25","0","4","16","21","22","18","22","0","0","2","3","4","9","7","1","4","7","3","2","7","11","486","138","91","29","15","11","8","10","87","75","7","12","2","1","0","0","2","13","127","28","22","16","12","3","2","2","17","39","7","4","2","2","1","0","0","5"
"s25","voters","456500","550","403","38","8","0","0","3","0","4","0","94","257","293","59","8","6","3","27","0","9","1","4","0","0","0","4","0","0","0","15","2","9","0","6","0","4","0","1","0","2","0","6","0","2","1","0","15","14","23","17","47","53","4","13","19","43","32","54","69","0","0","0","0","1","7","9","0","2","0","3","2","3","11","0","7","6","17","11","12","12","1","1","4","4","6","4","9","0","0","0","2","1","0","3","0","1","0","1","1","4","2","225","51","48","14","10","2","6","6","41","17","2","3","1","1","0","2","2","10","53","12","6","3","2","3","3","6","6","11","2","0","0","0","0","0","0","2"
"s25","voters","456610","8","6","0","0","0","0","0","0","0","0","2","4","4","0","0","0","0","0","0","0","0","0","0","0","0","0","0","0","0","1","0","0","0","0","0","0","0","0","0","0","0","0","0","0","0","0","0","0","1","0","1","0","0","0","1","0","0","2","1","0","0","0","0","0","0","0","0","0","0","0","0","0","0","0","0","0","0","0","0","2","0","0","0","0","0","0","0","0","0","0","0","0","0","0","0","0","0","0","0","0","0","2","1","0","0","0","1","1","0","1","0","0","0","0","0","0","0","0","0","1","0","0","0","0","1","0","0","0","0","0","0","0","0","0","0","0","0"
"s25","voters","456620","39","32","1","0","0","0","0","0","0","0","6","17","22","8","0","0","0","0","0","0","0","1","0","1","0","0","0","0","0","4","1","2","0","0","0","0","0","0","0","0","0","4","0","0","0","0","1","1","2","1","1","7","0","0","3","4","1","4","7","0","0","0","0","0","0","0","0","0","0","0","0","1","0","0","1","1","0","0","0","2","0","0","0","1","0","0","1","0","0","0","0","0","0","0","0","0","0","0","0","0","0","20","6","1","0","2","0","0","0","3","1","0","0","0","0","0","0","0","0","2","1","0","0","1","0","0","0","2","0","0","0","0","0","0","0","0","0"
"s25","voters","456700","993","637","149","30","0","2","6","0","4","0","165","464","529","92","10","11","1","33","10","6","1","5","2","2","0","7","0","0","1","55","20","43","6","6","5","5","0","11","10","6","1","14","6","1","0","0","11","27","30","36","49","118","1","17","28","49","46","65","160","1","1","4","8","6","11","44","0","2","2","3","5","17","45","1","3","9","8","9","22","41","2","3","6","10","15","13","23","0","0","1","3","5","8","8","1","3","0","1","3","4","5","338","104","67","30","23","5","9","5","56","71","11","16","8","2","5","2","2","32","92","17","25","13","3","2","0","0","13","29","10","0","0","0","0","0","1","2"
"s25","voters","456910","148","94","28","5","0","1","0","0","0","0","20","65","83","14","0","6","0","1","0","0","0","2","0","1","0","0","0","0","0","4","0","2","0","0","0","0","0","3","0","0","0","1","0","1","1","0","1","5","7","5","7","14","0","3","6","9","11","13","13","0","0","0","0","0","4","8","0","0","0","2","0","3","11","0","0","2","3","1","1","4","0","2","0","1","1","2","3","0","0","0","1","1","0","1","0","0","0","1","0","2","0","53","17","6","4","0","2","3","0","9","8","2","3","1","4","0","0","1","9","9","5","2","1","1","0","1","0","1","4","2","0","0","0","0","0","0","0"
"s25","voters","457300","1853","1320","170","39","8","10","12","0","14","0","280","805","1048","209","31","43","12","73","6","12","4","2","0","4","0","22","0","5","0","61","12","32","2","6","1","9","0","14","3","10","3","19","6","2","2","5","35","47","102","81","100","156","3","51","72","135","140","153","240","0","1","8","4","12","21","47","0","5","6","3","10","13","40","2","6","25","26","36","21","38","1","7","16","12","27","23","40","0","1","2","6","8","8","7","0","2","8","10","8","9","14","702","244","135","47","34","4","15","9","130","100","17","16","3","4","0","3","1","26","136","31","51","18","11","0","3","2","28","49","13","10","5","2","0","0","2","2"
"s25","voters","457500","1773","1297","146","64","5","10","7","0","15","0","229","788","985","216","18","27","26","40","1","5","1","4","0","1","1","12","3","2","1","44","14","21","4","18","2","5","2","17","3","3","2","22","3","13","3","3","34","54","92","84","103","157","8","59","86","127","129","129","232","0","5","3","6","10","14","36","0","3","8","7","6","9","39","0","8","16","34","24","22","29","3","10","10","14","18","13","28","0","4","6","7","7","13","17","0","6","4","9","7","13","8","727","212","143","41","34","10","10","17","103","80","15","17","10","2","0","2","0","20","137","25","19","12","6","3","5","7","15","74","12","7","3","1","0","0","0","4"
"s25","voters","458400","1549","1117","129","32","3","4","4","0","12","1","247","669","880","330","27","49","11","25","3","4","0","4","1","3","0","8","0","0","0","71","18","42","3","18","1","2","0","29","10","8","1","40","19","11","5","1","30","55","60","69","92","128","8","44","88","132","111","130","169","1","6","8","9","17","12","20","0","1","8","2","14","12","19","1","10","15","27","26","27","27","1","11","15","17","19","24","27","0","3","4","1","5","8","7","0","6","2","4","5","5","6","595","193","133","48","31","6","15","8","88","91","13","7","7","2","0","1","1","7","137","32","28","19","7","1","3","3","17","40","6","3","1","1","1","1","0","3"
"s25","voters","458800","1019","631","119","27","8","3","6","0","4","0","221","433","586","210","30","59","14","3","1","4","1","5","1","2","0","1","0","1","0","42","25","54","1","2","0","0","0","34","15","12","3","29","12","11","2","1","22","44","24","27","46","79","3","29","60","49","50","65","132","0","0","6","5","7","11","27","0","3","9","10","8","11","22","2","12","16","17","13","26","20","1","9","16","26","17","17","29","0","1","3","5","5","3","11","1","5","5","2","5","1","1","337","119","72","19","19","5","5","2","53","71","20","18","4","0","0","0","2","4","131","26","23","11","6","1","1","2","20","34","7","1","2","2","0","1","0","1"
"s25","voters","458900","373","244","58","10","2","0","2","0","2","0","55","166","207","117","21","17","6","2","0","0","0","0","0","0","0","0","0","1","0","10","2","12","0","0","0","0","0","3","2","0","0","20","4","3","1","1","8","14","10","12","15","33","1","20","26","19","17","25","43","0","0","5","2","4","7","17","0","0","0","1","2","4","16","0","4","6","4","7","3","6","0","3","4","2","4","6","6","0","2","1","1","0","1","3","0","2","1","1","1","0","3","139","31","34","6","6","4","4","1","19","35","4","10","2","2","0","0","0","5","30","3","10","4","2","0","2","0","4","10","3","2","0","0","0","0","0","1"
"s25","voters","464000","6","4","0","1","0","0","0","0","0","0","1","2","4","0","0","1","0","0","0","0","0","0","0","0","0","0","0","0","0","0","0","0","0","0","0","0","0","0","0","0","0","0","0","0","0","0","0","0","1","0","0","1","0","0","0","1","0","1","0","0","0","0","0","0","0","0","0","0","0","0","0","0","0","0","0","0","0","0","0","0","0","1","0","0","0","0","0","0","0","0","0","0","0","0","0","0","0","0","0","1","0","2","0","1","1","0","0","0","0","0","0","0","0","0","0","0","0","0","0","1","0","0","0","0","0","0","0","0","1","0","0","0","0","0","0","0","0"
"s25","voters","464220","0","0","0","0","0","0","0","0","0","0","0","0","0","0","0","0","0","0","0","0","0","0","0","0","0","0","0","0","0","0","0","0","0","0","0","0","0","0","0","0","0","0","0","0","0","0","0","0","0","0","0","0","0","0","0","0","0","0","0","0","0","0","0","0","0","0","0","0","0","0","0","0","0","0","0","0","0","0","0","0","0","0","0","0","0","0","0","0","0","0","0","0","0","0","0","0","0","0","0","0","0","0","0","0","0","0","0","0","0","0","0","0","0","0","0","0","0","0","0","0","0","0","0","0","0","0","0","0","0","0","0","0","0","0","0","0","0"
"s25","voters","464500","61","29","22","1","0","0","1","0","0","0","8","25","36","2","1","0","1","5","1","3","0","0","0","0","0","0","0","0","0","1","0","0","0","0","0","0","0","0","0","0","0","0","0","0","0","0","1","1","1","0","3","3","0","3","1","1","2","4","9","0","0","2","0","2","3","4","0","0","0","2","0","3","6","0","0","1","0","0","0","3","0","0","0","3","1","0","0","0","0","0","0","0","0","1","0","0","0","0","0","0","1","16","3","2","0","1","0","0","1","6","9","6","2","3","0","0","0","0","2","3","0","0","1","1","0","0","0","3","0","0","0","1","0","0","0","0","1"
"s25","voters","464660","93","33","46","1","0","0","1","0","1","0","11","43","50","6","2","0","0","5","0","1","0","0","0","0","0","0","0","0","0","0","0","1","0","0","0","0","0","1","2","0","0","1","0","0","0","0","4","2","1","0","1","1","0","3","3","2","4","5","7","0","0","3","4","0","6","11","0","0","3","2","1","6","10","0","0","1","1","2","2","1","0","0","0","0","1","2","1","0","0","0","1","0","0","2","0","0","0","0","0","0","0","16","6","8","0","0","0","1","0","2","26","5","7","1","2","0","1","0","4","3","0","4","1","0","0","1","0","2","2","1","0","0","0","0","0","0","0"
"s25","voters","470100","114","60","33","2","0","0","1","0","0","0","18","52","62","14","9","2","0","1","0","0","0","0","0","0","1","0","0","0","0","4","0","1","0","1","0","0","0","1","3","1","0","1","1","0","0","0","5","1","5","3","2","8","1","4","1","5","5","4","16","0","0","3","2","1","6","5","0","1","1","2","3","6","3","0","0","1","3","0","3","2","0","2","3","1","0","1","2","0","0","0","0","0","1","1","0","0","0","0","0","1","0","33","6","8","2","2","0","3","1","5","25","2","2","1","1","0","0","0","2","12","0","3","0","2","0","1","0","0","3","0","0","0","0","0","0","0","0"
"s25","voters","470600","1420","910","246","35","4","7","8","0","3","0","207","577","843","196","39","38","10","32","4","3","2","5","2","0","0","16","0","2","0","32","11","25","1","6","0","3","0","10","4","5","0","17","1","7","1","2","12","42","56","39","48","127","3","28","63","92","46","85","267","0","2","9","7","15","28","48","1","3","10","15","17","22","69","2","9","11","16","14","26","29","2","10","10","14","15","14","35","1","2","4","8","6","8","6","0","1","2","4","3","2","10","538","139","103","43","12","8","8","4","55","145","30","26","9","3","3","3","4","23","107","28","29","14","6","1","2","3","17","35","11","8","1","1","0","0","0","1"
"s25","voters","470800","874","565","140","23","7","1","8","0","7","0","123","403","471","119","34","26","8","26","4","4","3","3","1","0","0","1","0","0","0","28","12","6","0","9","0","2","0","14","2","2","1","13","2","1","0","1","17","32","40","34","40","63","1","31","63","49","53","54","87","0","4","5","12","16","19","22","0","3","6","8","8","22","15","0","7","12","14","8","15","14","0","5","4","14","15","9","6","0","2","3","9","4","4","6","0","1","3","2","2","4","6","304","109","71","15","14","7","8","4","33","79","16","20","5","3","2","0","3","12","52","19","25","8","2","3","0","1","13","35","6","2","0","1","0","0","0","2"
"s25","voters","471900","2092","1201","401","69","7","12","13","0","8","0","381","954","1138","147","28","22","8","55","5","11","3","10","8","1","1","16","3","2","1","113","40","80","5","18","10","14","3","29","19","9","2","27","3","7","2","5","35","55","76","75","79","164","5","62","65","120","116","115","229","1","9","12","17","28","36","92","1","5","11","18","34","39","98","2","20","29","35","48","32","49","1","11","24","30","27","28","45","0","3","6","5","10","13","18","0","6","5","7","8","9","19","655","207","135","31","25","6","11","10","121","199","58","49","17","13","2","4","3","56","196","54","49","24","6","7","8","6","31","75","14","12","3","2","0","0","2","1"
"s25","voters","472200","1447","869","230","32","3","7","17","0","17","0","272","655","792","201","25","53","12","25","5","9","4","15","8","10","1","6","0","0","0","59","20","50","7","6","0","4","0","21","7","9","1","38","11","10","3","0","26","59","63","48","52","79","5","48","82","90","106","79","132","3","5","10","15","18","36","39","1","3","11","11","16","26","36","5","15","31","30","31","25","21","1","5","21","21","28","20","18","1","2","5","15","5","7","9","2","2","5","7","2","8","6","521","149","86","28","10","9","5","12","49","121","28","38","6","6","0","1","3","27","150","38","28","12","16","3","6","5","14","58","8","7","1","0","0","0","0","2"
"s25","voters","472300","1167","712","180","38","4","6","12","0","11","0","204","517","650","121","28","31","16","27","3","9","0","4","3","2","0","3","0","1","0","41","14","28","3","13","2","6","3","14","5","5","0","7","4","5","1","3","13","32","58","48","41","78","5","33","54","96","75","63","113","1","7","10","13","21","17","30","1","2","5","16","17","12","28","0","5","17","27","19","19","21","1","11","13","22","20","12","17","1","1","6","10","9","6","4","0","7","5","9","3","3","7","401","124","87","29","12","5","8","6","40","106","28","18","2","7","2","0","2","15","108","32","27","10","9","3","2","1","12","56","11","2","0","0","1","0","0","1"
"s25","voters","472610","1989","1143","412","55","6","14","18","1","12","1","327","929","1060","143","36","26","18","49","15","9","5","12","5","3","0","19","1","1","1","87","27","70","5","11","4","7","3","16","10","6","1","16","6","6","2","6","36","44","70","90","84","133","8","56","65","109","121","115","206","1","7","11","24","23","54","106","0","6","13","12","15","42","98","4","15","23","29","30","27","51","3","7","17","36","29","26","30","0","4","11","9","16","8","13","0","2","5","6","8","12","13","608","196","138","50","22","12","15","8","94","208","50","47","12","8","4","5","6","72","174","35","43","17","7","5","4","3","39","72","19","9","1","0","1","1","0","4"
"s25","voters","472920","2","1","0","0","0","0","0","0","1","0","0","1","1","0","0","0","0","0","0","0","0","0","0","0","1","0","0","0","0","0","0","0","0","0","0","0","0","0","0","0","0","0","0","0","0","0","0","0","0","0","0","0","0","0","0","1","0","0","0","0","0","0","0","0","0","0","0","0","0","0","0","0","0","0","0","0","0","0","0","0","0","0","0","0","0","0","0","0","0","0","0","1","0","0","0","0","0","0","0","0","0","1","0","0","0","0","0","0","0","0","0","0","0","0","0","0","0","0","0","0","0","0","0","0","0","0","0","0","1","0","0","0","0","0","0","0","0"
"s25","voters","473010","2041","1196","396","60","2","10","17","0","11","0","349","960","1081","142","36","32","18","70","13","15","3","10","6","14","0","14","4","4","1","107","34","60","7","18","6","8","1","19","3","4","1","13","7","4","1","1","38","37","94","80","90","169","7","54","44","129","126","99","228","2","6","13","32","26","41","96","0","4","9","19","25","39","84","2","12","27","29","52","26","41","1","14","17","35","27","19","47","0","4","3","7","6","9","17","0","3","6","5","9","13","18","638","193","138","46","28","9","19","10","115","203","48","49","15","7","2","6","3","63","165","50","34","26","18","7","3","8","38","50","18","12","5","6","0","2","0","7"
"s25","voters","473900","1222","730","260","28","2","3","5","0","6","0","188","573","649","97","24","10","4","24","11","4","1","8","3","1","0","19","4","3","1","71","34","33","4","12","1","4","0","15","7","3","1","3","3","2","0","1","18","19","40","43","57","124","2","27","38","62","55","68","176","1","6","4","14","17","29","70","1","4","8","8","14","11","73","1","5","7","17","17","17","42","1","4","7","6","19","16","29","0","2","3","6","3","2","8","0","2","3","2","3","4","6","376","119","87","29","14","6","3","5","91","153","36","26","7","3","3","0","3","29","91","35","23","6","8","0","3","3","19","28","8","5","0","2","0","0","0","1"
"s25","voters","474010","706","395","133","29","3","4","7","0","2","0","133","328","378","43","13","12","8","11","5","0","0","3","3","0","0","5","0","0","0","38","10","25","2","8","3","8","0","5","1","6","1","8","1","1","0","0","7","28","29","26","32","50","2","14","26","35","36","39","71","0","4","3","9","9","13","31","0","1","2","7","9","12","33","1","8","5","18","11","11","14","1","4","6","18","12","13","11","0","1","2","4","1","4","7","0","4","3","2","4","6","7","206","61","56","17","10","3","1","2","39","72","16","20","4","2","0","0","1","18","61","20","18","13","4","2","1","1","13","21","12","10","0","1","1","0","0","0"
"s25","voters","474200","1351","757","298","37","1","2","12","0","8","0","236","642","709","98","23","21","4","21","5","6","1","6","1","1","1","22","2","4","0","48","31","43","2","10","1","5","1","14","8","5","1","8","3","2","2","1","14","26","56","51","63","93","5","28","30","74","91","81","144","1","9","11","9","25","35","73","0","7","7","12","13","36","60","2","11","14","26","28","20","38","3","8","13","22","16","10","25","0","1","5","7","5","8","10","0","3","2","4","2","6","7","401","120","82","32","23","7","10","11","71","154","47","29","11","8","5","5","3","36","120","31","35","17","4","2","2","2","23","42","7","4","2","1","0","1","0","3"
"s25","voters","474600","2158","1214","440","78","7","8","14","2","7","0","388","994","1164","251","35","44","13","28","13","17","3","9","4","5","0","9","2","4","1","96","47","85","5","14","9","4","0","14","10","8","0","27","8","7","0","5","35","49","83","77","76","167","7","48","83","131","119","122","212","5","9","17","31","36","58","76","0","10","14","30","23","39","92","4","25","24","44","36","40","43","2","18","17","44","30","25","36","0","6","3","8","15","10","12","1","7","8","12","11","11","12","649","191","165","40","25","6","10","12","116","246","56","59","11","9","4","4","6","45","215","56","40","22","8","6","9","4","28","72","21","8","4","1","0","0","2","8"
"s25","voters","475020","269","153","48","13","2","1","0","0","0","0","52","126","143","17","6","1","1","10","0","0","0","1","2","1","0","3","0","0","0","11","4","8","0","2","0","2","1","3","0","2","0","2","0","2","0","0","3","3","10","9","11","22","0","6","3","19","14","11","42","1","3","0","0","4","8","14","0","0","0","1","0","6","11","0","2","3","9","8","6","3","0","5","1","2","6","2","5","1","0","0","0","0","2","4","0","3","0","2","2","0","2","72","31","17","4","4","1","4","0","20","23","8","3","4","3","0","0","0","7","27","12","4","3","1","0","0","1","4","11","2","3","0","0","0","0","0","0"
"s25","voters","475100","844","475","194","27","1","3","6","0","2","0","136","400","444","49","15","15","1","30","13","7","1","2","0","1","0","10","5","0","0","38","11","27","3","9","2","4","0","12","5","1","0","6","0","0","1","0","15","17","29","27","36","84","1","16","21","43","33","39","114","0","4","3","10","7","26","52","0","1","2","15","16","18","40","0","3","8","16","18","13","18","2","4","5","7","9","14","19","0","1","0","1","2","4","6","0","1","2","1","4","4","13","241","72","45","24","12","8","4","5","64","90","30","27","8","4","4","1","4","26","63","17","24","5","5","2","1","4","15","26","5","3","1","1","1","0","0","2"
"s25","voters","475200","593","307","145","16","1","1","6","0","0","0","117","281","312","28","13","6","1","10","6","3","2","5","1","3","0","8","0","1","0","56","24","26","5","14","6","11","0","8","3","4","1","17","6","4","0","2","9","16","23","24","20","36","1","11","18","33","27","26","61","0","5","6","8","10","25","24","0","1","2","3","11","17","33","1","2","10","10","8","9","24","1","4","6","6","11","9","16","0","0","3","2","2","1","1","0","0","3","4","1","2","5","181","46","39","5","8","2","2","2","22","80","17","19","3","3","1","1","1","20","52","21","13","9","6","2","0","1","13","16","3","4","0","0","1","0","0","0"
"s25","voters","475500","2004","1081","379","56","4","5","15","0","13","1","450","941","1063","114","21","25","9","28","8","6","2","28","11","13","0","14","7","7","0","247","100","164","30","53","1","15","2","17","9","14","0","21","10","10","1","3","34","44","73","57","81","161","5","41","68","84","99","117","214","0","8","7","14","28","61","92","0","3","8","13","25","47","73","1","18","27","32","33","66","49","3","23","14","22","46","60","56","0","4","3","6","9","12","18","0","3","6","2","5","16","10","614","166","136","34","22","8","8","9","84","195","46","56","13","13","3","3","6","44","234","76","55","18","12","4","6","3","42","63","12","8","2","1","2","2","2","2"
"s25","voters","475600","34","7","20","1","0","0","0","0","1","0","5","17","17","1","7","1","0","0","0","0","0","0","0","0","0","0","0","0","0","0","0","0","0","0","0","0","0","0","0","0","0","1","0","0","0","0","0","0","1","1","2","0","0","0","1","0","1","0","1","0","0","1","4","1","2","1","0","0","2","1","1","4","3","0","1","0","1","0","2","0","0","0","0","1","0","0","0","0","0","0","0","0","0","0","0","0","2","0","0","0","0","5","0","1","0","1","0","0","0","0","6","8","4","1","0","0","0","0","1","4","1","0","0","0","0","0","0","0","0","1","1","0","0","0","0","0","0"
"s25","voters","475700","5","1","3","0","0","0","0","0","0","0","1","3","2","0","1","0","0","0","0","0","0","0","0","0","0","0","0","0","0","0","0","0","0","0","0","0","0","0","0","0","0","0","0","0","0","0","0","0","0","0","0","0","0","0","0","0","0","0","1","0","0","0","1","0","1","0","0","0","0","0","0","1","0","0","0","0","0","0","0","1","0","0","0","0","0","0","0","0","0","0","0","0","0","0","0","0","0","0","0","0","0","1","0","0","0","0","0","0","0","0","1","1","1","0","0","0","0","0","0","0","0","0","1","0","0","0","0","0","0","0","0","0","0","0","0","0","0"
"s25","voters","476100","1403","817","221","40","4","5","11","0","3","0","302","645","758","77","14","14","7","25","9","6","1","10","12","3","0","3","1","0","0","158","45","115","11","55","5","17","2","20","5","8","1","32","10","3","0","5","23","33","45","41","86","93","4","59","57","63","84","121","103","0","3","4","11","15","56","34","0","4","3","10","14","39","28","1","9","12","26","31","51","36","1","20","11","22","21","36","25","0","4","3","1","4","13","5","0","6","4","2","7","9","5","461","139","100","18","17","1","9","8","64","110","35","27","10","8","2","2","2","25","155","44","43","11","8","2","4","4","31","40","10","9","2","2","0","0","0","0"
"s25","voters","481200","907","568","162","26","7","6","4","0","4","0","130","405","502","258","49","53","16","14","3","0","3","0","2","0","0","1","0","0","0","13","5","5","0","9","2","1","1","12","15","9","0","15","3","6","1","1","14","35","33","32","39","73","6","44","42","53","51","56","89","0","6","7","11","10","22","27","0","6","5","9","14","11","34","1","11","11","14","10","9","12","0","9","7","12","13","7","14","0","3","5","3","5","3","8","0","3","3","7","1","3","3","341","86","61","19","17","6","4","6","28","110","20","19","0","1","0","1","2","9","74","20","19","7","1","0","1","4","4","35","6","5","0","0","0","0","0","1"
"s25","voters","481420","22","12","8","0","0","0","1","0","0","0","1","12","10","3","3","1","0","0","1","0","0","0","0","0","0","0","0","0","0","0","1","0","0","0","0","0","0","0","0","0","0","0","0","0","0","0","0","4","2","0","1","1","0","1","0","2","0","1","0","0","0","0","0","0","1","2","0","0","0","1","0","1","3","1","0","0","0","0","0","0","0","0","0","0","0","0","0","0","0","0","0","0","0","0","0","0","0","0","1","0","0","7","0","4","0","0","1","0","0","0","6","0","0","0","1","0","1","0","0","1","0","0","0","0","0","0","0","0","0","0","1","0","0","0","0","0","0"
"s25","voters","481500","1279","857","154","41","5","6","11","0","10","0","195","541","738","371","49","71","18","20","3","5","0","1","0","0","0","2","0","1","0","18","2","13","4","15","3","3","0","24","12","4","2","17","4","7","2","4","32","37","48","39","63","94","5","66","84","83","75","100","127","0","4","11","11","16","19","25","0","2","2","7","13","11","33","0","8","12","17","15","16","29","2","12","16","20","10","16","22","1","1","3","9","8","6","13","0","3","3","4","7","5","10","509","139","104","27","18","5","9","5","41","93","17","23","7","4","1","1","0","8","100","24","32","11","9","2","1","2","14","51","12","5","1","1","1","1","1","0"
"s25","voters","481900","260","170","27","9","1","0","3","0","0","0","50","100","160","86","12","28","7","3","0","1","0","1","0","0","0","0","0","0","0","1","1","1","0","3","2","0","0","0","2","1","0","5","0","0","0","1","8","8","8","6","11","16","4","17","19","26","10","14","22","0","0","1","1","3","2","6","0","1","3","1","3","3","3","0","2","5","4","0","3","9","1","6","6","4","1","6","3","0","0","0","1","2","3","0","0","2","0","0","2","1","2","88","29","23","7","4","1","3","4","11","19","2","2","0","0","0","0","1","3","32","7","4","3","0","1","0","0","3","11","0","2","0","0","0","0","0","0"
"s25","voters","481940","6","5","0","0","0","0","0","0","0","0","1","0","6","4","0","1","0","0","0","0","0","0","0","0","0","0","0","0","0","0","0","0","0","0","0","0","0","0","0","0","0","0","0","0","0","0","0","0","0","0","0","0","0","0","2","1","1","0","1","0","0","0","0","0","0","0","0","0","0","0","0","0","0","0","0","0","0","0","0","0","0","0","1","0","0","0","0","0","0","0","0","0","0","0","0","0","0","0","0","0","0","2","0","3","0","0","0","0","0","0","0","0","0","0","0","0","0","0","0","1","0","0","0","0","0","0","0","0","0","0","0","0","0","0","0","0","0"
"s25","voters","482000","65","40","10","0","1","0","1","0","0","0","13","32","33","14","1","3","0","1","0","0","0","0","0","0","0","0","0","0","0","0","1","0","0","0","0","0","0","0","0","0","0","0","0","0","0","0","0","3","3","1","1","9","0","2","5","1","4","5","6","0","1","0","0","2","0","4","0","0","0","1","0","2","0","0","2","0","0","1","3","1","0","2","1","0","1","1","1","0","0","0","0","1","0","0","0","0","0","0","1","0","0","16","5","7","2","3","0","1","0","6","3","3","3","0","1","0","0","0","0","10","1","0","0","1","0","0","1","0","1","1","0","0","0","0","0","0","0"
"s25","voters","483000","1289","808","204","35","4","6","8","0","4","0","220","551","738","349","49","86","23","9","3","2","0","3","1","3","0","4","0","2","0","18","12","20","1","6","7","6","0","4","6","7","0","41","13","12","1","4","24","33","42","49","55","92","3","70","81","72","72","78","133","0","8","9","16","14","32","40","0","4","1","9","13","22","36","2","12","20","5","13","14","37","1","18","11","19","21","15","32","1","2","4","0","7","7","9","0","4","7","2","5","4","5","446","137","100","16","22","3","10","12","62","113","27","32","5","5","0","1","2","19","114","26","33","7","7","2","6","2","23","38","10","5","1","0","0","0","1","2"
"s25","voters","490040","56","36","5","2","1","0","0","0","0","0","12","22","34","3","1","0","0","1","0","0","0","0","0","0","0","0","0","0","0","3","0","3","0","3","0","3","1","0","0","0","0","1","0","0","0","0","1","3","1","1","4","2","0","5","0","1","3","7","8","0","0","0","0","0","0","2","0","0","0","0","1","1","1","0","0","0","1","1","2","3","0","2","0","1","0","1","1","0","0","0","0","0","0","1","0","0","1","0","0","1","0","17","10","5","1","0","0","0","0","3","3","1","1","0","0","0","0","0","0","7","2","2","0","0","0","0","0","1","1","1","0","1","0","0","0","0","0"
"s25","voters","490100","45","20","15","2","0","0","2","0","0","0","6","23","22","6","2","0","0","0","0","0","0","0","0","0","0","0","0","0","0","0","0","2","0","0","0","0","0","0","1","0","1","0","0","1","0","0","1","1","0","3","3","2","0","2","1","0","4","0","3","0","1","0","0","0","3","5","0","0","2","0","0","1","3","1","0","0","1","0","0","0","0","1","1","0","1","0","1","0","0","0","0","0","0","2","0","0","0","0","0","1","1","11","4","0","0","1","0","0","0","4","9","3","1","0","1","0","1","0","0","4","0","2","0","0","0","0","0","0","2","0","1","0","1","0","0","0","0"
"s25","voters","490200","2","1","0","1","0","0","0","0","0","0","0","1","1","0","0","0","0","0","0","0","0","0","0","0","0","0","0","0","0","0","0","0","0","0","0","0","0","0","0","0","0","0","0","0","0","0","0","0","0","0","0","0","0","0","0","1","0","0","0","0","0","0","0","0","0","0","0","0","0","0","0","0","0","0","0","0","0","0","0","0","0","0","0","0","0","0","0","0","0","0","1","0","0","0","0","0","0","0","0","0","0","1","0","0","0","0","0","0","0","0","0","0","0","0","0","0","0","0","0","0","0","0","0","0","0","0","0","0","1","0","0","0","0","0","0","0","0"
"s25","voters","491000","1467","1026","152","40","2","5","9","0","14","0","219","654","813","176","33","48","9","13","5","5","1","6","1","5","0","8","0","2","0","26","9","14","1","44","2","3","2","13","3","3","0","41","9","6","2","4","18","31","63","58","77","165","3","42","73","91","92","115","194","0","2","7","7","10","20","31","0","2","6","9","13","15","30","0","11","19","15","25","31","22","1","7","16","10","18","19","25","1","1","7","9","5","8","7","0","2","8","5","2","4","11","579","163","125","26","29","8","13","8","75","104","13","16","5","2","2","0","1","9","111","26","26","19","8","3","4","4","18","41","10","11","1","1","3","2","1","0"
"s25","voters","491010","0","0","0","0","0","0","0","0","0","0","0","0","0","0","0","0","0","0","0","0","0","0","0","0","0","0","0","0","0","0","0","0","0","0","0","0","0","0","0","0","0","0","0","0","0","0","0","0","0","0","0","0","0","0","0","0","0","0","0","0","0","0","0","0","0","0","0","0","0","0","0","0","0","0","0","0","0","0","0","0","0","0","0","0","0","0","0","0","0","0","0","0","0","0","0","0","0","0","0","0","0","0","0","0","0","0","0","0","0","0","0","0","0","0","0","0","0","0","0","0","0","0","0","0","0","0","0","0","0","0","0","0","0","0","0","0","0"
"s25","voters","491300","1735","1079","262","51","9","6","10","0","13","0","305","773","962","247","51","51","16","34","3","5","0","4","1","3","0","5","1","3","3","32","13","25","5","31","7","21","1","16","5","4","2","22","15","6","4","4","20","51","47","74","86","144","2","43","66","113","103","121","205","1","2","13","20","15","34","53","0","1","15","7","16","39","46","4","8","18","44","28","28","31","3","15","17","28","31","22","28","1","3","4","5","9","9","17","0","5","4","5","6","10","11","569","195","133","41","27","6","11","9","88","147","46","34","6","3","2","2","4","18","180","35","30","17","15","1","4","6","17","61","8","13","1","1","1","0","0","4"
"s25","voters","491600","648","392","130","22","0","2","3","0","4","0","95","295","353","70","22","11","2","12","0","1","1","0","0","1","0","4","0","1","0","9","8","9","2","8","2","6","1","2","3","3","1","5","5","3","1","0","8","14","19","20","34","60","2","17","26","26","29","46","91","0","2","5","4","7","17","37","0","0","3","3","9","14","29","1","2","3","8","13","8","15","0","5","5","9","6","8","12","0","0","0","5","2","6","5","0","0","1","3","2","1","6","206","69","49","11","17","3","3","2","32","72","17","18","2","0","2","2","0","17","49","11","13","6","0","2","3","3","8","23","0","4","0","0","2","0","0","2"
"s25","voters","491630","73","36","26","2","0","0","1","0","0","0","8","34","39","10","5","2","0","1","0","0","0","0","0","0","0","0","0","0","0","2","3","0","0","1","0","2","0","0","0","0","0","0","0","0","0","1","1","1","2","1","1","6","0","1","0","3","4","3","12","0","2","0","2","1","3","6","0","0","0","2","2","2","6","0","1","0","0","0","2","2","0","1","0","0","0","2","0","0","0","0","0","0","1","1","0","0","0","0","0","1","0","16","9","4","2","0","0","1","0","4","17","2","1","0","0","0","0","1","5","6","0","1","0","0","1","0","0","0","1","0","1","0","0","0","0","0","1"
"s25","voters","492000","94","40","31","6","0","1","0","0","1","0","15","42","52","7","1","1","1","2","2","2","0","0","0","0","0","0","0","0","0","1","2","2","2","0","0","0","0","0","0","0","0","0","2","1","0","0","2","2","2","3","0","5","1","1","1","3","6","4","10","0","0","0","1","2","1","11","0","1","1","3","0","3","8","0","0","1","0","1","2","5","0","0","1","1","0","2","2","0","0","0","0","3","0","1","0","0","0","0","1","1","2","25","7","3","1","0","1","0","0","3","19","5","2","0","2","0","0","0","3","8","1","2","1","1","0","1","1","0","4","1","2","0","0","0","0","0","1"
"s25","voters","492100","9","3","4","0","0","0","0","0","0","0","2","5","4","0","0","1","0","0","0","0","0","0","0","0","0","0","0","0","0","0","0","0","0","0","0","0","0","0","0","0","0","0","0","0","0","0","0","0","1","0","0","0","0","0","1","0","0","0","1","0","0","0","0","0","0","2","0","0","0","0","0","1","1","0","0","0","1","0","0","1","0","0","0","0","0","0","0","0","0","0","0","0","0","0","0","0","0","0","0","0","0","0","1","1","1","0","0","0","0","0","0","1","1","0","0","0","1","0","1","1","0","0","0","0","0","0","1","0","0","0","0","0","0","0","0","0","0"
"s25","voters","492140","3","3","0","0","0","0","0","0","0","0","0","1","2","0","0","0","0","0","0","0","0","0","0","0","0","0","0","0","0","0","0","0","0","0","0","0","0","0","0","0","0","0","0","0","0","0","0","0","0","0","0","1","0","0","0","1","0","0","1","0","0","0","0","0","0","0","0","0","0","0","0","0","0","0","0","0","0","0","0","0","0","0","0","0","0","0","0","0","0","0","0","0","0","0","0","0","0","0","0","0","0","1","0","0","0","0","0","0","0","2","0","0","0","0","0","0","0","0","0","0","0","0","0","0","0","0","0","0","0","0","0","0","0","0","0","0","0"
"s25","voters","498300","45","18","18","2","0","0","0","0","1","0","6","23","22","1","1","1","0","0","0","0","0","0","0","0","0","0","0","0","0","0","0","1","0","2","0","0","0","0","2","0","0","0","0","0","0","0","0","1","0","2","2","4","0","0","1","1","1","1","5","0","0","0","2","1","1","5","0","0","1","3","1","1","3","0","0","1","0","1","2","0","0","0","1","0","1","0","0","0","0","0","0","0","0","1","0","0","0","1","0","0","1","10","3","1","1","1","0","0","0","2","13","3","1","0","0","0","0","0","1","4","1","0","0","0","0","0","0","1","1","1","0","0","0","0","0","0","1"
"s25","voters","498310","1","0","0","0","0","0","0","0","0","0","1","1","0","0","0","0","0","0","0","0","0","0","0","0","0","0","0","0","0","0","0","0","0","0","0","1","0","0","0","0","0","0","0","0","0","0","0","0","0","0","0","0","0","0","0","0","0","0","0","0","0","0","0","0","0","0","0","0","0","0","0","0","0","0","0","0","0","0","0","1","0","0","0","0","0","0","0","0","0","0","0","0","0","0","0","0","0","0","0","0","0","0","0","0","0","0","0","0","0","0","0","0","0","0","0","0","0","0","0","0","0","1","0","0","0","0","0","0","0","0","0","0","0","0","0","0","0"
"s25","voters","500110","3185","1500","881","135","6","12","35","0","7","0","609","1526","1659","212","103","61","21","37","33","19","7","5","7","8","1","13","1","5","2","36","17","22","2","84","14","24","5","12","8","4","0","35","15","8","6","4","49","80","91","103","146","125","6","80","92","159","155","216","194","4","30","50","78","95","129","102","3","15","30","59","89","110","87","4","32","46","65","67","73","53","1","29","23","49","56","71","40","3","9","8","11","24","19","26","1","9","12","21","16","20","16","808","267","212","41","33","11","12","10","106","465","129","112","31","23","9","4","6","102","314","79","99","33","16","6","11","7","44","118","40","27","3","0","1","1","1","4"
"s25","voters","500200","2255","1126","590","102","9","14","24","0","8","1","381","1038","1217","195","59","48","18","33","26","8","8","8","1","5","0","9","3","1","0","17","7","25","1","32","11","19","1","13","12","4","0","32","21","13","5","4","29","69","94","65","77","103","1","53","99","133","94","135","170","1","9","32","58","55","84","70","4","5","24","41","41","85","81","4","19","28","47","34","33","41","0","14","21","38","39","28","35","1","5","12","12","14","17","21","1","5","14","12","11","21","12","668","189","130","22","31","5","8","11","62","342","100","57","16","12","6","9","3","45","213","64","48","19","7","2","2","3","23","90","33","15","8","2","1","3","2","4"
"s25","voters","500300","2335","1069","668","108","3","12","21","0","6","0","448","1135","1200","126","60","52","11","43","32","13","4","5","1","5","0","4","0","4","0","25","18","21","4","65","9","32","3","4","9","3","0","20","4","3","2","3","27","55","56","69","101","138","8","59","63","67","125","136","162","0","25","26","26","62","108","114","1","17","12","37","60","88","92","2","27","28","33","46","46","65","5","21","14","23","49","41","48","0","8","5","9","18","17","21","2","10","6","6","9","18","21","582","171","142","49","24","7","13","10","71","365","103","83","20","10","3","6","12","66","229","78","61","20","15","3","9","6","27","97","25","15","6","4","1","1","0","1"
"s25","voters","500350","3026","1432","883","119","4","9","19","0","5","0","555","1425","1601","169","89","50","17","62","19","24","3","5","4","4","0","5","2","4","1","15","14","15","2","43","3","15","2","12","4","2","3","20","18","2","1","6","32","52","94","94","102","175","11","58","98","124","143","156","287","5","17","34","50","73","116","182","1","15","25","46","59","113","147","3","23","40","54","62","60","69","3","27","19","53","51","50","41","0","4","9","13","14","22","20","1","4","8","13","13","19","16","751","266","169","52","40","11","16","16","111","461","111","115","30","27","6","14","13","106","304","79","66","28","14","5","5","5","49","100","28","13","1","4","2","1","2","5"
"s25","voters","500800","2420","1211","605","117","7","9","27","0","8","0","436","1083","1337","203","48","64","18","52","12","15","2","3","3","3","0","0","3","0","0","15","10","13","2","17","4","8","2","12","6","4","4","20","13","4","0","3","25","77","86","56","67","137","6","45","115","108","104","132","250","0","14","25","46","56","81","95","1","9","27","38","43","65","105","5","19","30","47","48","34","49","0","16","29","47","33","35","44","0","6","8","9","17","20","23","0","7","11","17","10","15","25","646","205","177","42","24","7","9","8","93","310","82","78","20","15","6","7","8","79","235","57","50","27","11","4","12","12","28","114","26","13","5","2","1","0","0","7"
"s25","voters","501410","936","454","277","43","0","2","6","0","3","0","151","441","495","81","20","17","6","17","20","9","3","0","0","0","0","2","2","0","0","4","3","2","0","2","0","2","1","1","2","1","0","13","7","4","0","0","11","26","29","30","41","52","3","24","33","33","42","47","83","1","11","10","26","28","37","39","1","3","8","14","28","38","33","0","4","16","18","12","8","17","2","9","12","17","14","12","10","0","1","3","5","6","6","4","0","0","8","2","4","8","7","248","68","59","20","9","3","6","10","31","147","51","26","10","3","2","3","5","30","70","22","26","12","6","1","3","2","9","25","9","11","2","1","0","2","0","4"
"s25","voters","501420","1513","776","409","63","2","6","10","0","2","0","245","699","814","81","36","15","9","34","9","18","1","3","0","0","1","3","2","1","1","8","3","5","0","10","0","2","0","0","0","2","0","8","11","4","0","1","14","31","45","49","61","110","5","23","44","75","68","99","151","0","9","10","29","28","69","72","0","9","11","22","22","49","79","0","6","12","23","26","28","35","3","11","10","16","18","27","30","0","0","8","4","6","6","17","0","1","6","3","6","11","15","453","126","89","20","18","10","9","5","46","218","52","45","14","5","4","7","3","61","127","30","38","11","11","5","2","5","16","53","15","9","1","0","2","1","0","2"
"s25","voters","501610","3571","1540","1197","145","3","14","34","1","12","0","625","1713","1858","138","64","21","13","55","48","22","13","7","6","4","0","18","5","6","0","45","30","20","2","51","24","62","8","6","11","7","2","19","16","7","1","3","44","41","67","82","124","265","9","66","62","93","132","203","349","4","32","29","43","92","189","234","2","29","23","47","92","153","228","11","41","21","37","74","80","93","2","28","21","34","51","64","68","0","8","12","14","7","24","42","0","8","7","9","23","28","27","820","267","193","53","24","11","11","17","144","641","156","141","31","22","9","11","19","167","317","107","86","23","13","4","11","8","56","120","49","26","4","1","1","0","0","8"
"s25","voters","501900","31","11","16","1","0","0","0","0","0","0","3","16","15","1","1","0","0","0","0","0","0","0","0","0","0","0","0","0","0","0","0","0","0","3","0","0","0","0","0","0","0","0","2","0","0","0","1","0","0","0","1","2","0","0","0","2","0","1","4","0","1","0","0","0","3","4","0","0","1","0","1","2","4","0","0","1","0","0","1","1","0","0","0","0","0","0","0","0","0","0","0","0","1","0","0","0","0","0","0","0","0","9","0","2","0","0","0","0","0","0","9","2","5","0","0","0","0","0","0","2","0","0","0","1","0","0","0","0","1","0","0","0","0","0","0","0","0"
"s25","voters","501910","2643","1316","708","115","4","13","26","0","7","1","453","1270","1373","160","44","40","13","42","23","21","9","8","2","3","1","11","3","5","1","35","5","10","2","50","3","25","2","3","7","5","4","21","19","11","4","5","43","49","109","97","91","152","9","39","80","150","140","122","230","1","22","34","49","57","97","124","0","8","27","41","47","73","128","5","19","25","42","74","37","42","5","17","21","35","51","32","48","1","9","8","16","18","20","24","1","6","6","10","13","16","18","665","227","179","47","34","12","9","11","132","340","104","101","27","25","8","8","7","88","216","73","67","20","11","4","5","4","53","96","30","23","7","4","0","2","0","4"
"s25","voters","502020","2537","1161","770","108","5","18","27","0","7","0","441","1212","1325","96","55","33","18","40","20","31","4","5","1","2","0","8","5","1","0","34","12","15","1","36","11","25","2","5","2","2","1","13","5","6","0","5","29","48","65","78","85","153","6","42","62","98","122","130","238","2","24","23","40","81","99","141","1","17","22","45","63","73","139","4","25","15","42","57","49","60","5","20","17","29","48","34","36","0","6","6","12","14","17","32","0","6","2","14","17","17","22","626","185","154","33","20","6","16","12","109","408","105","96","22","22","9","9","9","90","229","55","63","28","15","4","7","3","37","98","33","18","7","3","0","0","2","4"
"s25","voters","502300","2217","1089","581","102","4","6","15","0","6","2","412","1044","1173","133","38","34","19","47","21","12","5","6","3","3","0","10","7","1","1","26","12","25","1","24","3","14","0","10","2","2","1","20","13","7","1","3","22","58","72","56","90","140","2","40","95","92","93","115","211","0","11","26","41","37","91","105","0","6","20","40","40","73","91","1","16","26","45","45","46","48","0","13","13","39","32","45","43","0","9","7","5","11","12","21","1","8","11","7","9","14","20","613","195","129","35","13","10","7","14","73","303","99","57","15","19","10","7","8","63","210","70","60","21","9","4","4","8","26","76","25","15","5","2","1","4","0","7"
"s25","voters","502500","2563","1352","623","104","6","11","44","1","11","0","411","1141","1422","245","72","76","31","45","23","7","6","3","0","2","0","1","2","2","0","17","10","11","2","15","10","5","2","8","3","6","1","31","7","24","1","0","44","93","97","79","80","131","7","55","141","147","95","101","282","2","19","30","54","53","68","86","0","10","27","44","43","58","129","2","17","46","48","40","25","42","6","10","43","33","30","27","42","1","10","11","15","17","16","15","2","12","10","19","17","15","17","889","219","117","28","20","10","8","11","50","386","87","69","20","13","2","6","2","38","248","53","40","19","15","3","5","5","23","116","28","19","5","2","2","1","0","4"
"s25","voters","502740","1773","938","406","70","6","9","12","0","4","0","328","828","945","154","51","42","14","28","17","13","0","9","6","2","0","11","5","4","2","51","15","28","3","24","5","8","1","12","1","5","1","31","11","5","1","4","20","47","88","59","76","87","3","35","89","116","96","99","119","2","6","22","41","36","45","56","1","7","22","32","28","56","52","4","16","26","36","40","31","32","4","11","16","31","33","22","26","1","1","9","9","13","12","9","0","5","6","7","8","13","8","568","178","103","25","17","7","4","4","32","230","66","49","14","15","4","6","4","18","189","50","38","23","12","3","3","2","8","65","22","9","2","0","2","0","0","1"
"s25","voters","502900","2759","1342","804","117","4","6","18","0","7","1","460","1317","1442","213","73","63","22","52","29","18","8","1","1","1","0","9","3","5","2","20","7","16","1","33","4","15","2","7","2","7","1","41","7","8","0","3","38","74","80","75","104","164","8","58","100","141","121","136","240","1","20","29","74","65","112","133","2","14","32","49","56","86","131","5","21","30","59","53","57","46","2","16","24","47","38","36","26","0","9","6","12","12","15","20","0","4","8","17","7","23","20","725","208","149","55","31","13","13","11","137","384","119","114","37","18","4","10","9","109","231","73","66","29","14","5","10","1","31","97","26","12","4","4","2","0","1","7"
"s25","voters","510100","142","34","83","9","0","0","2","0","0","0","14","66","76","9","2","0","0","0","0","0","0","0","0","0","0","0","0","0","0","0","0","0","1","1","0","2","0","0","0","0","0","0","0","0","0","0","2","0","2","1","2","5","0","4","2","3","3","2","8","0","1","3","6","4","7","24","0","1","4","5","2","6","20","0","0","0","0","1","0","3","1","1","1","3","1","0","3","0","0","0","0","0","3","2","0","0","0","1","1","3","1","21","3","4","0","1","0","0","0","5","46","12","6","1","2","0","2","1","13","9","0","1","0","0","0","0","0","4","6","4","0","1","0","0","0","0","0"
"s25","voters","510120","4","0","4","0","0","0","0","0","0","0","0","2","2","0","0","0","0","0","0","0","0","0","0","0","0","0","0","0","0","0","0","0","0","0","0","0","0","0","0","0","0","0","0","0","0","0","0","0","0","0","0","0","0","0","0","0","0","0","0","0","0","0","1","0","0","1","0","0","0","1","0","0","1","0","0","0","0","0","0","0","0","0","0","0","0","0","0","0","0","0","0","0","0","0","0","0","0","0","0","0","0","0","0","0","0","0","0","0","0","0","0","0","1","0","0","0","0","0","3","0","0","0","0","0","0","0","0","0","0","0","0","0","0","0","0","0","0"
"s25","voters","510300","367","87","212","21","0","3","5","0","0","0","39","176","191","7","10","4","1","4","5","0","1","0","0","0","0","1","0","0","0","0","0","0","0","1","2","0","0","0","0","0","0","3","3","0","0","1","2","2","2","2","5","17","0","3","4","4","10","9","26","0","8","11","12","17","21","41","0","13","8","12","9","23","37","1","3","5","3","1","4","3","0","2","1","2","3","2","9","0","1","1","0","1","4","8","0","0","3","2","0","5","4","47","17","9","2","3","0","0","3","6","112","28","31","5","6","2","2","2","24","25","5","3","1","1","0","0","0","4","17","7","3","0","1","0","0","0","1"
"s25","voters","510400","71","17","39","6","0","0","1","0","0","0","8","34","37","8","4","3","1","0","1","0","0","0","0","0","0","0","1","0","0","0","0","0","0","0","0","0","0","0","0","0","0","0","1","0","0","0","0","0","0","1","2","6","0","0","1","0","1","3","3","0","1","1","1","2","2","9","0","1","3","1","4","4","10","0","1","2","1","0","0","1","0","1","0","1","1","0","0","0","0","1","0","0","2","1","0","0","0","0","0","0","3","10","1","2","0","1","0","0","0","3","20","5","4","3","1","0","0","0","6","4","2","1","0","1","0","0","0","0","0","0","3","0","3","1","0","0","0"
"s25","voters","510500","379","148","157","17","1","2","3","0","1","0","50","183","196","10","0","2","1","4","0","2","0","0","0","0","0","0","0","0","0","2","2","0","0","1","0","0","0","0","0","0","0","0","2","0","0","0","0","2","3","4","9","33","1","4","5","8","7","21","51","0","2","6","7","10","20","40","0","4","4","10","4","15","35","0","2","2","3","2","11","10","0","0","1","5","3","6","5","0","0","3","3","0","4","7","0","0","1","0","1","4","1","85","20","11","4","5","1","2","0","20","85","19","8","6","5","0","4","0","30","28","6","9","1","1","0","0","1","4","16","2","3","1","0","0","0","0","2"
"s25","voters","510730","6","4","1","1","0","0","0","0","0","0","0","3","3","0","0","0","0","0","0","0","0","0","0","0","0","0","0","0","0","0","0","0","0","0","0","0","0","0","0","0","0","0","0","0","0","0","0","0","1","1","0","0","0","0","1","1","0","0","0","0","0","0","0","0","0","1","0","0","0","0","0","0","0","0","0","0","0","0","0","0","0","0","0","0","0","0","0","0","0","0","0","0","0","0","0","0","0","0","0","0","1","3","0","1","0","0","0","0","0","0","0","0","1","0","0","0","0","0","0","0","0","0","0","0","0","0","0","0","0","1","0","0","0","0","0","0","0"
"s25","voters","510840","71","17","37","4","0","1","1","0","0","0","11","35","36","0","3","2","2","0","4","0","0","0","0","0","0","0","0","0","0","0","0","0","0","0","0","0","0","0","0","0","0","0","0","0","0","0","0","0","1","0","0","7","0","0","0","2","0","2","5","0","0","0","2","1","2","12","0","1","1","2","2","3","11","0","0","0","3","0","2","2","0","0","0","0","1","1","2","0","0","0","0","0","0","3","0","0","0","0","1","1","1","8","1","4","2","0","0","0","0","2","17","1","7","1","1","1","0","0","9","4","1","2","0","0","1","0","0","3","3","0","0","1","0","0","0","1","1"
"s25","voters","520000","696","352","158","29","1","1","7","0","2","0","146","311","385","35","14","9","5","7","7","1","1","2","0","3","0","2","0","1","0","17","7","13","1","11","2","18","0","2","0","2","0","5","3","0","0","0","5","17","13","24","30","48","0","23","17","32","36","33","74","0","3","4","6","9","28","33","0","0","4","3","13","28","27","0","8","5","14","18","17","8","2","8","7","11","17","14","17","0","1","4","1","4","5","6","0","2","1","1","4","5","6","192","61","40","9","2","5","1","4","38","82","22","19","5","4","1","1","2","22","79","25","18","2","6","2","0","2","12","26","9","2","2","0","0","1","0","0"
"s25","voters","520110","1229","598","269","43","1","6","10","0","2","0","300","553","676","40","11","13","6","24","14","8","0","6","3","7","0","13","3","2","0","42","30","83","1","49","10","20","0","5","3","1","2","2","6","4","1","2","24","15","16","41","51","94","4","27","22","26","59","57","160","0","7","3","4","14","29","70","0","2","1","7","24","30","78","2","11","6","11","41","37","40","1","11","3","15","47","29","46","0","3","2","1","5","8","16","0","0","1","2","2","7","15","340","106","73","13","16","4","7","4","35","146","50","27","9","7","2","2","4","22","176","47","19","29","3","6","5","3","12","38","14","5","1","1","1","1","1","0"
"s25","voters","520220","1751","832","444","73","1","9","14","0","3","0","375","826","925","48","19","13","5","40","29","10","5","5","2","6","1","5","1","4","0","46","36","41","4","64","9","46","4","7","1","7","1","4","3","2","1","5","32","25","35","73","62","104","5","54","37","60","97","112","131","2","7","8","11","29","60","117","0","7","7","11","33","58","94","3","15","14","24","40","56","51","4","14","14","23","50","36","31","0","6","4","1","7","18","17","1","7","3","2","4","9","21","471","130","109","17","13","6","8","11","67","218","59","48","13","10","3","7","4","82","200","41","50","29","5","6","7","8","29","61","19","12","2","0","1","1","0","4"
"s25","voters","520230","837","458","169","39","0","5","4","0","0","0","162","385","452","58","11","8","6","27","4","3","2","3","0","2","0","3","1","0","0","18","10","13","1","17","1","12","2","1","2","2","0","4","2","1","2","0","12","29","11","18","34","84","2","16","31","19","25","52","125","0","1","1","8","7","30","35","0","1","2","6","12","13","53","1","11","14","14","14","24","13","0","2","9","6","18","14","22","1","1","3","2","3","6","8","0","1","1","2","1","3","16","273","80","49","13","10","3","5","3","22","101","19","18","6","1","4","3","0","17","111","25","9","3","5","0","2","1","6","20","15","5","0","1","1","3","0","3"
"s25","voters","520240","765","300","219","39","1","5","4","0","2","0","195","372","393","13","9","4","4","19","10","3","2","3","8","2","0","0","1","0","0","16","20","28","0","50","16","39","9","3","0","0","0","2","7","0","0","1","16","6","6","19","33","35","2","24","15","9","31","56","47","1","4","8","1","12","40","52","0","3","5","7","16","31","39","3","5","11","5","22","30","38","1","13","6","4","17","18","22","0","1","3","0","1","7","12","0","4","0","0","8","7","8","170","59","45","7","5","2","2","1","9","116","35","30","5","3","5","3","5","17","107","31","21","12","4","3","5","2","10","32","10","2","4","1","0","0","0","2"
"s25","voters","520250","206","84","41","10","0","0","1","0","1","0","69","95","111","4","0","0","0","3","5","1","1","3","1","4","0","0","0","3","0","1","4","12","1","19","6","18","2","0","1","0","0","0","0","0","0","0","1","4","3","6","8","12","0","5","2","7","9","11","16","0","1","1","3","1","5","11","1","1","3","1","5","4","4","0","2","1","1","5","11","9","0","4","2","3","5","11","15","0","2","1","1","0","3","3","0","1","0","0","0","1","0","50","20","10","1","1","0","2","0","0","19","5","10","1","2","0","1","0","3","40","13","4","1","4","1","0","2","4","6","2","2","1","0","0","0","0","1"
"s25","voters","520400","701","366","151","14","2","4","10","0","2","0","152","362","339","14","4","5","3","17","3","1","2","2","1","2","0","2","0","1","0","20","12","31","1","50","9","22","1","6","2","3","0","1","0","1","0","0","26","8","15","33","36","48","0","21","15","18","35","57","54","1","4","8","5","12","27","27","0","2","3","6","15","16","25","2","9","10","7","17","30","17","2","8","7","4","17","10","12","2","1","1","1","2","8","5","1","1","0","1","0","6","3","202","61","45","11","5","2","0","2","38","78","21","15","6","3","0","0","6","22","83","28","16","6","6","4","1","2","6","27","1","1","1","1","0","0","1","0"
"s25","voters","520410","68","21","27","3","0","1","0","0","0","0","16","33","35","0","2","0","0","0","3","0","0","0","0","1","0","1","0","0","0","1","6","6","0","6","1","2","0","0","1","2","1","0","0","0","0","0","0","0","1","1","4","4","0","1","2","0","3","0","5","0","6","0","0","2","2","5","0","3","0","0","3","5","1","0","1","0","0","1","3","1","0","1","1","0","1","5","2","0","0","0","0","2","0","0","0","0","0","1","0","1","0","15","5","0","0","0","1","0","0","0","17","4","4","0","1","1","0","0","0","8","3","5","0","0","0","0","0","0","2","1","0","1","0","0","0","0","0"
"s25","voters","520500","2424","1280","512","92","2","12","22","0","10","0","494","1124","1300","115","50","36","10","51","18","16","7","8","1","4","0","8","3","4","1","53","33","62","6","45","5","28","2","15","0","2","0","22","5","9","1","2","40","68","79","86","104","152","4","56","79","103","147","136","224","0","16","11","32","45","75","88","2","9","13","19","46","62","94","3","23","19","38","68","57","60","2","21","23","38","60","34","48","0","6","5","5","10","24","8","2","6","3","7","18","21","23","735","215","157","32","25","10","11","8","87","272","68","61","15","16","6","5","8","61","275","75","60","25","10","3","6","5","35","98","22","7","2","2","1","1","2","3"
"s25","voters","520510","351","172","96","15","0","1","4","0","0","0","63","167","184","21","6","1","1","2","0","0","0","0","0","0","0","4","0","2","0","13","10","20","1","14","1","8","0","2","0","1","0","1","0","0","0","0","7","9","8","14","11","23","0","10","12","14","11","23","30","0","1","5","3","5","9","26","0","1","3","3","7","13","20","1","8","2","7","5","8","6","0","3","4","1","5","8","5","0","0","1","0","4","1","3","0","2","1","2","1","1","4","98","32","23","3","2","2","0","2","10","42","10","20","2","2","0","1","2","17","37","6","10","1","4","0","0","1","4","13","2","1","1","1","1","0","0","1"
"s25","voters","520600","225","112","42","13","0","0","0","0","1","0","57","118","107","7","3","6","1","4","2","1","0","0","0","0","1","0","0","0","0","8","0","11","0","9","1","5","0","3","0","0","0","2","0","1","2","2","6","2","6","11","11","11","1","7","7","8","13","15","12","0","2","2","4","3","9","5","1","2","1","1","4","6","2","0","3","6","4","7","13","3","0","1","1","3","6","4","6","0","0","2","0","2","2","2","1","2","1","1","0","0","1","68","17","16","7","0","0","0","1","3","29","3","7","2","0","0","0","0","1","29","11","9","2","3","0","0","0","3","10","1","2","1","0","0","0","0","0"
"s25","voters","520630","396","201","105","17","0","0","8","0","4","0","61","183","213","39","7","9","2","6","8","0","0","0","1","0","0","3","0","0","1","1","0","0","0","5","1","1","0","2","0","0","0","2","3","3","0","0","2","9","14","12","12","24","1","7","14","22","16","29","39","0","1","7","8","6","17","25","0","1","5","4","2","13","16","0","3","4","7","4","9","4","0","4","4","6","6","5","5","0","1","1","3","3","5","2","0","1","1","6","1","3","2","122","27","25","4","3","3","0","3","14","66","12","10","2","5","0","0","2","8","34","11","7","3","0","1","0","0","5","23","3","0","0","0","2","1","0","0"
"s25","voters","520640","1056","530","224","39","1","6","7","0","0","0","249","462","594","55","25","18","6","15","4","5","2","14","13","3","0","0","1","0","0","42","25","41","3","50","5","31","5","5","1","3","1","4","4","5","0","2","14","34","24","37","28","59","3","34","33","44","47","66","105","1","6","11","13","19","27","37","0","4","8","10","13","26","49","2","7","20","10","35","27","25","2","4","8","19","39","22","29","0","3","1","3","7","4","6","0","5","1","3","5","4","11","329","86","62","11","9","1","7","2","23","146","27","26","4","7","2","0","0","12","137","39","33","13","11","4","1","2","9","40","6","2","2","1","0","1","0","1"
"s25","voters","520710","691","286","189","27","0","1","5","0","2","0","181","342","349","26","11","8","0","5","16","3","0","2","1","1","0","7","2","1","0","17","12","20","1","40","8","38","3","5","3","1","1","1","1","2","0","1","14","10","13","18","22","44","1","16","18","12","34","41","42","2","9","4","1","19","31","35","1","7","3","4","15","30","28","1","14","11","4","26","28","17","1","9","7","6","30","14","13","0","2","4","3","1","1","7","0","4","1","0","1","5","6","148","63","35","8","3","0","2","1","26","88","29","28","7","6","2","4","4","21","91","33","32","8","6","2","2","1","6","18","9","6","1","0","0","0","1","0"
"s25","voters","520720","40","9","24","4","0","0","1","0","0","0","2","18","22","1","1","0","2","0","1","0","0","0","0","0","0","2","0","0","1","0","2","1","0","2","0","0","0","0","0","0","0","0","0","0","0","0","0","0","1","0","1","1","0","0","0","0","1","1","4","0","1","0","0","2","5","3","0","2","0","0","2","3","6","0","0","1","0","0","0","0","0","0","0","0","0","0","1","0","0","0","0","0","0","3","0","0","0","0","0","0","2","7","1","0","1","0","0","0","0","0","7","2","6","1","0","0","0","0","8","0","1","0","1","0","0","0","0","0","4","0","0","1","0","0","0","0","0"
"s25","voters","520760","690","298","171","26","0","4","5","0","1","0","185","313","377","26","16","13","2","6","4","2","1","10","2","3","0","0","0","0","0","34","10","34","1","40","12","32","2","9","4","2","0","1","2","5","0","0","6","10","19","17","23","32","1","21","24","19","30","34","62","1","6","5","7","14","20","39","1","5","6","6","8","19","34","1","7","14","7","15","33","17","0","8","9","11","24","24","15","0","1","2","1","6","4","6","0","0","2","1","1","6","6","175","53","37","7","5","1","4","2","14","98","28","20","5","4","1","1","4","10","97","32","30","5","5","0","4","3","9","26","5","3","2","0","0","0","0","0"
"s25","voters","520770","10","2","3","0","0","0","0","0","0","0","5","6","4","0","0","0","0","0","0","0","0","2","0","1","0","0","0","0","0","0","0","1","0","0","0","0","0","0","0","0","0","0","0","0","0","0","0","0","0","0","0","0","0","1","0","0","1","0","0","0","0","1","0","0","0","0","0","0","0","0","0","1","1","0","0","1","0","0","4","0","0","0","0","0","0","0","0","0","0","0","0","0","0","0","0","0","0","0","0","0","0","1","1","0","0","0","0","0","0","0","2","0","0","0","0","0","0","0","1","3","2","0","0","0","0","0","0","0","0","0","0","0","0","0","0","0","0"
"s25","voters","520810","1145","606","271","46","2","5","8","0","7","0","200","529","616","71","20","13","7","20","8","1","1","9","3","5","0","3","3","0","0","22","11","32","2","33","4","25","3","4","7","2","1","18","5","3","1","0","17","25","22","50","50","75","2","29","32","45","75","70","114","0","12","7","11","21","43","54","0","3","7","13","20","31","49","4","10","10","18","23","20","22","2","10","8","11","30","13","19","2","5","3","2","7","6","10","1","5","4","1","7","6","9","302","111","68","27","18","4","3","4","69","129","41","30","9","8","3","4","4","43","117","17","26","6","3","1","7","2","21","45","12","8","2","1","0","0","0","0"
"s25","voters","520850","596","299","158","15","0","1","9","0","2","0","112","286","310","30","11","11","2","5","2","1","2","5","0","0","0","0","0","1","0","16","6","24","1","27","5","12","2","1","3","1","0","5","6","2","0","2","14","7","16","25","23","40","0","12","14","25","44","30","47","1","5","4","5","17","27","25","0","5","5","5","14","20","25","3","9","2","14","18","9","5","0","6","2","14","12","8","10","0","4","0","2","0","4","5","2","3","0","0","4","3","0","163","48","37","7","4","2","4","6","28","84","26","17","6","2","3","1","1","18","53","26","15","7","2","0","1","1","7","22","2","2","1","0","0","0","0","0"
"s25","voters","520860","1272","726","171","37","8","5","10","0","5","0","310","568","704","97","19","17","15","20","6","4","1","22","1","7","1","11","0","3","0","51","16","52","3","70","5","37","3","10","2","2","0","33","6","17","3","7","21","64","50","47","56","53","3","53","89","60","82","76","65","1","4","9","6","17","26","26","0","2","8","9","18","23","22","1","11","28","22","31","41","17","2","13","15","28","51","30","20","0","3","6","5","5","4","7","1","4","7","7","5","7","4","506","109","67","11","7","2","4","6","14","104","24","22","0","6","3","0","0","12","205","40","26","13","7","0","7","4","8","47","8","2","3","0","2","0","1","2"
"s25","voters","521200","1078","546","254","39","1","6","8","0","1","0","223","508","570","44","13","15","4","19","8","2","0","9","1","3","0","10","2","6","1","28","17","41","1","45","4","13","0","10","0","0","0","8","6","2","2","2","18","18","26","39","49","74","5","26","16","42","56","67","108","1","2","4","9","24","37","56","1","3","3","10","18","26","60","2","9","6","24","30","24","27","3","8","8","15","25","21","21","0","1","2","5","2","7","10","0","2","2","4","8","8","4","283","97","69","19","11","5","3","8","51","120","37","33","8","8","2","4","5","37","100","48","34","14","5","1","3","2","16","40","6","5","1","1","1","0","0","1"
"s25","voters","521500","1593","839","346","64","2","3","7","0","4","0","328","716","877","79","21","17","4","29","12","12","2","21","4","7","0","5","2","3","0","46","30","54","4","57","4","32","1","5","5","3","1","19","4","7","4","0","22","48","37","44","66","109","5","45","62","54","88","102","157","0","5","10","9","25","52","79","0","5","6","5","12","40","98","2","10","23","14","41","50","41","0","15","12","19","26","46","29","0","4","2","6","4","5","8","0","3","4","3","8","16","17","487","132","94","24","19","5","13","7","58","181","50","35","9","7","5","3","3","53","196","35","42","11","9","5","4","3","23","53","11","12","0","2","0","0","2","0"
"s25","voters","522010","1750","868","381","63","2","12","12","0","3","0","409","834","916","97","26","25","14","30","18","13","3","2","5","7","0","14","2","3","1","39","35","64","3","89","17","52","4","7","2","7","0","19","7","8","2","6","41","39","32","62","59","107","10","52","42","52","119","92","155","0","12","12","14","31","55","88","1","7","5","16","28","49","63","4","21","16","23","72","52","44","2","18","13","29","53","31","31","0","4","4","2","3","10","21","1","8","2","5","6","13","13","493","119","116","22","16","11","7","5","79","192","52","36","11","11","3","4","5","67","226","51","57","16","9","7","3","11","29","59","11","9","5","0","1","3","0","4"
"s25","voters","522100","1782","882","432","67","3","11","19","0","4","0","364","857","925","69","31","13","8","31","15","17","3","10","4","2","0","10","1","2","0","32","33","46","6","54","10","34","0","1","2","3","0","11","7","6","1","2","28","33","36","58","71","124","3","51","37","43","111","121","164","5","21","8","13","26","59","98","0","5","3","14","27","49","104","3","22","19","15","62","57","42","2","18","5","28","36","33","22","1","6","6","2","7","20","13","0","7","2","4","12","8","16","489","149","101","19","18","4","13","6","83","217","60","46","8","9","2","8","3","79","179","50","65","11","9","8","7","7","28","71","22","6","0","1","2","0","0","2"
"s25","voters","522160","266","123","47","6","0","4","0","0","0","0","86","119","147","5","3","2","2","0","0","0","2","6","0","2","0","0","1","0","0","9","28","24","2","24","0","16","0","0","0","3","0","8","1","2","0","0","10","7","5","11","13","8","0","15","8","5","19","14","8","0","1","0","2","4","12","4","0","1","0","4","7","6","6","0","2","2","3","12","13","5","1","5","1","7","16","13","6","0","0","0","0","2","2","1","0","1","0","0","2","2","0","72","24","17","4","0","1","0","1","4","29","10","6","1","0","0","0","1","0","52","12","7","1","1","1","2","1","9","7","2","1","0","0","0","0","0","0"
"s25","voters","522180","953","480","189","21","2","3","8","0","4","0","246","454","499","43","5","7","6","34","3","5","1","11","2","3","0","2","1","1","1","48","14","50","4","49","7","26","2","10","3","3","0","1","0","4","0","3","24","23","19","38","55","49","4","25","33","30","52","61","64","1","7","5","6","7","35","32","0","3","2","4","18","32","37","1","11","8","8","40","31","31","3","6","5","15","41","26","20","0","3","1","3","3","7","3","0","1","6","0","2","4","5","269","87","58","9","10","1","4","2","40","107","26","16","4","2","3","1","1","29","133","42","26","10","7","2","3","2","21","16","10","8","1","0","0","1","0","2"
"s25","voters","523100","341","179","58","15","0","3","3","0","1","0","82","162","179","25","3","3","1","5","5","2","0","6","1","0","0","2","0","2","0","18","4","16","1","24","0","17","2","5","0","0","0","4","1","0","0","0","8","6","5","20","18","21","3","15","14","6","18","22","23","0","1","3","2","5","10","9","0","1","1","2","3","9","12","2","4","2","3","8","16","6","0","4","5","3","9","15","5","0","1","3","0","2","3","4","1","1","1","0","1","2","3","102","29","19","10","4","1","2","3","9","36","6","7","1","1","0","0","0","7","31","13","10","4","6","2","2","5","9","11","8","2","0","0","0","0","0","1"
"s25","voters","523120","616","301","162","21","0","3","0","0","0","0","129","214","402","5","1","1","0","29","4","9","2","2","0","3","0","2","0","0","0","24","28","47","2","1","0","2","0","1","0","0","0","3","3","2","0","0","0","0","0","0","1","82","0","0","0","0","0","1","217","0","0","0","0","0","0","68","0","0","0","0","0","0","94","0","0","0","0","1","0","52","0","0","0","0","0","0","76","0","0","0","0","0","0","10","0","0","0","0","0","0","14","183","51","29","13","7","13","0","0","5","89","33","15","11","0","10","0","0","4","81","16","10","8","6","5","0","0","3","12","7","4","0","0","0","0","0","1"
"s25","voters","523200","1748","903","409","74","1","7","8","0","2","0","344","820","928","61","15","15","7","46","16","14","2","14","0","4","0","9","2","3","1","44","28","47","4","31","5","21","1","7","3","2","1","8","6","7","0","2","38","26","33","62","78","121","7","54","43","51","103","100","185","1","10","12","18","44","49","86","0","6","6","16","33","41","87","1","17","14","22","48","43","40","3","11","11","24","56","26","28","1","4","5","4","8","16","17","0","3","3","5","9","3","14","488","151","113","26","20","7","5","13","80","215","54","42","16","9","4","5","4","60","186","53","41","13","12","4","5","3","27","62","18","5","2","2","0","0","2","1"
"s25","voters","523700","1748","857","390","67","3","15","11","0","5","1","399","844","904","49","15","11","1","27","20","11","2","18","5","11","0","11","2","3","0","66","34","73","3","67","10","44","3","10","6","4","0","13","5","5","1","2","25","23","38","62","73","124","8","47","35","49","98","101","172","2","10","11","10","36","56","93","0","5","8","12","20","51","76","1","23","15","25","54","45","61","1","13","16","31","42","38","34","1","5","4","2","13","12","18","1","0","4","3","12","8","19","474","124","109","15","31","5","5","8","86","211","45","38","11","11","2","6","8","58","221","62","45","18","10","6","3","8","26","67","19","8","1","3","1","0","1","2"
"s25","voters","523720","700","349","162","26","1","5","2","0","1","0","154","334","366","23","4","6","4","16","11","1","0","7","1","3","0","13","0","1","0","21","14","26","1","13","3","11","0","2","2","1","0","5","5","1","2","3","16","7","8","22","33","54","1","20","17","19","39","45","65","1","6","2","2","19","18","43","0","0","2","5","13","19","32","0","8","7","12","23","12","20","0","12","5","7","18","12","18","1","0","2","3","2","6","4","0","1","0","1","3","4","8","179","68","49","11","5","3","1","3","30","82","19","21","4","4","0","0","4","28","82","21","18","10","5","0","4","1","13","22","9","0","0","0","0","0","1","3"
"s25","voters","532100","0","0","0","0","0","0","0","0","0","0","0","0","0","0","0","0","0","0","0","0","0","0","0","0","0","0","0","0","0","0","0","0","0","0","0","0","0","0","0","0","0","0","0","0","0","0","0","0","0","0","0","0","0","0","0","0","0","0","0","0","0","0","0","0","0","0","0","0","0","0","0","0","0","0","0","0","0","0","0","0","0","0","0","0","0","0","0","0","0","0","0","0","0","0","0","0","0","0","0","0","0","0","0","0","0","0","0","0","0","0","0","0","0","0","0","0","0","0","0","0","0","0","0","0","0","0","0","0","0","0","0","0","0","0","0","0","0"
"s25","voters","535040","2","0","0","1","0","0","1","0","0","0","0","1","1","0","0","0","0","0","0","0","2","0","0","0","0","0","0","0","0","0","0","0","0","0","0","0","0","0","0","0","0","0","0","0","0","0","0","0","0","0","0","0","0","0","0","0","0","0","0","0","0","0","0","0","0","0","0","0","0","0","0","0","0","0","0","0","0","0","0","0","0","0","0","0","0","0","0","0","0","0","0","0","0","1","0","0","0","0","0","0","1","0","0","0","0","0","0","0","0","0","0","0","0","0","0","0","0","0","0","0","0","0","0","0","0","0","0","0","2","0","0","0","0","0","0","0","0"
"s25","voters","535300","51","22","15","0","1","0","0","0","0","0","13","21","30","2","0","1","0","0","0","0","0","0","0","0","0","0","0","0","0","0","0","1","0","0","0","0","0","0","0","0","0","0","0","0","0","0","0","0","1","0","2","4","0","4","0","3","0","1","7","0","0","0","0","1","3","2","1","0","0","1","2","2","3","0","1","1","1","1","3","1","0","0","2","1","0","2","0","0","0","0","0","0","0","0","0","0","0","0","0","0","1","8","4","2","1","0","0","0","1","6","7","2","5","0","0","0","0","1","0","5","2","0","3","0","0","0","0","3","1","0","0","0","0","0","0","0","0"
"s25","voters","535400","7","2","3","1","0","0","0","0","0","0","1","3","4","0","0","0","0","0","0","0","0","0","0","0","0","0","0","0","0","0","0","0","0","0","0","0","0","0","0","0","0","0","0","0","0","0","0","0","0","0","0","0","0","1","0","0","0","0","1","0","1","0","0","0","1","1","0","0","0","0","0","0","0","0","0","0","0","0","0","0","0","0","0","0","0","0","1","0","0","0","0","0","0","0","0","0","0","0","0","1","0","1","0","0","0","0","0","0","0","1","2","1","0","0","0","0","0","0","0","1","0","0","0","0","0","0","0","0","0","1","0","0","0","0","0","0","0"
"s25","voters","535500","2","0","2","0","0","0","0","0","0","0","0","1","1","0","2","0","0","0","0","0","0","0","0","0","0","0","0","0","0","0","0","0","0","0","0","0","0","0","0","0","0","0","0","0","0","0","0","0","0","0","0","0","0","0","0","0","0","0","0","0","0","0","0","1","0","0","0","0","0","0","1","0","0","0","0","0","0","0","0","0","0","0","0","0","0","0","0","0","0","0","0","0","0","0","0","0","0","0","0","0","0","0","0","0","0","0","0","0","0","0","0","0","2","0","0","0","0","0","0","0","0","0","0","0","0","0","0","0","0","0","0","0","0","0","0","0","0"
"s25","voters","540400","420","198","67","10","1","0","4","0","0","0","140","205","215","5","1","6","1","4","0","0","0","2","3","3","0","2","1","2","1","31","20","51","4","47","7","26","2","4","1","5","0","0","1","2","0","0","9","9","9","32","18","16","1","12","6","16","35","18","17","0","3","0","3","11","7","11","0","2","2","5","6","8","9","0","6","2","4","28","20","12","2","5","4","5","27","11","14","0","0","0","0","4","0","1","0","0","1","3","4","0","2","106","40","21","6","8","1","4","5","7","39","12","7","2","1","2","1","1","2","76","19","20","6","2","5","4","1","7","12","2","1","0","0","0","0","0","0"
"s25","voters","540600","1963","1105","385","71","6","4","12","0","4","0","376","898","1065","124","35","29","8","44","11","9","0","12","9","6","0","22","1","3","1","79","29","69","3","46","9","24","5","15","0","6","1","33","7","12","1","2","31","72","68","76","79","108","4","56","96","93","107","126","187","1","8","13","19","35","45","75","1","9","10","21","24","42","82","1","10","30","38","45","38","49","0","15","25","34","32","26","33","0","3","4","10","13","15","10","0","5","4","8","10","5","10","675","157","119","30","24","5","10","8","77","216","47","44","12","4","5","4","3","50","218","47","47","14","9","5","9","6","21","67","17","5","3","0","1","0","1","3"
"s25","voters","540700","2167","1104","519","89","7","16","15","0","8","0","409","1048","1119","172","46","38","15","36","14","7","10","5","3","9","0","7","6","6","2","58","24","46","10","62","13","32","0","13","5","5","0","27","20","11","0","3","28","38","67","83","71","158","6","55","51","106","112","118","208","3","16","15","23","44","85","103","1","8","5","28","45","53","90","2","17","27","42","51","41","63","4","14","12","36","42","32","26","0","6","9","7","10","15","21","0","6","5","9","12","14","21","601","186","146","34","31","4","9","10","83","268","83","66","19","14","2","4","6","57","205","69","46","24","14","3","4","6","38","78","30","10","1","2","3","0","4","7"
"s25","voters","542000","1226","662","261","51","3","7","5","0","5","2","230","585","641","115","42","24","12","20","8","7","1","3","6","3","0","5","1","1","0","45","11","30","0","29","3","18","1","28","5","9","2","36","7","12","0","3","25","29","47","59","44","66","5","37","37","59","84","74","93","0","8","7","20","29","35","41","0","4","8","8","22","41","38","0","16","18","24","33","21","21","1","10","10","26","23","11","16","0","3","5","3","9","11","8","0","9","2","3","5","5","10","360","102","82","19","16","4","7","3","69","153","26","25","13","7","2","5","3","27","130","28","28","11","11","5","3","3","11","40","13","6","3","1","1","2","1","6"
"s25","voters","542100","280","164","49","14","1","1","1","0","0","0","50","127","153","30","7","6","2","0","0","0","0","1","0","1","0","0","0","0","0","7","3","9","1","3","2","2","0","0","0","1","1","2","1","2","0","0","8","9","12","9","20","12","0","6","13","15","17","24","19","0","1","0","2","6","7","7","0","1","0","4","7","5","9","0","2","0","5","6","6","5","0","6","7","2","7","4","0","0","2","0","3","3","0","2","0","2","1","1","1","2","0","87","24","15","1","6","3","1","4","23","32","3","4","3","2","1","0","0","4","25","5","10","2","0","2","0","1","5","13","4","0","0","0","0","0","0","0"
"s25","voters","542300","141","69","32","9","0","1","1","0","0","0","29","62","79","7","7","8","1","2","1","0","0","0","0","0","0","0","0","0","0","0","3","4","0","2","0","0","0","4","3","0","0","1","0","0","0","0","2","3","3","6","1","9","0","5","0","11","9","7","13","0","0","1","2","3","7","4","0","3","0","1","6","2","3","0","0","1","3","6","1","2","0","0","2","2","4","3","5","1","1","0","1","2","1","2","0","2","0","0","0","0","1","35","10","12","2","1","1","2","1","5","25","2","4","0","0","1","0","0","0","12","4","3","4","1","1","1","0","3","8","1","0","1","0","0","0","0","1"
"s25","voters","542310","36","15","14","2","1","0","0","0","0","0","4","20","16","2","4","0","1","1","0","0","0","0","0","0","0","0","0","0","0","1","0","0","1","2","0","0","0","0","0","1","0","2","0","0","1","0","1","2","1","0","2","3","0","0","2","1","1","0","2","0","0","0","1","4","0","3","0","0","0","1","1","0","4","0","0","0","1","0","0","0","0","0","0","0","1","1","1","0","0","0","1","0","1","0","0","0","1","0","0","0","0","10","4","0","0","0","0","0","1","0","7","0","1","0","0","0","0","0","6","2","1","0","1","0","0","0","0","0","2","1","0","0","0","0","0","0","0"
"s25","voters","543300","953","525","207","36","1","3","9","0","1","0","171","428","525","87","29","19","4","19","2","4","4","7","2","1","0","3","0","2","0","30","7","21","4","18","3","10","1","8","2","3","2","6","6","5","0","4","15","25","40","45","32","57","3","22","36","63","56","59","68","0","13","10","11","14","26","27","1","3","5","14","15","26","42","1","9","9","22","13","15","15","0","6","11","18","20","8","24","0","2","1","5","9","4","4","1","2","2","5","5","2","8","311","75","51","12","13","5","13","7","38","117","33","23","9","1","1","1","3","19","90","16","31","8","7","3","6","1","9","30","11","4","0","0","0","0","1","4"
"s25","voters","544200","432","253","58","11","3","3","3","0","3","0","98","167","265","36","7","14","2","3","3","2","0","3","0","1","0","2","0","0","0","16","4","18","2","14","3","1","3","2","0","3","0","7","0","8","0","1","8","18","22","12","8","14","2","13","32","38","31","24","30","0","2","4","3","3","9","5","0","0","4","6","3","7","12","0","4","8","12","14","6","7","1","5","7","13","11","3","7","0","2","0","1","0","3","1","0","3","6","1","4","0","2","171","35","21","7","3","3","4","1","8","32","13","6","1","0","3","0","0","3","59","17","12","3","3","0","1","0","3","16","4","1","1","1","0","0","0","0"
"s25","voters","545500","1378","807","236","40","3","6","8","0","2","0","276","613","765","112","27","33","5","38","8","7","3","6","0","2","1","12","0","1","0","43","16","18","2","22","7","13","0","7","1","6","0","25","7","9","1","4","24","66","49","51","53","63","3","29","91","79","89","94","112","0","4","12","13","23","26","42","0","0","17","16","19","22","42","4","16","28","24","35","25","19","2","10","23","28","24","17","21","0","3","4","6","8","4","7","0","0","4","2","8","6","7","504","115","86","23","20","11","3","4","41","145","28","28","5","3","3","3","2","19","160","41","27","17","5","2","2","4","18","41","9","3","2","1","0","1","0","2"
"s25","voters","546010","0","0","0","0","0","0","0","0","0","0","0","0","0","0","0","0","0","0","0","0","0","0","0","0","0","0","0","0","0","0","0","0","0","0","0","0","0","0","0","0","0","0","0","0","0","0","0","0","0","0","0","0","0","0","0","0","0","0","0","0","0","0","0","0","0","0","0","0","0","0","0","0","0","0","0","0","0","0","0","0","0","0","0","0","0","0","0","0","0","0","0","0","0","0","0","0","0","0","0","0","0","0","0","0","0","0","0","0","0","0","0","0","0","0","0","0","0","0","0","0","0","0","0","0","0","0","0","0","0","0","0","0","0","0","0","0","0"
"s25","voters","546100","1770","1004","270","52","6","6","9","0","3","1","419","829","941","116","23","26","10","27","8","7","3","16","4","6","2","20","3","2","1","89","28","64","6","94","12","61","6","16","7","10","0","43","13","17","3","3","39","90","73","101","69","59","7","54","95","108","132","82","92","1","2","14","14","40","40","36","2","10","9","11","39","27","25","3","13","24","31","58","50","28","6","22","20","45","62","38","19","1","6","8","9","5","9","3","0","6","9","3","7","6","5","656","173","84","18","19","7","6","7","34","152","49","26","9","7","1","0","3","23","224","66","61","20","16","5","6","7","14","55","14","3","2","0","0","0","1","2"
"s25","voters","546200","1487","899","166","35","3","10","8","0","5","0","361","716","771","99","14","23","9","20","1","4","4","19","11","11","0","12","0","2","1","105","34","85","8","92","15","47","6","34","3","3","3","26","2","7","0","1","21","117","136","67","27","37","1","37","143","144","87","42","39","0","3","16","22","20","14","10","1","2","12","19","20","12","15","2","9","44","60","37","27","19","2","7","30","59","34","15","16","0","1","5","9","6","4","2","0","2","6","9","4","9","4","717","114","51","9","5","1","1","1","0","138","12","11","0","4","0","0","0","1","277","53","23","6","1","0","0","0","1","42","14","2","1","1","0","0","0","1"
"s25","voters","546710","103","48","27","2","0","0","1","0","0","0","25","42","61","2","3","2","1","0","0","0","0","3","1","1","0","0","0","0","0","14","7","3","0","9","0","6","0","0","0","0","0","1","5","2","0","1","0","6","2","7","1","2","1","5","4","3","10","4","2","0","0","0","3","5","2","2","0","0","0","2","5","7","1","1","1","1","0","4","3","0","0","3","0","3","6","3","0","0","0","0","0","0","0","1","0","0","0","0","1","1","0","26","8","6","4","0","0","1","0","3","18","3","2","1","0","1","0","0","2","15","4","3","1","0","0","2","0","0","3","0","0","0","0","0","0","0","0"
"s25","voters","547720","1981","981","301","39","7","10","5","0","7","0","631","907","1074","105","32","33","17","15","2","6","0","13","3","16","1","7","2","2","1","141","79","160","14","187","28","121","8","24","11","14","1","15","11","15","0","6","41","26","49","131","84","63","13","92","51","84","177","93","71","3","14","8","7","45","49","37","0","14","2","14","39","42","27","5","41","12","26","116","72","41","5","32","11","45","115","67","43","1","3","1","2","12","3","9","2","6","5","1","12","5","6","522","182","146","35","16","9","6","16","49","177","45","25","9","7","2","2","3","31","338","92","77","42","24","10","7","5","36","39","16","6","2","3","0","0","0","2"
"s25","voters","547760","1316","697","190","40","4","6","3","0","4","0","372","608","708","67","15","13","4","11","8","3","0","18","10","5","2","9","3","1","1","65","32","86","6","65","8","54","6","13","4","9","1","25","7","6","3","1","34","30","46","87","50","41","1","36","41","78","106","53","93","0","5","4","21","27","28","22","0","2","5","13","24","19","20","4","22","13","28","66","30","28","2","9","12","42","65","21","30","0","2","2","1","7","3","6","0","3","2","5","8","7","11","438","105","91","23","13","2","10","3","12","145","20","13","3","4","1","1","0","3","225","65","35","19","16","6","3","0","3","39","11","2","0","2","1","1","0","1"
"s25","voters","547770","926","511","125","20","0","2","0","0","2","0","266","444","482","35","5","5","0","7","2","2","0","13","3","11","0","4","0","3","1","62","27","58","2","129","22","68","5","21","9","5","2","17","4","2","0","3","11","17","59","87","22","28","5","26","28","78","85","26","36","0","3","3","9","29","21","4","0","2","4","13","25","9","3","3","9","4","26","56","25","16","3","6","4","33","57","13","11","0","2","1","1","3","2","0","0","2","1","1","8","2","1","307","99","80","17","3","1","1","0","3","83","26","11","3","1","1","0","0","0","153","42","36","25","3","2","1","0","4","15","5","3","1","0","0","0","0","0"
"s25","voters","547900","1313","606","178","30","0","2","1","1","3","0","492","631","682","27","9","14","3","7","3","6","0","20","6","6","0","2","0","2","0","89","53","114","5","163","26","132","6","6","7","8","0","7","8","4","1","4","29","19","25","115","40","41","6","48","23","68","117","35","36","0","5","6","11","41","23","10","0","5","5","14","26","22","10","6","25","7","20","116","53","16","5","25","10","36","110","36","27","0","3","0","1","7","4","4","1","2","2","4","3","5","1","327","122","77","26","21","11","8","4","10","117","24","24","3","3","2","3","0","2","268","70","67","31","23","10","7","3","13","28","6","2","0","0","0","0","0","1"
"s25","voters","547910","180","78","21","1","0","0","0","0","0","0","80","84","96","6","1","0","0","0","0","0","0","0","0","1","0","1","0","1","0","8","4","15","0","14","4","17","0","2","0","0","0","7","1","0","0","0","2","6","8","11","5","2","1","4","7","14","15","0","3","0","1","1","6","3","1","1","0","0","1","5","0","1","1","1","4","2","10","15","4","1","0","6","0","12","19","3","3","0","0","0","0","0","0","0","0","0","1","0","0","0","0","54","14","6","3","1","0","0","0","0","17","1","2","0","1","0","0","0","0","50","14","11","4","1","0","0","0","0","1","0","0","0","0","0","0","0","0"
"s25","voters","547930","174","64","20","5","0","2","0","0","0","0","83","79","95","1","0","4","1","0","0","0","0","1","0","3","0","0","0","0","0","7","8","9","0","12","2","30","2","0","0","0","0","1","0","1","0","1","4","0","2","14","5","5","2","9","1","3","14","0","4","0","1","0","0","3","4","0","0","0","0","2","7","2","1","1","4","0","3","13","12","3","0","4","2","5","28","3","5","0","2","0","0","2","0","0","0","1","0","0","1","1","0","37","13","9","3","2","0","0","0","0","15","1","2","1","1","0","0","0","0","42","12","15","3","8","2","1","0","0","4","1","2","0","0","0","0","0","0"
"s25","voters","815140","4","1","3","0","0","0","0","0","0","0","0","3","1","1","0","0","0","0","0","0","0","0","0","0","0","0","0","0","0","0","0","0","0","0","0","0","0","0","0","0","0","0","0","0","0","0","0","0","0","0","0","0","0","0","1","0","0","0","0","0","0","0","1","1","1","0","0","0","0","0","0","0","0","0","0","0","0","0","0","0","0","0","0","0","0","0","0","0","0","0","0","0","0","0","0","0","0","0","0","0","0","0","0","0","0","1","0","0","0","0","2","0","0","0","0","0","0","0","1","0","0","0","0","0","0","0","0","0","0","0","0","0","0","0","0","0","0"
"s25","voters","819010","24","8","14","0","0","0","0","0","0","0","2","12","12","2","0","0","0","0","0","0","0","0","0","0","0","0","0","0","0","0","0","0","0","0","4","1","0","0","0","0","0","0","0","0","0","0","0","0","0","0","1","1","0","0","0","1","0","1","4","0","1","0","2","1","2","2","1","0","0","0","2","0","3","1","1","0","0","0","0","0","0","0","0","0","0","0","0","0","0","0","0","0","0","0","0","0","0","0","0","0","0","5","0","0","0","0","1","0","0","2","11","1","0","0","0","0","0","0","2","2","0","0","0","0","0","0","0","0","0","0","0","0","0","0","0","0","0"
"s25","voters","819100","2","0","2","0","0","0","0","0","0","0","0","1","1","0","0","0","0","0","0","0","0","0","0","0","0","0","0","0","0","0","0","0","0","0","2","0","0","0","0","0","0","0","0","0","0","0","0","0","0","0","0","0","0","0","0","0","0","0","0","0","0","0","0","1","0","0","0","0","0","1","0","0","0","0","0","0","0","0","0","0","0","0","0","0","0","0","0","0","0","0","0","0","0","0","0","0","0","0","0","0","0","0","0","0","0","0","0","0","0","0","2","0","0","0","0","0","0","0","0","0","0","0","0","0","0","0","0","0","0","0","0","0","0","0","0","0","0"
"s25","voters","821110","1012","598","130","23","2","4","1","0","7","0","247","469","543","148","15","23","5","8","2","5","0","3","3","4","0","1","0","1","0","44","21","58","1","75","11","43","4","19","10","8","2","54","8","13","2","1","20","32","44","45","41","52","3","35","60","52","74","62","77","0","2","4","12","19","14","29","2","2","6","8","8","9","15","1","9","23","23","26","25","32","3","10","16","14","14","28","23","0","0","3","2","3","3","4","0","0","3","6","3","4","6","332","111","76","19","11","4","7","1","37","84","16","13","4","4","0","0","0","9","138","43","32","8","6","5","3","6","6","30","2","2","0","1","0","1","0","1"
"s25","voters","821120","838","469","151","20","1","3","2","0","2","0","190","381","457","65","9","12","2","12","7","1","1","5","2","2","0","10","1","0","0","37","13","46","2","74","10","39","3","12","1","14","0","16","8","10","1","0","14","17","20","23","37","86","2","28","26","26","39","42","109","1","0","5","0","7","10","55","0","2","1","1","8","10","51","2","6","7","8","17","23","31","3","1","5","10","16","23","38","0","0","0","2","1","2","7","0","0","1","0","1","2","12","259","98","51","17","14","5","3","3","19","90","20","18","5","3","3","4","2","6","99","30","22","15","6","3","1","2","12","19","3","2","1","0","1","0","0","2"
"s25","voters","821210","1563","920","221","54","7","5","11","0","10","0","335","704","859","288","49","63","16","15","1","6","1","4","2","4","0","8","4","0","0","69","25","65","7","61","18","30","3","21","7","14","1","64","11","26","8","4","31","69","49","58","56","108","4","41","72","81","88","96","163","0","5","11","16","17","24","48","1","6","6","8","11","26","42","0","16","29","16","28","27","50","2","11","30","26","18","32","50","0","4","8","6","5","11","8","1","3","10","9","5","7","10","549","148","91","26","16","11","10","11","58","137","27","27","6","7","1","1","1","14","185","51","30","22","6","4","6","7","24","57","9","14","0","1","1","2","0","3"
"s25","voters","821230","65","41","5","0","0","1","0","0","1","0","17","29","36","11","2","4","1","2","1","0","0","0","0","0","0","0","0","0","0","1","0","1","0","0","1","1","1","3","0","0","0","2","1","1","0","0","1","5","5","1","3","0","0","4","7","5","5","1","4","0","0","0","0","0","2","1","0","0","1","1","0","0","0","0","0","2","1","5","1","1","0","1","0","3","0","2","1","0","0","0","1","0","0","0","0","0","0","1","0","0","0","36","4","0","0","1","0","0","0","0","5","0","0","0","0","0","0","0","0","15","0","1","1","0","0","0","0","0","2","0","0","0","0","0","0","0","0"
"s25","voters","821700","1718","1006","273","39","7","11","5","0","11","0","366","767","951","312","49","66","13","9","5","5","1","6","4","8","2","23","3","3","1","101","51","92","2","53","9","41","4","15","6","9","2","65","16","13","1","1","28","50","52","73","57","153","5","52","75","74","88","100","198","0","3","10","12","26","19","62","0","1","11","9","17","27","76","1","14","20","30","35","39","49","5","10","23","20","33","26","61","0","3","6","1","4","7","12","0","8","4","4","4","4","16","555","165","107","35","24","7","8","7","98","136","54","34","4","14","5","1","2","23","192","53","37","26","5","4","8","6","35","43","12","6","6","1","1","0","0","4"
"s25","voters","821800","2001","1255","283","30","6","8","3","0","12","0","404","909","1092","301","57","56","11","8","0","2","2","9","2","4","0","9","5","4","1","101","18","77","3","196","29","71","5","49","19","22","4","143","39","28","5","5","44","79","67","69","98","169","8","62","98","77","122","113","244","0","4","9","15","19","32","67","0","4","9","12","26","33","53","2","9","30","29","35","37","55","8","22","25","36","42","31","43","0","3","3","3","8","6","12","2","5","5","0","2","4","6","647","231","166","34","34","9","14","17","103","172","35","31","5","4","1","0","3","32","221","55","45","28","12","3","8","6","26","41","10","2","1","2","0","2","0","1"
"s25","voters","821900","1661","971","231","29","6","6","5","0","9","0","404","776","885","233","38","49","14","11","2","1","1","8","1","3","0","4","0","1","1","102","27","101","3","121","11","62","5","46","42","43","6","100","42","37","3","1","27","72","61","52","74","126","7","70","80","95","88","88","130","1","2","10","20","20","25","52","0","1","4","12","15","30","39","3","20","25","33","26","43","58","4","26","15","19","38","34","60","0","4","5","2","6","4","4","0","0","3","3","10","8","6","545","161","118","23","26","8","13","6","71","148","36","27","2","0","1","1","1","15","212","61","53","20","8","0","7","5","38","34","9","8","1","1","0","0","1","1"
"s25","voters","821920","95","53","18","4","0","1","0","0","0","0","19","36","59","17","7","7","2","0","0","0","0","0","0","0","0","0","0","0","0","1","1","2","0","2","0","1","0","0","1","1","0","6","3","2","2","0","0","1","2","0","3","13","0","1","4","4","3","9","13","0","0","1","3","1","2","4","0","0","0","0","1","1","5","0","0","0","2","0","1","2","0","2","1","1","1","4","5","0","0","0","1","0","0","0","0","0","0","0","1","0","3","33","6","9","1","1","0","0","1","2","12","1","4","1","0","0","0","0","0","12","3","0","1","0","0","0","0","3","3","1","0","1","0","0","0","0","0"
"s25","voters","822200","2459","1387","387","62","5","8","7","0","5","0","598","1149","1310","274","57","60","17","17","7","4","0","16","6","12","1","24","4","5","0","153","83","150","15","176","19","67","8","50","31","32","2","147","37","61","10","7","50","59","69","90","104","205","11","72","137","86","120","138","239","2","11","11","15","26","48","94","0","4","7","12","30","36","91","2","18","36","40","56","69","89","9","30","17","30","61","64","77","2","3","5","7","6","9","16","1","3","9","3","10","4","9","710","236","190","46","27","9","18","17","134","211","54","47","5","8","2","4","5","51","291","88","71","41","17","9","8","10","63","55","10","10","5","1","0","0","1","5"
"s25","voters","822900","255","145","37","15","1","4","3","0","1","0","49","118","137","49","5","18","4","2","1","0","2","0","0","1","1","0","1","0","0","4","2","3","1","10","1","0","0","0","0","0","0","1","0","1","0","0","7","9","7","8","12","13","2","9","8","13","11","21","25","0","1","3","4","2","5","9","0","0","0","3","0","5","5","0","3","2","3","4","7","7","0","2","4","4","4","2","7","0","0","3","1","2","5","1","0","1","0","1","6","3","1","90","17","14","5","2","1","4","2","10","19","4","5","2","2","0","0","0","5","23","6","9","5","1","0","1","0","4","8","8","4","2","1","1","0","0","0"
"s25","voters","823200","1161","754","145","26","7","5","5","0","4","0","215","506","655","485","76","115","22","2","1","3","0","0","2","1","0","1","1","0","0","21","13","17","3","39","4","22","2","8","4","4","2","25","1","9","3","1","24","55","34","37","52","90","4","44","64","71","81","69","128","1","5","8","16","17","12","19","0","4","6","12","15","10","20","1","15","25","23","14","8","24","4","20","12","27","11","14","17","0","3","7","7","2","3","3","0","2","3","8","4","2","3","378","145","85","20","18","9","9","9","81","87","24","12","1","5","2","3","4","7","114","30","29","16","9","4","2","0","11","28","12","5","1","1","0","0","0","0"
"s25","voters","823300","1014","660","126","23","3","5","3","0","5","0","189","451","563","373","43","86","16","3","1","1","0","0","0","2","0","0","5","0","0","21","17","19","0","32","0","7","4","11","10","8","0","24","7","9","2","4","22","34","36","38","60","75","5","44","64","61","47","63","107","1","1","11","6","8","26","15","0","0","6","9","14","10","19","1","11","15","17","15","16","17","3","14","14","17","12","15","22","0","2","5","3","2","6","4","0","2","4","1","3","4","3","317","114","87","27","15","10","6","14","70","79","16","10","2","3","0","1","1","14","103","21","25","11","6","3","1","4","15","28","6","2","0","1","1","0","0","1"
"s25","voters","823400","1308","807","168","40","3","5","6","0","4","0","275","618","690","248","21","52","15","13","2","0","1","9","2","2","1","11","1","1","1","64","29","75","9","67","8","20","3","12","7","13","3","63","14","24","3","1","28","46","48","46","71","103","2","39","70","56","73","101","123","0","9","4","6","15","24","31","0","2","2","8","9","24","34","2","12","9","26","26","36","45","3","10","6","20","24","28","28","1","3","2","1","6","8","9","1","1","5","3","5","9","4","436","121","103","26","18","3","9","11","80","96","20","24","4","2","0","1","2","19","143","35","34","18","10","2","4","5","24","38","9","5","0","3","1","0","0","2"
"s25","voters","823500","1020","633","173","26","6","3","4","0","2","0","173","443","577","209","36","46","15","11","2","3","1","9","4","4","1","2","0","0","0","29","24","27","2","29","1","6","1","24","12","15","3","35","8","3","3","0","14","29","22","23","37","124","0","22","42","37","33","81","169","1","2","4","6","7","19","46","0","2","2","5","9","22","48","2","4","11","6","12","14","40","2","12","9","8","5","15","33","1","0","4","2","2","4","7","0","1","1","4","3","8","4","306","109","104","15","13","3","11","6","66","109","31","17","4","1","0","2","1","8","101","28","15","12","3","1","3","4","6","30","8","3","0","0","0","0","0","0"
"s25","voters","823710","1616","1046","205","33","2","8","6","0","11","0","305","728","888","311","58","64","21","14","2","3","0","6","0","4","2","10","3","3","0","51","16","53","2","69","9","27","4","18","16","5","2","157","33","32","3","4","35","63","70","55","65","147","3","58","100","77","77","91","201","0","6","5","13","19","23","45","0","1","4","18","13","18","40","1","14","19","29","17","31","40","2","5","21","29","22","34","41","0","2","4","4","6","2","9","1","4","5","4","5","7","7","527","203","133","32","20","5","12","6","108","126","22","26","4","2","0","1","0","24","152","53","38","16","7","5","4","1","29","39","12","4","2","0","1","0","0","2"
"s25","voters","823720","494","254","100","12","1","2","2","0","2","0","121","249","245","47","11","15","4","7","0","0","0","0","3","1","0","2","3","1","1","26","18","44","2","21","5","11","2","6","9","1","0","29","16","3","1","0","9","22","7","20","19","43","1","12","14","21","11","21","54","0","1","4","4","7","14","26","0","3","2","2","10","6","21","0","2","2","12","12","9","24","2","5","7","6","10","14","16","0","0","2","2","1","3","4","0","1","3","0","0","2","1","141","47","33","9","2","2","1","2","17","58","13","14","2","4","0","0","0","9","70","17","12","8","1","1","1","1","10","13","1","2","1","1","0","0","0","1"
"s25","voters","824100","977","578","143","15","5","6","2","0","1","0","227","461","516","111","13","31","3","1","2","1","0","6","1","1","0","7","1","2","0","44","34","42","3","93","7","32","3","33","16","9","3","44","26","16","4","4","20","28","34","45","44","85","5","33","48","40","39","63","90","0","3","5","11","8","16","39","0","0","2","5","5","12","37","1","10","7","9","23","23","30","1","12","13","12","24","34","28","0","1","2","3","4","2","4","0","2","2","1","3","3","2","305","97","82","23","13","4","5","4","45","78","24","18","4","0","0","0","1","18","125","26","24","11","6","2","1","4","28","17","7","3","1","0","0","0","0","1"
"s25","voters","830320","1375","777","148","19","0","9","3","0","4","0","415","648","727","92","9","29","3","5","6","4","2","7","2","3","0","14","0","1","0","81","42","98","4","138","16","79","2","5","5","7","0","57","15","11","3","1","21","51","33","73","87","76","1","41","61","56","86","103","87","2","5","5","7","18","21","26","0","1","1","7","12","23","20","2","18","24","25","51","46","43","5","16","14","29","57","48","37","0","1","0","3","4","1","4","0","2","2","3","4","5","6","453","131","101","18","15","1","6","9","43","85","21","14","2","4","0","0","3","19","210","67","52","23","12","10","4","6","31","24","4","4","1","1","0","0","0","1"
"s25","voters","830400","0","0","0","0","0","0","0","0","0","0","0","0","0","0","0","0","0","0","0","0","0","0","0","0","0","0","0","0","0","0","0","0","0","0","0","0","0","0","0","0","0","0","0","0","0","0","0","0","0","0","0","0","0","0","0","0","0","0","0","0","0","0","0","0","0","0","0","0","0","0","0","0","0","0","0","0","0","0","0","0","0","0","0","0","0","0","0","0","0","0","0","0","0","0","0","0","0","0","0","0","0","0","0","0","0","0","0","0","0","0","0","0","0","0","0","0","0","0","0","0","0","0","0","0","0","0","0","0","0","0","0","0","0","0","0","0","0"
"s25","voters","830410","1","0","1","0","0","0","0","0","0","0","0","0","1","0","0","0","0","0","0","0","0","0","0","0","0","0","0","0","0","0","0","0","0","0","0","0","0","0","0","0","0","0","0","0","0","0","0","0","0","0","0","0","0","0","0","0","0","0","0","0","0","0","0","0","0","0","0","0","0","0","0","1","0","0","0","0","0","0","0","0","0","0","0","0","0","0","0","0","0","0","0","0","0","0","0","0","0","0","0","0","0","0","0","0","0","0","0","0","0","0","1","0","0","0","0","0","0","0","0","0","0","0","0","0","0","0","0","0","0","0","0","0","0","0","0","0","0"
"s25","voters","830500","2006","1010","241","35","0","12","5","0","10","0","693","957","1049","121","30","28","2","10","1","4","1","8","2","2","0","16","1","8","1","150","75","211","9","183","26","144","10","17","9","12","3","48","17","12","2","4","26","62","71","100","100","90","6","59","55","81","150","102","104","0","6","6","12","27","27","47","1","3","6","13","26","26","41","8","27","22","51","104","80","59","4","25","24","52","123","55","59","0","2","4","1","5","10","6","1","7","2","8","5","6","5","546","205","130","42","11","6","6","10","54","133","36","30","7","1","0","3","2","29","373","106","86","57","12","3","8","9","39","46","8","4","0","1","0","0","1","2"
"s25","voters","831000","2278","1258","371","49","9","11","12","0","9","1","558","1067","1211","225","48","41","12","18","9","8","0","22","7","10","2","8","3","5","0","157","67","133","14","141","29","91","7","42","15","21","2","107","30","26","4","7","49","64","66","96","92","180","5","72","72","88","107","128","232","0","7","9","14","34","33","85","0","9","8","14","27","38","93","4","23","27","28","64","65","73","5","28","19","32","72","58","60","1","6","4","6","7","9","14","3","5","3","4","8","6","15","684","246","165","32","23","7","10","8","83","218","54","36","11","8","3","4","3","34","287","87","63","30","18","9","8","9","47","63","11","8","3","0","1","2","0","3"
"s25","voters","831200","1087","617","183","30","3","3","7","0","3","0","241","504","583","103","15","28","9","12","6","13","2","6","4","3","0","8","0","1","0","94","47","61","6","73","6","31","6","12","12","8","0","17","6","7","1","2","11","28","28","37","60","95","4","38","53","42","48","61","110","1","2","5","6","14","18","48","1","1","1","8","14","23","41","2","8","11","14","25","31","33","3","13","8","14","27","27","25","0","1","3","2","3","9","7","0","4","1","1","5","4","6","338","101","77","22","19","5","3","4","48","111","20","21","5","1","1","3","1","20","113","43","28","12","8","4","2","3","28","29","7","5","0","0","0","0","1","4"
"s25","voters","831410","2209","1197","390","45","7","10","8","0","8","0","544","1032","1177","182","72","56","14","23","7","6","1","8","5","6","0","19","4","4","1","164","62","159","4","115","15","65","2","31","11","11","3","48","28","32","0","6","32","60","63","83","99","145","8","67","96","83","134","117","204","1","8","13","20","47","36","81","0","3","3","20","42","41","75","9","28","35","43","73","51","59","8","28","24","40","49","42","55","2","2","6","4","6","8","12","0","5","5","1","12","2","13","608","221","164","37","29","11","9","9","109","224","46","43","16","6","1","1","2","51","313","85","46","25","8","4","8","8","47","54","9","7","1","0","0","0","0","7"
"s25","voters","831500","2438","1327","434","63","3","8","14","0","4","0","585","1151","1287","196","48","52","11","12","13","7","2","20","8","12","1","24","11","5","1","155","71","140","9","158","17","76","5","24","1","13","0","60","20","25","4","4","43","72","69","111","100","181","6","57","92","93","143","118","238","1","10","10","14","38","42","98","0","8","5","20","38","54","96","7","30","23","48","76","62","68","8","32","19","39","58","54","61","0","6","5","5","5","13","10","1","1","6","4","8","10","18","745","230","148","34","19","11","11","14","115","256","39","52","9","5","1","6","3","63","293","91","85","24","14","7","10","8","53","60","15","6","0","2","4","1","0","4"
"s25","voters","831710","332","176","63","16","2","0","4","0","1","0","70","149","183","43","12","10","6","0","3","0","0","4","0","1","1","4","1","4","1","10","11","13","0","13","1","4","0","7","3","4","4","5","5","0","0","0","3","18","15","13","8","14","1","10","28","13","19","13","21","0","0","1","3","11","9","8","0","0","5","5","7","3","11","0","4","7","6","11","4","5","1","2","11","6","6","4","3","0","1","3","2","2","0","1","0","1","3","2","2","2","4","115","31","15","2","2","1","3","2","5","37","10","7","0","3","0","1","0","5","48","8","5","3","1","1","1","1","2","17","6","0","0","0","0","0","0","0"
"s25","voters","831730","1098","597","195","22","5","5","6","0","4","0","264","489","609","71","13","18","1","14","5","9","2","2","5","4","3","7","2","0","0","47","32","64","6","67","4","51","4","9","6","5","1","12","6","4","1","0","22","23","23","47","37","86","1","28","36","35","62","61","136","0","2","2","5","14","25","48","0","1","8","4","12","23","51","1","14","5","12","28","43","33","0","16","11","20","24","29","28","0","1","2","3","3","5","5","0","2","7","1","1","3","9","336","111","61","19","9","7","12","4","38","108","22","26","3","3","2","3","0","28","130","42","36","17","6","2","2","3","26","29","8","1","2","1","0","0","1","0"
"s25","voters","831810","1818","1040","302","45","4","5","12","0","3","1","406","838","980","235","42","52","19","16","10","7","0","8","6","4","0","8","0","4","0","78","38","84","5","102","11","52","3","21","7","14","1","45","18","14","7","1","32","56","59","68","80","139","1","63","68","83","104","108","178","1","7","5","14","30","43","52","0","8","6","20","18","39","59","2","19","28","28","50","48","36","2","21","16","35","47","39","35","0","0","7","8","3","12","10","0","4","0","5","3","11","7","565","162","136","30","17","6","12","5","107","176","43","29","7","2","2","1","2","40","213","59","58","16","10","7","5","3","35","43","13","4","1","0","2","2","0","5"
"s25","voters","831930","1076","627","185","29","3","5","10","0","5","0","212","506","570","167","20","32","14","11","6","2","2","1","7","6","0","9","0","1","1","52","34","45","2","38","5","21","1","17","9","11","1","20","7","6","1","1","18","34","35","49","52","80","4","36","38","57","73","52","98","1","2","6","21","18","20","31","0","3","5","17","21","16","24","3","10","15","21","29","12","18","1","15","6","19","27","15","21","0","4","3","2","8","7","6","0","3","3","3","1","7","5","331","105","84","33","16","4","3","1","50","123","16","21","4","3","2","1","2","13","122","25","21","17","11","2","4","2","8","32","11","7","0","0","0","0","0","2"
"s25","voters","832010","596","359","103","15","2","3","2","0","2","0","110","262","334","123","21","14","11","10","5","2","0","1","1","3","0","3","0","0","0","22","18","22","0","7","3","16","0","6","8","4","0","21","4","10","2","3","9","14","21","18","35","40","1","24","34","28","35","43","54","0","3","4","9","11","14","14","0","1","4","3","16","10","14","1","9","4","10","13","10","8","2","5","3","7","12","12","14","0","1","4","1","0","4","2","0","1","1","1","2","4","3","185","54","52","6","14","3","5","2","38","62","21","11","2","0","1","0","0","6","59","23","13","8","1","0","0","0","6","16","3","2","0","2","0","1","0","0"
"s25","voters","832200","1397","740","244","35","1","8","10","0","9","0","350","643","754","137","19","38","6","17","6","8","2","12","1","1","1","11","1","2","0","74","34","64","7","74","8","61","4","14","11","8","0","20","6","6","2","3","32","51","48","48","58","68","9","44","61","67","77","80","94","1","13","8","12","24","34","38","0","7","3","19","16","28","41","2","17","15","25","45","33","35","5","24","22","28","38","27","34","0","3","4","4","3","11","8","2","5","4","3","1","8","7","403","137","82","16","20","7","11","3","61","155","32","25","2","2","1","0","3","24","203","57","38","16","6","7","4","2","17","43","12","5","1","0","0","0","1","1"
"s25","voters","832400","1733","968","331","42","2","8","11","0","3","0","368","823","910","136","26","40","10","23","7","12","1","10","4","4","0","16","4","3","1","66","26","53","1","125","16","51","5","24","7","16","0","39","7","5","3","6","35","42","59","68","78","112","7","63","45","85","85","108","175","2","3","8","21","20","56","80","1","3","2","14","17","49","55","4","16","13","25","53","44","46","4","11","14","25","39","38","36","0","6","4","3","2","7","10","1","2","5","1","7","8","10","540","181","114","31","16","11","15","7","53","186","39","39","12","4","2","3","3","43","193","60","41","20","10","4","5","8","27","35","13","9","2","2","0","0","1","4"
"s25","voters","832500","1092","592","235","38","2","7","10","0","3","0","205","499","593","112","30","14","14","9","9","4","0","1","4","2","0","6","0","2","0","17","14","22","4","49","11","33","2","9","5","4","0","20","4","3","1","0","19","23","32","30","60","67","1","27","30","52","56","84","111","0","5","7","12","17","31","52","0","2","7","14","19","22","47","0","5","5","16","29","24","27","2","12","8","15","25","20","17","0","4","6","6","3","9","10","1","5","3","1","1","6","5","315","93","79","20","15","1","3","7","59","122","24","28","9","5","1","8","4","34","112","24","27","13","7","1","3","4","14","34","8","6","4","1","0","0","1","6"
"s25","voters","832600","1984","1120","380","54","6","4","5","0","5","0","410","938","1046","299","50","66","17","17","7","6","1","8","4","2","0","6","5","0","0","77","50","87","3","91","13","37","3","26","17","10","2","52","15","15","2","6","29","64","69","61","103","141","3","50","88","81","99","117","209","1","9","13","14","34","49","81","1","7","10","16","31","46","68","6","25","21","40","35","53","49","2","16","22","29","25","38","49","0","2","4","6","4","12","7","0","4","4","3","7","11","10","574","194","136","34","46","9","10","14","103","212","53","47","10","6","0","4","4","44","212","50","46","23","13","6","5","4","51","35","15","9","4","2","3","3","1","2"
"s25","voters","832620","1058","610","175","26","5","6","8","0","6","0","222","494","564","151","24","33","10","13","3","1","0","3","1","5","0","4","0","1","0","25","23","41","3","64","10","24","5","16","8","6","3","40","6","11","1","2","21","39","41","41","56","63","5","30","53","43","54","66","96","0","4","3","13","15","24","41","0","2","3","16","10","18","26","2","4","21","15","23","22","16","1","18","14","20","17","21","28","1","3","4","5","9","1","5","0","5","2","5","6","4","1","357","95","73","10","8","7","3","4","53","101","26","21","4","5","2","2","1","13","126","38","21","13","2","1","2","2","17","39","9","1","0","0","0","0","0","2"
"s25","voters","833010","1568","958","214","55","4","6","12","0","11","0","308","736","832","334","38","75","24","12","0","5","1","8","2","4","0","7","0","1","0","65","28","51","3","61","4","28","3","21","15","15","4","18","4","9","2","2","30","67","70","53","69","113","2","40","93","97","72","108","142","0","7","9","11","15","32","41","0","2","6","11","12","37","31","2","18","30","34","28","32","27","0","15","24","26","21","26","25","1","3","7","7","6","18","4","0","3","6","11","4","8","10","532","163","118","26","27","8","9","12","63","125","33","24","7","5","1","1","2","16","163","44","45","13","9","5","5","4","20","55","21","4","1","0","4","0","1","2"
"s25","voters","833200","1543","867","248","34","6","6","10","0","7","0","365","720","823","183","32","49","16","23","10","3","3","1","2","4","0","13","2","2","1","78","25","61","4","64","9","53","0","31","21","26","1","29","9","8","1","2","15","44","63","52","66","126","5","50","62","73","78","83","148","2","2","7","9","23","41","56","1","7","7","11","21","31","30","5","23","14","28","38","38","38","4","12","22","32","39","36","36","3","1","2","5","6","6","5","0","8","1","7","7","5","7","444","149","113","39","19","5","10","5","83","126","39","31","7","7","1","1","2","34","196","60","44","15","7","6","3","5","29","41","10","5","1","0","0","0","1","5"
"s25","voters","833300","1696","884","317","48","1","4","10","0","6","0","426","792","904","221","54","42","10","19","12","5","0","5","2","5","1","1","0","1","0","64","41","76","3","74","6","57","2","39","28","32","4","55","7","15","2","0","31","54","44","58","68","106","9","58","58","66","90","89","153","0","6","10","22","29","52","55","2","5","2","15","27","33","59","5","21","27","26","50","47","47","3","29","18","30","46","36","41","0","4","7","5","2","9","7","0","4","3","2","5","10","11","477","158","113","19","21","7","6","8","75","195","51","30","9","2","1","4","0","25","238","63","41","32","11","4","7","4","26","43","12","6","0","2","1","0","0","5"
"s25","voters","833400","1609","860","259","43","6","7","10","0","7","0","417","720","889","146","29","41","12","17","3","9","2","6","1","5","0","7","0","2","0","80","38","91","3","81","8","51","5","19","11","1","3","39","11","10","2","3","29","50","56","53","60","104","7","43","83","68","86","89","129","1","5","4","13","24","33","46","0","5","9","16","25","31","47","3","15","22","38","42","53","29","5","29","29","35","41","38","38","0","5","4","4","7","7","10","0","9","2","6","6","6","7","545","132","99","18","17","5","2","6","36","175","37","20","4","2","0","5","1","15","263","48","46","12","11","10","8","7","12","57","6","7","2","0","0","0","0","1"
"s25","voters","833410","1475","725","256","37","5","7","5","0","6","0","434","693","782","152","31","25","14","6","7","3","1","1","5","6","0","7","4","6","0","90","53","155","8","99","19","69","6","31","16","15","4","27","5","7","2","1","30","44","38","51","51","82","0","55","54","50","82","67","120","2","12","8","10","19","46","37","1","0","6","11","21","37","46","8","26","18","20","68","53","30","5","23","9","31","69","40","34","0","2","6","6","6","12","7","0","2","2","4","6","3","4","371","125","101","26","13","7","5","5","72","141","37","41","5","6","0","1","1","24","245","68","44","29","17","6","6","3","16","35","11","8","1","1","1","1","0","2"
"s25","voters","833710","925","519","165","19","2","3","5","0","4","0","208","442","483","131","24","30","4","0","2","3","1","5","2","0","0","3","1","2","0","38","25","52","1","49","9","24","0","15","3","5","4","24","4","7","0","2","16","28","25","37","47","67","4","31","46","26","58","51","81","0","5","3","10","16","23","37","0","4","2","3","13","17","32","2","10","13","7","31","25","21","2","9","8","17","31","20","12","0","0","3","2","3","6","3","0","2","2","3","3","5","1","292","87","67","12","12","2","4","2","41","96","27","20","4","3","0","0","3","12","113","39","20","9","4","1","1","6","15","18","6","5","1","0","0","0","1","2"
"s25","voters","834020","2","1","0","0","0","0","0","0","0","0","1","0","2","1","0","0","0","0","0","0","0","0","0","0","0","0","0","0","0","0","0","0","0","0","0","0","0","0","0","0","0","0","0","0","0","0","0","0","0","0","0","0","0","0","0","0","0","1","0","0","0","0","0","0","0","0","0","0","0","0","0","0","0","0","0","0","0","0","0","0","0","0","0","1","0","0","0","0","0","0","0","0","0","0","0","0","0","0","0","0","0","1","0","0","0","0","0","0","0","0","0","0","0","0","0","0","0","0","0","1","0","0","0","0","0","0","0","0","0","0","0","0","0","0","0","0","0"
"s25","voters","834200","1886","1129","327","43","7","6","14","0","8","0","352","879","1007","194","28","44","11","35","10","6","2","3","4","2","0","9","4","3","1","37","23","42","1","55","6","36","0","8","4","3","0","16","9","8","2","5","28","50","68","74","101","138","5","44","59","92","127","127","211","2","10","8","11","34","47","64","0","5","6","9","24","41","66","2","13","25","33","41","37","47","5","17","10","29","26","29","38","0","6","8","5","2","7","13","0","2","3","5","8","7","12","607","198","140","28","24","3","14","14","101","167","33","46","20","5","2","3","4","47","183","52","40","22","10","9","5","2","29","56","9","5","0","3","3","1","0","1"
"s25","voters","834600","1205","688","206","48","3","6","4","0","3","0","247","553","652","100","20","17","6","28","12","16","2","6","0","0","0","16","1","3","1","45","24","25","2","56","7","26","3","9","4","1","3","11","2","4","2","1","17","16","35","29","50","128","3","35","22","47","52","68","185","0","3","2","8","7","26","58","0","3","3","8","16","26","46","3","11","8","18","28","31","39","1","8","8","16","25","20","31","1","2","2","2","3","9","16","0","4","3","7","3","6","6","362","126","77","26","15","2","5","7","68","124","29","17","5","8","4","0","4","15","131","28","36","12","4","5","6","5","20","41","12","7","0","1","0","0","0","3"
"s25","voters","834700","842","491","117","12","1","3","2","0","3","0","213","409","433","55","18","18","2","11","5","4","0","3","2","3","0","15","1","1","0","40","17","26","2","109","11","48","4","14","2","9","1","15","2","3","0","1","26","23","16","35","37","63","3","31","37","29","65","50","75","0","2","4","4","21","19","24","0","2","1","5","6","11","18","0","9","7","20","29","31","25","2","10","8","14","17","20","21","1","1","1","2","1","2","5","0","2","0","0","1","2","3","268","87","70","15","15","1","1","4","30","57","20","17","3","1","1","1","0","17","113","28","31","14","4","2","1","2","18","16","3","1","0","0","0","0","0","1"
"s25","voters","835020","835","462","128","28","0","2","5","0","3","0","207","389","446","74","12","19","6","19","3","5","1","3","2","1","0","6","0","1","0","21","12","34","2","38","10","33","1","15","2","3","2","18","4","6","1","0","15","28","29","31","37","60","4","23","32","42","48","47","66","1","4","3","4","15","15","29","0","1","4","5","12","19","16","3","7","13","14","29","12","26","0","11","7","17","24","22","22","0","0","3","2","2","3","4","2","1","6","2","4","3","6","265","79","48","12","12","4","5","6","31","74","19","16","3","3","2","3","0","8","125","30","21","12","8","2","2","0","7","27","8","2","1","0","0","0","0","0"
"s25","voters","835200","364","226","40","10","0","2","3","0","1","0","82","174","190","49","4","7","2","5","2","0","0","2","0","0","0","4","1","1","0","4","4","10","1","25","3","15","0","2","0","1","0","15","2","4","0","0","8","25","13","11","18","29","1","15","26","15","18","14","33","0","0","4","0","8","6","6","1","0","1","1","2","3","8","0","3","8","5","9","7","8","1","5","3","9","10","8","6","0","2","0","0","2","0","2","0","0","1","3","0","2","4","147","31","23","3","8","3","0","4","7","26","3","5","0","1","0","1","0","4","52","13","8","1","2","0","1","1","4","12","1","2","0","1","0","0","0","0"
"s25","voters","835310","1228","709","145","42","2","4","6","0","6","0","314","569","659","121","20","38","5","21","5","6","2","19","1","7","0","15","1","0","2","73","33","72","4","46","10","33","1","17","6","9","0","18","5","19","3","1","14","81","61","40","38","54","1","32","117","70","63","52","85","0","2","12","16","17","20","19","0","1","9","10","11","5","23","0","11","24","37","25","26","36","0","13","24","31","24","25","38","0","2","6","4","10","7","6","1","1","5","3","4","3","8","503","101","56","17","10","3","0","2","17","111","19","10","1","1","0","0","0","3","223","41","24","9","3","3","1","1","9","44","7","6","1","1","0","0","1","0"
"s25","voters","835500","317","189","47","6","1","1","4","0","3","0","66","152","165","25","10","6","5","7","1","2","0","4","3","3","0","3","0","0","0","13","3","2","0","12","0","8","2","2","1","2","0","18","4","2","0","1","6","10","13","23","9","19","3","8","16","17","22","9","33","1","2","2","1","4","5","10","0","0","1","1","6","2","12","0","6","3","5","14","6","3","0","2","6","3","12","4","2","0","0","3","4","1","0","1","0","0","3","2","0","0","1","124","21","19","3","4","2","1","0","15","27","6","5","3","1","1","0","1","3","34","13","7","6","1","3","0","0","2","8","5","1","1","0","0","0","0","0"
"s25","voters","835710","1497","862","221","29","5","7","9","0","9","0","355","702","795","106","24","22","7","13","6","5","0","13","2","9","1","11","1","0","1","118","45","82","6","97","12","55","3","26","16","5","0","45","13","9","5","2","22","69","53","64","57","89","4","44","95","72","75","96","120","1","10","8","2","29","33","38","1","5","5","9","19","25","36","2","11","32","25","49","39","41","2","15","12","27","30","40","30","0","2","6","4","4","2","8","1","6","5","5","2","8","6","528","135","88","18","26","5","10","6","46","126","36","19","6","3","1","3","2","25","224","44","29","20","5","3","7","2","21","43","7","4","1","0","0","0","0","4"
"s25","voters","835830","662","399","87","19","1","4","2","0","2","0","148","310","352","68","16","14","3","10","1","2","0","9","3","3","0","4","0","2","0","22","15","24","1","41","2","16","2","3","2","8","1","20","9","5","0","0","13","36","27","24","27","39","2","14","63","38","41","36","39","0","2","4","6","7","11","15","0","0","7","8","6","6","15","0","5","19","22","15","13","14","0","5","12","8","14","12","9","0","0","1","2","2","5","1","0","3","4","3","1","4","2","280","49","36","9","5","4","2","0","14","56","7","10","2","0","0","2","1","9","103","23","15","1","1","0","1","2","2","22","3","3","0","0","0","0","0","0"
"s25","voters","836010","2313","1060","342","28","4","9","2","0","3","0","865","1112","1201","45","10","16","0","14","5","1","1","17","8","13","1","16","2","3","0","272","126","410","13","219","20","160","9","11","6","10","1","12","0","2","0","0","49","64","35","85","83","130","2","71","87","74","87","118","175","0","4","8","15","20","39","95","0","3","2","11","29","43","73","7","43","23","30","93","137","133","7","27","21","38","100","113","93","0","1","1","2","2","5","8","0","2","5","2","2","3","13","551","181","155","33","30","8","10","9","83","198","48","32","3","7","5","2","2","45","428","134","110","43","24","18","18","8","82","20","11","6","0","3","2","2","0","2"
"s25","voters","836500","2132","978","328","34","2","9","9","0","6","0","766","1021","1111","49","13","10","4","25","8","0","6","27","5","8","1","19","4","5","2","198","138","365","12","142","15","103","7","27","10","12","0","15","7","2","1","3","54","40","35","84","67","138","3","70","66","54","89","98","177","0","8","7","12","24","66","61","0","8","2","9","25","47","59","5","32","33","19","102","130","70","12","36","18","27","120","95","67","0","6","2","3","6","5","9","0","1","4","3","9","5","7","503","199","122","26","24","8","9","10","77","191","50","38","3","1","3","2","9","31","398","150","96","40","19","13","8","8","34","31","16","6","0","2","1","1","0","3"
"s25","voters","837100","967","514","128","12","0","3","1","0","2","0","307","449","518","32","4","4","3","12","2","2","0","12","2","9","0","4","4","1","0","108","57","115","4","75","2","54","1","8","5","8","1","4","4","3","1","1","16","26","21","36","35","67","1","32","23","30","48","51","127","0","6","3","3","12","18","21","0","1","3","2","11","27","21","5","16","7","14","45","60","32","0","12","8","15","33","34","26","0","0","0","2","0","1","2","0","3","0","0","2","6","2","288","69","79","13","14","4","1","5","41","67","23","14","2","2","1","0","2","17","153","48","43","13","11","6","5","6","22","12","5","0","1","0","0","0","0","0"
"s25","voters","837300","1222","594","177","19","2","7","2","0","2","0","419","596","626","32","4","7","0","10","4","2","2","4","1","2","1","10","0","2","1","107","78","183","7","124","14","63","5","29","12","11","3","8","0","0","0","2","33","35","19","47","49","73","8","41","32","29","67","60","99","0","6","10","5","14","25","37","0","1","3","6","10","25","35","2","13","16","15","60","71","48","1","15","10","22","49","65","32","0","3","2","1","1","6","3","0","0","3","0","1","5","7","311","105","87","10","16","6","9","2","48","101","24","17","4","5","1","3","1","21","231","66","49","26","7","4","2","4","30","19","6","1","0","0","1","0","0","5"
"s25","voters","837600","2693","1272","444","46","1","8","5","0","9","0","908","1314","1379","56","11","26","2","21","9","7","1","14","5","11","0","22","3","5","0","273","134","365","15","323","40","187","13","44","26","21","6","14","9","8","0","4","46","69","53","103","92","211","11","82","82","57","116","140","206","2","5","15","8","39","69","99","0","4","8","13","37","56","89","5","41","42","37","97","108","141","4","36","28","35","100","137","97","0","2","5","1","4","6","10","0","10","2","1","6","8","14","657","246","167","41","30","12","9","7","103","251","66","45","13","9","2","2","3","53","476","131","119","40","30","13","9","12","78","39","14","7","2","1","2","0","0","4"
"s25","voters","837700","1195","601","179","23","1","2","6","0","3","0","380","597","598","15","4","1","2","7","0","3","0","12","3","6","0","10","1","0","0","79","66","122","7","185","20","93","1","29","12","12","3","4","1","1","0","2","23","28","31","36","44","122","2","30","38","28","49","63","105","0","2","3","6","13","28","39","0","0","0","4","16","33","35","6","13","16","8","46","52","61","3","13","13","17","55","44","33","0","1","4","1","0","2","10","0","1","2","1","1","5","7","301","118","89","18","16","7","5","5","42","102","19","18","1","2","4","1","3","29","191","57","51","26","6","5","5","7","32","24","9","1","1","0","0","0","0","0"
"s25","voters","838000","1051","468","243","36","0","8","4","0","3","0","289","522","529","8","9","4","3","9","5","8","0","4","1","4","2","8","3","3","0","86","91","93","8","83","21","46","4","40","27","22","7","9","7","2","5","1","18","23","12","34","42","71","3","27","28","25","32","44","108","0","3","13","5","17","24","71","1","0","5","3","13","30","58","2","12","12","14","19","40","64","0","8","6","8","29","33","42","0","2","1","3","2","7","10","1","0","3","2","3","5","12","258","84","58","15","7","5","3","3","35","124","34","32","11","6","1","0","3","32","168","29","39","15","10","4","5","3","16","30","5","7","1","2","0","2","1","3"
"s25","voters","838120","665","332","90","10","0","3","1","0","1","0","228","328","337","2","1","3","1","5","0","0","0","4","4","2","0","4","0","3","0","62","46","83","3","152","7","66","3","8","4","2","1","2","2","1","0","0","4","25","11","16","27","61","1","17","25","11","30","41","63","0","0","2","3","5","11","29","0","0","1","2","5","16","16","1","7","6","6","18","27","63","1","4","7","5","13","27","43","0","0","0","0","1","0","5","1","0","0","1","0","3","4","170","71","50","10","5","1","5","1","19","53","16","9","3","0","0","2","0","7","133","23","21","8","4","4","2","6","27","7","1","4","0","2","0","0","0","1"
"s25","voters","838700","2231","1058","402","60","1","9","7","0","9","1","684","1066","1165","95","29","35","4","11","4","6","3","16","5","14","0","17","2","5","0","147","81","187","13","175","40","148","10","44","33","25","3","29","12","14","5","8","46","57","39","84","93","129","8","64","69","68","110","102","181","2","13","5","11","37","63","86","0","2","12","12","36","47","76","3","34","22","34","102","84","69","1","31","24","47","112","61","60","0","4","6","3","8","9","15","0","4","2","4","7","6","19","577","213","123","27","16","5","6","10","81","230","46","55","7","9","2","5","1","47","347","120","64","45","25","8","13","10","52","47","17","10","0","1","0","1","2","9"
"s25","voters","839040","1080","581","142","16","2","2","3","0","2","0","332","513","567","70","9","14","6","6","4","3","1","9","6","6","0","8","1","2","0","116","47","119","2","85","12","48","1","20","7","6","0","18","2","7","0","3","19","73","43","39","26","43","3","34","95","69","43","27","64","0","4","10","15","14","14","25","0","0","8","7","11","16","18","0","9","29","41","26","28","36","1","6","32","38","33","32","21","0","0","4","4","3","3","2","0","1","0","3","1","3","1","452","76","30","4","4","2","1","0","12","106","18","10","0","0","0","0","2","6","242","49","20","4","6","1","3","2","5","20","4","1","0","0","0","0","0","0"
"s25","voters","839100","509","241","85","8","0","0","2","0","4","0","169","234","275","22","2","0","0","1","1","1","0","6","6","4","0","1","0","0","0","60","36","78","1","27","4","21","0","8","0","5","0","13","1","0","1","1","4","15","8","19","22","27","1","13","26","12","29","29","35","1","3","2","1","8","11","16","1","0","1","4","17","13","7","0","4","7","6","29","24","19","0","7","1","8","26","18","20","0","0","1","0","3","1","2","0","2","0","0","0","3","2","168","37","23","2","4","2","0","3","2","57","15","7","2","2","0","1","1","0","115","26","15","4","2","3","1","0","3","12","1","0","1","0","0","0","0","0"
"s25","voters","839220","0","0","0","0","0","0","0","0","0","0","0","0","0","0","0","0","0","0","0","0","0","0","0","0","0","0","0","0","0","0","0","0","0","0","0","0","0","0","0","0","0","0","0","0","0","0","0","0","0","0","0","0","0","0","0","0","0","0","0","0","0","0","0","0","0","0","0","0","0","0","0","0","0","0","0","0","0","0","0","0","0","0","0","0","0","0","0","0","0","0","0","0","0","0","0","0","0","0","0","0","0","0","0","0","0","0","0","0","0","0","0","0","0","0","0","0","0","0","0","0","0","0","0","0","0","0","0","0","0","0","0","0","0","0","0","0","0"
"s25","voters","839240","560","269","79","16","0","1","2","0","1","0","192","265","295","12","6","7","0","5","2","5","2","8","1","5","0","11","1","2","0","46","16","94","4","39","5","28","3","2","1","6","0","2","2","2","0","0","3","19","12","12","23","49","1","11","23","13","18","28","57","0","1","3","2","7","6","22","0","0","3","3","8","6","18","1","6","9","5","11","36","32","3","5","4","4","20","31","25","0","0","1","0","1","1","3","0","1","2","1","0","2","8","130","48","32","9","8","1","2","4","35","39","11","11","4","1","2","0","0","11","108","28","18","12","6","2","2","0","16","15","1","1","1","2","0","0","0","0"
"s25","voters","839300","13","4","6","0","0","0","0","0","0","0","3","6","7","1","0","0","0","0","0","0","0","0","0","1","0","0","0","0","0","0","0","0","0","0","0","0","0","0","1","1","0","0","0","0","0","0","0","0","0","0","0","1","0","0","1","0","0","1","1","0","0","0","0","0","2","2","0","0","0","0","0","0","2","0","0","0","0","0","1","0","0","0","0","0","0","2","0","0","0","0","0","0","0","0","0","0","0","0","0","0","0","4","0","0","0","0","0","0","0","0","3","0","3","0","0","0","0","0","0","0","3","0","0","0","0","0","0","0","0","0","0","0","0","0","0","0","0"
"s25","voters","850330","1957","1154","328","55","3","1","6","0","10","0","400","897","1060","226","39","39","12","19","11","5","5","20","10","7","1","2","6","2","0","119","54","112","7","84","24","31","3","45","18","9","4","73","18","16","2","3","27","69","94","66","86","127","3","46","111","134","105","120","163","0","7","12","28","38","41","54","0","2","8","24","27","41","46","1","12","25","34","47","39","43","3","10","17","35","35","46","53","0","0","3","8","9","11","13","1","3","5","3","2","5","12","612","232","141","42","29","4","18","7","69","187","48","45","7","9","0","1","2","29","233","50","54","10","12","3","3","6","29","44","9","14","3","2","0","0","1","2"
"s25","voters","850500","2234","1296","395","77","8","9","13","0","8","1","427","1025","1209","406","75","95","32","32","4","2","2","5","1","4","0","17","4","3","2","60","38","46","4","97","24","42","4","36","27","17","3","64","14","22","5","1","36","75","100","71","101","148","5","73","100","114","119","133","220","1","6","16","25","29","57","72","0","6","15","25","23","57","63","3","25","31","35","49","40","40","5","29","30","21","38","34","47","0","4","6","11","11","15","17","0","11","5","12","5","6","13","704","240","153","42","27","8","14","8","100","240","47","46","15","5","2","2","1","37","230","57","60","24","22","3","2","6","23","77","24","6","1","1","0","2","1","4"
"s25","voters","850800","985","600","116","21","0","3","6","0","4","0","235","460","525","174","19","35","8","5","0","0","0","5","0","0","1","3","1","0","1","70","23","78","0","70","11","27","0","23","9","10","0","5","4","9","1","1","14","58","65","40","37","35","2","46","84","80","54","34","50","0","4","3","16","12","20","9","0","4","6","9","11","9","13","3","5","22","36","23","22","19","0","10","18","20","17","21","19","1","1","2","2","5","3","2","0","3","2","1","6","5","1","383","103","75","11","3","4","0","2","19","85","11","13","2","1","0","0","1","3","156","33","35","5","2","0","1","0","3","19","7","4","2","0","1","0","1","0"
"s25","voters","851000","2068","1247","362","60","5","7","11","0","6","0","370","955","1113","377","71","74","18","17","4","3","5","1","0","3","0","13","3","2","2","52","29","51","7","81","12","25","3","30","19","17","4","54","6","12","2","2","34","73","63","77","109","158","4","53","90","114","107","146","217","1","5","12","19","33","52","68","0","5","9","24","35","46","53","5","18","25","37","33","39","49","4","9","25","24","29","29","44","0","4","1","5","10","10","13","0","10","2","7","6","7","14","646","201","149","43","38","10","18","14","128","216","40","44","5","19","2","2","5","29","198","57","40","33","8","1","4","4","25","57","14","7","2","0","0","0","2","7"
"s25","voters","851520","2533","1467","494","71","4","6","10","0","12","0","469","1161","1372","396","69","92","17","36","19","12","5","10","3","2","0","17","1","3","1","97","36","79","5","73","15","29","8","29","8","12","1","53","18","10","2","1","36","65","98","95","102","203","4","51","113","133","115","149","302","1","9","15","33","33","66","99","2","7","15","18","29","65","102","2","16","33","38","40","48","76","3","15","22","37","29","41","69","0","2","9","5","11","10","15","1","4","6","5","7","10","18","782","225","181","48","44","6","11","15","155","269","68","64","16","8","3","9","8","49","231","65","52","39","13","8","7","6","48","70","18","6","1","3","0","1","1","3"
"s25","voters","852010","2401","1501","368","80","3","6","13","0","6","0","424","1092","1309","607","95","120","33","15","6","6","1","5","3","3","0","20","2","0","0","77","23","45","3","61","8","20","1","37","8","14","1","74","22","27","5","5","41","93","90","92","119","174","3","83","153","141","130","153","224","1","7","18","27","39","39","63","0","9","5","16","21","46","77","4","25","29","47","31","42","54","6","25","29","32","24","45","31","0","2","6","7","12","10","15","0","4","8","8","11","11","14","837","234","180","45","31","13","9","14","138","206","61","40","9","6","0","2","3","41","245","58","55","24","10","1","4","5","22","68","20","12","1","3","0","0","1","3"
"s25","voters","866800","341","161","85","13","0","2","6","0","1","0","73","158","183","14","4","7","2","5","4","2","0","0","0","0","0","7","0","0","0","5","1","2","0","5","2","0","0","0","1","1","0","3","1","2","1","0","4","2","6","7","9","37","0","10","7","10","11","20","38","1","1","2","4","6","7","21","0","1","2","5","3","8","24","0","2","4","5","8","8","12","1","4","2","7","8","7","5","0","0","0","3","1","2","6","0","1","1","2","0","3","3","84","29","20","3","3","0","1","2","19","46","10","10","2","2","0","1","0","14","43","9","9","4","2","1","1","0","4","16","1","3","1","0","0","0","0","1"
"s25","voters","866830","66","19","32","0","0","0","0","0","1","0","14","34","32","2","0","0","0","1","0","0","0","0","0","0","0","0","0","0","0","0","0","0","0","5","3","2","0","0","0","0","0","0","0","0","0","0","1","1","1","0","3","1","0","2","1","2","1","3","3","1","0","1","4","3","3","8","0","1","0","2","0","2","7","0","0","2","1","0","2","2","0","0","0","2","2","0","3","0","0","0","0","0","0","0","0","1","0","0","0","0","0","10","8","1","0","0","0","0","0","0","22","3","4","0","0","0","2","1","0","9","1","1","1","0","0","0","0","2","1","0","0","0","0","0","0","0","0"
"s25","voters","866910","15","4","9","1","0","0","0","0","0","0","1","7","8","0","0","0","0","0","0","0","0","0","0","0","0","0","0","0","0","0","0","0","0","0","0","0","0","0","0","0","0","0","0","0","0","0","0","0","0","0","0","1","0","0","0","0","1","2","0","0","0","0","1","0","1","2","0","1","0","1","1","1","1","0","0","0","1","0","0","0","0","0","0","0","0","0","0","0","0","0","0","0","0","1","0","0","0","0","0","0","0","1","2","0","0","0","0","0","0","1","4","1","3","0","0","0","1","0","0","1","0","0","0","0","0","0","0","0","0","0","0","1","0","0","0","0","0"
"s25","voters","867110","13","2","8","1","0","0","0","0","0","0","2","5","8","0","0","0","0","0","4","0","1","0","0","0","0","0","0","0","0","0","0","1","0","0","0","0","0","0","0","0","0","0","0","0","0","0","0","0","0","0","0","0","0","0","0","0","0","0","2","0","1","0","0","0","1","1","0","0","0","0","1","2","2","0","0","0","0","0","0","1","0","1","0","0","0","0","0","0","0","0","0","0","1","0","0","0","0","0","0","0","0","0","1","1","0","0","0","0","0","0","4","2","1","0","0","0","0","0","1","2","0","0","0","0","0","0","0","0","0","1","0","0","0","0","0","0","0"
"s25","voters","867200","50","21","18","4","0","1","0","0","0","0","6","19","31","3","4","0","2","0","0","0","0","0","0","0","0","0","0","0","0","0","0","1","0","0","0","1","0","0","0","0","0","0","0","0","0","0","0","1","0","1","2","3","0","3","3","0","0","1","7","0","1","0","1","0","1","3","0","0","1","1","0","4","6","0","0","0","0","1","1","1","0","0","0","1","0","1","1","0","0","1","1","0","1","0","0","1","0","0","1","0","0","9","6","5","0","0","0","0","0","1","8","5","2","0","0","0","0","1","2","4","2","0","0","0","0","0","0","0","4","0","0","0","0","0","0","0","1"
"s25","voters","867310","2","2","0","0","0","0","0","0","0","0","0","1","1","0","0","0","0","0","0","0","0","0","0","0","0","0","0","0","0","0","0","0","0","0","0","0","0","0","0","0","0","0","0","0","0","0","0","0","0","0","0","1","0","0","0","0","0","1","0","0","0","0","0","0","0","0","0","0","0","0","0","0","0","0","0","0","0","0","0","0","0","0","0","0","0","0","0","0","0","0","0","0","0","0","0","0","0","0","0","0","0","0","2","0","0","0","0","0","0","0","0","0","0","0","0","0","0","0","0","0","0","0","0","0","0","0","0","0","0","0","0","0","0","0","0","0","0"
"s25","voters","870010","296","111","108","14","0","0","1","0","0","0","62","142","154","10","7","4","1","5","4","3","0","2","1","1","0","0","0","0","0","9","3","5","1","13","2","6","2","0","0","1","0","1","1","1","0","0","2","4","3","9","8","15","0","8","4","5","15","12","26","0","2","1","5","6","17","29","0","1","2","2","5","18","20","1","2","0","1","12","6","12","1","2","0","4","4","5","12","0","2","0","0","1","2","2","0","1","1","1","0","1","4","62","20","10","8","1","0","0","1","9","54","16","9","4","1","0","0","5","19","35","10","8","2","1","1","1","0","4","10","4","0","1","0","0","0","0","0"
"s25","voters","870100","163","61","56","4","0","1","2","0","1","0","38","72","91","5","4","0","0","2","0","1","0","0","0","0","0","0","0","0","0","2","1","7","0","3","1","1","0","0","0","0","0","1","0","0","0","0","4","3","0","2","9","7","1","7","1","5","2","9","11","0","0","3","0","3","7","12","0","2","4","0","2","12","11","0","3","1","0","3","3","4","0","4","0","3","8","4","5","0","0","1","1","0","3","3","0","0","0","0","0","0","0","42","7","5","2","0","0","0","0","5","31","6","3","0","0","0","2","1","13","19","3","3","2","2","0","0","1","8","4","3","0","0","0","0","0","1","0"
"s25","voters","880220","18","10","6","0","0","0","0","0","1","0","1","6","12","4","0","1","0","0","0","0","0","0","0","0","0","0","0","0","0","0","0","0","0","1","2","0","0","0","0","0","0","0","1","0","0","0","0","0","0","0","0","2","0","1","2","0","1","2","2","0","0","0","0","1","1","1","0","0","0","0","1","1","1","0","0","0","0","0","0","0","0","0","1","0","0","0","0","0","0","0","0","0","1","0","0","0","0","0","0","0","0","8","1","0","0","0","0","0","1","0","2","0","2","0","0","0","1","1","0","1","0","0","0","0","0","0","0","0","0","1","0","0","0","0","0","0","0"
